2026-01-31 17:25:10,495 - __main__ - INFO - 🚀 DÉBUT SCRAPING COMPLET - 10 RÉGIONS
2026-01-31 17:25:10,495 - __main__ - INFO - 
============================================================
2026-01-31 17:25:10,495 - __main__ - INFO - 🎯 DÉBUT RÉGION: La Marsa
2026-01-31 17:25:10,495 - __main__ - INFO - ============================================================
2026-01-31 17:25:10,500 - __main__ - INFO - 🚀 DÉBUT SCRAPING RÉGION: La Marsa
2026-01-31 17:25:10,500 - __main__ - INFO - Détection pour: https://www.mubawab.tn/fr/st/la-marsa/appartements-a-vendre
2026-01-31 17:25:14,614 - __main__ - INFO - ✅ Détecté: 938 annonces au total
2026-01-31 17:25:14,682 - __main__ - INFO - 📊 Estimation: 27 pages à 35 annonces/page
2026-01-31 17:25:14,683 - __main__ - INFO - 📊 La Marsa: 938 annonces détectées
2026-01-31 17:25:14,684 - __main__ - INFO - 📄 Objectif: 938 annonces sur 27/27 pages
2026-01-31 17:25:14,684 - __main__ - INFO - 📈 Estimation: 35 annonces par page
2026-01-31 17:25:14,686 - __main__ - INFO - 📄 SCRAPING PAGE 1: https://www.mubawab.tn/fr/st/la-marsa/appartements-a-vendre
2026-01-31 17:25:17,813 - __main__ - INFO - Total cartes uniques trouvées: 68
2026-01-31 17:25:17,813 - __main__ - INFO - Page 1: 68 cartes trouvées
2026-01-31 17:25:18,410 - __main__ - INFO - ✅ PAGE 1: 33 annonces valides, 35 invalides
2026-01-31 17:25:18,487 - __main__ - INFO - ✅ Page 1: 33 annonces trouvées
2026-01-31 17:25:18,488 - __main__ - INFO - 🔍 Extraction des détails pour 33 annonces...
2026-01-31 17:25:35,492 - __main__ - INFO -   📊 Détails: 5/33 (15%)
2026-01-31 17:25:52,405 - __main__ - INFO -   📊 Détails: 10/33 (30%)
2026-01-31 17:26:08,683 - __main__ - INFO -   📊 Détails: 15/33 (45%)
2026-01-31 17:26:24,117 - __main__ - INFO -   📊 Détails: 20/33 (61%)
2026-01-31 17:26:39,725 - __main__ - INFO -   📊 Détails: 25/33 (76%)
2026-01-31 17:26:54,505 - __main__ - INFO -   📊 Détails: 30/33 (91%)
2026-01-31 17:27:03,810 - __main__ - INFO -   📊 Détails: 33/33 (100%)
2026-01-31 17:27:04,113 - __main__ - INFO - 📈 La Marsa: 33/938 annonces accumulées
2026-01-31 17:27:04,113 - __main__ - INFO - ⏳ Pause de 2s avant page 2...
2026-01-31 17:27:06,115 - __main__ - INFO - 📄 SCRAPING PAGE 2: https://www.mubawab.tn/fr/st/la-marsa/appartements-a-vendre:p:2
2026-01-31 17:27:08,741 - __main__ - INFO - Total cartes uniques trouvées: 68
2026-01-31 17:27:08,741 - __main__ - INFO - Page 2: 68 cartes trouvées
2026-01-31 17:27:09,318 - __main__ - INFO - ✅ PAGE 2: 33 annonces valides, 35 invalides
2026-01-31 17:27:09,392 - __main__ - INFO - ✅ Page 2: 33 annonces trouvées
2026-01-31 17:27:09,392 - __main__ - INFO - 🔍 Extraction des détails pour 33 annonces...
2026-01-31 17:27:25,208 - __main__ - INFO -   📊 Détails: 5/33 (15%)
2026-01-31 17:27:40,485 - __main__ - INFO -   📊 Détails: 10/33 (30%)
2026-01-31 17:27:56,572 - __main__ - INFO -   📊 Détails: 15/33 (45%)
2026-01-31 17:28:14,448 - __main__ - INFO -   📊 Détails: 20/33 (61%)
2026-01-31 17:28:36,757 - __main__ - INFO -   📊 Détails: 25/33 (76%)
2026-01-31 17:28:52,752 - __main__ - INFO -   📊 Détails: 30/33 (91%)
2026-01-31 17:29:01,946 - __main__ - INFO -   📊 Détails: 33/33 (100%)
2026-01-31 17:29:02,251 - __main__ - INFO - 📈 La Marsa: 66/938 annonces accumulées
2026-01-31 17:29:02,251 - __main__ - INFO - ⏳ Pause de 2s avant page 3...
2026-01-31 17:29:04,344 - __main__ - INFO - 📄 SCRAPING PAGE 3: https://www.mubawab.tn/fr/st/la-marsa/appartements-a-vendre:p:3
2026-01-31 17:29:07,537 - __main__ - INFO - Total cartes uniques trouvées: 69
2026-01-31 17:29:07,537 - __main__ - INFO - Page 3: 69 cartes trouvées
2026-01-31 17:29:08,139 - __main__ - INFO - ✅ PAGE 3: 34 annonces valides, 35 invalides
2026-01-31 17:29:08,224 - __main__ - INFO - ✅ Page 3: 34 annonces trouvées
2026-01-31 17:29:08,226 - __main__ - INFO - 🔍 Extraction des détails pour 34 annonces...
2026-01-31 17:29:24,584 - __main__ - INFO -   📊 Détails: 5/34 (15%)
2026-01-31 17:29:43,092 - __main__ - INFO -   📊 Détails: 10/34 (29%)
2026-01-31 17:30:18,186 - __main__ - INFO -   📊 Détails: 15/34 (44%)
2026-01-31 17:31:40,816 - __main__ - INFO -   📊 Détails: 20/34 (59%)
2026-01-31 17:32:10,011 - __main__ - INFO -   📊 Détails: 25/34 (74%)
2026-01-31 17:32:34,306 - __main__ - INFO -   📊 Détails: 30/34 (88%)
2026-01-31 17:33:28,947 - __main__ - INFO -   📊 Détails: 34/34 (100%)
2026-01-31 17:33:29,250 - __main__ - INFO - 📈 La Marsa: 100/938 annonces accumulées
2026-01-31 17:33:29,250 - __main__ - INFO - ⏳ Pause de 2s avant page 4...
2026-01-31 17:33:31,251 - __main__ - INFO - 📄 SCRAPING PAGE 4: https://www.mubawab.tn/fr/st/la-marsa/appartements-a-vendre:p:4
2026-01-31 17:33:35,769 - __main__ - INFO - Total cartes uniques trouvées: 68
2026-01-31 17:33:35,769 - __main__ - INFO - Page 4: 68 cartes trouvées
2026-01-31 17:33:36,413 - __main__ - INFO - ✅ PAGE 4: 32 annonces valides, 36 invalides
2026-01-31 17:33:36,500 - __main__ - INFO - ✅ Page 4: 32 annonces trouvées
2026-01-31 17:33:36,501 - __main__ - INFO - 🔍 Extraction des détails pour 32 annonces...
2026-01-31 17:34:15,211 - __main__ - INFO -   📊 Détails: 5/32 (16%)
2026-01-31 17:34:51,324 - __main__ - INFO -   📊 Détails: 10/32 (31%)
2026-01-31 17:35:25,299 - __main__ - INFO -   📊 Détails: 15/32 (47%)
2026-01-31 17:35:46,485 - __main__ - INFO -   📊 Détails: 20/32 (62%)
2026-01-31 17:36:09,338 - __main__ - INFO -   📊 Détails: 25/32 (78%)
2026-01-31 17:36:28,334 - __main__ - INFO -   📊 Détails: 30/32 (94%)
2026-01-31 17:36:35,061 - __main__ - INFO -   📊 Détails: 32/32 (100%)
2026-01-31 17:36:35,363 - __main__ - INFO - 📈 La Marsa: 132/938 annonces accumulées
2026-01-31 17:36:35,363 - __main__ - INFO - ⏳ Pause de 4s avant page 5...
2026-01-31 17:36:39,387 - __main__ - INFO - 📄 SCRAPING PAGE 5: https://www.mubawab.tn/fr/st/la-marsa/appartements-a-vendre:p:5
2026-01-31 17:36:46,155 - __main__ - INFO - Total cartes uniques trouvées: 68
2026-01-31 17:36:46,155 - __main__ - INFO - Page 5: 68 cartes trouvées
2026-01-31 17:36:46,838 - __main__ - INFO - ✅ PAGE 5: 33 annonces valides, 35 invalides
2026-01-31 17:36:46,940 - __main__ - INFO - ✅ Page 5: 33 annonces trouvées
2026-01-31 17:36:46,940 - __main__ - INFO - 🔍 Extraction des détails pour 33 annonces...
2026-01-31 17:37:20,266 - __main__ - INFO -   📊 Détails: 5/33 (15%)
2026-01-31 17:37:47,436 - __main__ - INFO -   📊 Détails: 10/33 (30%)
2026-01-31 17:38:13,669 - __main__ - INFO -   📊 Détails: 15/33 (45%)
2026-01-31 17:38:47,779 - __main__ - INFO -   📊 Détails: 20/33 (61%)
2026-01-31 17:39:13,398 - __main__ - INFO -   📊 Détails: 25/33 (76%)
2026-01-31 17:39:39,767 - __main__ - INFO -   📊 Détails: 30/33 (91%)
2026-01-31 17:40:13,710 - __main__ - INFO -   📊 Détails: 33/33 (100%)
2026-01-31 17:40:14,012 - __main__ - INFO - 📈 La Marsa: 165/938 annonces accumulées
2026-01-31 17:40:14,012 - __main__ - INFO - ⏳ Pause de 2s avant page 6...
2026-01-31 17:40:16,015 - __main__ - INFO - 📄 SCRAPING PAGE 6: https://www.mubawab.tn/fr/st/la-marsa/appartements-a-vendre:p:6
2026-01-31 17:40:21,034 - __main__ - INFO - Total cartes uniques trouvées: 68
2026-01-31 17:40:21,034 - __main__ - INFO - Page 6: 68 cartes trouvées
2026-01-31 17:40:21,598 - __main__ - INFO - ✅ PAGE 6: 33 annonces valides, 35 invalides
2026-01-31 17:40:21,671 - __main__ - INFO - ✅ Page 6: 33 annonces trouvées
2026-01-31 17:40:21,672 - __main__ - INFO - 🔍 Extraction des détails pour 33 annonces...
2026-01-31 17:40:59,933 - __main__ - INFO -   📊 Détails: 5/33 (15%)
2026-01-31 17:41:20,745 - __main__ - INFO -   📊 Détails: 10/33 (30%)
2026-01-31 17:41:39,288 - __main__ - INFO -   📊 Détails: 15/33 (45%)
2026-01-31 17:41:57,995 - __main__ - INFO -   📊 Détails: 20/33 (61%)
2026-01-31 17:42:24,993 - __main__ - INFO -   📊 Détails: 25/33 (76%)
2026-01-31 17:42:46,215 - __main__ - INFO -   📊 Détails: 30/33 (91%)
2026-01-31 17:42:59,654 - __main__ - INFO -   📊 Détails: 33/33 (100%)
2026-01-31 17:42:59,968 - __main__ - INFO - 📈 La Marsa: 198/938 annonces accumulées
2026-01-31 17:42:59,968 - __main__ - INFO - ⏳ Pause de 2s avant page 7...
2026-01-31 17:43:01,969 - __main__ - INFO - 📄 SCRAPING PAGE 7: https://www.mubawab.tn/fr/st/la-marsa/appartements-a-vendre:p:7
2026-01-31 17:43:08,945 - __main__ - INFO - Total cartes uniques trouvées: 68
2026-01-31 17:43:08,945 - __main__ - INFO - Page 7: 68 cartes trouvées
2026-01-31 17:43:09,542 - __main__ - INFO - ✅ PAGE 7: 33 annonces valides, 35 invalides
2026-01-31 17:43:09,633 - __main__ - INFO - ✅ Page 7: 33 annonces trouvées
2026-01-31 17:43:09,634 - __main__ - INFO - 🔍 Extraction des détails pour 33 annonces...
2026-01-31 17:43:30,273 - __main__ - INFO -   📊 Détails: 5/33 (15%)
2026-01-31 17:43:56,272 - __main__ - INFO -   📊 Détails: 10/33 (30%)
2026-01-31 17:44:17,449 - __main__ - INFO -   📊 Détails: 15/33 (45%)
2026-01-31 17:44:35,365 - __main__ - INFO -   📊 Détails: 20/33 (61%)
2026-01-31 17:44:51,821 - __main__ - INFO -   📊 Détails: 25/33 (76%)
2026-01-31 17:45:08,131 - __main__ - INFO -   📊 Détails: 30/33 (91%)
2026-01-31 17:45:20,551 - __main__ - INFO -   📊 Détails: 33/33 (100%)
2026-01-31 17:45:20,865 - __main__ - INFO - 📈 La Marsa: 231/938 annonces accumulées
2026-01-31 17:45:20,865 - __main__ - INFO - ⏳ Pause de 2s avant page 8...
2026-01-31 17:45:22,866 - __main__ - INFO - 📄 SCRAPING PAGE 8: https://www.mubawab.tn/fr/st/la-marsa/appartements-a-vendre:p:8
2026-01-31 17:45:25,990 - __main__ - INFO - Total cartes uniques trouvées: 68
2026-01-31 17:45:25,992 - __main__ - INFO - Page 8: 68 cartes trouvées
2026-01-31 17:45:26,590 - __main__ - INFO - ✅ PAGE 8: 33 annonces valides, 35 invalides
2026-01-31 17:45:26,686 - __main__ - INFO - ✅ Page 8: 33 annonces trouvées
2026-01-31 17:45:26,688 - __main__ - INFO - 🔍 Extraction des détails pour 33 annonces...
2026-01-31 17:45:46,370 - __main__ - INFO -   📊 Détails: 5/33 (15%)
2026-01-31 17:46:11,816 - __main__ - INFO -   📊 Détails: 10/33 (30%)
2026-01-31 17:46:57,790 - __main__ - INFO -   📊 Détails: 15/33 (45%)
2026-01-31 17:47:16,033 - __main__ - INFO -   📊 Détails: 20/33 (61%)
2026-01-31 17:47:34,093 - __main__ - INFO -   📊 Détails: 25/33 (76%)
2026-01-31 17:47:54,732 - __main__ - INFO -   📊 Détails: 30/33 (91%)
2026-01-31 17:48:08,729 - __main__ - INFO -   📊 Détails: 33/33 (100%)
2026-01-31 17:48:09,032 - __main__ - INFO - 📈 La Marsa: 264/938 annonces accumulées
2026-01-31 17:48:09,032 - __main__ - INFO - ⏳ Pause de 2s avant page 9...
2026-01-31 17:48:11,033 - __main__ - INFO - 📄 SCRAPING PAGE 9: https://www.mubawab.tn/fr/st/la-marsa/appartements-a-vendre:p:9
2026-01-31 17:48:13,734 - __main__ - INFO - Total cartes uniques trouvées: 69
2026-01-31 17:48:13,734 - __main__ - INFO - Page 9: 69 cartes trouvées
2026-01-31 17:48:14,316 - __main__ - INFO - ✅ PAGE 9: 33 annonces valides, 36 invalides
2026-01-31 17:48:14,388 - __main__ - INFO - ✅ Page 9: 33 annonces trouvées
2026-01-31 17:48:14,389 - __main__ - INFO - 🔍 Extraction des détails pour 33 annonces...
2026-01-31 17:48:31,524 - __main__ - INFO -   📊 Détails: 5/33 (15%)
2026-01-31 17:48:49,109 - __main__ - INFO -   📊 Détails: 10/33 (30%)
2026-01-31 17:49:06,400 - __main__ - INFO -   📊 Détails: 15/33 (45%)
2026-01-31 17:49:22,368 - __main__ - INFO -   📊 Détails: 20/33 (61%)
2026-01-31 17:49:36,881 - __main__ - INFO -   📊 Détails: 25/33 (76%)
2026-01-31 17:49:53,617 - __main__ - INFO -   📊 Détails: 30/33 (91%)
2026-01-31 17:50:04,171 - __main__ - INFO -   📊 Détails: 33/33 (100%)
2026-01-31 17:50:04,473 - __main__ - INFO - 📈 La Marsa: 297/938 annonces accumulées
2026-01-31 17:50:04,473 - __main__ - INFO - ⏳ Pause de 4s avant page 10...
2026-01-31 17:50:08,475 - __main__ - INFO - 📄 SCRAPING PAGE 10: https://www.mubawab.tn/fr/st/la-marsa/appartements-a-vendre:p:10
2026-01-31 17:50:11,142 - __main__ - INFO - Total cartes uniques trouvées: 69
2026-01-31 17:50:11,146 - __main__ - INFO - Page 10: 69 cartes trouvées
2026-01-31 17:50:11,741 - __main__ - INFO - ✅ PAGE 10: 33 annonces valides, 36 invalides
2026-01-31 17:50:11,903 - __main__ - INFO - ✅ Page 10: 33 annonces trouvées
2026-01-31 17:50:11,905 - __main__ - INFO - 🔍 Extraction des détails pour 33 annonces...
2026-01-31 17:50:26,818 - __main__ - INFO -   📊 Détails: 5/33 (15%)
2026-01-31 17:50:42,557 - __main__ - INFO -   📊 Détails: 10/33 (30%)
2026-01-31 17:50:58,068 - __main__ - INFO -   📊 Détails: 15/33 (45%)
2026-01-31 17:51:16,562 - __main__ - INFO -   📊 Détails: 20/33 (61%)
2026-01-31 17:51:35,064 - __main__ - INFO -   📊 Détails: 25/33 (76%)
2026-01-31 17:51:54,216 - __main__ - INFO -   📊 Détails: 30/33 (91%)
2026-01-31 17:52:05,612 - __main__ - INFO -   📊 Détails: 33/33 (100%)
2026-01-31 17:52:05,927 - __main__ - INFO - 📈 La Marsa: 330/938 annonces accumulées
2026-01-31 17:52:05,927 - __main__ - INFO - ⏳ Pause de 2s avant page 11...
2026-01-31 17:52:07,928 - __main__ - INFO - 📄 SCRAPING PAGE 11: https://www.mubawab.tn/fr/st/la-marsa/appartements-a-vendre:p:11
2026-01-31 17:52:10,957 - __main__ - INFO - Total cartes uniques trouvées: 69
2026-01-31 17:52:10,957 - __main__ - INFO - Page 11: 69 cartes trouvées
2026-01-31 17:52:11,543 - __main__ - INFO - ✅ PAGE 11: 33 annonces valides, 36 invalides
2026-01-31 17:52:11,621 - __main__ - INFO - ✅ Page 11: 33 annonces trouvées
2026-01-31 17:52:11,621 - __main__ - INFO - 🔍 Extraction des détails pour 33 annonces...
2026-01-31 17:52:29,068 - __main__ - INFO -   📊 Détails: 5/33 (15%)
2026-01-31 17:52:46,914 - __main__ - INFO -   📊 Détails: 10/33 (30%)
2026-01-31 17:53:04,289 - __main__ - INFO -   📊 Détails: 15/33 (45%)
2026-01-31 17:53:20,364 - __main__ - INFO -   📊 Détails: 20/33 (61%)
2026-01-31 17:53:37,428 - __main__ - INFO -   📊 Détails: 25/33 (76%)
2026-01-31 17:53:53,920 - __main__ - INFO -   📊 Détails: 30/33 (91%)
2026-01-31 17:54:06,134 - __main__ - INFO -   📊 Détails: 33/33 (100%)
2026-01-31 17:54:06,444 - __main__ - INFO - 📈 La Marsa: 363/938 annonces accumulées
2026-01-31 17:54:06,444 - __main__ - INFO - ⏳ Pause de 2s avant page 12...
2026-01-31 17:54:08,477 - __main__ - INFO - 📄 SCRAPING PAGE 12: https://www.mubawab.tn/fr/st/la-marsa/appartements-a-vendre:p:12
2026-01-31 17:54:11,629 - __main__ - INFO - Total cartes uniques trouvées: 68
2026-01-31 17:54:11,629 - __main__ - INFO - Page 12: 68 cartes trouvées
2026-01-31 17:54:12,193 - __main__ - INFO - ✅ PAGE 12: 33 annonces valides, 35 invalides
2026-01-31 17:54:12,270 - __main__ - INFO - ✅ Page 12: 33 annonces trouvées
2026-01-31 17:54:12,270 - __main__ - INFO - 🔍 Extraction des détails pour 33 annonces...
2026-01-31 17:54:27,810 - __main__ - INFO -   📊 Détails: 5/33 (15%)
2026-01-31 17:54:44,309 - __main__ - INFO -   📊 Détails: 10/33 (30%)
2026-01-31 17:55:01,227 - __main__ - INFO -   📊 Détails: 15/33 (45%)
2026-01-31 17:55:18,152 - __main__ - INFO -   📊 Détails: 20/33 (61%)
2026-01-31 17:55:35,407 - __main__ - INFO -   📊 Détails: 25/33 (76%)
2026-01-31 17:55:54,287 - __main__ - INFO -   📊 Détails: 30/33 (91%)
2026-01-31 17:56:04,850 - __main__ - INFO -   📊 Détails: 33/33 (100%)
2026-01-31 17:56:05,152 - __main__ - INFO - 📈 La Marsa: 396/938 annonces accumulées
2026-01-31 17:56:05,152 - __main__ - INFO - ⏳ Pause de 2s avant page 13...
2026-01-31 17:56:07,153 - __main__ - INFO - 📄 SCRAPING PAGE 13: https://www.mubawab.tn/fr/st/la-marsa/appartements-a-vendre:p:13
2026-01-31 17:56:11,297 - __main__ - INFO - Total cartes uniques trouvées: 68
2026-01-31 17:56:11,297 - __main__ - INFO - Page 13: 68 cartes trouvées
2026-01-31 17:56:12,179 - __main__ - INFO - ✅ PAGE 13: 30 annonces valides, 38 invalides
2026-01-31 17:56:12,265 - __main__ - INFO - ✅ Page 13: 30 annonces trouvées
2026-01-31 17:56:12,265 - __main__ - INFO - 🔍 Extraction des détails pour 30 annonces...
2026-01-31 17:56:29,922 - __main__ - INFO -   📊 Détails: 5/30 (17%)
2026-01-31 17:56:47,629 - __main__ - INFO -   📊 Détails: 10/30 (33%)
2026-01-31 17:57:03,810 - __main__ - INFO -   📊 Détails: 15/30 (50%)
2026-01-31 17:57:24,146 - __main__ - INFO -   📊 Détails: 20/30 (67%)
2026-01-31 17:57:43,539 - __main__ - INFO -   📊 Détails: 25/30 (83%)
2026-01-31 17:58:01,147 - __main__ - INFO -   📊 Détails: 30/30 (100%)
2026-01-31 17:58:01,448 - __main__ - INFO - 📈 La Marsa: 426/938 annonces accumulées
2026-01-31 17:58:01,454 - __main__ - INFO - ⏳ Pause de 2s avant page 14...
2026-01-31 17:58:03,503 - __main__ - INFO - 📄 SCRAPING PAGE 14: https://www.mubawab.tn/fr/st/la-marsa/appartements-a-vendre:p:14
2026-01-31 17:58:06,284 - __main__ - INFO - Total cartes uniques trouvées: 68
2026-01-31 17:58:06,284 - __main__ - INFO - Page 14: 68 cartes trouvées
2026-01-31 17:58:06,832 - __main__ - INFO - ✅ PAGE 14: 33 annonces valides, 35 invalides
2026-01-31 17:58:06,908 - __main__ - INFO - ✅ Page 14: 33 annonces trouvées
2026-01-31 17:58:06,908 - __main__ - INFO - 🔍 Extraction des détails pour 33 annonces...
2026-01-31 17:58:25,293 - __main__ - INFO -   📊 Détails: 5/33 (15%)
2026-01-31 17:58:43,046 - __main__ - INFO -   📊 Détails: 10/33 (30%)
2026-01-31 17:59:02,688 - __main__ - INFO -   📊 Détails: 15/33 (45%)
2026-01-31 17:59:18,726 - __main__ - INFO -   📊 Détails: 20/33 (61%)
2026-01-31 17:59:34,832 - __main__ - INFO -   📊 Détails: 25/33 (76%)
2026-01-31 17:59:51,863 - __main__ - INFO -   📊 Détails: 30/33 (91%)
2026-01-31 18:00:01,379 - __main__ - INFO -   📊 Détails: 33/33 (100%)
2026-01-31 18:00:01,682 - __main__ - INFO - 📈 La Marsa: 459/938 annonces accumulées
2026-01-31 18:00:01,682 - __main__ - INFO - ⏳ Pause de 4s avant page 15...
2026-01-31 18:00:05,953 - __main__ - INFO - 📄 SCRAPING PAGE 15: https://www.mubawab.tn/fr/st/la-marsa/appartements-a-vendre:p:15
2026-01-31 18:00:08,752 - __main__ - INFO - Total cartes uniques trouvées: 69
2026-01-31 18:00:08,752 - __main__ - INFO - Page 15: 69 cartes trouvées
2026-01-31 18:00:09,207 - __main__ - INFO - ✅ PAGE 15: 33 annonces valides, 36 invalides
2026-01-31 18:00:09,278 - __main__ - INFO - ✅ Page 15: 33 annonces trouvées
2026-01-31 18:00:09,279 - __main__ - INFO - 🔍 Extraction des détails pour 33 annonces...
2026-01-31 18:00:25,546 - __main__ - INFO -   📊 Détails: 5/33 (15%)
2026-01-31 18:00:44,744 - __main__ - INFO -   📊 Détails: 10/33 (30%)
2026-01-31 18:01:11,823 - __main__ - INFO -   📊 Détails: 15/33 (45%)
2026-01-31 18:01:32,170 - __main__ - INFO -   📊 Détails: 20/33 (61%)
2026-01-31 18:01:53,555 - __main__ - INFO -   📊 Détails: 25/33 (76%)
2026-01-31 18:02:11,035 - __main__ - INFO -   📊 Détails: 30/33 (91%)
2026-01-31 18:02:20,782 - __main__ - INFO -   📊 Détails: 33/33 (100%)
2026-01-31 18:02:21,098 - __main__ - INFO - 📈 La Marsa: 492/938 annonces accumulées
2026-01-31 18:02:21,098 - __main__ - INFO - ⏳ Pause de 2s avant page 16...
2026-01-31 18:02:23,100 - __main__ - INFO - 📄 SCRAPING PAGE 16: https://www.mubawab.tn/fr/st/la-marsa/appartements-a-vendre:p:16
2026-01-31 18:02:25,992 - __main__ - INFO - Total cartes uniques trouvées: 69
2026-01-31 18:02:25,992 - __main__ - INFO - Page 16: 69 cartes trouvées
2026-01-31 18:02:26,526 - __main__ - INFO - ✅ PAGE 16: 33 annonces valides, 36 invalides
2026-01-31 18:02:26,613 - __main__ - INFO - ✅ Page 16: 33 annonces trouvées
2026-01-31 18:02:26,613 - __main__ - INFO - 🔍 Extraction des détails pour 33 annonces...
2026-01-31 18:02:42,754 - __main__ - INFO -   📊 Détails: 5/33 (15%)
2026-01-31 18:02:58,781 - __main__ - INFO -   📊 Détails: 10/33 (30%)
2026-01-31 18:03:15,656 - __main__ - INFO -   📊 Détails: 15/33 (45%)
2026-01-31 18:03:31,635 - __main__ - INFO -   📊 Détails: 20/33 (61%)
2026-01-31 18:03:48,974 - __main__ - INFO -   📊 Détails: 25/33 (76%)
2026-01-31 18:04:19,777 - __main__ - INFO -   📊 Détails: 30/33 (91%)
2026-01-31 18:04:29,671 - __main__ - INFO -   📊 Détails: 33/33 (100%)
2026-01-31 18:04:29,975 - __main__ - INFO - 📈 La Marsa: 525/938 annonces accumulées
2026-01-31 18:04:29,975 - __main__ - INFO - ⏳ Pause de 2s avant page 17...
2026-01-31 18:04:31,977 - __main__ - INFO - 📄 SCRAPING PAGE 17: https://www.mubawab.tn/fr/st/la-marsa/appartements-a-vendre:p:17
2026-01-31 18:04:34,815 - __main__ - INFO - Total cartes uniques trouvées: 68
2026-01-31 18:04:34,817 - __main__ - INFO - Page 17: 68 cartes trouvées
2026-01-31 18:04:35,370 - __main__ - INFO - ✅ PAGE 17: 33 annonces valides, 35 invalides
2026-01-31 18:04:35,475 - __main__ - INFO - ✅ Page 17: 33 annonces trouvées
2026-01-31 18:04:35,480 - __main__ - INFO - 🔍 Extraction des détails pour 33 annonces...
2026-01-31 18:04:53,778 - __main__ - INFO -   📊 Détails: 5/33 (15%)
2026-01-31 18:05:16,793 - __main__ - INFO -   📊 Détails: 10/33 (30%)
2026-01-31 18:05:34,106 - __main__ - INFO -   📊 Détails: 15/33 (45%)
2026-01-31 18:05:51,442 - __main__ - INFO -   📊 Détails: 20/33 (61%)
2026-01-31 18:06:09,094 - __main__ - INFO -   📊 Détails: 25/33 (76%)
2026-01-31 18:06:31,038 - __main__ - INFO -   📊 Détails: 30/33 (91%)
2026-01-31 18:06:41,886 - __main__ - INFO -   📊 Détails: 33/33 (100%)
2026-01-31 18:06:42,194 - __main__ - INFO - 📈 La Marsa: 558/938 annonces accumulées
2026-01-31 18:06:42,194 - __main__ - INFO - ⏳ Pause de 2s avant page 18...
2026-01-31 18:06:44,196 - __main__ - INFO - 📄 SCRAPING PAGE 18: https://www.mubawab.tn/fr/st/la-marsa/appartements-a-vendre:p:18
2026-01-31 18:06:47,004 - __main__ - INFO - Total cartes uniques trouvées: 68
2026-01-31 18:06:47,004 - __main__ - INFO - Page 18: 68 cartes trouvées
2026-01-31 18:06:47,550 - __main__ - INFO - ✅ PAGE 18: 33 annonces valides, 35 invalides
2026-01-31 18:06:47,631 - __main__ - INFO - ✅ Page 18: 33 annonces trouvées
2026-01-31 18:06:47,631 - __main__ - INFO - 🔍 Extraction des détails pour 33 annonces...
2026-01-31 18:07:12,195 - __main__ - INFO -   📊 Détails: 5/33 (15%)
2026-01-31 18:07:30,534 - __main__ - INFO -   📊 Détails: 10/33 (30%)
2026-01-31 18:07:48,156 - __main__ - INFO -   📊 Détails: 15/33 (45%)
2026-01-31 18:08:07,488 - __main__ - INFO -   📊 Détails: 20/33 (61%)
2026-01-31 18:08:26,668 - __main__ - INFO -   📊 Détails: 25/33 (76%)
2026-01-31 18:08:46,163 - __main__ - INFO -   📊 Détails: 30/33 (91%)
2026-01-31 18:09:05,311 - __main__ - INFO -   📊 Détails: 33/33 (100%)
2026-01-31 18:09:05,622 - __main__ - INFO - 📈 La Marsa: 591/938 annonces accumulées
2026-01-31 18:09:05,622 - __main__ - INFO - ⏳ Pause de 2s avant page 19...
2026-01-31 18:09:07,623 - __main__ - INFO - 📄 SCRAPING PAGE 19: https://www.mubawab.tn/fr/st/la-marsa/appartements-a-vendre:p:19
2026-01-31 18:09:12,626 - __main__ - INFO - Total cartes uniques trouvées: 68
2026-01-31 18:09:12,626 - __main__ - INFO - Page 19: 68 cartes trouvées
2026-01-31 18:09:13,260 - __main__ - INFO - ✅ PAGE 19: 33 annonces valides, 35 invalides
2026-01-31 18:09:13,341 - __main__ - INFO - ✅ Page 19: 33 annonces trouvées
2026-01-31 18:09:13,343 - __main__ - INFO - 🔍 Extraction des détails pour 33 annonces...
2026-01-31 18:09:32,087 - __main__ - INFO -   📊 Détails: 5/33 (15%)
2026-01-31 18:09:48,681 - __main__ - INFO -   📊 Détails: 10/33 (30%)
2026-01-31 18:10:04,788 - __main__ - INFO -   📊 Détails: 15/33 (45%)
2026-01-31 18:10:21,282 - __main__ - INFO -   📊 Détails: 20/33 (61%)
2026-01-31 18:10:40,965 - __main__ - INFO -   📊 Détails: 25/33 (76%)
2026-01-31 18:10:57,437 - __main__ - INFO -   📊 Détails: 30/33 (91%)
2026-01-31 18:11:06,640 - __main__ - INFO -   📊 Détails: 33/33 (100%)
2026-01-31 18:11:06,943 - __main__ - INFO - 📈 La Marsa: 624/938 annonces accumulées
2026-01-31 18:11:06,943 - __main__ - INFO - ⏳ Pause de 4s avant page 20...
2026-01-31 18:11:10,945 - __main__ - INFO - 📄 SCRAPING PAGE 20: https://www.mubawab.tn/fr/st/la-marsa/appartements-a-vendre:p:20
2026-01-31 18:11:13,763 - __main__ - INFO - Total cartes uniques trouvées: 69
2026-01-31 18:11:13,763 - __main__ - INFO - Page 20: 69 cartes trouvées
2026-01-31 18:11:14,444 - __main__ - INFO - ✅ PAGE 20: 32 annonces valides, 37 invalides
2026-01-31 18:11:14,524 - __main__ - INFO - ✅ Page 20: 32 annonces trouvées
2026-01-31 18:11:14,525 - __main__ - INFO - 🔍 Extraction des détails pour 32 annonces...
2026-01-31 18:11:38,300 - __main__ - INFO -   📊 Détails: 5/32 (16%)
2026-01-31 18:11:57,628 - __main__ - INFO -   📊 Détails: 10/32 (31%)
2026-01-31 18:12:17,137 - __main__ - INFO -   📊 Détails: 15/32 (47%)
2026-01-31 18:12:33,635 - __main__ - INFO -   📊 Détails: 20/32 (62%)
2026-01-31 18:12:58,328 - __main__ - INFO -   📊 Détails: 25/32 (78%)
2026-01-31 18:13:18,200 - __main__ - INFO -   📊 Détails: 30/32 (94%)
2026-01-31 18:13:24,734 - __main__ - INFO -   📊 Détails: 32/32 (100%)
2026-01-31 18:13:25,044 - __main__ - INFO - 📈 La Marsa: 656/938 annonces accumulées
2026-01-31 18:13:25,044 - __main__ - INFO - ⏳ Pause de 2s avant page 21...
2026-01-31 18:13:27,046 - __main__ - INFO - 📄 SCRAPING PAGE 21: https://www.mubawab.tn/fr/st/la-marsa/appartements-a-vendre:p:21
2026-01-31 18:13:30,462 - __main__ - INFO - Total cartes uniques trouvées: 68
2026-01-31 18:13:30,462 - __main__ - INFO - Page 21: 68 cartes trouvées
2026-01-31 18:13:31,006 - __main__ - INFO - ✅ PAGE 21: 33 annonces valides, 35 invalides
2026-01-31 18:13:31,082 - __main__ - INFO - ✅ Page 21: 33 annonces trouvées
2026-01-31 18:13:31,082 - __main__ - INFO - 🔍 Extraction des détails pour 33 annonces...
2026-01-31 18:13:57,126 - __main__ - INFO -   📊 Détails: 5/33 (15%)
2026-01-31 18:14:19,196 - __main__ - INFO -   📊 Détails: 10/33 (30%)
2026-01-31 18:14:38,422 - __main__ - INFO -   📊 Détails: 15/33 (45%)
2026-01-31 18:15:11,055 - __main__ - INFO -   📊 Détails: 20/33 (61%)
2026-01-31 18:15:38,574 - __main__ - INFO -   📊 Détails: 25/33 (76%)
2026-01-31 18:15:58,423 - __main__ - INFO -   📊 Détails: 30/33 (91%)
2026-01-31 18:16:08,346 - __main__ - INFO -   📊 Détails: 33/33 (100%)
2026-01-31 18:16:08,647 - __main__ - INFO - 📈 La Marsa: 689/938 annonces accumulées
2026-01-31 18:16:08,647 - __main__ - INFO - ⏳ Pause de 2s avant page 22...
2026-01-31 18:16:10,649 - __main__ - INFO - 📄 SCRAPING PAGE 22: https://www.mubawab.tn/fr/st/la-marsa/appartements-a-vendre:p:22
2026-01-31 18:16:13,254 - __main__ - INFO - Total cartes uniques trouvées: 68
2026-01-31 18:16:13,254 - __main__ - INFO - Page 22: 68 cartes trouvées
2026-01-31 18:16:13,860 - __main__ - INFO - ✅ PAGE 22: 33 annonces valides, 35 invalides
2026-01-31 18:16:13,939 - __main__ - INFO - ✅ Page 22: 33 annonces trouvées
2026-01-31 18:16:13,939 - __main__ - INFO - 🔍 Extraction des détails pour 33 annonces...
2026-01-31 18:16:29,567 - __main__ - INFO -   📊 Détails: 5/33 (15%)
2026-01-31 18:16:45,597 - __main__ - INFO -   📊 Détails: 10/33 (30%)
2026-01-31 18:17:07,599 - __main__ - INFO -   📊 Détails: 15/33 (45%)
2026-01-31 18:17:31,191 - __main__ - INFO -   📊 Détails: 20/33 (61%)
2026-01-31 18:17:49,429 - __main__ - INFO -   📊 Détails: 25/33 (76%)
2026-01-31 18:18:05,348 - __main__ - INFO -   📊 Détails: 30/33 (91%)
2026-01-31 18:18:15,368 - __main__ - INFO -   📊 Détails: 33/33 (100%)
2026-01-31 18:18:15,669 - __main__ - INFO - 📈 La Marsa: 722/938 annonces accumulées
2026-01-31 18:18:15,669 - __main__ - INFO - ⏳ Pause de 2s avant page 23...
2026-01-31 18:18:17,673 - __main__ - INFO - 📄 SCRAPING PAGE 23: https://www.mubawab.tn/fr/st/la-marsa/appartements-a-vendre:p:23
2026-01-31 18:18:20,373 - __main__ - INFO - Total cartes uniques trouvées: 68
2026-01-31 18:18:20,373 - __main__ - INFO - Page 23: 68 cartes trouvées
2026-01-31 18:18:20,885 - __main__ - INFO - ✅ PAGE 23: 33 annonces valides, 35 invalides
2026-01-31 18:18:20,961 - __main__ - INFO - ✅ Page 23: 33 annonces trouvées
2026-01-31 18:18:20,962 - __main__ - INFO - 🔍 Extraction des détails pour 33 annonces...
2026-01-31 18:18:37,241 - __main__ - INFO -   📊 Détails: 5/33 (15%)
2026-01-31 18:18:53,345 - __main__ - INFO -   📊 Détails: 10/33 (30%)
2026-01-31 18:19:11,830 - __main__ - INFO -   📊 Détails: 15/33 (45%)
2026-01-31 18:19:27,810 - __main__ - INFO -   📊 Détails: 20/33 (61%)
2026-01-31 18:19:46,933 - __main__ - INFO -   📊 Détails: 25/33 (76%)
2026-01-31 18:20:02,201 - __main__ - INFO -   📊 Détails: 30/33 (91%)
2026-01-31 18:20:11,311 - __main__ - INFO -   📊 Détails: 33/33 (100%)
2026-01-31 18:20:11,619 - __main__ - INFO - 📈 La Marsa: 755/938 annonces accumulées
2026-01-31 18:20:11,619 - __main__ - INFO - ⏳ Pause de 2s avant page 24...
2026-01-31 18:20:13,621 - __main__ - INFO - 📄 SCRAPING PAGE 24: https://www.mubawab.tn/fr/st/la-marsa/appartements-a-vendre:p:24
2026-01-31 18:20:16,140 - __main__ - INFO - Total cartes uniques trouvées: 66
2026-01-31 18:20:16,140 - __main__ - INFO - Page 24: 66 cartes trouvées
2026-01-31 18:20:16,728 - __main__ - INFO - ✅ PAGE 24: 31 annonces valides, 35 invalides
2026-01-31 18:20:16,822 - __main__ - INFO - ✅ Page 24: 31 annonces trouvées
2026-01-31 18:20:16,822 - __main__ - INFO - 🔍 Extraction des détails pour 31 annonces...
2026-01-31 18:20:32,461 - __main__ - INFO -   📊 Détails: 5/31 (16%)
2026-01-31 18:20:47,665 - __main__ - INFO -   📊 Détails: 10/31 (32%)
2026-01-31 18:21:07,145 - __main__ - INFO -   📊 Détails: 15/31 (48%)
2026-01-31 18:21:26,444 - __main__ - INFO -   📊 Détails: 20/31 (65%)
2026-01-31 18:21:42,696 - __main__ - INFO -   📊 Détails: 25/31 (81%)
2026-01-31 18:21:58,743 - __main__ - INFO -   📊 Détails: 30/31 (97%)
2026-01-31 18:22:02,093 - __main__ - INFO -   📊 Détails: 31/31 (100%)
2026-01-31 18:22:02,405 - __main__ - INFO - 📈 La Marsa: 786/938 annonces accumulées
2026-01-31 18:22:02,405 - __main__ - INFO - ⏳ Pause de 4s avant page 25...
2026-01-31 18:22:06,406 - __main__ - INFO - 📄 SCRAPING PAGE 25: https://www.mubawab.tn/fr/st/la-marsa/appartements-a-vendre:p:25
2026-01-31 18:22:09,245 - __main__ - INFO - Total cartes uniques trouvées: 68
2026-01-31 18:22:09,247 - __main__ - INFO - Page 25: 68 cartes trouvées
2026-01-31 18:22:09,831 - __main__ - INFO - ✅ PAGE 25: 32 annonces valides, 36 invalides
2026-01-31 18:22:09,899 - __main__ - INFO - ✅ Page 25: 32 annonces trouvées
2026-01-31 18:22:09,900 - __main__ - INFO - 🔍 Extraction des détails pour 32 annonces...
2026-01-31 18:22:26,717 - __main__ - INFO -   📊 Détails: 5/32 (16%)
2026-01-31 18:22:43,559 - __main__ - INFO -   📊 Détails: 10/32 (31%)
2026-01-31 18:23:00,299 - __main__ - INFO -   📊 Détails: 15/32 (47%)
2026-01-31 18:23:17,459 - __main__ - INFO -   📊 Détails: 20/32 (62%)
2026-01-31 18:23:33,225 - __main__ - INFO -   📊 Détails: 25/32 (78%)
2026-01-31 18:23:48,389 - __main__ - INFO -   📊 Détails: 30/32 (94%)
2026-01-31 18:23:54,466 - __main__ - INFO -   📊 Détails: 32/32 (100%)
2026-01-31 18:23:54,780 - __main__ - INFO - 📈 La Marsa: 818/938 annonces accumulées
2026-01-31 18:23:54,780 - __main__ - INFO - ⏳ Pause de 2s avant page 26...
2026-01-31 18:23:56,781 - __main__ - INFO - 📄 SCRAPING PAGE 26: https://www.mubawab.tn/fr/st/la-marsa/appartements-a-vendre:p:26
2026-01-31 18:23:59,414 - __main__ - INFO - Total cartes uniques trouvées: 68
2026-01-31 18:23:59,414 - __main__ - INFO - Page 26: 68 cartes trouvées
2026-01-31 18:23:59,990 - __main__ - INFO - ✅ PAGE 26: 33 annonces valides, 35 invalides
2026-01-31 18:24:00,080 - __main__ - INFO - ✅ Page 26: 33 annonces trouvées
2026-01-31 18:24:00,081 - __main__ - INFO - 🔍 Extraction des détails pour 33 annonces...
2026-01-31 18:24:14,652 - __main__ - INFO -   📊 Détails: 5/33 (15%)
2026-01-31 18:24:29,199 - __main__ - INFO -   📊 Détails: 10/33 (30%)
2026-01-31 18:24:44,283 - __main__ - INFO -   📊 Détails: 15/33 (45%)
2026-01-31 18:24:59,476 - __main__ - INFO -   📊 Détails: 20/33 (61%)
2026-01-31 18:25:15,568 - __main__ - INFO -   📊 Détails: 25/33 (76%)
2026-01-31 18:25:32,398 - __main__ - INFO -   📊 Détails: 30/33 (91%)
2026-01-31 18:25:41,545 - __main__ - INFO -   📊 Détails: 33/33 (100%)
2026-01-31 18:25:41,856 - __main__ - INFO - 📈 La Marsa: 851/938 annonces accumulées
2026-01-31 18:25:41,856 - __main__ - INFO - ⏳ Pause de 2s avant page 27...
2026-01-31 18:25:43,857 - __main__ - INFO - 📄 SCRAPING PAGE 27: https://www.mubawab.tn/fr/st/la-marsa/appartements-a-vendre:p:27
2026-01-31 18:25:46,218 - __main__ - INFO - Total cartes uniques trouvées: 69
2026-01-31 18:25:46,218 - __main__ - INFO - Page 27: 69 cartes trouvées
2026-01-31 18:25:46,745 - __main__ - INFO - ✅ PAGE 27: 33 annonces valides, 36 invalides
2026-01-31 18:25:46,849 - __main__ - INFO - ✅ Page 27: 33 annonces trouvées
2026-01-31 18:25:46,849 - __main__ - INFO - 🔍 Extraction des détails pour 33 annonces...
2026-01-31 18:26:02,772 - __main__ - INFO -   📊 Détails: 5/33 (15%)
2026-01-31 18:26:19,764 - __main__ - INFO -   📊 Détails: 10/33 (30%)
2026-01-31 18:26:36,052 - __main__ - INFO -   📊 Détails: 15/33 (45%)
2026-01-31 18:26:52,879 - __main__ - INFO -   📊 Détails: 20/33 (61%)
2026-01-31 18:27:08,475 - __main__ - INFO -   📊 Détails: 25/33 (76%)
2026-01-31 18:27:24,984 - __main__ - INFO -   📊 Détails: 30/33 (91%)
2026-01-31 18:27:35,024 - __main__ - INFO -   📊 Détails: 33/33 (100%)
2026-01-31 18:27:35,328 - __main__ - INFO - 📈 La Marsa: 884/938 annonces accumulées
2026-01-31 18:27:35,328 - __main__ - INFO - 📄 DERNIÈRE PAGE ATTEINTE POUR La Marsa
2026-01-31 18:27:35,328 - __main__ - INFO - ✅ FIN SCRAPING La Marsa: 884 annonces
2026-01-31 18:27:35,330 - __main__ - INFO - ✅ La Marsa: 884 annonces scrapées
2026-01-31 18:27:35,330 - __main__ - INFO - ⏳ Pause de 5s avant région suivante...
2026-01-31 18:27:40,332 - __main__ - INFO - 
============================================================
2026-01-31 18:27:40,332 - __main__ - INFO - 🎯 DÉBUT RÉGION: La Soukra
2026-01-31 18:27:40,332 - __main__ - INFO - ============================================================
2026-01-31 18:27:40,332 - __main__ - INFO - 🚀 DÉBUT SCRAPING RÉGION: La Soukra
2026-01-31 18:27:40,332 - __main__ - INFO - Détection pour: https://www.mubawab.tn/fr/st/la-soukra/appartements-a-vendre
2026-01-31 18:27:42,593 - __main__ - INFO - ✅ Détecté: 576 annonces au total
2026-01-31 18:27:42,656 - __main__ - INFO - 📊 Estimation: 17 pages à 35 annonces/page
2026-01-31 18:27:42,656 - __main__ - INFO - 📊 La Soukra: 576 annonces détectées
2026-01-31 18:27:42,657 - __main__ - INFO - 📄 Objectif: 576 annonces sur 17/17 pages
2026-01-31 18:27:42,658 - __main__ - INFO - 📈 Estimation: 35 annonces par page
2026-01-31 18:27:42,659 - __main__ - INFO - 📄 SCRAPING PAGE 1: https://www.mubawab.tn/fr/st/la-soukra/appartements-a-vendre
2026-01-31 18:27:45,292 - __main__ - INFO - Total cartes uniques trouvées: 68
2026-01-31 18:27:45,293 - __main__ - INFO - Page 1: 68 cartes trouvées
2026-01-31 18:27:45,918 - __main__ - INFO - ✅ PAGE 1: 33 annonces valides, 35 invalides
2026-01-31 18:27:46,019 - __main__ - INFO - ✅ Page 1: 33 annonces trouvées
2026-01-31 18:27:46,021 - __main__ - INFO - 🔍 Extraction des détails pour 33 annonces...
2026-01-31 18:28:00,717 - __main__ - INFO -   📊 Détails: 5/33 (15%)
2026-01-31 18:28:16,247 - __main__ - INFO -   📊 Détails: 10/33 (30%)
2026-01-31 18:28:31,300 - __main__ - INFO -   📊 Détails: 15/33 (45%)
2026-01-31 18:28:46,243 - __main__ - INFO -   📊 Détails: 20/33 (61%)
2026-01-31 18:29:02,005 - __main__ - INFO -   📊 Détails: 25/33 (76%)
2026-01-31 18:29:18,631 - __main__ - INFO -   📊 Détails: 30/33 (91%)
2026-01-31 18:29:28,472 - __main__ - INFO -   📊 Détails: 33/33 (100%)
2026-01-31 18:29:28,775 - __main__ - INFO - 📈 La Soukra: 33/576 annonces accumulées
2026-01-31 18:29:28,775 - __main__ - INFO - ⏳ Pause de 2s avant page 2...
2026-01-31 18:29:30,777 - __main__ - INFO - 📄 SCRAPING PAGE 2: https://www.mubawab.tn/fr/st/la-soukra/appartements-a-vendre:p:2
2026-01-31 18:29:33,639 - __main__ - INFO - Total cartes uniques trouvées: 68
2026-01-31 18:29:33,639 - __main__ - INFO - Page 2: 68 cartes trouvées
2026-01-31 18:29:34,231 - __main__ - INFO - ✅ PAGE 2: 33 annonces valides, 35 invalides
2026-01-31 18:29:34,325 - __main__ - INFO - ✅ Page 2: 33 annonces trouvées
2026-01-31 18:29:34,325 - __main__ - INFO - 🔍 Extraction des détails pour 33 annonces...
2026-01-31 18:29:49,735 - __main__ - INFO -   📊 Détails: 5/33 (15%)
2026-01-31 18:30:04,925 - __main__ - INFO -   📊 Détails: 10/33 (30%)
2026-01-31 18:30:20,148 - __main__ - INFO -   📊 Détails: 15/33 (45%)
2026-01-31 18:30:35,639 - __main__ - INFO -   📊 Détails: 20/33 (61%)
2026-01-31 18:30:52,301 - __main__ - INFO -   📊 Détails: 25/33 (76%)
2026-01-31 18:31:11,637 - __main__ - INFO -   📊 Détails: 30/33 (91%)
2026-01-31 18:31:21,497 - __main__ - INFO -   📊 Détails: 33/33 (100%)
2026-01-31 18:31:21,800 - __main__ - INFO - 📈 La Soukra: 66/576 annonces accumulées
2026-01-31 18:31:21,800 - __main__ - INFO - ⏳ Pause de 2s avant page 3...
2026-01-31 18:31:23,801 - __main__ - INFO - 📄 SCRAPING PAGE 3: https://www.mubawab.tn/fr/st/la-soukra/appartements-a-vendre:p:3
2026-01-31 18:31:27,121 - __main__ - INFO - Total cartes uniques trouvées: 69
2026-01-31 18:31:27,121 - __main__ - INFO - Page 3: 69 cartes trouvées
2026-01-31 18:31:27,685 - __main__ - INFO - ✅ PAGE 3: 34 annonces valides, 35 invalides
2026-01-31 18:31:27,792 - __main__ - INFO - ✅ Page 3: 34 annonces trouvées
2026-01-31 18:31:27,792 - __main__ - INFO - 🔍 Extraction des détails pour 34 annonces...
2026-01-31 18:31:46,182 - __main__ - INFO -   📊 Détails: 5/34 (15%)
2026-01-31 18:32:01,391 - __main__ - INFO -   📊 Détails: 10/34 (29%)
2026-01-31 18:32:17,526 - __main__ - INFO -   📊 Détails: 15/34 (44%)
2026-01-31 18:32:35,435 - __main__ - INFO -   📊 Détails: 20/34 (59%)
2026-01-31 18:32:54,752 - __main__ - INFO -   📊 Détails: 25/34 (74%)
2026-01-31 18:33:14,606 - __main__ - INFO -   📊 Détails: 30/34 (88%)
2026-01-31 18:33:27,749 - __main__ - INFO -   📊 Détails: 34/34 (100%)
2026-01-31 18:33:28,053 - __main__ - INFO - 📈 La Soukra: 100/576 annonces accumulées
2026-01-31 18:33:28,053 - __main__ - INFO - ⏳ Pause de 2s avant page 4...
2026-01-31 18:33:30,055 - __main__ - INFO - 📄 SCRAPING PAGE 4: https://www.mubawab.tn/fr/st/la-soukra/appartements-a-vendre:p:4
2026-01-31 18:33:32,997 - __main__ - INFO - Total cartes uniques trouvées: 69
2026-01-31 18:33:32,997 - __main__ - INFO - Page 4: 69 cartes trouvées
2026-01-31 18:33:33,587 - __main__ - INFO - ✅ PAGE 4: 33 annonces valides, 36 invalides
2026-01-31 18:33:33,669 - __main__ - INFO - ✅ Page 4: 33 annonces trouvées
2026-01-31 18:33:33,669 - __main__ - INFO - 🔍 Extraction des détails pour 33 annonces...
2026-01-31 18:33:54,132 - __main__ - INFO -   📊 Détails: 5/33 (15%)
2026-01-31 18:34:10,161 - __main__ - INFO -   📊 Détails: 10/33 (30%)
2026-01-31 18:34:28,940 - __main__ - INFO -   📊 Détails: 15/33 (45%)
2026-01-31 18:34:50,776 - __main__ - INFO -   📊 Détails: 20/33 (61%)
2026-01-31 18:35:07,188 - __main__ - INFO -   📊 Détails: 25/33 (76%)
2026-01-31 18:35:23,492 - __main__ - INFO -   📊 Détails: 30/33 (91%)
2026-01-31 18:35:38,836 - __main__ - INFO -   📊 Détails: 33/33 (100%)
2026-01-31 18:35:39,137 - __main__ - INFO - 📈 La Soukra: 133/576 annonces accumulées
2026-01-31 18:35:39,137 - __main__ - INFO - ⏳ Pause de 4s avant page 5...
2026-01-31 18:35:43,139 - __main__ - INFO - 📄 SCRAPING PAGE 5: https://www.mubawab.tn/fr/st/la-soukra/appartements-a-vendre:p:5
2026-01-31 18:35:46,773 - __main__ - INFO - Total cartes uniques trouvées: 68
2026-01-31 18:35:46,773 - __main__ - INFO - Page 5: 68 cartes trouvées
2026-01-31 18:35:47,397 - __main__ - INFO - ✅ PAGE 5: 33 annonces valides, 35 invalides
2026-01-31 18:35:47,465 - __main__ - INFO - ✅ Page 5: 33 annonces trouvées
2026-01-31 18:35:47,466 - __main__ - INFO - 🔍 Extraction des détails pour 33 annonces...
2026-01-31 18:36:06,142 - __main__ - INFO -   📊 Détails: 5/33 (15%)
2026-01-31 18:36:25,164 - __main__ - INFO -   📊 Détails: 10/33 (30%)
2026-01-31 18:36:42,731 - __main__ - INFO -   📊 Détails: 15/33 (45%)
2026-01-31 18:37:03,424 - __main__ - INFO -   📊 Détails: 20/33 (61%)
2026-01-31 18:37:22,371 - __main__ - INFO -   📊 Détails: 25/33 (76%)
2026-01-31 18:37:38,461 - __main__ - INFO -   📊 Détails: 30/33 (91%)
2026-01-31 18:37:48,787 - __main__ - INFO -   📊 Détails: 33/33 (100%)
2026-01-31 18:37:49,090 - __main__ - INFO - 📈 La Soukra: 166/576 annonces accumulées
2026-01-31 18:37:49,090 - __main__ - INFO - ⏳ Pause de 2s avant page 6...
2026-01-31 18:37:51,092 - __main__ - INFO - 📄 SCRAPING PAGE 6: https://www.mubawab.tn/fr/st/la-soukra/appartements-a-vendre:p:6
2026-01-31 18:37:53,728 - __main__ - INFO - Total cartes uniques trouvées: 68
2026-01-31 18:37:53,729 - __main__ - INFO - Page 6: 68 cartes trouvées
2026-01-31 18:37:54,300 - __main__ - INFO - ✅ PAGE 6: 33 annonces valides, 35 invalides
2026-01-31 18:37:54,381 - __main__ - INFO - ✅ Page 6: 33 annonces trouvées
2026-01-31 18:37:54,382 - __main__ - INFO - 🔍 Extraction des détails pour 33 annonces...
2026-01-31 18:38:12,811 - __main__ - INFO -   📊 Détails: 5/33 (15%)
2026-01-31 18:38:29,610 - __main__ - INFO -   📊 Détails: 10/33 (30%)
2026-01-31 18:38:44,833 - __main__ - INFO -   📊 Détails: 15/33 (45%)
2026-01-31 18:39:00,650 - __main__ - INFO -   📊 Détails: 20/33 (61%)
2026-01-31 18:39:15,894 - __main__ - INFO -   📊 Détails: 25/33 (76%)
2026-01-31 18:39:35,589 - __main__ - INFO -   📊 Détails: 30/33 (91%)
2026-01-31 18:39:47,712 - __main__ - INFO -   📊 Détails: 33/33 (100%)
2026-01-31 18:39:48,014 - __main__ - INFO - 📈 La Soukra: 199/576 annonces accumulées
2026-01-31 18:39:48,014 - __main__ - INFO - ⏳ Pause de 2s avant page 7...
2026-01-31 18:39:50,016 - __main__ - INFO - 📄 SCRAPING PAGE 7: https://www.mubawab.tn/fr/st/la-soukra/appartements-a-vendre:p:7
2026-01-31 18:39:52,935 - __main__ - INFO - Total cartes uniques trouvées: 69
2026-01-31 18:39:52,938 - __main__ - INFO - Page 7: 69 cartes trouvées
2026-01-31 18:39:53,500 - __main__ - INFO - ✅ PAGE 7: 33 annonces valides, 36 invalides
2026-01-31 18:39:53,570 - __main__ - INFO - ✅ Page 7: 33 annonces trouvées
2026-01-31 18:39:53,570 - __main__ - INFO - 🔍 Extraction des détails pour 33 annonces...
2026-01-31 18:40:09,247 - __main__ - INFO -   📊 Détails: 5/33 (15%)
2026-01-31 18:40:24,296 - __main__ - INFO -   📊 Détails: 10/33 (30%)
2026-01-31 18:40:41,468 - __main__ - INFO -   📊 Détails: 15/33 (45%)
2026-01-31 18:41:01,063 - __main__ - INFO -   📊 Détails: 20/33 (61%)
2026-01-31 18:41:19,027 - __main__ - INFO -   📊 Détails: 25/33 (76%)
2026-01-31 18:41:37,857 - __main__ - INFO -   📊 Détails: 30/33 (91%)
2026-01-31 18:41:47,088 - __main__ - INFO -   📊 Détails: 33/33 (100%)
2026-01-31 18:41:47,394 - __main__ - INFO - 📈 La Soukra: 232/576 annonces accumulées
2026-01-31 18:41:47,394 - __main__ - INFO - ⏳ Pause de 2s avant page 8...
2026-01-31 18:41:49,395 - __main__ - INFO - 📄 SCRAPING PAGE 8: https://www.mubawab.tn/fr/st/la-soukra/appartements-a-vendre:p:8
2026-01-31 18:41:52,163 - __main__ - INFO - Total cartes uniques trouvées: 68
2026-01-31 18:41:52,165 - __main__ - INFO - Page 8: 68 cartes trouvées
2026-01-31 18:41:52,772 - __main__ - INFO - ✅ PAGE 8: 33 annonces valides, 35 invalides
2026-01-31 18:41:52,849 - __main__ - INFO - ✅ Page 8: 33 annonces trouvées
2026-01-31 18:41:52,850 - __main__ - INFO - 🔍 Extraction des détails pour 33 annonces...
2026-01-31 18:42:09,834 - __main__ - INFO -   📊 Détails: 5/33 (15%)
2026-01-31 18:42:27,845 - __main__ - INFO -   📊 Détails: 10/33 (30%)
2026-01-31 18:42:42,671 - __main__ - INFO -   📊 Détails: 15/33 (45%)
2026-01-31 18:42:58,244 - __main__ - INFO -   📊 Détails: 20/33 (61%)
2026-01-31 18:43:14,378 - __main__ - INFO -   📊 Détails: 25/33 (76%)
2026-01-31 18:43:30,758 - __main__ - INFO -   📊 Détails: 30/33 (91%)
2026-01-31 18:43:39,483 - __main__ - INFO -   📊 Détails: 33/33 (100%)
2026-01-31 18:43:39,785 - __main__ - INFO - 📈 La Soukra: 265/576 annonces accumulées
2026-01-31 18:43:39,785 - __main__ - INFO - ⏳ Pause de 2s avant page 9...
2026-01-31 18:43:41,787 - __main__ - INFO - 📄 SCRAPING PAGE 9: https://www.mubawab.tn/fr/st/la-soukra/appartements-a-vendre:p:9
2026-01-31 18:43:44,300 - __main__ - INFO - Total cartes uniques trouvées: 69
2026-01-31 18:43:44,300 - __main__ - INFO - Page 9: 69 cartes trouvées
2026-01-31 18:43:44,825 - __main__ - INFO - ✅ PAGE 9: 33 annonces valides, 36 invalides
2026-01-31 18:43:44,906 - __main__ - INFO - ✅ Page 9: 33 annonces trouvées
2026-01-31 18:43:44,907 - __main__ - INFO - 🔍 Extraction des détails pour 33 annonces...
2026-01-31 18:44:00,539 - __main__ - INFO -   📊 Détails: 5/33 (15%)
2026-01-31 18:44:17,930 - __main__ - INFO -   📊 Détails: 10/33 (30%)
2026-01-31 18:44:32,776 - __main__ - INFO -   📊 Détails: 15/33 (45%)
2026-01-31 18:44:53,418 - __main__ - INFO -   📊 Détails: 20/33 (61%)
2026-01-31 18:45:10,923 - __main__ - INFO -   📊 Détails: 25/33 (76%)
2026-01-31 18:45:29,380 - __main__ - INFO -   📊 Détails: 30/33 (91%)
2026-01-31 18:45:38,469 - __main__ - INFO -   📊 Détails: 33/33 (100%)
2026-01-31 18:45:38,779 - __main__ - INFO - 📈 La Soukra: 298/576 annonces accumulées
2026-01-31 18:45:38,779 - __main__ - INFO - ⏳ Pause de 4s avant page 10...
2026-01-31 18:45:42,847 - __main__ - INFO - 📄 SCRAPING PAGE 10: https://www.mubawab.tn/fr/st/la-soukra/appartements-a-vendre:p:10
2026-01-31 18:45:45,479 - __main__ - INFO - Total cartes uniques trouvées: 68
2026-01-31 18:45:45,479 - __main__ - INFO - Page 10: 68 cartes trouvées
2026-01-31 18:45:46,087 - __main__ - INFO - ✅ PAGE 10: 33 annonces valides, 35 invalides
2026-01-31 18:45:46,168 - __main__ - INFO - ✅ Page 10: 33 annonces trouvées
2026-01-31 18:45:46,168 - __main__ - INFO - 🔍 Extraction des détails pour 33 annonces...
2026-01-31 18:46:00,840 - __main__ - INFO -   📊 Détails: 5/33 (15%)
2026-01-31 18:46:15,557 - __main__ - INFO -   📊 Détails: 10/33 (30%)
2026-01-31 18:46:31,361 - __main__ - INFO -   📊 Détails: 15/33 (45%)
2026-01-31 18:46:56,709 - __main__ - INFO -   📊 Détails: 20/33 (61%)
2026-01-31 18:47:12,960 - __main__ - INFO -   📊 Détails: 25/33 (76%)
2026-01-31 18:47:29,792 - __main__ - INFO -   📊 Détails: 30/33 (91%)
2026-01-31 18:47:39,917 - __main__ - INFO -   📊 Détails: 33/33 (100%)
2026-01-31 18:47:40,218 - __main__ - INFO - 📈 La Soukra: 331/576 annonces accumulées
2026-01-31 18:47:40,218 - __main__ - INFO - ⏳ Pause de 2s avant page 11...
2026-01-31 18:47:42,220 - __main__ - INFO - 📄 SCRAPING PAGE 11: https://www.mubawab.tn/fr/st/la-soukra/appartements-a-vendre:p:11
2026-01-31 18:47:46,267 - __main__ - INFO - Total cartes uniques trouvées: 68
2026-01-31 18:47:46,267 - __main__ - INFO - Page 11: 68 cartes trouvées
2026-01-31 18:47:46,916 - __main__ - INFO - ✅ PAGE 11: 33 annonces valides, 35 invalides
2026-01-31 18:47:46,997 - __main__ - INFO - ✅ Page 11: 33 annonces trouvées
2026-01-31 18:47:46,997 - __main__ - INFO - 🔍 Extraction des détails pour 33 annonces...
2026-01-31 18:48:03,842 - __main__ - INFO -   📊 Détails: 5/33 (15%)
2026-01-31 18:48:21,545 - __main__ - INFO -   📊 Détails: 10/33 (30%)
2026-01-31 18:48:38,911 - __main__ - INFO -   📊 Détails: 15/33 (45%)
2026-01-31 18:48:55,540 - __main__ - INFO -   📊 Détails: 20/33 (61%)
2026-01-31 18:49:11,533 - __main__ - INFO -   📊 Détails: 25/33 (76%)
2026-01-31 18:49:27,161 - __main__ - INFO -   📊 Détails: 30/33 (91%)
2026-01-31 18:49:36,281 - __main__ - INFO -   📊 Détails: 33/33 (100%)
2026-01-31 18:49:36,583 - __main__ - INFO - 📈 La Soukra: 364/576 annonces accumulées
2026-01-31 18:49:36,583 - __main__ - INFO - ⏳ Pause de 2s avant page 12...
2026-01-31 18:49:38,585 - __main__ - INFO - 📄 SCRAPING PAGE 12: https://www.mubawab.tn/fr/st/la-soukra/appartements-a-vendre:p:12
2026-01-31 18:49:41,078 - __main__ - INFO - Total cartes uniques trouvées: 68
2026-01-31 18:49:41,078 - __main__ - INFO - Page 12: 68 cartes trouvées
2026-01-31 18:49:41,652 - __main__ - INFO - ✅ PAGE 12: 33 annonces valides, 35 invalides
2026-01-31 18:49:41,731 - __main__ - INFO - ✅ Page 12: 33 annonces trouvées
2026-01-31 18:49:41,732 - __main__ - INFO - 🔍 Extraction des détails pour 33 annonces...
2026-01-31 18:49:56,807 - __main__ - INFO -   📊 Détails: 5/33 (15%)
2026-01-31 18:50:13,118 - __main__ - INFO -   📊 Détails: 10/33 (30%)
2026-01-31 18:50:29,748 - __main__ - INFO -   📊 Détails: 15/33 (45%)
2026-01-31 18:50:51,610 - __main__ - INFO -   📊 Détails: 20/33 (61%)
2026-01-31 18:51:13,948 - __main__ - INFO -   📊 Détails: 25/33 (76%)
2026-01-31 18:51:42,742 - __main__ - INFO -   📊 Détails: 30/33 (91%)
2026-01-31 18:52:02,499 - __main__ - INFO -   📊 Détails: 33/33 (100%)
2026-01-31 18:52:02,802 - __main__ - INFO - 📈 La Soukra: 397/576 annonces accumulées
2026-01-31 18:52:02,802 - __main__ - INFO - ⏳ Pause de 2s avant page 13...
2026-01-31 18:52:04,804 - __main__ - INFO - 📄 SCRAPING PAGE 13: https://www.mubawab.tn/fr/st/la-soukra/appartements-a-vendre:p:13
2026-01-31 18:52:09,303 - __main__ - INFO - Total cartes uniques trouvées: 69
2026-01-31 18:52:09,303 - __main__ - INFO - Page 13: 69 cartes trouvées
2026-01-31 18:52:09,841 - __main__ - INFO - ✅ PAGE 13: 33 annonces valides, 36 invalides
2026-01-31 18:52:09,922 - __main__ - INFO - ✅ Page 13: 33 annonces trouvées
2026-01-31 18:52:09,922 - __main__ - INFO - 🔍 Extraction des détails pour 33 annonces...
2026-01-31 18:52:40,057 - __main__ - INFO -   📊 Détails: 5/33 (15%)
2026-01-31 18:52:56,689 - __main__ - INFO -   📊 Détails: 10/33 (30%)
2026-01-31 18:53:13,738 - __main__ - INFO -   📊 Détails: 15/33 (45%)
2026-01-31 18:53:28,337 - __main__ - INFO -   📊 Détails: 20/33 (61%)
2026-01-31 18:53:42,674 - __main__ - INFO -   📊 Détails: 25/33 (76%)
2026-01-31 18:53:57,097 - __main__ - INFO -   📊 Détails: 30/33 (91%)
2026-01-31 18:54:06,427 - __main__ - INFO -   📊 Détails: 33/33 (100%)
2026-01-31 18:54:06,737 - __main__ - INFO - 📈 La Soukra: 430/576 annonces accumulées
2026-01-31 18:54:06,737 - __main__ - INFO - ⏳ Pause de 2s avant page 14...
2026-01-31 18:54:08,739 - __main__ - INFO - 📄 SCRAPING PAGE 14: https://www.mubawab.tn/fr/st/la-soukra/appartements-a-vendre:p:14
2026-01-31 18:54:11,064 - __main__ - INFO - Total cartes uniques trouvées: 68
2026-01-31 18:54:11,064 - __main__ - INFO - Page 14: 68 cartes trouvées
2026-01-31 18:54:11,624 - __main__ - INFO - ✅ PAGE 14: 33 annonces valides, 35 invalides
2026-01-31 18:54:11,696 - __main__ - INFO - ✅ Page 14: 33 annonces trouvées
2026-01-31 18:54:11,696 - __main__ - INFO - 🔍 Extraction des détails pour 33 annonces...
2026-01-31 18:54:25,829 - __main__ - INFO -   📊 Détails: 5/33 (15%)
2026-01-31 18:54:40,725 - __main__ - INFO -   📊 Détails: 10/33 (30%)
2026-01-31 18:54:56,069 - __main__ - INFO -   📊 Détails: 15/33 (45%)
2026-01-31 18:55:13,381 - __main__ - INFO -   📊 Détails: 20/33 (61%)
2026-01-31 18:55:28,337 - __main__ - INFO -   📊 Détails: 25/33 (76%)
2026-01-31 18:55:43,462 - __main__ - INFO -   📊 Détails: 30/33 (91%)
2026-01-31 18:55:52,732 - __main__ - INFO -   📊 Détails: 33/33 (100%)
2026-01-31 18:55:53,033 - __main__ - INFO - 📈 La Soukra: 463/576 annonces accumulées
2026-01-31 18:55:53,034 - __main__ - INFO - ⏳ Pause de 4s avant page 15...
2026-01-31 18:55:57,035 - __main__ - INFO - 📄 SCRAPING PAGE 15: https://www.mubawab.tn/fr/st/la-soukra/appartements-a-vendre:p:15
2026-01-31 18:55:59,531 - __main__ - INFO - Total cartes uniques trouvées: 68
2026-01-31 18:55:59,531 - __main__ - INFO - Page 15: 68 cartes trouvées
2026-01-31 18:56:00,091 - __main__ - INFO - ✅ PAGE 15: 33 annonces valides, 35 invalides
2026-01-31 18:56:00,171 - __main__ - INFO - ✅ Page 15: 33 annonces trouvées
2026-01-31 18:56:00,172 - __main__ - INFO - 🔍 Extraction des détails pour 33 annonces...
2026-01-31 18:56:14,365 - __main__ - INFO -   📊 Détails: 5/33 (15%)
2026-01-31 18:56:28,976 - __main__ - INFO -   📊 Détails: 10/33 (30%)
2026-01-31 18:56:45,415 - __main__ - INFO -   📊 Détails: 15/33 (45%)
2026-01-31 18:57:03,301 - __main__ - INFO -   📊 Détails: 20/33 (61%)
2026-01-31 18:57:18,261 - __main__ - INFO -   📊 Détails: 25/33 (76%)
2026-01-31 18:57:32,918 - __main__ - INFO -   📊 Détails: 30/33 (91%)
2026-01-31 18:57:41,950 - __main__ - INFO -   📊 Détails: 33/33 (100%)
2026-01-31 18:57:42,251 - __main__ - INFO - 📈 La Soukra: 496/576 annonces accumulées
2026-01-31 18:57:42,251 - __main__ - INFO - ⏳ Pause de 2s avant page 16...
2026-01-31 18:57:44,253 - __main__ - INFO - 📄 SCRAPING PAGE 16: https://www.mubawab.tn/fr/st/la-soukra/appartements-a-vendre:p:16
2026-01-31 18:57:46,675 - __main__ - INFO - Total cartes uniques trouvées: 69
2026-01-31 18:57:46,675 - __main__ - INFO - Page 16: 69 cartes trouvées
2026-01-31 18:57:47,266 - __main__ - INFO - ✅ PAGE 16: 33 annonces valides, 36 invalides
2026-01-31 18:57:47,345 - __main__ - INFO - ✅ Page 16: 33 annonces trouvées
2026-01-31 18:57:47,346 - __main__ - INFO - 🔍 Extraction des détails pour 33 annonces...
2026-01-31 18:58:02,598 - __main__ - INFO -   📊 Détails: 5/33 (15%)
2026-01-31 18:58:19,368 - __main__ - INFO -   📊 Détails: 10/33 (30%)
2026-01-31 18:58:37,945 - __main__ - INFO -   📊 Détails: 15/33 (45%)
2026-01-31 18:58:53,821 - __main__ - INFO -   📊 Détails: 20/33 (61%)
2026-01-31 18:59:08,905 - __main__ - INFO -   📊 Détails: 25/33 (76%)
2026-01-31 18:59:23,958 - __main__ - INFO -   📊 Détails: 30/33 (91%)
2026-01-31 18:59:32,826 - __main__ - INFO -   📊 Détails: 33/33 (100%)
2026-01-31 18:59:33,133 - __main__ - INFO - 📈 La Soukra: 529/576 annonces accumulées
2026-01-31 18:59:33,133 - __main__ - INFO - ⏳ Pause de 2s avant page 17...
2026-01-31 18:59:35,135 - __main__ - INFO - 📄 SCRAPING PAGE 17: https://www.mubawab.tn/fr/st/la-soukra/appartements-a-vendre:p:17
2026-01-31 18:59:37,763 - __main__ - INFO - Total cartes uniques trouvées: 68
2026-01-31 18:59:37,766 - __main__ - INFO - Page 17: 68 cartes trouvées
2026-01-31 18:59:38,347 - __main__ - INFO - ✅ PAGE 17: 33 annonces valides, 35 invalides
2026-01-31 18:59:38,422 - __main__ - INFO - ✅ Page 17: 33 annonces trouvées
2026-01-31 18:59:38,423 - __main__ - INFO - 🔍 Extraction des détails pour 33 annonces...
2026-01-31 18:59:53,034 - __main__ - INFO -   📊 Détails: 5/33 (15%)
2026-01-31 19:00:07,621 - __main__ - INFO -   📊 Détails: 10/33 (30%)
2026-01-31 19:00:22,977 - __main__ - INFO -   📊 Détails: 15/33 (45%)
2026-01-31 19:00:37,533 - __main__ - INFO -   📊 Détails: 20/33 (61%)
2026-01-31 19:00:52,329 - __main__ - INFO -   📊 Détails: 25/33 (76%)
2026-01-31 19:01:06,998 - __main__ - INFO -   📊 Détails: 30/33 (91%)
2026-01-31 19:01:19,376 - __main__ - INFO -   📊 Détails: 33/33 (100%)
2026-01-31 19:01:19,684 - __main__ - INFO - 📈 La Soukra: 562/576 annonces accumulées
2026-01-31 19:01:19,684 - __main__ - INFO - 📄 DERNIÈRE PAGE ATTEINTE POUR La Soukra
2026-01-31 19:01:19,684 - __main__ - INFO - ✅ FIN SCRAPING La Soukra: 562 annonces
2026-01-31 19:01:19,684 - __main__ - INFO - ✅ La Soukra: 562 annonces scrapées
2026-01-31 19:01:19,684 - __main__ - INFO - ⏳ Pause de 5s avant région suivante...
2026-01-31 19:01:24,687 - __main__ - INFO - 
============================================================
2026-01-31 19:01:24,687 - __main__ - INFO - 🎯 DÉBUT RÉGION: Le Kram
2026-01-31 19:01:24,687 - __main__ - INFO - ============================================================
2026-01-31 19:01:24,687 - __main__ - INFO - 🚀 DÉBUT SCRAPING RÉGION: Le Kram
2026-01-31 19:01:24,687 - __main__ - INFO - Détection pour: https://www.mubawab.tn/fr/st/le-kram/appartements-a-vendre
2026-01-31 19:01:28,618 - __main__ - INFO - ✅ Détecté: 446 annonces au total
2026-01-31 19:01:28,702 - __main__ - INFO - 📊 Estimation: 13 pages à 35 annonces/page
2026-01-31 19:01:28,703 - __main__ - INFO - 📊 Le Kram: 446 annonces détectées
2026-01-31 19:01:28,704 - __main__ - INFO - 📄 Objectif: 446 annonces sur 13/13 pages
2026-01-31 19:01:28,705 - __main__ - INFO - 📈 Estimation: 35 annonces par page
2026-01-31 19:01:28,707 - __main__ - INFO - 📄 SCRAPING PAGE 1: https://www.mubawab.tn/fr/st/le-kram/appartements-a-vendre
2026-01-31 19:01:32,141 - __main__ - INFO - Total cartes uniques trouvées: 68
2026-01-31 19:01:32,141 - __main__ - INFO - Page 1: 68 cartes trouvées
2026-01-31 19:01:32,741 - __main__ - INFO - ✅ PAGE 1: 33 annonces valides, 35 invalides
2026-01-31 19:01:32,811 - __main__ - INFO - ✅ Page 1: 33 annonces trouvées
2026-01-31 19:01:32,811 - __main__ - INFO - 🔍 Extraction des détails pour 33 annonces...
2026-01-31 19:01:47,401 - __main__ - INFO -   📊 Détails: 5/33 (15%)
2026-01-31 19:02:05,433 - __main__ - INFO -   📊 Détails: 10/33 (30%)
2026-01-31 19:02:20,721 - __main__ - INFO -   📊 Détails: 15/33 (45%)
2026-01-31 19:02:36,481 - __main__ - INFO -   📊 Détails: 20/33 (61%)
2026-01-31 19:02:50,718 - __main__ - INFO -   📊 Détails: 25/33 (76%)
2026-01-31 19:03:05,469 - __main__ - INFO -   📊 Détails: 30/33 (91%)
2026-01-31 19:03:16,284 - __main__ - INFO -   📊 Détails: 33/33 (100%)
2026-01-31 19:03:16,586 - __main__ - INFO - 📈 Le Kram: 33/446 annonces accumulées
2026-01-31 19:03:16,586 - __main__ - INFO - ⏳ Pause de 2s avant page 2...
2026-01-31 19:03:18,587 - __main__ - INFO - 📄 SCRAPING PAGE 2: https://www.mubawab.tn/fr/st/le-kram/appartements-a-vendre:p:2
2026-01-31 19:03:22,142 - __main__ - INFO - Total cartes uniques trouvées: 68
2026-01-31 19:03:22,142 - __main__ - INFO - Page 2: 68 cartes trouvées
2026-01-31 19:03:22,698 - __main__ - INFO - ✅ PAGE 2: 31 annonces valides, 37 invalides
2026-01-31 19:03:22,783 - __main__ - INFO - ✅ Page 2: 31 annonces trouvées
2026-01-31 19:03:22,783 - __main__ - INFO - 🔍 Extraction des détails pour 31 annonces...
2026-01-31 19:03:39,718 - __main__ - INFO -   📊 Détails: 5/31 (16%)
2026-01-31 19:03:55,683 - __main__ - INFO -   📊 Détails: 10/31 (32%)
2026-01-31 19:04:11,328 - __main__ - INFO -   📊 Détails: 15/31 (48%)
2026-01-31 19:04:27,903 - __main__ - INFO -   📊 Détails: 20/31 (65%)
2026-01-31 19:04:44,625 - __main__ - INFO -   📊 Détails: 25/31 (81%)
2026-01-31 19:05:00,072 - __main__ - INFO -   📊 Détails: 30/31 (97%)
2026-01-31 19:05:02,971 - __main__ - INFO -   📊 Détails: 31/31 (100%)
2026-01-31 19:05:03,273 - __main__ - INFO - 📈 Le Kram: 64/446 annonces accumulées
2026-01-31 19:05:03,273 - __main__ - INFO - ⏳ Pause de 2s avant page 3...
2026-01-31 19:05:05,275 - __main__ - INFO - 📄 SCRAPING PAGE 3: https://www.mubawab.tn/fr/st/le-kram/appartements-a-vendre:p:3
2026-01-31 19:05:07,910 - __main__ - INFO - Total cartes uniques trouvées: 68
2026-01-31 19:05:07,910 - __main__ - INFO - Page 3: 68 cartes trouvées
2026-01-31 19:05:08,454 - __main__ - INFO - ✅ PAGE 3: 33 annonces valides, 35 invalides
2026-01-31 19:05:08,524 - __main__ - INFO - ✅ Page 3: 33 annonces trouvées
2026-01-31 19:05:08,525 - __main__ - INFO - 🔍 Extraction des détails pour 33 annonces...
2026-01-31 19:05:23,037 - __main__ - INFO -   📊 Détails: 5/33 (15%)
2026-01-31 19:05:37,722 - __main__ - INFO -   📊 Détails: 10/33 (30%)
2026-01-31 19:05:52,286 - __main__ - INFO -   📊 Détails: 15/33 (45%)
2026-01-31 19:06:06,675 - __main__ - INFO -   📊 Détails: 20/33 (61%)
2026-01-31 19:06:21,355 - __main__ - INFO -   📊 Détails: 25/33 (76%)
2026-01-31 19:06:35,678 - __main__ - INFO -   📊 Détails: 30/33 (91%)
2026-01-31 19:06:44,563 - __main__ - INFO -   📊 Détails: 33/33 (100%)
2026-01-31 19:06:44,866 - __main__ - INFO - 📈 Le Kram: 97/446 annonces accumulées
2026-01-31 19:06:44,866 - __main__ - INFO - ⏳ Pause de 2s avant page 4...
2026-01-31 19:06:46,869 - __main__ - INFO - 📄 SCRAPING PAGE 4: https://www.mubawab.tn/fr/st/le-kram/appartements-a-vendre:p:4
2026-01-31 19:06:49,513 - __main__ - INFO - Total cartes uniques trouvées: 68
2026-01-31 19:06:49,513 - __main__ - INFO - Page 4: 68 cartes trouvées
2026-01-31 19:06:50,109 - __main__ - INFO - ✅ PAGE 4: 32 annonces valides, 36 invalides
2026-01-31 19:06:50,186 - __main__ - INFO - ✅ Page 4: 32 annonces trouvées
2026-01-31 19:06:50,187 - __main__ - INFO - 🔍 Extraction des détails pour 32 annonces...
2026-01-31 19:07:06,515 - __main__ - INFO -   📊 Détails: 5/32 (16%)
2026-01-31 19:07:22,502 - __main__ - INFO -   📊 Détails: 10/32 (31%)
2026-01-31 19:07:39,529 - __main__ - INFO -   📊 Détails: 15/32 (47%)
2026-01-31 19:07:54,012 - __main__ - INFO -   📊 Détails: 20/32 (62%)
2026-01-31 19:08:08,306 - __main__ - INFO -   📊 Détails: 25/32 (78%)
2026-01-31 19:08:23,021 - __main__ - INFO -   📊 Détails: 30/32 (94%)
2026-01-31 19:08:28,982 - __main__ - INFO -   📊 Détails: 32/32 (100%)
2026-01-31 19:08:29,297 - __main__ - INFO - 📈 Le Kram: 129/446 annonces accumulées
2026-01-31 19:08:29,297 - __main__ - INFO - ⏳ Pause de 4s avant page 5...
2026-01-31 19:08:33,302 - __main__ - INFO - 📄 SCRAPING PAGE 5: https://www.mubawab.tn/fr/st/le-kram/appartements-a-vendre:p:5
2026-01-31 19:08:35,610 - __main__ - INFO - Total cartes uniques trouvées: 69
2026-01-31 19:08:35,610 - __main__ - INFO - Page 5: 69 cartes trouvées
2026-01-31 19:08:36,167 - __main__ - INFO - ✅ PAGE 5: 33 annonces valides, 36 invalides
2026-01-31 19:08:36,246 - __main__ - INFO - ✅ Page 5: 33 annonces trouvées
2026-01-31 19:08:36,246 - __main__ - INFO - 🔍 Extraction des détails pour 33 annonces...
2026-01-31 19:08:50,403 - __main__ - INFO -   📊 Détails: 5/33 (15%)
2026-01-31 19:09:05,191 - __main__ - INFO -   📊 Détails: 10/33 (30%)
2026-01-31 19:09:22,381 - __main__ - INFO -   📊 Détails: 15/33 (45%)
2026-01-31 19:09:39,335 - __main__ - INFO -   📊 Détails: 20/33 (61%)
2026-01-31 19:09:53,822 - __main__ - INFO -   📊 Détails: 25/33 (76%)
2026-01-31 19:10:08,675 - __main__ - INFO -   📊 Détails: 30/33 (91%)
2026-01-31 19:10:17,848 - __main__ - INFO -   📊 Détails: 33/33 (100%)
2026-01-31 19:10:18,160 - __main__ - INFO - 📈 Le Kram: 162/446 annonces accumulées
2026-01-31 19:10:18,160 - __main__ - INFO - ⏳ Pause de 2s avant page 6...
2026-01-31 19:10:20,161 - __main__ - INFO - 📄 SCRAPING PAGE 6: https://www.mubawab.tn/fr/st/le-kram/appartements-a-vendre:p:6
2026-01-31 19:10:22,970 - __main__ - INFO - Total cartes uniques trouvées: 69
2026-01-31 19:10:22,985 - __main__ - INFO - Page 6: 69 cartes trouvées
2026-01-31 19:10:23,541 - __main__ - INFO - ✅ PAGE 6: 33 annonces valides, 36 invalides
2026-01-31 19:10:23,610 - __main__ - INFO - ✅ Page 6: 33 annonces trouvées
2026-01-31 19:10:23,610 - __main__ - INFO - 🔍 Extraction des détails pour 33 annonces...
2026-01-31 19:10:40,223 - __main__ - INFO -   📊 Détails: 5/33 (15%)
2026-01-31 19:10:57,960 - __main__ - INFO -   📊 Détails: 10/33 (30%)
2026-01-31 19:11:13,990 - __main__ - INFO -   📊 Détails: 15/33 (45%)
2026-01-31 19:11:29,685 - __main__ - INFO -   📊 Détails: 20/33 (61%)
2026-01-31 19:11:48,343 - __main__ - INFO -   📊 Détails: 25/33 (76%)
2026-01-31 19:12:03,489 - __main__ - INFO -   📊 Détails: 30/33 (91%)
2026-01-31 19:12:12,483 - __main__ - INFO -   📊 Détails: 33/33 (100%)
2026-01-31 19:12:12,784 - __main__ - INFO - 📈 Le Kram: 195/446 annonces accumulées
2026-01-31 19:12:12,785 - __main__ - INFO - ⏳ Pause de 2s avant page 7...
2026-01-31 19:12:14,786 - __main__ - INFO - 📄 SCRAPING PAGE 7: https://www.mubawab.tn/fr/st/le-kram/appartements-a-vendre:p:7
2026-01-31 19:12:17,324 - __main__ - INFO - Total cartes uniques trouvées: 69
2026-01-31 19:12:17,324 - __main__ - INFO - Page 7: 69 cartes trouvées
2026-01-31 19:12:17,956 - __main__ - INFO - ✅ PAGE 7: 33 annonces valides, 36 invalides
2026-01-31 19:12:18,099 - __main__ - INFO - ✅ Page 7: 33 annonces trouvées
2026-01-31 19:12:18,198 - __main__ - INFO - 🔍 Extraction des détails pour 33 annonces...
2026-01-31 19:12:35,422 - __main__ - INFO -   📊 Détails: 5/33 (15%)
2026-01-31 19:12:51,816 - __main__ - INFO -   📊 Détails: 10/33 (30%)
2026-01-31 19:13:06,882 - __main__ - INFO -   📊 Détails: 15/33 (45%)
2026-01-31 19:13:22,260 - __main__ - INFO -   📊 Détails: 20/33 (61%)
2026-01-31 19:13:37,379 - __main__ - INFO -   📊 Détails: 25/33 (76%)
2026-01-31 19:13:52,776 - __main__ - INFO -   📊 Détails: 30/33 (91%)
2026-01-31 19:14:01,733 - __main__ - INFO -   📊 Détails: 33/33 (100%)
2026-01-31 19:14:02,050 - __main__ - INFO - 📈 Le Kram: 228/446 annonces accumulées
2026-01-31 19:14:02,050 - __main__ - INFO - ⏳ Pause de 2s avant page 8...
2026-01-31 19:14:04,052 - __main__ - INFO - 📄 SCRAPING PAGE 8: https://www.mubawab.tn/fr/st/le-kram/appartements-a-vendre:p:8
2026-01-31 19:14:06,566 - __main__ - INFO - Total cartes uniques trouvées: 69
2026-01-31 19:14:06,568 - __main__ - INFO - Page 8: 69 cartes trouvées
2026-01-31 19:14:07,100 - __main__ - INFO - ✅ PAGE 8: 33 annonces valides, 36 invalides
2026-01-31 19:14:07,206 - __main__ - INFO - ✅ Page 8: 33 annonces trouvées
2026-01-31 19:14:07,206 - __main__ - INFO - 🔍 Extraction des détails pour 33 annonces...
2026-01-31 19:14:21,909 - __main__ - INFO -   📊 Détails: 5/33 (15%)
2026-01-31 19:14:37,854 - __main__ - INFO -   📊 Détails: 10/33 (30%)
2026-01-31 19:14:52,590 - __main__ - INFO -   📊 Détails: 15/33 (45%)
2026-01-31 19:15:08,105 - __main__ - INFO -   📊 Détails: 20/33 (61%)
2026-01-31 19:15:27,200 - __main__ - INFO -   📊 Détails: 25/33 (76%)
2026-01-31 19:16:09,699 - __main__ - INFO -   📊 Détails: 30/33 (91%)
2026-01-31 19:16:19,335 - __main__ - INFO -   📊 Détails: 33/33 (100%)
2026-01-31 19:16:19,650 - __main__ - INFO - 📈 Le Kram: 261/446 annonces accumulées
2026-01-31 19:16:19,650 - __main__ - INFO - ⏳ Pause de 2s avant page 9...
2026-01-31 19:16:21,651 - __main__ - INFO - 📄 SCRAPING PAGE 9: https://www.mubawab.tn/fr/st/le-kram/appartements-a-vendre:p:9
2026-01-31 19:16:24,687 - __main__ - INFO - Total cartes uniques trouvées: 68
2026-01-31 19:16:24,687 - __main__ - INFO - Page 9: 68 cartes trouvées
2026-01-31 19:16:25,308 - __main__ - INFO - ✅ PAGE 9: 32 annonces valides, 36 invalides
2026-01-31 19:16:25,379 - __main__ - INFO - ✅ Page 9: 32 annonces trouvées
2026-01-31 19:16:25,380 - __main__ - INFO - 🔍 Extraction des détails pour 32 annonces...
2026-01-31 19:16:39,971 - __main__ - INFO -   📊 Détails: 5/32 (16%)
2026-01-31 19:16:57,099 - __main__ - INFO -   📊 Détails: 10/32 (31%)
2026-01-31 19:17:12,464 - __main__ - INFO -   📊 Détails: 15/32 (47%)
2026-01-31 19:17:29,143 - __main__ - INFO -   📊 Détails: 20/32 (62%)
2026-01-31 19:17:45,828 - __main__ - INFO -   📊 Détails: 25/32 (78%)
2026-01-31 19:18:00,864 - __main__ - INFO -   📊 Détails: 30/32 (94%)
2026-01-31 19:18:06,773 - __main__ - INFO -   📊 Détails: 32/32 (100%)
2026-01-31 19:18:07,076 - __main__ - INFO - 📈 Le Kram: 293/446 annonces accumulées
2026-01-31 19:18:07,076 - __main__ - INFO - ⏳ Pause de 4s avant page 10...
2026-01-31 19:18:11,079 - __main__ - INFO - 📄 SCRAPING PAGE 10: https://www.mubawab.tn/fr/st/le-kram/appartements-a-vendre:p:10
2026-01-31 19:18:13,642 - __main__ - INFO - Total cartes uniques trouvées: 68
2026-01-31 19:18:13,642 - __main__ - INFO - Page 10: 68 cartes trouvées
2026-01-31 19:18:14,194 - __main__ - INFO - ✅ PAGE 10: 32 annonces valides, 36 invalides
2026-01-31 19:18:14,266 - __main__ - INFO - ✅ Page 10: 32 annonces trouvées
2026-01-31 19:18:14,267 - __main__ - INFO - 🔍 Extraction des détails pour 32 annonces...
2026-01-31 19:18:33,228 - __main__ - INFO -   📊 Détails: 5/32 (16%)
2026-01-31 19:18:50,336 - __main__ - INFO -   📊 Détails: 10/32 (31%)
2026-01-31 19:19:06,345 - __main__ - INFO -   📊 Détails: 15/32 (47%)
2026-01-31 19:19:23,627 - __main__ - INFO -   📊 Détails: 20/32 (62%)
2026-01-31 19:19:38,800 - __main__ - INFO -   📊 Détails: 25/32 (78%)
2026-01-31 19:19:54,850 - __main__ - INFO -   📊 Détails: 30/32 (94%)
2026-01-31 19:20:02,059 - __main__ - INFO -   📊 Détails: 32/32 (100%)
2026-01-31 19:20:02,360 - __main__ - INFO - 📈 Le Kram: 325/446 annonces accumulées
2026-01-31 19:20:02,360 - __main__ - INFO - ⏳ Pause de 2s avant page 11...
2026-01-31 19:20:04,361 - __main__ - INFO - 📄 SCRAPING PAGE 11: https://www.mubawab.tn/fr/st/le-kram/appartements-a-vendre:p:11
2026-01-31 19:20:07,831 - __main__ - INFO - Total cartes uniques trouvées: 68
2026-01-31 19:20:07,831 - __main__ - INFO - Page 11: 68 cartes trouvées
2026-01-31 19:20:08,406 - __main__ - INFO - ✅ PAGE 11: 32 annonces valides, 36 invalides
2026-01-31 19:20:08,493 - __main__ - INFO - ✅ Page 11: 32 annonces trouvées
2026-01-31 19:20:08,494 - __main__ - INFO - 🔍 Extraction des détails pour 32 annonces...
2026-01-31 19:20:24,461 - __main__ - INFO -   📊 Détails: 5/32 (16%)
2026-01-31 19:20:39,962 - __main__ - INFO -   📊 Détails: 10/32 (31%)
2026-01-31 19:20:55,430 - __main__ - INFO -   📊 Détails: 15/32 (47%)
2026-01-31 19:21:11,147 - __main__ - INFO -   📊 Détails: 20/32 (62%)
2026-01-31 19:21:28,625 - __main__ - INFO -   📊 Détails: 25/32 (78%)
2026-01-31 19:21:44,254 - __main__ - INFO -   📊 Détails: 30/32 (94%)
2026-01-31 19:21:50,226 - __main__ - INFO -   📊 Détails: 32/32 (100%)
2026-01-31 19:21:50,528 - __main__ - INFO - 📈 Le Kram: 357/446 annonces accumulées
2026-01-31 19:21:50,528 - __main__ - INFO - ⏳ Pause de 2s avant page 12...
2026-01-31 19:21:52,532 - __main__ - INFO - 📄 SCRAPING PAGE 12: https://www.mubawab.tn/fr/st/le-kram/appartements-a-vendre:p:12
2026-01-31 19:21:55,013 - __main__ - INFO - Total cartes uniques trouvées: 69
2026-01-31 19:21:55,013 - __main__ - INFO - Page 12: 69 cartes trouvées
2026-01-31 19:21:55,581 - __main__ - INFO - ✅ PAGE 12: 33 annonces valides, 36 invalides
2026-01-31 19:21:55,663 - __main__ - INFO - ✅ Page 12: 33 annonces trouvées
2026-01-31 19:21:55,663 - __main__ - INFO - 🔍 Extraction des détails pour 33 annonces...
2026-01-31 19:22:10,540 - __main__ - INFO -   📊 Détails: 5/33 (15%)
2026-01-31 19:22:25,551 - __main__ - INFO -   📊 Détails: 10/33 (30%)
2026-01-31 19:22:40,088 - __main__ - INFO -   📊 Détails: 15/33 (45%)
2026-01-31 19:23:00,336 - __main__ - INFO -   📊 Détails: 20/33 (61%)
2026-01-31 19:23:17,460 - __main__ - INFO -   📊 Détails: 25/33 (76%)
2026-01-31 19:23:32,672 - __main__ - INFO -   📊 Détails: 30/33 (91%)
2026-01-31 19:23:49,097 - __main__ - INFO -   📊 Détails: 33/33 (100%)
2026-01-31 19:23:49,400 - __main__ - INFO - 📈 Le Kram: 390/446 annonces accumulées
2026-01-31 19:23:49,400 - __main__ - INFO - ⏳ Pause de 2s avant page 13...
2026-01-31 19:23:51,402 - __main__ - INFO - 📄 SCRAPING PAGE 13: https://www.mubawab.tn/fr/st/le-kram/appartements-a-vendre:p:13
2026-01-31 19:23:53,853 - __main__ - INFO - Total cartes uniques trouvées: 34
2026-01-31 19:23:53,853 - __main__ - INFO - Page 13: 34 cartes trouvées
2026-01-31 19:23:54,133 - __main__ - INFO - ✅ PAGE 13: 16 annonces valides, 18 invalides
2026-01-31 19:23:54,191 - __main__ - INFO - ✅ Page 13: 16 annonces trouvées
2026-01-31 19:23:54,192 - __main__ - INFO - 🔍 Extraction des détails pour 16 annonces...
2026-01-31 19:24:15,290 - __main__ - INFO -   📊 Détails: 5/16 (31%)
2026-01-31 19:24:33,387 - __main__ - INFO -   📊 Détails: 10/16 (62%)
2026-01-31 19:24:48,970 - __main__ - INFO -   📊 Détails: 15/16 (94%)
2026-01-31 19:24:52,024 - __main__ - INFO -   📊 Détails: 16/16 (100%)
2026-01-31 19:24:52,326 - __main__ - INFO - 📈 Le Kram: 406/446 annonces accumulées
2026-01-31 19:24:52,326 - __main__ - INFO - 📄 DERNIÈRE PAGE ATTEINTE POUR Le Kram
2026-01-31 19:24:52,326 - __main__ - INFO - ✅ FIN SCRAPING Le Kram: 406 annonces
2026-01-31 19:24:52,326 - __main__ - INFO - ✅ Le Kram: 406 annonces scrapées
2026-01-31 19:24:52,326 - __main__ - INFO - ⏳ Pause de 5s avant région suivante...
2026-01-31 19:24:57,329 - __main__ - INFO - 
============================================================
2026-01-31 19:24:57,331 - __main__ - INFO - 🎯 DÉBUT RÉGION: Ariana Ville
2026-01-31 19:24:57,331 - __main__ - INFO - ============================================================
2026-01-31 19:24:57,333 - __main__ - INFO - 🚀 DÉBUT SCRAPING RÉGION: Ariana Ville
2026-01-31 19:24:57,343 - __main__ - INFO - Détection pour: https://www.mubawab.tn/fr/st/ariana-ville/appartements-a-vendre
2026-01-31 19:24:59,503 - __main__ - INFO - ✅ Détecté: 351 annonces au total
2026-01-31 19:24:59,566 - __main__ - INFO - 📊 Estimation: 11 pages à 35 annonces/page
2026-01-31 19:24:59,567 - __main__ - INFO - 📊 Ariana Ville: 351 annonces détectées
2026-01-31 19:24:59,568 - __main__ - INFO - 📄 Objectif: 351 annonces sur 11/11 pages
2026-01-31 19:24:59,568 - __main__ - INFO - 📈 Estimation: 35 annonces par page
2026-01-31 19:24:59,569 - __main__ - INFO - 📄 SCRAPING PAGE 1: https://www.mubawab.tn/fr/st/ariana-ville/appartements-a-vendre
2026-01-31 19:25:02,425 - __main__ - INFO - Total cartes uniques trouvées: 68
2026-01-31 19:25:02,425 - __main__ - INFO - Page 1: 68 cartes trouvées
2026-01-31 19:25:02,972 - __main__ - INFO - ✅ PAGE 1: 32 annonces valides, 36 invalides
2026-01-31 19:25:03,059 - __main__ - INFO - ✅ Page 1: 32 annonces trouvées
2026-01-31 19:25:03,059 - __main__ - INFO - 🔍 Extraction des détails pour 32 annonces...
2026-01-31 19:25:17,876 - __main__ - INFO -   📊 Détails: 5/32 (16%)
2026-01-31 19:25:36,197 - __main__ - INFO -   📊 Détails: 10/32 (31%)
2026-01-31 19:25:51,279 - __main__ - INFO -   📊 Détails: 15/32 (47%)
2026-01-31 19:26:11,846 - __main__ - INFO -   📊 Détails: 20/32 (62%)
2026-01-31 19:26:28,625 - __main__ - INFO -   📊 Détails: 25/32 (78%)
2026-01-31 19:26:43,998 - __main__ - INFO -   📊 Détails: 30/32 (94%)
2026-01-31 19:26:49,981 - __main__ - INFO -   📊 Détails: 32/32 (100%)
2026-01-31 19:26:50,288 - __main__ - INFO - 📈 Ariana Ville: 32/351 annonces accumulées
2026-01-31 19:26:50,288 - __main__ - INFO - ⏳ Pause de 2s avant page 2...
2026-01-31 19:26:52,289 - __main__ - INFO - 📄 SCRAPING PAGE 2: https://www.mubawab.tn/fr/st/ariana-ville/appartements-a-vendre:p:2
2026-01-31 19:26:54,893 - __main__ - INFO - Total cartes uniques trouvées: 68
2026-01-31 19:26:54,893 - __main__ - INFO - Page 2: 68 cartes trouvées
2026-01-31 19:26:55,468 - __main__ - INFO - ✅ PAGE 2: 33 annonces valides, 35 invalides
2026-01-31 19:26:55,537 - __main__ - INFO - ✅ Page 2: 33 annonces trouvées
2026-01-31 19:26:55,538 - __main__ - INFO - 🔍 Extraction des détails pour 33 annonces...
2026-01-31 19:27:10,369 - __main__ - INFO -   📊 Détails: 5/33 (15%)
2026-01-31 19:27:25,190 - __main__ - INFO -   📊 Détails: 10/33 (30%)
2026-01-31 19:27:42,718 - __main__ - INFO -   📊 Détails: 15/33 (45%)
2026-01-31 19:28:00,790 - __main__ - INFO -   📊 Détails: 20/33 (61%)
2026-01-31 19:28:17,728 - __main__ - INFO -   📊 Détails: 25/33 (76%)
2026-01-31 19:28:33,004 - __main__ - INFO -   📊 Détails: 30/33 (91%)
2026-01-31 19:28:41,925 - __main__ - INFO -   📊 Détails: 33/33 (100%)
2026-01-31 19:28:42,237 - __main__ - INFO - 📈 Ariana Ville: 65/351 annonces accumulées
2026-01-31 19:28:42,239 - __main__ - INFO - ⏳ Pause de 2s avant page 3...
2026-01-31 19:28:44,241 - __main__ - INFO - 📄 SCRAPING PAGE 3: https://www.mubawab.tn/fr/st/ariana-ville/appartements-a-vendre:p:3
2026-01-31 19:28:47,105 - __main__ - INFO - Total cartes uniques trouvées: 68
2026-01-31 19:28:47,105 - __main__ - INFO - Page 3: 68 cartes trouvées
2026-01-31 19:28:47,619 - __main__ - INFO - ✅ PAGE 3: 33 annonces valides, 35 invalides
2026-01-31 19:28:47,692 - __main__ - INFO - ✅ Page 3: 33 annonces trouvées
2026-01-31 19:28:47,692 - __main__ - INFO - 🔍 Extraction des détails pour 33 annonces...
2026-01-31 19:29:03,050 - __main__ - INFO -   📊 Détails: 5/33 (15%)
2026-01-31 19:29:18,621 - __main__ - INFO -   📊 Détails: 10/33 (30%)
2026-01-31 19:29:34,205 - __main__ - INFO -   📊 Détails: 15/33 (45%)
2026-01-31 19:29:49,093 - __main__ - INFO -   📊 Détails: 20/33 (61%)
2026-01-31 19:30:04,979 - __main__ - INFO -   📊 Détails: 25/33 (76%)
2026-01-31 19:30:20,302 - __main__ - INFO -   📊 Détails: 30/33 (91%)
2026-01-31 19:30:29,789 - __main__ - INFO -   📊 Détails: 33/33 (100%)
2026-01-31 19:30:30,092 - __main__ - INFO - 📈 Ariana Ville: 98/351 annonces accumulées
2026-01-31 19:30:30,092 - __main__ - INFO - ⏳ Pause de 2s avant page 4...
2026-01-31 19:30:32,093 - __main__ - INFO - 📄 SCRAPING PAGE 4: https://www.mubawab.tn/fr/st/ariana-ville/appartements-a-vendre:p:4
2026-01-31 19:30:35,139 - __main__ - INFO - Total cartes uniques trouvées: 68
2026-01-31 19:30:35,140 - __main__ - INFO - Page 4: 68 cartes trouvées
2026-01-31 19:30:35,672 - __main__ - INFO - ✅ PAGE 4: 33 annonces valides, 35 invalides
2026-01-31 19:30:35,737 - __main__ - INFO - ✅ Page 4: 33 annonces trouvées
2026-01-31 19:30:35,737 - __main__ - INFO - 🔍 Extraction des détails pour 33 annonces...
2026-01-31 19:30:52,781 - __main__ - INFO -   📊 Détails: 5/33 (15%)
2026-01-31 19:31:07,490 - __main__ - INFO -   📊 Détails: 10/33 (30%)
2026-01-31 19:31:22,340 - __main__ - INFO -   📊 Détails: 15/33 (45%)
2026-01-31 19:31:36,816 - __main__ - INFO -   📊 Détails: 20/33 (61%)
2026-01-31 19:31:51,249 - __main__ - INFO -   📊 Détails: 25/33 (76%)
2026-01-31 19:32:05,836 - __main__ - INFO -   📊 Détails: 30/33 (91%)
2026-01-31 19:32:15,348 - __main__ - INFO -   📊 Détails: 33/33 (100%)
2026-01-31 19:32:15,654 - __main__ - INFO - 📈 Ariana Ville: 131/351 annonces accumulées
2026-01-31 19:32:15,654 - __main__ - INFO - ⏳ Pause de 4s avant page 5...
2026-01-31 19:32:19,654 - __main__ - INFO - 📄 SCRAPING PAGE 5: https://www.mubawab.tn/fr/st/ariana-ville/appartements-a-vendre:p:5
2026-01-31 19:32:22,077 - __main__ - INFO - Total cartes uniques trouvées: 69
2026-01-31 19:32:22,077 - __main__ - INFO - Page 5: 69 cartes trouvées
2026-01-31 19:32:22,691 - __main__ - INFO - ✅ PAGE 5: 33 annonces valides, 36 invalides
2026-01-31 19:32:22,761 - __main__ - INFO - ✅ Page 5: 33 annonces trouvées
2026-01-31 19:32:22,761 - __main__ - INFO - 🔍 Extraction des détails pour 33 annonces...
2026-01-31 19:32:37,852 - __main__ - INFO -   📊 Détails: 5/33 (15%)
2026-01-31 19:32:54,643 - __main__ - INFO -   📊 Détails: 10/33 (30%)
2026-01-31 19:33:09,571 - __main__ - INFO -   📊 Détails: 15/33 (45%)
2026-01-31 19:33:24,793 - __main__ - INFO -   📊 Détails: 20/33 (61%)
2026-01-31 19:33:40,242 - __main__ - INFO -   📊 Détails: 25/33 (76%)
2026-01-31 19:33:55,073 - __main__ - INFO -   📊 Détails: 30/33 (91%)
2026-01-31 19:34:03,911 - __main__ - INFO -   📊 Détails: 33/33 (100%)
2026-01-31 19:34:04,212 - __main__ - INFO - 📈 Ariana Ville: 164/351 annonces accumulées
2026-01-31 19:34:04,212 - __main__ - INFO - ⏳ Pause de 2s avant page 6...
2026-01-31 19:34:06,213 - __main__ - INFO - 📄 SCRAPING PAGE 6: https://www.mubawab.tn/fr/st/ariana-ville/appartements-a-vendre:p:6
2026-01-31 19:34:08,801 - __main__ - INFO - Total cartes uniques trouvées: 68
2026-01-31 19:34:08,801 - __main__ - INFO - Page 6: 68 cartes trouvées
2026-01-31 19:34:09,304 - __main__ - INFO - ✅ PAGE 6: 33 annonces valides, 35 invalides
2026-01-31 19:34:09,373 - __main__ - INFO - ✅ Page 6: 33 annonces trouvées
2026-01-31 19:34:09,373 - __main__ - INFO - 🔍 Extraction des détails pour 33 annonces...
2026-01-31 19:34:23,622 - __main__ - INFO -   📊 Détails: 5/33 (15%)
2026-01-31 19:34:38,388 - __main__ - INFO -   📊 Détails: 10/33 (30%)
2026-01-31 19:34:52,718 - __main__ - INFO -   📊 Détails: 15/33 (45%)
2026-01-31 19:35:07,356 - __main__ - INFO -   📊 Détails: 20/33 (61%)
2026-01-31 19:35:22,279 - __main__ - INFO -   📊 Détails: 25/33 (76%)
2026-01-31 19:35:37,847 - __main__ - INFO -   📊 Détails: 30/33 (91%)
2026-01-31 19:35:47,027 - __main__ - INFO -   📊 Détails: 33/33 (100%)
2026-01-31 19:35:47,336 - __main__ - INFO - 📈 Ariana Ville: 197/351 annonces accumulées
2026-01-31 19:35:47,336 - __main__ - INFO - ⏳ Pause de 2s avant page 7...
2026-01-31 19:35:49,337 - __main__ - INFO - 📄 SCRAPING PAGE 7: https://www.mubawab.tn/fr/st/ariana-ville/appartements-a-vendre:p:7
2026-01-31 19:35:52,122 - __main__ - INFO - Total cartes uniques trouvées: 69
2026-01-31 19:35:52,122 - __main__ - INFO - Page 7: 69 cartes trouvées
2026-01-31 19:35:52,649 - __main__ - INFO - ✅ PAGE 7: 33 annonces valides, 36 invalides
2026-01-31 19:35:52,724 - __main__ - INFO - ✅ Page 7: 33 annonces trouvées
2026-01-31 19:35:52,724 - __main__ - INFO - 🔍 Extraction des détails pour 33 annonces...
2026-01-31 19:36:07,077 - __main__ - INFO -   📊 Détails: 5/33 (15%)
2026-01-31 19:36:21,912 - __main__ - INFO -   📊 Détails: 10/33 (30%)
2026-01-31 19:36:36,353 - __main__ - INFO -   📊 Détails: 15/33 (45%)
2026-01-31 19:36:51,330 - __main__ - INFO -   📊 Détails: 20/33 (61%)
2026-01-31 19:37:06,855 - __main__ - INFO -   📊 Détails: 25/33 (76%)
2026-01-31 19:37:21,703 - __main__ - INFO -   📊 Détails: 30/33 (91%)
2026-01-31 19:37:30,726 - __main__ - INFO -   📊 Détails: 33/33 (100%)
2026-01-31 19:37:31,037 - __main__ - INFO - 📈 Ariana Ville: 230/351 annonces accumulées
2026-01-31 19:37:31,037 - __main__ - INFO - ⏳ Pause de 2s avant page 8...
2026-01-31 19:37:33,039 - __main__ - INFO - 📄 SCRAPING PAGE 8: https://www.mubawab.tn/fr/st/ariana-ville/appartements-a-vendre:p:8
2026-01-31 19:37:36,067 - __main__ - INFO - Total cartes uniques trouvées: 68
2026-01-31 19:37:36,067 - __main__ - INFO - Page 8: 68 cartes trouvées
2026-01-31 19:37:36,605 - __main__ - INFO - ✅ PAGE 8: 33 annonces valides, 35 invalides
2026-01-31 19:37:36,674 - __main__ - INFO - ✅ Page 8: 33 annonces trouvées
2026-01-31 19:37:36,674 - __main__ - INFO - 🔍 Extraction des détails pour 33 annonces...
2026-01-31 19:37:52,308 - __main__ - INFO -   📊 Détails: 5/33 (15%)
2026-01-31 19:38:07,198 - __main__ - INFO -   📊 Détails: 10/33 (30%)
2026-01-31 19:38:23,163 - __main__ - INFO -   📊 Détails: 15/33 (45%)
2026-01-31 19:38:41,459 - __main__ - INFO -   📊 Détails: 20/33 (61%)
2026-01-31 19:38:57,447 - __main__ - INFO -   📊 Détails: 25/33 (76%)
2026-01-31 19:39:12,254 - __main__ - INFO -   📊 Détails: 30/33 (91%)
2026-01-31 19:39:21,183 - __main__ - INFO -   📊 Détails: 33/33 (100%)
2026-01-31 19:39:21,488 - __main__ - INFO - 📈 Ariana Ville: 263/351 annonces accumulées
2026-01-31 19:39:21,488 - __main__ - INFO - ⏳ Pause de 2s avant page 9...
2026-01-31 19:39:23,489 - __main__ - INFO - 📄 SCRAPING PAGE 9: https://www.mubawab.tn/fr/st/ariana-ville/appartements-a-vendre:p:9
2026-01-31 19:39:27,178 - __main__ - INFO - Total cartes uniques trouvées: 69
2026-01-31 19:39:27,178 - __main__ - INFO - Page 9: 69 cartes trouvées
2026-01-31 19:39:27,729 - __main__ - INFO - ✅ PAGE 9: 33 annonces valides, 36 invalides
2026-01-31 19:39:27,801 - __main__ - INFO - ✅ Page 9: 33 annonces trouvées
2026-01-31 19:39:27,802 - __main__ - INFO - 🔍 Extraction des détails pour 33 annonces...
2026-01-31 19:39:42,422 - __main__ - INFO -   📊 Détails: 5/33 (15%)
2026-01-31 19:39:57,393 - __main__ - INFO -   📊 Détails: 10/33 (30%)
2026-01-31 19:40:12,724 - __main__ - INFO -   📊 Détails: 15/33 (45%)
2026-01-31 19:40:27,698 - __main__ - INFO -   📊 Détails: 20/33 (61%)
2026-01-31 19:40:42,931 - __main__ - INFO -   📊 Détails: 25/33 (76%)
2026-01-31 19:40:58,013 - __main__ - INFO -   📊 Détails: 30/33 (91%)
2026-01-31 19:41:07,098 - __main__ - INFO -   📊 Détails: 33/33 (100%)
2026-01-31 19:41:07,399 - __main__ - INFO - 📈 Ariana Ville: 296/351 annonces accumulées
2026-01-31 19:41:07,399 - __main__ - INFO - ⏳ Pause de 4s avant page 10...
2026-01-31 19:41:11,399 - __main__ - INFO - 📄 SCRAPING PAGE 10: https://www.mubawab.tn/fr/st/ariana-ville/appartements-a-vendre:p:10
2026-01-31 19:41:14,355 - __main__ - INFO - Total cartes uniques trouvées: 68
2026-01-31 19:41:14,356 - __main__ - INFO - Page 10: 68 cartes trouvées
2026-01-31 19:41:15,326 - __main__ - INFO - ✅ PAGE 10: 33 annonces valides, 35 invalides
2026-01-31 19:41:15,410 - __main__ - INFO - ✅ Page 10: 33 annonces trouvées
2026-01-31 19:41:15,411 - __main__ - INFO - 🔍 Extraction des détails pour 33 annonces...
2026-01-31 19:41:30,374 - __main__ - INFO -   📊 Détails: 5/33 (15%)
2026-01-31 19:41:45,546 - __main__ - INFO -   📊 Détails: 10/33 (30%)
2026-01-31 19:42:00,508 - __main__ - INFO -   📊 Détails: 15/33 (45%)
2026-01-31 19:42:15,423 - __main__ - INFO -   📊 Détails: 20/33 (61%)
2026-01-31 19:42:30,135 - __main__ - INFO -   📊 Détails: 25/33 (76%)
2026-01-31 19:42:44,949 - __main__ - INFO -   📊 Détails: 30/33 (91%)
2026-01-31 19:42:53,140 - __main__ - INFO -   📊 Détails: 33/33 (100%)
2026-01-31 19:42:53,441 - __main__ - INFO - 📈 Ariana Ville: 329/351 annonces accumulées
2026-01-31 19:42:53,441 - __main__ - INFO - ⏳ Pause de 2s avant page 11...
2026-01-31 19:42:55,442 - __main__ - INFO - 📄 SCRAPING PAGE 11: https://www.mubawab.tn/fr/st/ariana-ville/appartements-a-vendre:p:11
2026-01-31 19:42:57,701 - __main__ - INFO - Total cartes uniques trouvées: 44
2026-01-31 19:42:57,701 - __main__ - INFO - Page 11: 44 cartes trouvées
2026-01-31 19:42:58,033 - __main__ - INFO - ✅ PAGE 11: 21 annonces valides, 23 invalides
2026-01-31 19:42:58,086 - __main__ - INFO - ✅ Page 11: 21 annonces trouvées
2026-01-31 19:42:58,086 - __main__ - INFO - 🔍 Extraction des détails pour 21 annonces...
2026-01-31 19:43:12,696 - __main__ - INFO -   📊 Détails: 5/21 (24%)
2026-01-31 19:43:28,635 - __main__ - INFO -   📊 Détails: 10/21 (48%)
2026-01-31 19:43:43,550 - __main__ - INFO -   📊 Détails: 15/21 (71%)
2026-01-31 19:43:59,267 - __main__ - INFO -   📊 Détails: 20/21 (95%)
2026-01-31 19:44:02,406 - __main__ - INFO -   📊 Détails: 21/21 (100%)
2026-01-31 19:44:02,709 - __main__ - INFO - 📈 Ariana Ville: 350/351 annonces accumulées
2026-01-31 19:44:02,709 - __main__ - INFO - 📄 DERNIÈRE PAGE ATTEINTE POUR Ariana Ville
2026-01-31 19:44:02,709 - __main__ - INFO - ✅ FIN SCRAPING Ariana Ville: 350 annonces
2026-01-31 19:44:02,709 - __main__ - INFO - ✅ Ariana Ville: 350 annonces scrapées
2026-01-31 19:44:02,709 - __main__ - INFO - ⏳ Pause de 5s avant région suivante...
2026-01-31 19:44:07,712 - __main__ - INFO - 
============================================================
2026-01-31 19:44:07,712 - __main__ - INFO - 🎯 DÉBUT RÉGION: Hammamet
2026-01-31 19:44:07,712 - __main__ - INFO - ============================================================
2026-01-31 19:44:07,712 - __main__ - INFO - 🚀 DÉBUT SCRAPING RÉGION: Hammamet
2026-01-31 19:44:07,712 - __main__ - INFO - Détection pour: https://www.mubawab.tn/fr/st/hammamet/appartements-a-vendre
2026-01-31 19:44:09,961 - __main__ - INFO - ✅ Détecté: 318 annonces au total
2026-01-31 19:44:10,023 - __main__ - INFO - 📊 Estimation: 10 pages à 34 annonces/page
2026-01-31 19:44:10,023 - __main__ - INFO - 📊 Hammamet: 318 annonces détectées
2026-01-31 19:44:10,024 - __main__ - INFO - 📄 Objectif: 318 annonces sur 10/10 pages
2026-01-31 19:44:10,024 - __main__ - INFO - 📈 Estimation: 34 annonces par page
2026-01-31 19:44:10,025 - __main__ - INFO - 📄 SCRAPING PAGE 1: https://www.mubawab.tn/fr/st/hammamet/appartements-a-vendre
2026-01-31 19:44:12,714 - __main__ - INFO - Total cartes uniques trouvées: 67
2026-01-31 19:44:12,715 - __main__ - INFO - Page 1: 67 cartes trouvées
2026-01-31 19:44:13,262 - __main__ - INFO - ✅ PAGE 1: 33 annonces valides, 34 invalides
2026-01-31 19:44:13,332 - __main__ - INFO - ✅ Page 1: 33 annonces trouvées
2026-01-31 19:44:13,332 - __main__ - INFO - 🔍 Extraction des détails pour 33 annonces...
2026-01-31 19:44:27,444 - __main__ - INFO -   📊 Détails: 5/33 (15%)
2026-01-31 19:44:43,588 - __main__ - INFO -   📊 Détails: 10/33 (30%)
2026-01-31 19:44:59,063 - __main__ - INFO -   📊 Détails: 15/33 (45%)
2026-01-31 19:45:17,368 - __main__ - INFO -   📊 Détails: 20/33 (61%)
2026-01-31 19:45:32,734 - __main__ - INFO -   📊 Détails: 25/33 (76%)
2026-01-31 19:45:48,768 - __main__ - INFO -   📊 Détails: 30/33 (91%)
2026-01-31 19:45:57,871 - __main__ - INFO -   📊 Détails: 33/33 (100%)
2026-01-31 19:45:58,176 - __main__ - INFO - 📈 Hammamet: 33/318 annonces accumulées
2026-01-31 19:45:58,176 - __main__ - INFO - ⏳ Pause de 2s avant page 2...
2026-01-31 19:46:00,177 - __main__ - INFO - 📄 SCRAPING PAGE 2: https://www.mubawab.tn/fr/st/hammamet/appartements-a-vendre:p:2
2026-01-31 19:46:02,609 - __main__ - INFO - Total cartes uniques trouvées: 67
2026-01-31 19:46:02,609 - __main__ - INFO - Page 2: 67 cartes trouvées
2026-01-31 19:46:03,120 - __main__ - INFO - ✅ PAGE 2: 33 annonces valides, 34 invalides
2026-01-31 19:46:03,199 - __main__ - INFO - ✅ Page 2: 33 annonces trouvées
2026-01-31 19:46:03,199 - __main__ - INFO - 🔍 Extraction des détails pour 33 annonces...
2026-01-31 19:46:17,671 - __main__ - INFO -   📊 Détails: 5/33 (15%)
2026-01-31 19:46:32,532 - __main__ - INFO -   📊 Détails: 10/33 (30%)
2026-01-31 19:46:47,802 - __main__ - INFO -   📊 Détails: 15/33 (45%)
2026-01-31 19:47:02,974 - __main__ - INFO -   📊 Détails: 20/33 (61%)
2026-01-31 19:47:17,850 - __main__ - INFO -   📊 Détails: 25/33 (76%)
2026-01-31 19:47:32,510 - __main__ - INFO -   📊 Détails: 30/33 (91%)
2026-01-31 19:47:41,157 - __main__ - INFO -   📊 Détails: 33/33 (100%)
2026-01-31 19:47:41,458 - __main__ - INFO - 📈 Hammamet: 66/318 annonces accumulées
2026-01-31 19:47:41,458 - __main__ - INFO - ⏳ Pause de 2s avant page 3...
2026-01-31 19:47:43,459 - __main__ - INFO - 📄 SCRAPING PAGE 3: https://www.mubawab.tn/fr/st/hammamet/appartements-a-vendre:p:3
2026-01-31 19:47:46,127 - __main__ - INFO - Total cartes uniques trouvées: 67
2026-01-31 19:47:46,127 - __main__ - INFO - Page 3: 67 cartes trouvées
2026-01-31 19:47:46,727 - __main__ - INFO - ✅ PAGE 3: 33 annonces valides, 34 invalides
2026-01-31 19:47:46,803 - __main__ - INFO - ✅ Page 3: 33 annonces trouvées
2026-01-31 19:47:46,804 - __main__ - INFO - 🔍 Extraction des détails pour 33 annonces...
2026-01-31 19:48:01,094 - __main__ - INFO -   📊 Détails: 5/33 (15%)
2026-01-31 19:48:15,668 - __main__ - INFO -   📊 Détails: 10/33 (30%)
2026-01-31 19:48:30,344 - __main__ - INFO -   📊 Détails: 15/33 (45%)
2026-01-31 19:48:44,932 - __main__ - INFO -   📊 Détails: 20/33 (61%)
2026-01-31 19:49:07,097 - __main__ - INFO -   📊 Détails: 25/33 (76%)
2026-01-31 19:49:22,085 - __main__ - INFO -   📊 Détails: 30/33 (91%)
2026-01-31 19:49:31,332 - __main__ - INFO -   📊 Détails: 33/33 (100%)
2026-01-31 19:49:31,644 - __main__ - INFO - 📈 Hammamet: 99/318 annonces accumulées
2026-01-31 19:49:31,645 - __main__ - INFO - ⏳ Pause de 2s avant page 4...
2026-01-31 19:49:33,645 - __main__ - INFO - 📄 SCRAPING PAGE 4: https://www.mubawab.tn/fr/st/hammamet/appartements-a-vendre:p:4
2026-01-31 19:49:36,255 - __main__ - INFO - Total cartes uniques trouvées: 67
2026-01-31 19:49:36,255 - __main__ - INFO - Page 4: 67 cartes trouvées
2026-01-31 19:49:36,843 - __main__ - INFO - ✅ PAGE 4: 33 annonces valides, 34 invalides
2026-01-31 19:49:36,923 - __main__ - INFO - ✅ Page 4: 33 annonces trouvées
2026-01-31 19:49:36,924 - __main__ - INFO - 🔍 Extraction des détails pour 33 annonces...
2026-01-31 19:49:51,766 - __main__ - INFO -   📊 Détails: 5/33 (15%)
2026-01-31 19:50:08,101 - __main__ - INFO -   📊 Détails: 10/33 (30%)
2026-01-31 19:50:23,486 - __main__ - INFO -   📊 Détails: 15/33 (45%)
2026-01-31 19:50:39,803 - __main__ - INFO -   📊 Détails: 20/33 (61%)
2026-01-31 19:50:56,310 - __main__ - INFO -   📊 Détails: 25/33 (76%)
2026-01-31 19:51:13,020 - __main__ - INFO -   📊 Détails: 30/33 (91%)
2026-01-31 19:51:24,825 - __main__ - INFO -   📊 Détails: 33/33 (100%)
2026-01-31 19:51:25,127 - __main__ - INFO - 📈 Hammamet: 132/318 annonces accumulées
2026-01-31 19:51:25,128 - __main__ - INFO - ⏳ Pause de 4s avant page 5...
2026-01-31 19:51:29,128 - __main__ - INFO - 📄 SCRAPING PAGE 5: https://www.mubawab.tn/fr/st/hammamet/appartements-a-vendre:p:5
2026-01-31 19:51:32,090 - __main__ - INFO - Total cartes uniques trouvées: 67
2026-01-31 19:51:32,092 - __main__ - INFO - Page 5: 67 cartes trouvées
2026-01-31 19:51:32,759 - __main__ - INFO - ✅ PAGE 5: 33 annonces valides, 34 invalides
2026-01-31 19:51:32,857 - __main__ - INFO - ✅ Page 5: 33 annonces trouvées
2026-01-31 19:51:32,858 - __main__ - INFO - 🔍 Extraction des détails pour 33 annonces...
2026-01-31 19:51:49,994 - __main__ - INFO -   📊 Détails: 5/33 (15%)
2026-01-31 19:52:06,085 - __main__ - INFO -   📊 Détails: 10/33 (30%)
2026-01-31 19:52:22,519 - __main__ - INFO -   📊 Détails: 15/33 (45%)
2026-01-31 19:52:38,287 - __main__ - INFO -   📊 Détails: 20/33 (61%)
2026-01-31 19:52:53,461 - __main__ - INFO -   📊 Détails: 25/33 (76%)
2026-01-31 19:53:07,957 - __main__ - INFO -   📊 Détails: 30/33 (91%)
2026-01-31 19:53:19,205 - __main__ - INFO -   📊 Détails: 33/33 (100%)
2026-01-31 19:53:19,506 - __main__ - INFO - 📈 Hammamet: 165/318 annonces accumulées
2026-01-31 19:53:19,506 - __main__ - INFO - ⏳ Pause de 2s avant page 6...
2026-01-31 19:53:21,508 - __main__ - INFO - 📄 SCRAPING PAGE 6: https://www.mubawab.tn/fr/st/hammamet/appartements-a-vendre:p:6
2026-01-31 19:53:25,013 - __main__ - INFO - Total cartes uniques trouvées: 67
2026-01-31 19:53:25,014 - __main__ - INFO - Page 6: 67 cartes trouvées
2026-01-31 19:53:25,613 - __main__ - INFO - ✅ PAGE 6: 33 annonces valides, 34 invalides
2026-01-31 19:53:25,718 - __main__ - INFO - ✅ Page 6: 33 annonces trouvées
2026-01-31 19:53:25,720 - __main__ - INFO - 🔍 Extraction des détails pour 33 annonces...
2026-01-31 19:53:41,218 - __main__ - INFO -   📊 Détails: 5/33 (15%)
2026-01-31 19:53:56,375 - __main__ - INFO -   📊 Détails: 10/33 (30%)
2026-01-31 19:54:11,490 - __main__ - INFO -   📊 Détails: 15/33 (45%)
2026-01-31 19:54:26,405 - __main__ - INFO -   📊 Détails: 20/33 (61%)
2026-01-31 19:54:41,285 - __main__ - INFO -   📊 Détails: 25/33 (76%)
2026-01-31 19:54:56,535 - __main__ - INFO -   📊 Détails: 30/33 (91%)
2026-01-31 19:55:05,301 - __main__ - INFO -   📊 Détails: 33/33 (100%)
2026-01-31 19:55:05,603 - __main__ - INFO - 📈 Hammamet: 198/318 annonces accumulées
2026-01-31 19:55:05,603 - __main__ - INFO - ⏳ Pause de 2s avant page 7...
2026-01-31 19:55:07,604 - __main__ - INFO - 📄 SCRAPING PAGE 7: https://www.mubawab.tn/fr/st/hammamet/appartements-a-vendre:p:7
2026-01-31 19:55:10,127 - __main__ - INFO - Total cartes uniques trouvées: 67
2026-01-31 19:55:10,127 - __main__ - INFO - Page 7: 67 cartes trouvées
2026-01-31 19:55:10,620 - __main__ - INFO - ✅ PAGE 7: 33 annonces valides, 34 invalides
2026-01-31 19:55:10,685 - __main__ - INFO - ✅ Page 7: 33 annonces trouvées
2026-01-31 19:55:10,685 - __main__ - INFO - 🔍 Extraction des détails pour 33 annonces...
2026-01-31 19:55:25,286 - __main__ - INFO -   📊 Détails: 5/33 (15%)
2026-01-31 19:55:39,765 - __main__ - INFO -   📊 Détails: 10/33 (30%)
2026-01-31 19:55:54,987 - __main__ - INFO -   📊 Détails: 15/33 (45%)
2026-01-31 19:56:10,301 - __main__ - INFO -   📊 Détails: 20/33 (61%)
2026-01-31 19:56:25,436 - __main__ - INFO -   📊 Détails: 25/33 (76%)
2026-01-31 19:56:40,510 - __main__ - INFO -   📊 Détails: 30/33 (91%)
2026-01-31 19:56:49,305 - __main__ - INFO -   📊 Détails: 33/33 (100%)
2026-01-31 19:56:49,608 - __main__ - INFO - 📈 Hammamet: 231/318 annonces accumulées
2026-01-31 19:56:49,608 - __main__ - INFO - ⏳ Pause de 2s avant page 8...
2026-01-31 19:56:51,609 - __main__ - INFO - 📄 SCRAPING PAGE 8: https://www.mubawab.tn/fr/st/hammamet/appartements-a-vendre:p:8
2026-01-31 19:56:54,222 - __main__ - INFO - Total cartes uniques trouvées: 67
2026-01-31 19:56:54,223 - __main__ - INFO - Page 8: 67 cartes trouvées
2026-01-31 19:56:54,754 - __main__ - INFO - ✅ PAGE 8: 33 annonces valides, 34 invalides
2026-01-31 19:56:54,838 - __main__ - INFO - ✅ Page 8: 33 annonces trouvées
2026-01-31 19:56:54,839 - __main__ - INFO - 🔍 Extraction des détails pour 33 annonces...
2026-01-31 19:57:09,399 - __main__ - INFO -   📊 Détails: 5/33 (15%)
2026-01-31 19:57:25,134 - __main__ - INFO -   📊 Détails: 10/33 (30%)
2026-01-31 19:57:40,033 - __main__ - INFO -   📊 Détails: 15/33 (45%)
2026-01-31 19:57:55,025 - __main__ - INFO -   📊 Détails: 20/33 (61%)
2026-01-31 19:58:09,572 - __main__ - INFO -   📊 Détails: 25/33 (76%)
2026-01-31 19:58:24,167 - __main__ - INFO -   📊 Détails: 30/33 (91%)
2026-01-31 19:58:33,263 - __main__ - INFO -   📊 Détails: 33/33 (100%)
2026-01-31 19:58:33,570 - __main__ - INFO - 📈 Hammamet: 264/318 annonces accumulées
2026-01-31 19:58:33,570 - __main__ - INFO - ⏳ Pause de 2s avant page 9...
2026-01-31 19:58:35,571 - __main__ - INFO - 📄 SCRAPING PAGE 9: https://www.mubawab.tn/fr/st/hammamet/appartements-a-vendre:p:9
2026-01-31 19:58:37,852 - __main__ - INFO - Total cartes uniques trouvées: 67
2026-01-31 19:58:37,852 - __main__ - INFO - Page 9: 67 cartes trouvées
2026-01-31 19:58:38,378 - __main__ - INFO - ✅ PAGE 9: 33 annonces valides, 34 invalides
2026-01-31 19:58:38,449 - __main__ - INFO - ✅ Page 9: 33 annonces trouvées
2026-01-31 19:58:38,450 - __main__ - INFO - 🔍 Extraction des détails pour 33 annonces...
2026-01-31 19:58:57,609 - __main__ - INFO -   📊 Détails: 5/33 (15%)
2026-01-31 19:59:24,387 - __main__ - INFO -   📊 Détails: 10/33 (30%)
2026-01-31 19:59:50,808 - __main__ - INFO -   📊 Détails: 15/33 (45%)
2026-01-31 20:00:07,369 - __main__ - INFO -   📊 Détails: 20/33 (61%)
2026-01-31 20:00:22,401 - __main__ - INFO -   📊 Détails: 25/33 (76%)
2026-01-31 20:00:37,058 - __main__ - INFO -   📊 Détails: 30/33 (91%)
2026-01-31 20:00:45,476 - __main__ - INFO -   📊 Détails: 33/33 (100%)
2026-01-31 20:00:45,776 - __main__ - INFO - 📈 Hammamet: 297/318 annonces accumulées
2026-01-31 20:00:45,776 - __main__ - INFO - ⏳ Pause de 4s avant page 10...
2026-01-31 20:00:49,778 - __main__ - INFO - 📄 SCRAPING PAGE 10: https://www.mubawab.tn/fr/st/hammamet/appartements-a-vendre:p:10
2026-01-31 20:00:52,032 - __main__ - INFO - Total cartes uniques trouvées: 43
2026-01-31 20:00:52,032 - __main__ - INFO - Page 10: 43 cartes trouvées
2026-01-31 20:00:52,457 - __main__ - INFO - ✅ PAGE 10: 21 annonces valides, 22 invalides
2026-01-31 20:00:52,516 - __main__ - INFO - ✅ Page 10: 21 annonces trouvées
2026-01-31 20:00:52,517 - __main__ - INFO - 🔍 Extraction des détails pour 21 annonces...
2026-01-31 20:01:09,199 - __main__ - INFO -   📊 Détails: 5/21 (24%)
2026-01-31 20:01:24,738 - __main__ - INFO -   📊 Détails: 10/21 (48%)
2026-01-31 20:01:39,476 - __main__ - INFO -   📊 Détails: 15/21 (71%)
2026-01-31 20:01:54,648 - __main__ - INFO -   📊 Détails: 20/21 (95%)
2026-01-31 20:01:57,680 - __main__ - INFO -   📊 Détails: 21/21 (100%)
2026-01-31 20:01:57,990 - __main__ - INFO - 📈 Hammamet: 318/318 annonces accumulées
2026-01-31 20:01:57,990 - __main__ - INFO - 🎯 OBJECTIF ATTEINT POUR Hammamet: 318 annonces
2026-01-31 20:01:57,990 - __main__ - INFO - ✅ FIN SCRAPING Hammamet: 318 annonces
2026-01-31 20:01:57,990 - __main__ - INFO - ✅ Hammamet: 318 annonces scrapées
2026-01-31 20:01:57,990 - __main__ - INFO - ⏳ Pause de 5s avant région suivante...
2026-01-31 20:02:02,993 - __main__ - INFO - 
============================================================
2026-01-31 20:02:02,993 - __main__ - INFO - 🎯 DÉBUT RÉGION: Nabeul
2026-01-31 20:02:02,993 - __main__ - INFO - ============================================================
2026-01-31 20:02:02,994 - __main__ - INFO - 🚀 DÉBUT SCRAPING RÉGION: Nabeul
2026-01-31 20:02:02,994 - __main__ - INFO - Détection pour: https://www.mubawab.tn/fr/st/nabeul/appartements-a-vendre
2026-01-31 20:02:04,860 - __main__ - INFO - ✅ Détecté: 204 annonces au total
2026-01-31 20:02:04,928 - __main__ - INFO - 📊 Estimation: 6 pages à 34 annonces/page
2026-01-31 20:02:04,929 - __main__ - INFO - 📊 Nabeul: 204 annonces détectées
2026-01-31 20:02:04,929 - __main__ - INFO - 📄 Objectif: 204 annonces sur 6/6 pages
2026-01-31 20:02:04,930 - __main__ - INFO - 📈 Estimation: 34 annonces par page
2026-01-31 20:02:04,931 - __main__ - INFO - 📄 SCRAPING PAGE 1: https://www.mubawab.tn/fr/st/nabeul/appartements-a-vendre
2026-01-31 20:02:07,449 - __main__ - INFO - Total cartes uniques trouvées: 67
2026-01-31 20:02:07,449 - __main__ - INFO - Page 1: 67 cartes trouvées
2026-01-31 20:02:08,021 - __main__ - INFO - ✅ PAGE 1: 33 annonces valides, 34 invalides
2026-01-31 20:02:08,098 - __main__ - INFO - ✅ Page 1: 33 annonces trouvées
2026-01-31 20:02:08,099 - __main__ - INFO - 🔍 Extraction des détails pour 33 annonces...
2026-01-31 20:02:23,232 - __main__ - INFO -   📊 Détails: 5/33 (15%)
2026-01-31 20:02:38,525 - __main__ - INFO -   📊 Détails: 10/33 (30%)
2026-01-31 20:02:53,077 - __main__ - INFO -   📊 Détails: 15/33 (45%)
2026-01-31 20:03:09,105 - __main__ - INFO -   📊 Détails: 20/33 (61%)
2026-01-31 20:03:24,828 - __main__ - INFO -   📊 Détails: 25/33 (76%)
2026-01-31 20:03:39,862 - __main__ - INFO -   📊 Détails: 30/33 (91%)
2026-01-31 20:03:49,993 - __main__ - INFO -   📊 Détails: 33/33 (100%)
2026-01-31 20:03:50,297 - __main__ - INFO - 📈 Nabeul: 33/204 annonces accumulées
2026-01-31 20:03:50,297 - __main__ - INFO - ⏳ Pause de 2s avant page 2...
2026-01-31 20:03:52,299 - __main__ - INFO - 📄 SCRAPING PAGE 2: https://www.mubawab.tn/fr/st/nabeul/appartements-a-vendre:p:2
2026-01-31 20:03:54,608 - __main__ - INFO - Total cartes uniques trouvées: 66
2026-01-31 20:03:54,608 - __main__ - INFO - Page 2: 66 cartes trouvées
2026-01-31 20:03:55,073 - __main__ - INFO - ✅ PAGE 2: 32 annonces valides, 34 invalides
2026-01-31 20:03:55,142 - __main__ - INFO - ✅ Page 2: 32 annonces trouvées
2026-01-31 20:03:55,143 - __main__ - INFO - 🔍 Extraction des détails pour 32 annonces...
2026-01-31 20:04:10,145 - __main__ - INFO -   📊 Détails: 5/32 (16%)
2026-01-31 20:04:25,271 - __main__ - INFO -   📊 Détails: 10/32 (31%)
2026-01-31 20:04:40,798 - __main__ - INFO -   📊 Détails: 15/32 (47%)
2026-01-31 20:04:56,223 - __main__ - INFO -   📊 Détails: 20/32 (62%)
2026-01-31 20:05:13,520 - __main__ - INFO -   📊 Détails: 25/32 (78%)
2026-01-31 20:05:29,396 - __main__ - INFO -   📊 Détails: 30/32 (94%)
2026-01-31 20:05:35,559 - __main__ - INFO -   📊 Détails: 32/32 (100%)
2026-01-31 20:05:35,860 - __main__ - INFO - 📈 Nabeul: 65/204 annonces accumulées
2026-01-31 20:05:35,860 - __main__ - INFO - ⏳ Pause de 2s avant page 3...
2026-01-31 20:05:37,862 - __main__ - INFO - 📄 SCRAPING PAGE 3: https://www.mubawab.tn/fr/st/nabeul/appartements-a-vendre:p:3
2026-01-31 20:05:40,433 - __main__ - INFO - Total cartes uniques trouvées: 67
2026-01-31 20:05:40,434 - __main__ - INFO - Page 3: 67 cartes trouvées
2026-01-31 20:05:41,037 - __main__ - INFO - ✅ PAGE 3: 33 annonces valides, 34 invalides
2026-01-31 20:05:41,113 - __main__ - INFO - ✅ Page 3: 33 annonces trouvées
2026-01-31 20:05:41,114 - __main__ - INFO - 🔍 Extraction des détails pour 33 annonces...
2026-01-31 20:05:56,130 - __main__ - INFO -   📊 Détails: 5/33 (15%)
2026-01-31 20:06:11,614 - __main__ - INFO -   📊 Détails: 10/33 (30%)
2026-01-31 20:06:27,389 - __main__ - INFO -   📊 Détails: 15/33 (45%)
2026-01-31 20:06:42,657 - __main__ - INFO -   📊 Détails: 20/33 (61%)
2026-01-31 20:06:57,764 - __main__ - INFO -   📊 Détails: 25/33 (76%)
2026-01-31 20:07:12,609 - __main__ - INFO -   📊 Détails: 30/33 (91%)
2026-01-31 20:07:21,210 - __main__ - INFO -   📊 Détails: 33/33 (100%)
2026-01-31 20:07:21,513 - __main__ - INFO - 📈 Nabeul: 98/204 annonces accumulées
2026-01-31 20:07:21,513 - __main__ - INFO - ⏳ Pause de 2s avant page 4...
2026-01-31 20:07:23,514 - __main__ - INFO - 📄 SCRAPING PAGE 4: https://www.mubawab.tn/fr/st/nabeul/appartements-a-vendre:p:4
2026-01-31 20:07:26,153 - __main__ - INFO - Total cartes uniques trouvées: 67
2026-01-31 20:07:26,153 - __main__ - INFO - Page 4: 67 cartes trouvées
2026-01-31 20:07:26,681 - __main__ - INFO - ✅ PAGE 4: 33 annonces valides, 34 invalides
2026-01-31 20:07:26,760 - __main__ - INFO - ✅ Page 4: 33 annonces trouvées
2026-01-31 20:07:26,761 - __main__ - INFO - 🔍 Extraction des détails pour 33 annonces...
2026-01-31 20:07:41,617 - __main__ - INFO -   📊 Détails: 5/33 (15%)
2026-01-31 20:07:56,552 - __main__ - INFO -   📊 Détails: 10/33 (30%)
2026-01-31 20:08:14,844 - __main__ - INFO -   📊 Détails: 15/33 (45%)
2026-01-31 20:08:30,056 - __main__ - INFO -   📊 Détails: 20/33 (61%)
2026-01-31 20:08:44,954 - __main__ - INFO -   📊 Détails: 25/33 (76%)
2026-01-31 20:08:59,387 - __main__ - INFO -   📊 Détails: 30/33 (91%)
2026-01-31 20:09:08,204 - __main__ - INFO -   📊 Détails: 33/33 (100%)
2026-01-31 20:09:08,507 - __main__ - INFO - 📈 Nabeul: 131/204 annonces accumulées
2026-01-31 20:09:08,507 - __main__ - INFO - ⏳ Pause de 4s avant page 5...
2026-01-31 20:09:12,508 - __main__ - INFO - 📄 SCRAPING PAGE 5: https://www.mubawab.tn/fr/st/nabeul/appartements-a-vendre:p:5
2026-01-31 20:09:14,880 - __main__ - INFO - Total cartes uniques trouvées: 67
2026-01-31 20:09:14,880 - __main__ - INFO - Page 5: 67 cartes trouvées
2026-01-31 20:09:15,422 - __main__ - INFO - ✅ PAGE 5: 33 annonces valides, 34 invalides
2026-01-31 20:09:15,492 - __main__ - INFO - ✅ Page 5: 33 annonces trouvées
2026-01-31 20:09:15,493 - __main__ - INFO - 🔍 Extraction des détails pour 33 annonces...
2026-01-31 20:09:29,917 - __main__ - INFO -   📊 Détails: 5/33 (15%)
2026-01-31 20:09:44,513 - __main__ - INFO -   📊 Détails: 10/33 (30%)
2026-01-31 20:09:59,074 - __main__ - INFO -   📊 Détails: 15/33 (45%)
2026-01-31 20:10:13,701 - __main__ - INFO -   📊 Détails: 20/33 (61%)
2026-01-31 20:10:28,365 - __main__ - INFO -   📊 Détails: 25/33 (76%)
2026-01-31 20:10:43,233 - __main__ - INFO -   📊 Détails: 30/33 (91%)
2026-01-31 20:10:52,000 - __main__ - INFO -   📊 Détails: 33/33 (100%)
2026-01-31 20:10:52,304 - __main__ - INFO - 📈 Nabeul: 164/204 annonces accumulées
2026-01-31 20:10:52,304 - __main__ - INFO - ⏳ Pause de 2s avant page 6...
2026-01-31 20:10:54,306 - __main__ - INFO - 📄 SCRAPING PAGE 6: https://www.mubawab.tn/fr/st/nabeul/appartements-a-vendre:p:6
2026-01-31 20:10:56,907 - __main__ - INFO - Total cartes uniques trouvées: 67
2026-01-31 20:10:56,907 - __main__ - INFO - Page 6: 67 cartes trouvées
2026-01-31 20:10:57,502 - __main__ - INFO - ✅ PAGE 6: 33 annonces valides, 34 invalides
2026-01-31 20:10:57,592 - __main__ - INFO - ✅ Page 6: 33 annonces trouvées
2026-01-31 20:10:57,592 - __main__ - INFO - 🔍 Extraction des détails pour 33 annonces...
2026-01-31 20:11:13,059 - __main__ - INFO -   📊 Détails: 5/33 (15%)
2026-01-31 20:11:28,194 - __main__ - INFO -   📊 Détails: 10/33 (30%)
2026-01-31 20:11:43,327 - __main__ - INFO -   📊 Détails: 15/33 (45%)
2026-01-31 20:12:00,564 - __main__ - INFO -   📊 Détails: 20/33 (61%)
2026-01-31 20:12:16,328 - __main__ - INFO -   📊 Détails: 25/33 (76%)
2026-01-31 20:12:32,150 - __main__ - INFO -   📊 Détails: 30/33 (91%)
2026-01-31 20:12:41,004 - __main__ - INFO -   📊 Détails: 33/33 (100%)
2026-01-31 20:12:41,310 - __main__ - INFO - 📈 Nabeul: 197/204 annonces accumulées
2026-01-31 20:12:41,310 - __main__ - INFO - 📄 DERNIÈRE PAGE ATTEINTE POUR Nabeul
2026-01-31 20:12:41,310 - __main__ - INFO - ✅ FIN SCRAPING Nabeul: 197 annonces
2026-01-31 20:12:41,310 - __main__ - INFO - ✅ Nabeul: 197 annonces scrapées
2026-01-31 20:12:41,310 - __main__ - INFO - ⏳ Pause de 5s avant région suivante...
2026-01-31 20:12:46,312 - __main__ - INFO - 
============================================================
2026-01-31 20:12:46,312 - __main__ - INFO - 🎯 DÉBUT RÉGION: Hammam Sousse
2026-01-31 20:12:46,312 - __main__ - INFO - ============================================================
2026-01-31 20:12:46,312 - __main__ - INFO - 🚀 DÉBUT SCRAPING RÉGION: Hammam Sousse
2026-01-31 20:12:46,312 - __main__ - INFO - Détection pour: https://www.mubawab.tn/fr/st/hammam-sousse/appartements-a-vendre
2026-01-31 20:12:48,383 - __main__ - INFO - ✅ Détecté: 157 annonces au total
2026-01-31 20:12:48,494 - __main__ - INFO - 📊 Estimation: 5 pages à 35 annonces/page
2026-01-31 20:12:48,498 - __main__ - INFO - 📊 Hammam Sousse: 157 annonces détectées
2026-01-31 20:12:48,500 - __main__ - INFO - 📄 Objectif: 157 annonces sur 5/5 pages
2026-01-31 20:12:48,508 - __main__ - INFO - 📈 Estimation: 35 annonces par page
2026-01-31 20:12:48,541 - __main__ - INFO - 📄 SCRAPING PAGE 1: https://www.mubawab.tn/fr/st/hammam-sousse/appartements-a-vendre
2026-01-31 20:12:50,846 - __main__ - INFO - Total cartes uniques trouvées: 69
2026-01-31 20:12:50,846 - __main__ - INFO - Page 1: 69 cartes trouvées
2026-01-31 20:12:51,436 - __main__ - INFO - ✅ PAGE 1: 34 annonces valides, 35 invalides
2026-01-31 20:12:51,510 - __main__ - INFO - ✅ Page 1: 34 annonces trouvées
2026-01-31 20:12:51,511 - __main__ - INFO - 🔍 Extraction des détails pour 34 annonces...
2026-01-31 20:13:05,987 - __main__ - INFO -   📊 Détails: 5/34 (15%)
2026-01-31 20:13:20,966 - __main__ - INFO -   📊 Détails: 10/34 (29%)
2026-01-31 20:13:35,897 - __main__ - INFO -   📊 Détails: 15/34 (44%)
2026-01-31 20:13:50,909 - __main__ - INFO -   📊 Détails: 20/34 (59%)
2026-01-31 20:14:06,142 - __main__ - INFO -   📊 Détails: 25/34 (74%)
2026-01-31 20:14:20,478 - __main__ - INFO -   📊 Détails: 30/34 (88%)
2026-01-31 20:14:35,221 - __main__ - INFO -   📊 Détails: 34/34 (100%)
2026-01-31 20:14:35,529 - __main__ - INFO - 📈 Hammam Sousse: 34/157 annonces accumulées
2026-01-31 20:14:35,529 - __main__ - INFO - ⏳ Pause de 2s avant page 2...
2026-01-31 20:14:37,533 - __main__ - INFO - 📄 SCRAPING PAGE 2: https://www.mubawab.tn/fr/st/hammam-sousse/appartements-a-vendre:p:2
2026-01-31 20:14:40,146 - __main__ - INFO - Total cartes uniques trouvées: 69
2026-01-31 20:14:40,146 - __main__ - INFO - Page 2: 69 cartes trouvées
2026-01-31 20:14:40,745 - __main__ - INFO - ✅ PAGE 2: 33 annonces valides, 36 invalides
2026-01-31 20:14:40,815 - __main__ - INFO - ✅ Page 2: 33 annonces trouvées
2026-01-31 20:14:40,816 - __main__ - INFO - 🔍 Extraction des détails pour 33 annonces...
2026-01-31 20:14:56,569 - __main__ - INFO -   📊 Détails: 5/33 (15%)
2026-01-31 20:15:12,140 - __main__ - INFO -   📊 Détails: 10/33 (30%)
2026-01-31 20:15:27,076 - __main__ - INFO -   📊 Détails: 15/33 (45%)
2026-01-31 20:15:41,631 - __main__ - INFO -   📊 Détails: 20/33 (61%)
2026-01-31 20:15:56,246 - __main__ - INFO -   📊 Détails: 25/33 (76%)
2026-01-31 20:16:11,399 - __main__ - INFO -   📊 Détails: 30/33 (91%)
2026-01-31 20:16:21,586 - __main__ - INFO -   📊 Détails: 33/33 (100%)
2026-01-31 20:16:21,902 - __main__ - INFO - 📈 Hammam Sousse: 67/157 annonces accumulées
2026-01-31 20:16:21,902 - __main__ - INFO - ⏳ Pause de 2s avant page 3...
2026-01-31 20:16:23,904 - __main__ - INFO - 📄 SCRAPING PAGE 3: https://www.mubawab.tn/fr/st/hammam-sousse/appartements-a-vendre:p:3
2026-01-31 20:16:26,978 - __main__ - INFO - Total cartes uniques trouvées: 68
2026-01-31 20:16:26,978 - __main__ - INFO - Page 3: 68 cartes trouvées
2026-01-31 20:16:27,535 - __main__ - INFO - ✅ PAGE 3: 32 annonces valides, 36 invalides
2026-01-31 20:16:27,606 - __main__ - INFO - ✅ Page 3: 32 annonces trouvées
2026-01-31 20:16:27,607 - __main__ - INFO - 🔍 Extraction des détails pour 32 annonces...
2026-01-31 20:16:42,516 - __main__ - INFO -   📊 Détails: 5/32 (16%)
2026-01-31 20:16:57,235 - __main__ - INFO -   📊 Détails: 10/32 (31%)
2026-01-31 20:17:13,253 - __main__ - INFO -   📊 Détails: 15/32 (47%)
2026-01-31 20:17:28,579 - __main__ - INFO -   📊 Détails: 20/32 (62%)
2026-01-31 20:17:43,673 - __main__ - INFO -   📊 Détails: 25/32 (78%)
2026-01-31 20:17:58,330 - __main__ - INFO -   📊 Détails: 30/32 (94%)
2026-01-31 20:18:04,291 - __main__ - INFO -   📊 Détails: 32/32 (100%)
2026-01-31 20:18:04,596 - __main__ - INFO - 📈 Hammam Sousse: 99/157 annonces accumulées
2026-01-31 20:18:04,596 - __main__ - INFO - ⏳ Pause de 2s avant page 4...
2026-01-31 20:18:06,599 - __main__ - INFO - 📄 SCRAPING PAGE 4: https://www.mubawab.tn/fr/st/hammam-sousse/appartements-a-vendre:p:4
2026-01-31 20:18:09,051 - __main__ - INFO - Total cartes uniques trouvées: 69
2026-01-31 20:18:09,051 - __main__ - INFO - Page 4: 69 cartes trouvées
2026-01-31 20:18:09,625 - __main__ - INFO - ✅ PAGE 4: 33 annonces valides, 36 invalides
2026-01-31 20:18:09,717 - __main__ - INFO - ✅ Page 4: 33 annonces trouvées
2026-01-31 20:18:09,717 - __main__ - INFO - 🔍 Extraction des détails pour 33 annonces...
2026-01-31 20:18:24,412 - __main__ - INFO -   📊 Détails: 5/33 (15%)
2026-01-31 20:18:39,331 - __main__ - INFO -   📊 Détails: 10/33 (30%)
2026-01-31 20:18:54,374 - __main__ - INFO -   📊 Détails: 15/33 (45%)
2026-01-31 20:19:09,706 - __main__ - INFO -   📊 Détails: 20/33 (61%)
2026-01-31 20:19:24,201 - __main__ - INFO -   📊 Détails: 25/33 (76%)
2026-01-31 20:19:39,427 - __main__ - INFO -   📊 Détails: 30/33 (91%)
2026-01-31 20:19:49,089 - __main__ - INFO -   📊 Détails: 33/33 (100%)
2026-01-31 20:19:49,392 - __main__ - INFO - 📈 Hammam Sousse: 132/157 annonces accumulées
2026-01-31 20:19:49,394 - __main__ - INFO - ⏳ Pause de 4s avant page 5...
2026-01-31 20:19:53,395 - __main__ - INFO - 📄 SCRAPING PAGE 5: https://www.mubawab.tn/fr/st/hammam-sousse/appartements-a-vendre:p:5
2026-01-31 20:19:56,257 - __main__ - INFO - Total cartes uniques trouvées: 53
2026-01-31 20:19:56,257 - __main__ - INFO - Page 5: 53 cartes trouvées
2026-01-31 20:19:56,618 - __main__ - INFO - ✅ PAGE 5: 25 annonces valides, 28 invalides
2026-01-31 20:19:56,689 - __main__ - INFO - ✅ Page 5: 25 annonces trouvées
2026-01-31 20:19:56,690 - __main__ - INFO - 🔍 Extraction des détails pour 25 annonces...
2026-01-31 20:20:13,653 - __main__ - INFO -   📊 Détails: 5/25 (20%)
2026-01-31 20:20:28,841 - __main__ - INFO -   📊 Détails: 10/25 (40%)
2026-01-31 20:20:44,126 - __main__ - INFO -   📊 Détails: 15/25 (60%)
2026-01-31 20:20:59,285 - __main__ - INFO -   📊 Détails: 20/25 (80%)
2026-01-31 20:21:14,684 - __main__ - INFO -   📊 Détails: 25/25 (100%)
2026-01-31 20:21:14,997 - __main__ - INFO - 📈 Hammam Sousse: 157/157 annonces accumulées
2026-01-31 20:21:14,997 - __main__ - INFO - 🎯 OBJECTIF ATTEINT POUR Hammam Sousse: 157 annonces
2026-01-31 20:21:14,997 - __main__ - INFO - ✅ FIN SCRAPING Hammam Sousse: 157 annonces
2026-01-31 20:21:14,997 - __main__ - INFO - ✅ Hammam Sousse: 157 annonces scrapées
2026-01-31 20:21:14,997 - __main__ - INFO - ⏳ Pause de 5s avant région suivante...
2026-01-31 20:21:19,999 - __main__ - INFO - 
============================================================
2026-01-31 20:21:20,003 - __main__ - INFO - 🎯 DÉBUT RÉGION: Raoued
2026-01-31 20:21:20,014 - __main__ - INFO - ============================================================
2026-01-31 20:21:20,018 - __main__ - INFO - 🚀 DÉBUT SCRAPING RÉGION: Raoued
2026-01-31 20:21:20,033 - __main__ - INFO - Détection pour: https://www.mubawab.tn/fr/st/raoued/appartements-a-vendre
2026-01-31 20:21:21,967 - __main__ - INFO - ✅ Détecté: 130 annonces au total
2026-01-31 20:21:22,043 - __main__ - INFO - 📊 Estimation: 4 pages à 35 annonces/page
2026-01-31 20:21:22,044 - __main__ - INFO - 📊 Raoued: 130 annonces détectées
2026-01-31 20:21:22,045 - __main__ - INFO - 📄 Objectif: 130 annonces sur 4/4 pages
2026-01-31 20:21:22,045 - __main__ - INFO - 📈 Estimation: 35 annonces par page
2026-01-31 20:21:22,051 - __main__ - INFO - 📄 SCRAPING PAGE 1: https://www.mubawab.tn/fr/st/raoued/appartements-a-vendre
2026-01-31 20:21:24,823 - __main__ - INFO - Total cartes uniques trouvées: 69
2026-01-31 20:21:24,824 - __main__ - INFO - Page 1: 69 cartes trouvées
2026-01-31 20:21:25,388 - __main__ - INFO - ✅ PAGE 1: 33 annonces valides, 36 invalides
2026-01-31 20:21:25,467 - __main__ - INFO - ✅ Page 1: 33 annonces trouvées
2026-01-31 20:21:25,468 - __main__ - INFO - 🔍 Extraction des détails pour 33 annonces...
2026-01-31 20:21:40,208 - __main__ - INFO -   📊 Détails: 5/33 (15%)
2026-01-31 20:21:56,323 - __main__ - INFO -   📊 Détails: 10/33 (30%)
2026-01-31 20:22:12,121 - __main__ - INFO -   📊 Détails: 15/33 (45%)
2026-01-31 20:22:26,551 - __main__ - INFO -   📊 Détails: 20/33 (61%)
2026-01-31 20:22:41,176 - __main__ - INFO -   📊 Détails: 25/33 (76%)
2026-01-31 20:22:55,648 - __main__ - INFO -   📊 Détails: 30/33 (91%)
2026-01-31 20:23:04,497 - __main__ - INFO -   📊 Détails: 33/33 (100%)
2026-01-31 20:23:04,799 - __main__ - INFO - 📈 Raoued: 33/130 annonces accumulées
2026-01-31 20:23:04,799 - __main__ - INFO - ⏳ Pause de 2s avant page 2...
2026-01-31 20:23:06,802 - __main__ - INFO - 📄 SCRAPING PAGE 2: https://www.mubawab.tn/fr/st/raoued/appartements-a-vendre:p:2
2026-01-31 20:23:09,140 - __main__ - INFO - Total cartes uniques trouvées: 68
2026-01-31 20:23:09,140 - __main__ - INFO - Page 2: 68 cartes trouvées
2026-01-31 20:23:09,676 - __main__ - INFO - ✅ PAGE 2: 33 annonces valides, 35 invalides
2026-01-31 20:23:09,746 - __main__ - INFO - ✅ Page 2: 33 annonces trouvées
2026-01-31 20:23:09,746 - __main__ - INFO - 🔍 Extraction des détails pour 33 annonces...
2026-01-31 20:23:24,812 - __main__ - INFO -   📊 Détails: 5/33 (15%)
2026-01-31 20:23:39,593 - __main__ - INFO -   📊 Détails: 10/33 (30%)
2026-01-31 20:23:55,450 - __main__ - INFO -   📊 Détails: 15/33 (45%)
2026-01-31 20:24:09,957 - __main__ - INFO -   📊 Détails: 20/33 (61%)
2026-01-31 20:24:24,509 - __main__ - INFO -   📊 Détails: 25/33 (76%)
2026-01-31 20:24:39,580 - __main__ - INFO -   📊 Détails: 30/33 (91%)
2026-01-31 20:24:48,444 - __main__ - INFO -   📊 Détails: 33/33 (100%)
2026-01-31 20:24:48,747 - __main__ - INFO - 📈 Raoued: 66/130 annonces accumulées
2026-01-31 20:24:48,747 - __main__ - INFO - ⏳ Pause de 2s avant page 3...
2026-01-31 20:24:50,753 - __main__ - INFO - 📄 SCRAPING PAGE 3: https://www.mubawab.tn/fr/st/raoued/appartements-a-vendre:p:3
2026-01-31 20:24:53,272 - __main__ - INFO - Total cartes uniques trouvées: 68
2026-01-31 20:24:53,272 - __main__ - INFO - Page 3: 68 cartes trouvées
2026-01-31 20:24:53,820 - __main__ - INFO - ✅ PAGE 3: 33 annonces valides, 35 invalides
2026-01-31 20:24:53,895 - __main__ - INFO - ✅ Page 3: 33 annonces trouvées
2026-01-31 20:24:53,896 - __main__ - INFO - 🔍 Extraction des détails pour 33 annonces...
2026-01-31 20:25:08,615 - __main__ - INFO -   📊 Détails: 5/33 (15%)
2026-01-31 20:25:25,614 - __main__ - INFO -   📊 Détails: 10/33 (30%)
2026-01-31 20:25:42,861 - __main__ - INFO -   📊 Détails: 15/33 (45%)
2026-01-31 20:25:57,974 - __main__ - INFO -   📊 Détails: 20/33 (61%)
2026-01-31 20:26:13,910 - __main__ - INFO -   📊 Détails: 25/33 (76%)
2026-01-31 20:26:32,450 - __main__ - INFO -   📊 Détails: 30/33 (91%)
2026-01-31 20:26:41,444 - __main__ - INFO -   📊 Détails: 33/33 (100%)
2026-01-31 20:26:41,756 - __main__ - INFO - 📈 Raoued: 99/130 annonces accumulées
2026-01-31 20:26:41,756 - __main__ - INFO - ⏳ Pause de 2s avant page 4...
2026-01-31 20:26:43,758 - __main__ - INFO - 📄 SCRAPING PAGE 4: https://www.mubawab.tn/fr/st/raoued/appartements-a-vendre:p:4
2026-01-31 20:26:45,962 - __main__ - INFO - Total cartes uniques trouvées: 34
2026-01-31 20:26:45,962 - __main__ - INFO - Page 4: 34 cartes trouvées
2026-01-31 20:26:46,248 - __main__ - INFO - ✅ PAGE 4: 16 annonces valides, 18 invalides
2026-01-31 20:26:46,315 - __main__ - INFO - ✅ Page 4: 16 annonces trouvées
2026-01-31 20:26:46,315 - __main__ - INFO - 🔍 Extraction des détails pour 16 annonces...
2026-01-31 20:27:01,550 - __main__ - INFO -   📊 Détails: 5/16 (31%)
2026-01-31 20:27:25,756 - __main__ - INFO -   📊 Détails: 10/16 (62%)
2026-01-31 20:27:43,129 - __main__ - INFO -   📊 Détails: 15/16 (94%)
2026-01-31 20:27:46,329 - __main__ - INFO -   📊 Détails: 16/16 (100%)
2026-01-31 20:27:46,635 - __main__ - INFO - 📈 Raoued: 115/130 annonces accumulées
2026-01-31 20:27:46,635 - __main__ - INFO - 📄 DERNIÈRE PAGE ATTEINTE POUR Raoued
2026-01-31 20:27:46,635 - __main__ - INFO - ✅ FIN SCRAPING Raoued: 115 annonces
2026-01-31 20:27:46,635 - __main__ - INFO - ✅ Raoued: 115 annonces scrapées
2026-01-31 20:27:46,635 - __main__ - INFO - ⏳ Pause de 5s avant région suivante...
2026-01-31 20:27:51,638 - __main__ - INFO - 
============================================================
2026-01-31 20:27:51,638 - __main__ - INFO - 🎯 DÉBUT RÉGION: Akouda
2026-01-31 20:27:51,638 - __main__ - INFO - ============================================================
2026-01-31 20:27:51,638 - __main__ - INFO - 🚀 DÉBUT SCRAPING RÉGION: Akouda
2026-01-31 20:27:51,638 - __main__ - INFO - Détection pour: https://www.mubawab.tn/fr/st/akouda/appartements-a-vendre
2026-01-31 20:27:53,624 - __main__ - INFO - ✅ Détecté: 122 annonces au total
2026-01-31 20:27:53,696 - __main__ - INFO - 📊 Estimation: 4 pages à 35 annonces/page
2026-01-31 20:27:53,697 - __main__ - INFO - 📊 Akouda: 122 annonces détectées
2026-01-31 20:27:53,698 - __main__ - INFO - 📄 Objectif: 122 annonces sur 4/4 pages
2026-01-31 20:27:53,698 - __main__ - INFO - 📈 Estimation: 35 annonces par page
2026-01-31 20:27:53,699 - __main__ - INFO - 📄 SCRAPING PAGE 1: https://www.mubawab.tn/fr/st/akouda/appartements-a-vendre
2026-01-31 20:27:56,470 - __main__ - INFO - Total cartes uniques trouvées: 69
2026-01-31 20:27:56,470 - __main__ - INFO - Page 1: 69 cartes trouvées
2026-01-31 20:27:57,049 - __main__ - INFO - ✅ PAGE 1: 33 annonces valides, 36 invalides
2026-01-31 20:27:57,121 - __main__ - INFO - ✅ Page 1: 33 annonces trouvées
2026-01-31 20:27:57,122 - __main__ - INFO - 🔍 Extraction des détails pour 33 annonces...
2026-01-31 20:28:14,581 - __main__ - INFO -   📊 Détails: 5/33 (15%)
2026-01-31 20:28:37,905 - __main__ - INFO -   📊 Détails: 10/33 (30%)
2026-01-31 20:28:58,187 - __main__ - INFO -   📊 Détails: 15/33 (45%)
2026-01-31 20:29:16,156 - __main__ - INFO -   📊 Détails: 20/33 (61%)
2026-01-31 20:29:36,128 - __main__ - INFO -   📊 Détails: 25/33 (76%)
2026-01-31 20:29:53,151 - __main__ - INFO -   📊 Détails: 30/33 (91%)
2026-01-31 20:30:05,739 - __main__ - INFO -   📊 Détails: 33/33 (100%)
2026-01-31 20:30:06,049 - __main__ - INFO - 📈 Akouda: 33/122 annonces accumulées
2026-01-31 20:30:06,049 - __main__ - INFO - ⏳ Pause de 2s avant page 2...
2026-01-31 20:30:08,052 - __main__ - INFO - 📄 SCRAPING PAGE 2: https://www.mubawab.tn/fr/st/akouda/appartements-a-vendre:p:2
2026-01-31 20:30:11,417 - __main__ - INFO - Total cartes uniques trouvées: 68
2026-01-31 20:30:11,417 - __main__ - INFO - Page 2: 68 cartes trouvées
2026-01-31 20:30:11,967 - __main__ - INFO - ✅ PAGE 2: 32 annonces valides, 36 invalides
2026-01-31 20:30:12,043 - __main__ - INFO - ✅ Page 2: 32 annonces trouvées
2026-01-31 20:30:12,044 - __main__ - INFO - 🔍 Extraction des détails pour 32 annonces...
2026-01-31 20:30:30,599 - __main__ - INFO -   📊 Détails: 5/32 (16%)
2026-01-31 20:30:48,432 - __main__ - INFO -   📊 Détails: 10/32 (31%)
2026-01-31 20:31:04,822 - __main__ - INFO -   📊 Détails: 15/32 (47%)
2026-01-31 20:31:21,484 - __main__ - INFO -   📊 Détails: 20/32 (62%)
2026-01-31 20:31:36,601 - __main__ - INFO -   📊 Détails: 25/32 (78%)
2026-01-31 20:31:54,997 - __main__ - INFO -   📊 Détails: 30/32 (94%)
2026-01-31 20:32:04,412 - __main__ - INFO -   📊 Détails: 32/32 (100%)
2026-01-31 20:32:04,721 - __main__ - INFO - 📈 Akouda: 65/122 annonces accumulées
2026-01-31 20:32:04,721 - __main__ - INFO - ⏳ Pause de 2s avant page 3...
2026-01-31 20:32:06,722 - __main__ - INFO - 📄 SCRAPING PAGE 3: https://www.mubawab.tn/fr/st/akouda/appartements-a-vendre:p:3
2026-01-31 20:32:11,429 - __main__ - INFO - Total cartes uniques trouvées: 69
2026-01-31 20:32:11,445 - __main__ - INFO - Page 3: 69 cartes trouvées
2026-01-31 20:32:12,057 - __main__ - INFO - ✅ PAGE 3: 33 annonces valides, 36 invalides
2026-01-31 20:32:12,128 - __main__ - INFO - ✅ Page 3: 33 annonces trouvées
2026-01-31 20:32:12,128 - __main__ - INFO - 🔍 Extraction des détails pour 33 annonces...
2026-01-31 20:32:32,366 - __main__ - INFO -   📊 Détails: 5/33 (15%)
2026-01-31 20:32:53,871 - __main__ - INFO -   📊 Détails: 10/33 (30%)
2026-01-31 20:33:11,668 - __main__ - INFO -   📊 Détails: 15/33 (45%)
2026-01-31 20:33:29,234 - __main__ - INFO -   📊 Détails: 20/33 (61%)
2026-01-31 20:33:45,487 - __main__ - INFO -   📊 Détails: 25/33 (76%)
2026-01-31 20:34:01,925 - __main__ - INFO -   📊 Détails: 30/33 (91%)
2026-01-31 20:34:12,207 - __main__ - INFO -   📊 Détails: 33/33 (100%)
2026-01-31 20:34:12,512 - __main__ - INFO - 📈 Akouda: 98/122 annonces accumulées
2026-01-31 20:34:12,512 - __main__ - INFO - ⏳ Pause de 2s avant page 4...
2026-01-31 20:34:14,513 - __main__ - INFO - 📄 SCRAPING PAGE 4: https://www.mubawab.tn/fr/st/akouda/appartements-a-vendre:p:4
2026-01-31 20:34:16,986 - __main__ - INFO - Total cartes uniques trouvées: 49
2026-01-31 20:34:16,986 - __main__ - INFO - Page 4: 49 cartes trouvées
2026-01-31 20:34:17,340 - __main__ - INFO - ✅ PAGE 4: 23 annonces valides, 26 invalides
2026-01-31 20:34:17,395 - __main__ - INFO - ✅ Page 4: 23 annonces trouvées
2026-01-31 20:34:17,396 - __main__ - INFO - 🔍 Extraction des détails pour 23 annonces...
2026-01-31 20:34:33,914 - __main__ - INFO -   📊 Détails: 5/23 (22%)
2026-01-31 20:34:49,233 - __main__ - INFO -   📊 Détails: 10/23 (43%)
2026-01-31 20:35:05,556 - __main__ - INFO -   📊 Détails: 15/23 (65%)
2026-01-31 20:35:21,394 - __main__ - INFO -   📊 Détails: 20/23 (87%)
2026-01-31 20:35:32,358 - __main__ - INFO -   📊 Détails: 23/23 (100%)
2026-01-31 20:35:32,660 - __main__ - INFO - 📈 Akouda: 121/122 annonces accumulées
2026-01-31 20:35:32,660 - __main__ - INFO - 📄 DERNIÈRE PAGE ATTEINTE POUR Akouda
2026-01-31 20:35:32,660 - __main__ - INFO - ✅ FIN SCRAPING Akouda: 121 annonces
2026-01-31 20:35:32,660 - __main__ - INFO - ✅ Akouda: 121 annonces scrapées
2026-01-31 20:35:32,663 - __main__ - INFO - ⏳ Pause de 5s avant région suivante...
2026-01-31 20:35:37,666 - __main__ - INFO - 
============================================================
2026-01-31 20:35:37,666 - __main__ - INFO - 🎯 DÉBUT RÉGION: Tunis
2026-01-31 20:35:37,666 - __main__ - INFO - ============================================================
2026-01-31 20:35:37,666 - __main__ - INFO - 🚀 DÉBUT SCRAPING RÉGION: Tunis
2026-01-31 20:35:37,666 - __main__ - INFO - Détection pour: https://www.mubawab.tn/fr/st/tunis/appartements-a-vendre
2026-01-31 20:35:39,960 - __main__ - INFO - ✅ Détecté: 112 annonces au total
2026-01-31 20:35:40,014 - __main__ - INFO - 📊 Estimation: 4 pages à 35 annonces/page
2026-01-31 20:35:40,015 - __main__ - INFO - 📊 Tunis: 112 annonces détectées
2026-01-31 20:35:40,015 - __main__ - INFO - 📄 Objectif: 112 annonces sur 4/4 pages
2026-01-31 20:35:40,016 - __main__ - INFO - 📈 Estimation: 35 annonces par page
2026-01-31 20:35:40,018 - __main__ - INFO - 📄 SCRAPING PAGE 1: https://www.mubawab.tn/fr/st/tunis/appartements-a-vendre
2026-01-31 20:35:42,771 - __main__ - INFO - Total cartes uniques trouvées: 68
2026-01-31 20:35:42,771 - __main__ - INFO - Page 1: 68 cartes trouvées
2026-01-31 20:35:43,230 - __main__ - INFO - ✅ PAGE 1: 33 annonces valides, 35 invalides
2026-01-31 20:35:43,293 - __main__ - INFO - ✅ Page 1: 33 annonces trouvées
2026-01-31 20:35:43,294 - __main__ - INFO - 🔍 Extraction des détails pour 33 annonces...
2026-01-31 20:35:58,649 - __main__ - INFO -   📊 Détails: 5/33 (15%)
2026-01-31 20:36:14,153 - __main__ - INFO -   📊 Détails: 10/33 (30%)
2026-01-31 20:36:29,369 - __main__ - INFO -   📊 Détails: 15/33 (45%)
2026-01-31 20:36:45,577 - __main__ - INFO -   📊 Détails: 20/33 (61%)
2026-01-31 20:37:04,991 - __main__ - INFO -   📊 Détails: 25/33 (76%)
2026-01-31 20:37:20,213 - __main__ - INFO -   📊 Détails: 30/33 (91%)
2026-01-31 20:37:29,661 - __main__ - INFO -   📊 Détails: 33/33 (100%)
2026-01-31 20:37:29,967 - __main__ - INFO - 📈 Tunis: 33/112 annonces accumulées
2026-01-31 20:37:29,967 - __main__ - INFO - ⏳ Pause de 2s avant page 2...
2026-01-31 20:37:31,969 - __main__ - INFO - 📄 SCRAPING PAGE 2: https://www.mubawab.tn/fr/st/tunis/appartements-a-vendre:p:2
2026-01-31 20:37:35,223 - __main__ - INFO - Total cartes uniques trouvées: 69
2026-01-31 20:37:35,223 - __main__ - INFO - Page 2: 69 cartes trouvées
2026-01-31 20:37:35,647 - __main__ - INFO - ✅ PAGE 2: 33 annonces valides, 36 invalides
2026-01-31 20:37:35,711 - __main__ - INFO - ✅ Page 2: 33 annonces trouvées
2026-01-31 20:37:35,712 - __main__ - INFO - 🔍 Extraction des détails pour 33 annonces...
2026-01-31 20:37:51,855 - __main__ - INFO -   📊 Détails: 5/33 (15%)
2026-01-31 20:38:10,360 - __main__ - INFO -   📊 Détails: 10/33 (30%)
2026-01-31 20:38:26,450 - __main__ - INFO -   📊 Détails: 15/33 (45%)
2026-01-31 20:38:46,906 - __main__ - INFO -   📊 Détails: 20/33 (61%)
2026-01-31 20:39:29,227 - __main__ - WARNING - Tentative 1 échouée pour https://www.mubawab.tn/fr/a/8200255/a-vendre-appartement-s2-a-avenue-de-carthage: HTTPSConnectionPool(host='www.mubawab.tn', port=443): Read timed out.
2026-01-31 20:39:42,953 - __main__ - INFO -   📊 Détails: 25/33 (76%)
2026-01-31 20:39:58,510 - __main__ - INFO -   📊 Détails: 30/33 (91%)
2026-01-31 20:40:09,552 - __main__ - INFO -   📊 Détails: 33/33 (100%)
2026-01-31 20:40:09,854 - __main__ - INFO - 📈 Tunis: 66/112 annonces accumulées
2026-01-31 20:40:09,854 - __main__ - INFO - ⏳ Pause de 2s avant page 3...
2026-01-31 20:40:11,855 - __main__ - INFO - 📄 SCRAPING PAGE 3: https://www.mubawab.tn/fr/st/tunis/appartements-a-vendre:p:3
2026-01-31 20:40:14,089 - __main__ - INFO - Total cartes uniques trouvées: 69
2026-01-31 20:40:14,089 - __main__ - INFO - Page 3: 69 cartes trouvées
2026-01-31 20:40:14,528 - __main__ - INFO - ✅ PAGE 3: 33 annonces valides, 36 invalides
2026-01-31 20:40:14,596 - __main__ - INFO - ✅ Page 3: 33 annonces trouvées
2026-01-31 20:40:14,596 - __main__ - INFO - 🔍 Extraction des détails pour 33 annonces...
2026-01-31 20:40:29,047 - __main__ - INFO -   📊 Détails: 5/33 (15%)
2026-01-31 20:40:46,198 - __main__ - INFO -   📊 Détails: 10/33 (30%)
2026-01-31 20:41:02,666 - __main__ - INFO -   📊 Détails: 15/33 (45%)
2026-01-31 20:41:22,838 - __main__ - INFO -   📊 Détails: 20/33 (61%)
2026-01-31 20:41:39,892 - __main__ - INFO -   📊 Détails: 25/33 (76%)
2026-01-31 20:41:55,831 - __main__ - INFO -   📊 Détails: 30/33 (91%)
2026-01-31 20:42:05,116 - __main__ - INFO -   📊 Détails: 33/33 (100%)
2026-01-31 20:42:05,419 - __main__ - INFO - 📈 Tunis: 99/112 annonces accumulées
2026-01-31 20:42:05,419 - __main__ - INFO - ⏳ Pause de 2s avant page 4...
2026-01-31 20:42:07,422 - __main__ - INFO - 📄 SCRAPING PAGE 4: https://www.mubawab.tn/fr/st/tunis/appartements-a-vendre:p:4
2026-01-31 20:42:09,204 - __main__ - INFO - Total cartes uniques trouvées: 28
2026-01-31 20:42:09,206 - __main__ - INFO - Page 4: 28 cartes trouvées
2026-01-31 20:42:09,373 - __main__ - INFO - ✅ PAGE 4: 13 annonces valides, 15 invalides
2026-01-31 20:42:09,430 - __main__ - INFO - ✅ Page 4: 13 annonces trouvées
2026-01-31 20:42:09,430 - __main__ - INFO - 🔍 Extraction des détails pour 13 annonces...
2026-01-31 20:43:46,325 - __main__ - INFO -   📊 Détails: 5/13 (38%)
2026-01-31 20:44:02,371 - __main__ - INFO -   📊 Détails: 10/13 (77%)
2026-01-31 20:44:23,617 - __main__ - INFO -   📊 Détails: 13/13 (100%)
2026-01-31 20:44:23,920 - __main__ - INFO - 📈 Tunis: 112/112 annonces accumulées
2026-01-31 20:44:23,920 - __main__ - INFO - 🎯 OBJECTIF ATTEINT POUR Tunis: 112 annonces
2026-01-31 20:44:23,920 - __main__ - INFO - ✅ FIN SCRAPING Tunis: 112 annonces
2026-01-31 20:44:23,920 - __main__ - INFO - ✅ Tunis: 112 annonces scrapées
2026-01-31 20:44:24,705 - __main__ - INFO - ✅ CSV SAUVEGARDÉ: mubawab_appartements_complet_20260131_204423.csv
2026-01-31 20:44:25,639 - __main__ - INFO - ✅ JSON SAUVEGARDÉ: mubawab_appartements_complet_20260131_204423.json
