,surface,pieces,etage,prix,has_ascenseur,has_balcon,has_chaffage,has_climatisation,has_garage,has_gardien,has_jardin,has_parking,has_piscine,has_terrasse,gouvernerat,ville,type,contrat,latitude,longitude,price_per_m2,surface_per_piece,etage_x_ascenseur,nlp_transaction_negociable,nlp_transaction_urgent,nlp_transaction_first_owner_or_new_mentioned,nlp_transaction_developer_or_promoter_mentioned,nlp_transaction_legal_title_or_status_mentioned,nlp_transaction_legal_title_hint,nlp_property_subtype,nlp_property_furnished,nlp_property_semi_furnished,nlp_property_condition,nlp_property_orientation_mentioned,nlp_property_duplex_penthouse_garden_level_mentioned,nlp_comfort_air_conditioning,nlp_comfort_heating_mentioned,nlp_comfort_double_glazing_mentioned,nlp_comfort_finishing_quality_hint,nlp_location_neighborhood_or_zone,nlp_location_proximity_count,nlp_location_proximity_str,nlp_location_nuisance_or_negative_mentioned,nlp_usage_primary_residence_likely,nlp_usage_investment_likely,nlp_usage_furnished_rental_likely,nlp_standing_luxury_level,nlp_standing_features_count,nlp_standing_features_str,nlp_signals_listing_too_vague,nlp_signals_incoherence_price_vs_surface_hint,nlp_signals_spam_or_low_quality_hint,nlp_signals_extraction_confidence,vis_pool_likely_mean,vis_pool_likely_max,vis_garden_likely_mean,vis_garden_likely_max,vis_sea_view_likely_mean,vis_sea_view_likely_max,vis_furnished_likely_mean,vis_furnished_likely_max,vis_modern_renovation_likely_mean,vis_modern_renovation_likely_max,vis_luxury_visual_score_mean,vis_luxury_visual_score_max,vis_n_images,bge_pca_0,bge_pca_1,bge_pca_2,bge_pca_3,bge_pca_4,bge_pca_5,bge_pca_6,bge_pca_7,bge_pca_8,bge_pca_9,bge_pca_10,bge_pca_11,bge_pca_12,bge_pca_13,bge_pca_14,bge_pca_15,bge_pca_16,bge_pca_17,bge_pca_18,bge_pca_19,bge_pca_20,bge_pca_21,bge_pca_22,bge_pca_23,bge_pca_24,bge_pca_25,bge_pca_26,bge_pca_27,bge_pca_28,bge_pca_29,bge_pca_30,bge_pca_31
0,76.0,2.0,2.0,320000.0,,,1.0,1.0,,,,,,1.0,Nabeul,Nabeul,Appartement,vente,36.4512897,10.7355915,4210.526315789473,38.0,0.0,,,,,,,,,,,,,,,,,,,,,,,,,,,,,,,,,,,,,,,,,,,,,,,,,,,,,,,,,,,,,,,,,,,,,,,,,,,
1,109.0,3.0,,385000.0,1.0,,1.0,1.0,1.0,,1.0,,,1.0,Nabeul,Nabeul,Appartement,vente,36.4512897,10.7355915,3532.1100917431195,36.333333333333336,0.0,,,,,,,,,,,,,,,,,,,,,,,,,,,,,,,,,,,,,,,,,,,,,,,,,,,,,,,,,,,,,,,,,,,,,,,,,,,
2,55.0,2.0,,140000.0,,,,,,,,,,,Nabeul,Nabeul,Appartement,vente,36.4512897,10.7355915,2545.4545454545455,27.5,0.0,,,,,,,,,,,,,,,,,,,,,,,,,,,,,,,,,,,,,,,,,,,,,,,,,,,,,,,,,,,,,,,,,,,,,,,,,,,
3,68.0,2.0,,200000.0,,,1.0,1.0,1.0,,,,,1.0,Nabeul,Nabeul,Appartement,vente,36.4512897,10.7355915,2941.176470588235,34.0,0.0,,,,,,,,,,,,,,,,,,,,,,,,,,,,,,,,,,,,,,,,,,,,,,,,,,,,,,,,,,,,,,,,,,,,,,,,,,,
4,200.0,2.0,4.0,390000.0,,,,,,,,,,1.0,Nabeul,Nabeul,Appartement,vente,36.4512897,10.7355915,1950.0,100.0,0.0,,,,,,,,,,,,,,,,,,,,,,,,,,,,,,,,,,,,,,,,,,,,,,,,,,,,,,,,,,,,,,,,,,,,,,,,,,,
5,40.0,2.0,0.0,140000.0,,,,1.0,,,,,,,Nabeul,Nabeul,Appartement,vente,36.4512897,10.7355915,3500.0,20.0,0.0,,,,,,,,,,,,,,,,,,,,,,,,,,,,,,,,,,,,,,,,,,,,,,,,,,,,,,,,,,,,,,,,,,,,,,,,,,,
6,110.0,2.0,2.0,350000.0,1.0,1.0,1.0,1.0,,1.0,,1.0,1.0,,Nabeul,Nabeul,Appartement,vente,36.4512897,10.7355915,3181.818181818182,55.0,2.0,,,,,,,,,,,,,,,,,,,,,,,,,,,,,,,,,,,,,,,,,,,,,,,,,,,,,,,,,,,,,,,,,,,,,,,,,,,
7,400.0,2.0,0.0,420000.0,1.0,,1.0,1.0,,,1.0,1.0,,1.0,Nabeul,Nabeul,Appartement,vente,36.4512897,10.7355915,1050.0,200.0,0.0,,,,,,,,,,,,,,,,,,,,,,,,,,,,,,,,,,,,,,,,,,,,,,,,,,,,,,,,,,,,,,,,,,,,,,,,,,,
8,50.0,2.0,2.0,150000.0,,,,,,,,,,,Nabeul,Nabeul,Appartement,vente,36.4512897,10.7355915,3000.0,25.0,0.0,,,,,,,,,,,,,,,,,,,,,,,,,,,,,,,,,,,,,,,,,,,,0.03928012,-0.21005622,-0.13531174,-0.17157839,-0.087741,0.09270127,-0.033966325,0.03801297,0.030855313,-0.04378085,-0.015341483,-0.08469921,0.004461761,-0.09612562,-0.052363344,0.05843757,0.009529978,0.04232462,-0.041479517,-0.0008523982,-0.025953276,-0.040635634,0.06446051,-0.015233719,0.004755653,-0.025517799,0.01052243,-0.04564287,-0.048987582,0.02245996,-0.0120967105,0.010097975
9,125.0,4.0,,450000.0,1.0,,1.0,1.0,1.0,,1.0,1.0,,1.0,Nabeul,Nabeul,Appartement,vente,36.4512897,10.7355915,3600.0,31.25,0.0,,,,,,,,,,,,,,,,,,,,,,,,,,,,,,,,,,,,,,,,,,,,,,,,,,,,,,,,,,,,,,,,,,,,,,,,,,,
10,90.0,2.0,0.0,250000.0,,,,1.0,1.0,,1.0,1.0,,1.0,Nabeul,Nabeul,Appartement,vente,36.4512897,10.7355915,2777.777777777778,45.0,0.0,,,,,,,,,,,,,,,,,,,,,,,,,,,,,,,,,,,,,,,,,,,,,,,,,,,,,,,,,,,,,,,,,,,,,,,,,,,
11,135.0,2.0,1.0,570000.0,,,1.0,1.0,,,1.0,1.0,,1.0,Nabeul,Nabeul,Appartement,vente,36.4512897,10.7355915,4222.222222222223,67.5,0.0,,,,,,,,,,,,,,,,,,,,,,,,,,,,,,,,,,,,,,,,,,,,,,,,,,,,,,,,,,,,,,,,,,,,,,,,,,,
12,120.0,2.0,,360000.0,,,1.0,1.0,,,1.0,1.0,,1.0,Nabeul,Nabeul,Appartement,vente,36.4512897,10.7355915,3000.0,60.0,0.0,,,,,,,,,,,,,,,,,,,,,,,,,,,,,,,,,,,,,,,,,,,,,,,,,,,,,,,,,,,,,,,,,,,,,,,,,,,
13,186.0,2.0,,690000.0,1.0,1.0,1.0,1.0,,,,1.0,,1.0,Nabeul,Nabeul,Appartement,vente,36.4512897,10.7355915,3709.6774193548385,93.0,0.0,,,,,,,,,,,,,,,,,,,,,,,,,,,,,,,,,,,,,,,,,,,,,,,,,,,,,,,,,,,,,,,,,,,,,,,,,,,
14,110.0,4.0,0.0,590000.0,,,1.0,,,,,,,,Ben Arous,Ben Arous,Appartement,vente,36.7516855,10.2245072,5363.636363636364,27.5,0.0,,,,,,,,,,,,,,,,,,,,,,,,,,,,,,,,,,,,,,,,,,,,,,,,,,,,,,,,,,,,,,,,,,,,,,,,,,,
15,90.0,2.0,0.0,250000.0,,,,1.0,1.0,,1.0,1.0,,1.0,Nabeul,Nabeul,Appartement,vente,36.4512897,10.7355915,2777.777777777778,45.0,0.0,,,,,,,,,,,,,,,,,,,,,,,,,,,,,,,,,,,,,,,,,,,,,,,,,,,,,,,,,,,,,,,,,,,,,,,,,,,
16,195.0,3.0,0.0,550000.0,,,,,,,,,,,Ben Arous,Ben Arous,Appartement,vente,36.7516855,10.2245072,2820.5128205128203,65.0,0.0,,,,,,,,,,,,,,,,,,,,,,,,,,,,,,,,,,,,,,,,,,,,,,,,,,,,,,,,,,,,,,,,,,,,,,,,,,,
17,186.0,2.0,,690000.0,1.0,1.0,1.0,1.0,,,,1.0,,1.0,Nabeul,Nabeul,Appartement,vente,36.4512897,10.7355915,3709.6774193548385,93.0,0.0,,,,,,,,,,,,,,,,,,,,,,,,,,,,,,,,,,,,,,,,,,,,0.0129902335,-0.25851405,-0.113453194,-0.08824915,-0.15097143,0.18603685,-0.07729946,0.098531954,-0.07626734,0.008127677,0.0002774774,-0.02258305,-0.07002491,0.05438057,-0.0011400647,-0.0649206,-0.07006522,0.037066434,0.0077283336,0.028423283,-0.043750018,-0.012432341,0.03469158,0.0139710605,-0.12601604,0.033185747,0.029182673,-0.0036858541,-0.0148945525,-0.032038663,-0.07104829,0.010444862
18,255.0,2.0,0.0,690000.0,,,1.0,,,,1.0,,1.0,1.0,Nabeul,Nabeul,Appartement,vente,36.4512897,10.7355915,2705.8823529411766,127.5,0.0,,,,,,,,,,,,,,,,,,,,,,,,,,,,,,,,,,,,,,,,,,,,,,,,,,,,,,,,,,,,,,,,,,,,,,,,,,,
19,85.0,4.0,3.0,130000.0,,1.0,,,,,,,,,Ben Arous,Ben Arous,Appartement,vente,36.7516855,10.2245072,1529.4117647058824,21.25,0.0,,,,,,,,,,,,,,,,,,,,,,,,,,,,,,,,,,,,,,,,,,,,,,,,,,,,,,,,,,,,,,,,,,,,,,,,,,,
20,75.0,3.0,1.0,120000.0,,1.0,,,,,,,,,Ben Arous,Ben Arous,Appartement,vente,36.7516855,10.2245072,1600.0,25.0,0.0,,,,,,,,,,,,,,,,,,,,,,,,,,,,,,,,,,,,,,,,,,,,,,,,,,,,,,,,,,,,,,,,,,,,,,,,,,,
21,,2.0,0.0,365000.0,0.0,,,0.0,0.0,,0.0,,0.0,0.0,Ariana,Ariana,Appartement,vente,36.8587351,10.188232,,,0.0,,,,,,,,,,,,,,,,,,,,,,,,,,,,,,,,,,,,,,,,,,,,,,,,,,,,,,,,,,,,,,,,,,,,,,,,,,,
22,114.0,3.0,1.0,365000.0,,,1.0,1.0,1.0,,1.0,,1.0,1.0,Nabeul,Nabeul,Appartement,vente,36.4512897,10.7355915,3201.754385964912,38.0,0.0,,,,,,,,,,,,,,,,,,,,,,,,,,,,,,,,,,,,,,,,,,,,,,,,,,,,,,,,,,,,,,,,,,,,,,,,,,,
23,100.0,2.0,0.0,370000.0,,,,,,,,,,,Ben Arous,Ben Arous,Appartement,vente,36.7516855,10.2245072,3700.0,50.0,0.0,,,,,,,,,,,,,,,,,,,,,,,,,,,,,,,,,,,,,,,,,,,,,,,,,,,,,,,,,,,,,,,,,,,,,,,,,,,
24,110.0,2.0,1.0,250000.0,,1.0,,,,,,1.0,,,Ben Arous,Ben Arous,Appartement,vente,36.7516855,10.2245072,2272.7272727272725,55.0,0.0,,,,,,,,,,,,,,,,,,,,,,,,,,,,,,,,,,,,,,,,,,,,,,,,,,,,,,,,,,,,,,,,,,,,,,,,,,,
25,90.0,2.0,,149000.0,,1.0,,,,,,1.0,,,Ben Arous,Ben Arous,Appartement,vente,36.7516855,10.2245072,1655.5555555555557,45.0,0.0,,,,,,,,,,,,,,,,,,,,,,,,,,,,,,,,,,,,,,,,,,,,,,,,,,,,,,,,,,,,,,,,,,,,,,,,,,,
26,65.0,2.0,,170000.0,,,,,,,,1.0,,,Ariana,Ariana,Appartement,vente,36.8587351,10.188232,2615.3846153846152,32.5,0.0,,,,,,,,,,,,,,,,,,,,,,,,,,,,,,,,,,,,,,,,,,,,,,,,,,,,,,,,,,,,,,,,,,,,,,,,,,,
27,160.0,3.0,,320000.0,1.0,,1.0,1.0,,,,,,1.0,Sousse,Sousse,Appartement,vente,35.8288284,10.6405254,2000.0,53.333333333333336,0.0,,,,,,,,,,,,,,,,,,,,,,,,,,,,,,,,,,,,,,,,,,,,,,,,,,,,,,,,,,,,,,,,,,,,,,,,,,,
28,140.0,2.0,1.0,180000.0,,,,,,,,,,,,"Étage Situé Dans Une Résidence À Centre Ville, Tunis",Appartement,vente,,,1285.7142857142858,70.0,0.0,,,,,,,,,,,,,,,,,,,,,,,,,,,,,,,,,,,,,,,,,,,,,,,,,,,,,,,,,,,,,,,,,,,,,,,,,,,
29,95.0,2.0,,247000.0,1.0,1.0,,,,,,,,,,"Éme Étage Situé Dans Une Résidence Avec Ascenseur À Lafayette, Tunis",Appartement,vente,,,2600.0,47.5,0.0,,,,,,,,,,,,,,,,,,,,,,,,,,,,,,,,,,,,,,,,,,,,,,,,,,,,,,,,,,,,,,,,,,,,,,,,,,,
30,140.0,2.0,1.0,220000.0,,1.0,,,,,,,,,,"Er Étage Situé Dans Une Résidence D'El Passage, Tunis",Appartement,vente,,,1571.4285714285713,70.0,0.0,,,,,,,,,,,,,,,,,,,,,,,,,,,,,,,,,,,,,,,,,,,,,,,,,,,,,,,,,,,,,,,,,,,,,,,,,,,
31,120.0,2.0,,350000.0,,1.0,,,,,,,,,,"Éme Étage Situé Dans Un Immeuble À Centre Ville, Tunis",Appartement,vente,,,2916.6666666666665,60.0,0.0,,,,,,,,,,,,,,,,,,,,,,,,,,,,,,,,,,,,,,,,,,,,,,,,,,,,,,,,,,,,,,,,,,,,,,,,,,,
32,139.0,2.0,,210000.0,,1.0,,,,,,,,,Nabeul,Nabeul,Appartement,vente,36.4512897,10.7355915,1510.7913669064749,69.5,0.0,,,,,,,,,,,,,,,,,,,,,,,,,,,,,,,,,,,,,,,,,,,,,,,,,,,,,,,,,,,,,,,,,,,,,,,,,,,
33,500.0,2.0,1.0,350000.0,,1.0,1.0,1.0,,,,,1.0,,Nabeul,Nabeul,Appartement,vente,36.4512897,10.7355915,700.0,250.0,0.0,,,,,,,,,,,,,,,,,,,,,,,,,,,,,,,,,,,,,,,,,,,,,,,,,,,,,,,,,,,,,,,,,,,,,,,,,,,
34,120.0,4.0,,365000.0,,,1.0,1.0,1.0,,1.0,1.0,1.0,1.0,Nabeul,Nabeul,Appartement,vente,36.4512897,10.7355915,3041.6666666666665,30.0,0.0,,,,,,,,,,,,,,,,,,,,,,,,,,,,,,,,,,,,,,,,,,,,,,,,,,,,,,,,,,,,,,,,,,,,,,,,,,,
35,85.0,4.0,0.0,630000.0,,,1.0,1.0,1.0,,1.0,,,1.0,Nabeul,Nabeul,Appartement,vente,36.4512897,10.7355915,7411.764705882353,21.25,0.0,,,,,,,,,,,,,,,,,,,,,,,,,,,,,,,,,,,,,,,,,,,,,,,,,,,,,,,,,,,,,,,,,,,,,,,,,,,
36,42.0,3.0,0.0,120000.0,,,,1.0,,,,,,,Nabeul,Nabeul,Appartement,vente,36.4512897,10.7355915,2857.1428571428573,14.0,0.0,,,,,,,,,,,,,,,,,,,,,,,,,,,,,,,,,,,,,,,,,,,,,,,,,,,,,,,,,,,,,,,,,,,,,,,,,,,
37,70.0,2.0,0.0,320000.0,1.0,,1.0,1.0,,,,1.0,,,Nabeul,Nabeul,Appartement,vente,36.4512897,10.7355915,4571.428571428572,35.0,0.0,,,,,,,,,,,,,,,,,,,,,,,,,,,,,,,,,,,,,,,,,,,,,,,,,,,,,,,,,,,,,,,,,,,,,,,,,,,
38,90.0,3.0,2.0,220000.0,,,1.0,1.0,,,,,,1.0,Nabeul,Nabeul,Appartement,vente,36.4512897,10.7355915,2444.4444444444443,30.0,0.0,,,,,,,,,,,,,,,,,,,,,,,,,,,,,,,,,,,,,,,,,,,,,,,,,,,,,,,,,,,,,,,,,,,,,,,,,,,
39,100.0,2.0,,195000.0,,,1.0,1.0,,,,,,1.0,Nabeul,Nabeul,Appartement,vente,36.4512897,10.7355915,1950.0,50.0,0.0,,,,,,,,,,,,,,,,,,,,,,,,,,,,,,,,,,,,,,,,,,,,,,,,,,,,,,,,,,,,,,,,,,,,,,,,,,,
40,42.0,2.0,,130000.0,1.0,,,,1.0,,,1.0,,,,"Fares El Khouri, Tunis",Appartement,vente,36.7978618,10.1881739,3095.2380952380954,21.0,0.0,,,,,,,,,,,,,,,,,,,,,,,,,,,,,,,,,,,,,,,,,,,,,,,,,,,,,,,,,,,,,,,,,,,,,,,,,,,
41,160.0,3.0,1.0,380000.0,1.0,,1.0,1.0,1.0,,1.0,1.0,1.0,1.0,Nabeul,Nabeul,Appartement,vente,36.4512897,10.7355915,2375.0,53.333333333333336,1.0,,,,,,,,,,,,,,,,,,,,,,,,,,,,,,,,,,,,,,,,,,,,,,,,,,,,,,,,,,,,,,,,,,,,,,,,,,,
42,75.0,3.0,,110000.0,,,,1.0,,,,,,,Ben Arous,Ben Arous,Appartement,vente,36.7516855,10.2245072,1466.6666666666667,25.0,0.0,,,,,,,,,,,,,,,,,,,,,,,,,,,,,,,,,,,,,,,,,,,,,,,,,,,,,,,,,,,,,,,,,,,,,,,,,,,
43,172.0,3.0,1.0,185000.0,,,,,,,,,,1.0,Nabeul,Nabeul,Appartement,vente,36.4512897,10.7355915,1075.5813953488373,57.333333333333336,0.0,,,,,,,,,,,,,,,,,,,,,,,,,,,,,,,,,,,,,,,,,,,,,,,,,,,,,,,,,,,,,,,,,,,,,,,,,,,
44,90.0,3.0,1.0,265000.0,,1.0,1.0,1.0,,,,,,1.0,Nabeul,Nabeul,Appartement,vente,36.4512897,10.7355915,2944.4444444444443,30.0,0.0,,,,,,,,,,,,,,,,,,,,,,,,,,,,,,,,,,,,,,,,,,,,,,,,,,,,,,,,,,,,,,,,,,,,,,,,,,,
45,78.0,2.0,,220000.0,,,,1.0,,,,,,1.0,Nabeul,Nabeul,Appartement,vente,36.4512897,10.7355915,2820.5128205128203,39.0,0.0,,,,,,,,,,,,,,,,,,,,,,,,,,,,,,,,,,,,,,,,,,,,,,,,,,,,,,,,,,,,,,,,,,,,,,,,,,,
46,85.0,4.0,0.0,630000.0,,,1.0,1.0,1.0,,1.0,,,1.0,Nabeul,Nabeul,Appartement,vente,36.4512897,10.7355915,7411.764705882353,21.25,0.0,,,,,,,,,,,,,,,,,,,,,,,,,,,,,,,,,,,,,,,,,,,,,,,,,,,,,,,,,,,,,,,,,,,,,,,,,,,
47,133.0,2.0,0.0,350000.0,,,1.0,,,,,,,1.0,Nabeul,Nabeul,Appartement,vente,36.4512897,10.7355915,2631.5789473684213,66.5,0.0,,,,,,,,,,,,,,,,,,,,,,,,,,,,,,,,,,,,,,,,,,,,,,,,,,,,,,,,,,,,,,,,,,,,,,,,,,,
48,40.0,2.0,,390000.0,1.0,,1.0,1.0,,,,1.0,,1.0,Nabeul,Nabeul,Appartement,vente,36.4512897,10.7355915,9750.0,20.0,0.0,,,,,,,,,,,,,,,,,,,,,,,,,,,,,,,,,,,,,,,,,,,,,,,,,,,,,,,,,,,,,,,,,,,,,,,,,,,
49,255.0,2.0,0.0,690000.0,,,1.0,1.0,,,1.0,,1.0,1.0,Nabeul,Nabeul,Appartement,vente,36.4512897,10.7355915,2705.8823529411766,127.5,0.0,,,,,,,,,,,,,,,,,,,,,,,,,,,,,,,,,,,,,,,,,,,,,,,,,,,,,,,,,,,,,,,,,,,,,,,,,,,
50,105.0,3.0,,115000.0,,,,,,,,1.0,,,Ben Arous,Ben Arous,Appartement,vente,36.7516855,10.2245072,1095.2380952380952,35.0,0.0,,,,,,,,,,,,,,,,,,,,,,,,,,,,,,,,,,,,,,,,,,,,,,,,,,,,,,,,,,,,,,,,,,,,,,,,,,,
51,105.0,3.0,,155000.0,,,,,,,,1.0,,,Ben Arous,Ben Arous,Appartement,vente,36.7516855,10.2245072,1476.1904761904761,35.0,0.0,,,,,,,,,,,,,,,,,,,,,,,,,,,,,,,,,,,,,,,,,,,,,,,,,,,,,,,,,,,,,,,,,,,,,,,,,,,
52,151.0,3.0,0.0,255000.0,1.0,,1.0,1.0,,,1.0,,,,Ben Arous,Ben Arous,Appartement,vente,36.7516855,10.2245072,1688.7417218543046,50.333333333333336,0.0,,,,,,,,,,,,,,,,,,,,,,,,,,,,,,,,,,,,,,,,,,,,,,,,,,,,,,,,,,,,,,,,,,,,,,,,,,,
53,92.0,3.0,0.0,200000.0,1.0,1.0,1.0,1.0,,,,,,,Ben Arous,Ben Arous,Appartement,vente,36.7516855,10.2245072,2173.913043478261,30.666666666666668,0.0,,,,,,,,,,,,,,,,,,,,,,,,,,,,,,,,,,,,,,,,,,,,,,,,,,,,,,,,,,,,,,,,,,,,,,,,,,,
54,64.0,2.0,0.0,145000.0,1.0,,,,,,,,,,Ben Arous,Ben Arous,Appartement,vente,36.7516855,10.2245072,2265.625,32.0,0.0,,,,,,,,,,,,,,,,,,,,,,,,,,,,,,,,,,,,,,,,,,,,,,,,,,,,,,,,,,,,,,,,,,,,,,,,,,,
55,72.0,6.0,0.0,580000.0,,,1.0,1.0,,,,,1.0,1.0,Nabeul,Nabeul,Appartement,vente,36.4512897,10.7355915,8055.555555555556,12.0,0.0,,,,,,,,,,,,,,,,,,,,,,,,,,,,,,,,,,,,,,,,,,,,,,,,,,,,,,,,,,,,,,,,,,,,,,,,,,,
56,133.0,2.0,0.0,350000.0,,,1.0,,,,,,,1.0,Nabeul,Nabeul,Appartement,vente,36.4512897,10.7355915,2631.5789473684213,66.5,0.0,,,,,,,,,,,,,,,,,,,,,,,,,,,,,,,,,,,,,,,,,,,,,,,,,,,,,,,,,,,,,,,,,,,,,,,,,,,
57,57.0,2.0,,320000.0,,,1.0,1.0,,,,,,1.0,Nabeul,Nabeul,Appartement,vente,36.4512897,10.7355915,5614.035087719299,28.5,0.0,,,,,,,,,,,,,,,,,,,,,,,,,,,,,,,,,,,,,,,,,,,,,,,,,,,,,,,,,,,,,,,,,,,,,,,,,,,
58,132.0,2.0,1.0,280000.0,1.0,,1.0,1.0,1.0,,,1.0,,1.0,Ben Arous,Ben Arous,Appartement,vente,36.7516855,10.2245072,2121.212121212121,66.0,1.0,,,,,,,,,,,,,,,,,,,,,,,,,,,,,,,,,,,,,,,,,,,,,,,,,,,,,,,,,,,,,,,,,,,,,,,,,,,
59,100.0,2.0,1.0,150000.0,,,,,,,,,,1.0,Tunis,Tunis,Appartement,vente,36.8002068,10.1857757,1500.0,50.0,0.0,,,,,,,,,,,,,,,,,,,,,,,,,,,,,,,,,,,,,,,,,,,,,,,,,,,,,,,,,,,,,,,,,,,,,,,,,,,
60,136.0,2.0,2.0,320000.0,,1.0,,,,,,,,,Tunis,Tunis,Appartement,vente,36.8002068,10.1857757,2352.9411764705883,68.0,0.0,,,,,,,,,,,,,,,,,,,,,,,,,,,,,,,,,,,,,,,,,,,,,,,,,,,,,,,,,,,,,,,,,,,,,,,,,,,
61,120.0,4.0,2.0,480000.0,1.0,,1.0,1.0,,,1.0,1.0,,1.0,Nabeul,Nabeul,Appartement,vente,36.4512897,10.7355915,4000.0,30.0,2.0,,,,,,,,,,,,,,,,,,,,,,,,,,,,,,,,,,,,,,,,,,,,,,,,,,,,,,,,,,,,,,,,,,,,,,,,,,,
62,78.0,2.0,,220000.0,,,,1.0,,,,,,1.0,Nabeul,Nabeul,Appartement,vente,36.4512897,10.7355915,2820.5128205128203,39.0,0.0,,,,,,,,,,,,,,,,,,,,,,,,,,,,,,,,,,,,,,,,,,,,,,,,,,,,,,,,,,,,,,,,,,,,,,,,,,,
63,70.0,2.0,4.0,120000.0,1.0,,,,,,,,,,Ariana,Ariana,Appartement,vente,36.8587351,10.188232,1714.2857142857142,35.0,4.0,,,,,,,,,,,,,,,,,,,,,,,,,,,,,,,,,,,,,,,,,,,,,,,,,,,,,,,,,,,,,,,,,,,,,,,,,,,
64,80.0,2.0,,130000.0,,,,,,,,1.0,,,Tunis,Tunis,Appartement,vente,36.8002068,10.1857757,1625.0,40.0,0.0,,,,,,,,,,,,,,,,,,,,,,,,,,,,,,,,,,,,,,,,,,,,,,,,,,,,,,,,,,,,,,,,,,,,,,,,,,,
65,115.0,3.0,0.0,250000.0,,,1.0,1.0,,,,,,1.0,Nabeul,Nabeul,Appartement,vente,36.4512897,10.7355915,2173.913043478261,38.333333333333336,0.0,,,,,,,,,,,,,,,,,,,,,,,,,,,,,,,,,,,,,,,,,,,,,,,,,,,,,,,,,,,,,,,,,,,,,,,,,,,
66,74.0,2.0,,245000.0,1.0,,1.0,1.0,1.0,,1.0,1.0,,1.0,Nabeul,Nabeul,Appartement,vente,36.4512897,10.7355915,3310.810810810811,37.0,0.0,,,,,,,,,,,,,,,,,,,,,,,,,,,,,,,,,,,,,,,,,,,,,,,,,,,,,,,,,,,,,,,,,,,,,,,,,,,
67,95.0,2.0,,128000.0,,1.0,,,,,,,,,Ben Arous,Ben Arous,Appartement,vente,36.7516855,10.2245072,1347.3684210526317,47.5,0.0,,,,,,,,,,,,,,,,,,,,,,,,,,,,,,,,,,,,,,,,,,,,,,,,,,,,,,,,,,,,,,,,,,,,,,,,,,,
68,7.0,2.0,1.0,490000.0,1.0,,1.0,1.0,,,,,,1.0,Nabeul,Nabeul,Appartement,vente,36.4512897,10.7355915,70000.0,3.5,1.0,,,,,,,,,,,,,,,,,,,,,,,,,,,,,,,,,,,,,,,,,,,,,,,,,,,,,,,,,,,,,,,,,,,,,,,,,,,
69,500.0,6.0,0.0,650000.0,,,,1.0,,,1.0,,,1.0,Nabeul,Nabeul,Appartement,vente,36.4512897,10.7355915,1300.0,83.33333333333333,0.0,,,,,,,,,,,,,,,,,,,,,,,,,,,,,,,,,,,,,,,,,,,,,,,,,,,,,,,,,,,,,,,,,,,,,,,,,,,
70,105.0,2.0,,155000.0,,,,,,,,,,,Tunis,Tunis,Appartement,vente,36.8002068,10.1857757,1476.1904761904761,52.5,0.0,,,,,,,,,,,,,,,,,,,,,,,,,,,,,,,,,,,,,,,,,,,,,,,,,,,,,,,,,,,,,,,,,,,,,,,,,,,
71,126.0,2.0,4.0,330000.0,1.0,1.0,1.0,,1.0,1.0,,1.0,,1.0,Manouba,Manouba,Appartement,vente,36.8113307,10.0947037,2619.0476190476193,63.0,4.0,,,,,,,,,,,,,,,,,,,,,,,,,,,,,,,,,,,,,,,,,,,,,,,,,,,,,,,,,,,,,,,,,,,,,,,,,,,
72,120.0,4.0,,360000.0,1.0,1.0,1.0,1.0,,,,,1.0,,Sousse,Sousse,Appartement,vente,35.8288284,10.6405254,3000.0,30.0,0.0,,,,,,,,,,,,,,,,,,,,,,,,,,,,,,,,,,,,,,,,,,,,,,,,,,,,,,,,,,,,,,,,,,,,,,,,,,,
73,93.0,3.0,,111111.0,1.0,1.0,1.0,1.0,,,,,,,Sousse,Sousse,Appartement,vente,35.8288284,10.6405254,1194.741935483871,31.0,0.0,,,,,,,,,,,,,,,,,,,,,,,,,,,,,,,,,,,,,,,,,,,,,,,,,,,,,,,,,,,,,,,,,,,,,,,,,,,
74,140.0,4.0,3.0,595000.0,1.0,,1.0,1.0,1.0,,1.0,1.0,1.0,1.0,Nabeul,Nabeul,Appartement,vente,36.4512897,10.7355915,4250.0,35.0,3.0,,,,,,,,,,,,,,,,,,,,,,,,,,,,,,,,,,,,,,,,,,,,,,,,,,,,,,,,,,,,,,,,,,,,,,,,,,,
75,79.0,2.0,0.0,260000.0,,,,,,,,1.0,,1.0,Tunis,Tunis,Appartement,vente,36.8002068,10.1857757,3291.1392405063293,39.5,0.0,,,,,,,,,,,,,,,,,,,,,,,,,,,,,,,,,,,,,,,,,,,,,,,,,,,,,,,,,,,,,,,,,,,,,,,,,,,
76,110.0,2.0,0.0,400000.0,,,,,1.0,,1.0,,,1.0,Tunis,Tunis,Appartement,vente,36.8002068,10.1857757,3636.3636363636365,55.0,0.0,,,,,,,,,,,,,,,,,,,,,,,,,,,,,,,,,,,,,,,,,,,,,,,,,,,,,,,,,,,,,,,,,,,,,,,,,,,
77,62.0,2.0,0.0,165000.0,,,,,,,,,,,Ariana,Ariana,Appartement,vente,36.8587351,10.188232,2661.2903225806454,31.0,0.0,,,,,,,,,,,,,,,,,,,,,,,,,,,,,,,,,,,,,,,,,,,,,,,,,,,,,,,,,,,,,,,,,,,,,,,,,,,
78,85.0,2.0,,250000.0,1.0,1.0,,,,,,1.0,,,Ariana,Ariana,Appartement,vente,36.8587351,10.188232,2941.176470588235,42.5,0.0,,,,,,,,,,,,,,,,,,,,,,,,,,,,,,,,,,,,,,,,,,,,,,,,,,,,,,,,,,,,,,,,,,,,,,,,,,,
79,110.0,3.0,0.0,230000.0,,,,,,,,,,,Nabeul,Nabeul,Appartement,vente,36.4512897,10.7355915,2090.909090909091,36.666666666666664,0.0,,,,,,,,,,,,,,,,,,,,,,,,,,,,,,,,,,,,,,,,,,,,,,,,,,,,,,,,,,,,,,,,,,,,,,,,,,,
80,100.0,2.0,1.0,175000.0,,1.0,,,,,,,,,Nabeul,Nabeul,Appartement,vente,36.4512897,10.7355915,1750.0,50.0,0.0,,,,,,,,,,,,,,,,,,,,,,,,,,,,,,,,,,,,,,,,,,,,,,,,,,,,,,,,,,,,,,,,,,,,,,,,,,,
81,105.0,2.0,0.0,120000.0,,,,,,,,,,,Nabeul,Nabeul,Appartement,vente,36.4512897,10.7355915,1142.857142857143,52.5,0.0,,,,,,,,,,,,,,,,,,,,,,,,,,,,,,,,,,,,,,,,,,,,,,,,,,,,,,,,,,,,,,,,,,,,,,,,,,,
82,94.0,3.0,4.0,148000.0,1.0,,,,,,,,,1.0,,"Il Se Trouve À Cité El Hédi Nouira, Ariana",Appartement,vente,,,1574.468085106383,31.333333333333332,4.0,,,,,,,,,,,,,,,,,,,,,,,,,,,,,,,,,,,,,,,,,,,,,,,,,,,,,,,,,,,,,,,,,,,,,,,,,,,
83,93.0,4.0,1.0,320000.0,,,1.0,1.0,1.0,,1.0,,1.0,1.0,Nabeul,Nabeul,Appartement,vente,36.4512897,10.7355915,3440.8602150537636,23.25,0.0,,,,,,,,,,,,,,,,,,,,,,,,,,,,,,,,,,,,,,,,,,,,,,,,,,,,,,,,,,,,,,,,,,,,,,,,,,,
84,132.0,2.0,0.0,155000.0,,,,,,,1.0,,,1.0,Ben Arous,Ben Arous,Appartement,vente,36.7516855,10.2245072,1174.2424242424242,66.0,0.0,,,,,,,,,,,,,,,,,,,,,,,,,,,,,,,,,,,,,,,,,,,,-0.16467954,-0.15356818,-0.15415566,0.16761357,-0.06326861,-0.22227444,0.0180454,0.12202394,0.00197102,0.02929857,0.07032057,-0.026021795,0.029960468,-0.010132832,0.07319007,-0.008751009,-0.048201937,0.01393715,0.028411515,0.0066466434,0.015235858,0.004616391,0.020153694,-0.031141983,0.059685916,-0.0763584,0.007781368,0.004933173,-0.017527968,-0.0063377894,0.011254868,0.04657941
85,160.0,2.0,1.0,490000.0,,,1.0,1.0,,,,,,1.0,Nabeul,Nabeul,Appartement,vente,36.4512897,10.7355915,3062.5,80.0,0.0,,,,,,,,,,,,,,,,,,,,,,,,,,,,,,,,,,,,,,,,,,,,,,,,,,,,,,,,,,,,,,,,,,,,,,,,,,,
86,74.0,2.0,,190000.0,1.0,1.0,,,,,,,,,Tunis,Tunis,Appartement,vente,36.8002068,10.1857757,2567.5675675675675,37.0,0.0,,,,,,,,,,,,,,,,,,,,,,,,,,,,,,,,,,,,,,,,,,,,,,,,,,,,,,,,,,,,,,,,,,,,,,,,,,,
87,168.0,2.0,,380000.0,1.0,,,,,,,1.0,,,Ariana,Ariana,Appartement,vente,36.8587351,10.188232,2261.904761904762,84.0,0.0,,,,,,,,,,,,,,,,,,,,,,,,,,,,,,,,,,,,,,,,,,,,,,,,,,,,,,,,,,,,,,,,,,,,,,,,,,,
88,85.0,2.0,,120000.0,,1.0,,,,,,1.0,,,,"Une Résidence À Borj Louzir, Ariana",Appartement,vente,,,1411.764705882353,42.5,0.0,,,,,,,,,,,,,,,,,,,,,,,,,,,,,,,,,,,,,,,,,,,,,,,,,,,,,,,,,,,,,,,,,,,,,,,,,,,
89,40.0,2.0,,390000.0,1.0,,1.0,1.0,,,,1.0,,1.0,Nabeul,Nabeul,Appartement,vente,36.4512897,10.7355915,9750.0,20.0,0.0,,,,,,,,,,,,,,,,,,,,,,,,,,,,,,,,,,,,,,,,,,,,,,,,,,,,,,,,,,,,,,,,,,,,,,,,,,,
90,149.0,2.0,,350000.0,,1.0,,,,,,1.0,,,Tunis,Tunis,Appartement,vente,36.8002068,10.1857757,2348.993288590604,74.5,0.0,,,,,,,,,,,,,,,,,,,,,,,,,,,,,,,,,,,,,,,,,,,,,,,,,,,,,,,,,,,,,,,,,,,,,,,,,,,
91,99.0,2.0,1.0,370000.0,,1.0,,1.0,,,1.0,1.0,1.0,1.0,Nabeul,Nabeul,Appartement,vente,36.4512897,10.7355915,3737.373737373737,49.5,0.0,,,,,,,,,,,,,,,,,,,,,,,,,,,,,,,,,,,,,,,,,,,,,,,,,,,,,,,,,,,,,,,,,,,,,,,,,,,
92,55.0,2.0,0.0,240000.0,,,1.0,,,,,,,,Ben Arous,Ben Arous,Appartement,vente,36.7516855,10.2245072,4363.636363636364,27.5,0.0,,,,,,,,,,,,,,,,,,,,,,,,,,,,,,,,,,,,,,,,,,,,,,,,,,,,,,,,,,,,,,,,,,,,,,,,,,,
93,164.0,2.0,,350000.0,1.0,,,,,,,1.0,,,,"Au Coeur Du Centre Ville, Tunis",Appartement,vente,,,2134.1463414634145,82.0,0.0,,,,,,,,,,,,,,,,,,,,,,,,,,,,,,,,,,,,,,,,,,,,,,,,,,,,,,,,,,,,,,,,,,,,,,,,,,,
94,70.0,2.0,2.0,130000.0,,,,,,,,1.0,,,,"Une Résidence À Borj Louzir, Ariana",Appartement,vente,,,1857.142857142857,35.0,0.0,,,,,,,,,,,,,,,,,,,,,,,,,,,,,,,,,,,,,,,,,,,,,,,,,,,,,,,,,,,,,,,,,,,,,,,,,,,
95,80.0,2.0,1.0,135000.0,,,,,,,,,,,Nabeul,Nabeul,Appartement,vente,36.4512897,10.7355915,1687.5,40.0,0.0,,,,,,,,,,,,,,,,,,,,,,,,,,,,,,,,,,,,,,,,,,,,,,,,,,,,,,,,,,,,,,,,,,,,,,,,,,,
96,60.0,2.0,0.0,105000.0,,,,,,,1.0,,,1.0,Nabeul,Nabeul,Appartement,vente,36.4512897,10.7355915,1750.0,30.0,0.0,,,,,,,,,,,,,,,,,,,,,,,,,,,,,,,,,,,,,,,,,,,,0.09799615,-0.20140241,-0.09743196,-0.16435765,-0.107523404,0.056599952,-0.055938896,0.030407503,-0.04738079,-0.05109908,0.03866242,-0.049340297,0.042965837,-0.10945556,-0.025728703,0.02462981,0.03898949,0.040348,-0.066555634,0.023799267,-0.005155962,-0.060189918,-0.045842167,-0.027513834,0.087652765,0.0048310235,0.07345226,0.02518448,0.0658397,-0.0026602994,-0.019774117,-0.009254901
97,105.0,2.0,,160000.0,,1.0,,,,,,1.0,,,Nabeul,Nabeul,Appartement,vente,36.4512897,10.7355915,1523.8095238095239,52.5,0.0,,,,,,,,,,,,,,,,,,,,,,,,,,,,,,,,,,,,,,,,,,,,,,,,,,,,,,,,,,,,,,,,,,,,,,,,,,,
98,75.0,2.0,0.0,200000.0,,1.0,,,,,,1.0,,,,"Une Résidence Sur La Route Principale À Menzel Jemil, Bizerte",Appartement,vente,,,2666.6666666666665,37.5,0.0,,,,,,,,,,,,,,,,,,,,,,,,,,,,,,,,,,,,,,,,,,,,,,,,,,,,,,,,,,,,,,,,,,,,,,,,,,,
99,100.0,2.0,,120000.0,,1.0,,,,,,,,,Tunis,Tunis,Appartement,vente,36.8002068,10.1857757,1200.0,50.0,0.0,,,,,,,,,,,,,,,,,,,,,,,,,,,,,,,,,,,,,,,,,,,,,,,,,,,,,,,,,,,,,,,,,,,,,,,,,,,
100,75.0,3.0,,185000.0,,,1.0,1.0,,,,,,1.0,Nabeul,Nabeul,Appartement,vente,36.4512897,10.7355915,2466.6666666666665,25.0,0.0,,,,,,,,,,,,,,,,,,,,,,,,,,,,,,,,,,,,,,,,,,,,,,,,,,,,,,,,,,,,,,,,,,,,,,,,,,,
101,200.0,2.0,1.0,620000.0,1.0,1.0,1.0,1.0,,,,1.0,,,Ariana,Ariana,Appartement,vente,36.8587351,10.188232,3100.0,100.0,1.0,,,,,,,,,,,,,,,,,,,,,,,,,,,,,,,,,,,,,,,,,,,,,,,,,,,,,,,,,,,,,,,,,,,,,,,,,,,
102,600.0,6.0,3.0,390000.0,1.0,,1.0,1.0,,,,1.0,,1.0,Nabeul,Nabeul,Appartement,vente,36.4512897,10.7355915,650.0,100.0,3.0,,,,,,,,,,,,,,,,,,,,,,,,,,,,,,,,,,,,,,,,,,,,,,,,,,,,,,,,,,,,,,,,,,,,,,,,,,,
103,115.0,2.0,1.0,350000.0,,1.0,,1.0,,,,,1.0,1.0,Nabeul,Nabeul,Appartement,vente,36.4512897,10.7355915,3043.478260869565,57.5,0.0,,,,,,,,,,,,,,,,,,,,,,,,,,,,,,,,,,,,,,,,,,,,,,,,,,,,,,,,,,,,,,,,,,,,,,,,,,,
104,40.0,2.0,,390000.0,1.0,,1.0,1.0,,,,1.0,,1.0,Nabeul,Nabeul,Appartement,vente,36.4512897,10.7355915,9750.0,20.0,0.0,,,,,,,,,,,,,,,,,,,,,,,,,,,,,,,,,,,,,,,,,,,,,,,,,,,,,,,,,,,,,,,,,,,,,,,,,,,
105,9.0,2.0,,465000.0,,1.0,1.0,1.0,,,,1.0,1.0,1.0,Nabeul,Nabeul,Appartement,vente,36.4512897,10.7355915,51666.666666666664,4.5,0.0,,,,,,,,,,,,,,,,,,,,,,,,,,,,,,,,,,,,,,,,,,,,,,,,,,,,,,,,,,,,,,,,,,,,,,,,,,,
106,117.0,2.0,0.0,550000.0,,,1.0,1.0,,,,,1.0,1.0,Nabeul,Nabeul,Appartement,vente,36.4512897,10.7355915,4700.854700854701,58.5,0.0,,,,,,,,,,,,,,,,,,,,,,,,,,,,,,,,,,,,,,,,,,,,,,,,,,,,,,,,,,,,,,,,,,,,,,,,,,,
107,139.0,2.0,0.0,585000.0,,,,,,,1.0,,,,Tunis,Tunis,Appartement,vente,36.8002068,10.1857757,4208.63309352518,69.5,0.0,,,,,,,,,,,,,,,,,,,,,,,,,,,,,,,,,,,,,,,,,,,,,,,,,,,,,,,,,,,,,,,,,,,,,,,,,,,
108,145.0,2.0,,535000.0,,,1.0,1.0,,,,1.0,,,Tunis,Tunis,Appartement,vente,36.8002068,10.1857757,3689.655172413793,72.5,0.0,,,,,,,,,,,,,,,,,,,,,,,,,,,,,,,,,,,,,,,,,,,,,,,,,,,,,,,,,,,,,,,,,,,,,,,,,,,
109,40.0,2.0,,195000.0,1.0,,,,,,,,,,Tunis,Tunis,Appartement,vente,36.8002068,10.1857757,4875.0,20.0,0.0,,,,,,,,,,,,,,,,,,,,,,,,,,,,,,,,,,,,,,,,,,,,-0.021497793,-0.17463389,-0.0970606,0.09857229,0.05988456,-0.15094812,0.014906627,0.041091423,-0.016808044,-0.021653187,0.02856623,-0.00048510355,-0.009415853,-0.054886743,-0.05892206,0.060588043,-0.018919455,0.068089485,-0.104639806,-0.1189795,0.005767085,0.023128854,0.08299354,-0.031192295,-0.022537664,0.15109535,-0.14177135,0.032334384,-0.007988879,0.00438754,-0.003428724,0.018544368
110,60.0,2.0,,240000.0,,,,,,,,,,,Tunis,Tunis,Appartement,vente,36.8002068,10.1857757,4000.0,30.0,0.0,,,,,,,,,,,,,,,,,,,,,,,,,,,,,,,,,,,,,,,,,,,,,,,,,,,,,,,,,,,,,,,,,,,,,,,,,,,
111,62.0,2.0,,255600.0,1.0,,1.0,1.0,,1.0,,1.0,,1.0,Nabeul,Nabeul,Appartement,vente,36.4512897,10.7355915,4122.580645161291,31.0,0.0,,,,,,,,,,,,,,,,,,,,,,,,,,,,,,,,,,,,,,,,,,,,,,,,,,,,,,,,,,,,,,,,,,,,,,,,,,,
112,120.0,2.0,,210000.0,,1.0,,,,,,,,,Nabeul,Nabeul,Appartement,vente,36.4512897,10.7355915,1750.0,60.0,0.0,,,,,,,,,,,,,,,,,,,,,,,,,,,,,,,,,,,,,,,,,,,,,,,,,,,,,,,,,,,,,,,,,,,,,,,,,,,
113,70.0,2.0,,195000.0,1.0,,,,,,,,,,Tunis,Tunis,Appartement,vente,36.8002068,10.1857757,2785.714285714286,35.0,0.0,,,,,,,,,,,,,,,,,,,,,,,,,,,,,,,,,,,,,,,,,,,,,,,,,,,,,,,,,,,,,,,,,,,,,,,,,,,
114,110.0,2.0,,200000.0,,,,,,,,,,1.0,Nabeul,Nabeul,Appartement,vente,36.4512897,10.7355915,1818.1818181818182,55.0,0.0,,,,,,,,,,,,,,,,,,,,,,,,,,,,,,,,,,,,,,,,,,,,,,,,,,,,,,,,,,,,,,,,,,,,,,,,,,,
115,93.0,2.0,1.0,160000.0,1.0,1.0,,,,,,1.0,,,Tunis,Tunis,Appartement,vente,36.8002068,10.1857757,1720.4301075268818,46.5,1.0,,,,,,,,,,,,,,,,,,,,,,,,,,,,,,,,,,,,,,,,,,,,,,,,,,,,,,,,,,,,,,,,,,,,,,,,,,,
116,,4.0,,200000.0,0.0,,1.0,1.0,0.0,,0.0,,0.0,0.0,Ariana,Ariana,Appartement,vente,36.8587351,10.188232,,,0.0,,,,,,,,,,,,,,,,,,,,,,,,,,,,,,,,,,,,,,,,,,,,,,,,,,,,,,,,,,,,,,,,,,,,,,,,,,,
117,80.0,2.0,,150000.0,1.0,1.0,,,,,,1.0,,,Ariana,Ariana,Appartement,vente,36.8587351,10.188232,1875.0,40.0,0.0,,,,,,,,,,,,,,,,,,,,,,,,,,,,,,,,,,,,,,,,,,,,,,,,,,,,,,,,,,,,,,,,,,,,,,,,,,,
118,90.0,2.0,1.0,550000.0,,1.0,,1.0,,,,,,1.0,Nabeul,Nabeul,Appartement,vente,36.4512897,10.7355915,6111.111111111111,45.0,0.0,,,,,,,,,,,,,,,,,,,,,,,,,,,,,,,,,,,,,,,,,,,,,,,,,,,,,,,,,,,,,,,,,,,,,,,,,,,
119,145.0,2.0,,480000.0,1.0,,1.0,1.0,,,,1.0,,1.0,Nabeul,Nabeul,Appartement,vente,36.4512897,10.7355915,3310.344827586207,72.5,0.0,,,,,,,,,,,,,,,,,,,,,,,,,,,,,,,,,,,,,,,,,,,,,,,,,,,,,,,,,,,,,,,,,,,,,,,,,,,
120,93.0,4.0,1.0,320000.0,,,1.0,1.0,1.0,,1.0,1.0,1.0,1.0,Nabeul,Nabeul,Appartement,vente,36.4512897,10.7355915,3440.8602150537636,23.25,0.0,,,,,,,,,,,,,,,,,,,,,,,,,,,,,,,,,,,,,,,,,,,,0.03684722,-0.1497121,-0.12014403,-0.1877527,0.063814014,0.024346052,-0.12118479,-0.014127977,-0.006249468,-0.030190974,0.15042315,-0.14364593,-0.08252475,-0.02332403,0.007205759,-0.09045722,0.031864017,-0.014888978,-0.11261555,-0.012684383,0.055239372,-0.0071460535,-0.013318187,0.018948238,-0.023533942,-0.051163908,0.028377006,0.014863028,-0.021957336,0.052560445,0.005742362,-0.07019302
121,80.0,3.0,0.0,320000.0,,,,,,,,,,,Nabeul,Nabeul,Appartement,vente,36.4512897,10.7355915,4000.0,26.666666666666668,0.0,,,,,,,,,,,,,,,,,,,,,,,,,,,,,,,,,,,,,,,,,,,,,,,,,,,,,,,,,,,,,,,,,,,,,,,,,,,
122,500.0,2.0,,100000.0,,,,,,,,,,1.0,Nabeul,Nabeul,Appartement,vente,36.4512897,10.7355915,200.0,250.0,0.0,,,,,,,,,,,,,,,,,,,,,,,,,,,,,,,,,,,,,,,,,,,,,,,,,,,,,,,,,,,,,,,,,,,,,,,,,,,
123,90.0,3.0,,175000.0,,1.0,1.0,1.0,,,,1.0,,,Tunis,Tunis,Appartement,vente,36.8002068,10.1857757,1944.4444444444443,30.0,0.0,,,,,,,,,,,,,,,,,,,,,,,,,,,,,,,,,,,,,,,,,,,,,,,,,,,,,,,,,,,,,,,,,,,,,,,,,,,
124,80.0,2.0,1.0,145000.0,,1.0,,,,,,,,,Nabeul,Nabeul,Appartement,vente,36.4512897,10.7355915,1812.5,40.0,0.0,,,,,,,,,,,,,,,,,,,,,,,,,,,,,,,,,,,,,,,,,,,,,,,,,,,,,,,,,,,,,,,,,,,,,,,,,,,
125,167.0,2.0,,380000.0,,,,,,,,,,1.0,Tunis,Tunis,Appartement,vente,36.8002068,10.1857757,2275.4491017964074,83.5,0.0,,,,,,,,,,,,,,,,,,,,,,,,,,,,,,,,,,,,,,,,,,,,,,,,,,,,,,,,,,,,,,,,,,,,,,,,,,,
126,167.0,2.0,1.0,340000.0,,1.0,,,,,,,,,Tunis,Tunis,Appartement,vente,36.8002068,10.1857757,2035.9281437125749,83.5,0.0,,,,,,,,,,,,,,,,,,,,,,,,,,,,,,,,,,,,,,,,,,,,,,,,,,,,,,,,,,,,,,,,,,,,,,,,,,,
127,186.0,2.0,,690000.0,1.0,1.0,1.0,1.0,,,,1.0,,1.0,Nabeul,Nabeul,Appartement,vente,36.4512897,10.7355915,3709.6774193548385,93.0,0.0,,,,,,,,,,,,,,,,,,,,,,,,,,,,,,,,,,,,,,,,,,,,,,,,,,,,,,,,,,,,,,,,,,,,,,,,,,,
128,214.0,2.0,0.0,420000.0,,,,,1.0,,1.0,,,1.0,Tunis,Tunis,Appartement,vente,36.8002068,10.1857757,1962.6168224299065,107.0,0.0,,,,,,,,,,,,,,,,,,,,,,,,,,,,,,,,,,,,,,,,,,,,,,,,,,,,,,,,,,,,,,,,,,,,,,,,,,,
129,330.0,2.0,,350000.0,,1.0,,,,,,,,,Tunis,Tunis,Appartement,vente,36.8002068,10.1857757,1060.6060606060605,165.0,0.0,,,,,,,,,,,,,,,,,,,,,,,,,,,,,,,,,,,,,,,,,,,,,,,,,,,,,,,,,,,,,,,,,,,,,,,,,,,
130,172.0,2.0,1.0,200000.0,,,,,,,,,,1.0,Nabeul,Nabeul,Appartement,vente,36.4512897,10.7355915,1162.7906976744187,86.0,0.0,,,,,,,,,,,,,,,,,,,,,,,,,,,,,,,,,,,,,,,,,,,,,,,,,,,,,,,,,,,,,,,,,,,,,,,,,,,
131,85.0,3.0,1.0,250000.0,,,,1.0,1.0,,,1.0,1.0,1.0,Nabeul,Nabeul,Appartement,vente,36.4512897,10.7355915,2941.176470588235,28.333333333333332,0.0,,,,,,,,,,,,,,,,,,,,,,,,,,,,,,,,,,,,,,,,,,,,,,,,,,,,,,,,,,,,,,,,,,,,,,,,,,,
132,220.0,2.0,,550000.0,,,1.0,1.0,,,,,,1.0,Nabeul,Nabeul,Appartement,vente,36.4512897,10.7355915,2500.0,110.0,0.0,,,,,,,,,,,,,,,,,,,,,,,,,,,,,,,,,,,,,,,,,,,,,,,,,,,,,,,,,,,,,,,,,,,,,,,,,,,
133,100.0,3.0,,280000.0,,,,,1.0,,,,,1.0,Nabeul,Nabeul,Appartement,vente,36.4512897,10.7355915,2800.0,33.333333333333336,0.0,,,,,,,,,,,,,,,,,,,,,,,,,,,,,,,,,,,,,,,,,,,,,,,,,,,,,,,,,,,,,,,,,,,,,,,,,,,
134,109.0,2.0,0.0,500000.0,,,,,,,1.0,,,,Tunis,Tunis,Appartement,vente,36.8002068,10.1857757,4587.155963302752,54.5,0.0,,,,,,,,,,,,,,,,,,,,,,,,,,,,,,,,,,,,,,,,,,,,,,,,,,,,,,,,,,,,,,,,,,,,,,,,,,,
135,70.0,2.0,1.0,130000.0,,1.0,,,,,,,,,Nabeul,Nabeul,Appartement,vente,36.4512897,10.7355915,1857.142857142857,35.0,0.0,,,,,,,,,,,,,,,,,,,,,,,,,,,,,,,,,,,,,,,,,,,,,,,,,,,,,,,,,,,,,,,,,,,,,,,,,,,
136,95.0,2.0,,250000.0,,,,,,,,,,,Tunis,Tunis,Appartement,vente,36.8002068,10.1857757,2631.5789473684213,47.5,0.0,,,,,,,,,,,,,,,,,,,,,,,,,,,,,,,,,,,,,,,,,,,,,,,,,,,,,,,,,,,,,,,,,,,,,,,,,,,
137,50.0,2.0,,265000.0,,,,1.0,,,1.0,1.0,,1.0,Nabeul,Nabeul,Appartement,vente,36.4512897,10.7355915,5300.0,25.0,0.0,,,,,,,,,,,,,,,,,,,,,,,,,,,,,,,,,,,,,,,,,,,,,,,,,,,,,,,,,,,,,,,,,,,,,,,,,,,
138,108.0,4.0,1.0,320000.0,,,1.0,1.0,1.0,,1.0,,1.0,1.0,Nabeul,Nabeul,Appartement,vente,36.4512897,10.7355915,2962.962962962963,27.0,0.0,,,,,,,,,,,,,,,,,,,,,,,,,,,,,,,,,,,,,,,,,,,,,,,,,,,,,,,,,,,,,,,,,,,,,,,,,,,
139,140.0,4.0,3.0,605000.0,1.0,,1.0,1.0,1.0,,1.0,1.0,1.0,1.0,Nabeul,Nabeul,Appartement,vente,36.4512897,10.7355915,4321.428571428572,35.0,3.0,,,,,,,,,,,,,,,,,,,,,,,,,,,,,,,,,,,,,,,,,,,,,,,,,,,,,,,,,,,,,,,,,,,,,,,,,,,
140,150.0,2.0,5.0,640000.0,1.0,1.0,1.0,1.0,,1.0,,1.0,,1.0,Nabeul,Nabeul,Appartement,vente,36.4512897,10.7355915,4266.666666666667,75.0,5.0,,,,,,,,,,,,,,,,,,,,,,,,,,,,,,,,,,,,,,,,,,,,,,,,,,,,,,,,,,,,,,,,,,,,,,,,,,,
141,231.0,6.0,0.0,350000.0,,,,,,,,,,,Ben Arous,Ben Arous,Appartement,vente,36.7516855,10.2245072,1515.1515151515152,38.5,0.0,,,,,,,,,,,,,,,,,,,,,,,,,,,,,,,,,,,,,,,,,,,,,,,,,,,,,,,,,,,,,,,,,,,,,,,,,,,
142,90.0,2.0,,240000.0,,1.0,,,,,,,,,Tunis,Tunis,Appartement,vente,36.8002068,10.1857757,2666.6666666666665,45.0,0.0,,,,,,,,,,,,,,,,,,,,,,,,,,,,,,,,,,,,,,,,,,,,,,,,,,,,,,,,,,,,,,,,,,,,,,,,,,,
143,93.0,4.0,1.0,320000.0,,,1.0,1.0,1.0,,1.0,1.0,1.0,1.0,Nabeul,Nabeul,Appartement,vente,36.4512897,10.7355915,3440.8602150537636,23.25,0.0,,,,,,,,,,,,,,,,,,,,,,,,,,,,,,,,,,,,,,,,,,,,,,,,,,,,,,,,,,,,,,,,,,,,,,,,,,,
144,134.0,2.0,,340000.0,1.0,,,,,,,1.0,,,Tunis,Tunis,Appartement,vente,36.8002068,10.1857757,2537.313432835821,67.0,0.0,,,,,,,,,,,,,,,,,,,,,,,,,,,,,,,,,,,,,,,,,,,,-0.12582847,-0.104232684,-0.07248436,0.16902432,0.033478756,-0.10038223,-0.087582745,0.010074205,0.08106293,-0.003687801,0.13667598,-0.0012581109,0.051723413,-0.032208834,0.03956057,-0.03361099,-0.009902609,-0.049281552,-0.07527531,-0.022549989,-0.03704402,0.1182729,0.097063005,-0.0030813727,-0.037155975,0.107964106,-0.013027508,0.060570687,0.013232436,-0.027865456,-0.09759907,-0.031879503
145,115.0,2.0,,270000.0,1.0,1.0,,,,,,1.0,,,Ariana,Ariana,Appartement,vente,36.8587351,10.188232,2347.8260869565215,57.5,0.0,,,,,,,,,,,,,,,,,,,,,,,,,,,,,,,,,,,,,,,,,,,,,,,,,,,,,,,,,,,,,,,,,,,,,,,,,,,
146,118.0,2.0,1.0,600000.0,,1.0,,,,,,,,,Tunis,Tunis,Appartement,vente,36.8002068,10.1857757,5084.745762711865,59.0,0.0,,,,,,,,,,,,,,,,,,,,,,,,,,,,,,,,,,,,,,,,,,,,,,,,,,,,,,,,,,,,,,,,,,,,,,,,,,,
147,111.0,2.0,,345000.0,1.0,,,,,,,,,,Tunis,Tunis,Appartement,vente,36.8002068,10.1857757,3108.108108108108,55.5,0.0,,,,,,,,,,,,,,,,,,,,,,,,,,,,,,,,,,,,,,,,,,,,,,,,,,,,,,,,,,,,,,,,,,,,,,,,,,,
148,140.0,4.0,3.0,630000.0,1.0,,1.0,1.0,1.0,,1.0,1.0,1.0,1.0,Nabeul,Nabeul,Appartement,vente,36.4512897,10.7355915,4500.0,35.0,3.0,,,,,,,,,,,,,,,,,,,,,,,,,,,,,,,,,,,,,,,,,,,,,,,,,,,,,,,,,,,,,,,,,,,,,,,,,,,
149,157.0,3.0,0.0,600000.0,,1.0,,,,,,,,,Zaghouan,Zaghouan,Appartement,vente,36.3994751,10.1446349,3821.6560509554142,52.333333333333336,0.0,,,,,,,,,,,,,,,,,,,,,,,,,,,,,,,,,,,,,,,,,,,,-0.07631495,-0.13148937,-0.06926363,0.19855615,-0.12222916,-0.030232474,0.14693207,-0.18045464,-0.084686026,-0.061573382,0.033368085,0.08262217,-0.058652267,-0.032148503,0.03922026,0.03221369,-0.048216213,-0.072095744,0.09635813,-0.068506785,0.07425682,-0.15234627,-0.02409159,-0.036684323,-0.05457838,-0.006282743,0.011133447,-0.09240383,0.07138462,0.052894592,0.008327319,-0.020752832
150,93.0,4.0,1.0,320000.0,,,1.0,1.0,1.0,,1.0,,1.0,1.0,Nabeul,Nabeul,Appartement,vente,36.4512897,10.7355915,3440.8602150537636,23.25,0.0,,,,,,,,,,,,,,,,,,,,,,,,,,,,,,,,,,,,,,,,,,,,0.027501773,-0.16556354,-0.1521145,-0.18861072,0.04159843,0.034393545,-0.123675995,-0.0021921003,-0.03041577,-0.08558066,0.14911595,-0.14298709,-0.04630918,-0.02522931,-0.020292278,-0.032775585,0.004802175,-0.037480343,-0.14206058,-0.06729484,0.053253505,-0.036303654,0.005384749,5.977579e-05,0.02367267,-0.07296647,0.053272113,-0.0058396314,-0.012823592,0.03049477,0.044224426,-0.052406356
151,116.0,3.0,,340000.0,,,,1.0,,,1.0,1.0,1.0,1.0,Nabeul,Nabeul,Appartement,vente,36.4512897,10.7355915,2931.0344827586205,38.666666666666664,0.0,,,,,,,,,,,,,,,,,,,,,,,,,,,,,,,,,,,,,,,,,,,,0.060416784,-0.23615494,-0.060716804,-0.22095415,-0.116812035,0.07796043,-0.06768802,-0.0016501993,-0.015627492,-0.044281743,0.053556472,-0.10470683,-0.07312961,-0.033493966,-0.0021416594,-0.017331922,2.341033e-05,0.059405345,-0.03670478,0.027671237,-0.016333275,0.007531678,-0.022040075,0.04416718,0.059191678,0.0042578015,-0.0016283164,0.028427908,-0.008307378,-0.015249117,0.042859342,-0.0015353895
152,75.0,3.0,0.0,120000.0,,,,,1.0,,,,,1.0,Nabeul,Nabeul,Appartement,vente,36.4512897,10.7355915,1600.0,25.0,0.0,,,,,,,,,,,,,,,,,,,,,,,,,,,,,,,,,,,,,,,,,,,,,,,,,,,,,,,,,,,,,,,,,,,,,,,,,,,
153,122.0,2.0,6.0,305000.0,1.0,,1.0,1.0,1.0,,1.0,1.0,,1.0,Nabeul,Nabeul,Appartement,vente,36.4512897,10.7355915,2500.0,61.0,6.0,,,,,,,,,,,,,,,,,,,,,,,,,,,,,,,,,,,,,,,,,,,,,,,,,,,,,,,,,,,,,,,,,,,,,,,,,,,
154,155.0,3.0,0.0,400000.0,,1.0,,,,,,,,,Ariana,Ariana,Appartement,vente,36.8587351,10.188232,2580.6451612903224,51.666666666666664,0.0,,,,,,,,,,,,,,,,,,,,,,,,,,,,,,,,,,,,,,,,,,,,,,,,,,,,,,,,,,,,,,,,,,,,,,,,,,,
155,200.0,2.0,1.0,525000.0,,1.0,,,,,,,,,Tunis,Tunis,Appartement,vente,36.8002068,10.1857757,2625.0,100.0,0.0,,,,,,,,,,,,,,,,,,,,,,,,,,,,,,,,,,,,,,,,,,,,,,,,,,,,,,,,,,,,,,,,,,,,,,,,,,,
156,200.0,2.0,0.0,440000.0,,,,,,,1.0,,,,Tunis,Tunis,Appartement,vente,36.8002068,10.1857757,2200.0,100.0,0.0,,,,,,,,,,,,,,,,,,,,,,,,,,,,,,,,,,,,,,,,,,,,,,,,,,,,,,,,,,,,,,,,,,,,,,,,,,,
157,55.0,2.0,,140000.0,,,,1.0,,,,,,1.0,Nabeul,Nabeul,Appartement,vente,36.4512897,10.7355915,2545.4545454545455,27.5,0.0,,,,,,,,,,,,,,,,,,,,,,,,,,,,,,,,,,,,,,,,,,,,0.14486472,-0.18422489,-0.14044371,-0.029325683,-0.15883881,0.14310984,0.0002738957,-0.06841849,-0.08490255,-0.10314651,0.045374736,-0.016219283,0.0008085447,-0.12089925,-0.010006896,0.027770702,0.008556289,0.06517087,-0.13008887,0.031772964,-0.0332618,0.022597086,0.09491764,0.0019128014,-0.006312264,0.09058022,-0.023009282,-0.053693682,-0.026159346,-0.013598939,0.02502712,0.024917066
158,127.0,2.0,4.0,400000.0,,1.0,1.0,1.0,,,,,,,Tunis,Tunis,Appartement,vente,36.8002068,10.1857757,3149.6062992125985,63.5,0.0,,,,,,,,,,,,,,,,,,,,,,,,,,,,,,,,,,,,,,,,,,,,,,,,,,,,,,,,,,,,,,,,,,,,,,,,,,,
159,126.0,2.0,,340000.0,1.0,1.0,,1.0,,,,,,,Tunis,Tunis,Appartement,vente,36.8002068,10.1857757,2698.4126984126983,63.0,0.0,,,,,,,,,,,,,,,,,,,,,,,,,,,,,,,,,,,,,,,,,,,,,,,,,,,,,,,,,,,,,,,,,,,,,,,,,,,
160,109.0,3.0,,365000.0,1.0,,1.0,1.0,1.0,,1.0,,,1.0,Nabeul,Nabeul,Appartement,vente,36.4512897,10.7355915,3348.623853211009,36.333333333333336,0.0,,,,,,,,,,,,,,,,,,,,,,,,,,,,,,,,,,,,,,,,,,,,,,,,,,,,,,,,,,,,,,,,,,,,,,,,,,,
161,50.0,2.0,,128000.0,,1.0,,,,,,,,,Tunis,Tunis,Appartement,vente,36.8002068,10.1857757,2560.0,25.0,0.0,,,,,,,,,,,,,,,,,,,,,,,,,,,,,,,,,,,,,,,,,,,,,,,,,,,,,,,,,,,,,,,,,,,,,,,,,,,
162,108.0,3.0,0.0,250000.0,,,1.0,,,,,1.0,,,Ariana,Ariana,Appartement,vente,36.8587351,10.188232,2314.814814814815,36.0,0.0,,,,,,,,,,,,,,,,,,,,,,,,,,,,,,,,,,,,,,,,,,,,,,,,,,,,,,,,,,,,,,,,,,,,,,,,,,,
163,110.0,3.0,,230000.0,,,,1.0,,,,,,1.0,Nabeul,Nabeul,Appartement,vente,36.4512897,10.7355915,2090.909090909091,36.666666666666664,0.0,,,,,,,,,,,,,,,,,,,,,,,,,,,,,,,,,,,,,,,,,,,,,,,,,,,,,,,,,,,,,,,,,,,,,,,,,,,
164,117.0,2.0,1.0,410000.0,,1.0,,,,,1.0,1.0,,1.0,Ariana,Ariana,Appartement,vente,36.8587351,10.188232,3504.2735042735044,58.5,0.0,,,,,,,,,,,,,,,,,,,,,,,,,,,,,,,,,,,,,,,,,,,,,,,,,,,,,,,,,,,,,,,,,,,,,,,,,,,
165,55.0,2.0,,241000.0,,1.0,,,,,,1.0,,,Ariana,Ariana,Appartement,vente,36.8587351,10.188232,4381.818181818182,27.5,0.0,,,,,,,,,,,,,,,,,,,,,,,,,,,,,,,,,,,,,,,,,,,,,,,,,,,,,,,,,,,,,,,,,,,,,,,,,,,
166,108.0,3.0,,280000.0,,,,,1.0,,,,,1.0,Nabeul,Nabeul,Appartement,vente,36.4512897,10.7355915,2592.5925925925926,36.0,0.0,,,,,,,,,,,,,,,,,,,,,,,,,,,,,,,,,,,,,,,,,,,,0.009993409,-0.2248324,-0.044875104,-0.171485,-0.056467887,0.001739537,-0.036370862,0.010526261,-0.043500084,-0.008999805,-0.037759796,-0.08353173,-0.031468417,-0.06837522,-0.011562587,-0.06353631,0.04777618,0.0014736976,-0.024256544,0.053461455,0.007852423,0.056202054,0.034786418,-0.00042742622,0.06399117,0.114077054,0.12250143,-0.0629381,-0.08240059,0.08910558,0.012629719,0.05110397
167,133.0,3.0,0.0,180000.0,,,,,1.0,,,,,1.0,,"Situé Dans Un Quartier Résidentiel À Cité Ennassim, Ariana",Appartement,vente,,,1353.3834586466166,44.333333333333336,0.0,,,,,,,,,,,,,,,,,,,,,,,,,,,,,,,,,,,,,,,,,,,,,,,,,,,,,,,,,,,,,,,,,,,,,,,,,,,
168,109.0,3.0,,365000.0,1.0,,1.0,1.0,1.0,,1.0,,,1.0,Nabeul,Nabeul,Appartement,vente,36.4512897,10.7355915,3348.623853211009,36.333333333333336,0.0,,,,,,,,,,,,,,,,,,,,,,,,,,,,,,,,,,,,,,,,,,,,,,,,,,,,,,,,,,,,,,,,,,,,,,,,,,,
169,50.0,2.0,,265000.0,,,,1.0,1.0,,1.0,1.0,,1.0,Nabeul,Nabeul,Appartement,vente,36.4512897,10.7355915,5300.0,25.0,0.0,,,,,,,,,,,,,,,,,,,,,,,,,,,,,,,,,,,,,,,,,,,,,,,,,,,,,,,,,,,,,,,,,,,,,,,,,,,
170,165.0,2.0,0.0,550000.0,1.0,,1.0,1.0,,,1.0,1.0,,,Tunis,Tunis,Appartement,vente,36.8002068,10.1857757,3333.3333333333335,82.5,0.0,,,,,,,,,,,,,,,,,,,,,,,,,,,,,,,,,,,,,,,,,,,,,,,,,,,,,,,,,,,,,,,,,,,,,,,,,,,
171,98.0,2.0,,220000.0,1.0,1.0,,,,,,,,,Ben Arous,Ben Arous,Appartement,vente,36.7516855,10.2245072,2244.8979591836733,49.0,0.0,,,,,,,,,,,,,,,,,,,,,,,,,,,,,,,,,,,,,,,,,,,,,,,,,,,,,,,,,,,,,,,,,,,,,,,,,,,
172,50.0,2.0,,370000.0,1.0,,,,,,,,,,Tunis,Tunis,Appartement,vente,36.8002068,10.1857757,7400.0,25.0,0.0,,,,,,,,,,,,,,,,,,,,,,,,,,,,,,,,,,,,,,,,,,,,,,,,,,,,,,,,,,,,,,,,,,,,,,,,,,,
173,75.0,3.0,,185000.0,,,1.0,1.0,1.0,,,,,,Nabeul,Nabeul,Appartement,vente,36.4512897,10.7355915,2466.6666666666665,25.0,0.0,,,,,,,,,,,,,,,,,,,,,,,,,,,,,,,,,,,,,,,,,,,,,,,,,,,,,,,,,,,,,,,,,,,,,,,,,,,
174,136.0,4.0,1.0,340000.0,1.0,,1.0,1.0,,,,,,1.0,Ariana,Ariana,Appartement,vente,36.8587351,10.188232,2500.0,34.0,1.0,,,,,,,,,,,,,,,,,,,,,,,,,,,,,,,,,,,,,,,,,,,,,,,,,,,,,,,,,,,,,,,,,,,,,,,,,,,
175,147.0,2.0,,411000.0,,1.0,,,,,,,,,,"Étage Situé Dans Une Résidence Luxueuse À Cité El Ghazela, Ariana",Appartement,vente,,,2795.918367346939,73.5,0.0,,,,,,,,,,,,,,,,,,,,,,,,,,,,,,,,,,,,,,,,,,,,-0.094427325,-0.11305057,-0.09423213,0.19736592,0.032931972,-0.13262978,-0.13390411,0.022374602,0.0014308316,-0.040498786,0.056417353,0.019205421,-0.048482977,0.028382102,-0.09478651,-0.01876082,-0.034436587,-0.14785583,0.0008579217,-0.038793463,-0.1409007,0.023766773,-0.050730977,-0.04323535,0.055269327,0.015627313,-0.105355516,-1.7797092e-05,-0.022684617,-0.008111606,0.007152951,0.035963573
176,143.0,2.0,,404000.0,,1.0,,,,,,,,,,"Étage Situé Dans Une Résidence Luxueuse À Cité El Ghazela, Ariana",Appartement,vente,,,2825.1748251748254,71.5,0.0,,,,,,,,,,,,,,,,,,,,,,,,,,,,,,,,,,,,,,,,,,,,,,,,,,,,,,,,,,,,,,,,,,,,,,,,,,,
177,150.0,6.0,0.0,340000.0,,,,,,,,,,,Ariana,Ariana,Appartement,vente,36.8587351,10.188232,2266.6666666666665,25.0,0.0,,,,,,,,,,,,,,,,,,,,,,,,,,,,,,,,,,,,,,,,,,,,,,,,,,,,,,,,,,,,,,,,,,,,,,,,,,,
178,150.0,2.0,,500000.0,1.0,1.0,,,,,,,,,Ariana,Ariana,Appartement,vente,36.8587351,10.188232,3333.3333333333335,75.0,0.0,,,,,,,,,,,,,,,,,,,,,,,,,,,,,,,,,,,,,,,,,,,,,,,,,,,,,,,,,,,,,,,,,,,,,,,,,,,
179,110.0,3.0,,230000.0,,,,,,,,,,1.0,Nabeul,Nabeul,Appartement,vente,36.4512897,10.7355915,2090.909090909091,36.666666666666664,0.0,,,,,,,,,,,,,,,,,,,,,,,,,,,,,,,,,,,,,,,,,,,,0.06741219,-0.21276183,-0.12934944,-0.18226756,-0.0958118,-0.009269809,-0.037952878,0.056730606,-0.043862704,-0.07695791,-0.039350245,-0.053801134,0.06992938,-0.072978914,0.031290427,0.0064748162,0.044088006,0.02399013,-0.021262327,0.07852399,0.0144673055,-0.07811677,0.061374903,-0.028711703,0.051174615,0.04408758,0.023182085,-0.06854861,-0.02501884,0.058263596,-0.035297073,-0.06635446
180,75.0,2.0,1.0,130000.0,,1.0,,,,,,1.0,,,Ben Arous,Ben Arous,Appartement,vente,36.7516855,10.2245072,1733.3333333333333,37.5,0.0,,,,,,,,,,,,,,,,,,,,,,,,,,,,,,,,,,,,,,,,,,,,,,,,,,,,,,,,,,,,,,,,,,,,,,,,,,,
181,110.0,2.0,1.0,250000.0,,1.0,,,,,,1.0,,,Ben Arous,Ben Arous,Appartement,vente,36.7516855,10.2245072,2272.7272727272725,55.0,0.0,,,,,,,,,,,,,,,,,,,,,,,,,,,,,,,,,,,,,,,,,,,,,,,,,,,,,,,,,,,,,,,,,,,,,,,,,,,
182,70.0,2.0,1.0,230000.0,,,,,,,,,,,Tunis,Tunis,Appartement,vente,36.8002068,10.1857757,3285.714285714286,35.0,0.0,,,,,,,,,,,,,,,,,,,,,,,,,,,,,,,,,,,,,,,,,,,,,,,,,,,,,,,,,,,,,,,,,,,,,,,,,,,
183,130.0,2.0,,150000.0,,1.0,,,,,,,,,Ben Arous,Ben Arous,Appartement,vente,36.7516855,10.2245072,1153.8461538461538,65.0,0.0,,,,,,,,,,,,,,,,,,,,,,,,,,,,,,,,,,,,,,,,,,,,,,,,,,,,,,,,,,,,,,,,,,,,,,,,,,,
184,117.0,6.0,0.0,500000.0,,1.0,,,,,,,,1.0,Tunis,Tunis,Appartement,vente,36.8002068,10.1857757,4273.504273504273,19.5,0.0,,,,,,,,,,,,,,,,,,,,,,,,,,,,,,,,,,,,,,,,,,,,,,,,,,,,,,,,,,,,,,,,,,,,,,,,,,,
185,125.0,4.0,,450000.0,1.0,,1.0,1.0,1.0,,1.0,1.0,,1.0,Nabeul,Nabeul,Appartement,vente,36.4512897,10.7355915,3600.0,31.25,0.0,,,,,,,,,,,,,,,,,,,,,,,,,,,,,,,,,,,,,,,,,,,,,,,,,,,,,,,,,,,,,,,,,,,,,,,,,,,
186,80.0,2.0,,180000.0,,,,,,,,,,,Ariana,Ariana,Appartement,vente,36.8587351,10.188232,2250.0,40.0,0.0,,,,,,,,,,,,,,,,,,,,,,,,,,,,,,,,,,,,,,,,,,,,,,,,,,,,,,,,,,,,,,,,,,,,,,,,,,,
187,125.0,2.0,,185000.0,1.0,1.0,1.0,,,,,1.0,,,Ben Arous,Ben Arous,Appartement,vente,36.7516855,10.2245072,1480.0,62.5,0.0,,,,,,,,,,,,,,,,,,,,,,,,,,,,,,,,,,,,,,,,,,,,,,,,,,,,,,,,,,,,,,,,,,,,,,,,,,,
188,210.0,2.0,0.0,550000.0,,,1.0,1.0,,,1.0,1.0,1.0,1.0,Nabeul,Nabeul,Appartement,vente,36.4512897,10.7355915,2619.0476190476193,105.0,0.0,,,,,,,,,,,,,,,,,,,,,,,,,,,,,,,,,,,,,,,,,,,,,,,,,,,,,,,,,,,,,,,,,,,,,,,,,,,
189,128.0,2.0,1.0,310000.0,,,1.0,1.0,,,,,,,Tunis,Tunis,Appartement,vente,36.8002068,10.1857757,2421.875,64.0,0.0,,,,,,,,,,,,,,,,,,,,,,,,,,,,,,,,,,,,,,,,,,,,,,,,,,,,,,,,,,,,,,,,,,,,,,,,,,,
190,50.0,2.0,,265000.0,,,,,,,,1.0,,,Nabeul,Nabeul,Appartement,vente,36.4512897,10.7355915,5300.0,25.0,0.0,,,,,,,,,,,,,,,,,,,,,,,,,,,,,,,,,,,,,,,,,,,,,,,,,,,,,,,,,,,,,,,,,,,,,,,,,,,
191,150.0,3.0,0.0,670000.0,,,,,,,,,,,Manouba,Manouba,Appartement,vente,36.8113307,10.0947037,4466.666666666667,50.0,0.0,,,,,,,,,,,,,,,,,,,,,,,,,,,,,,,,,,,,,,,,,,,,,,,,,,,,,,,,,,,,,,,,,,,,,,,,,,,
192,100.0,2.0,,140000.0,,,,,,,1.0,,,,Tunis,Tunis,Appartement,vente,36.8002068,10.1857757,1400.0,50.0,0.0,,,,,,,,,,,,,,,,,,,,,,,,,,,,,,,,,,,,,,,,,,,,,,,,,,,,,,,,,,,,,,,,,,,,,,,,,,,
193,60.0,2.0,0.0,105000.0,,,,,,,1.0,,,1.0,Nabeul,Nabeul,Appartement,vente,36.4512897,10.7355915,1750.0,30.0,0.0,,,,,,,,,,,,,,,,,,,,,,,,,,,,,,,,,,,,,,,,,,,,,,,,,,,,,,,,,,,,,,,,,,,,,,,,,,,
194,200.0,2.0,2.0,450000.0,1.0,1.0,1.0,1.0,,,,1.0,,1.0,Nabeul,Nabeul,Appartement,vente,36.4512897,10.7355915,2250.0,100.0,2.0,,,,,,,,,,,,,,,,,,,,,,,,,,,,,,,,,,,,,,,,,,,,,,,,,,,,,,,,,,,,,,,,,,,,,,,,,,,
195,120.0,2.0,,140000.0,,1.0,,,,,,,,,Ariana,Ariana,Appartement,vente,36.8587351,10.188232,1166.6666666666667,60.0,0.0,,,,,,,,,,,,,,,,,,,,,,,,,,,,,,,,,,,,,,,,,,,,,,,,,,,,,,,,,,,,,,,,,,,,,,,,,,,
196,360.0,2.0,0.0,110000.0,,,,,,,,,,1.0,Zaghouan,Zaghouan,Appartement,vente,36.3994751,10.1446349,305.55555555555554,180.0,0.0,,,,,,,,,,,,,,,,,,,,,,,,,,,,,,,,,,,,,,,,,,,,,,,,,,,,,,,,,,,,,,,,,,,,,,,,,,,
197,150.0,2.0,0.0,220000.0,,,,,,,,,,1.0,Tunis,Tunis,Appartement,vente,36.8002068,10.1857757,1466.6666666666667,75.0,0.0,,,,,,,,,,,,,,,,,,,,,,,,,,,,,,,,,,,,,,,,,,,,,,,,,,,,,,,,,,,,,,,,,,,,,,,,,,,
198,125.0,4.0,,450000.0,1.0,,1.0,1.0,1.0,,1.0,1.0,,1.0,Nabeul,Nabeul,Appartement,vente,36.4512897,10.7355915,3600.0,31.25,0.0,,,,,,,,,,,,,,,,,,,,,,,,,,,,,,,,,,,,,,,,,,,,,,,,,,,,,,,,,,,,,,,,,,,,,,,,,,,
199,165.0,2.0,,385000.0,1.0,1.0,,,,,,1.0,,,Tunis,Tunis,Appartement,vente,36.8002068,10.1857757,2333.3333333333335,82.5,0.0,,,,,,,,,,,,,,,,,,,,,,,,,,,,,,,,,,,,,,,,,,,,,,,,,,,,,,,,,,,,,,,,,,,,,,,,,,,
200,192.0,2.0,0.0,550000.0,,,,,,,,1.0,,1.0,Ariana,Ariana,Appartement,vente,36.8587351,10.188232,2864.5833333333335,96.0,0.0,,,,,,,,,,,,,,,,,,,,,,,,,,,,,,,,,,,,,,,,,,,,,,,,,,,,,,,,,,,,,,,,,,,,,,,,,,,
201,100.0,2.0,,200000.0,,,,,,,,,,,Manouba,Manouba,Appartement,vente,36.8113307,10.0947037,2000.0,50.0,0.0,,,,,,,,,,,,,,,,,,,,,,,,,,,,,,,,,,,,,,,,,,,,,,,,,,,,,,,,,,,,,,,,,,,,,,,,,,,
202,100.0,2.0,,240000.0,1.0,1.0,,,,,,,,,Ariana,Ariana,Appartement,vente,36.8587351,10.188232,2400.0,50.0,0.0,,,,,,,,,,,,,,,,,,,,,,,,,,,,,,,,,,,,,,,,,,,,,,,,,,,,,,,,,,,,,,,,,,,,,,,,,,,
203,100.0,2.0,,145000.0,,,,,,,,,,,Tunis,Tunis,Appartement,vente,36.8002068,10.1857757,1450.0,50.0,0.0,,,,,,,,,,,,,,,,,,,,,,,,,,,,,,,,,,,,,,,,,,,,,,,,,,,,,,,,,,,,,,,,,,,,,,,,,,,
204,142.0,2.0,,330000.0,,1.0,,,,,,,,,Tunis,Tunis,Appartement,vente,36.8002068,10.1857757,2323.943661971831,71.0,0.0,,,,,,,,,,,,,,,,,,,,,,,,,,,,,,,,,,,,,,,,,,,,,,,,,,,,,,,,,,,,,,,,,,,,,,,,,,,
205,130.0,2.0,1.0,420000.0,,1.0,,,,,,,,,,"Étage Situé Dans Un Immeuble Au Coeur Du Centre Ville De Lafayette, Tunis",Appartement,vente,,,3230.769230769231,65.0,0.0,,,,,,,,,,,,,,,,,,,,,,,,,,,,,,,,,,,,,,,,,,,,,,,,,,,,,,,,,,,,,,,,,,,,,,,,,,,
206,192.0,2.0,0.0,350000.0,,,,,1.0,,1.0,,,,Tunis,Tunis,Appartement,vente,36.8002068,10.1857757,1822.9166666666667,96.0,0.0,,,,,,,,,,,,,,,,,,,,,,,,,,,,,,,,,,,,,,,,,,,,,,,,,,,,,,,,,,,,,,,,,,,,,,,,,,,
207,100.0,2.0,,180000.0,,1.0,,,,,,,,,,"Étage Situé Dans Un Immeuble Au Coeur Du Centre Ville, Tunis",Appartement,vente,,,1800.0,50.0,0.0,,,,,,,,,,,,,,,,,,,,,,,,,,,,,,,,,,,,,,,,,,,,,,,,,,,,,,,,,,,,,,,,,,,,,,,,,,,
208,98.0,2.0,,290000.0,1.0,1.0,,,,,,1.0,,,Ariana,Ariana,Appartement,vente,36.8587351,10.188232,2959.183673469388,49.0,0.0,,,,,,,,,,,,,,,,,,,,,,,,,,,,,,,,,,,,,,,,,,,,,,,,,,,,,,,,,,,,,,,,,,,,,,,,,,,
209,166.0,3.0,0.0,250000.0,,,,,,,,,,1.0,Tunis,Tunis,Appartement,vente,36.8002068,10.1857757,1506.0240963855422,55.333333333333336,0.0,,,,,,,,,,,,,,,,,,,,,,,,,,,,,,,,,,,,,,,,,,,,,,,,,,,,,,,,,,,,,,,,,,,,,,,,,,,
210,90.0,2.0,,165000.0,1.0,1.0,,,,,,,,,Ben Arous,Ben Arous,Appartement,vente,36.7516855,10.2245072,1833.3333333333333,45.0,0.0,,,,,,,,,,,,,,,,,,,,,,,,,,,,,,,,,,,,,,,,,,,,,,,,,,,,,,,,,,,,,,,,,,,,,,,,,,,
211,80.0,2.0,,280000.0,1.0,,,,,,,,,,Tunis,Tunis,Appartement,vente,36.8002068,10.1857757,3500.0,40.0,0.0,,,,,,,,,,,,,,,,,,,,,,,,,,,,,,,,,,,,,,,,,,,,,,,,,,,,,,,,,,,,,,,,,,,,,,,,,,,
212,50.0,2.0,1.0,100000.0,1.0,,,,,,,,,,,"Étage Situé Dans Une Résidence Sans Ascenseur Au Coeur Du Centre Ville, Tunis",Appartement,vente,,,2000.0,25.0,1.0,,,,,,,,,,,,,,,,,,,,,,,,,,,,,,,,,,,,,,,,,,,,,,,,,,,,,,,,,,,,,,,,,,,,,,,,,,,
213,122.0,2.0,6.0,305000.0,1.0,,1.0,1.0,1.0,,1.0,1.0,,1.0,Nabeul,Nabeul,Appartement,vente,36.4512897,10.7355915,2500.0,61.0,6.0,,,,,,,,,,,,,,,,,,,,,,,,,,,,,,,,,,,,,,,,,,,,,,,,,,,,,,,,,,,,,,,,,,,,,,,,,,,
214,95.0,2.0,0.0,210000.0,,,,,,,,,,,Tunis,Tunis,Appartement,vente,36.8002068,10.1857757,2210.5263157894738,47.5,0.0,,,,,,,,,,,,,,,,,,,,,,,,,,,,,,,,,,,,,,,,,,,,,,,,,,,,,,,,,,,,,,,,,,,,,,,,,,,
215,140.0,2.0,,120000.0,,,,,,,,,,1.0,Tunis,Tunis,Appartement,vente,36.8002068,10.1857757,857.1428571428571,70.0,0.0,,,,,,,,,,,,,,,,,,,,,,,,,,,,,,,,,,,,,,,,,,,,,,,,,,,,,,,,,,,,,,,,,,,,,,,,,,,
216,137.0,2.0,1.0,380000.0,1.0,1.0,,,,,,1.0,,,Tunis,Tunis,Appartement,vente,36.8002068,10.1857757,2773.7226277372265,68.5,1.0,,,,,,,,,,,,,,,,,,,,,,,,,,,,,,,,,,,,,,,,,,,,,,,,,,,,,,,,,,,,,,,,,,,,,,,,,,,
217,90.0,2.0,,158000.0,1.0,1.0,,,,,,,,,,"Étage Situé Dans Une Résidence Sans Ascenseur À Borj Louzir, Ariana",Appartement,vente,,,1755.5555555555557,45.0,0.0,,,,,,,,,,,,,,,,,,,,,,,,,,,,,,,,,,,,,,,,,,,,,,,,,,,,,,,,,,,,,,,,,,,,,,,,,,,
218,43.0,2.0,,250000.0,,,1.0,1.0,,,,,,,Tunis,Tunis,Appartement,vente,36.8002068,10.1857757,5813.953488372093,21.5,0.0,,,,,,,,,,,,,,,,,,,,,,,,,,,,,,,,,,,,,,,,,,,,,,,,,,,,,,,,,,,,,,,,,,,,,,,,,,,
219,120.0,2.0,,170000.0,,,,,,,,,,,Tunis,Tunis,Appartement,vente,36.8002068,10.1857757,1416.6666666666667,60.0,0.0,,,,,,,,,,,,,,,,,,,,,,,,,,,,,,,,,,,,,,,,,,,,,,,,,,,,,,,,,,,,,,,,,,,,,,,,,,,
220,150.0,3.0,,130000.0,,,,,,,,,,1.0,Sousse,Sousse,Appartement,vente,35.8288284,10.6405254,866.6666666666666,50.0,0.0,,,,,,,,,,,,,,,,,,,,,,,,,,,,,,,,,,,,,,,,,,,,,,,,,,,,,,,,,,,,,,,,,,,,,,,,,,,
221,210.0,2.0,1.0,320000.0,,,,,,,,,,,Tunis,Tunis,Appartement,vente,36.8002068,10.1857757,1523.8095238095239,105.0,0.0,,,,,,,,,,,,,,,,,,,,,,,,,,,,,,,,,,,,,,,,,,,,,,,,,,,,,,,,,,,,,,,,,,,,,,,,,,,
222,165.0,2.0,,300000.0,1.0,1.0,,,,,,1.0,,,Tunis,Tunis,Appartement,vente,36.8002068,10.1857757,1818.1818181818182,82.5,0.0,,,,,,,,,,,,,,,,,,,,,,,,,,,,,,,,,,,,,,,,,,,,,,,,,,,,,,,,,,,,,,,,,,,,,,,,,,,
223,85.0,2.0,0.0,360000.0,,,1.0,1.0,1.0,,1.0,1.0,1.0,1.0,Sousse,Sousse,Appartement,vente,35.8288284,10.6405254,4235.294117647059,42.5,0.0,,,,,,,,,,,,,,,,,,,,,,,,,,,,,,,,,,,,,,,,,,,,,,,,,,,,,,,,,,,,,,,,,,,,,,,,,,,
224,90.0,3.0,0.0,420000.0,,,1.0,1.0,1.0,,1.0,1.0,1.0,1.0,Sousse,Sousse,Appartement,vente,35.8288284,10.6405254,4666.666666666667,30.0,0.0,,,,,,,,,,,,,,,,,,,,,,,,,,,,,,,,,,,,,,,,,,,,,,,,,,,,,,,,,,,,,,,,,,,,,,,,,,,
225,100.0,2.0,0.0,330000.0,,,,,,,,,,1.0,Tunis,Tunis,Appartement,vente,36.8002068,10.1857757,3300.0,50.0,0.0,,,,,,,,,,,,,,,,,,,,,,,,,,,,,,,,,,,,,,,,,,,,,,,,,,,,,,,,,,,,,,,,,,,,,,,,,,,
226,98.0,2.0,,185000.0,,1.0,,,,,,,,,Tunis,Tunis,Appartement,vente,36.8002068,10.1857757,1887.7551020408164,49.0,0.0,,,,,,,,,,,,,,,,,,,,,,,,,,,,,,,,,,,,,,,,,,,,,,,,,,,,,,,,,,,,,,,,,,,,,,,,,,,
227,140.0,2.0,1.0,350000.0,,,,,,,,,,,Ben Arous,Ben Arous,Appartement,vente,36.7516855,10.2245072,2500.0,70.0,0.0,,,,,,,,,,,,,,,,,,,,,,,,,,,,,,,,,,,,,,,,,,,,,,,,,,,,,,,,,,,,,,,,,,,,,,,,,,,
228,90.0,2.0,1.0,209000.0,,,,,,,,,,,Tunis,Tunis,Appartement,vente,36.8002068,10.1857757,2322.222222222222,45.0,0.0,,,,,,,,,,,,,,,,,,,,,,,,,,,,,,,,,,,,,,,,,,,,,,,,,,,,,,,,,,,,,,,,,,,,,,,,,,,
229,115.0,2.0,0.0,620000.0,,,,,,,1.0,,,,Tunis,Tunis,Appartement,vente,36.8002068,10.1857757,5391.304347826087,57.5,0.0,,,,,,,,,,,,,,,,,,,,,,,,,,,,,,,,,,,,,,,,,,,,,,,,,,,,,,,,,,,,,,,,,,,,,,,,,,,
230,140.0,2.0,,250000.0,,1.0,,,,,,,,,Nabeul,Nabeul,Appartement,vente,36.4512897,10.7355915,1785.7142857142858,70.0,0.0,,,,,,,,,,,,,,,,,,,,,,,,,,,,,,,,,,,,,,,,,,,,,,,,,,,,,,,,,,,,,,,,,,,,,,,,,,,
231,100.0,2.0,0.0,200000.0,,,,,1.0,,1.0,,,,Tunis,Tunis,Appartement,vente,36.8002068,10.1857757,2000.0,50.0,0.0,,,,,,,,,,,,,,,,,,,,,,,,,,,,,,,,,,,,,,,,,,,,,,,,,,,,,,,,,,,,,,,,,,,,,,,,,,,
232,85.0,2.0,0.0,170000.0,,,,,,,,,,,Tunis,Tunis,Appartement,vente,36.8002068,10.1857757,2000.0,42.5,0.0,,,,,,,,,,,,,,,,,,,,,,,,,,,,,,,,,,,,,,,,,,,,,,,,,,,,,,,,,,,,,,,,,,,,,,,,,,,
233,100.0,2.0,,270000.0,1.0,1.0,,,,,,,,,,"Dt Description Un Coquet Appart De Haut Standing Situé Dans Une Résidence Avec Ascenseur À Belle Vue, Tunis",Appartement,vente,,,2700.0,50.0,0.0,,,,,,,,,,,,,,,,,,,,,,,,,,,,,,,,,,,,,,,,,,,,,,,,,,,,,,,,,,,,,,,,,,,,,,,,,,,
234,168.0,2.0,,430000.0,,1.0,,,,,,,,,Ariana,Ariana,Appartement,vente,36.8587351,10.188232,2559.5238095238096,84.0,0.0,,,,,,,,,,,,,,,,,,,,,,,,,,,,,,,,,,,,,,,,,,,,,,,,,,,,,,,,,,,,,,,,,,,,,,,,,,,
235,130.0,2.0,,200000.0,1.0,,,,,,,,,,Ben Arous,Ben Arous,Appartement,vente,36.7516855,10.2245072,1538.4615384615386,65.0,0.0,,,,,,,,,,,,,,,,,,,,,,,,,,,,,,,,,,,,,,,,,,,,,,,,,,,,,,,,,,,,,,,,,,,,,,,,,,,
236,85.0,2.0,,250000.0,1.0,1.0,1.0,1.0,,,,,1.0,,Nabeul,Nabeul,Appartement,vente,36.4512897,10.7355915,2941.176470588235,42.5,0.0,,,,,,,,,,,,,,,,,,,,,,,,,,,,,,,,,,,,,,,,,,,,,,,,,,,,,,,,,,,,,,,,,,,,,,,,,,,
237,140.0,2.0,,550000.0,1.0,1.0,,,,,1.0,1.0,,,Tunis,Tunis,Appartement,vente,36.8002068,10.1857757,3928.5714285714284,70.0,0.0,,,,,,,,,,,,,,,,,,,,,,,,,,,,,,,,,,,,,,,,,,,,,,,,,,,,,,,,,,,,,,,,,,,,,,,,,,,
238,104.0,3.0,,340000.0,1.0,1.0,1.0,1.0,,,,1.0,1.0,,Nabeul,Nabeul,Appartement,vente,36.4512897,10.7355915,3269.230769230769,34.666666666666664,0.0,,,,,,,,,,,,,,,,,,,,,,,,,,,,,,,,,,,,,,,,,,,,-0.10324898,-0.07886423,-0.07140762,-0.09491427,-0.046690494,-0.12278418,0.04166055,-0.007427292,-0.0370621,-0.1011561,0.15964778,0.0029412834,-0.08845082,0.115013614,-0.10411492,-0.09580933,-0.0052940766,-0.0099700615,-0.10204812,-0.10306584,0.028121695,-0.12830874,0.0084357895,-0.020137945,-0.006796857,-0.0054295077,0.05308536,-0.017283667,-0.070759304,0.048460513,-0.01994285,-0.018283961
239,218.0,3.0,0.0,130000.0,,,,,,,,,,,Ariana,Ariana,Appartement,vente,36.8587351,10.188232,596.3302752293578,72.66666666666667,0.0,,,,,,,,,,,,,,,,,,,,,,,,,,,,,,,,,,,,,,,,,,,,,,,,,,,,,,,,,,,,,,,,,,,,,,,,,,,
240,50.0,2.0,,180000.0,1.0,1.0,,,,,,,,,Ariana,Ariana,Appartement,vente,36.8587351,10.188232,3600.0,25.0,0.0,,,,,,,,,,,,,,,,,,,,,,,,,,,,,,,,,,,,,,,,,,,,,,,,,,,,,,,,,,,,,,,,,,,,,,,,,,,
241,87.0,2.0,,240000.0,1.0,1.0,,,,,,,,,Tunis,Tunis,Appartement,vente,36.8002068,10.1857757,2758.6206896551726,43.5,0.0,,,,,,,,,,,,,,,,,,,,,,,,,,,,,,,,,,,,,,,,,,,,,,,,,,,,,,,,,,,,,,,,,,,,,,,,,,,
242,100.0,2.0,,275000.0,1.0,1.0,,,,,,,,,,"Éme Étage Situé Dans Un Immeuble Avec Ascenseur À Beb El Kadhra, Tunis",Appartement,vente,,,2750.0,50.0,0.0,,,,,,,,,,,,,,,,,,,,,,,,,,,,,,,,,,,,,,,,,,,,,,,,,,,,,,,,,,,,,,,,,,,,,,,,,,,
243,110.0,2.0,,220000.0,1.0,1.0,,,,,,1.0,,,Ben Arous,Ben Arous,Appartement,vente,36.7516855,10.2245072,2000.0,55.0,0.0,,,,,,,,,,,,,,,,,,,,,,,,,,,,,,,,,,,,,,,,,,,,,,,,,,,,,,,,,,,,,,,,,,,,,,,,,,,
244,74.0,2.0,2.0,270000.0,,1.0,,,,,,,,,Tunis,Tunis,Appartement,vente,36.8002068,10.1857757,3648.6486486486488,37.0,0.0,,,,,,,,,,,,,,,,,,,,,,,,,,,,,,,,,,,,,,,,,,,,,,,,,,,,,,,,,,,,,,,,,,,,,,,,,,,
245,132.0,3.0,0.0,600000.0,,,,,,,,,,1.0,Tunis,Tunis,Appartement,vente,36.8002068,10.1857757,4545.454545454545,44.0,0.0,,,,,,,,,,,,,,,,,,,,,,,,,,,,,,,,,,,,,,,,,,,,,,,,,,,,,,,,,,,,,,,,,,,,,,,,,,,
246,120.0,4.0,,470000.0,1.0,,1.0,1.0,1.0,,1.0,1.0,1.0,1.0,Nabeul,Nabeul,Appartement,vente,36.4512897,10.7355915,3916.6666666666665,30.0,0.0,,,,,,,,,,,,,,,,,,,,,,,,,,,,,,,,,,,,,,,,,,,,,,,,,,,,,,,,,,,,,,,,,,,,,,,,,,,
247,85.0,3.0,1.0,250000.0,,,1.0,1.0,1.0,,1.0,1.0,1.0,1.0,Nabeul,Nabeul,Appartement,vente,36.4512897,10.7355915,2941.176470588235,28.333333333333332,0.0,,,,,,,,,,,,,,,,,,,,,,,,,,,,,,,,,,,,,,,,,,,,,,,,,,,,,,,,,,,,,,,,,,,,,,,,,,,
248,120.0,2.0,,440000.0,,,,,,,,,,1.0,Monastir,Monastir,Appartement,vente,35.7707582,10.8280511,3666.6666666666665,60.0,0.0,,,,,,,,,,,,,,,,,,,,,,,,,,,,,,,,,,,,,,,,,,,,,,,,,,,,,,,,,,,,,,,,,,,,,,,,,,,
249,82.0,2.0,,200000.0,,,,,,,,,,,,"Cité Erriadh, Bizerte",Appartement,vente,,,2439.0243902439024,41.0,0.0,,,,,,,,,,,,,,,,,,,,,,,,,,,,,,,,,,,,,,,,,,,,,,,,,,,,,,,,,,,,,,,,,,,,,,,,,,,
250,88.0,2.0,0.0,150000.0,,1.0,,,,,,,,,,"Dt Description Un Coquet Appart Au Rdc Situé Dans Une Résidence À Cité El Mostakbel, Ariana",Appartement,vente,,,1704.5454545454545,44.0,0.0,,,,,,,,,,,,,,,,,,,,,,,,,,,,,,,,,,,,,,,,,,,,,,,,,,,,,,,,,,,,,,,,,,,,,,,,,,,
251,95.0,3.0,0.0,140000.0,,,,,,,,,,,Ben Arous,Ben Arous,Appartement,vente,36.7516855,10.2245072,1473.6842105263158,31.666666666666668,0.0,,,,,,,,,,,,,,,,,,,,,,,,,,,,,,,,,,,,,,,,,,,,,,,,,,,,,,,,,,,,,,,,,,,,,,,,,,,
252,65.0,2.0,1.0,273000.0,,1.0,,,,,,,,1.0,Ariana,Ariana,Appartement,vente,36.8587351,10.188232,4200.0,32.5,0.0,,,,,,,,,,,,,,,,,,,,,,,,,,,,,,,,,,,,,,,,,,,,,,,,,,,,,,,,,,,,,,,,,,,,,,,,,,,
253,128.0,2.0,,330000.0,,1.0,,,,,,,,,Tunis,Tunis,Appartement,vente,36.8002068,10.1857757,2578.125,64.0,0.0,,,,,,,,,,,,,,,,,,,,,,,,,,,,,,,,,,,,,,,,,,,,,,,,,,,,,,,,,,,,,,,,,,,,,,,,,,,
254,97.0,2.0,1.0,280000.0,1.0,1.0,,,,,,1.0,,,Tunis,Tunis,Appartement,vente,36.8002068,10.1857757,2886.59793814433,48.5,1.0,,,,,,,,,,,,,,,,,,,,,,,,,,,,,,,,,,,,,,,,,,,,,,,,,,,,,,,,,,,,,,,,,,,,,,,,,,,
255,200.0,6.0,0.0,320000.0,,,,,,,1.0,,,1.0,Zaghouan,Zaghouan,Appartement,vente,36.3994751,10.1446349,1600.0,33.333333333333336,0.0,,,,,,,,,,,,,,,,,,,,,,,,,,,,,,,,,,,,,,,,,,,,,,,,,,,,,,,,,,,,,,,,,,,,,,,,,,,
256,50.0,2.0,1.0,130000.0,1.0,,,,,,,,,,,"Er Étage Situé Dans Un Immeuble Sans Ascenseur À Lafayette, Tunis",Appartement,vente,,,2600.0,25.0,1.0,,,,,,,,,,,,,,,,,,,,,,,,,,,,,,,,,,,,,,,,,,,,,,,,,,,,,,,,,,,,,,,,,,,,,,,,,,,
257,105.0,2.0,1.0,160000.0,1.0,1.0,,,,,,,,,Ben Arous,Ben Arous,Appartement,vente,36.7516855,10.2245072,1523.8095238095239,52.5,1.0,,,,,,,,,,,,,,,,,,,,,,,,,,,,,,,,,,,,,,,,,,,,,,,,,,,,,,,,,,,,,,,,,,,,,,,,,,,
258,170.0,2.0,0.0,300000.0,,,,,1.0,,1.0,,,1.0,Tunis,Carthage,Appartement,vente,36.8548083,10.3309924,1764.7058823529412,85.0,0.0,,,,,,,,,,,,,,,,,,,,,,,,,,,,,,,,,,,,,,,,,,,,,,,,,,,,,,,,,,,,,,,,,,,,,,,,,,,
259,75.0,2.0,,220000.0,1.0,1.0,,1.0,1.0,,1.0,1.0,,1.0,Sousse,Sousse,Appartement,vente,35.8288284,10.6405254,2933.3333333333335,37.5,0.0,,,,,,,,,,,,,,,,,,,,,,,,,,,,,,,,,,,,,,,,,,,,,,,,,,,,,,,,,,,,,,,,,,,,,,,,,,,
260,124.0,3.0,,150000.0,,,,,,,,,,,Nabeul,Nabeul,Appartement,vente,36.4512897,10.7355915,1209.6774193548388,41.333333333333336,0.0,,,,,,,,,,,,,,,,,,,,,,,,,,,,,,,,,,,,,,,,,,,,,,,,,,,,,,,,,,,,,,,,,,,,,,,,,,,
261,128.0,2.0,,250000.0,1.0,1.0,,,,,,,,,Ben Arous,Ben Arous,Appartement,vente,36.7516855,10.2245072,1953.125,64.0,0.0,,,,,,,,,,,,,,,,,,,,,,,,,,,,,,,,,,,,,,,,,,,,,,,,,,,,,,,,,,,,,,,,,,,,,,,,,,,
262,132.0,2.0,1.0,370000.0,1.0,1.0,,,,,,1.0,,,Ariana,Ariana,Appartement,vente,36.8587351,10.188232,2803.030303030303,66.0,1.0,,,,,,,,,,,,,,,,,,,,,,,,,,,,,,,,,,,,,,,,,,,,,,,,,,,,,,,,,,,,,,,,,,,,,,,,,,,
263,5.5,2.0,,370000.0,,,1.0,1.0,,,,1.0,1.0,1.0,Nabeul,Nabeul,Appartement,vente,36.4512897,10.7355915,67272.72727272728,2.75,0.0,,,,,,,,,,,,,,,,,,,,,,,,,,,,,,,,,,,,,,,,,,,,,,,,,,,,,,,,,,,,,,,,,,,,,,,,,,,
264,250.0,2.0,,450000.0,,,1.0,1.0,,,,,,,Nabeul,Nabeul,Appartement,vente,36.4512897,10.7355915,1800.0,125.0,0.0,,,,,,,,,,,,,,,,,,,,,,,,,,,,,,,,,,,,,,,,,,,,,,,,,,,,,,,,,,,,,,,,,,,,,,,,,,,
265,130.0,6.0,,470000.0,1.0,1.0,1.0,1.0,,,,,1.0,1.0,Nabeul,Nabeul,Appartement,vente,36.4512897,10.7355915,3615.3846153846152,21.666666666666668,0.0,,,,,,,,,,,,,,,,,,,,,,,,,,,,,,,,,,,,,,,,,,,,,,,,,,,,,,,,,,,,,,,,,,,,,,,,,,,
266,300.0,2.0,1.0,420000.0,1.0,,1.0,1.0,1.0,,,1.0,1.0,1.0,Nabeul,Nabeul,Appartement,vente,36.4512897,10.7355915,1400.0,150.0,1.0,,,,,,,,,,,,,,,,,,,,,,,,,,,,,,,,,,,,,,,,,,,,,,,,,,,,,,,,,,,,,,,,,,,,,,,,,,,
267,102.0,2.0,1.0,210000.0,1.0,1.0,,,,,,1.0,,,Ben Arous,Ben Arous,Appartement,vente,36.7516855,10.2245072,2058.823529411765,51.0,1.0,,,,,,,,,,,,,,,,,,,,,,,,,,,,,,,,,,,,,,,,,,,,,,,,,,,,,,,,,,,,,,,,,,,,,,,,,,,
268,120.0,2.0,2.0,120000.0,,,,,,,,,,1.0,Zaghouan,Zaghouan,Appartement,vente,36.3994751,10.1446349,1000.0,60.0,0.0,,,,,,,,,,,,,,,,,,,,,,,,,,,,,,,,,,,,,,,,,,,,,,,,,,,,,,,,,,,,,,,,,,,,,,,,,,,
269,100.0,3.0,0.0,320000.0,,,,,1.0,,,,,1.0,,"Situé Dans Un Bon Quartier À Menzel Bourguiba, Bizerte",Appartement,vente,,,3200.0,33.333333333333336,0.0,,,,,,,,,,,,,,,,,,,,,,,,,,,,,,,,,,,,,,,,,,,,,,,,,,,,,,,,,,,,,,,,,,,,,,,,,,,
270,135.0,2.0,3.0,250000.0,1.0,1.0,,,,,,,,,Ben Arous,Ben Arous,Appartement,vente,36.7516855,10.2245072,1851.851851851852,67.5,3.0,,,,,,,,,,,,,,,,,,,,,,,,,,,,,,,,,,,,,,,,,,,,-0.13000868,-0.20453924,-0.17571746,0.23209484,0.028366959,-0.15413755,-0.09646207,-0.08336712,0.09485863,-0.07111004,0.04054846,-0.007463667,-0.0047060186,-0.009089054,-0.017350025,0.0013193872,-0.030453635,-0.01121509,0.09724682,0.012035714,-0.015142021,-0.029196585,0.074646704,0.011931818,0.0095410785,-0.05139322,0.022563234,-0.09268534,-0.042494625,-0.025982415,-0.038887784,0.039008506
271,46.0,2.0,2.0,185000.0,1.0,,,1.0,,,,,,,Nabeul,Nabeul,Appartement,vente,36.4512897,10.7355915,4021.7391304347825,23.0,2.0,,,,,,,,,,,,,,,,,,,,,,,,,,,,,,,,,,,,,,,,,,,,,,,,,,,,,,,,,,,,,,,,,,,,,,,,,,,
272,,2.0,,410000.0,1.0,1.0,,,,,,,,,Tunis,Tunis,Appartement,vente,36.8002068,10.1857757,,,0.0,,,,,,,,,,,,,,,,,,,,,,,,,,,,,,,,,,,,,,,,,,,,,,,,,,,,,,,,,,,,,,,,,,,,,,,,,,,
273,116.0,2.0,,350000.0,,1.0,,,,,,1.0,,,Tunis,Tunis,Appartement,vente,36.8002068,10.1857757,3017.2413793103447,58.0,0.0,,,,,,,,,,,,,,,,,,,,,,,,,,,,,,,,,,,,,,,,,,,,,,,,,,,,,,,,,,,,,,,,,,,,,,,,,,,
274,90.0,2.0,,200000.0,1.0,1.0,,,,,,,,,Ben Arous,Ben Arous,Appartement,vente,36.7516855,10.2245072,2222.222222222222,45.0,0.0,,,,,,,,,,,,,,,,,,,,,,,,,,,,,,,,,,,,,,,,,,,,-0.10519622,-0.23348361,-0.24557227,0.1630546,-0.15368712,-0.11170401,-0.02223222,0.09071105,-0.011414942,0.005442689,0.036774646,0.02863777,0.098828115,-0.004520928,0.033885233,0.0072409636,-0.04087647,0.06762646,0.07776541,0.007068681,-0.0121239275,0.03066645,-0.009558943,-0.01042793,0.053517543,-0.021045795,-0.033931375,-0.041215066,-0.04227467,-0.03538205,-0.071724266,-0.029758388
275,90.0,2.0,0.0,160000.0,,1.0,,,,,,,,,,"Dt Description Un Appart Au Rdc Situé Dans Une Résidence À Borj Louzir, Ariana",Appartement,vente,,,1777.7777777777778,45.0,0.0,,,,,,,,,,,,,,,,,,,,,,,,,,,,,,,,,,,,,,,,,,,,,,,,,,,,,,,,,,,,,,,,,,,,,,,,,,,
276,103.0,2.0,0.0,160000.0,,1.0,,,,,,,,,Ben Arous,Ben Arous,Appartement,vente,36.7516855,10.2245072,1553.3980582524273,51.5,0.0,,,,,,,,,,,,,,,,,,,,,,,,,,,,,,,,,,,,,,,,,,,,,,,,,,,,,,,,,,,,,,,,,,,,,,,,,,,
277,50.0,2.0,,265000.0,,,,1.0,1.0,,1.0,1.0,,1.0,Nabeul,Nabeul,Appartement,vente,36.4512897,10.7355915,5300.0,25.0,0.0,,,,,,,,,,,,,,,,,,,,,,,,,,,,,,,,,,,,,,,,,,,,,,,,,,,,,,,,,,,,,,,,,,,,,,,,,,,
278,129.0,2.0,0.0,240000.0,,1.0,1.0,1.0,,,,,,,Ben Arous,Ben Arous,Appartement,vente,36.7516855,10.2245072,1860.4651162790697,64.5,0.0,,,,,,,,,,,,,,,,,,,,,,,,,,,,,,,,,,,,,,,,,,,,,,,,,,,,,,,,,,,,,,,,,,,,,,,,,,,
279,174.0,3.0,0.0,440000.0,,,,,1.0,,,,,1.0,Ben Arous,Ben Arous,Appartement,vente,36.7516855,10.2245072,2528.735632183908,58.0,0.0,,,,,,,,,,,,,,,,,,,,,,,,,,,,,,,,,,,,,,,,,,,,,,,,,,,,,,,,,,,,,,,,,,,,,,,,,,,
280,110.0,2.0,1.0,250000.0,1.0,1.0,,,,,,,,,Tunis,Tunis,Appartement,vente,36.8002068,10.1857757,2272.7272727272725,55.0,1.0,,,,,,,,,,,,,,,,,,,,,,,,,,,,,,,,,,,,,,,,,,,,,,,,,,,,,,,,,,,,,,,,,,,,,,,,,,,
281,166.0,2.0,1.0,282000.0,,1.0,,,,,,,,,Tunis,Tunis,Appartement,vente,36.8002068,10.1857757,1698.7951807228915,83.0,0.0,,,,,,,,,,,,,,,,,,,,,,,,,,,,,,,,,,,,,,,,,,,,,,,,,,,,,,,,,,,,,,,,,,,,,,,,,,,
282,90.0,2.0,1.0,240000.0,,1.0,,,,,,,,,Nabeul,Nabeul,Appartement,vente,36.4512897,10.7355915,2666.6666666666665,45.0,0.0,,,,,,,,,,,,,,,,,,,,,,,,,,,,,,,,,,,,,,,,,,,,,,,,,,,,,,,,,,,,,,,,,,,,,,,,,,,
283,76.0,2.0,,120000.0,,,,,,,,,,,Monastir,Monastir,Appartement,vente,35.7707582,10.8280511,1578.9473684210527,38.0,0.0,,,,,,,,,,,,,,,,,,,,,,,,,,,,,,,,,,,,,,,,,,,,,,,,,,,,,,,,,,,,,,,,,,,,,,,,,,,
284,64.0,2.0,,241000.0,,,1.0,1.0,,,,,,,Ariana,Ariana,Appartement,vente,36.8587351,10.188232,3765.625,32.0,0.0,,,,,,,,,,,,,,,,,,,,,,,,,,,,,,,,,,,,,,,,,,,,,,,,,,,,,,,,,,,,,,,,,,,,,,,,,,,
285,73.0,2.0,3.0,140000.0,,,,,,,,,,,Tunis,Tunis,Appartement,vente,36.8002068,10.1857757,1917.8082191780823,36.5,0.0,,,,,,,,,,,,,,,,,,,,,,,,,,,,,,,,,,,,,,,,,,,,,,,,,,,,,,,,,,,,,,,,,,,,,,,,,,,
286,170.0,3.0,0.0,320000.0,,1.0,,,,,,,,,Tunis,Tunis,Appartement,vente,36.8002068,10.1857757,1882.3529411764705,56.666666666666664,0.0,,,,,,,,,,,,,,,,,,,,,,,,,,,,,,,,,,,,,,,,,,,,,,,,,,,,,,,,,,,,,,,,,,,,,,,,,,,
287,180.0,3.0,0.0,500000.0,,1.0,,,,,,,,,Ben Arous,Ben Arous,Appartement,vente,36.7516855,10.2245072,2777.777777777778,60.0,0.0,,,,,,,,,,,,,,,,,,,,,,,,,,,,,,,,,,,,,,,,,,,,,,,,,,,,,,,,,,,,,,,,,,,,,,,,,,,
288,30.0,2.0,0.0,85000.0,,,,1.0,,,,,,,Nabeul,Nabeul,Appartement,vente,36.4512897,10.7355915,2833.3333333333335,15.0,0.0,,,,,,,,,,,,,,,,,,,,,,,,,,,,,,,,,,,,,,,,,,,,,,,,,,,,,,,,,,,,,,,,,,,,,,,,,,,
289,110.0,3.0,,230000.0,,,,1.0,1.0,,,,,1.0,Nabeul,Nabeul,Appartement,vente,36.4512897,10.7355915,2090.909090909091,36.666666666666664,0.0,,,,,,,,,,,,,,,,,,,,,,,,,,,,,,,,,,,,,,,,,,,,,,,,,,,,,,,,,,,,,,,,,,,,,,,,,,,
290,60.0,2.0,0.0,105000.0,,,,1.0,,,1.0,,,1.0,Nabeul,Nabeul,Appartement,vente,36.4512897,10.7355915,1750.0,30.0,0.0,,,,,,,,,,,,,,,,,,,,,,,,,,,,,,,,,,,,,,,,,,,,,,,,,,,,,,,,,,,,,,,,,,,,,,,,,,,
291,54.0,2.0,1.0,120000.0,1.0,,,,,,,1.0,,,,"Er Étage Situé Dans Une Résidence Avec Ascenseur À Borj Louzir, Ariana",Appartement,vente,,,2222.222222222222,27.0,1.0,,,,,,,,,,,,,,,,,,,,,,,,,,,,,,,,,,,,,,,,,,,,,,,,,,,,,,,,,,,,,,,,,,,,,,,,,,,
292,100.0,2.0,1.0,200000.0,,,,,,,,,,,Nabeul,Nabeul,Appartement,vente,36.4512897,10.7355915,2000.0,50.0,0.0,,,,,,,,,,,,,,,,,,,,,,,,,,,,,,,,,,,,,,,,,,,,,,,,,,,,,,,,,,,,,,,,,,,,,,,,,,,
293,102.0,2.0,,260000.0,,,,,,,,1.0,,,Ariana,Ariana,Appartement,vente,36.8587351,10.188232,2549.0196078431372,51.0,0.0,,,,,,,,,,,,,,,,,,,,,,,,,,,,,,,,,,,,,,,,,,,,,,,,,,,,,,,,,,,,,,,,,,,,,,,,,,,
294,150.0,2.0,,360000.0,1.0,1.0,,,,,,1.0,,,Tunis,Tunis,Appartement,vente,36.8002068,10.1857757,2400.0,75.0,0.0,,,,,,,,,,,,,,,,,,,,,,,,,,,,,,,,,,,,,,,,,,,,,,,,,,,,,,,,,,,,,,,,,,,,,,,,,,,
295,170.0,3.0,0.0,390000.0,,,,,,,1.0,,,1.0,Zaghouan,Zaghouan,Appartement,vente,36.3994751,10.1446349,2294.1176470588234,56.666666666666664,0.0,,,,,,,,,,,,,,,,,,,,,,,,,,,,,,,,,,,,,,,,,,,,,,,,,,,,,,,,,,,,,,,,,,,,,,,,,,,
296,170.0,2.0,,275400.0,,1.0,,,,,,,,,Ben Arous,Ben Arous,Appartement,vente,36.7516855,10.2245072,1620.0,85.0,0.0,,,,,,,,,,,,,,,,,,,,,,,,,,,,,,,,,,,,,,,,,,,,-0.11016354,-0.14919318,-0.18111546,0.19159484,0.0015480856,-0.16393754,-0.09111953,-0.0814755,0.14458835,-0.038005073,0.089941114,0.01037312,0.02121888,-0.06065131,0.019376136,0.0126873525,-0.01729387,-0.03429764,0.12254383,0.043363597,-0.037657287,0.032996375,0.08090152,0.021931343,0.041564275,-0.07553426,0.058004584,-0.05437624,-0.014579092,-0.017724687,0.009305317,0.03205242
297,85.0,2.0,,300000.0,,1.0,,,,,,,,,,"Du Centre Ville, Tunis",Appartement,vente,,,3529.4117647058824,42.5,0.0,,,,,,,,,,,,,,,,,,,,,,,,,,,,,,,,,,,,,,,,,,,,,,,,,,,,,,,,,,,,,,,,,,,,,,,,,,,
298,73.0,2.0,,210000.0,1.0,,,,,,,1.0,,,Tunis,Tunis,Appartement,vente,36.8002068,10.1857757,2876.7123287671234,36.5,0.0,,,,,,,,,,,,,,,,,,,,,,,,,,,,,,,,,,,,,,,,,,,,,,,,,,,,,,,,,,,,,,,,,,,,,,,,,,,
299,70.0,2.0,1.0,125000.0,1.0,1.0,,,,,,,,,Ben Arous,Ben Arous,Appartement,vente,36.7516855,10.2245072,1785.7142857142858,35.0,1.0,,,,,,,,,,,,,,,,,,,,,,,,,,,,,,,,,,,,,,,,,,,,,,,,,,,,,,,,,,,,,,,,,,,,,,,,,,,
300,236.0,2.0,,495000.0,,,,,,,1.0,,,1.0,Tunis,Tunis,Appartement,vente,36.8002068,10.1857757,2097.4576271186443,118.0,0.0,,,,,,,,,,,,,,,,,,,,,,,,,,,,,,,,,,,,,,,,,,,,,,,,,,,,,,,,,,,,,,,,,,,,,,,,,,,
301,70.0,2.0,,245000.0,1.0,,,,,,,,,1.0,Tunis,Tunis,Appartement,vente,36.8002068,10.1857757,3500.0,35.0,0.0,,,,,,,,,,,,,,,,,,,,,,,,,,,,,,,,,,,,,,,,,,,,,,,,,,,,,,,,,,,,,,,,,,,,,,,,,,,
302,43.0,2.0,,145000.0,1.0,,,1.0,1.0,,1.0,,1.0,1.0,Nabeul,Nabeul,Appartement,vente,36.4512897,10.7355915,3372.093023255814,21.5,0.0,,,,,,,,,,,,,,,,,,,,,,,,,,,,,,,,,,,,,,,,,,,,,,,,,,,,,,,,,,,,,,,,,,,,,,,,,,,
303,110.0,3.0,1.0,340000.0,1.0,1.0,1.0,1.0,,,,1.0,,,Ariana,Ariana,Appartement,vente,36.8587351,10.188232,3090.909090909091,36.666666666666664,1.0,,,,,,,,,,,,,,,,,,,,,,,,,,,,,,,,,,,,,,,,,,,,,,,,,,,,,,,,,,,,,,,,,,,,,,,,,,,
304,110.0,2.0,,250000.0,1.0,,,,,,,1.0,,,Tunis,Tunis,Appartement,vente,36.8002068,10.1857757,2272.7272727272725,55.0,0.0,,,,,,,,,,,,,,,,,,,,,,,,,,,,,,,,,,,,,,,,,,,,,,,,,,,,,,,,,,,,,,,,,,,,,,,,,,,
305,65.0,2.0,,180000.0,1.0,1.0,,,,,,,,,,"Éme Étage Situé Dans Une Résidence Avec Ascenseur À Hammam Linf, Ben Arous",Appartement,vente,,,2769.230769230769,32.5,0.0,,,,,,,,,,,,,,,,,,,,,,,,,,,,,,,,,,,,,,,,,,,,-0.109014,-0.24681567,-0.16383943,0.16106124,-0.14104372,-0.06033683,-0.05506196,0.007246746,0.11040251,0.0043543126,0.08576081,0.012583325,0.08051679,-0.02507076,-0.040385775,-0.0022087104,-0.016184302,0.116461754,0.050733157,0.08092655,-0.008609063,0.016057737,0.022615861,-0.06568579,0.016538348,-0.025621979,-0.072633445,-0.10287945,-0.024763044,-0.014542749,-0.022742474,0.0024167271
306,240.0,2.0,,120000.0,,1.0,,,,,,,,,,"Éme Étage Situé Dans Un Immeuble À Cité El Waha, Bizerte",Appartement,vente,,,500.0,120.0,0.0,,,,,,,,,,,,,,,,,,,,,,,,,,,,,,,,,,,,,,,,,,,,,,,,,,,,,,,,,,,,,,,,,,,,,,,,,,,
307,100.0,2.0,1.0,240000.0,,1.0,,,,,,,,,Nabeul,Nabeul,Appartement,vente,36.4512897,10.7355915,2400.0,50.0,0.0,,,,,,,,,,,,,,,,,,,,,,,,,,,,,,,,,,,,,,,,,,,,,,,,,,,,,,,,,,,,,,,,,,,,,,,,,,,
308,75.0,2.0,,180000.0,1.0,1.0,,,,,,1.0,,,Ariana,Ariana,Appartement,vente,36.8587351,10.188232,2400.0,37.5,0.0,,,,,,,,,,,,,,,,,,,,,,,,,,,,,,,,,,,,,,,,,,,,,,,,,,,,,,,,,,,,,,,,,,,,,,,,,,,
309,121.0,3.0,0.0,370000.0,,,,,,,,,,,Tunis,Tunis,Appartement,vente,36.8002068,10.1857757,3057.8512396694214,40.333333333333336,0.0,,,,,,,,,,,,,,,,,,,,,,,,,,,,,,,,,,,,,,,,,,,,-0.069399945,-0.20512433,-0.15846373,0.27052307,-0.13005479,-0.033856377,0.107158795,-0.06983308,-0.031199621,-0.020579467,-0.025122844,0.05775021,-0.086936526,-0.07154102,0.06929211,0.108471185,-0.032545228,-0.056596793,0.050629236,-0.04022134,0.10096053,-0.09409583,-0.090547666,-0.076047815,0.10052926,0.008336213,-0.029779395,0.09842297,0.022967828,0.0797701,0.111037105,-0.035191167
310,63.0,2.0,,140000.0,,1.0,,,,,,,,,Tunis,Tunis,Appartement,vente,36.8002068,10.1857757,2222.222222222222,31.5,0.0,,,,,,,,,,,,,,,,,,,,,,,,,,,,,,,,,,,,,,,,,,,,,,,,,,,,,,,,,,,,,,,,,,,,,,,,,,,
311,52.0,2.0,,160000.0,,1.0,,,,,,1.0,,,Ariana,Ariana,Appartement,vente,36.8587351,10.188232,3076.923076923077,26.0,0.0,,,,,,,,,,,,,,,,,,,,,,,,,,,,,,,,,,,,,,,,,,,,,,,,,,,,,,,,,,,,,,,,,,,,,,,,,,,
312,112.0,2.0,0.0,250000.0,,,,,,,,,,1.0,Tunis,Tunis,Appartement,vente,36.8002068,10.1857757,2232.1428571428573,56.0,0.0,,,,,,,,,,,,,,,,,,,,,,,,,,,,,,,,,,,,,,,,,,,,,,,,,,,,,,,,,,,,,,,,,,,,,,,,,,,
313,80.0,2.0,,500000.0,1.0,1.0,1.0,1.0,1.0,,,1.0,,1.0,Nabeul,Nabeul,Appartement,vente,36.4512897,10.7355915,6250.0,40.0,0.0,,,,,,,,,,,,,,,,,,,,,,,,,,,,,,,,,,,,,,,,,,,,,,,,,,,,,,,,,,,,,,,,,,,,,,,,,,,
314,121.0,2.0,,270000.0,,1.0,,,,,,,,,,"Éme Étage Situé Dans Une Résidence De Haut Standing À La Nouvelle Médina, Ben Arous",Appartement,vente,,,2231.404958677686,60.5,0.0,,,,,,,,,,,,,,,,,,,,,,,,,,,,,,,,,,,,,,,,,,,,,,,,,,,,,,,,,,,,,,,,,,,,,,,,,,,
315,130.0,2.0,,480000.0,,1.0,1.0,1.0,,,1.0,1.0,,1.0,Nabeul,Nabeul,Appartement,vente,36.4512897,10.7355915,3692.3076923076924,65.0,0.0,,,,,,,,,,,,,,,,,,,,,,,,,,,,,,,,,,,,,,,,,,,,-0.20975527,-0.15320194,-0.18146117,-0.05733292,-0.10410989,-0.0008493754,0.060757466,-0.054148518,0.12788779,0.06057838,-0.09968362,0.060715005,-0.03938951,0.12905876,-0.017490089,-0.0058322116,-0.101916865,-0.02514711,-0.10384357,0.01645971,-0.033117663,0.032828785,-0.0013634841,0.047612455,0.047830187,-0.11324357,0.034752294,0.04875803,0.042782873,-0.03760083,-0.026071195,-0.07565728
316,180.0,2.0,,365000.0,1.0,,1.0,1.0,,1.0,,1.0,,1.0,Sousse,Sousse,Appartement,vente,35.8288284,10.6405254,2027.7777777777778,90.0,0.0,,,,,,,,,,,,,,,,,,,,,,,,,,,,,,,,,,,,,,,,,,,,,,,,,,,,,,,,,,,,,,,,,,,,,,,,,,,
317,,2.0,,140000.0,,1.0,,,,,1.0,,,1.0,Ariana,Ariana,Appartement,vente,36.8587351,10.188232,,,0.0,,,,,,,,,,,,,,,,,,,,,,,,,,,,,,,,,,,,,,,,,,,,,,,,,,,,,,,,,,,,,,,,,,,,,,,,,,,
318,138.0,2.0,1.0,680000.0,1.0,,,,,,,1.0,,,Tunis,Tunis,Appartement,vente,36.8002068,10.1857757,4927.536231884058,69.0,1.0,,,,,,,,,,,,,,,,,,,,,,,,,,,,,,,,,,,,,,,,,,,,0.00631201,-0.055508874,-0.07659203,0.09688116,0.023998078,-0.16768044,0.07820313,0.12648422,-0.1456629,0.08988322,0.046458166,0.01430587,-0.023857227,-0.007262072,0.03463395,-0.029622434,0.08343187,-0.057513513,-0.03906951,-0.050596,-0.007964167,0.010180155,-0.050517887,0.039277736,-0.047163256,0.0036334307,0.018629713,-0.18644941,0.16207018,0.015152292,-0.05280169,-0.0014568337
319,135.0,2.0,1.0,240000.0,,1.0,,,,,,,,,Béja,Béja,Appartement,vente,36.7236755,9.185382,1777.7777777777778,67.5,0.0,,,,,,,,,,,,,,,,,,,,,,,,,,,,,,,,,,,,,,,,,,,,,,,,,,,,,,,,,,,,,,,,,,,,,,,,,,,
320,138.0,3.0,0.0,200000.0,,,,,,,,,,,Ben Arous,Ben Arous,Appartement,vente,36.7516855,10.2245072,1449.2753623188405,46.0,0.0,,,,,,,,,,,,,,,,,,,,,,,,,,,,,,,,,,,,,,,,,,,,,,,,,,,,,,,,,,,,,,,,,,,,,,,,,,,
321,90.0,3.0,0.0,450000.0,,,,,,,,,,,Tunis,Tunis,Appartement,vente,36.8002068,10.1857757,5000.0,30.0,0.0,,,,,,,,,,,,,,,,,,,,,,,,,,,,,,,,,,,,,,,,,,,,,,,,,,,,,,,,,,,,,,,,,,,,,,,,,,,
322,46.0,2.0,,130000.0,,,,,,,,,,,Tunis,Tunis,Appartement,vente,36.8002068,10.1857757,2826.086956521739,23.0,0.0,,,,,,,,,,,,,,,,,,,,,,,,,,,,,,,,,,,,,,,,,,,,,,,,,,,,,,,,,,,,,,,,,,,,,,,,,,,
323,135.0,2.0,,280000.0,,1.0,,,,,,1.0,,,Tunis,Tunis,Appartement,vente,36.8002068,10.1857757,2074.074074074074,67.5,0.0,,,,,,,,,,,,,,,,,,,,,,,,,,,,,,,,,,,,,,,,,,,,,,,,,,,,,,,,,,,,,,,,,,,,,,,,,,,
324,83.0,3.0,0.0,250000.0,,,,,,,,,,,Nabeul,Nabeul,Appartement,vente,36.4512897,10.7355915,3012.0481927710844,27.666666666666668,0.0,,,,,,,,,,,,,,,,,,,,,,,,,,,,,,,,,,,,,,,,,,,,,,,,,,,,,,,,,,,,,,,,,,,,,,,,,,,
325,108.0,4.0,1.0,300000.0,,,1.0,1.0,1.0,,1.0,,1.0,1.0,Nabeul,Nabeul,Appartement,vente,36.4512897,10.7355915,2777.777777777778,27.0,0.0,,,,,,,,,,,,,,,,,,,,,,,,,,,,,,,,,,,,,,,,,,,,,,,,,,,,,,,,,,,,,,,,,,,,,,,,,,,
326,100.0,2.0,0.0,180000.0,,,,,,,,,,1.0,Tunis,Tunis,Appartement,vente,36.8002068,10.1857757,1800.0,50.0,0.0,,,,,,,,,,,,,,,,,,,,,,,,,,,,,,,,,,,,,,,,,,,,,,,,,,,,,,,,,,,,,,,,,,,,,,,,,,,
327,145.0,2.0,,620000.0,,,1.0,1.0,,,1.0,1.0,,,Tunis,Tunis,Appartement,vente,36.8002068,10.1857757,4275.862068965517,72.5,0.0,,,,,,,,,,,,,,,,,,,,,,,,,,,,,,,,,,,,,,,,,,,,,,,,,,,,,,,,,,,,,,,,,,,,,,,,,,,
328,154.0,2.0,0.0,290000.0,,,,,1.0,,,,,1.0,Ariana,Ariana,Appartement,vente,36.8587351,10.188232,1883.1168831168832,77.0,0.0,,,,,,,,,,,,,,,,,,,,,,,,,,,,,,,,,,,,,,,,,,,,,,,,,,,,,,,,,,,,,,,,,,,,,,,,,,,
329,124.0,2.0,,295000.0,,1.0,1.0,,,,,1.0,,,Tunis,Tunis,Appartement,vente,36.8002068,10.1857757,2379.032258064516,62.0,0.0,,,,,,,,,,,,,,,,,,,,,,,,,,,,,,,,,,,,,,,,,,,,,,,,,,,,,,,,,,,,,,,,,,,,,,,,,,,
330,107.0,2.0,,165000.0,1.0,1.0,,,,,,1.0,,,Ben Arous,Ben Arous,Appartement,vente,36.7516855,10.2245072,1542.056074766355,53.5,0.0,,,,,,,,,,,,,,,,,,,,,,,,,,,,,,,,,,,,,,,,,,,,,,,,,,,,,,,,,,,,,,,,,,,,,,,,,,,
331,173.0,2.0,,200000.0,,,,,,,,,,,,"Éme Étage De Villa Avec Une Entrée Commune Situé Dans Un Bon Quartier À Zarzouna, Bizerte",Appartement,vente,,,1156.0693641618498,86.5,0.0,,,,,,,,,,,,,,,,,,,,,,,,,,,,,,,,,,,,,,,,,,,,,,,,,,,,,,,,,,,,,,,,,,,,,,,,,,,
332,80.0,2.0,0.0,140000.0,,,,,,,,,,,Ben Arous,Ben Arous,Appartement,vente,36.7516855,10.2245072,1750.0,40.0,0.0,,,,,,,,,,,,,,,,,,,,,,,,,,,,,,,,,,,,,,,,,,,,,,,,,,,,,,,,,,,,,,,,,,,,,,,,,,,
333,126.0,3.0,0.0,440000.0,1.0,,1.0,1.0,1.0,,1.0,1.0,1.0,1.0,Nabeul,Nabeul,Appartement,vente,36.4512897,10.7355915,3492.063492063492,42.0,0.0,,,,,,,,,,,,,,,,,,,,,,,,,,,,,,,,,,,,,,,,,,,,,,,,,,,,,,,,,,,,,,,,,,,,,,,,,,,
334,122.0,2.0,,225000.0,1.0,1.0,,,,,,,,,Ben Arous,Ben Arous,Appartement,vente,36.7516855,10.2245072,1844.2622950819673,61.0,0.0,,,,,,,,,,,,,,,,,,,,,,,,,,,,,,,,,,,,,,,,,,,,,,,,,,,,,,,,,,,,,,,,,,,,,,,,,,,
335,125.0,2.0,,350000.0,,,,,,,,,,,Tunis,Tunis,Appartement,vente,36.8002068,10.1857757,2800.0,62.5,0.0,,,,,,,,,,,,,,,,,,,,,,,,,,,,,,,,,,,,,,,,,,,,,,,,,,,,,,,,,,,,,,,,,,,,,,,,,,,
336,132.0,3.0,1.0,330000.0,1.0,,1.0,1.0,1.0,,,1.0,1.0,1.0,Nabeul,Nabeul,Appartement,vente,36.4512897,10.7355915,2500.0,44.0,1.0,,,,,,,,,,,,,,,,,,,,,,,,,,,,,,,,,,,,,,,,,,,,,,,,,,,,,,,,,,,,,,,,,,,,,,,,,,,
337,70.0,2.0,2.0,235000.0,1.0,,1.0,1.0,1.0,,1.0,1.0,,1.0,Nabeul,Nabeul,Appartement,vente,36.4512897,10.7355915,3357.1428571428573,35.0,2.0,,,,,,,,,,,,,,,,,,,,,,,,,,,,,,,,,,,,,,,,,,,,,,,,,,,,,,,,,,,,,,,,,,,,,,,,,,,
338,100.0,2.0,1.0,220000.0,,1.0,,,,,,,,,Nabeul,Nabeul,Appartement,vente,36.4512897,10.7355915,2200.0,50.0,0.0,,,,,,,,,,,,,,,,,,,,,,,,,,,,,,,,,,,,,,,,,,,,,,,,,,,,,,,,,,,,,,,,,,,,,,,,,,,
339,117.0,2.0,1.0,390000.0,1.0,1.0,,,,,,1.0,,,Tunis,Tunis,Appartement,vente,36.8002068,10.1857757,3333.3333333333335,58.5,1.0,,,,,,,,,,,,,,,,,,,,,,,,,,,,,,,,,,,,,,,,,,,,,,,,,,,,,,,,,,,,,,,,,,,,,,,,,,,
340,30.0,2.0,0.0,85000.0,,,,1.0,,,,,,,Nabeul,Nabeul,Appartement,vente,36.4512897,10.7355915,2833.3333333333335,15.0,0.0,,,,,,,,,,,,,,,,,,,,,,,,,,,,,,,,,,,,,,,,,,,,,,,,,,,,,,,,,,,,,,,,,,,,,,,,,,,
341,115.0,3.0,3.0,379500.0,1.0,,1.0,1.0,,,,,1.0,1.0,Nabeul,Nabeul,Appartement,vente,36.4512897,10.7355915,3300.0,38.333333333333336,3.0,,,,,,,,,,,,,,,,,,,,,,,,,,,,,,,,,,,,,,,,,,,,,,,,,,,,,,,,,,,,,,,,,,,,,,,,,,,
342,104.0,3.0,2.0,343000.0,1.0,1.0,1.0,1.0,,,,,1.0,,Nabeul,Nabeul,Appartement,vente,36.4512897,10.7355915,3298.076923076923,34.666666666666664,2.0,,,,,,,,,,,,,,,,,,,,,,,,,,,,,,,,,,,,,,,,,,,,,,,,,,,,,,,,,,,,,,,,,,,,,,,,,,,
343,158.0,3.0,,500000.0,1.0,1.0,1.0,1.0,,,,1.0,1.0,,Nabeul,Nabeul,Appartement,vente,36.4512897,10.7355915,3164.5569620253164,52.666666666666664,0.0,,,,,,,,,,,,,,,,,,,,,,,,,,,,,,,,,,,,,,,,,,,,,,,,,,,,,,,,,,,,,,,,,,,,,,,,,,,
344,90.0,2.0,0.0,155000.0,,,,,,,,,,,Ben Arous,Ben Arous,Appartement,vente,36.7516855,10.2245072,1722.2222222222222,45.0,0.0,,,,,,,,,,,,,,,,,,,,,,,,,,,,,,,,,,,,,,,,,,,,,,,,,,,,,,,,,,,,,,,,,,,,,,,,,,,
345,89.0,2.0,1.0,240000.0,,1.0,,,,,,,,,,"À Jinen Beni Khiar, Nabeul",Appartement,vente,,,2696.629213483146,44.5,0.0,,,,,,,,,,,,,,,,,,,,,,,,,,,,,,,,,,,,,,,,,,,,,,,,,,,,,,,,,,,,,,,,,,,,,,,,,,,
346,72.0,2.0,,150000.0,1.0,,,,,,,,,,,"Du Centre Ville, Ben Arous",Appartement,vente,,,2083.3333333333335,36.0,0.0,,,,,,,,,,,,,,,,,,,,,,,,,,,,,,,,,,,,,,,,,,,,,,,,,,,,,,,,,,,,,,,,,,,,,,,,,,,
347,78.0,2.0,,207000.0,1.0,,,,,,1.0,,,,,"Avec Jardin À Jinen Beni Khiar, Nabeul",Appartement,vente,,,2653.846153846154,39.0,0.0,,,,,,,,,,,,,,,,,,,,,,,,,,,,,,,,,,,,,,,,,,,,,,,,,,,,,,,,,,,,,,,,,,,,,,,,,,,
348,122.0,2.0,2.0,285000.0,,1.0,,,,,,1.0,,,Ariana,Ariana,Appartement,vente,36.8587351,10.188232,2336.065573770492,61.0,0.0,,,,,,,,,,,,,,,,,,,,,,,,,,,,,,,,,,,,,,,,,,,,,,,,,,,,,,,,,,,,,,,,,,,,,,,,,,,
349,50.0,2.0,1.0,145000.0,,,,,,,,,,,,"Er Étage Situé Dans Un Immeuble À Lafayette, Tunis",Appartement,vente,,,2900.0,25.0,0.0,,,,,,,,,,,,,,,,,,,,,,,,,,,,,,,,,,,,,,,,,,,,,,,,,,,,,,,,,,,,,,,,,,,,,,,,,,,
350,130.0,2.0,,385000.0,,,,,,,,,,,Tunis,Tunis,Appartement,vente,36.8002068,10.1857757,2961.5384615384614,65.0,0.0,,,,,,,,,,,,,,,,,,,,,,,,,,,,,,,,,,,,,,,,,,,,,,,,,,,,,,,,,,,,,,,,,,,,,,,,,,,
351,200.0,4.0,,450000.0,,,,,1.0,,,,,1.0,Ariana,Ariana,Appartement,vente,36.8587351,10.188232,2250.0,50.0,0.0,,,,,,,,,,,,,,,,,,,,,,,,,,,,,,,,,,,,,,,,,,,,-0.018370545,-0.17264597,-0.007069526,0.03414231,0.0147346435,0.07545722,0.082825854,-0.12287275,-0.05097764,-0.06811478,0.04641637,0.015472616,-0.16638744,-0.09363663,-0.06536991,-0.021437777,-0.08632572,-0.072163366,0.06698423,-0.07640141,-0.11799779,0.028599612,0.17410497,0.11975943,0.112299696,0.086230054,-0.0037262465,-0.015825707,0.032707877,-0.011759281,0.048338465,-0.0030767133
352,,2.0,,265000.0,,,,,,,,,,,Tunis,Tunis,Appartement,vente,36.8002068,10.1857757,,,0.0,,,,,,,,,,,,,,,,,,,,,,,,,,,,,,,,,,,,,,,,,,,,,,,,,,,,,,,,,,,,,,,,,,,,,,,,,,,
353,85.0,2.0,1.0,215000.0,,,,,,,,,,1.0,Tunis,Tunis,Appartement,vente,36.8002068,10.1857757,2529.4117647058824,42.5,0.0,,,,,,,,,,,,,,,,,,,,,,,,,,,,,,,,,,,,,,,,,,,,,,,,,,,,,,,,,,,,,,,,,,,,,,,,,,,
354,60.0,2.0,,225000.0,1.0,,1.0,1.0,1.0,,1.0,,1.0,1.0,Nabeul,Nabeul,Appartement,vente,36.4512897,10.7355915,3750.0,30.0,0.0,,,,,,,,,,,,,,,,,,,,,,,,,,,,,,,,,,,,,,,,,,,,,,,,,,,,,,,,,,,,,,,,,,,,,,,,,,,
355,90.0,3.0,0.0,250000.0,,,1.0,1.0,,,1.0,,,1.0,Nabeul,Nabeul,Appartement,vente,36.4512897,10.7355915,2777.777777777778,30.0,0.0,,,,,,,,,,,,,,,,,,,,,,,,,,,,,,,,,,,,,,,,,,,,,,,,,,,,,,,,,,,,,,,,,,,,,,,,,,,
356,153.0,2.0,,640000.0,1.0,,1.0,1.0,,,,1.0,,1.0,Nabeul,Nabeul,Appartement,vente,36.4512897,10.7355915,4183.006535947712,76.5,0.0,,,,,,,,,,,,,,,,,,,,,,,,,,,,,,,,,,,,,,,,,,,,,,,,,,,,,,,,,,,,,,,,,,,,,,,,,,,
357,100.0,2.0,0.0,250000.0,,,,,,,,,,,,"Dt Description Un Appart Au Rdc Situé Dans Un Immeuble À Beb El Khadhra, Tunis",Appartement,vente,,,2500.0,50.0,0.0,,,,,,,,,,,,,,,,,,,,,,,,,,,,,,,,,,,,,,,,,,,,,,,,,,,,,,,,,,,,,,,,,,,,,,,,,,,
358,190.0,2.0,0.0,499000.0,,,1.0,1.0,1.0,,1.0,1.0,1.0,1.0,Nabeul,Nabeul,Appartement,vente,36.4512897,10.7355915,2626.315789473684,95.0,0.0,,,,,,,,,,,,,,,,,,,,,,,,,,,,,,,,,,,,,,,,,,,,,,,,,,,,,,,,,,,,,,,,,,,,,,,,,,,
359,87.0,2.0,,330000.0,,,1.0,1.0,1.0,,,1.0,,1.0,Nabeul,Nabeul,Appartement,vente,36.4512897,10.7355915,3793.103448275862,43.5,0.0,,,,,,,,,,,,,,,,,,,,,,,,,,,,,,,,,,,,,,,,,,,,,,,,,,,,,,,,,,,,,,,,,,,,,,,,,,,
360,123.0,2.0,,235000.0,1.0,1.0,,,,,,1.0,,,Tunis,Tunis,Appartement,vente,36.8002068,10.1857757,1910.5691056910568,61.5,0.0,,,,,,,,,,,,,,,,,,,,,,,,,,,,,,,,,,,,,,,,,,,,,,,,,,,,,,,,,,,,,,,,,,,,,,,,,,,
361,110.0,2.0,,285000.0,,,1.0,1.0,1.0,,,1.0,,1.0,Ariana,Ariana,Appartement,vente,36.8587351,10.188232,2590.909090909091,55.0,0.0,,,,,,,,,,,,,,,,,,,,,,,,,,,,,,,,,,,,,,,,,,,,,,,,,,,,,,,,,,,,,,,,,,,,,,,,,,,
362,123.0,2.0,,400000.0,,1.0,,,,,,1.0,,,Ariana,Ariana,Appartement,vente,36.8587351,10.188232,3252.032520325203,61.5,0.0,,,,,,,,,,,,,,,,,,,,,,,,,,,,,,,,,,,,,,,,,,,,,,,,,,,,,,,,,,,,,,,,,,,,,,,,,,,
363,100.0,2.0,1.0,250000.0,,,,,,,,,,,Nabeul,Nabeul,Appartement,vente,36.4512897,10.7355915,2500.0,50.0,0.0,,,,,,,,,,,,,,,,,,,,,,,,,,,,,,,,,,,,,,,,,,,,,,,,,,,,,,,,,,,,,,,,,,,,,,,,,,,
364,120.0,3.0,0.0,190000.0,,,,,,,,,,1.0,Nabeul,Nabeul,Appartement,vente,36.4512897,10.7355915,1583.3333333333333,40.0,0.0,,,,,,,,,,,,,,,,,,,,,,,,,,,,,,,,,,,,,,,,,,,,,,,,,,,,,,,,,,,,,,,,,,,,,,,,,,,
365,95.0,3.0,,165000.0,,,,,,,,,,1.0,Nabeul,Nabeul,Appartement,vente,36.4512897,10.7355915,1736.842105263158,31.666666666666668,0.0,,,,,,,,,,,,,,,,,,,,,,,,,,,,,,,,,,,,,,,,,,,,,,,,,,,,,,,,,,,,,,,,,,,,,,,,,,,
366,95.0,3.0,,195000.0,,1.0,,,,,,,,1.0,Nabeul,Nabeul,Appartement,vente,36.4512897,10.7355915,2052.6315789473683,31.666666666666668,0.0,,,,,,,,,,,,,,,,,,,,,,,,,,,,,,,,,,,,,,,,,,,,-0.021799218,-0.19318524,-0.09236772,-0.0043907417,0.00059154973,-0.0106803905,0.16448815,-0.0811039,0.071619146,-0.1316517,-0.07454753,0.011384297,-0.04418882,0.06609606,-0.021545606,0.018983034,-0.04676628,0.01425248,-0.094660684,0.010158644,-0.03540562,0.07586279,-0.019046424,0.0010264853,-0.023005523,-0.08184865,0.013200582,-0.026540805,-0.021933421,-0.025619622,-0.05522119,-0.091734715
367,110.0,3.0,,170000.0,,,,,,,,,,1.0,Nabeul,Nabeul,Appartement,vente,36.4512897,10.7355915,1545.4545454545455,36.666666666666664,0.0,,,,,,,,,,,,,,,,,,,,,,,,,,,,,,,,,,,,,,,,,,,,,,,,,,,,,,,,,,,,,,,,,,,,,,,,,,,
368,87.0,2.0,4.0,220000.0,1.0,,,1.0,,,,1.0,,1.0,Nabeul,Nabeul,Appartement,vente,36.4512897,10.7355915,2528.735632183908,43.5,4.0,,,,,,,,,,,,,,,,,,,,,,,,,,,,,,,,,,,,,,,,,,,,,,,,,,,,,,,,,,,,,,,,,,,,,,,,,,,
369,145.0,3.0,1.0,320000.0,,1.0,1.0,1.0,,,,,,,Nabeul,Nabeul,Appartement,vente,36.4512897,10.7355915,2206.896551724138,48.333333333333336,0.0,,,,,,,,,,,,,,,,,,,,,,,,,,,,,,,,,,,,,,,,,,,,,,,,,,,,,,,,,,,,,,,,,,,,,,,,,,,
370,114.0,3.0,,290000.0,,1.0,1.0,1.0,,,,1.0,1.0,,Nabeul,Nabeul,Appartement,vente,36.4512897,10.7355915,2543.8596491228072,38.0,0.0,,,,,,,,,,,,,,,,,,,,,,,,,,,,,,,,,,,,,,,,,,,,,,,,,,,,,,,,,,,,,,,,,,,,,,,,,,,
371,64.0,2.0,1.0,224000.0,1.0,1.0,1.0,1.0,,,,1.0,1.0,,Nabeul,Nabeul,Appartement,vente,36.4512897,10.7355915,3500.0,32.0,1.0,,,,,,,,,,,,,,,,,,,,,,,,,,,,,,,,,,,,,,,,,,,,,,,,,,,,,,,,,,,,,,,,,,,,,,,,,,,
372,78.0,3.0,4.0,273000.0,1.0,,1.0,1.0,,,,1.0,1.0,1.0,Nabeul,Nabeul,Appartement,vente,36.4512897,10.7355915,3500.0,26.0,4.0,,,,,,,,,,,,,,,,,,,,,,,,,,,,,,,,,,,,,,,,,,,,,,,,,,,,,,,,,,,,,,,,,,,,,,,,,,,
373,95.0,2.0,,165000.0,,,,,,,1.0,,,1.0,Nabeul,Nabeul,Appartement,vente,36.4512897,10.7355915,1736.842105263158,47.5,0.0,,,,,,,,,,,,,,,,,,,,,,,,,,,,,,,,,,,,,,,,,,,,,,,,,,,,,,,,,,,,,,,,,,,,,,,,,,,
374,60.0,2.0,,180000.0,,,1.0,,,,1.0,,,1.0,Nabeul,Nabeul,Appartement,vente,36.4512897,10.7355915,3000.0,30.0,0.0,,,,,,,,,,,,,,,,,,,,,,,,,,,,,,,,,,,,,,,,,,,,,,,,,,,,,,,,,,,,,,,,,,,,,,,,,,,
375,95.0,2.0,,185000.0,,,,,,,,,,1.0,Nabeul,Nabeul,Appartement,vente,36.4512897,10.7355915,1947.3684210526317,47.5,0.0,,,,,,,,,,,,,,,,,,,,,,,,,,,,,,,,,,,,,,,,,,,,,,,,,,,,,,,,,,,,,,,,,,,,,,,,,,,
376,140.0,2.0,,155000.0,,1.0,,,,,,,,1.0,Nabeul,Nabeul,Appartement,vente,36.4512897,10.7355915,1107.142857142857,70.0,0.0,,,,,,,,,,,,,,,,,,,,,,,,,,,,,,,,,,,,,,,,,,,,,,,,,,,,,,,,,,,,,,,,,,,,,,,,,,,
377,144.0,3.0,,550000.0,,,1.0,1.0,,,,1.0,,,Tunis,Tunis,Appartement,vente,36.8002068,10.1857757,3819.4444444444443,48.0,0.0,,,,,,,,,,,,,,,,,,,,,,,,,,,,,,,,,,,,,,,,,,,,,,,,,,,,,,,,,,,,,,,,,,,,,,,,,,,
378,127.0,2.0,,425000.0,1.0,1.0,1.0,1.0,1.0,,,,,1.0,Nabeul,Nabeul,Appartement,vente,36.4512897,10.7355915,3346.4566929133857,63.5,0.0,,,,,,,,,,,,,,,,,,,,,,,,,,,,,,,,,,,,,,,,,,,,,,,,,,,,,,,,,,,,,,,,,,,,,,,,,,,
379,128.0,5.0,,300000.0,1.0,1.0,1.0,,,,,1.0,,,Tunis,Tunis,Appartement,vente,36.8002068,10.1857757,2343.75,25.6,0.0,,,,,,,,,,,,,,,,,,,,,,,,,,,,,,,,,,,,,,,,,,,,,,,,,,,,,,,,,,,,,,,,,,,,,,,,,,,
380,154.0,4.0,,360000.0,,,1.0,1.0,,,1.0,1.0,,1.0,Ariana,Ariana,Appartement,vente,36.8587351,10.188232,2337.6623376623374,38.5,0.0,,,,,,,,,,,,,,,,,,,,,,,,,,,,,,,,,,,,,,,,,,,,,,,,,,,,,,,,,,,,,,,,,,,,,,,,,,,
381,3134.0,4.0,2.0,220000.0,,,1.0,1.0,,,,,,,Ben Arous,Ben Arous,Appartement,vente,36.7516855,10.2245072,70.19783024888322,783.5,0.0,,,,,,,,,,,,,,,,,,,,,,,,,,,,,,,,,,,,,,,,,,,,,,,,,,,,,,,,,,,,,,,,,,,,,,,,,,,
382,175.0,,,200000.0,,,,,,,,,,,Tunis,Tunis,Appartement,vente,36.8002068,10.1857757,1142.857142857143,,0.0,,,,,,,,,,,,,,,,,,,,,,,,,,,,,,,,,,,,,,,,,,,,,,,,,,,,,,,,,,,,,,,,,,,,,,,,,,,
383,180.0,5.0,,350000.0,1.0,,1.0,1.0,,,,,,1.0,Ariana,Ariana,Appartement,vente,36.8587351,10.188232,1944.4444444444443,36.0,0.0,,,,,,,,,,,,,,,,,,,,,,,,,,,,,,,,,,,,,,,,,,,,,,,,,,,,,,,,,,,,,,,,,,,,,,,,,,,
384,146.0,4.0,,330000.0,1.0,1.0,1.0,1.0,,1.0,,,,,Ariana,Ariana Ville,Appartement,vente,36.8541206,10.1626718,2260.27397260274,36.5,0.0,,,,,,,,,,,,,,,,,,,,,,,,,,,,,,,,,,,,,,,,,,,,,,,,,,,,,,,,,,,,,,,,,,,,,,,,,,,
385,148.0,4.0,0.0,355000.0,,1.0,1.0,,,1.0,,,,,Ariana,Ariana Ville,Appartement,vente,36.8625,10.1956,2398.6486486486488,37.0,0.0,,,,,,,,,,,,,,,,,,,,,,,,,,,,,,,,,,,,,,,,,,,,,,,,,,,,,,,,,,,,,,,,,,,,,,,,,,,
386,200.0,4.0,0.0,480000.0,,1.0,1.0,1.0,,1.0,,1.0,,,Ariana,Ariana Ville,Appartement,vente,36.8625,10.1956,2400.0,50.0,0.0,,,,,,,,,,,,,,,,,,,,,,,,,,,,,,,,,,,,,,,,,,,,,,,,,,,,,,,,,,,,,,,,,,,,,,,,,,,
387,120.0,2.0,,300000.0,,,,,,,,,,1.0,Sousse,Akouda,Appartement,vente,35.8245,10.6346,2500.0,60.0,0.0,,,,,,,,,,,,,,,,,,,,,,,,,,,,,,,,,,,,,,,,,,,,,,,,,,,,,,,,,,,,,,,,,,,,,,,,,,,
388,100.0,3.0,,350000.0,,,1.0,1.0,,,,1.0,,1.0,Nabeul,Hammamet,Appartement,vente,36.4012665,10.5572827,3500.0,33.333333333333336,0.0,,,,,,,,,,,,,,,,,,,,,,,,,,,,,,,,,,,,,,,,,,,,,,,,,,,,,,,,,,,,,,,,,,,,,,,,,,,
389,130.0,4.0,,370000.0,1.0,,,1.0,,,,,,,Ariana,Ariana Ville,Appartement,vente,36.8599292,10.1531585,2846.153846153846,32.5,0.0,,,,,,,,,,,,,,,,,,,,,,,,,,,,,,,,,,,,,,,,,,,,,,,,,,,,,,,,,,,,,,,,,,,,,,,,,,,
390,90.0,3.0,1.0,120000.0,,,,,,,,,,,Manouba,Mannouba,Appartement,vente,36.8095,10.098,1333.3333333333333,30.0,0.0,,,,,,,,,,,,,,,,,,,,,,,,,,,,,,,,,,,,,,,,,,,,,,,,,,,,,,,,,,,,,,,,,,,,,,,,,,,
391,58.0,2.0,,203000.0,,,,,,,,,,,Sousse,Akouda,Appartement,vente,35.8245,10.6346,3500.0,29.0,0.0,,,,,,,,,,,,,,,,,,,,,,,,,,,,,,,,,,,,,,,,,,,,,,,,,,,,,,,,,,,,,,,,,,,,,,,,,,,
392,190.0,4.0,1.0,150000.0,,,,,,,,,,,,Hammam Zriba,Appartement,vente,,,789.4736842105264,47.5,0.0,,,,,,,,,,,,,,,,,,,,,,,,,,,,,,,,,,,,,,,,,,,,,,,,,,,,,,,,,,,,,,,,,,,,,,,,,,,
393,180.0,4.0,2.0,350000.0,,,1.0,,,,,,,,Sousse,Sousse Jaouhara,Appartement,vente,35.842005,10.6058083,1944.4444444444443,45.0,0.0,,,,,,,,,,,,,,,,,,,,,,,,,,,,,,,,,,,,,,,,,,,,,,,,,,,,,,,,,,,,,,,,,,,,,,,,,,,
394,110.0,4.0,,280000.0,1.0,,1.0,,,,,1.0,,1.0,Sousse,Hammam Sousse,Appartement,vente,35.8245,10.6346,2545.4545454545455,27.5,0.0,,,,,,,,,,,,,,,,,,,,,,,,,,,,,,,,,,,,,,,,,,,,,,,,,,,,,,,,,,,,,,,,,,,,,,,,,,,
395,148.0,4.0,,595000.0,1.0,1.0,1.0,1.0,,,,1.0,,,Tunis,La Marsa,Appartement,vente,36.8065,10.1815,4020.2702702702704,37.0,0.0,,,,,,,,,,,,,,,,,,,,,,,,,,,,,,,,,,,,,,,,,,,,,,,,,,,,,,,,,,,,,,,,,,,,,,,,,,,
396,104.0,3.0,,245000.0,1.0,,,,,,1.0,,,,Tunis,La Marsa,Appartement,vente,36.8479251,10.2611996,2355.769230769231,34.666666666666664,0.0,,,,,,,,,,,,,,,,,,,,,,,,,,,,,,,,,,,,,,,,,,,,,,,,,,,,,,,,,,,,,,,,,,,,,,,,,,,
397,151.0,4.0,4.0,430000.0,,1.0,1.0,1.0,,1.0,,1.0,,,Ariana,Ariana Ville,Appartement,vente,36.8599292,10.1531585,2847.682119205298,37.75,0.0,,,,,,,,,,,,,,,,,,,,,,,,,,,,,,,,,,,,,,,,,,,,,,,,,,,,,,,,,,,,,,,,,,,,,,,,,,,
398,75.0,2.0,,175000.0,,,1.0,1.0,,1.0,,1.0,,,Ariana,Ariana Ville,Appartement,vente,36.8541206,10.1626718,2333.3333333333335,37.5,0.0,,,,,,,,,,,,,,,,,,,,,,,,,,,,,,,,,,,,,,,,,,,,,,,,,,,,,,,,,,,,,,,,,,,,,,,,,,,
399,80.0,3.0,,155000.0,1.0,,,1.0,,,,1.0,,,Ben Arous,Rades,Appartement,vente,36.753,10.228,1937.5,26.666666666666668,0.0,,,,,,,,,,,,,,,,,,,,,,,,,,,,,,,,,,,,,,,,,,,,,,,,,,,,,,,,,,,,,,,,,,,,,,,,,,,
400,90.0,3.0,,120000.0,,,,,,,,1.0,,1.0,Ben Arous,El Mourouj,Appartement,vente,36.719825,10.2192362,1333.3333333333333,30.0,0.0,,,,,,,,,,,,,,,,,,,,,,,,,,,,,,,,,,,,,,,,,,,,,,,,,,,,,,,,,,,,,,,,,,,,,,,,,,,
401,90.0,3.0,4.0,120000.0,,,,,,,,,,,Ben Arous,El Mourouj,Appartement,vente,36.719825,10.2192362,1333.3333333333333,30.0,0.0,,,,,,,,,,,,,,,,,,,,,,,,,,,,,,,,,,,,,,,,,,,,,,,,,,,,,,,,,,,,,,,,,,,,,,,,,,,
402,107.0,4.0,,380000.0,,1.0,1.0,1.0,,,,1.0,,,Tunis,La Marsa,Appartement,vente,36.8479251,10.2611996,3551.4018691588785,26.75,0.0,,,,,,,,,,,,,,,,,,,,,,,,,,,,,,,,,,,,,,,,,,,,,,,,,,,,,,,,,,,,,,,,,,,,,,,,,,,
403,216.0,4.0,,85000.0,,,,,,,,,,,Nabeul,El Haouaria,Appartement,vente,37.0498089,11.0116492,393.51851851851853,54.0,0.0,,,,,,,,,,,,,,,,,,,,,,,,,,,,,,,,,,,,,,,,,,,,,,,,,,,,,,,,,,,,,,,,,,,,,,,,,,,
404,110.0,3.0,0.0,190000.0,,,1.0,1.0,,,,,,1.0,Ariana,La Soukra,Appartement,vente,36.8606537,10.2087006,1727.2727272727273,36.666666666666664,0.0,,,,,,,,,,,,,,,,,,,,,,,,,,,,,,,,,,,,,,,,,,,,,,,,,,,,,,,,,,,,,,,,,,,,,,,,,,,
405,81.0,3.0,,255000.0,,,1.0,1.0,,,,1.0,,,Ben Arous,Rades,Appartement,vente,36.7562063,10.2474532,3148.1481481481483,27.0,0.0,,,,,,,,,,,,,,,,,,,,,,,,,,,,,,,,,,,,,,,,,,,,,,,,,,,,,,,,,,,,,,,,,,,,,,,,,,,
406,90.0,3.0,,140000.0,,,,,,,,,,,Ben Arous,El Mourouj,Appartement,vente,36.719825,10.2192362,1555.5555555555557,30.0,0.0,,,,,,,,,,,,,,,,,,,,,,,,,,,,,,,,,,,,,,,,,,,,,,,,,,,,,,,,,,,,,,,,,,,,,,,,,,,
407,77.0,3.0,4.0,105000.0,,1.0,,,,,,1.0,,,Ben Arous,El Mourouj,Appartement,vente,36.719825,10.2192362,1363.6363636363637,25.666666666666668,0.0,,,,,,,,,,,,,,,,,,,,,,,,,,,,,,,,,,,,,,,,,,,,,,,,,,,,,,,,,,,,,,,,,,,,,,,,,,,
408,140.0,5.0,,250000.0,,1.0,,,,,,,,,Ben Arous,El Mourouj,Appartement,vente,36.719825,10.2192362,1785.7142857142858,28.0,0.0,,,,,,,,,,,,,,,,,,,,,,,,,,,,,,,,,,,,,,,,,,,,,,,,,,,,,,,,,,,,,,,,,,,,,,,,,,,
409,147.0,4.0,3.0,355000.0,1.0,1.0,1.0,1.0,,1.0,,1.0,,,Ariana,Raoued,Appartement,vente,36.8625,10.1956,2414.9659863945576,36.75,3.0,,,,,,,,,,,,,,,,,,,,,,,,,,,,,,,,,,,,,,,,,,,,,,,,,,,,,,,,,,,,,,,,,,,,,,,,,,,
410,77.0,3.0,3.0,130000.0,,1.0,,,,,,1.0,,,Ben Arous,El Mourouj,Appartement,vente,36.719825,10.2192362,1688.3116883116884,25.666666666666668,0.0,,,,,,,,,,,,,,,,,,,,,,,,,,,,,,,,,,,,,,,,,,,,-0.09283791,-0.04116173,0.073492035,-0.04882261,0.03891174,0.06006341,0.0029893124,-0.047191147,0.0023628748,0.039107088,-0.007297029,-0.12516032,-0.13965952,0.17215724,0.19999182,0.04837959,-0.0247904,0.068551145,0.020091884,-0.060859494,-0.045946494,-0.018967694,-0.007874655,-0.012269782,-0.0057496224,0.040518004,-0.022622557,0.0150962705,-0.07075388,0.024746934,-0.011591593,-0.025123753
411,,2.0,,195000.0,,1.0,,,,,1.0,1.0,,,Tunis,El Menzah,Appartement,vente,36.8423974,10.1571247,,,0.0,,,,,,,,,,,,,,,,,,,,,,,,,,,,,,,,,,,,,,,,,,,,,,,,,,,,,,,,,,,,,,,,,,,,,,,,,,,
412,70.0,2.0,0.0,90000.0,,,,,,,,,,1.0,Nabeul,El Haouaria,Appartement,vente,36.4561,10.7376,1285.7142857142858,35.0,0.0,,,,,,,,,,,,,,,,,,,,,,,,,,,,,,,,,,,,,,,,,,,,,,,,,,,,,,,,,,,,,,,,,,,,,,,,,,,
413,,3.0,,285000.0,,1.0,,,,,1.0,1.0,,,Tunis,El Menzah,Appartement,vente,36.8423974,10.1571247,,,0.0,,,,,,,,,,,,,,,,,,,,,,,,,,,,,,,,,,,,,,,,,,,,,,,,,,,,,,,,,,,,,,,,,,,,,,,,,,,
414,90.0,3.0,,225000.0,,,1.0,1.0,,,,,,,Tunis,Ain Zaghouan,Appartement,vente,36.8507178,10.2829345,2500.0,30.0,0.0,,,,,,,,,,,,,,,,,,,,,,,,,,,,,,,,,,,,,,,,,,,,-0.16504923,0.0016375709,-0.040079672,0.051179375,-0.1147191,0.021379726,0.09801811,-0.0038992292,-0.042598035,0.04961413,0.1617597,0.11664374,-0.052114476,0.1292701,0.0045840875,-0.02176698,0.08405111,-0.088733725,0.045785338,-0.047656182,0.083886534,-0.0036441418,0.0438295,-0.06768226,-0.0953856,-0.010061559,0.037273902,-0.03832061,0.056801956,0.048433304,0.030678883,-0.052030794
415,70.0,3.0,,125000.0,,,,,,,,,,,Tunis,La Medina,Appartement,vente,36.7997675,10.1756926,1785.7142857142858,23.333333333333332,0.0,,,,,,,,,,,,,,,,,,,,,,,,,,,,,,,,,,,,,,,,,,,,,,,,,,,,,,,,,,,,,,,,,,,,,,,,,,,
416,165.0,4.0,,330000.0,1.0,1.0,1.0,1.0,,,1.0,1.0,,,Tunis,La Marsa,Appartement,vente,36.8479251,10.2611996,2000.0,41.25,0.0,,,,,,,,,,,,,,,,,,,,,,,,,,,,,,,,,,,,,,,,,,,,,,,,,,,,,,,,,,,,,,,,,,,,,,,,,,,
417,60.0,2.0,,160000.0,,,,,,,,,,,Tunis,La Marsa,Appartement,vente,36.8479251,10.2611996,2666.6666666666665,30.0,0.0,,,,,,,,,,,,,,,,,,,,,,,,,,,,,,,,,,,,,,,,,,,,,,,,,,,,,,,,,,,,,,,,,,,,,,,,,,,
418,145.0,2.0,,450000.0,,,1.0,1.0,,,,1.0,1.0,,Nabeul,Hammamet,Appartement,vente,36.4012665,10.5572827,3103.448275862069,72.5,0.0,,,,,,,,,,,,,,,,,,,,,,,,,,,,,,,,,,,,,,,,,,,,,,,,,,,,,,,,,,,,,,,,,,,,,,,,,,,
419,160.0,4.0,,220000.0,,1.0,,,,,,,,,Bizerte,Bizerte Nord,Appartement,vente,37.2720905,9.8708565,1375.0,40.0,0.0,,,,,,,,,,,,,,,,,,,,,,,,,,,,,,,,,,,,,,,,,,,,,,,,,,,,,,,,,,,,,,,,,,,,,,,,,,,
420,50.0,2.0,,400000.0,,1.0,,1.0,,,,1.0,1.0,,Sousse,Akouda,Appartement,vente,35.8245,10.6346,8000.0,25.0,0.0,,,,,,,,,,,,,,,,,,,,,,,,,,,,,,,,,,,,,,,,,,,,,,,,,,,,,,,,,,,,,,,,,,,,,,,,,,,
421,90.0,3.0,,308000.0,,1.0,,,,,,,,,Tunis,Ain Zaghouan,Appartement,vente,36.8507178,10.2829345,3422.222222222222,30.0,0.0,,,,,,,,,,,,,,,,,,,,,,,,,,,,,,,,,,,,,,,,,,,,,,,,,,,,,,,,,,,,,,,,,,,,,,,,,,,
422,80.0,4.0,3.0,190000.0,1.0,,,,,,,,,,Manouba,Mannouba,Appartement,vente,36.8095,10.098,2375.0,20.0,3.0,,,,,,,,,,,,,,,,,,,,,,,,,,,,,,,,,,,,,,,,,,,,,,,,,,,,,,,,,,,,,,,,,,,,,,,,,,,
423,73.0,1.0,,300000.0,1.0,1.0,1.0,1.0,,,,1.0,1.0,,Nabeul,Nabeul,Appartement,vente,36.4561,10.7376,4109.58904109589,73.0,0.0,,,,,,,,,,,,,,,,,,,,,,,,,,,,,,,,,,,,,,,,,,,,,,,,,,,,,,,,,,,,,,,,,,,,,,,,,,,
424,80.0,4.0,4.0,110000.0,1.0,,,,,,,,,,Ariana,Ariana Ville,Appartement,vente,36.8625,10.1956,1375.0,20.0,4.0,,,,,,,,,,,,,,,,,,,,,,,,,,,,,,,,,,,,,,,,,,,,,,,,,,,,,,,,,,,,,,,,,,,,,,,,,,,
425,58.0,2.0,,208000.0,,,,,,,,,,,Tunis,Ain Zaghouan,Appartement,vente,36.8507178,10.2829345,3586.206896551724,29.0,0.0,,,,,,,,,,,,,,,,,,,,,,,,,,,,,,,,,,,,,,,,,,,,,,,,,,,,,,,,,,,,,,,,,,,,,,,,,,,
426,143.0,4.0,,315000.0,,,1.0,1.0,,,,1.0,,,Ben Arous,El Mourouj,Appartement,vente,36.719825,10.2192362,2202.7972027972028,35.75,0.0,,,,,,,,,,,,,,,,,,,,,,,,,,,,,,,,,,,,,,,,,,,,,,,,,,,,,,,,,,,,,,,,,,,,,,,,,,,
427,120.0,4.0,3.0,250000.0,1.0,,,,,,,,,,Tunis,Cite El Khadra,Appartement,vente,36.8065,10.1815,2083.3333333333335,30.0,3.0,,,,,,,,,,,,,,,,,,,,,,,,,,,,,,,,,,,,,,,,,,,,,,,,,,,,,,,,,,,,,,,,,,,,,,,,,,,
428,82.0,3.0,4.0,185000.0,1.0,,,,,,,,,,Tunis,Cite El Khadra,Appartement,vente,36.8065,10.1815,2256.0975609756097,27.333333333333332,4.0,,,,,,,,,,,,,,,,,,,,,,,,,,,,,,,,,,,,,,,,,,,,,,,,,,,,,,,,,,,,,,,,,,,,,,,,,,,
429,160.0,4.0,4.0,270000.0,1.0,,,,,,,,,,Tunis,El Menzah,Appartement,vente,36.8215855,10.1778355,1687.5,40.0,4.0,,,,,,,,,,,,,,,,,,,,,,,,,,,,,,,,,,,,,,,,,,,,,,,,,,,,,,,,,,,,,,,,,,,,,,,,,,,
430,209.0,1.0,,680000.0,1.0,,1.0,1.0,,,,1.0,,1.0,Nabeul,Nabeul,Appartement,vente,36.4512897,10.7355915,3253.5885167464116,209.0,0.0,,,,,,,,,,,,,,,,,,,,,,,,,,,,,,,,,,,,,,,,,,,,,,,,,,,,,,,,,,,,,,,,,,,,,,,,,,,
431,150.0,5.0,4.0,235000.0,1.0,,1.0,1.0,,,,1.0,,,Tunis,El Menzah,Appartement,vente,36.8423974,10.1571247,1566.6666666666667,30.0,4.0,,,,,,,,,,,,,,,,,,,,,,,,,,,,,,,,,,,,,,,,,,,,,,,,,,,,,,,,,,,,,,,,,,,,,,,,,,,
432,117.0,3.0,0.0,520000.0,,,,,1.0,,,,,1.0,Nabeul,Hammamet,Appartement,vente,36.4012665,10.5572827,4444.444444444444,39.0,0.0,,,,,,,,,,,,,,,,,,,,,,,,,,,,,,,,,,,,,,,,,,,,-0.15736988,-0.065267645,0.13040851,0.0029754732,-0.060379338,0.066173516,0.029594945,0.00088877545,-0.025105802,-0.005700846,-0.010404119,0.010507062,0.028432878,-0.048297055,0.0015403073,-0.05634085,0.022733591,-0.034251172,-0.005277372,0.06120439,0.08824399,0.08727989,-0.054178886,0.00071054854,-0.08914247,0.055311795,0.057216156,0.039666247,-0.008596512,0.014028158,0.0050887545,-0.0006965001
433,70.0,2.0,,80000.0,,,,,,,,,,,Ben Arous,Mornag,Appartement,vente,36.6267742,10.1550439,1142.857142857143,35.0,0.0,,,,,,,,,,,,,,,,,,,,,,,,,,,,,,,,,,,,,,,,,,,,,,,,,,,,,,,,,,,,,,,,,,,,,,,,,,,
434,140.0,4.0,2.0,310000.0,1.0,,1.0,,,,,1.0,,,Tunis,El Menzah,Appartement,vente,36.8443809,10.1819354,2214.285714285714,35.0,2.0,,,,,,,,,,,,,,,,,,,,,,,,,,,,,,,,,,,,,,,,,,,,,,,,,,,,,,,,,,,,,,,,,,,,,,,,,,,
435,123.0,3.0,,320000.0,1.0,,1.0,1.0,,,,1.0,,,Tunis,El Kram,Appartement,vente,36.8479991,10.2943555,2601.6260162601625,41.0,0.0,,,,,,,,,,,,,,,,,,,,,,,,,,,,,,,,,,,,,,,,,,,,,,,,,,,,,,,,,,,,,,,,,,,,,,,,,,,
436,100.0,4.0,4.0,145000.0,1.0,1.0,,,,,,,,,Ariana,Ariana Ville,Appartement,vente,36.8625,10.1956,1450.0,25.0,4.0,,,,,,,,,,,,,,,,,,,,,,,,,,,,,,,,,,,,,,,,,,,,,,,,,,,,,,,,,,,,,,,,,,,,,,,,,,,
437,175.0,5.0,,450000.0,1.0,,1.0,,,,,1.0,,,Tunis,El Menzah,Appartement,vente,36.8336187,10.1471736,2571.4285714285716,35.0,0.0,,,,,,,,,,,,,,,,,,,,,,,,,,,,,,,,,,,,,,,,,,,,,,,,,,,,,,,,,,,,,,,,,,,,,,,,,,,
438,220.0,5.0,,600000.0,,,,,,,,,,1.0,Tunis,La Goulette,Appartement,vente,36.8133756,10.2930588,2727.2727272727275,44.0,0.0,,,,,,,,,,,,,,,,,,,,,,,,,,,,,,,,,,,,,,,,,,,,-0.17291716,0.005609128,0.14868385,0.06754097,-0.13823277,-0.07573399,-0.07042075,0.00566361,0.068157904,-0.052220766,0.051391535,-0.1426996,0.07198171,-0.015144217,-0.03997209,0.05411994,0.03104169,-0.055398077,0.024812747,0.087379925,-0.032787852,-0.084426686,-0.12160788,0.06709115,-0.027099062,0.08125179,-0.07102182,-0.00466221,0.08564009,0.07770454,0.015538539,0.027437916
439,110.0,2.0,0.0,220000.0,,1.0,,,,,,,,1.0,Nabeul,Hammam El Ghezaz,Appartement,vente,36.9003542,11.0982607,2000.0,55.0,0.0,,,,,,,,,,,,,,,,,,,,,,,,,,,,,,,,,,,,,,,,,,,,,,,,,,,,,,,,,,,,,,,,,,,,,,,,,,,
440,53.0,2.0,,150000.0,,,1.0,1.0,,,,,,,Sousse,Akouda,Appartement,vente,35.8245,10.6346,2830.188679245283,26.5,0.0,,,,,,,,,,,,,,,,,,,,,,,,,,,,,,,,,,,,,,,,,,,,,,,,,,,,,,,,,,,,,,,,,,,,,,,,,,,
441,101.0,3.0,1.0,351000.0,,1.0,1.0,1.0,,,,1.0,,,Tunis,La Marsa,Appartement,vente,36.8479251,10.2611996,3475.2475247524753,33.666666666666664,0.0,,,,,,,,,,,,,,,,,,,,,,,,,,,,,,,,,,,,,,,,,,,,,,,,,,,,,,,,,,,,,,,,,,,,,,,,,,,
442,100.0,3.0,,245000.0,,,,,,,,,,1.0,Nabeul,Kelibia,Appartement,vente,36.8456561,11.0935701,2450.0,33.333333333333336,0.0,,,,,,,,,,,,,,,,,,,,,,,,,,,,,,,,,,,,,,,,,,,,,,,,,,,,,,,,,,,,,,,,,,,,,,,,,,,
443,123.0,4.0,,390000.0,,1.0,1.0,1.0,,,,1.0,,,Ariana,Ariana Ville,Appartement,vente,36.8625,10.1956,3170.731707317073,30.75,0.0,,,,,,,,,,,,,,,,,,,,,,,,,,,,,,,,,,,,,,,,,,,,,,,,,,,,,,,,,,,,,,,,,,,,,,,,,,,
444,115.0,2.0,0.0,580000.0,,,,,,,1.0,,,,Tunis,La Goulette,Appartement,vente,36.8240245,10.311616,5043.478260869565,57.5,0.0,,,,,,,,,,,,,,,,,,,,,,,,,,,,,,,,,,,,,,,,,,,,,,,,,,,,,,,,,,,,,,,,,,,,,,,,,,,
445,50.0,2.0,,190000.0,,,,1.0,,,,,,,Ariana,Ariana Ville,Appartement,vente,36.8599292,10.1531585,3800.0,25.0,0.0,,,,,,,,,,,,,,,,,,,,,,,,,,,,,,,,,,,,,,,,,,,,,,,,,,,,,,,,,,,,,,,,,,,,,,,,,,,
446,100.0,2.0,,210000.0,,,,,,,,,,,Nabeul,Hammam El Ghezaz,Appartement,vente,36.9003542,11.0982607,2100.0,50.0,0.0,,,,,,,,,,,,,,,,,,,,,,,,,,,,,,,,,,,,,,,,,,,,,,,,,,,,,,,,,,,,,,,,,,,,,,,,,,,
447,121.0,4.0,,150000.0,,,,,,,,1.0,,,Ben Arous,Mohamadia,Appartement,vente,36.753,10.228,1239.6694214876034,30.25,0.0,,,,,,,,,,,,,,,,,,,,,,,,,,,,,,,,,,,,,,,,,,,,,,,,,,,,,,,,,,,,,,,,,,,,,,,,,,,
448,160.0,5.0,,320000.0,,1.0,,,,,,1.0,,,Ben Arous,Hammam Chatt,Appartement,vente,36.7136861,10.3691813,2000.0,32.0,0.0,,,,,,,,,,,,,,,,,,,,,,,,,,,,,,,,,,,,,,,,,,,,,,,,,,,,,,,,,,,,,,,,,,,,,,,,,,,
449,80.0,3.0,,150000.0,,,,,,,,,,,Tunis,Cite El Khadra,Appartement,vente,36.8291875,10.1903688,1875.0,26.666666666666668,0.0,,,,,,,,,,,,,,,,,,,,,,,,,,,,,,,,,,,,,,,,,,,,,,,,,,,,,,,,,,,,,,,,,,,,,,,,,,,
450,96.0,2.0,,175000.0,,,,,,,,,,,Nabeul,Kelibia,Appartement,vente,36.4561,10.7376,1822.9166666666667,48.0,0.0,,,,,,,,,,,,,,,,,,,,,,,,,,,,,,,,,,,,,,,,,,,,,,,,,,,,,,,,,,,,,,,,,,,,,,,,,,,
451,122.0,3.0,4.0,330000.0,1.0,1.0,,,,,,,,,Ben Arous,Ezzahra,Appartement,vente,36.7404497,10.3029461,2704.9180327868853,40.666666666666664,4.0,,,,,,,,,,,,,,,,,,,,,,,,,,,,,,,,,,,,,,,,,,,,,,,,,,,,,,,,,,,,,,,,,,,,,,,,,,,
452,105.0,2.0,,225000.0,,,,,,,1.0,,,,Nabeul,Hammam El Ghezaz,Appartement,vente,36.9003542,11.0982607,2142.8571428571427,52.5,0.0,,,,,,,,,,,,,,,,,,,,,,,,,,,,,,,,,,,,,,,,,,,,,,,,,,,,,,,,,,,,,,,,,,,,,,,,,,,
453,194.0,3.0,3.0,450000.0,1.0,1.0,1.0,1.0,,,,1.0,,,Ariana,Ariana Ville,Appartement,vente,36.8599292,10.1531585,2319.5876288659792,64.66666666666667,3.0,,,,,,,,,,,,,,,,,,,,,,,,,,,,,,,,,,,,,,,,,,,,,,,,,,,,,,,,,,,,,,,,,,,,,,,,,,,
454,100.0,3.0,,260000.0,,,,,,,,,,,Tunis,El Menzah,Appartement,vente,36.8443809,10.1819354,2600.0,33.333333333333336,0.0,,,,,,,,,,,,,,,,,,,,,,,,,,,,,,,,,,,,,,,,,,,,,,,,,,,,,,,,,,,,,,,,,,,,,,,,,,,
455,96.0,4.0,,340000.0,,,1.0,1.0,,,,,,1.0,Ariana,La Soukra,Appartement,vente,36.8749751,10.2454267,3541.6666666666665,24.0,0.0,,,,,,,,,,,,,,,,,,,,,,,,,,,,,,,,,,,,,,,,,,,,,,,,,,,,,,,,,,,,,,,,,,,,,,,,,,,
456,78.0,3.0,,150000.0,,,,,,,1.0,,,,Tunis,Cite El Khadra,Appartement,vente,36.8291875,10.1903688,1923.076923076923,26.0,0.0,,,,,,,,,,,,,,,,,,,,,,,,,,,,,,,,,,,,,,,,,,,,,,,,,,,,,,,,,,,,,,,,,,,,,,,,,,,
457,60.0,4.0,2.0,240000.0,1.0,,,,,,,,,,Ariana,Ariana Ville,Appartement,vente,36.8484562,10.1634244,4000.0,15.0,2.0,,,,,,,,,,,,,,,,,,,,,,,,,,,,,,,,,,,,,,,,,,,,,,,,,,,,,,,,,,,,,,,,,,,,,,,,,,,
458,95.0,4.0,4.0,150000.0,1.0,,1.0,,,,,,,,Tunis,Cite El Khadra,Appartement,vente,36.8065,10.1815,1578.9473684210527,23.75,4.0,,,,,,,,,,,,,,,,,,,,,,,,,,,,,,,,,,,,,,,,,,,,,,,,,,,,,,,,,,,,,,,,,,,,,,,,,,,
459,103.0,3.0,1.0,110000.0,,1.0,,,,,,,,,Tunis,El Kabbaria,Appartement,vente,36.8065,10.1815,1067.9611650485438,34.333333333333336,0.0,,,,,,,,,,,,,,,,,,,,,,,,,,,,,,,,,,,,,,,,,,,,,,,,,,,,,,,,,,,,,,,,,,,,,,,,,,,
460,100.0,3.0,2.0,210000.0,1.0,,1.0,1.0,,,,,,,Tunis,El Menzah,Appartement,vente,36.8215855,10.1778355,2100.0,33.333333333333336,2.0,,,,,,,,,,,,,,,,,,,,,,,,,,,,,,,,,,,,,,,,,,,,,,,,,,,,,,,,,,,,,,,,,,,,,,,,,,,
461,,2.0,0.0,130000.0,0.0,,,0.0,0.0,,0.0,,0.0,0.0,Ben Arous,El Mourouj,Appartement,vente,36.719825,10.2192362,,,0.0,,,,,,,,,,,,,,,,,,,,,,,,,,,,,,,,,,,,,,,,,,,,-0.080607675,-0.110899374,0.17780103,0.0632507,-0.10481056,0.030090984,0.023087546,-0.0098711895,0.08717856,-0.013060585,0.035084393,-0.01111766,-0.04719839,0.032761265,0.08477241,0.060728364,0.053199068,0.03075639,-0.005097249,-0.022370059,0.09206638,0.055758074,0.10479135,-0.015998786,-0.038229052,0.11378781,0.04550858,-0.016705047,-0.046784036,0.00599801,0.015247751,0.052638497
462,132.0,4.0,4.0,270000.0,1.0,1.0,1.0,,,,,1.0,,,Tunis,El Menzah,Appartement,vente,36.8423974,10.1571247,2045.4545454545455,33.0,4.0,,,,,,,,,,,,,,,,,,,,,,,,,,,,,,,,,,,,,,,,,,,,,,,,,,,,,,,,,,,,,,,,,,,,,,,,,,,
463,180.0,4.0,,310000.0,,,,,,,,,,,Ben Arous,Nouvelle Medina,Appartement,vente,36.7575659,10.244981,1722.2222222222222,45.0,0.0,,,,,,,,,,,,,,,,,,,,,,,,,,,,,,,,,,,,,,,,,,,,-0.026548227,0.094605565,0.04366037,0.04770701,0.090050004,0.1149924,-0.05674945,-0.1288976,-0.114831395,0.012584805,0.025302341,0.13023874,0.0875646,-0.020378998,0.03125923,0.09937083,-0.0022911564,0.0122676715,-0.045805708,0.07084539,-0.096122906,-0.08847293,0.021755688,-0.011625752,-0.06373239,0.03118994,0.06433099,0.061872005,0.030862136,0.08588742,-0.03874979,0.108734585
464,160.0,4.0,0.0,320000.0,,,1.0,,,,1.0,,,,Ben Arous,El Mourouj,Appartement,vente,36.719825,10.2192362,2000.0,40.0,0.0,,,,,,,,,,,,,,,,,,,,,,,,,,,,,,,,,,,,,,,,,,,,,,,,,,,,,,,,,,,,,,,,,,,,,,,,,,,
465,80.0,3.0,,160000.0,,,,,,,,,,,Tunis,Bab Bhar,Appartement,vente,36.7992041,10.1756221,2000.0,26.666666666666668,0.0,,,,,,,,,,,,,,,,,,,,,,,,,,,,,,,,,,,,,,,,,,,,,,,,,,,,,,,,,,,,,,,,,,,,,,,,,,,
466,54.0,1.0,,210000.0,,,,,,,,1.0,,,Tunis,Ain Zaghouan,Appartement,vente,36.8507178,10.2829345,3888.8888888888887,54.0,0.0,,,,,,,,,,,,,,,,,,,,,,,,,,,,,,,,,,,,,,,,,,,,,,,,,,,,,,,,,,,,,,,,,,,,,,,,,,,
467,107.0,4.0,4.0,190000.0,1.0,,,,,,,,,,Ariana,Ariana Ville,Appartement,vente,36.8541206,10.1626718,1775.7009345794393,26.75,4.0,,,,,,,,,,,,,,,,,,,,,,,,,,,,,,,,,,,,,,,,,,,,,,,,,,,,,,,,,,,,,,,,,,,,,,,,,,,
468,60.0,2.0,,150000.0,,1.0,,,,,,,,,Nabeul,Hammamet,Appartement,vente,36.4012665,10.5572827,2500.0,30.0,0.0,,,,,,,,,,,,,,,,,,,,,,,,,,,,,,,,,,,,,,,,,,,,0.21000922,0.0509664,0.11047914,0.07363904,0.061771248,0.059633043,0.09019415,0.058866654,-0.06528012,-0.115412794,0.036477577,-0.04536283,0.028218156,0.16151418,-0.05186524,-0.013479325,-0.12985907,0.022042092,-0.0025293273,-0.07738211,0.018479984,-0.09728234,-0.031579897,-0.12857443,0.047924675,0.099606015,-0.023536686,-0.012096736,0.0055160844,-0.024150498,-0.05645418,-0.006644263
469,90.0,3.0,3.0,120000.0,1.0,,,,,,,,,,Nabeul,Nabeul,Appartement,vente,36.4512897,10.7355915,1333.3333333333333,30.0,3.0,,,,,,,,,,,,,,,,,,,,,,,,,,,,,,,,,,,,,,,,,,,,,,,,,,,,,,,,,,,,,,,,,,,,,,,,,,,
470,110.0,4.0,,400000.0,,,1.0,1.0,,,,1.0,,,Nabeul,Nabeul,Appartement,vente,36.4512897,10.7355915,3636.3636363636365,27.5,0.0,,,,,,,,,,,,,,,,,,,,,,,,,,,,,,,,,,,,,,,,,,,,,,,,,,,,,,,,,,,,,,,,,,,,,,,,,,,
471,120.0,2.0,2.0,280000.0,1.0,,,,,,,1.0,,,Tunis,La Marsa,Appartement,vente,36.8479251,10.2611996,2333.3333333333335,60.0,2.0,,,,,,,,,,,,,,,,,,,,,,,,,,,,,,,,,,,,,,,,,,,,,,,,,,,,,,,,,,,,,,,,,,,,,,,,,,,
472,109.0,2.0,,250000.0,,1.0,,,,,,1.0,,1.0,Tunis,La Marsa,Appartement,vente,36.8479251,10.2611996,2293.577981651376,54.5,0.0,,,,,,,,,,,,,,,,,,,,,,,,,,,,,,,,,,,,,,,,,,,,,,,,,,,,,,,,,,,,,,,,,,,,,,,,,,,
473,100.0,4.0,,180000.0,,,,1.0,,,,1.0,,,Ben Arous,Rades,Appartement,vente,36.753,10.228,1800.0,25.0,0.0,,,,,,,,,,,,,,,,,,,,,,,,,,,,,,,,,,,,,,,,,,,,,,,,,,,,,,,,,,,,,,,,,,,,,,,,,,,
474,105.0,2.0,,450000.0,1.0,,1.0,1.0,,,1.0,,,,Tunis,Ain Zaghouan,Appartement,vente,36.8572699,10.2918693,4285.714285714285,52.5,0.0,,,,,,,,,,,,,,,,,,,,,,,,,,,,,,,,,,,,,,,,,,,,,,,,,,,,,,,,,,,,,,,,,,,,,,,,,,,
475,90.0,3.0,,325000.0,1.0,,1.0,,,,,,,1.0,Tunis,Ain Zaghouan,Appartement,vente,36.8507178,10.2829345,3611.1111111111113,30.0,0.0,,,,,,,,,,,,,,,,,,,,,,,,,,,,,,,,,,,,,,,,,,,,,,,,,,,,,,,,,,,,,,,,,,,,,,,,,,,
476,72.0,1.0,,308000.0,,,,,,,1.0,,,,Tunis,La Marsa,Appartement,vente,36.8479251,10.2611996,4277.777777777777,72.0,0.0,,,,,,,,,,,,,,,,,,,,,,,,,,,,,,,,,,,,,,,,,,,,,,,,,,,,,,,,,,,,,,,,,,,,,,,,,,,
477,60.0,1.0,0.0,180000.0,,,1.0,,,,,,,,Ariana,Ariana Ville,Appartement,vente,36.8599292,10.1531585,3000.0,60.0,0.0,,,,,,,,,,,,,,,,,,,,,,,,,,,,,,,,,,,,,,,,,,,,,,,,,,,,,,,,,,,,,,,,,,,,,,,,,,,
478,200.0,4.0,,420000.0,,,,,1.0,,,,,1.0,Sousse,Akouda,Appartement,vente,35.9167608,10.5729473,2100.0,50.0,0.0,,,,,,,,,,,,,,,,,,,,,,,,,,,,,,,,,,,,,,,,,,,,,,,,,,,,,,,,,,,,,,,,,,,,,,,,,,,
479,105.0,3.0,,235000.0,1.0,1.0,,,,,1.0,1.0,,,Tunis,La Marsa,Appartement,vente,36.8479251,10.2611996,2238.095238095238,35.0,0.0,,,,,,,,,,,,,,,,,,,,,,,,,,,,,,,,,,,,,,,,,,,,,,,,,,,,,,,,,,,,,,,,,,,,,,,,,,,
480,90.0,4.0,,110000.0,,,,,,,,,,,Tunis,El Kabbaria,Appartement,vente,36.8065,10.1815,1222.2222222222222,22.5,0.0,,,,,,,,,,,,,,,,,,,,,,,,,,,,,,,,,,,,,,,,,,,,,,,,,,,,,,,,,,,,,,,,,,,,,,,,,,,
481,150.0,1.0,2.0,360000.0,1.0,1.0,1.0,,,,,,,,Tunis,El Kram,Appartement,vente,36.8479991,10.2943555,2400.0,150.0,2.0,,,,,,,,,,,,,,,,,,,,,,,,,,,,,,,,,,,,,,,,,,,,,,,,,,,,,,,,,,,,,,,,,,,,,,,,,,,
482,174.0,1.0,0.0,500000.0,,,1.0,1.0,,,1.0,1.0,,,Ariana,Ariana Ville,Appartement,vente,36.8625,10.1956,2873.5632183908046,174.0,0.0,,,,,,,,,,,,,,,,,,,,,,,,,,,,,,,,,,,,,,,,,,,,,,,,,,,,,,,,,,,,,,,,,,,,,,,,,,,
483,77.0,2.0,,198000.0,,1.0,1.0,1.0,,,,,,,Tunis,Ain Zaghouan,Appartement,vente,36.8507178,10.2829345,2571.4285714285716,38.5,0.0,,,,,,,,,,,,,,,,,,,,,,,,,,,,,,,,,,,,,,,,,,,,,,,,,,,,,,,,,,,,,,,,,,,,,,,,,,,
484,54.0,2.0,,155000.0,1.0,1.0,1.0,,,,1.0,,,,Tunis,La Marsa,Appartement,vente,36.8479251,10.2611996,2870.3703703703704,27.0,0.0,,,,,,,,,,,,,,,,,,,,,,,,,,,,,,,,,,,,,,,,,,,,,,,,,,,,,,,,,,,,,,,,,,,,,,,,,,,
485,154.0,4.0,,340000.0,,1.0,1.0,,,,,1.0,,,Tunis,La Marsa,Appartement,vente,36.8479251,10.2611996,2207.7922077922076,38.5,0.0,,,,,,,,,,,,,,,,,,,,,,,,,,,,,,,,,,,,,,,,,,,,,,,,,,,,,,,,,,,,,,,,,,,,,,,,,,,
486,80.0,1.0,0.0,100000.0,,,,,,,,,,,Tunis,La Marsa,Appartement,vente,36.8065,10.1815,1250.0,80.0,0.0,,,,,,,,,,,,,,,,,,,,,,,,,,,,,,,,,,,,,,,,,,,,,,,,,,,,,,,,,,,,,,,,,,,,,,,,,,,
487,125.0,3.0,,305000.0,,1.0,,,,,,,,,Ben Arous,Ezzahra,Appartement,vente,36.7404497,10.3029461,2440.0,41.666666666666664,0.0,,,,,,,,,,,,,,,,,,,,,,,,,,,,,,,,,,,,,,,,,,,,,,,,,,,,,,,,,,,,,,,,,,,,,,,,,,,
488,130.0,2.0,1.0,160000.0,,,,,,,,,,1.0,Nabeul,Hammam El Ghezaz,Appartement,vente,36.9003542,11.0982607,1230.7692307692307,65.0,0.0,,,,,,,,,,,,,,,,,,,,,,,,,,,,,,,,,,,,,,,,,,,,,,,,,,,,,,,,,,,,,,,,,,,,,,,,,,,
489,203.0,4.0,,695000.0,,1.0,,,,,,1.0,,,Ariana,Ariana Ville,Appartement,vente,36.8599292,10.1531585,3423.6453201970444,50.75,0.0,,,,,,,,,,,,,,,,,,,,,,,,,,,,,,,,,,,,,,,,,,,,,,,,,,,,,,,,,,,,,,,,,,,,,,,,,,,
490,90.0,3.0,,307000.0,,1.0,,,,,,,,,Tunis,Ain Zaghouan,Appartement,vente,36.8507178,10.2829345,3411.1111111111113,30.0,0.0,,,,,,,,,,,,,,,,,,,,,,,,,,,,,,,,,,,,,,,,,,,,-0.13322842,-0.045463607,0.16489549,0.04205038,-0.08869789,-0.011100366,0.021063775,0.096815765,-0.07574751,0.048220757,0.011501895,0.087704524,-0.0021334146,-0.03423079,-0.09162601,0.10930768,0.023879377,-0.089398675,-0.021381227,-0.089658916,0.05105126,-0.024335818,0.107010946,-0.1128854,-0.015913885,-0.03339439,0.0653419,-0.044656593,0.048360392,-0.08796241,-0.07417092,0.037808828
491,146.0,5.0,,450000.0,1.0,1.0,1.0,1.0,,1.0,,1.0,,,Ben Arous,Hammam Chatt,Appartement,vente,36.7136861,10.3691813,3082.1917808219177,29.2,0.0,,,,,,,,,,,,,,,,,,,,,,,,,,,,,,,,,,,,,,,,,,,,,,,,,,,,,,,,,,,,,,,,,,,,,,,,,,,
492,60.0,2.0,3.0,150000.0,,1.0,,,,,,,,,Tunis,Bab Bhar,Appartement,vente,36.7992041,10.1756221,2500.0,30.0,0.0,,,,,,,,,,,,,,,,,,,,,,,,,,,,,,,,,,,,,,,,,,,,,,,,,,,,,,,,,,,,,,,,,,,,,,,,,,,
493,90.0,2.0,4.0,110000.0,1.0,1.0,,,,,,,,,Ben Arous,Hammam Lif,Appartement,vente,36.7354517,10.328818,1222.2222222222222,45.0,4.0,,,,,,,,,,,,,,,,,,,,,,,,,,,,,,,,,,,,,,,,,,,,,,,,,,,,,,,,,,,,,,,,,,,,,,,,,,,
494,132.0,3.0,1.0,620000.0,1.0,1.0,1.0,1.0,,,1.0,1.0,,,Tunis,Ain Zaghouan,Appartement,vente,36.8572699,10.2918693,4696.969696969697,44.0,1.0,,,,,,,,,,,,,,,,,,,,,,,,,,,,,,,,,,,,,,,,,,,,,,,,,,,,,,,,,,,,,,,,,,,,,,,,,,,
495,100.0,3.0,1.0,530000.0,,,1.0,,,,,,,,Tunis,La Marsa,Appartement,vente,36.8826748,10.3304287,5300.0,33.333333333333336,0.0,,,,,,,,,,,,,,,,,,,,,,,,,,,,,,,,,,,,,,,,,,,,,,,,,,,,,,,,,,,,,,,,,,,,,,,,,,,
496,92.0,3.0,4.0,145000.0,,,,,,,,,,,Tunis,Ettahrir,Appartement,vente,36.8065,10.1815,1576.0869565217392,30.666666666666668,0.0,,,,,,,,,,,,,,,,,,,,,,,,,,,,,,,,,,,,,,,,,,,,,,,,,,,,,,,,,,,,,,,,,,,,,,,,,,,
497,120.0,4.0,,180000.0,,,,,,,,,,,Tunis,Bab Bhar,Appartement,vente,36.8170699,10.1784812,1500.0,30.0,0.0,,,,,,,,,,,,,,,,,,,,,,,,,,,,,,,,,,,,,,,,,,,,-0.016380137,-0.1275653,0.023341972,0.16569255,0.21682446,0.1409985,0.09985213,-0.0012113526,0.07219897,0.042946566,-0.072432265,-0.048527755,-0.07336627,-0.09358815,-0.014139443,0.072890505,-0.011319184,-0.07545875,-0.03753524,-0.016245315,-0.011843409,-0.063598946,-0.033391625,0.017482655,-0.076067396,0.011938831,0.050106816,0.04341938,-0.011572427,-0.04460532,-0.069896355,-0.012820497
498,,4.0,,270000.0,,,,,,,,,,,Sousse,Akouda,Appartement,vente,35.8245,10.6346,,,0.0,,,,,,,,,,,,,,,,,,,,,,,,,,,,,,,,,,,,,,,,,,,,,,,,,,,,,,,,,,,,,,,,,,,,,,,,,,,
499,93.0,3.0,,265000.0,,1.0,1.0,1.0,,,,,,,Tunis,Bab Bhar,Appartement,vente,36.80335,10.2003509,2849.462365591398,31.0,0.0,,,,,,,,,,,,,,,,,,,,,,,,,,,,,,,,,,,,,,,,,,,,,,,,,,,,,,,,,,,,,,,,,,,,,,,,,,,
500,70.0,2.0,0.0,388000.0,,,1.0,1.0,,,1.0,,,1.0,Tunis,Ain Zaghouan,Appartement,vente,36.8572699,10.2918693,5542.857142857143,35.0,0.0,,,,,,,,,,,,,,,,,,,,,,,,,,,,,,,,,,,,,,,,,,,,,,,,,,,,,,,,,,,,,,,,,,,,,,,,,,,
501,125.0,3.0,0.0,569000.0,,,1.0,1.0,,,1.0,1.0,,1.0,Ariana,La Soukra,Appartement,vente,36.8811985,10.211819,4552.0,41.666666666666664,0.0,,,,,,,,,,,,,,,,,,,,,,,,,,,,,,,,,,,,,,,,,,,,,,,,,,,,,,,,,,,,,,,,,,,,,,,,,,,
502,150.0,2.0,0.0,360000.0,,1.0,,,,,,,,1.0,Tunis,La Marsa,Appartement,vente,36.8865322,10.3011415,2400.0,75.0,0.0,,,,,,,,,,,,,,,,,,,,,,,,,,,,,,,,,,,,,,,,,,,,,,,,,,,,,,,,,,,,,,,,,,,,,,,,,,,
503,100.0,4.0,4.0,240000.0,,,,,,,,,,,Nabeul,Kelibia,Appartement,vente,36.8456561,11.0935701,2400.0,25.0,0.0,,,,,,,,,,,,,,,,,,,,,,,,,,,,,,,,,,,,,,,,,,,,,,,,,,,,,,,,,,,,,,,,,,,,,,,,,,,
504,100.0,3.0,,280000.0,,,,,,,,,,,Sousse,Hammam Sousse,Appartement,vente,35.8749788,10.5935183,2800.0,33.333333333333336,0.0,,,,,,,,,,,,,,,,,,,,,,,,,,,,,,,,,,,,,,,,,,,,,,,,,,,,,,,,,,,,,,,,,,,,,,,,,,,
505,150.0,4.0,6.0,450000.0,,1.0,1.0,1.0,,,,,,,Tunis,Ain Zaghouan,Appartement,vente,36.8507178,10.2829345,3000.0,37.5,0.0,,,,,,,,,,,,,,,,,,,,,,,,,,,,,,,,,,,,,,,,,,,,,,,,,,,,,,,,,,,,,,,,,,,,,,,,,,,
506,115.0,3.0,,535000.0,,,,,,,,1.0,,,Tunis,Ain Zaghouan,Appartement,vente,36.8507178,10.2829345,4652.173913043478,38.333333333333336,0.0,,,,,,,,,,,,,,,,,,,,,,,,,,,,,,,,,,,,,,,,,,,,-0.059634686,0.06983598,-0.02979996,-0.017425647,-0.01929082,-0.01720108,0.03305181,0.07177778,-0.1126243,0.044169288,-0.034137897,0.012993611,0.03263284,0.048071105,0.0748578,-0.027843717,-0.018213835,0.052917596,0.06969488,-0.08919295,0.056462117,-0.025698358,-0.061034106,0.017363159,0.06845716,-0.057866275,-0.051414765,-0.061194435,0.041773144,-0.037642166,-0.046976976,-0.058765423
507,143.0,3.0,7.0,370000.0,,,1.0,1.0,,,,1.0,,1.0,Ariana,La Soukra,Appartement,vente,36.8749751,10.2454267,2587.4125874125875,47.666666666666664,0.0,,,,,,,,,,,,,,,,,,,,,,,,,,,,,,,,,,,,,,,,,,,,,,,,,,,,,,,,,,,,,,,,,,,,,,,,,,,
508,130.0,4.0,0.0,686000.0,,,1.0,1.0,,,1.0,1.0,,1.0,Ariana,La Soukra,Appartement,vente,36.8811985,10.211819,5276.923076923077,32.5,0.0,,,,,,,,,,,,,,,,,,,,,,,,,,,,,,,,,,,,,,,,,,,,,,,,,,,,,,,,,,,,,,,,,,,,,,,,,,,
509,187.0,3.0,,450000.0,,,,,,,,,1.0,1.0,Nabeul,Hammam El Ghezaz,Appartement,vente,36.873986,11.1082328,2406.4171122994653,62.333333333333336,0.0,,,,,,,,,,,,,,,,,,,,,,,,,,,,,,,,,,,,,,,,,,,,,,,,,,,,,,,,,,,,,,,,,,,,,,,,,,,
510,75.0,3.0,1.0,190000.0,,,,,,,,,,,Tunis,El Menzah,Appartement,vente,36.8423974,10.1571247,2533.3333333333335,25.0,0.0,,,,,,,,,,,,,,,,,,,,,,,,,,,,,,,,,,,,,,,,,,,,,,,,,,,,,,,,,,,,,,,,,,,,,,,,,,,
511,70.0,2.0,0.0,135000.0,,,,,,,,,,1.0,Nabeul,Hammamet,Appartement,vente,36.4012665,10.5572827,1928.5714285714287,35.0,0.0,,,,,,,,,,,,,,,,,,,,,,,,,,,,,,,,,,,,,,,,,,,,,,,,,,,,,,,,,,,,,,,,,,,,,,,,,,,
512,90.0,4.0,0.0,270000.0,,,,,,,,,,,Tunis,El Menzah,Appartement,vente,36.8423974,10.1571247,3000.0,22.5,0.0,,,,,,,,,,,,,,,,,,,,,,,,,,,,,,,,,,,,,,,,,,,,,,,,,,,,,,,,,,,,,,,,,,,,,,,,,,,
513,175.0,2.0,0.0,360000.0,,1.0,,,,,1.0,,,,Tunis,La Marsa,Appartement,vente,36.8865322,10.3011415,2057.1428571428573,87.5,0.0,,,,,,,,,,,,,,,,,,,,,,,,,,,,,,,,,,,,,,,,,,,,,,,,,,,,,,,,,,,,,,,,,,,,,,,,,,,
514,105.0,5.0,2.0,215000.0,,1.0,1.0,,,,,,,,Tunis,Le Bardo,Appartement,vente,36.8134113,10.1321911,2047.6190476190477,21.0,0.0,,,,,,,,,,,,,,,,,,,,,,,,,,,,,,,,,,,,,,,,,,,,,,,,,,,,,,,,,,,,,,,,,,,,,,,,,,,
515,95.0,2.0,0.0,210000.0,,,,,,,,,,,Tunis,El Kram,Appartement,vente,36.8065,10.1815,2210.5263157894738,47.5,0.0,,,,,,,,,,,,,,,,,,,,,,,,,,,,,,,,,,,,,,,,,,,,,,,,,,,,,,,,,,,,,,,,,,,,,,,,,,,
516,67.0,2.0,,267000.0,,,1.0,,,,1.0,,,,Tunis,Cite El Khadra,Appartement,vente,36.8267841,10.1939122,3985.0746268656717,33.5,0.0,,,,,,,,,,,,,,,,,,,,,,,,,,,,,,,,,,,,,,,,,,,,,,,,,,,,,,,,,,,,,,,,,,,,,,,,,,,
517,150.0,4.0,,370000.0,,1.0,,,,,,,,,Ariana,Ariana Ville,Appartement,vente,36.8599292,10.1531585,2466.6666666666665,37.5,0.0,,,,,,,,,,,,,,,,,,,,,,,,,,,,,,,,,,,,,,,,,,,,,,,,,,,,,,,,,,,,,,,,,,,,,,,,,,,
518,122.0,2.0,3.0,315000.0,1.0,1.0,1.0,1.0,,,,1.0,,,Ariana,Ariana Ville,Appartement,vente,36.8599292,10.1531585,2581.967213114754,61.0,3.0,,,,,,,,,,,,,,,,,,,,,,,,,,,,,,,,,,,,,,,,,,,,,,,,,,,,,,,,,,,,,,,,,,,,,,,,,,,
519,140.0,4.0,3.0,305000.0,,,,,,,,1.0,,,Ben Arous,Nouvelle Medina,Appartement,vente,36.7575659,10.244981,2178.5714285714284,35.0,0.0,,,,,,,,,,,,,,,,,,,,,,,,,,,,,,,,,,,,,,,,,,,,,,,,,,,,,,,,,,,,,,,,,,,,,,,,,,,
520,132.0,3.0,,473000.0,1.0,1.0,1.0,1.0,,,,1.0,,,Tunis,Ain Zaghouan,Appartement,vente,36.8507178,10.2829345,3583.3333333333335,44.0,0.0,,,,,,,,,,,,,,,,,,,,,,,,,,,,,,,,,,,,,,,,,,,,,,,,,,,,,,,,,,,,,,,,,,,,,,,,,,,
521,140.0,3.0,,385000.0,1.0,1.0,1.0,,,,,1.0,,,Tunis,La Marsa,Appartement,vente,36.8479251,10.2611996,2750.0,46.666666666666664,0.0,,,,,,,,,,,,,,,,,,,,,,,,,,,,,,,,,,,,,,,,,,,,,,,,,,,,,,,,,,,,,,,,,,,,,,,,,,,
522,98.0,2.0,,475000.0,1.0,,,,,,,,,,Tunis,La Marsa,Appartement,vente,36.8065,10.1815,4846.938775510204,49.0,0.0,,,,,,,,,,,,,,,,,,,,,,,,,,,,,,,,,,,,,,,,,,,,,,,,,,,,,,,,,,,,,,,,,,,,,,,,,,,
523,80.0,2.0,,100000.0,,,,,,,,,,,Tunis,Sidi El Bechir,Appartement,vente,36.7868441,10.1790089,1250.0,40.0,0.0,,,,,,,,,,,,,,,,,,,,,,,,,,,,,,,,,,,,,,,,,,,,,,,,,,,,,,,,,,,,,,,,,,,,,,,,,,,
524,52.0,2.0,,285000.0,,,,,,1.0,,1.0,1.0,1.0,Sousse,Akouda,Appartement,vente,35.9167608,10.5729473,5480.7692307692305,26.0,0.0,,,,,,,,,,,,,,,,,,,,,,,,,,,,,,,,,,,,,,,,,,,,,,,,,,,,,,,,,,,,,,,,,,,,,,,,,,,
525,80.0,3.0,2.0,95000.0,,,,,,,,,,,Tunis,Bab Souika,Appartement,vente,36.81039,10.1713323,1187.5,26.666666666666668,0.0,,,,,,,,,,,,,,,,,,,,,,,,,,,,,,,,,,,,,,,,,,,,,,,,,,,,,,,,,,,,,,,,,,,,,,,,,,,
526,103.0,3.0,0.0,440000.0,1.0,,,,,,1.0,,,,Tunis,El Kram,Appartement,vente,36.8065,10.1815,4271.844660194175,34.333333333333336,0.0,,,,,,,,,,,,,,,,,,,,,,,,,,,,,,,,,,,,,,,,,,,,,,,,,,,,,,,,,,,,,,,,,,,,,,,,,,,
527,90.0,3.0,3.0,115000.0,,1.0,,,,,,,,,Ben Arous,El Mourouj,Appartement,vente,36.719825,10.2192362,1277.7777777777778,30.0,0.0,,,,,,,,,,,,,,,,,,,,,,,,,,,,,,,,,,,,,,,,,,,,,,,,,,,,,,,,,,,,,,,,,,,,,,,,,,,
528,122.0,3.0,,335000.0,,,1.0,,,,,1.0,,,Tunis,Ain Zaghouan,Appartement,vente,36.8507178,10.2829345,2745.901639344262,40.666666666666664,0.0,,,,,,,,,,,,,,,,,,,,,,,,,,,,,,,,,,,,,,,,,,,,,,,,,,,,,,,,,,,,,,,,,,,,,,,,,,,
529,100.0,2.0,0.0,220000.0,,,,,,,,,,1.0,Nabeul,Hammam El Ghezaz,Appartement,vente,36.9003542,11.0982607,2200.0,50.0,0.0,,,,,,,,,,,,,,,,,,,,,,,,,,,,,,,,,,,,,,,,,,,,,,,,,,,,,,,,,,,,,,,,,,,,,,,,,,,
530,100.0,2.0,,220000.0,,1.0,,,,,,,,1.0,Nabeul,Hammam El Ghezaz,Appartement,vente,36.9003542,11.0982607,2200.0,50.0,0.0,,,,,,,,,,,,,,,,,,,,,,,,,,,,,,,,,,,,,,,,,,,,,,,,,,,,,,,,,,,,,,,,,,,,,,,,,,,
531,75.0,3.0,2.0,107000.0,1.0,1.0,,,,,,1.0,,,Ben Arous,El Mourouj,Appartement,vente,36.719825,10.2192362,1426.6666666666667,25.0,2.0,,,,,,,,,,,,,,,,,,,,,,,,,,,,,,,,,,,,,,,,,,,,,,,,,,,,,,,,,,,,,,,,,,,,,,,,,,,
532,100.0,4.0,2.0,170000.0,,1.0,,,,,,1.0,,,Ben Arous,El Mourouj,Appartement,vente,36.719825,10.2192362,1700.0,25.0,0.0,,,,,,,,,,,,,,,,,,,,,,,,,,,,,,,,,,,,,,,,,,,,,,,,,,,,,,,,,,,,,,,,,,,,,,,,,,,
533,140.0,5.0,0.0,450000.0,,,1.0,,1.0,,,,,,Manouba,Mannouba,Appartement,vente,36.8095,10.098,3214.285714285714,28.0,0.0,,,,,,,,,,,,,,,,,,,,,,,,,,,,,,,,,,,,,,,,,,,,,,,,,,,,,,,,,,,,,,,,,,,,,,,,,,,
534,126.0,4.0,,370000.0,1.0,,1.0,,,,,1.0,,,Manouba,Mannouba,Appartement,vente,36.8095,10.098,2936.5079365079364,31.5,0.0,,,,,,,,,,,,,,,,,,,,,,,,,,,,,,,,,,,,,,,,,,,,,,,,,,,,,,,,,,,,,,,,,,,,,,,,,,,
535,60.0,2.0,,220000.0,,,1.0,1.0,,,,,,,Ariana,Ariana Ville,Appartement,vente,36.8599292,10.1531585,3666.6666666666665,30.0,0.0,,,,,,,,,,,,,,,,,,,,,,,,,,,,,,,,,,,,,,,,,,,,,,,,,,,,,,,,,,,,,,,,,,,,,,,,,,,
536,63.0,3.0,,140000.0,,1.0,,,,,,,,,Tunis,Carthage,Appartement,vente,36.8065,10.1815,2222.222222222222,21.0,0.0,,,,,,,,,,,,,,,,,,,,,,,,,,,,,,,,,,,,,,,,,,,,,,,,,,,,,,,,,,,,,,,,,,,,,,,,,,,
537,60.0,2.0,,155000.0,,,,,,,,,,,Ariana,La Soukra,Appartement,vente,36.8811985,10.211819,2583.3333333333335,30.0,0.0,,,,,,,,,,,,,,,,,,,,,,,,,,,,,,,,,,,,,,,,,,,,,,,,,,,,,,,,,,,,,,,,,,,,,,,,,,,
538,100.0,3.0,1.0,280000.0,1.0,,1.0,,,,,1.0,,,Manouba,Mannouba,Appartement,vente,36.8095,10.098,2800.0,33.333333333333336,1.0,,,,,,,,,,,,,,,,,,,,,,,,,,,,,,,,,,,,,,,,,,,,,,,,,,,,,,,,,,,,,,,,,,,,,,,,,,,
539,230.0,3.0,,280000.0,,,,,,,,,,1.0,Sousse,Hammam Sousse,Appartement,vente,35.8245,10.6346,1217.391304347826,76.66666666666667,0.0,,,,,,,,,,,,,,,,,,,,,,,,,,,,,,,,,,,,,,,,,,,,,,,,,,,,,,,,,,,,,,,,,,,,,,,,,,,
540,138.0,4.0,1.0,553000.0,,,1.0,1.0,,,,1.0,,1.0,Ariana,La Soukra,Appartement,vente,36.8811985,10.211819,4007.246376811594,34.5,0.0,,,,,,,,,,,,,,,,,,,,,,,,,,,,,,,,,,,,,,,,,,,,,,,,,,,,,,,,,,,,,,,,,,,,,,,,,,,
541,168.0,4.0,2.0,638000.0,,,1.0,1.0,,,1.0,1.0,,1.0,Ariana,La Soukra,Appartement,vente,36.8749751,10.2454267,3797.6190476190477,42.0,0.0,,,,,,,,,,,,,,,,,,,,,,,,,,,,,,,,,,,,,,,,,,,,,,,,,,,,,,,,,,,,,,,,,,,,,,,,,,,
542,95.0,,,190000.0,,,,,,,,,,,Nabeul,Kelibia,Appartement,vente,36.8456561,11.0935701,2000.0,,0.0,,,,,,,,,,,,,,,,,,,,,,,,,,,,,,,,,,,,,,,,,,,,,,,,,,,,,,,,,,,,,,,,,,,,,,,,,,,
543,140.0,5.0,0.0,400000.0,,,,,,,,,,,Tunis,El Kram,Appartement,vente,36.8065,10.1815,2857.1428571428573,28.0,0.0,,,,,,,,,,,,,,,,,,,,,,,,,,,,,,,,,,,,,,,,,,,,,,,,,,,,,,,,,,,,,,,,,,,,,,,,,,,
544,50.0,1.0,1.0,118000.0,,,,,,,,1.0,,,Manouba,Mannouba,Appartement,vente,36.8095,10.098,2360.0,50.0,0.0,,,,,,,,,,,,,,,,,,,,,,,,,,,,,,,,,,,,,,,,,,,,-0.13286793,-0.009224434,0.20082404,-0.025143713,-0.015341608,0.010815299,0.0045902384,0.018123573,0.06761519,0.14446925,0.04202326,0.012481906,-0.07511743,-0.00393659,-0.049933422,-0.0060003535,0.060957987,-0.0025394477,0.031523176,0.01591283,-0.030177403,0.010610906,-0.069400065,-0.042085152,0.06022824,-0.08313251,-0.036944117,-0.07443039,-0.010658728,0.03715768,0.04067478,-0.032851607
545,75.0,4.0,0.0,200000.0,,1.0,1.0,,,1.0,,1.0,,,Tunis,El Omrane Superieur,Appartement,vente,36.84177,10.1301259,2666.6666666666665,18.75,0.0,,,,,,,,,,,,,,,,,,,,,,,,,,,,,,,,,,,,,,,,,,,,,,,,,,,,,,,,,,,,,,,,,,,,,,,,,,,
546,60.0,3.0,,140000.0,,1.0,,,,,,,,,Ben Arous,El Mourouj,Appartement,vente,36.719825,10.2192362,2333.3333333333335,20.0,0.0,,,,,,,,,,,,,,,,,,,,,,,,,,,,,,,,,,,,,,,,,,,,,,,,,,,,,,,,,,,,,,,,,,,,,,,,,,,
547,177.0,3.0,,675000.0,1.0,1.0,1.0,1.0,,,,1.0,1.0,1.0,Tunis,Ain Zaghouan,Appartement,vente,36.8507178,10.2829345,3813.5593220338983,59.0,0.0,,,,,,,,,,,,,,,,,,,,,,,,,,,,,,,,,,,,,,,,,,,,,,,,,,,,,,,,,,,,,,,,,,,,,,,,,,,
548,93.0,2.0,,380000.0,,,,,,,,1.0,,,Tunis,Ain Zaghouan,Appartement,vente,36.8507178,10.2829345,4086.021505376344,46.5,0.0,,,,,,,,,,,,,,,,,,,,,,,,,,,,,,,,,,,,,,,,,,,,,,,,,,,,,,,,,,,,,,,,,,,,,,,,,,,
549,58.0,1.0,,180000.0,1.0,1.0,1.0,,,,,1.0,,,Ariana,Ariana Ville,Appartement,vente,36.8625,10.1956,3103.448275862069,58.0,0.0,,,,,,,,,,,,,,,,,,,,,,,,,,,,,,,,,,,,,,,,,,,,,,,,,,,,,,,,,,,,,,,,,,,,,,,,,,,
550,45.0,1.0,,200000.0,,,,,,,,,1.0,,Tunis,Ain Zaghouan,Appartement,vente,36.8507178,10.2829345,4444.444444444444,45.0,0.0,,,,,,,,,,,,,,,,,,,,,,,,,,,,,,,,,,,,,,,,,,,,,,,,,,,,,,,,,,,,,,,,,,,,,,,,,,,
551,200.0,3.0,,400000.0,,,,,,,,,,1.0,Sousse,Hammam Sousse,Appartement,vente,35.8913101,10.5852113,2000.0,66.66666666666667,0.0,,,,,,,,,,,,,,,,,,,,,,,,,,,,,,,,,,,,,,,,,,,,,,,,,,,,,,,,,,,,,,,,,,,,,,,,,,,
552,100.0,2.0,,325000.0,,,,,,,1.0,1.0,,1.0,Sousse,Sousse Jaouhara,Appartement,vente,35.8359686,10.5995321,3250.0,50.0,0.0,,,,,,,,,,,,,,,,,,,,,,,,,,,,,,,,,,,,,,,,,,,,,,,,,,,,,,,,,,,,,,,,,,,,,,,,,,,
553,155.0,3.0,,395000.0,,1.0,1.0,1.0,,,,1.0,,,Ariana,Ariana Ville,Appartement,vente,36.8599292,10.1531585,2548.3870967741937,51.666666666666664,0.0,,,,,,,,,,,,,,,,,,,,,,,,,,,,,,,,,,,,,,,,,,,,,,,,,,,,,,,,,,,,,,,,,,,,,,,,,,,
554,118.0,3.0,,297000.0,,,1.0,,,,,1.0,,,Tunis,La Marsa,Appartement,vente,36.8479251,10.2611996,2516.9491525423728,39.333333333333336,0.0,,,,,,,,,,,,,,,,,,,,,,,,,,,,,,,,,,,,,,,,,,,,,,,,,,,,,,,,,,,,,,,,,,,,,,,,,,,
555,100.0,4.0,1.0,265000.0,,1.0,1.0,1.0,,,,,,,Ariana,Ariana Ville,Appartement,vente,36.8587351,10.188232,2650.0,25.0,0.0,,,,,,,,,,,,,,,,,,,,,,,,,,,,,,,,,,,,,,,,,,,,-0.16347907,-0.018635424,0.11714451,0.017174251,0.16255563,0.024517717,-0.14834587,0.048430864,0.008174138,-0.004146356,0.013766355,-0.013640022,-0.06071418,-0.027653206,-0.035193197,0.028355634,-0.075470425,-0.07059693,0.027676167,-0.045487147,-0.033323932,0.051021818,0.014314696,-0.013239734,-0.014011382,-0.08457938,-0.014976181,0.07621367,0.09511152,-0.026943453,0.033548772,0.069194846
556,100.0,2.0,,120000.0,,1.0,,,,,,,,,Gabès,Gabes Sud,Appartement,vente,33.77955,10.0525203,1200.0,50.0,0.0,,,,,,,,,,,,,,,,,,,,,,,,,,,,,,,,,,,,,,,,,,,,,,,,,,,,,,,,,,,,,,,,,,,,,,,,,,,
557,100.0,2.0,,120000.0,,1.0,,,,,,,,,Gabès,Gabes Sud,Appartement,vente,33.77955,10.0525203,1200.0,50.0,0.0,,,,,,,,,,,,,,,,,,,,,,,,,,,,,,,,,,,,,,,,,,,,,,,,,,,,,,,,,,,,,,,,,,,,,,,,,,,
558,88.0,3.0,1.0,220000.0,,1.0,1.0,,,,,,,,Ariana,Raoued,Appartement,vente,36.8625,10.1956,2500.0,29.333333333333332,0.0,,,,,,,,,,,,,,,,,,,,,,,,,,,,,,,,,,,,,,,,,,,,,,,,,,,,,,,,,,,,,,,,,,,,,,,,,,,
559,95.0,2.0,1.0,180000.0,,,,,,,,,,,Nabeul,Hammam El Ghezaz,Appartement,vente,36.9003542,11.0982607,1894.7368421052631,47.5,0.0,,,,,,,,,,,,,,,,,,,,,,,,,,,,,,,,,,,,,,,,,,,,,,,,,,,,,,,,,,,,,,,,,,,,,,,,,,,
560,106.0,1.0,1.0,320000.0,1.0,,,,,,,,,,Tunis,La Marsa,Appartement,vente,36.8826682,10.3080504,3018.867924528302,106.0,1.0,,,,,,,,,,,,,,,,,,,,,,,,,,,,,,,,,,,,,,,,,,,,,,,,,,,,,,,,,,,,,,,,,,,,,,,,,,,
561,76.0,3.0,,170000.0,,,,,,,,,,,Sousse,Hammam Sousse,Appartement,vente,35.8245,10.6346,2236.842105263158,25.333333333333332,0.0,,,,,,,,,,,,,,,,,,,,,,,,,,,,,,,,,,,,,,,,,,,,-0.026717786,-0.05147304,0.1335117,-0.01949877,-0.10457549,0.018192789,0.061817743,0.13744195,0.07485001,-0.22387439,-0.03854995,0.046792414,-0.03673236,-0.14097264,0.09979593,0.009788666,0.026558366,0.06412312,0.049583707,-0.059301946,-0.012457499,0.0121885715,-0.053667933,0.017029114,-0.06918766,-0.042486828,-0.025854044,0.03142157,-0.045055248,0.0014497343,0.017952187,0.008500551
562,128.0,3.0,,465000.0,1.0,,,,,1.0,,,,1.0,Sousse,Sousse Ville,Appartement,vente,35.8245,10.6346,3632.8125,42.666666666666664,0.0,,,,,,,,,,,,,,,,,,,,,,,,,,,,,,,,,,,,,,,,,,,,,,,,,,,,,,,,,,,,,,,,,,,,,,,,,,,
563,127.0,3.0,,356000.0,,,,,,,,,,,Sousse,Sousse Jaouhara,Appartement,vente,35.8359686,10.5995321,2803.149606299213,42.333333333333336,0.0,,,,,,,,,,,,,,,,,,,,,,,,,,,,,,,,,,,,,,,,,,,,,,,,,,,,,,,,,,,,,,,,,,,,,,,,,,,
564,55.0,1.0,,200000.0,1.0,,1.0,1.0,,,,,,,Tunis,La Marsa,Appartement,vente,36.8479251,10.2611996,3636.3636363636365,55.0,0.0,,,,,,,,,,,,,,,,,,,,,,,,,,,,,,,,,,,,,,,,,,,,,,,,,,,,,,,,,,,,,,,,,,,,,,,,,,,
565,120.0,5.0,,320000.0,,1.0,,,,,1.0,1.0,,,Ben Arous,Hammam Chatt,Appartement,vente,36.7136861,10.3691813,2666.6666666666665,24.0,0.0,,,,,,,,,,,,,,,,,,,,,,,,,,,,,,,,,,,,,,,,,,,,,,,,,,,,,,,,,,,,,,,,,,,,,,,,,,,
566,98.0,3.0,,115000.0,,,1.0,,,,,,,,Manouba,Mannouba,Appartement,vente,36.8095,10.098,1173.469387755102,32.666666666666664,0.0,,,,,,,,,,,,,,,,,,,,,,,,,,,,,,,,,,,,,,,,,,,,,,,,,,,,,,,,,,,,,,,,,,,,,,,,,,,
567,85.0,4.0,5.0,225000.0,1.0,1.0,1.0,,,,,1.0,,,Ben Arous,El Mourouj,Appartement,vente,36.719825,10.2192362,2647.0588235294117,21.25,5.0,,,,,,,,,,,,,,,,,,,,,,,,,,,,,,,,,,,,,,,,,,,,,,,,,,,,,,,,,,,,,,,,,,,,,,,,,,,
568,49.0,2.0,0.0,210000.0,,,,1.0,,,,1.0,,,Ariana,Ariana Ville,Appartement,vente,36.8585478,10.1682756,4285.714285714285,24.5,0.0,,,,,,,,,,,,,,,,,,,,,,,,,,,,,,,,,,,,,,,,,,,,,,,,,,,,,,,,,,,,,,,,,,,,,,,,,,,
569,80.0,3.0,3.0,145000.0,,,,1.0,,,,1.0,,,Ben Arous,Rades,Appartement,vente,36.753,10.228,1812.5,26.666666666666668,0.0,,,,,,,,,,,,,,,,,,,,,,,,,,,,,,,,,,,,,,,,,,,,,,,,,,,,,,,,,,,,,,,,,,,,,,,,,,,
570,150.0,4.0,,395000.0,1.0,,1.0,1.0,,1.0,,1.0,,,Ariana,La Soukra,Appartement,vente,36.8749751,10.2454267,2633.3333333333335,37.5,0.0,,,,,,,,,,,,,,,,,,,,,,,,,,,,,,,,,,,,,,,,,,,,,,,,,,,,,,,,,,,,,,,,,,,,,,,,,,,
571,125.0,3.0,0.0,158000.0,,,,1.0,,,,,,1.0,Nabeul,Kelibia,Appartement,vente,36.8456561,11.0935701,1264.0,41.666666666666664,0.0,,,,,,,,,,,,,,,,,,,,,,,,,,,,,,,,,,,,,,,,,,,,,,,,,,,,,,,,,,,,,,,,,,,,,,,,,,,
572,120.0,3.0,,275000.0,,,,,,,,,,,Tunis,El Omrane Superieur,Appartement,vente,36.84177,10.1301259,2291.6666666666665,40.0,0.0,,,,,,,,,,,,,,,,,,,,,,,,,,,,,,,,,,,,,,,,,,,,,,,,,,,,,,,,,,,,,,,,,,,,,,,,,,,
573,70.0,2.0,,110000.0,,,,,,,,,,,Tunis,Le Bardo,Appartement,vente,36.81232,10.1263143,1571.4285714285713,35.0,0.0,,,,,,,,,,,,,,,,,,,,,,,,,,,,,,,,,,,,,,,,,,,,,,,,,,,,,,,,,,,,,,,,,,,,,,,,,,,
574,120.0,4.0,4.0,200000.0,,1.0,,,,,,,,,Manouba,Mannouba,Appartement,vente,36.8095,10.098,1666.6666666666667,30.0,0.0,,,,,,,,,,,,,,,,,,,,,,,,,,,,,,,,,,,,,,,,,,,,,,,,,,,,,,,,,,,,,,,,,,,,,,,,,,,
575,133.0,4.0,,195000.0,1.0,1.0,1.0,1.0,,,,1.0,,,Ariana,Ariana Ville,Appartement,vente,36.8587351,10.188232,1466.1654135338347,33.25,0.0,,,,,,,,,,,,,,,,,,,,,,,,,,,,,,,,,,,,,,,,,,,,,,,,,,,,,,,,,,,,,,,,,,,,,,,,,,,
576,95.0,2.0,3.0,175000.0,1.0,,,,,,,,,,Nabeul,Hammam El Ghezaz,Appartement,vente,36.9003542,11.0982607,1842.1052631578948,47.5,3.0,,,,,,,,,,,,,,,,,,,,,,,,,,,,,,,,,,,,,,,,,,,,,,,,,,,,,,,,,,,,,,,,,,,,,,,,,,,
577,119.0,3.0,0.0,559000.0,,,1.0,1.0,,,1.0,1.0,,,Ariana,La Soukra,Appartement,vente,36.8852466,10.2438059,4697.4789915966385,39.666666666666664,0.0,,,,,,,,,,,,,,,,,,,,,,,,,,,,,,,,,,,,,,,,,,,,,,,,,,,,,,,,,,,,,,,,,,,,,,,,,,,
578,153.0,4.0,0.0,390000.0,,1.0,1.0,,,,,1.0,,,Tunis,La Marsa,Appartement,vente,36.8479251,10.2611996,2549.0196078431372,38.25,0.0,,,,,,,,,,,,,,,,,,,,,,,,,,,,,,,,,,,,,,,,,,,,,,,,,,,,,,,,,,,,,,,,,,,,,,,,,,,
579,170.0,4.0,,650000.0,,1.0,1.0,1.0,,,1.0,1.0,,,Tunis,Ain Zaghouan,Appartement,vente,36.8572699,10.2918693,3823.529411764706,42.5,0.0,,,,,,,,,,,,,,,,,,,,,,,,,,,,,,,,,,,,,,,,,,,,,,,,,,,,,,,,,,,,,,,,,,,,,,,,,,,
580,135.0,1.0,4.0,390000.0,,,1.0,1.0,,,,1.0,,1.0,Tunis,La Marsa,Appartement,vente,36.8479251,10.2611996,2888.8888888888887,135.0,0.0,,,,,,,,,,,,,,,,,,,,,,,,,,,,,,,,,,,,,,,,,,,,,,,,,,,,,,,,,,,,,,,,,,,,,,,,,,,
581,135.0,3.0,4.0,365000.0,,,1.0,1.0,,,,1.0,,1.0,Tunis,Ain Zaghouan,Appartement,vente,36.8507178,10.2829345,2703.703703703704,45.0,0.0,,,,,,,,,,,,,,,,,,,,,,,,,,,,,,,,,,,,,,,,,,,,,,,,,,,,,,,,,,,,,,,,,,,,,,,,,,,
582,82.0,3.0,0.0,200000.0,,,,,,,,,,,Sousse,Akouda,Appartement,vente,35.8657303,10.5678382,2439.0243902439024,27.333333333333332,0.0,,,,,,,,,,,,,,,,,,,,,,,,,,,,,,,,,,,,,,,,,,,,,,,,,,,,,,,,,,,,,,,,,,,,,,,,,,,
583,94.0,1.0,,200000.0,,1.0,,,,,,1.0,,,Ben Arous,Nouvelle Medina,Appartement,vente,36.7575659,10.244981,2127.659574468085,94.0,0.0,,,,,,,,,,,,,,,,,,,,,,,,,,,,,,,,,,,,,,,,,,,,,,,,,,,,,,,,,,,,,,,,,,,,,,,,,,,
584,138.0,3.0,1.0,240000.0,,1.0,1.0,1.0,,,,,,1.0,Tunis,Le Bardo,Appartement,vente,36.8055509,10.1457592,1739.1304347826087,46.0,0.0,,,,,,,,,,,,,,,,,,,,,,,,,,,,,,,,,,,,,,,,,,,,,,,,,,,,,,,,,,,,,,,,,,,,,,,,,,,
585,90.0,3.0,,210000.0,,,,,,,1.0,,,,Sousse,Kalaa Essghira,Appartement,vente,35.8245,10.6346,2333.3333333333335,30.0,0.0,,,,,,,,,,,,,,,,,,,,,,,,,,,,,,,,,,,,,,,,,,,,,,,,,,,,,,,,,,,,,,,,,,,,,,,,,,,
586,120.0,4.0,0.0,330000.0,,1.0,1.0,,,,,1.0,,,Tunis,El Menzah,Appartement,vente,36.8336187,10.1471736,2750.0,30.0,0.0,,,,,,,,,,,,,,,,,,,,,,,,,,,,,,,,,,,,,,,,,,,,,,,,,,,,,,,,,,,,,,,,,,,,,,,,,,,
587,200.0,3.0,,97000.0,,,,,,,,,,,Nabeul,Kelibia,Appartement,vente,36.4561,10.7376,485.0,66.66666666666667,0.0,,,,,,,,,,,,,,,,,,,,,,,,,,,,,,,,,,,,,,,,,,,,,,,,,,,,,,,,,,,,,,,,,,,,,,,,,,,
588,45.0,2.0,3.0,195000.0,,,,,,,,,,,Sousse,Hammam Sousse,Appartement,vente,35.8913101,10.5852113,4333.333333333333,22.5,0.0,,,,,,,,,,,,,,,,,,,,,,,,,,,,,,,,,,,,,,,,,,,,,,,,,,,,,,,,,,,,,,,,,,,,,,,,,,,
589,67.0,3.0,3.0,260000.0,,,1.0,1.0,,,,,,1.0,Sousse,Akouda,Appartement,vente,35.8245,10.6346,3880.597014925373,22.333333333333332,0.0,,,,,,,,,,,,,,,,,,,,,,,,,,,,,,,,,,,,,,,,,,,,,,,,,,,,,,,,,,,,,,,,,,,,,,,,,,,
590,120.0,3.0,,385000.0,1.0,1.0,1.0,1.0,,1.0,,1.0,,,Mahdia,Mahdia,Appartement,vente,35.503642,11.0682429,3208.3333333333335,40.0,0.0,,,,,,,,,,,,,,,,,,,,,,,,,,,,,,,,,,,,,,,,,,,,,,,,,,,,,,,,,,,,,,,,,,,,,,,,,,,
591,100.0,3.0,,410000.0,1.0,1.0,1.0,1.0,,,,1.0,,1.0,Mahdia,Mahdia,Appartement,vente,35.503642,11.0682429,4100.0,33.333333333333336,0.0,,,,,,,,,,,,,,,,,,,,,,,,,,,,,,,,,,,,,,,,,,,,,,,,,,,,,,,,,,,,,,,,,,,,,,,,,,,
592,65.0,1.0,,135000.0,1.0,,,,,,,1.0,,,Ben Arous,Nouvelle Medina,Appartement,vente,36.7575659,10.244981,2076.923076923077,65.0,0.0,,,,,,,,,,,,,,,,,,,,,,,,,,,,,,,,,,,,,,,,,,,,,,,,,,,,,,,,,,,,,,,,,,,,,,,,,,,
593,112.0,3.0,,412000.0,1.0,,1.0,,,,,,,1.0,Tunis,Cite El Khadra,Appartement,vente,36.8267841,10.1939122,3678.5714285714284,37.333333333333336,0.0,,,,,,,,,,,,,,,,,,,,,,,,,,,,,,,,,,,,,,,,,,,,,,,,,,,,,,,,,,,,,,,,,,,,,,,,,,,
594,132.0,1.0,,260000.0,1.0,1.0,,,,,,,,,Ben Arous,Nouvelle Medina,Appartement,vente,36.7575659,10.244981,1969.6969696969697,132.0,0.0,,,,,,,,,,,,,,,,,,,,,,,,,,,,,,,,,,,,,,,,,,,,-0.14806527,0.020455169,0.09004788,0.0016155961,0.09890406,-0.031982187,-0.1436057,-0.074081026,-0.035429306,-0.066976175,0.0418755,-0.01754475,-0.017982984,0.03693849,0.11540913,0.18688464,0.08694698,0.010086004,-0.077825315,-0.0619701,-0.0013456772,0.09208209,0.020433178,-0.0591388,-0.011585996,0.041771628,-0.03332087,-0.047327258,-0.02105913,0.029839756,-0.034837462,0.0027889435
595,70.0,1.0,1.0,220000.0,,,1.0,1.0,,,1.0,,,,Ariana,Mnihla,Appartement,vente,36.8457382,10.1317222,3142.8571428571427,70.0,0.0,,,,,,,,,,,,,,,,,,,,,,,,,,,,,,,,,,,,,,,,,,,,,,,,,,,,,,,,,,,,,,,,,,,,,,,,,,,
596,100.0,2.0,,230000.0,,,,,,,,,,,Nabeul,Hammam El Ghezaz,Appartement,vente,36.873986,11.1082328,2300.0,50.0,0.0,,,,,,,,,,,,,,,,,,,,,,,,,,,,,,,,,,,,,,,,,,,,,,,,,,,,,,,,,,,,,,,,,,,,,,,,,,,
597,101.0,4.0,6.0,350000.0,,,1.0,1.0,,,,1.0,,,Ariana,Ariana Ville,Appartement,vente,36.8599292,10.1531585,3465.3465346534654,25.25,0.0,,,,,,,,,,,,,,,,,,,,,,,,,,,,,,,,,,,,,,,,,,,,,,,,,,,,,,,,,,,,,,,,,,,,,,,,,,,
598,185.0,4.0,1.0,600000.0,,1.0,1.0,1.0,,,,1.0,,,Ariana,La Soukra,Appartement,vente,36.8811985,10.211819,3243.2432432432433,46.25,0.0,,,,,,,,,,,,,,,,,,,,,,,,,,,,,,,,,,,,,,,,,,,,,,,,,,,,,,,,,,,,,,,,,,,,,,,,,,,
599,150.0,3.0,,641400.0,,,1.0,1.0,,,,1.0,,1.0,Ariana,La Soukra,Appartement,vente,36.8811985,10.211819,4276.0,50.0,0.0,,,,,,,,,,,,,,,,,,,,,,,,,,,,,,,,,,,,,,,,,,,,-0.16906849,-0.026878353,0.042664155,-0.051849104,0.08647005,-0.029873403,-0.03444593,0.06722843,-0.07317761,-0.058023024,0.017452378,0.029429425,-0.004071457,0.047225572,0.023194017,-0.0439665,-0.023811016,-0.067796834,0.052384708,0.03320458,0.09324469,0.013619041,0.0025561112,0.008276198,-0.028015481,0.0060489373,0.040341295,-0.004173711,0.0070393295,0.062182095,0.11234384,-0.037244484
600,103.0,2.0,1.0,572000.0,1.0,1.0,,,,,1.0,,1.0,,Tunis,Ain Zaghouan,Appartement,vente,36.8572699,10.2918693,5553.398058252427,51.5,1.0,,,,,,,,,,,,,,,,,,,,,,,,,,,,,,,,,,,,,,,,,,,,,,,,,,,,,,,,,,,,,,,,,,,,,,,,,,,
601,130.0,3.0,0.0,615000.0,,,,,,,,,,,Tunis,La Marsa,Appartement,vente,36.8065,10.1815,4730.7692307692305,43.333333333333336,0.0,,,,,,,,,,,,,,,,,,,,,,,,,,,,,,,,,,,,,,,,,,,,,,,,,,,,,,,,,,,,,,,,,,,,,,,,,,,
602,115.0,4.0,,410000.0,,,1.0,1.0,,,,1.0,,,Sousse,Sousse Ville,Appartement,vente,35.8137916,10.5208721,3565.217391304348,28.75,0.0,,,,,,,,,,,,,,,,,,,,,,,,,,,,,,,,,,,,,,,,,,,,,,,,,,,,,,,,,,,,,,,,,,,,,,,,,,,
603,64.0,2.0,,230000.0,1.0,,,,,,,,,,Ariana,Ariana Ville,Appartement,vente,36.8599292,10.1531585,3593.75,32.0,0.0,,,,,,,,,,,,,,,,,,,,,,,,,,,,,,,,,,,,,,,,,,,,,,,,,,,,,,,,,,,,,,,,,,,,,,,,,,,
604,168.0,4.0,,490000.0,,1.0,1.0,,,,,1.0,,,Tunis,El Menzah,Appartement,vente,36.8292941,10.1657647,2916.6666666666665,42.0,0.0,,,,,,,,,,,,,,,,,,,,,,,,,,,,,,,,,,,,,,,,,,,,,,,,,,,,,,,,,,,,,,,,,,,,,,,,,,,
605,125.0,4.0,0.0,340000.0,,,1.0,,,,1.0,1.0,,,Ariana,Ariana Ville,Appartement,vente,36.8599292,10.1531585,2720.0,31.25,0.0,,,,,,,,,,,,,,,,,,,,,,,,,,,,,,,,,,,,,,,,,,,,-0.16125746,0.05248643,-0.039980065,-0.06926763,0.11496723,-0.032912947,-0.08533058,0.08228566,-0.01554785,-0.032510087,-0.030448066,0.0030229306,0.0015060721,-0.025780829,0.083444476,-0.07275697,-0.03328608,-0.007613126,-0.0013147184,0.03320708,-0.05590231,-0.0013290953,0.02373473,0.026236773,0.038606416,-0.019116178,0.074293785,0.020959385,0.101416364,0.040726386,-0.03462931,0.023376668
606,75.0,1.0,,415000.0,,,,,,,,1.0,1.0,,Tunis,La Marsa,Appartement,vente,36.8065,10.1815,5533.333333333333,75.0,0.0,,,,,,,,,,,,,,,,,,,,,,,,,,,,,,,,,,,,,,,,,,,,,,,,,,,,,,,,,,,,,,,,,,,,,,,,,,,
607,100.0,4.0,1.0,110000.0,,,,,,,,,,,Tunis,El Ouerdia,Appartement,vente,36.8065,10.1815,1100.0,25.0,0.0,,,,,,,,,,,,,,,,,,,,,,,,,,,,,,,,,,,,,,,,,,,,,,,,,,,,,,,,,,,,,,,,,,,,,,,,,,,
608,95.0,1.0,3.0,220000.0,,1.0,,1.0,,,,,,1.0,Nabeul,Hammam El Ghezaz,Appartement,vente,36.9003542,11.0982607,2315.7894736842104,95.0,0.0,,,,,,,,,,,,,,,,,,,,,,,,,,,,,,,,,,,,,,,,,,,,,,,,,,,,,,,,,,,,,,,,,,,,,,,,,,,
609,110.0,1.0,,240000.0,,,,,,,,,,1.0,Sousse,Hammam Sousse,Appartement,vente,35.8245,10.6346,2181.818181818182,110.0,0.0,,,,,,,,,,,,,,,,,,,,,,,,,,,,,,,,,,,,,,,,,,,,,,,,,,,,,,,,,,,,,,,,,,,,,,,,,,,
610,100.0,2.0,0.0,250000.0,,,,,,,,,,,Nabeul,Hammam El Ghezaz,Appartement,vente,36.9003542,11.0982607,2500.0,50.0,0.0,,,,,,,,,,,,,,,,,,,,,,,,,,,,,,,,,,,,,,,,,,,,,,,,,,,,,,,,,,,,,,,,,,,,,,,,,,,
611,108.0,3.0,4.0,185000.0,1.0,,1.0,1.0,,,,1.0,,,Ben Arous,Hammam Chatt,Appartement,vente,36.7019512,10.3964906,1712.962962962963,36.0,4.0,,,,,,,,,,,,,,,,,,,,,,,,,,,,,,,,,,,,,,,,,,,,,,,,,,,,,,,,,,,,,,,,,,,,,,,,,,,
612,85.0,2.0,,150000.0,,,1.0,,,,,,,,Ben Arous,El Mourouj,Appartement,vente,36.719825,10.2192362,1764.7058823529412,42.5,0.0,,,,,,,,,,,,,,,,,,,,,,,,,,,,,,,,,,,,,,,,,,,,,,,,,,,,,,,,,,,,,,,,,,,,,,,,,,,
613,200.0,4.0,0.0,550000.0,,,,,,,1.0,,1.0,1.0,Nabeul,Hammamet,Appartement,vente,36.4012665,10.5572827,2750.0,50.0,0.0,,,,,,,,,,,,,,,,,,,,,,,,,,,,,,,,,,,,,,,,,,,,,,,,,,,,,,,,,,,,,,,,,,,,,,,,,,,
614,107.0,3.0,,225000.0,,1.0,1.0,1.0,,,,,,,Ben Arous,Nouvelle Medina,Appartement,vente,36.7420699,10.2407329,2102.803738317757,35.666666666666664,0.0,,,,,,,,,,,,,,,,,,,,,,,,,,,,,,,,,,,,,,,,,,,,,,,,,,,,,,,,,,,,,,,,,,,,,,,,,,,
615,59.0,2.0,4.0,105000.0,1.0,1.0,1.0,,,,,,,,Sousse,Hammam Sousse,Appartement,vente,35.8749788,10.5935183,1779.6610169491526,29.5,4.0,,,,,,,,,,,,,,,,,,,,,,,,,,,,,,,,,,,,,,,,,,,,,,,,,,,,,,,,,,,,,,,,,,,,,,,,,,,
616,65.0,3.0,3.0,120000.0,,,,,,,,,,,Sousse,Hammam Sousse,Appartement,vente,35.8749788,10.5935183,1846.1538461538462,21.666666666666668,0.0,,,,,,,,,,,,,,,,,,,,,,,,,,,,,,,,,,,,,,,,,,,,,,,,,,,,,,,,,,,,,,,,,,,,,,,,,,,
617,131.0,2.0,0.0,525000.0,,1.0,,,,,,1.0,,1.0,Tunis,Ain Zaghouan,Appartement,vente,36.8507178,10.2829345,4007.6335877862593,65.5,0.0,,,,,,,,,,,,,,,,,,,,,,,,,,,,,,,,,,,,,,,,,,,,,,,,,,,,,,,,,,,,,,,,,,,,,,,,,,,
618,164.0,1.0,,360000.0,,1.0,1.0,1.0,,,,1.0,,,Tunis,La Marsa,Appartement,vente,36.8479251,10.2611996,2195.121951219512,164.0,0.0,,,,,,,,,,,,,,,,,,,,,,,,,,,,,,,,,,,,,,,,,,,,,,,,,,,,,,,,,,,,,,,,,,,,,,,,,,,
619,65.0,1.0,4.0,145000.0,,,,,,,,,,,Nabeul,Hammam El Ghezaz,Appartement,vente,36.9003542,11.0982607,2230.769230769231,65.0,0.0,,,,,,,,,,,,,,,,,,,,,,,,,,,,,,,,,,,,,,,,,,,,,,,,,,,,,,,,,,,,,,,,,,,,,,,,,,,
620,154.0,5.0,,345000.0,1.0,1.0,1.0,,,,,1.0,,,Tunis,La Marsa,Appartement,vente,36.8479251,10.2611996,2240.2597402597403,30.8,0.0,,,,,,,,,,,,,,,,,,,,,,,,,,,,,,,,,,,,,,,,,,,,,,,,,,,,,,,,,,,,,,,,,,,,,,,,,,,
621,100.0,2.0,3.0,159000.0,1.0,1.0,,,,,,,,,Sfax,Sfax Sud,Appartement,vente,34.7646083,10.737978,1590.0,50.0,3.0,,,,,,,,,,,,,,,,,,,,,,,,,,,,,,,,,,,,,,,,,,,,-0.1129485,0.017809972,0.007728643,0.06295327,-0.06416748,0.05705005,-0.060649265,-0.016780492,-0.051804595,-0.030371996,-0.048038185,0.06644372,0.004593212,0.021751583,-0.0042508803,-0.054861598,-0.12766907,-0.030266168,-0.014128351,-0.08690255,-0.2083115,0.015303593,-0.052426744,-0.08365748,0.092842124,0.07288475,-0.012166759,-0.06517261,-0.026476678,-0.0042965473,0.043919884,-0.07438422
622,60.0,3.0,3.0,130000.0,,,,,,,,,,,Ben Arous,Hammam Lif,Appartement,vente,36.7313788,10.3363985,2166.6666666666665,20.0,0.0,,,,,,,,,,,,,,,,,,,,,,,,,,,,,,,,,,,,,,,,,,,,,,,,,,,,,,,,,,,,,,,,,,,,,,,,,,,
623,80.0,3.0,4.0,135000.0,,,,1.0,,,,1.0,,,Ben Arous,Rades,Appartement,vente,36.753,10.228,1687.5,26.666666666666668,0.0,,,,,,,,,,,,,,,,,,,,,,,,,,,,,,,,,,,,,,,,,,,,,,,,,,,,,,,,,,,,,,,,,,,,,,,,,,,
624,110.0,4.0,,350000.0,,,1.0,,,,,,,,Tunis,El Menzah,Appartement,vente,36.8423974,10.1571247,3181.818181818182,27.5,0.0,,,,,,,,,,,,,,,,,,,,,,,,,,,,,,,,,,,,,,,,,,,,,,,,,,,,,,,,,,,,,,,,,,,,,,,,,,,
625,100.0,1.0,,380000.0,,,,,,,1.0,,,,Sousse,Hammam Sousse,Appartement,vente,35.8913101,10.5852113,3800.0,100.0,0.0,,,,,,,,,,,,,,,,,,,,,,,,,,,,,,,,,,,,,,,,,,,,,,,,,,,,,,,,,,,,,,,,,,,,,,,,,,,
626,100.0,3.0,3.0,198000.0,1.0,1.0,,,,,,,,,Tunis,El Menzah,Appartement,vente,36.8336187,10.1471736,1980.0,33.333333333333336,3.0,,,,,,,,,,,,,,,,,,,,,,,,,,,,,,,,,,,,,,,,,,,,,,,,,,,,,,,,,,,,,,,,,,,,,,,,,,,
627,136.0,4.0,,458000.0,1.0,1.0,1.0,1.0,,,,1.0,,1.0,Tunis,Ain Zaghouan,Appartement,vente,36.8507178,10.2829345,3367.6470588235293,34.0,0.0,,,,,,,,,,,,,,,,,,,,,,,,,,,,,,,,,,,,,,,,,,,,,,,,,,,,,,,,,,,,,,,,,,,,,,,,,,,
628,160.0,1.0,6.0,398000.0,1.0,1.0,1.0,1.0,,,,1.0,,1.0,Ariana,Raoued,Appartement,vente,36.8625,10.1956,2487.5,160.0,6.0,,,,,,,,,,,,,,,,,,,,,,,,,,,,,,,,,,,,,,,,,,,,,,,,,,,,,,,,,,,,,,,,,,,,,,,,,,,
629,88.0,3.0,,170000.0,,,,,,,,,,,Sousse,Hammam Sousse,Appartement,vente,35.8749788,10.5935183,1931.8181818181818,29.333333333333332,0.0,,,,,,,,,,,,,,,,,,,,,,,,,,,,,,,,,,,,,,,,,,,,,,,,,,,,,,,,,,,,,,,,,,,,,,,,,,,
630,72.0,3.0,4.0,130000.0,,,,,,,,,,,Ariana,Raoued,Appartement,vente,36.8625,10.1956,1805.5555555555557,24.0,0.0,,,,,,,,,,,,,,,,,,,,,,,,,,,,,,,,,,,,,,,,,,,,,,,,,,,,,,,,,,,,,,,,,,,,,,,,,,,
631,117.0,1.0,3.0,595000.0,,,1.0,1.0,,,1.0,1.0,,1.0,Tunis,Ain Zaghouan,Appartement,vente,36.8572699,10.2918693,5085.470085470086,117.0,0.0,,,,,,,,,,,,,,,,,,,,,,,,,,,,,,,,,,,,,,,,,,,,,,,,,,,,,,,,,,,,,,,,,,,,,,,,,,,
632,180.0,3.0,,365000.0,,,1.0,1.0,,,1.0,1.0,,1.0,Ariana,Mnihla,Appartement,vente,36.8457382,10.1317222,2027.7777777777778,60.0,0.0,,,,,,,,,,,,,,,,,,,,,,,,,,,,,,,,,,,,,,,,,,,,,,,,,,,,,,,,,,,,,,,,,,,,,,,,,,,
633,221.0,1.0,,490000.0,,,1.0,1.0,,,,1.0,,1.0,Nabeul,Nabeul,Appartement,vente,36.4512897,10.7355915,2217.1945701357467,221.0,0.0,,,,,,,,,,,,,,,,,,,,,,,,,,,,,,,,,,,,,,,,,,,,,,,,,,,,,,,,,,,,,,,,,,,,,,,,,,,
634,102.0,2.0,,235000.0,,,,,,,,1.0,,,Ben Arous,Nouvelle Medina,Appartement,vente,36.7575659,10.244981,2303.921568627451,51.0,0.0,,,,,,,,,,,,,,,,,,,,,,,,,,,,,,,,,,,,,,,,,,,,,,,,,,,,,,,,,,,,,,,,,,,,,,,,,,,
635,180.0,5.0,,450000.0,,,1.0,1.0,,,,,,,Sousse,Sousse Jaouhara,Appartement,vente,35.8512042,10.6062129,2500.0,36.0,0.0,,,,,,,,,,,,,,,,,,,,,,,,,,,,,,,,,,,,,,,,,,,,,,,,,,,,,,,,,,,,,,,,,,,,,,,,,,,
636,95.0,2.0,,240000.0,1.0,,,,,,,1.0,,1.0,Ariana,La Soukra,Appartement,vente,36.8702316,10.1996261,2526.315789473684,47.5,0.0,,,,,,,,,,,,,,,,,,,,,,,,,,,,,,,,,,,,,,,,,,,,,,,,,,,,,,,,,,,,,,,,,,,,,,,,,,,
637,89.0,1.0,1.0,240000.0,1.0,,,,,,,1.0,,,Nabeul,Hammamet,Appartement,vente,36.4561,10.7376,2696.629213483146,89.0,1.0,,,,,,,,,,,,,,,,,,,,,,,,,,,,,,,,,,,,,,,,,,,,,,,,,,,,,,,,,,,,,,,,,,,,,,,,,,,
638,100.0,2.0,,170000.0,,,,,,,,,,,Nabeul,Hammam El Ghezaz,Appartement,vente,36.9003542,11.0982607,1700.0,50.0,0.0,,,,,,,,,,,,,,,,,,,,,,,,,,,,,,,,,,,,,,,,,,,,,,,,,,,,,,,,,,,,,,,,,,,,,,,,,,,
639,157.0,1.0,2.0,340000.0,,1.0,1.0,1.0,,,,1.0,,,Ariana,Ariana Ville,Appartement,vente,36.8599292,10.1531585,2165.605095541401,157.0,0.0,,,,,,,,,,,,,,,,,,,,,,,,,,,,,,,,,,,,,,,,,,,,,,,,,,,,,,,,,,,,,,,,,,,,,,,,,,,
640,100.0,2.0,,160000.0,,,,,,,,,,1.0,Nabeul,Hammam El Ghezaz,Appartement,vente,36.9003542,11.0982607,1600.0,50.0,0.0,,,,,,,,,,,,,,,,,,,,,,,,,,,,,,,,,,,,,,,,,,,,,,,,,,,,,,,,,,,,,,,,,,,,,,,,,,,
641,65.0,2.0,,285000.0,,,,,,,,,,,Ariana,La Soukra,Appartement,vente,36.8749751,10.2454267,4384.615384615385,32.5,0.0,,,,,,,,,,,,,,,,,,,,,,,,,,,,,,,,,,,,,,,,,,,,,,,,,,,,,,,,,,,,,,,,,,,,,,,,,,,
642,74.0,1.0,1.0,174000.0,1.0,,,,,,,1.0,,,Ariana,La Soukra,Appartement,vente,36.8606537,10.2087006,2351.3513513513512,74.0,1.0,,,,,,,,,,,,,,,,,,,,,,,,,,,,,,,,,,,,,,,,,,,,-0.109246984,0.0698597,0.17052671,0.047211617,0.0039711786,-0.047081023,0.097301155,0.031178977,-0.113035135,0.017344458,-0.011481504,0.03555061,-0.11111183,-0.043370273,-0.12626188,-0.107358925,0.03676474,0.0017728723,0.048137046,-0.008366452,-0.14882986,0.11671194,-0.007437121,-0.035290487,0.026337566,0.02720237,0.00879977,-0.02804637,-0.060900126,0.057234596,0.0471765,0.008094075
643,170.0,4.0,,400000.0,,1.0,1.0,1.0,,,1.0,1.0,,,Ariana,Mnihla,Appartement,vente,36.8457382,10.1317222,2352.9411764705883,42.5,0.0,,,,,,,,,,,,,,,,,,,,,,,,,,,,,,,,,,,,,,,,,,,,,,,,,,,,,,,,,,,,,,,,,,,,,,,,,,,
644,,4.0,,300000.0,,,1.0,1.0,,,1.0,,,,Sousse,Hammam Sousse,Appartement,vente,35.8245,10.6346,,,0.0,,,,,,,,,,,,,,,,,,,,,,,,,,,,,,,,,,,,,,,,,,,,,,,,,,,,,,,,,,,,,,,,,,,,,,,,,,,
645,150.0,5.0,,300000.0,,,,,,,,,,,Tunis,La Marsa,Appartement,vente,36.8479251,10.2611996,2000.0,30.0,0.0,,,,,,,,,,,,,,,,,,,,,,,,,,,,,,,,,,,,,,,,,,,,,,,,,,,,,,,,,,,,,,,,,,,,,,,,,,,
646,135.0,3.0,,256000.0,,,1.0,1.0,,,,,,1.0,Bizerte,Menzel Jemil,Appartement,vente,37.2744,9.8739,1896.2962962962963,45.0,0.0,,,,,,,,,,,,,,,,,,,,,,,,,,,,,,,,,,,,,,,,,,,,,,,,,,,,,,,,,,,,,,,,,,,,,,,,,,,
647,136.0,3.0,,450000.0,,,,,,,,1.0,,,Sousse,Sousse Ville,Appartement,vente,35.8137916,10.5208721,3308.823529411765,45.333333333333336,0.0,,,,,,,,,,,,,,,,,,,,,,,,,,,,,,,,,,,,,,,,,,,,,,,,,,,,,,,,,,,,,,,,,,,,,,,,,,,
648,,3.0,,365000.0,,,1.0,1.0,,,,1.0,,,Sousse,Sousse Jaouhara,Appartement,vente,35.8512042,10.6062129,,,0.0,,,,,,,,,,,,,,,,,,,,,,,,,,,,,,,,,,,,,,,,,,,,,,,,,,,,,,,,,,,,,,,,,,,,,,,,,,,
649,148.0,3.0,,475000.0,,,1.0,1.0,,,1.0,1.0,,,Ariana,La Soukra,Appartement,vente,36.8749751,10.2454267,3209.4594594594596,49.333333333333336,0.0,,,,,,,,,,,,,,,,,,,,,,,,,,,,,,,,,,,,,,,,,,,,,,,,,,,,,,,,,,,,,,,,,,,,,,,,,,,
650,96.0,4.0,3.0,90000.0,1.0,,,,,,,,,,Sfax,Menzel Chaker,Appartement,vente,34.74,10.76,937.5,24.0,3.0,,,,,,,,,,,,,,,,,,,,,,,,,,,,,,,,,,,,,,,,,,,,-0.036843136,0.04096264,-0.021872165,0.05580632,0.052246634,0.05631479,-0.02453061,-0.050179515,-0.062285066,-0.12766114,-0.05597938,-0.13819236,-0.014095855,0.15906076,0.045931656,0.05519669,-0.12437345,0.009426967,0.032862633,-0.07653805,-0.04938651,0.07459777,-0.07772024,0.055888303,-0.038214803,0.058225162,0.04744851,0.020092526,-0.0701906,-0.0053287544,0.002237684,0.026492685
651,90.0,3.0,,138000.0,1.0,1.0,,,,,,,,,Ariana,Ariana Ville,Appartement,vente,36.8625,10.1956,1533.3333333333333,30.0,0.0,,,,,,,,,,,,,,,,,,,,,,,,,,,,,,,,,,,,,,,,,,,,,,,,,,,,,,,,,,,,,,,,,,,,,,,,,,,
652,116.0,1.0,2.0,240000.0,1.0,,1.0,,,,,,,1.0,Ariana,Mnihla,Appartement,vente,36.8533475,10.1169734,2068.9655172413795,116.0,2.0,,,,,,,,,,,,,,,,,,,,,,,,,,,,,,,,,,,,,,,,,,,,,,,,,,,,,,,,,,,,,,,,,,,,,,,,,,,
653,100.0,2.0,9.0,260000.0,1.0,1.0,1.0,,,,,,,,Ariana,Ariana Ville,Appartement,vente,36.8484562,10.1634244,2600.0,50.0,9.0,,,,,,,,,,,,,,,,,,,,,,,,,,,,,,,,,,,,,,,,,,,,,,,,,,,,,,,,,,,,,,,,,,,,,,,,,,,
654,50.0,2.0,0.0,148000.0,,,,,,,,,,,Tunis,Le Bardo,Appartement,vente,36.8134113,10.1321911,2960.0,25.0,0.0,,,,,,,,,,,,,,,,,,,,,,,,,,,,,,,,,,,,,,,,,,,,,,,,,,,,,,,,,,,,,,,,,,,,,,,,,,,
655,100.0,2.0,,185000.0,,1.0,1.0,,,,,,,,Ben Arous,Nouvelle Medina,Appartement,vente,36.7575659,10.244981,1850.0,50.0,0.0,,,,,,,,,,,,,,,,,,,,,,,,,,,,,,,,,,,,,,,,,,,,,,,,,,,,,,,,,,,,,,,,,,,,,,,,,,,
656,72.0,2.0,3.0,230000.0,1.0,,,,,,,,,,Tunis,El Menzah,Appartement,vente,36.8453935,10.1829741,3194.4444444444443,36.0,3.0,,,,,,,,,,,,,,,,,,,,,,,,,,,,,,,,,,,,,,,,,,,,,,,,,,,,,,,,,,,,,,,,,,,,,,,,,,,
657,138.0,1.0,0.0,580000.0,,1.0,1.0,1.0,,,,1.0,,,Ariana,La Soukra,Appartement,vente,36.8811985,10.211819,4202.898550724638,138.0,0.0,,,,,,,,,,,,,,,,,,,,,,,,,,,,,,,,,,,,,,,,,,,,,,,,,,,,,,,,,,,,,,,,,,,,,,,,,,,
658,95.0,1.0,0.0,400000.0,,1.0,1.0,1.0,,,,1.0,,,Ariana,La Soukra,Appartement,vente,36.8811985,10.211819,4210.526315789473,95.0,0.0,,,,,,,,,,,,,,,,,,,,,,,,,,,,,,,,,,,,,,,,,,,,,,,,,,,,,,,,,,,,,,,,,,,,,,,,,,,
659,95.0,2.0,,240000.0,1.0,1.0,1.0,,,,,,,,Tunis,Bab Bhar,Appartement,vente,36.7992041,10.1756221,2526.315789473684,47.5,0.0,,,,,,,,,,,,,,,,,,,,,,,,,,,,,,,,,,,,,,,,,,,,,,,,,,,,,,,,,,,,,,,,,,,,,,,,,,,
660,115.0,4.0,,400000.0,,,1.0,1.0,,,,,,,Sousse,Hammam Sousse,Appartement,vente,35.8913101,10.5852113,3478.2608695652175,28.75,0.0,,,,,,,,,,,,,,,,,,,,,,,,,,,,,,,,,,,,,,,,,,,,,,,,,,,,,,,,,,,,,,,,,,,,,,,,,,,
661,85.0,2.0,,178000.0,,1.0,1.0,1.0,,,,,,,Sousse,Sousse Jaouhara,Appartement,vente,35.8512042,10.6062129,2094.1176470588234,42.5,0.0,,,,,,,,,,,,,,,,,,,,,,,,,,,,,,,,,,,,,,,,,,,,,,,,,,,,,,,,,,,,,,,,,,,,,,,,,,,
662,80.0,1.0,,265000.0,,,1.0,1.0,,,,1.0,,,Tunis,Cite El Khadra,Appartement,vente,36.8065,10.1815,3312.5,80.0,0.0,,,,,,,,,,,,,,,,,,,,,,,,,,,,,,,,,,,,,,,,,,,,,,,,,,,,,,,,,,,,,,,,,,,,,,,,,,,
663,120.0,2.0,,236000.0,1.0,1.0,,,,,,1.0,,,Sousse,Akouda,Appartement,vente,35.8245,10.6346,1966.6666666666667,60.0,0.0,,,,,,,,,,,,,,,,,,,,,,,,,,,,,,,,,,,,,,,,,,,,,,,,,,,,,,,,,,,,,,,,,,,,,,,,,,,
664,130.0,3.0,,379000.0,,,,,,,,,,,Sousse,Hammam Sousse,Appartement,vente,35.8913101,10.5852113,2915.3846153846152,43.333333333333336,0.0,,,,,,,,,,,,,,,,,,,,,,,,,,,,,,,,,,,,,,,,,,,,,,,,,,,,,,,,,,,,,,,,,,,,,,,,,,,
665,80.0,2.0,0.0,300000.0,,,,,,,,,,,Gabès,Gabes Sud,Appartement,vente,33.77955,10.0525203,3750.0,40.0,0.0,,,,,,,,,,,,,,,,,,,,,,,,,,,,,,,,,,,,,,,,,,,,,,,,,,,,,,,,,,,,,,,,,,,,,,,,,,,
666,96.0,1.0,4.0,185000.0,1.0,,,,,,,,,1.0,Sousse,Sousse Jaouhara,Appartement,vente,35.842005,10.6058083,1927.0833333333333,96.0,4.0,,,,,,,,,,,,,,,,,,,,,,,,,,,,,,,,,,,,,,,,,,,,,,,,,,,,,,,,,,,,,,,,,,,,,,,,,,,
667,110.0,1.0,,120000.0,,,,,,,,,,,Tunis,La Marsa,Appartement,vente,36.8479251,10.2611996,1090.909090909091,110.0,0.0,,,,,,,,,,,,,,,,,,,,,,,,,,,,,,,,,,,,,,,,,,,,,,,,,,,,,,,,,,,,,,,,,,,,,,,,,,,
668,50.0,2.0,2.0,210000.0,1.0,,,,,,,,,,Ariana,Ariana Ville,Appartement,vente,36.8599292,10.1531585,4200.0,25.0,2.0,,,,,,,,,,,,,,,,,,,,,,,,,,,,,,,,,,,,,,,,,,,,,,,,,,,,,,,,,,,,,,,,,,,,,,,,,,,
669,66.0,2.0,,285000.0,,1.0,,,,,,1.0,,,Tunis,Ain Zaghouan,Appartement,vente,36.8507178,10.2829345,4318.181818181818,33.0,0.0,,,,,,,,,,,,,,,,,,,,,,,,,,,,,,,,,,,,,,,,,,,,,,,,,,,,,,,,,,,,,,,,,,,,,,,,,,,
670,100.0,2.0,1.0,300000.0,1.0,,,,,,,,,,Tunis,El Menzah,Appartement,vente,36.8336187,10.1471736,3000.0,50.0,1.0,,,,,,,,,,,,,,,,,,,,,,,,,,,,,,,,,,,,,,,,,,,,,,,,,,,,,,,,,,,,,,,,,,,,,,,,,,,
671,110.0,3.0,,270000.0,,1.0,,,,,1.0,,,,Ariana,Mnihla,Appartement,vente,36.8457382,10.1317222,2454.5454545454545,36.666666666666664,0.0,,,,,,,,,,,,,,,,,,,,,,,,,,,,,,,,,,,,,,,,,,,,,,,,,,,,,,,,,,,,,,,,,,,,,,,,,,,
672,100.0,3.0,,200000.0,,,,,,,,,,,Sousse,Akouda,Appartement,vente,35.8245,10.6346,2000.0,33.333333333333336,0.0,,,,,,,,,,,,,,,,,,,,,,,,,,,,,,,,,,,,,,,,,,,,,,,,,,,,,,,,,,,,,,,,,,,,,,,,,,,
673,90.0,,,120000.0,,,,,,,,,,,Tunis,Bab Bhar,Appartement,vente,36.7992041,10.1756221,1333.3333333333333,,0.0,,,,,,,,,,,,,,,,,,,,,,,,,,,,,,,,,,,,,,,,,,,,,,,,,,,,,,,,,,,,,,,,,,,,,,,,,,,
674,150.0,,,400000.0,,,,,,,,,,,Tunis,El Menzah,Appartement,vente,36.8423974,10.1571247,2666.6666666666665,,0.0,,,,,,,,,,,,,,,,,,,,,,,,,,,,,,,,,,,,,,,,,,,,,,,,,,,,,,,,,,,,,,,,,,,,,,,,,,,
675,168.0,4.0,,565600.0,,1.0,1.0,1.0,,,,1.0,,,Tunis,La Marsa,Appartement,vente,36.864867,10.3072994,3366.6666666666665,42.0,0.0,,,,,,,,,,,,,,,,,,,,,,,,,,,,,,,,,,,,,,,,,,,,,,,,,,,,,,,,,,,,,,,,,,,,,,,,,,,
676,115.0,3.0,2.0,370000.0,,1.0,1.0,1.0,,,,1.0,,,Ariana,La Soukra,Appartement,vente,36.8749751,10.2454267,3217.391304347826,38.333333333333336,0.0,,,,,,,,,,,,,,,,,,,,,,,,,,,,,,,,,,,,,,,,,,,,,,,,,,,,,,,,,,,,,,,,,,,,,,,,,,,
677,117.0,3.0,0.0,378000.0,,,,,,,,1.0,,1.0,Tunis,Ain Zaghouan,Appartement,vente,36.8507178,10.2829345,3230.769230769231,39.0,0.0,,,,,,,,,,,,,,,,,,,,,,,,,,,,,,,,,,,,,,,,,,,,,,,,,,,,,,,,,,,,,,,,,,,,,,,,,,,
678,137.0,4.0,5.0,380000.0,1.0,,1.0,,,,,1.0,,1.0,Sousse,Hammam Sousse,Appartement,vente,35.8245,10.6346,2773.7226277372265,34.25,5.0,,,,,,,,,,,,,,,,,,,,,,,,,,,,,,,,,,,,,,,,,,,,,,,,,,,,,,,,,,,,,,,,,,,,,,,,,,,
679,120.0,3.0,0.0,220000.0,,,,1.0,1.0,,1.0,,,1.0,Tunis,Le Bardo,Appartement,vente,36.8134113,10.1321911,1833.3333333333333,40.0,0.0,,,,,,,,,,,,,,,,,,,,,,,,,,,,,,,,,,,,,,,,,,,,,,,,,,,,,,,,,,,,,,,,,,,,,,,,,,,
680,88.0,3.0,3.0,280000.0,1.0,,1.0,,,,,,,1.0,Sousse,Hammam Sousse,Appartement,vente,35.8913101,10.5852113,3181.818181818182,29.333333333333332,3.0,,,,,,,,,,,,,,,,,,,,,,,,,,,,,,,,,,,,,,,,,,,,,,,,,,,,,,,,,,,,,,,,,,,,,,,,,,,
681,113.0,3.0,,392000.0,,,,,,,1.0,,1.0,,Sousse,Hammam Sousse,Appartement,vente,35.8913101,10.5852113,3469.026548672566,37.666666666666664,0.0,,,,,,,,,,,,,,,,,,,,,,,,,,,,,,,,,,,,,,,,,,,,,,,,,,,,,,,,,,,,,,,,,,,,,,,,,,,
682,120.0,2.0,,390000.0,,,1.0,1.0,,,,1.0,,,Tunis,La Marsa,Appartement,vente,36.8479251,10.2611996,3250.0,60.0,0.0,,,,,,,,,,,,,,,,,,,,,,,,,,,,,,,,,,,,,,,,,,,,,,,,,,,,,,,,,,,,,,,,,,,,,,,,,,,
683,156.0,3.0,,335000.0,,1.0,1.0,1.0,,,,1.0,,,Tunis,La Marsa,Appartement,vente,36.8479251,10.2611996,2147.4358974358975,52.0,0.0,,,,,,,,,,,,,,,,,,,,,,,,,,,,,,,,,,,,,,,,,,,,-0.117197186,-0.063902766,0.08865857,-0.027241247,0.06330822,-0.02540123,-0.09990325,0.08488241,0.005494328,0.035339404,0.011298896,0.077399366,-0.10117961,0.03850236,-0.084035635,-0.022400586,-0.0058496166,-0.046426915,-0.016190808,-0.009133189,0.020146573,0.015167655,-0.0140617965,-0.07675254,-0.039507926,-0.014269789,-0.005259138,0.044721965,0.024259288,0.046824373,-0.048021436,0.0051623653
684,55.0,2.0,0.0,170000.0,,,,,,,,,,,Ariana,Ettadhamen,Appartement,vente,36.8625,10.1956,3090.909090909091,27.5,0.0,,,,,,,,,,,,,,,,,,,,,,,,,,,,,,,,,,,,,,,,,,,,,,,,,,,,,,,,,,,,,,,,,,,,,,,,,,,
685,125.0,3.0,,370000.0,1.0,,,,,,,1.0,,1.0,Sousse,Hammam Sousse,Appartement,vente,35.8749788,10.5935183,2960.0,41.666666666666664,0.0,,,,,,,,,,,,,,,,,,,,,,,,,,,,,,,,,,,,,,,,,,,,,,,,,,,,,,,,,,,,,,,,,,,,,,,,,,,
686,115.0,3.0,0.0,295000.0,,1.0,1.0,1.0,,,1.0,1.0,,,Ariana,Mnihla,Appartement,vente,36.8457382,10.1317222,2565.217391304348,38.333333333333336,0.0,,,,,,,,,,,,,,,,,,,,,,,,,,,,,,,,,,,,,,,,,,,,,,,,,,,,,,,,,,,,,,,,,,,,,,,,,,,
687,100.0,2.0,,350000.0,,,,,,,,,,1.0,Sousse,Sousse Jaouhara,Appartement,vente,35.8359686,10.5995321,3500.0,50.0,0.0,,,,,,,,,,,,,,,,,,,,,,,,,,,,,,,,,,,,,,,,,,,,,,,,,,,,,,,,,,,,,,,,,,,,,,,,,,,
688,163.0,3.0,,320000.0,,,,,,,,,,1.0,Nabeul,Hammamet,Appartement,vente,36.4012665,10.5572827,1963.1901840490798,54.333333333333336,0.0,,,,,,,,,,,,,,,,,,,,,,,,,,,,,,,,,,,,,,,,,,,,,,,,,,,,,,,,,,,,,,,,,,,,,,,,,,,
689,42.0,1.0,,350000.0,,,,,,,,,,,Sousse,Hammam Sousse,Appartement,vente,35.8913101,10.5852113,8333.333333333334,42.0,0.0,,,,,,,,,,,,,,,,,,,,,,,,,,,,,,,,,,,,,,,,,,,,,,,,,,,,,,,,,,,,,,,,,,,,,,,,,,,
690,90.0,2.0,4.0,130000.0,,1.0,1.0,,,,,1.0,,,Ben Arous,El Mourouj,Appartement,vente,36.719825,10.2192362,1444.4444444444443,45.0,0.0,,,,,,,,,,,,,,,,,,,,,,,,,,,,,,,,,,,,,,,,,,,,,,,,,,,,,,,,,,,,,,,,,,,,,,,,,,,
691,,2.0,2.0,185000.0,,1.0,1.0,,,,,1.0,,,Ben Arous,El Mourouj,Appartement,vente,36.719825,10.2192362,,,0.0,,,,,,,,,,,,,,,,,,,,,,,,,,,,,,,,,,,,,,,,,,,,-0.18599011,-0.056027412,0.14369379,-0.04186894,-0.069461055,-0.011103973,0.024077801,-0.0028756333,-0.03245208,0.09396757,-0.06482403,-0.07427927,-0.09484705,0.0894216,0.17016885,-0.0051688333,0.073759764,0.047815744,0.003917073,-0.025131116,-0.022981042,0.029183762,0.031599,-0.056001008,0.0040173014,0.031227222,-0.01702851,-0.04332621,0.031432718,-0.025587613,0.039471567,-0.0066021746
692,155.0,5.0,,255000.0,1.0,,,,,,,,,,Tunis,Bab Bhar,Appartement,vente,36.8170699,10.1784812,1645.1612903225807,31.0,0.0,,,,,,,,,,,,,,,,,,,,,,,,,,,,,,,,,,,,,,,,,,,,,,,,,,,,,,,,,,,,,,,,,,,,,,,,,,,
693,58.0,2.0,1.0,190000.0,1.0,1.0,,,,,,1.0,,,Ariana,Ariana Ville,Appartement,vente,36.8599292,10.1531585,3275.862068965517,29.0,1.0,,,,,,,,,,,,,,,,,,,,,,,,,,,,,,,,,,,,,,,,,,,,,,,,,,,,,,,,,,,,,,,,,,,,,,,,,,,
694,110.0,3.0,,180000.0,,,1.0,,,,,,,,Ben Arous,El Mourouj,Appartement,vente,36.722541,10.2125357,1636.3636363636363,36.666666666666664,0.0,,,,,,,,,,,,,,,,,,,,,,,,,,,,,,,,,,,,,,,,,,,,,,,,,,,,,,,,,,,,,,,,,,,,,,,,,,,
695,170.0,2.0,,110000.0,,,,,,,,,,1.0,Sousse,Hammam Sousse,Appartement,vente,35.8749788,10.5935183,647.0588235294117,85.0,0.0,,,,,,,,,,,,,,,,,,,,,,,,,,,,,,,,,,,,,,,,,,,,,,,,,,,,,,,,,,,,,,,,,,,,,,,,,,,
696,,4.0,5.0,400000.0,1.0,1.0,1.0,1.0,,1.0,,1.0,,,Ariana,Ariana Ville,Appartement,vente,36.8599292,10.1531585,,,5.0,,,,,,,,,,,,,,,,,,,,,,,,,,,,,,,,,,,,,,,,,,,,,,,,,,,,,,,,,,,,,,,,,,,,,,,,,,,
697,105.0,4.0,,280000.0,,1.0,,,,,,,,,Ariana,Ariana Ville,Appartement,vente,36.8541206,10.1626718,2666.6666666666665,26.25,0.0,,,,,,,,,,,,,,,,,,,,,,,,,,,,,,,,,,,,,,,,,,,,,,,,,,,,,,,,,,,,,,,,,,,,,,,,,,,
698,85.0,3.0,,105000.0,,1.0,,,,,,,,,Ben Arous,El Mourouj,Appartement,vente,36.719825,10.2192362,1235.2941176470588,28.333333333333332,0.0,,,,,,,,,,,,,,,,,,,,,,,,,,,,,,,,,,,,,,,,,,,,,,,,,,,,,,,,,,,,,,,,,,,,,,,,,,,
699,80.0,1.0,,210000.0,1.0,1.0,1.0,1.0,,,1.0,1.0,,,Ariana,Mnihla,Appartement,vente,36.8457382,10.1317222,2625.0,80.0,0.0,,,,,,,,,,,,,,,,,,,,,,,,,,,,,,,,,,,,,,,,,,,,,,,,,,,,,,,,,,,,,,,,,,,,,,,,,,,
700,115.0,4.0,,370000.0,1.0,1.0,1.0,,,,,1.0,,,Ariana,La Soukra,Appartement,vente,36.8749751,10.2454267,3217.391304347826,28.75,0.0,,,,,,,,,,,,,,,,,,,,,,,,,,,,,,,,,,,,,,,,,,,,,,,,,,,,,,,,,,,,,,,,,,,,,,,,,,,
701,71.0,3.0,,160000.0,,,,,,,,,,,Sousse,Hammam Sousse,Appartement,vente,35.8749788,10.5935183,2253.521126760563,23.666666666666668,0.0,,,,,,,,,,,,,,,,,,,,,,,,,,,,,,,,,,,,,,,,,,,,,,,,,,,,,,,,,,,,,,,,,,,,,,,,,,,
702,115.0,4.0,,285000.0,1.0,,,,,,,1.0,,,Tunis,Le Bardo,Appartement,vente,36.8134113,10.1321911,2478.2608695652175,28.75,0.0,,,,,,,,,,,,,,,,,,,,,,,,,,,,,,,,,,,,,,,,,,,,,,,,,,,,,,,,,,,,,,,,,,,,,,,,,,,
703,55.0,1.0,,155000.0,,,,,,,,,,,Sousse,Hammam Sousse,Appartement,vente,35.8749788,10.5935183,2818.181818181818,55.0,0.0,,,,,,,,,,,,,,,,,,,,,,,,,,,,,,,,,,,,,,,,,,,,,,,,,,,,,,,,,,,,,,,,,,,,,,,,,,,
704,85.0,3.0,,130000.0,,1.0,,,,,,,,,Ben Arous,Hammam Chatt,Appartement,vente,36.7136861,10.3691813,1529.4117647058824,28.333333333333332,0.0,,,,,,,,,,,,,,,,,,,,,,,,,,,,,,,,,,,,,,,,,,,,,,,,,,,,,,,,,,,,,,,,,,,,,,,,,,,
705,130.0,3.0,,170000.0,,,,,,,,,,,Sfax,Sfax Ville,Appartement,vente,34.7335472,10.7531879,1307.6923076923076,43.333333333333336,0.0,,,,,,,,,,,,,,,,,,,,,,,,,,,,,,,,,,,,,,,,,,,,,,,,,,,,,,,,,,,,,,,,,,,,,,,,,,,
706,104.0,3.0,2.0,320000.0,,1.0,1.0,1.0,,,1.0,1.0,,,Ariana,Mnihla,Appartement,vente,36.8457382,10.1317222,3076.923076923077,34.666666666666664,0.0,,,,,,,,,,,,,,,,,,,,,,,,,,,,,,,,,,,,,,,,,,,,,,,,,,,,,,,,,,,,,,,,,,,,,,,,,,,
707,92.0,3.0,,355000.0,,,,,,1.0,,1.0,,,Sousse,Sousse Jaouhara,Appartement,vente,35.8512042,10.6062129,3858.695652173913,30.666666666666668,0.0,,,,,,,,,,,,,,,,,,,,,,,,,,,,,,,,,,,,,,,,,,,,,,,,,,,,,,,,,,,,,,,,,,,,,,,,,,,
708,100.0,3.0,4.0,350000.0,1.0,,1.0,1.0,,,,,,1.0,Sousse,Hammam Sousse,Appartement,vente,35.8749788,10.5935183,3500.0,33.333333333333336,4.0,,,,,,,,,,,,,,,,,,,,,,,,,,,,,,,,,,,,,,,,,,,,,,,,,,,,,,,,,,,,,,,,,,,,,,,,,,,
709,80.0,3.0,,130000.0,,,,,,,,1.0,,,Ben Arous,El Mourouj,Appartement,vente,36.719825,10.2192362,1625.0,26.666666666666668,0.0,,,,,,,,,,,,,,,,,,,,,,,,,,,,,,,,,,,,,,,,,,,,,,,,,,,,,,,,,,,,,,,,,,,,,,,,,,,
710,110.0,4.0,1.0,250000.0,,,1.0,1.0,,,,1.0,,,Ben Arous,Ezzahra,Appartement,vente,36.7404497,10.3029461,2272.7272727272725,27.5,0.0,,,,,,,,,,,,,,,,,,,,,,,,,,,,,,,,,,,,,,,,,,,,,,,,,,,,,,,,,,,,,,,,,,,,,,,,,,,
711,80.0,4.0,,200000.0,,,,,,,,,,,Ben Arous,Ezzahra,Appartement,vente,36.7404497,10.3029461,2500.0,20.0,0.0,,,,,,,,,,,,,,,,,,,,,,,,,,,,,,,,,,,,,,,,,,,,,,,,,,,,,,,,,,,,,,,,,,,,,,,,,,,
712,70.0,2.0,1.0,264000.0,1.0,,,,,1.0,,1.0,,,Mahdia,Mahdia,Appartement,vente,35.503642,11.0682429,3771.4285714285716,35.0,1.0,,,,,,,,,,,,,,,,,,,,,,,,,,,,,,,,,,,,,,,,,,,,,,,,,,,,,,,,,,,,,,,,,,,,,,,,,,,
713,109.0,3.0,2.0,414000.0,1.0,,,,,1.0,,1.0,,,Mahdia,Mahdia,Appartement,vente,35.503642,11.0682429,3798.1651376146788,36.333333333333336,2.0,,,,,,,,,,,,,,,,,,,,,,,,,,,,,,,,,,,,,,,,,,,,,,,,,,,,,,,,,,,,,,,,,,,,,,,,,,,
714,89.0,3.0,,348600.0,1.0,,1.0,1.0,,,,1.0,,1.0,Mahdia,Mahdia,Appartement,vente,35.503642,11.0682429,3916.85393258427,29.666666666666668,0.0,,,,,,,,,,,,,,,,,,,,,,,,,,,,,,,,,,,,,,,,,,,,,,,,,,,,,,,,,,,,,,,,,,,,,,,,,,,
715,,2.0,,100000.0,,,,,,,,,,,Tunis,Bab Bhar,Appartement,vente,36.7992041,10.1756221,,,0.0,,,,,,,,,,,,,,,,,,,,,,,,,,,,,,,,,,,,,,,,,,,,,,,,,,,,,,,,,,,,,,,,,,,,,,,,,,,
716,,3.0,,120000.0,,,,,,,,,,,Tunis,Bab Bhar,Appartement,vente,36.7992041,10.1756221,,,0.0,,,,,,,,,,,,,,,,,,,,,,,,,,,,,,,,,,,,,,,,,,,,,,,,,,,,,,,,,,,,,,,,,,,,,,,,,,,
717,,2.0,,130000.0,,,,,,,,,,,Tunis,Bab Souika,Appartement,vente,36.806945,10.1689619,,,0.0,,,,,,,,,,,,,,,,,,,,,,,,,,,,,,,,,,,,,,,,,,,,,,,,,,,,,,,,,,,,,,,,,,,,,,,,,,,
718,80.0,2.0,,204999.0,,1.0,1.0,1.0,,,1.0,1.0,,,Ariana,Mnihla,Appartement,vente,36.8457382,10.1317222,2562.4875,40.0,0.0,,,,,,,,,,,,,,,,,,,,,,,,,,,,,,,,,,,,,,,,,,,,,,,,,,,,,,,,,,,,,,,,,,,,,,,,,,,
719,95.0,4.0,,200000.0,1.0,1.0,,,,,,,,,Ariana,Ariana Ville,Appartement,vente,36.8587351,10.188232,2105.2631578947367,23.75,0.0,,,,,,,,,,,,,,,,,,,,,,,,,,,,,,,,,,,,,,,,,,,,,,,,,,,,,,,,,,,,,,,,,,,,,,,,,,,
720,170.0,3.0,,270000.0,,,,,,,,,,1.0,Sousse,Hammam Sousse,Appartement,vente,35.8245,10.6346,1588.235294117647,56.666666666666664,0.0,,,,,,,,,,,,,,,,,,,,,,,,,,,,,,,,,,,,,,,,,,,,,,,,,,,,,,,,,,,,,,,,,,,,,,,,,,,
721,90.0,2.0,,180000.0,,,,,,,,,,1.0,Sousse,Hammam Sousse,Appartement,vente,35.8749788,10.5935183,2000.0,45.0,0.0,,,,,,,,,,,,,,,,,,,,,,,,,,,,,,,,,,,,,,,,,,,,-0.163802,-0.09808542,0.124967575,-0.037802946,-0.12649116,-0.026814574,-0.020131992,-0.11556113,-0.014963541,0.014428254,-0.09097892,0.024937764,0.0064785476,-0.048644662,0.004721289,-0.0043306495,0.055864636,0.07032679,-0.004530657,0.080907166,0.0565243,-0.029769305,0.053252425,0.018247737,-0.037416555,-0.029158741,-0.1036763,-0.09425506,0.0031774899,-0.046726447,0.018787429,-0.02463396
722,173.0,1.0,,490000.0,,,1.0,1.0,,,,1.0,,,Ariana,La Soukra,Appartement,vente,36.8749751,10.2454267,2832.3699421965316,173.0,0.0,,,,,,,,,,,,,,,,,,,,,,,,,,,,,,,,,,,,,,,,,,,,,,,,,,,,,,,,,,,,,,,,,,,,,,,,,,,
723,130.0,3.0,2.0,310000.0,,1.0,,,,,,,,,Ben Arous,Ezzahra,Appartement,vente,36.753,10.228,2384.6153846153848,43.333333333333336,0.0,,,,,,,,,,,,,,,,,,,,,,,,,,,,,,,,,,,,,,,,,,,,,,,,,,,,,,,,,,,,,,,,,,,,,,,,,,,
724,120.0,3.0,3.0,360000.0,1.0,1.0,1.0,1.0,,,,1.0,,,Sousse,Sousse Jaouhara,Appartement,vente,35.8512042,10.6062129,3000.0,40.0,3.0,,,,,,,,,,,,,,,,,,,,,,,,,,,,,,,,,,,,,,,,,,,,,,,,,,,,,,,,,,,,,,,,,,,,,,,,,,,
725,90.0,3.0,,220000.0,,1.0,1.0,1.0,,,,1.0,,,Ben Arous,El Mourouj,Appartement,vente,36.719825,10.2192362,2444.4444444444443,30.0,0.0,,,,,,,,,,,,,,,,,,,,,,,,,,,,,,,,,,,,,,,,,,,,,,,,,,,,,,,,,,,,,,,,,,,,,,,,,,,
726,70.0,1.0,1.0,140000.0,,,,1.0,,,,,,1.0,Sousse,Hammam Sousse,Appartement,vente,35.8749788,10.5935183,2000.0,70.0,0.0,,,,,,,,,,,,,,,,,,,,,,,,,,,,,,,,,,,,,,,,,,,,,,,,,,,,,,,,,,,,,,,,,,,,,,,,,,,
727,98.0,3.0,2.0,320000.0,1.0,,,,,,,1.0,,,Ariana,Ariana Ville,Appartement,vente,36.8585478,10.1682756,3265.3061224489797,32.666666666666664,2.0,,,,,,,,,,,,,,,,,,,,,,,,,,,,,,,,,,,,,,,,,,,,,,,,,,,,,,,,,,,,,,,,,,,,,,,,,,,
728,120.0,2.0,,248000.0,1.0,,,,,,,1.0,,,Sousse,Sousse Jaouhara,Appartement,vente,35.8512042,10.6062129,2066.6666666666665,60.0,0.0,,,,,,,,,,,,,,,,,,,,,,,,,,,,,,,,,,,,,,,,,,,,,,,,,,,,,,,,,,,,,,,,,,,,,,,,,,,
729,100.0,5.0,11.0,400000.0,,,,,,,,,,1.0,Tunis,Bab Bhar,Appartement,vente,36.7992041,10.1756221,4000.0,20.0,0.0,,,,,,,,,,,,,,,,,,,,,,,,,,,,,,,,,,,,,,,,,,,,,,,,,,,,,,,,,,,,,,,,,,,,,,,,,,,
730,140.0,4.0,,420000.0,1.0,1.0,1.0,1.0,,,,1.0,,,Ariana,Ariana Ville,Appartement,vente,36.8599292,10.1531585,3000.0,35.0,0.0,,,,,,,,,,,,,,,,,,,,,,,,,,,,,,,,,,,,,,,,,,,,,,,,,,,,,,,,,,,,,,,,,,,,,,,,,,,
731,120.0,4.0,,180000.0,,,,,,,,,,,Ariana,Ariana Ville,Appartement,vente,36.8587351,10.188232,1500.0,30.0,0.0,,,,,,,,,,,,,,,,,,,,,,,,,,,,,,,,,,,,,,,,,,,,,,,,,,,,,,,,,,,,,,,,,,,,,,,,,,,
732,160.0,4.0,1.0,450000.0,1.0,1.0,1.0,1.0,,,,1.0,,,Sousse,Hammam Sousse,Appartement,vente,35.8245,10.6346,2812.5,40.0,1.0,,,,,,,,,,,,,,,,,,,,,,,,,,,,,,,,,,,,,,,,,,,,,,,,,,,,,,,,,,,,,,,,,,,,,,,,,,,
733,85.0,3.0,2.0,260000.0,,,,,,,,,,,Sousse,Akouda,Appartement,vente,35.8245,10.6346,3058.823529411765,28.333333333333332,0.0,,,,,,,,,,,,,,,,,,,,,,,,,,,,,,,,,,,,,,,,,,,,,,,,,,,,,,,,,,,,,,,,,,,,,,,,,,,
734,91.0,1.0,,270000.0,,,,,,,,,,,Sousse,Hammam Sousse,Appartement,vente,35.8913101,10.5852113,2967.032967032967,91.0,0.0,,,,,,,,,,,,,,,,,,,,,,,,,,,,,,,,,,,,,,,,,,,,,,,,,,,,,,,,,,,,,,,,,,,,,,,,,,,
735,83.0,4.0,0.0,170000.0,,1.0,,,,,,,,,Ariana,Ariana Ville,Appartement,vente,36.8625,10.1956,2048.1927710843374,20.75,0.0,,,,,,,,,,,,,,,,,,,,,,,,,,,,,,,,,,,,,,,,,,,,,,,,,,,,,,,,,,,,,,,,,,,,,,,,,,,
736,105.0,2.0,,180000.0,,,,,,,,,,1.0,Sousse,Hammam Sousse,Appartement,vente,35.8749788,10.5935183,1714.2857142857142,52.5,0.0,,,,,,,,,,,,,,,,,,,,,,,,,,,,,,,,,,,,,,,,,,,,,,,,,,,,,,,,,,,,,,,,,,,,,,,,,,,
737,80.0,3.0,2.0,115000.0,,,,,,,,,,,Tunis,Bab Bhar,Appartement,vente,36.8170699,10.1784812,1437.5,26.666666666666668,0.0,,,,,,,,,,,,,,,,,,,,,,,,,,,,,,,,,,,,,,,,,,,,,,,,,,,,,,,,,,,,,,,,,,,,,,,,,,,
738,85.0,2.0,,135000.0,,1.0,,,,,,1.0,,,Ben Arous,Ben Arous,Appartement,vente,36.7516855,10.2245072,1588.235294117647,42.5,0.0,,,,,,,,,,,,,,,,,,,,,,,,,,,,,,,,,,,,,,,,,,,,,,,,,,,,,,,,,,,,,,,,,,,,,,,,,,,
739,80.0,2.0,,400000.0,,,1.0,1.0,,,,1.0,,,Nabeul,Hammamet,Appartement,vente,36.4561,10.7376,5000.0,40.0,0.0,,,,,,,,,,,,,,,,,,,,,,,,,,,,,,,,,,,,,,,,,,,,,,,,,,,,,,,,,,,,,,,,,,,,,,,,,,,
740,125.0,4.0,0.0,200000.0,,,1.0,,,,1.0,1.0,,,Ben Arous,El Mourouj,Appartement,vente,36.719825,10.2192362,1600.0,31.25,0.0,,,,,,,,,,,,,,,,,,,,,,,,,,,,,,,,,,,,,,,,,,,,,,,,,,,,,,,,,,,,,,,,,,,,,,,,,,,
741,80.0,3.0,,120000.0,,,,,,,,,,,Tunis,Bab Souika,Appartement,vente,36.8085956,10.1590082,1500.0,26.666666666666668,0.0,,,,,,,,,,,,,,,,,,,,,,,,,,,,,,,,,,,,,,,,,,,,,,,,,,,,,,,,,,,,,,,,,,,,,,,,,,,
742,70.0,3.0,0.0,140000.0,,,,,,,,1.0,,,Ariana,La Soukra,Appartement,vente,36.8625,10.1956,2000.0,23.333333333333332,0.0,,,,,,,,,,,,,,,,,,,,,,,,,,,,,,,,,,,,,,,,,,,,,,,,,,,,,,,,,,,,,,,,,,,,,,,,,,,
743,130.0,3.0,3.0,210000.0,1.0,1.0,,,,,,,,,Ariana,Ariana Ville,Appartement,vente,36.8587351,10.188232,1615.3846153846155,43.333333333333336,3.0,,,,,,,,,,,,,,,,,,,,,,,,,,,,,,,,,,,,,,,,,,,,,,,,,,,,,,,,,,,,,,,,,,,,,,,,,,,
744,155.0,4.0,,380000.0,1.0,,,,,,,,,1.0,Tunis,Sidi El Bechir,Appartement,vente,36.8065,10.1815,2451.6129032258063,38.75,0.0,,,,,,,,,,,,,,,,,,,,,,,,,,,,,,,,,,,,,,,,,,,,0.10100082,0.0008053152,0.019586504,0.0060687615,0.08899288,0.12833343,0.13378252,0.044041745,0.026347458,-0.17407307,0.0584462,-0.050102122,0.06455488,0.08050735,-0.0067085843,-0.0062749884,-0.13923165,0.034740176,0.049474455,-0.011807574,0.05263735,0.012867383,0.019398034,-0.05025184,-0.025395526,0.0169654,-0.004547875,-0.010282617,0.054031488,0.04709738,0.059404384,-0.066099964
745,150.0,4.0,,350000.0,1.0,,1.0,1.0,,,,1.0,,,Ariana,Raoued,Appartement,vente,36.8625,10.1956,2333.3333333333335,37.5,0.0,,,,,,,,,,,,,,,,,,,,,,,,,,,,,,,,,,,,,,,,,,,,,,,,,,,,,,,,,,,,,,,,,,,,,,,,,,,
746,126.0,4.0,,335000.0,,,,,,,,1.0,,,Sousse,Sousse Jaouhara,Appartement,vente,35.8512042,10.6062129,2658.7301587301586,31.5,0.0,,,,,,,,,,,,,,,,,,,,,,,,,,,,,,,,,,,,,,,,,,,,,,,,,,,,,,,,,,,,,,,,,,,,,,,,,,,
747,195.0,4.0,,370000.0,,,,,,,,,,,Nabeul,Kelibia,Appartement,vente,36.8456561,11.0935701,1897.4358974358975,48.75,0.0,,,,,,,,,,,,,,,,,,,,,,,,,,,,,,,,,,,,,,,,,,,,,,,,,,,,,,,,,,,,,,,,,,,,,,,,,,,
748,190.0,2.0,,220000.0,,,,,,,,,,1.0,Sousse,Hammam Sousse,Appartement,vente,35.8749788,10.5935183,1157.8947368421052,95.0,0.0,,,,,,,,,,,,,,,,,,,,,,,,,,,,,,,,,,,,,,,,,,,,,,,,,,,,,,,,,,,,,,,,,,,,,,,,,,,
749,40.0,1.0,,120000.0,,,,,,,,,,,Ariana,La Soukra,Appartement,vente,36.8749751,10.2454267,3000.0,40.0,0.0,,,,,,,,,,,,,,,,,,,,,,,,,,,,,,,,,,,,,,,,,,,,,,,,,,,,,,,,,,,,,,,,,,,,,,,,,,,
750,90.0,3.0,1.0,250000.0,,,1.0,,,,,,,1.0,Sousse,Hammam Sousse,Appartement,vente,35.8749788,10.5935183,2777.777777777778,30.0,0.0,,,,,,,,,,,,,,,,,,,,,,,,,,,,,,,,,,,,,,,,,,,,,,,,,,,,,,,,,,,,,,,,,,,,,,,,,,,
751,61.0,2.0,,214000.0,,1.0,1.0,1.0,,,,,,,Ariana,Ariana Ville,Appartement,vente,36.8599292,10.1531585,3508.1967213114754,30.5,0.0,,,,,,,,,,,,,,,,,,,,,,,,,,,,,,,,,,,,,,,,,,,,,,,,,,,,,,,,,,,,,,,,,,,,,,,,,,,
752,90.0,4.0,,244444.0,,,,,,,,,,,Ariana,Ariana Ville,Appartement,vente,36.8599292,10.1531585,2716.0444444444443,22.5,0.0,,,,,,,,,,,,,,,,,,,,,,,,,,,,,,,,,,,,,,,,,,,,,,,,,,,,,,,,,,,,,,,,,,,,,,,,,,,
753,170.0,,,160000.0,,,,,1.0,,,,,,Gabès,El Hamma,Appartement,vente,33.8894378,9.7997111,941.1764705882352,,0.0,,,,,,,,,,,,,,,,,,,,,,,,,,,,,,,,,,,,,,,,,,,,,,,,,,,,,,,,,,,,,,,,,,,,,,,,,,,
754,120.0,3.0,,245000.0,,,,,,,,,,,Sousse,Sousse Jaouhara,Appartement,vente,35.8512042,10.6062129,2041.6666666666667,40.0,0.0,,,,,,,,,,,,,,,,,,,,,,,,,,,,,,,,,,,,,,,,,,,,,,,,,,,,,,,,,,,,,,,,,,,,,,,,,,,
755,50.0,2.0,0.0,140000.0,,,,,,,,,,,Tunis,El Menzah,Appartement,vente,36.8443809,10.1819354,2800.0,25.0,0.0,,,,,,,,,,,,,,,,,,,,,,,,,,,,,,,,,,,,,,,,,,,,0.0038260922,-0.04114093,0.056548193,0.1024685,0.0521889,0.047749583,0.18067211,-0.17670807,-0.16026883,-0.038271897,0.053749375,0.05296811,-0.0037199361,0.048152238,-0.1607828,0.011797413,0.16402718,0.077765875,-0.11739585,0.01664455,0.071506165,0.004307165,0.008837231,0.10661748,0.02588124,0.016416436,-0.08244347,-0.037428692,-0.088171996,-0.058632687,-0.044849943,0.04628526
756,42.0,1.0,0.0,235000.0,,,,,,,,,1.0,,Sousse,Hammam Sousse,Appartement,vente,35.8913101,10.5852113,5595.238095238095,42.0,0.0,,,,,,,,,,,,,,,,,,,,,,,,,,,,,,,,,,,,,,,,,,,,,,,,,,,,,,,,,,,,,,,,,,,,,,,,,,,
757,63.0,3.0,,165000.0,,,1.0,1.0,,,,,,,Sousse,Sousse Ville,Appartement,vente,35.8245,10.6346,2619.0476190476193,21.0,0.0,,,,,,,,,,,,,,,,,,,,,,,,,,,,,,,,,,,,,,,,,,,,,,,,,,,,,,,,,,,,,,,,,,,,,,,,,,,
758,155.0,5.0,0.0,445000.0,,,1.0,1.0,,,1.0,,,1.0,Ariana,Ariana Ville,Appartement,vente,36.8599292,10.1531585,2870.967741935484,31.0,0.0,,,,,,,,,,,,,,,,,,,,,,,,,,,,,,,,,,,,,,,,,,,,,,,,,,,,,,,,,,,,,,,,,,,,,,,,,,,
759,46.0,2.0,,165000.0,,,,,,,,,1.0,,Sousse,Akouda,Appartement,vente,35.8245,10.6346,3586.9565217391305,23.0,0.0,,,,,,,,,,,,,,,,,,,,,,,,,,,,,,,,,,,,,,,,,,,,0.034964874,0.055311095,0.14279522,0.019179493,0.006135294,0.08258006,0.16795762,0.02368389,0.0738446,-0.22592953,0.22177726,-0.0072521423,-0.039746854,-0.09436605,0.032627463,-0.017886838,0.08956301,-0.026158165,-0.040163968,-0.08441926,0.021606648,0.03404925,0.018977612,0.012499005,-0.016899226,-0.051958468,0.002098853,0.085211344,0.026669674,-0.027260164,0.024330802,0.042137157
760,80.0,3.0,2.0,240000.0,1.0,,,,,,,,,,Tunis,Ain Zaghouan,Appartement,vente,36.8507178,10.2829345,3000.0,26.666666666666668,2.0,,,,,,,,,,,,,,,,,,,,,,,,,,,,,,,,,,,,,,,,,,,,,,,,,,,,,,,,,,,,,,,,,,,,,,,,,,,
761,128.0,2.0,,150000.0,,,,,,,,,,,Bizerte,Ghar El Melh,Appartement,vente,37.1677871,10.1731345,1171.875,64.0,0.0,,,,,,,,,,,,,,,,,,,,,,,,,,,,,,,,,,,,,,,,,,,,,,,,,,,,,,,,,,,,,,,,,,,,,,,,,,,
762,87.0,2.0,0.0,290000.0,,,,,,,,,,1.0,Tunis,La Marsa,Appartement,vente,36.8479251,10.2611996,3333.3333333333335,43.5,0.0,,,,,,,,,,,,,,,,,,,,,,,,,,,,,,,,,,,,,,,,,,,,,,,,,,,,,,,,,,,,,,,,,,,,,,,,,,,
763,60.0,1.0,,201000.0,1.0,,1.0,1.0,,,,,,,Tunis,La Marsa,Appartement,vente,36.8479251,10.2611996,3350.0,60.0,0.0,,,,,,,,,,,,,,,,,,,,,,,,,,,,,,,,,,,,,,,,,,,,,,,,,,,,,,,,,,,,,,,,,,,,,,,,,,,
764,120.0,4.0,,222000.0,,1.0,,,,,,,,,Manouba,Oued Ellil,Appartement,vente,36.832848,10.0390891,1850.0,30.0,0.0,,,,,,,,,,,,,,,,,,,,,,,,,,,,,,,,,,,,,,,,,,,,,,,,,,,,,,,,,,,,,,,,,,,,,,,,,,,
765,182.0,3.0,0.0,430000.0,,,,1.0,,,,,,1.0,Sousse,Hammam Sousse,Appartement,vente,35.8913101,10.5852113,2362.6373626373625,60.666666666666664,0.0,,,,,,,,,,,,,,,,,,,,,,,,,,,,,,,,,,,,,,,,,,,,,,,,,,,,,,,,,,,,,,,,,,,,,,,,,,,
766,65.0,2.0,,292500.0,,,,,,,,,,,Sousse,Sousse Jaouhara,Appartement,vente,35.8512042,10.6062129,4500.0,32.5,0.0,,,,,,,,,,,,,,,,,,,,,,,,,,,,,,,,,,,,,,,,,,,,,,,,,,,,,,,,,,,,,,,,,,,,,,,,,,,
767,137.0,4.0,,420000.0,,,,,,,,,,1.0,Nabeul,Hammamet,Appartement,vente,36.4012665,10.5572827,3065.693430656934,34.25,0.0,,,,,,,,,,,,,,,,,,,,,,,,,,,,,,,,,,,,,,,,,,,,,,,,,,,,,,,,,,,,,,,,,,,,,,,,,,,
768,100.0,3.0,,210000.0,,,,,,,,,,,Sousse,Sousse Ville,Appartement,vente,35.8245,10.6346,2100.0,33.333333333333336,0.0,,,,,,,,,,,,,,,,,,,,,,,,,,,,,,,,,,,,,,,,,,,,,,,,,,,,,,,,,,,,,,,,,,,,,,,,,,,
769,109.0,2.0,0.0,550000.0,,,,,,,1.0,,,,Tunis,La Marsa,Appartement,vente,36.8065,10.1815,5045.871559633028,54.5,0.0,,,,,,,,,,,,,,,,,,,,,,,,,,,,,,,,,,,,,,,,,,,,,,,,,,,,,,,,,,,,,,,,,,,,,,,,,,,
770,73.0,2.0,,350000.0,1.0,1.0,,1.0,,,,,1.0,,Sousse,Akouda,Appartement,vente,35.8245,10.6346,4794.520547945205,36.5,0.0,,,,,,,,,,,,,,,,,,,,,,,,,,,,,,,,,,,,,,,,,,,,,,,,,,,,,,,,,,,,,,,,,,,,,,,,,,,
771,71.0,2.0,,142000.0,1.0,,,,,,1.0,,,,Béja,Beja Nord,Appartement,vente,36.804235,9.2431375,2000.0,35.5,0.0,,,,,,,,,,,,,,,,,,,,,,,,,,,,,,,,,,,,,,,,,,,,,,,,,,,,,,,,,,,,,,,,,,,,,,,,,,,
772,70.0,1.0,4.0,80000.0,1.0,,,,,,,,,,Ben Arous,Nouvelle Medina,Appartement,vente,36.7575659,10.244981,1142.857142857143,70.0,4.0,,,,,,,,,,,,,,,,,,,,,,,,,,,,,,,,,,,,,,,,,,,,,,,,,,,,,,,,,,,,,,,,,,,,,,,,,,,
773,48.0,1.0,,220000.0,,,1.0,1.0,,,,,,,Ariana,La Soukra,Appartement,vente,36.8749751,10.2454267,4583.333333333333,48.0,0.0,,,,,,,,,,,,,,,,,,,,,,,,,,,,,,,,,,,,,,,,,,,,,,,,,,,,,,,,,,,,,,,,,,,,,,,,,,,
774,112.0,3.0,,240000.0,,,1.0,1.0,,,,,,,Ben Arous,Nouvelle Medina,Appartement,vente,36.7575659,10.244981,2142.8571428571427,37.333333333333336,0.0,,,,,,,,,,,,,,,,,,,,,,,,,,,,,,,,,,,,,,,,,,,,,,,,,,,,,,,,,,,,,,,,,,,,,,,,,,,
775,115.0,4.0,,220000.0,,,1.0,,,,,,,,Manouba,Mannouba,Appartement,vente,36.8095,10.098,1913.0434782608695,28.75,0.0,,,,,,,,,,,,,,,,,,,,,,,,,,,,,,,,,,,,,,,,,,,,,,,,,,,,,,,,,,,,,,,,,,,,,,,,,,,
776,146.0,4.0,,500000.0,,,1.0,1.0,,1.0,,1.0,,,Sousse,Sousse Jaouhara,Appartement,vente,35.8512042,10.6062129,3424.6575342465753,36.5,0.0,,,,,,,,,,,,,,,,,,,,,,,,,,,,,,,,,,,,,,,,,,,,,,,,,,,,,,,,,,,,,,,,,,,,,,,,,,,
777,149.0,3.0,,350000.0,,,1.0,1.0,,,,1.0,,,Ariana,Ariana Ville,Appartement,vente,36.8599292,10.1531585,2348.993288590604,49.666666666666664,0.0,,,,,,,,,,,,,,,,,,,,,,,,,,,,,,,,,,,,,,,,,,,,,,,,,,,,,,,,,,,,,,,,,,,,,,,,,,,
778,149.0,4.0,,510000.0,,,,,,,,1.0,,,Ariana,La Soukra,Appartement,vente,36.8749751,10.2454267,3422.818791946309,37.25,0.0,,,,,,,,,,,,,,,,,,,,,,,,,,,,,,,,,,,,,,,,,,,,,,,,,,,,,,,,,,,,,,,,,,,,,,,,,,,
779,75.0,2.0,3.0,135000.0,,1.0,1.0,,,,,,,,Ariana,Ariana Ville,Appartement,vente,36.8587351,10.188232,1800.0,37.5,0.0,,,,,,,,,,,,,,,,,,,,,,,,,,,,,,,,,,,,,,,,,,,,,,,,,,,,,,,,,,,,,,,,,,,,,,,,,,,
780,,1.0,,430000.0,,,,,,,1.0,1.0,1.0,,Monastir,Monastir,Appartement,vente,35.7707582,10.8280511,,,0.0,,,,,,,,,,,,,,,,,,,,,,,,,,,,,,,,,,,,,,,,,,,,,,,,,,,,,,,,,,,,,,,,,,,,,,,,,,,
781,156.0,2.0,0.0,300000.0,,,1.0,,,,1.0,1.0,,1.0,Ariana,La Soukra,Appartement,vente,36.8606537,10.2087006,1923.076923076923,78.0,0.0,,,,,,,,,,,,,,,,,,,,,,,,,,,,,,,,,,,,,,,,,,,,,,,,,,,,,,,,,,,,,,,,,,,,,,,,,,,
782,170.0,3.0,,395000.0,,,1.0,,,,,1.0,,,Nabeul,Nabeul,Appartement,vente,36.4512897,10.7355915,2323.529411764706,56.666666666666664,0.0,,,,,,,,,,,,,,,,,,,,,,,,,,,,,,,,,,,,,,,,,,,,,,,,,,,,,,,,,,,,,,,,,,,,,,,,,,,
783,70.0,1.0,4.0,80000.0,1.0,,,,,,,,,,Ben Arous,Nouvelle Medina,Appartement,vente,36.7575659,10.244981,1142.857142857143,70.0,4.0,,,,,,,,,,,,,,,,,,,,,,,,,,,,,,,,,,,,,,,,,,,,,,,,,,,,,,,,,,,,,,,,,,,,,,,,,,,
784,175.0,4.0,,540000.0,,,,,,,,1.0,,,Tunis,El Menzah,Appartement,vente,36.8443809,10.1819354,3085.714285714286,43.75,0.0,,,,,,,,,,,,,,,,,,,,,,,,,,,,,,,,,,,,,,,,,,,,,,,,,,,,,,,,,,,,,,,,,,,,,,,,,,,
785,100.0,3.0,,280000.0,,,1.0,1.0,,,,,,,Ben Arous,Ezzahra,Appartement,vente,36.7404497,10.3029461,2800.0,33.333333333333336,0.0,,,,,,,,,,,,,,,,,,,,,,,,,,,,,,,,,,,,,,,,,,,,,,,,,,,,,,,,,,,,,,,,,,,,,,,,,,,
786,112.0,2.0,,390000.0,,,1.0,1.0,,,1.0,,,,Nabeul,Hammamet,Appartement,vente,36.4012665,10.5572827,3482.1428571428573,56.0,0.0,,,,,,,,,,,,,,,,,,,,,,,,,,,,,,,,,,,,,,,,,,,,,,,,,,,,,,,,,,,,,,,,,,,,,,,,,,,
787,102.0,2.0,4.0,330000.0,,,1.0,1.0,,,,1.0,1.0,,Nabeul,Hammamet,Appartement,vente,36.4012665,10.5572827,3235.294117647059,51.0,0.0,,,,,,,,,,,,,,,,,,,,,,,,,,,,,,,,,,,,,,,,,,,,,,,,,,,,,,,,,,,,,,,,,,,,,,,,,,,
788,120.0,4.0,1.0,250000.0,,1.0,,,,,,,,,Tunis,El Menzah,Appartement,vente,36.8423974,10.1571247,2083.3333333333335,30.0,0.0,,,,,,,,,,,,,,,,,,,,,,,,,,,,,,,,,,,,,,,,,,,,,,,,,,,,,,,,,,,,,,,,,,,,,,,,,,,
789,90.0,3.0,,135000.0,,,,,,,,,,,Manouba,Mannouba,Appartement,vente,36.8095,10.098,1500.0,30.0,0.0,,,,,,,,,,,,,,,,,,,,,,,,,,,,,,,,,,,,,,,,,,,,,,,,,,,,,,,,,,,,,,,,,,,,,,,,,,,
790,100.0,3.0,4.0,140000.0,,1.0,,,,,,,,,Ben Arous,Rades,Appartement,vente,36.75305,10.2656845,1400.0,33.333333333333336,0.0,,,,,,,,,,,,,,,,,,,,,,,,,,,,,,,,,,,,,,,,,,,,,,,,,,,,,,,,,,,,,,,,,,,,,,,,,,,
791,70.0,1.0,,250000.0,,,1.0,1.0,,,,,,,Nabeul,Hammamet,Appartement,vente,36.4561,10.7376,3571.4285714285716,70.0,0.0,,,,,,,,,,,,,,,,,,,,,,,,,,,,,,,,,,,,,,,,,,,,,,,,,,,,,,,,,,,,,,,,,,,,,,,,,,,
792,110.0,2.0,2.0,290000.0,1.0,1.0,,,,,,,,,Ben Arous,Bou Mhel El Bassatine,Appartement,vente,36.753,10.228,2636.3636363636365,55.0,2.0,,,,,,,,,,,,,,,,,,,,,,,,,,,,,,,,,,,,,,,,,,,,,,,,,,,,,,,,,,,,,,,,,,,,,,,,,,,
793,149.0,4.0,6.0,280000.0,,1.0,1.0,1.0,,,,1.0,,,Sfax,Sakiet Ezzit,Appartement,vente,34.8023823,10.7613107,1879.1946308724832,37.25,0.0,,,,,,,,,,,,,,,,,,,,,,,,,,,,,,,,,,,,,,,,,,,,,,,,,,,,,,,,,,,,,,,,,,,,,,,,,,,
794,95.0,3.0,,230000.0,,1.0,,,,,,1.0,,,Ariana,Ariana Ville,Appartement,vente,36.8625,10.1956,2421.0526315789475,31.666666666666668,0.0,,,,,,,,,,,,,,,,,,,,,,,,,,,,,,,,,,,,,,,,,,,,,,,,,,,,,,,,,,,,,,,,,,,,,,,,,,,
795,118.0,1.0,0.0,305000.0,,1.0,1.0,1.0,,,,1.0,,,Ariana,Ariana Ville,Appartement,vente,36.8625,10.1956,2584.7457627118642,118.0,0.0,,,,,,,,,,,,,,,,,,,,,,,,,,,,,,,,,,,,,,,,,,,,,,,,,,,,,,,,,,,,,,,,,,,,,,,,,,,
796,97.0,1.0,6.0,295000.0,1.0,,1.0,1.0,,,,1.0,,1.0,Tunis,Ain Zaghouan,Appartement,vente,36.8507178,10.2829345,3041.237113402062,97.0,6.0,,,,,,,,,,,,,,,,,,,,,,,,,,,,,,,,,,,,,,,,,,,,,,,,,,,,,,,,,,,,,,,,,,,,,,,,,,,
797,75.0,3.0,,110000.0,,,,1.0,,,,,,,Ben Arous,Rades,Appartement,vente,36.753,10.228,1466.6666666666667,25.0,0.0,,,,,,,,,,,,,,,,,,,,,,,,,,,,,,,,,,,,,,,,,,,,,,,,,,,,,,,,,,,,,,,,,,,,,,,,,,,
798,155.0,3.0,,625989.0,,1.0,1.0,1.0,,,,1.0,,,Ariana,La Soukra,Appartement,vente,36.8852466,10.2438059,4038.6387096774192,51.666666666666664,0.0,,,,,,,,,,,,,,,,,,,,,,,,,,,,,,,,,,,,,,,,,,,,,,,,,,,,,,,,,,,,,,,,,,,,,,,,,,,
799,135.0,4.0,,295000.0,,,,,,,,,,,Tunis,El Omrane Superieur,Appartement,vente,36.84177,10.1301259,2185.185185185185,33.75,0.0,,,,,,,,,,,,,,,,,,,,,,,,,,,,,,,,,,,,,,,,,,,,,,,,,,,,,,,,,,,,,,,,,,,,,,,,,,,
800,109.0,4.0,,350000.0,,,1.0,1.0,,,,1.0,,,Tunis,La Marsa,Appartement,vente,36.8479251,10.2611996,3211.0091743119265,27.25,0.0,,,,,,,,,,,,,,,,,,,,,,,,,,,,,,,,,,,,,,,,,,,,,,,,,,,,,,,,,,,,,,,,,,,,,,,,,,,
801,110.0,3.0,1.0,277000.0,,1.0,,1.0,,1.0,1.0,1.0,,,Tunis,La Marsa,Appartement,vente,36.8479251,10.2611996,2518.181818181818,36.666666666666664,0.0,,,,,,,,,,,,,,,,,,,,,,,,,,,,,,,,,,,,,,,,,,,,,,,,,,,,,,,,,,,,,,,,,,,,,,,,,,,
802,100.0,4.0,1.0,200000.0,,,,,,,,,,,Tunis,Bab Bhar,Appartement,vente,36.8170699,10.1784812,2000.0,25.0,0.0,,,,,,,,,,,,,,,,,,,,,,,,,,,,,,,,,,,,,,,,,,,,,,,,,,,,,,,,,,,,,,,,,,,,,,,,,,,
803,71.0,2.0,2.0,105000.0,,,,,,,,,,,Tunis,Bab Bhar,Appartement,vente,36.8170699,10.1784812,1478.8732394366198,35.5,0.0,,,,,,,,,,,,,,,,,,,,,,,,,,,,,,,,,,,,,,,,,,,,,,,,,,,,,,,,,,,,,,,,,,,,,,,,,,,
804,100.0,4.0,3.0,145000.0,,,,,,,,,,,Tunis,Bab Bhar,Appartement,vente,36.8170699,10.1784812,1450.0,25.0,0.0,,,,,,,,,,,,,,,,,,,,,,,,,,,,,,,,,,,,,,,,,,,,,,,,,,,,,,,,,,,,,,,,,,,,,,,,,,,
805,80.0,3.0,1.0,150000.0,,,,,,,,,,,Tunis,Bab Bhar,Appartement,vente,36.8170699,10.1784812,1875.0,26.666666666666668,0.0,,,,,,,,,,,,,,,,,,,,,,,,,,,,,,,,,,,,,,,,,,,,,,,,,,,,,,,,,,,,,,,,,,,,,,,,,,,
806,80.0,3.0,,115000.0,,,,,,,,,,,Tunis,La Medina,Appartement,vente,36.7997675,10.1756926,1437.5,26.666666666666668,0.0,,,,,,,,,,,,,,,,,,,,,,,,,,,,,,,,,,,,,,,,,,,,,,,,,,,,,,,,,,,,,,,,,,,,,,,,,,,
807,100.0,4.0,,160000.0,,,,,,,,,,,Ben Arous,El Mourouj,Appartement,vente,36.719825,10.2192362,1600.0,25.0,0.0,,,,,,,,,,,,,,,,,,,,,,,,,,,,,,,,,,,,,,,,,,,,,,,,,,,,,,,,,,,,,,,,,,,,,,,,,,,
808,90.0,3.0,,205000.0,,1.0,1.0,1.0,,,,,,,Tunis,El Menzah,Appartement,vente,36.8215855,10.1778355,2277.777777777778,30.0,0.0,,,,,,,,,,,,,,,,,,,,,,,,,,,,,,,,,,,,,,,,,,,,,,,,,,,,,,,,,,,,,,,,,,,,,,,,,,,
809,130.0,3.0,,385000.0,,,,,,,1.0,,,,Ariana,La Soukra,Appartement,vente,36.8749751,10.2454267,2961.5384615384614,43.333333333333336,0.0,,,,,,,,,,,,,,,,,,,,,,,,,,,,,,,,,,,,,,,,,,,,0.039354566,-0.014573867,0.008762626,-0.07077009,0.04881225,-0.062065348,0.029491352,0.11058882,-0.0601909,0.023293251,0.093482375,0.15940578,0.05674819,0.011032193,0.07024901,-0.0058867745,0.019334832,0.07964214,-0.1155897,0.033518996,-0.039785437,-0.085687414,-0.042599306,0.084228806,0.10286692,0.075886264,0.00426272,-0.017628655,0.068237536,-0.062028755,0.009367532,-0.018511977
810,56.0,1.0,,215000.0,,1.0,,,,,,,,,Tunis,La Marsa,Appartement,vente,36.8479251,10.2611996,3839.285714285714,56.0,0.0,,,,,,,,,,,,,,,,,,,,,,,,,,,,,,,,,,,,,,,,,,,,,,,,,,,,,,,,,,,,,,,,,,,,,,,,,,,
811,67.0,1.0,,250000.0,,,1.0,1.0,,,,1.0,,,Tunis,La Marsa,Appartement,vente,36.8479251,10.2611996,3731.3432835820895,67.0,0.0,,,,,,,,,,,,,,,,,,,,,,,,,,,,,,,,,,,,,,,,,,,,,,,,,,,,,,,,,,,,,,,,,,,,,,,,,,,
812,60.0,2.0,,289000.0,,,,,,,1.0,,,1.0,Tunis,La Marsa,Appartement,vente,36.8479251,10.2611996,4816.666666666667,30.0,0.0,,,,,,,,,,,,,,,,,,,,,,,,,,,,,,,,,,,,,,,,,,,,,,,,,,,,,,,,,,,,,,,,,,,,,,,,,,,
813,110.0,3.0,,190000.0,,,,,,,,,,,Ben Arous,El Mourouj,Appartement,vente,36.719825,10.2192362,1727.2727272727273,36.666666666666664,0.0,,,,,,,,,,,,,,,,,,,,,,,,,,,,,,,,,,,,,,,,,,,,,,,,,,,,,,,,,,,,,,,,,,,,,,,,,,,
814,70.0,3.0,3.0,160000.0,,1.0,,,,,,,,,Tunis,Le Bardo,Appartement,vente,36.8134113,10.1321911,2285.714285714286,23.333333333333332,0.0,,,,,,,,,,,,,,,,,,,,,,,,,,,,,,,,,,,,,,,,,,,,,,,,,,,,,,,,,,,,,,,,,,,,,,,,,,,
815,110.0,4.0,,185000.0,,,1.0,1.0,,,,1.0,,,Ben Arous,Nouvelle Medina,Appartement,vente,36.7575659,10.244981,1681.8181818181818,27.5,0.0,,,,,,,,,,,,,,,,,,,,,,,,,,,,,,,,,,,,,,,,,,,,,,,,,,,,,,,,,,,,,,,,,,,,,,,,,,,
816,108.0,4.0,2.0,175000.0,,,1.0,1.0,,,,1.0,,,Ben Arous,Rades,Appartement,vente,36.764815,10.2880423,1620.3703703703704,27.0,0.0,,,,,,,,,,,,,,,,,,,,,,,,,,,,,,,,,,,,,,,,,,,,,,,,,,,,,,,,,,,,,,,,,,,,,,,,,,,
817,120.0,3.0,0.0,330000.0,,1.0,,,,1.0,,1.0,,,Sousse,Akouda,Appartement,vente,35.8245,10.6346,2750.0,40.0,0.0,,,,,,,,,,,,,,,,,,,,,,,,,,,,,,,,,,,,,,,,,,,,,,,,,,,,,,,,,,,,,,,,,,,,,,,,,,,
818,165.0,3.0,,520000.0,,,1.0,1.0,,1.0,,1.0,,1.0,Ariana,La Soukra,Appartement,vente,36.8749751,10.2454267,3151.5151515151515,55.0,0.0,,,,,,,,,,,,,,,,,,,,,,,,,,,,,,,,,,,,,,,,,,,,,,,,,,,,,,,,,,,,,,,,,,,,,,,,,,,
819,110.0,3.0,4.0,295000.0,,,,,,,,1.0,,1.0,Tunis,Ain Zaghouan,Appartement,vente,36.8507178,10.2829345,2681.818181818182,36.666666666666664,0.0,,,,,,,,,,,,,,,,,,,,,,,,,,,,,,,,,,,,,,,,,,,,,,,,,,,,,,,,,,,,,,,,,,,,,,,,,,,
820,85.0,2.0,,140000.0,,1.0,,,,,,,,,Tunis,Bab Bhar,Appartement,vente,36.7992041,10.1756221,1647.0588235294117,42.5,0.0,,,,,,,,,,,,,,,,,,,,,,,,,,,,,,,,,,,,,,,,,,,,,,,,,,,,,,,,,,,,,,,,,,,,,,,,,,,
821,120.0,5.0,0.0,320000.0,,,,,,,,,,,Nabeul,Hammam El Ghezaz,Appartement,vente,36.873986,11.1082328,2666.6666666666665,24.0,0.0,,,,,,,,,,,,,,,,,,,,,,,,,,,,,,,,,,,,,,,,,,,,,,,,,,,,,,,,,,,,,,,,,,,,,,,,,,,
822,170.0,1.0,,370000.0,,,,,,,,,,1.0,Ben Arous,Ezzahra,Appartement,vente,36.7404497,10.3029461,2176.470588235294,170.0,0.0,,,,,,,,,,,,,,,,,,,,,,,,,,,,,,,,,,,,,,,,,,,,,,,,,,,,,,,,,,,,,,,,,,,,,,,,,,,
823,85.0,1.0,,165000.0,,,,,,,,1.0,,,Ariana,Raoued,Appartement,vente,36.9535973,10.1891941,1941.1764705882354,85.0,0.0,,,,,,,,,,,,,,,,,,,,,,,,,,,,,,,,,,,,,,,,,,,,,,,,,,,,,,,,,,,,,,,,,,,,,,,,,,,
824,,5.0,,430000.0,1.0,,,,,,,1.0,,1.0,Tunis,La Marsa,Appartement,vente,36.8479251,10.2611996,,,0.0,,,,,,,,,,,,,,,,,,,,,,,,,,,,,,,,,,,,,,,,,,,,,,,,,,,,,,,,,,,,,,,,,,,,,,,,,,,
825,60.0,2.0,,150000.0,,1.0,,,,,,,,,Tunis,Bab Bhar,Appartement,vente,36.7992041,10.1756221,2500.0,30.0,0.0,,,,,,,,,,,,,,,,,,,,,,,,,,,,,,,,,,,,,,,,,,,,,,,,,,,,,,,,,,,,,,,,,,,,,,,,,,,
826,64.0,3.0,,148000.0,,,,,,,,,,,Nabeul,Nabeul,Appartement,vente,36.4512897,10.7355915,2312.5,21.333333333333332,0.0,,,,,,,,,,,,,,,,,,,,,,,,,,,,,,,,,,,,,,,,,,,,,,,,,,,,,,,,,,,,,,,,,,,,,,,,,,,
827,128.0,4.0,,360000.0,1.0,,,1.0,,,,1.0,,,Ariana,Ariana Ville,Appartement,vente,36.8599292,10.1531585,2812.5,32.0,0.0,,,,,,,,,,,,,,,,,,,,,,,,,,,,,,,,,,,,,,,,,,,,,,,,,,,,,,,,,,,,,,,,,,,,,,,,,,,
828,115.0,3.0,4.0,135000.0,,1.0,,,,,,1.0,,,Ariana,La Soukra,Appartement,vente,36.8672168,10.1996663,1173.9130434782608,38.333333333333336,0.0,,,,,,,,,,,,,,,,,,,,,,,,,,,,,,,,,,,,,,,,,,,,,,,,,,,,,,,,,,,,,,,,,,,,,,,,,,,
829,66.0,2.0,4.0,243000.0,,,1.0,1.0,,,,1.0,,,Tunis,Ain Zaghouan,Appartement,vente,36.8507178,10.2829345,3681.818181818182,33.0,0.0,,,,,,,,,,,,,,,,,,,,,,,,,,,,,,,,,,,,,,,,,,,,,,,,,,,,,,,,,,,,,,,,,,,,,,,,,,,
830,124.0,1.0,,320000.0,,1.0,1.0,,,,,1.0,,,Tunis,Ain Zaghouan,Appartement,vente,36.8507178,10.2829345,2580.6451612903224,124.0,0.0,,,,,,,,,,,,,,,,,,,,,,,,,,,,,,,,,,,,,,,,,,,,,,,,,,,,,,,,,,,,,,,,,,,,,,,,,,,
831,103.0,3.0,,350000.0,1.0,,1.0,1.0,,1.0,,1.0,,,Ariana,La Soukra,Appartement,vente,36.8749751,10.2454267,3398.0582524271845,34.333333333333336,0.0,,,,,,,,,,,,,,,,,,,,,,,,,,,,,,,,,,,,,,,,,,,,,,,,,,,,,,,,,,,,,,,,,,,,,,,,,,,
832,80.0,3.0,,270000.0,1.0,,,,,,,1.0,,,Tunis,Ain Zaghouan,Appartement,vente,36.8507178,10.2829345,3375.0,26.666666666666668,0.0,,,,,,,,,,,,,,,,,,,,,,,,,,,,,,,,,,,,,,,,,,,,,,,,,,,,,,,,,,,,,,,,,,,,,,,,,,,
833,75.0,3.0,,145000.0,,,,,,,,,,,Tunis,Bab Bhar,Appartement,vente,36.8170699,10.1784812,1933.3333333333333,25.0,0.0,,,,,,,,,,,,,,,,,,,,,,,,,,,,,,,,,,,,,,,,,,,,,,,,,,,,,,,,,,,,,,,,,,,,,,,,,,,
834,84.0,2.0,0.0,298000.0,,,,1.0,,,,1.0,,1.0,Ariana,La Soukra,Appartement,vente,36.8811985,10.211819,3547.6190476190477,42.0,0.0,,,,,,,,,,,,,,,,,,,,,,,,,,,,,,,,,,,,,,,,,,,,,,,,,,,,,,,,,,,,,,,,,,,,,,,,,,,
835,180.0,3.0,0.0,420000.0,,,1.0,1.0,,,1.0,1.0,,1.0,Nabeul,Hammamet,Appartement,vente,36.4012665,10.5572827,2333.3333333333335,60.0,0.0,,,,,,,,,,,,,,,,,,,,,,,,,,,,,,,,,,,,,,,,,,,,,,,,,,,,,,,,,,,,,,,,,,,,,,,,,,,
836,178.0,4.0,3.0,680000.0,,,1.0,1.0,,,,1.0,1.0,1.0,Nabeul,Hammamet,Appartement,vente,36.4012665,10.5572827,3820.224719101124,44.5,0.0,,,,,,,,,,,,,,,,,,,,,,,,,,,,,,,,,,,,,,,,,,,,,,,,,,,,,,,,,,,,,,,,,,,,,,,,,,,
837,160.0,5.0,,500000.0,,,1.0,,,,,,,,Tunis,El Menzah,Appartement,vente,36.8292941,10.1657647,3125.0,32.0,0.0,,,,,,,,,,,,,,,,,,,,,,,,,,,,,,,,,,,,,,,,,,,,,,,,,,,,,,,,,,,,,,,,,,,,,,,,,,,
838,138.0,3.0,,365000.0,,,,,,,,1.0,,,Tunis,La Marsa,Appartement,vente,36.8479251,10.2611996,2644.927536231884,46.0,0.0,,,,,,,,,,,,,,,,,,,,,,,,,,,,,,,,,,,,,,,,,,,,-0.21892175,0.056206297,0.22684216,0.014732716,-0.018663239,0.06281459,-0.09752099,-0.06817106,-0.04307698,-0.011003823,-0.04612917,-0.0018990529,-0.035973772,-0.055143543,-0.039496426,0.014415525,0.05601762,0.03439816,-0.0013273206,0.050775867,-0.013246529,0.016168814,0.039892823,-0.07887217,0.0177078,-0.0059784153,0.011583413,0.007615708,-0.0033059926,-0.06747175,0.0021785838,-0.03794352
839,184.0,1.0,0.0,650000.0,,,1.0,1.0,,,1.0,,,,Tunis,Ain Zaghouan,Appartement,vente,36.8507178,10.2829345,3532.608695652174,184.0,0.0,,,,,,,,,,,,,,,,,,,,,,,,,,,,,,,,,,,,,,,,,,,,,,,,,,,,,,,,,,,,,,,,,,,,,,,,,,,
840,95.0,2.0,,370000.0,,1.0,1.0,1.0,,,,1.0,,,Tunis,Ain Zaghouan,Appartement,vente,36.8507178,10.2829345,3894.7368421052633,47.5,0.0,,,,,,,,,,,,,,,,,,,,,,,,,,,,,,,,,,,,,,,,,,,,,,,,,,,,,,,,,,,,,,,,,,,,,,,,,,,
841,60.0,1.0,,160000.0,,,,,,,,,,,Tunis,Ain Zaghouan,Appartement,vente,36.8507178,10.2829345,2666.6666666666665,60.0,0.0,,,,,,,,,,,,,,,,,,,,,,,,,,,,,,,,,,,,,,,,,,,,,,,,,,,,,,,,,,,,,,,,,,,,,,,,,,,
842,85.0,4.0,3.0,130000.0,,1.0,,,,,,,,,Ben Arous,Rades,Appartement,vente,36.753,10.228,1529.4117647058824,21.25,0.0,,,,,,,,,,,,,,,,,,,,,,,,,,,,,,,,,,,,,,,,,,,,,,,,,,,,,,,,,,,,,,,,,,,,,,,,,,,
843,80.0,3.0,,270000.0,1.0,,,,,,,,,,Ben Arous,El Mourouj,Appartement,vente,36.719825,10.2192362,3375.0,26.666666666666668,0.0,,,,,,,,,,,,,,,,,,,,,,,,,,,,,,,,,,,,,,,,,,,,,,,,,,,,,,,,,,,,,,,,,,,,,,,,,,,
844,80.0,3.0,,160000.0,,,,,,,,,,,Ben Arous,El Mourouj,Appartement,vente,36.719825,10.2192362,2000.0,26.666666666666668,0.0,,,,,,,,,,,,,,,,,,,,,,,,,,,,,,,,,,,,,,,,,,,,,,,,,,,,,,,,,,,,,,,,,,,,,,,,,,,
845,,3.0,,260000.0,1.0,1.0,1.0,1.0,,,,1.0,,,Ariana,Ariana Ville,Appartement,vente,36.8484562,10.1634244,,,0.0,,,,,,,,,,,,,,,,,,,,,,,,,,,,,,,,,,,,,,,,,,,,,,,,,,,,,,,,,,,,,,,,,,,,,,,,,,,
846,90.0,4.0,,165000.0,1.0,,,1.0,,,,,,,Tunis,Bab Bhar,Appartement,vente,36.811565,10.1769871,1833.3333333333333,22.5,0.0,,,,,,,,,,,,,,,,,,,,,,,,,,,,,,,,,,,,,,,,,,,,,,,,,,,,,,,,,,,,,,,,,,,,,,,,,,,
847,111.0,4.0,,180000.0,,,,,,,,,,,Manouba,Mannouba,Appartement,vente,36.8095,10.098,1621.6216216216217,27.75,0.0,,,,,,,,,,,,,,,,,,,,,,,,,,,,,,,,,,,,,,,,,,,,,,,,,,,,,,,,,,,,,,,,,,,,,,,,,,,
848,125.0,2.0,,130000.0,,,,,,,,,,,Manouba,Mornaguia,Appartement,vente,36.7571648,10.014927,1040.0,62.5,0.0,,,,,,,,,,,,,,,,,,,,,,,,,,,,,,,,,,,,,,,,,,,,,,,,,,,,,,,,,,,,,,,,,,,,,,,,,,,
849,72.0,2.0,,185000.0,1.0,,,,,,,,,,Ben Arous,Ben Arous,Appartement,vente,36.7516855,10.2245072,2569.4444444444443,36.0,0.0,,,,,,,,,,,,,,,,,,,,,,,,,,,,,,,,,,,,,,,,,,,,,,,,,,,,,,,,,,,,,,,,,,,,,,,,,,,
850,144.0,3.0,1.0,340000.0,,,,,,,,1.0,,,Ben Arous,Ezzahra,Appartement,vente,36.7404497,10.3029461,2361.1111111111113,48.0,0.0,,,,,,,,,,,,,,,,,,,,,,,,,,,,,,,,,,,,,,,,,,,,,,,,,,,,,,,,,,,,,,,,,,,,,,,,,,,
851,120.0,2.0,,590000.0,1.0,,1.0,1.0,,1.0,,,,,Sousse,Sousse Ville,Appartement,vente,35.8137916,10.5208721,4916.666666666667,60.0,0.0,,,,,,,,,,,,,,,,,,,,,,,,,,,,,,,,,,,,,,,,,,,,,,,,,,,,,,,,,,,,,,,,,,,,,,,,,,,
852,80.0,2.0,3.0,220000.0,,,,1.0,,,,,,,Nabeul,Kelibia,Appartement,vente,36.8456561,11.0935701,2750.0,40.0,0.0,,,,,,,,,,,,,,,,,,,,,,,,,,,,,,,,,,,,,,,,,,,,,,,,,,,,,,,,,,,,,,,,,,,,,,,,,,,
853,97.0,1.0,,300000.0,,,,,,,,1.0,,1.0,Tunis,El Menzah,Appartement,vente,36.8443809,10.1819354,3092.783505154639,97.0,0.0,,,,,,,,,,,,,,,,,,,,,,,,,,,,,,,,,,,,,,,,,,,,,,,,,,,,,,,,,,,,,,,,,,,,,,,,,,,
854,,3.0,,265000.0,,1.0,,,,,1.0,1.0,,,Tunis,El Menzah,Appartement,vente,36.8423974,10.1571247,,,0.0,,,,,,,,,,,,,,,,,,,,,,,,,,,,,,,,,,,,,,,,,,,,,,,,,,,,,,,,,,,,,,,,,,,,,,,,,,,
855,160.0,4.0,1.0,580000.0,1.0,,1.0,1.0,,,,1.0,,1.0,Tunis,La Marsa,Appartement,vente,36.8826682,10.3080504,3625.0,40.0,1.0,,,,,,,,,,,,,,,,,,,,,,,,,,,,,,,,,,,,,,,,,,,,,,,,,,,,,,,,,,,,,,,,,,,,,,,,,,,
856,75.0,2.0,3.0,210000.0,,,1.0,,,,,,,,Ben Arous,Nouvelle Medina,Appartement,vente,36.7575659,10.244981,2800.0,37.5,0.0,,,,,,,,,,,,,,,,,,,,,,,,,,,,,,,,,,,,,,,,,,,,,,,,,,,,,,,,,,,,,,,,,,,,,,,,,,,
857,132.0,1.0,,260000.0,1.0,1.0,,,,,,,,,Ben Arous,El Mourouj,Appartement,vente,36.719825,10.2192362,1969.6969696969697,132.0,0.0,,,,,,,,,,,,,,,,,,,,,,,,,,,,,,,,,,,,,,,,,,,,,,,,,,,,,,,,,,,,,,,,,,,,,,,,,,,
858,95.0,2.0,4.0,245000.0,1.0,1.0,,,,,,,,,Tunis,Bab Bhar,Appartement,vente,36.7992041,10.1756221,2578.9473684210525,47.5,4.0,,,,,,,,,,,,,,,,,,,,,,,,,,,,,,,,,,,,,,,,,,,,,,,,,,,,,,,,,,,,,,,,,,,,,,,,,,,
859,60.0,2.0,1.0,137000.0,,1.0,,,,,,,,,Tunis,Bab Bhar,Appartement,vente,36.7992041,10.1756221,2283.3333333333335,30.0,0.0,,,,,,,,,,,,,,,,,,,,,,,,,,,,,,,,,,,,,,,,,,,,,,,,,,,,,,,,,,,,,,,,,,,,,,,,,,,
860,105.0,2.0,0.0,273820.0,,1.0,,,,,,1.0,,,Ben Arous,Nouvelle Medina,Appartement,vente,36.7575659,10.244981,2607.809523809524,52.5,0.0,,,,,,,,,,,,,,,,,,,,,,,,,,,,,,,,,,,,,,,,,,,,,,,,,,,,,,,,,,,,,,,,,,,,,,,,,,,
861,110.0,2.0,5.0,278880.0,,1.0,,,,,,1.0,,,Ben Arous,Nouvelle Medina,Appartement,vente,36.7575659,10.244981,2535.2727272727275,55.0,0.0,,,,,,,,,,,,,,,,,,,,,,,,,,,,,,,,,,,,,,,,,,,,,,,,,,,,,,,,,,,,,,,,,,,,,,,,,,,
862,105.0,2.0,6.0,268770.0,,1.0,,,,,,1.0,,,Ben Arous,Nouvelle Medina,Appartement,vente,36.7575659,10.244981,2559.714285714286,52.5,0.0,,,,,,,,,,,,,,,,,,,,,,,,,,,,,,,,,,,,,,,,,,,,,,,,,,,,,,,,,,,,,,,,,,,,,,,,,,,
863,62.0,1.0,7.0,164740.0,1.0,,1.0,1.0,,,,,,,Ben Arous,Nouvelle Medina,Appartement,vente,36.7575659,10.244981,2657.0967741935483,62.0,7.0,,,,,,,,,,,,,,,,,,,,,,,,,,,,,,,,,,,,,,,,,,,,,,,,,,,,,,,,,,,,,,,,,,,,,,,,,,,
864,85.0,3.0,2.0,155000.0,,,,,,,,1.0,,,Ben Arous,El Mourouj,Appartement,vente,36.719825,10.2192362,1823.5294117647059,28.333333333333332,0.0,,,,,,,,,,,,,,,,,,,,,,,,,,,,,,,,,,,,,,,,,,,,,,,,,,,,,,,,,,,,,,,,,,,,,,,,,,,
865,75.0,2.0,,195000.0,1.0,,1.0,1.0,,,,,,,Ariana,La Soukra,Appartement,vente,36.8625,10.1956,2600.0,37.5,0.0,,,,,,,,,,,,,,,,,,,,,,,,,,,,,,,,,,,,,,,,,,,,,,,,,,,,,,,,,,,,,,,,,,,,,,,,,,,
866,130.0,1.0,2.0,355000.0,1.0,1.0,1.0,1.0,,,,1.0,,,Ariana,Ariana Ville,Appartement,vente,36.8625,10.1956,2730.769230769231,130.0,2.0,,,,,,,,,,,,,,,,,,,,,,,,,,,,,,,,,,,,,,,,,,,,,,,,,,,,,,,,,,,,,,,,,,,,,,,,,,,
867,66.0,1.0,2.0,238000.0,,1.0,1.0,1.0,,,,1.0,,,Ariana,La Soukra,Appartement,vente,36.8749751,10.2454267,3606.060606060606,66.0,0.0,,,,,,,,,,,,,,,,,,,,,,,,,,,,,,,,,,,,,,,,,,,,,,,,,,,,,,,,,,,,,,,,,,,,,,,,,,,
868,105.0,3.0,,260000.0,1.0,1.0,1.0,,,,,1.0,,,Tunis,El Menzah,Appartement,vente,36.8336187,10.1471736,2476.190476190476,35.0,0.0,,,,,,,,,,,,,,,,,,,,,,,,,,,,,,,,,,,,,,,,,,,,,,,,,,,,,,,,,,,,,,,,,,,,,,,,,,,
869,112.0,3.0,,280000.0,1.0,1.0,,,,,,,,,Ben Arous,Hammam Chatt,Appartement,vente,36.7136861,10.3691813,2500.0,37.333333333333336,0.0,,,,,,,,,,,,,,,,,,,,,,,,,,,,,,,,,,,,,,,,,,,,,,,,,,,,,,,,,,,,,,,,,,,,,,,,,,,
870,216.0,3.0,0.0,380000.0,,,,,,,1.0,,,,Manouba,Mornaguia,Appartement,vente,36.7571648,10.014927,1759.2592592592594,72.0,0.0,,,,,,,,,,,,,,,,,,,,,,,,,,,,,,,,,,,,,,,,,,,,,,,,,,,,,,,,,,,,,,,,,,,,,,,,,,,
871,184.0,5.0,2.0,690000.0,,,,,,,,1.0,,1.0,Ariana,La Soukra,Appartement,vente,36.8749751,10.2454267,3750.0,36.8,0.0,,,,,,,,,,,,,,,,,,,,,,,,,,,,,,,,,,,,,,,,,,,,-0.09131519,-0.0105118845,0.025211424,-0.049257502,0.048148524,0.07211375,0.015897203,-0.0041376515,0.03295502,-0.028891059,0.030067893,0.1486574,0.01663847,-0.00033625835,0.15054445,0.032365497,-0.06932138,0.04440103,-0.08149029,0.07558527,-0.04782639,-0.05003171,-0.025361866,0.06485603,0.024043333,0.015712682,-0.005113098,0.042807966,-0.11365266,-0.059075613,-0.0013919219,0.019537754
872,185.0,3.0,,210000.0,,,,,,,1.0,,,1.0,Nabeul,El Haouaria,Appartement,vente,36.4561,10.7376,1135.1351351351352,61.666666666666664,0.0,,,,,,,,,,,,,,,,,,,,,,,,,,,,,,,,,,,,,,,,,,,,,,,,,,,,,,,,,,,,,,,,,,,,,,,,,,,
873,120.0,4.0,2.0,650000.0,,,,,,,,,,,Tunis,La Marsa,Appartement,vente,36.8479251,10.2611996,5416.666666666667,30.0,0.0,,,,,,,,,,,,,,,,,,,,,,,,,,,,,,,,,,,,,,,,,,,,,,,,,,,,,,,,,,,,,,,,,,,,,,,,,,,
874,122.0,3.0,1.0,140000.0,,1.0,,,,,,,,,Bizerte,Bizerte Nord,Appartement,vente,37.2744,9.8739,1147.5409836065573,40.666666666666664,0.0,,,,,,,,,,,,,,,,,,,,,,,,,,,,,,,,,,,,,,,,,,,,,,,,,,,,,,,,,,,,,,,,,,,,,,,,,,,
875,160.0,1.0,,380000.0,,1.0,,,,,,,,,Ariana,Ariana Ville,Appartement,vente,36.8599292,10.1531585,2375.0,160.0,0.0,,,,,,,,,,,,,,,,,,,,,,,,,,,,,,,,,,,,,,,,,,,,,,,,,,,,,,,,,,,,,,,,,,,,,,,,,,,
876,80.0,2.0,,155000.0,,,1.0,1.0,,,,,,,Tunis,Bab Bhar,Appartement,vente,36.7992041,10.1756221,1937.5,40.0,0.0,,,,,,,,,,,,,,,,,,,,,,,,,,,,,,,,,,,,,,,,,,,,,,,,,,,,,,,,,,,,,,,,,,,,,,,,,,,
877,63.0,1.0,1.0,172820.0,,1.0,,,,,,1.0,,,Ben Arous,Nouvelle Medina,Appartement,vente,36.7575659,10.244981,2743.1746031746034,63.0,0.0,,,,,,,,,,,,,,,,,,,,,,,,,,,,,,,,,,,,,,,,,,,,,,,,,,,,,,,,,,,,,,,,,,,,,,,,,,,
878,112.0,2.0,3.0,275840.0,,1.0,,,,,,1.0,,,Ben Arous,Nouvelle Medina,Appartement,vente,36.7575659,10.244981,2462.8571428571427,56.0,0.0,,,,,,,,,,,,,,,,,,,,,,,,,,,,,,,,,,,,,,,,,,,,,,,,,,,,,,,,,,,,,,,,,,,,,,,,,,,
879,117.0,3.0,,320000.0,,,,,,,,,,,Sousse,Akouda,Appartement,vente,35.8245,10.6346,2735.042735042735,39.0,0.0,,,,,,,,,,,,,,,,,,,,,,,,,,,,,,,,,,,,,,,,,,,,,,,,,,,,,,,,,,,,,,,,,,,,,,,,,,,
880,120.0,5.0,0.0,145000.0,,,,,1.0,,,,,1.0,Béja,Beja Nord,Appartement,vente,36.804235,9.2431375,1208.3333333333333,24.0,0.0,,,,,,,,,,,,,,,,,,,,,,,,,,,,,,,,,,,,,,,,,,,,,,,,,,,,,,,,,,,,,,,,,,,,,,,,,,,
881,100.0,3.0,4.0,250000.0,,,1.0,,,,,,,1.0,Tunis,Le Bardo,Appartement,vente,36.8134113,10.1321911,2500.0,33.333333333333336,0.0,,,,,,,,,,,,,,,,,,,,,,,,,,,,,,,,,,,,,,,,,,,,,,,,,,,,,,,,,,,,,,,,,,,,,,,,,,,
882,182.0,3.0,,440000.0,,1.0,,,,,,,,,Bizerte,Bizerte Nord,Appartement,vente,37.2720905,9.8708565,2417.5824175824177,60.666666666666664,0.0,,,,,,,,,,,,,,,,,,,,,,,,,,,,,,,,,,,,,,,,,,,,,,,,,,,,,,,,,,,,,,,,,,,,,,,,,,,
883,80.0,3.0,1.0,160000.0,,,,,,,,,,,Ben Arous,Hammam Chatt,Appartement,vente,36.7019512,10.3964906,2000.0,26.666666666666668,0.0,,,,,,,,,,,,,,,,,,,,,,,,,,,,,,,,,,,,,,,,,,,,,,,,,,,,,,,,,,,,,,,,,,,,,,,,,,,
884,120.0,4.0,,470000.0,,,,,1.0,,,,,,Ben Arous,Ezzahra,Appartement,vente,36.7404497,10.3029461,3916.6666666666665,30.0,0.0,,,,,,,,,,,,,,,,,,,,,,,,,,,,,,,,,,,,,,,,,,,,,,,,,,,,,,,,,,,,,,,,,,,,,,,,,,,
885,94.0,3.0,,200000.0,,,,,,,,,,,Ariana,La Soukra,Appartement,vente,36.8749751,10.2454267,2127.659574468085,31.333333333333332,0.0,,,,,,,,,,,,,,,,,,,,,,,,,,,,,,,,,,,,,,,,,,,,,,,,,,,,,,,,,,,,,,,,,,,,,,,,,,,
886,80.0,3.0,1.0,160000.0,,,,,,,,,,,Ben Arous,Hammam Chatt,Appartement,vente,36.7019512,10.3964906,2000.0,26.666666666666668,0.0,,,,,,,,,,,,,,,,,,,,,,,,,,,,,,,,,,,,,,,,,,,,,,,,,,,,,,,,,,,,,,,,,,,,,,,,,,,
887,139.0,4.0,,230000.0,,1.0,,,,,,,,,Nabeul,Kelibia,Appartement,vente,36.8456561,11.0935701,1654.6762589928057,34.75,0.0,,,,,,,,,,,,,,,,,,,,,,,,,,,,,,,,,,,,,,,,,,,,,,,,,,,,,,,,,,,,,,,,,,,,,,,,,,,
888,125.0,1.0,,255000.0,,,1.0,,,,,1.0,,,Ariana,Ariana Ville,Appartement,vente,36.8541206,10.1626718,2040.0,125.0,0.0,,,,,,,,,,,,,,,,,,,,,,,,,,,,,,,,,,,,,,,,,,,,-0.0879806,0.060050562,0.043114852,5.2688985e-05,0.067072414,0.0019830347,-0.19311208,-0.025909103,-0.07915827,-0.14527026,-0.096730664,0.07436056,-0.014449202,0.07719156,-0.021513334,-0.00043465508,0.061963465,-0.015948132,0.07422424,0.0041738735,0.02469016,-0.08354781,-0.0040023047,0.026696194,-0.00630427,0.03100131,-0.04336189,-0.021412902,-0.04381829,-0.039295543,-0.051175643,-0.035851356
889,70.0,1.0,,266000.0,1.0,,,,,1.0,,1.0,1.0,,Mahdia,Mahdia,Appartement,vente,35.503642,11.0682429,3800.0,70.0,0.0,,,,,,,,,,,,,,,,,,,,,,,,,,,,,,,,,,,,,,,,,,,,,,,,,,,,,,,,,,,,,,,,,,,,,,,,,,,
890,178.0,4.0,3.0,680000.0,,,1.0,1.0,,,,1.0,1.0,1.0,Nabeul,Hammamet,Appartement,vente,36.4561,10.7376,3820.224719101124,44.5,0.0,,,,,,,,,,,,,,,,,,,,,,,,,,,,,,,,,,,,,,,,,,,,,,,,,,,,,,,,,,,,,,,,,,,,,,,,,,,
891,91.0,2.0,5.0,274000.0,1.0,1.0,,,,,,,,,Tunis,Bab Bhar,Appartement,vente,36.811565,10.1769871,3010.989010989011,45.5,5.0,,,,,,,,,,,,,,,,,,,,,,,,,,,,,,,,,,,,,,,,,,,,,,,,,,,,,,,,,,,,,,,,,,,,,,,,,,,
892,50.0,3.0,0.0,140000.0,,,,1.0,1.0,,,,,1.0,Nabeul,Hammamet,Appartement,vente,36.4012665,10.5572827,2800.0,16.666666666666668,0.0,,,,,,,,,,,,,,,,,,,,,,,,,,,,,,,,,,,,,,,,,,,,,,,,,,,,,,,,,,,,,,,,,,,,,,,,,,,
893,72.0,3.0,,145000.0,,1.0,,,,,,1.0,,,Ben Arous,Nouvelle Medina,Appartement,vente,36.7575659,10.244981,2013.888888888889,24.0,0.0,,,,,,,,,,,,,,,,,,,,,,,,,,,,,,,,,,,,,,,,,,,,,,,,,,,,,,,,,,,,,,,,,,,,,,,,,,,
894,114.0,3.0,,375000.0,,,1.0,,,,,,,1.0,Tunis,La Marsa,Appartement,vente,36.8831907,10.3158038,3289.4736842105262,38.0,0.0,,,,,,,,,,,,,,,,,,,,,,,,,,,,,,,,,,,,,,,,,,,,,,,,,,,,,,,,,,,,,,,,,,,,,,,,,,,
895,104.0,3.0,4.0,157000.0,,1.0,1.0,,,,,1.0,,,Ben Arous,El Mourouj,Appartement,vente,36.753,10.228,1509.6153846153845,34.666666666666664,0.0,,,,,,,,,,,,,,,,,,,,,,,,,,,,,,,,,,,,,,,,,,,,,,,,,,,,,,,,,,,,,,,,,,,,,,,,,,,
896,184.0,5.0,0.0,615000.0,,,,,1.0,,,,,1.0,Ariana,La Soukra,Appartement,vente,36.8653305,10.2425306,3342.391304347826,36.8,0.0,,,,,,,,,,,,,,,,,,,,,,,,,,,,,,,,,,,,,,,,,,,,,,,,,,,,,,,,,,,,,,,,,,,,,,,,,,,
897,80.0,3.0,,175000.0,,,,,,,,,,,Ben Arous,Megrine,Appartement,vente,36.753,10.228,2187.5,26.666666666666668,0.0,,,,,,,,,,,,,,,,,,,,,,,,,,,,,,,,,,,,,,,,,,,,,,,,,,,,,,,,,,,,,,,,,,,,,,,,,,,
898,80.0,3.0,,130000.0,,,,,,,,,,,Tunis,Bab Bhar,Appartement,vente,36.7992041,10.1756221,1625.0,26.666666666666668,0.0,,,,,,,,,,,,,,,,,,,,,,,,,,,,,,,,,,,,,,,,,,,,,,,,,,,,,,,,,,,,,,,,,,,,,,,,,,,
899,130.0,3.0,1.0,540000.0,,1.0,,,,,,,,,Sousse,Hammam Sousse,Appartement,vente,35.8749788,10.5935183,4153.846153846154,43.333333333333336,0.0,,,,,,,,,,,,,,,,,,,,,,,,,,,,,,,,,,,,,,,,,,,,,,,,,,,,,,,,,,,,,,,,,,,,,,,,,,,
900,100.0,4.0,1.0,200000.0,,,,,,,,,,,Tunis,Bab Bhar,Appartement,vente,36.8170699,10.1784812,2000.0,25.0,0.0,,,,,,,,,,,,,,,,,,,,,,,,,,,,,,,,,,,,,,,,,,,,,,,,,,,,,,,,,,,,,,,,,,,,,,,,,,,
901,93.0,4.0,,115000.0,,,,,,,,,,,Ben Arous,Fouchana,Appartement,vente,36.753,10.228,1236.5591397849462,23.25,0.0,,,,,,,,,,,,,,,,,,,,,,,,,,,,,,,,,,,,,,,,,,,,,,,,,,,,,,,,,,,,,,,,,,,,,,,,,,,
902,100.0,4.0,1.0,230000.0,,1.0,,,,,,,,,Tunis,Cite El Khadra,Appartement,vente,36.8065,10.1815,2300.0,25.0,0.0,,,,,,,,,,,,,,,,,,,,,,,,,,,,,,,,,,,,,,,,,,,,,,,,,,,,,,,,,,,,,,,,,,,,,,,,,,,
903,69.0,2.0,1.0,165000.0,,,,,,,,,,,Tunis,La Goulette,Appartement,vente,36.8133756,10.2930588,2391.304347826087,34.5,0.0,,,,,,,,,,,,,,,,,,,,,,,,,,,,,,,,,,,,,,,,,,,,-0.1761421,0.009478975,0.18941805,0.13376074,-0.24451987,-0.07691937,-0.054068893,0.02056207,0.13634498,-0.03544356,0.09949759,-0.17884241,0.09624457,0.030554267,-0.08299302,0.03081559,0.007634487,-0.026905015,0.036899533,0.12568264,-0.03788803,-0.053816166,-0.06926167,0.07648333,-0.019921957,0.085663594,-0.034212783,0.06109465,0.054308977,0.0024492205,0.04036768,-0.019373646
904,149.0,3.0,,358000.0,,,,,,,,,,,Ben Arous,Nouvelle Medina,Appartement,vente,36.7575659,10.244981,2402.6845637583892,49.666666666666664,0.0,,,,,,,,,,,,,,,,,,,,,,,,,,,,,,,,,,,,,,,,,,,,,,,,,,,,,,,,,,,,,,,,,,,,,,,,,,,
905,168.0,4.0,3.0,390000.0,,,1.0,1.0,,,,,,,Tunis,El Menzah,Appartement,vente,36.8423974,10.1571247,2321.4285714285716,42.0,0.0,,,,,,,,,,,,,,,,,,,,,,,,,,,,,,,,,,,,,,,,,,,,,,,,,,,,,,,,,,,,,,,,,,,,,,,,,,,
906,196.0,3.0,5.0,460000.0,1.0,,,,,,,,,,Sousse,Akouda,Appartement,vente,35.8245,10.6346,2346.938775510204,65.33333333333333,5.0,,,,,,,,,,,,,,,,,,,,,,,,,,,,,,,,,,,,,,,,,,,,,,,,,,,,,,,,,,,,,,,,,,,,,,,,,,,
907,,5.0,,450000.0,,,,,,,,,,,Sousse,Sousse Jaouhara,Appartement,vente,35.8359686,10.5995321,,,0.0,,,,,,,,,,,,,,,,,,,,,,,,,,,,,,,,,,,,,,,,,,,,,,,,,,,,,,,,,,,,,,,,,,,,,,,,,,,
908,110.0,3.0,3.0,374000.0,,1.0,1.0,1.0,,,,1.0,,,Nabeul,Hammamet,Appartement,vente,36.4012665,10.5572827,3400.0,36.666666666666664,0.0,,,,,,,,,,,,,,,,,,,,,,,,,,,,,,,,,,,,,,,,,,,,,,,,,,,,,,,,,,,,,,,,,,,,,,,,,,,
909,100.0,4.0,1.0,200000.0,1.0,,,,,,,,,1.0,Tunis,Bab Bhar,Appartement,vente,36.80335,10.2003509,2000.0,25.0,1.0,,,,,,,,,,,,,,,,,,,,,,,,,,,,,,,,,,,,,,,,,,,,,,,,,,,,,,,,,,,,,,,,,,,,,,,,,,,
910,110.0,3.0,1.0,220000.0,,,1.0,1.0,,,,,,,Ben Arous,Hammam Chatt,Appartement,vente,36.7019512,10.3964906,2000.0,36.666666666666664,0.0,,,,,,,,,,,,,,,,,,,,,,,,,,,,,,,,,,,,,,,,,,,,,,,,,,,,,,,,,,,,,,,,,,,,,,,,,,,
911,116.0,2.0,0.0,280000.0,,,,,,,,,,,Ben Arous,Nouvelle Medina,Appartement,vente,36.7575659,10.244981,2413.793103448276,58.0,0.0,,,,,,,,,,,,,,,,,,,,,,,,,,,,,,,,,,,,,,,,,,,,,,,,,,,,,,,,,,,,,,,,,,,,,,,,,,,
912,141.0,3.0,0.0,370000.0,,,,,,,,,,1.0,Ben Arous,Nouvelle Medina,Appartement,vente,36.7575659,10.244981,2624.113475177305,47.0,0.0,,,,,,,,,,,,,,,,,,,,,,,,,,,,,,,,,,,,,,,,,,,,,,,,,,,,,,,,,,,,,,,,,,,,,,,,,,,
913,130.0,4.0,2.0,260000.0,,1.0,,,,,,,,,Nabeul,Kelibia,Appartement,vente,36.8456561,11.0935701,2000.0,32.5,0.0,,,,,,,,,,,,,,,,,,,,,,,,,,,,,,,,,,,,,,,,,,,,,,,,,,,,,,,,,,,,,,,,,,,,,,,,,,,
914,180.0,4.0,,620000.0,1.0,1.0,1.0,1.0,,,,1.0,,,Tunis,El Menzah,Appartement,vente,36.8443809,10.1819354,3444.4444444444443,45.0,0.0,,,,,,,,,,,,,,,,,,,,,,,,,,,,,,,,,,,,,,,,,,,,,,,,,,,,,,,,,,,,,,,,,,,,,,,,,,,
915,115.0,1.0,,335000.0,,,,,,,,,,,Nabeul,Hammamet,Appartement,vente,36.4561,10.7376,2913.0434782608695,115.0,0.0,,,,,,,,,,,,,,,,,,,,,,,,,,,,,,,,,,,,,,,,,,,,,,,,,,,,,,,,,,,,,,,,,,,,,,,,,,,
916,71.0,3.0,,420000.0,,1.0,1.0,1.0,,,,,,,Nabeul,Hammamet,Appartement,vente,36.4012665,10.5572827,5915.492957746479,23.666666666666668,0.0,,,,,,,,,,,,,,,,,,,,,,,,,,,,,,,,,,,,,,,,,,,,,,,,,,,,,,,,,,,,,,,,,,,,,,,,,,,
917,61.0,1.0,,265000.0,,,,,,,,1.0,1.0,,Nabeul,Hammamet,Appartement,vente,36.4561,10.7376,4344.262295081967,61.0,0.0,,,,,,,,,,,,,,,,,,,,,,,,,,,,,,,,,,,,,,,,,,,,,,,,,,,,,,,,,,,,,,,,,,,,,,,,,,,
918,154.0,4.0,,310000.0,1.0,1.0,,,,,,,,,Tunis,Bab Bhar,Appartement,vente,36.7992041,10.1756221,2012.987012987013,38.5,0.0,,,,,,,,,,,,,,,,,,,,,,,,,,,,,,,,,,,,,,,,,,,,,,,,,,,,,,,,,,,,,,,,,,,,,,,,,,,
919,46.0,1.0,1.0,260000.0,,,,,,,,,,,Nabeul,Nabeul,Appartement,vente,36.4561,10.7376,5652.173913043478,46.0,0.0,,,,,,,,,,,,,,,,,,,,,,,,,,,,,,,,,,,,,,,,,,,,,,,,,,,,,,,,,,,,,,,,,,,,,,,,,,,
920,120.0,3.0,,630000.0,,,1.0,1.0,,,,1.0,,1.0,Ariana,La Soukra,Appartement,vente,36.8749751,10.2454267,5250.0,40.0,0.0,,,,,,,,,,,,,,,,,,,,,,,,,,,,,,,,,,,,,,,,,,,,,,,,,,,,,,,,,,,,,,,,,,,,,,,,,,,
921,100.0,4.0,,200000.0,,,,,,,,,,,Ben Arous,Ezzahra,Appartement,vente,36.7404497,10.3029461,2000.0,25.0,0.0,,,,,,,,,,,,,,,,,,,,,,,,,,,,,,,,,,,,,,,,,,,,,,,,,,,,,,,,,,,,,,,,,,,,,,,,,,,
922,90.0,3.0,,160000.0,,,,,,,,,,,Tunis,Bab Bhar,Appartement,vente,36.7992041,10.1756221,1777.7777777777778,30.0,0.0,,,,,,,,,,,,,,,,,,,,,,,,,,,,,,,,,,,,,,,,,,,,,,,,,,,,,,,,,,,,,,,,,,,,,,,,,,,
923,120.0,4.0,1.0,250000.0,,,,,,,,,,,Ben Arous,Ezzahra,Appartement,vente,36.7404497,10.3029461,2083.3333333333335,30.0,0.0,,,,,,,,,,,,,,,,,,,,,,,,,,,,,,,,,,,,,,,,,,,,,,,,,,,,,,,,,,,,,,,,,,,,,,,,,,,
924,90.0,3.0,1.0,170000.0,,,,,,,,,,,Tunis,Bab Bhar,Appartement,vente,36.7992041,10.1756221,1888.888888888889,30.0,0.0,,,,,,,,,,,,,,,,,,,,,,,,,,,,,,,,,,,,,,,,,,,,,,,,,,,,,,,,,,,,,,,,,,,,,,,,,,,
925,80.0,3.0,3.0,140000.0,,,,,,,,,,,Tunis,Bab Bhar,Appartement,vente,36.7992041,10.1756221,1750.0,26.666666666666668,0.0,,,,,,,,,,,,,,,,,,,,,,,,,,,,,,,,,,,,,,,,,,,,,,,,,,,,,,,,,,,,,,,,,,,,,,,,,,,
926,80.0,3.0,2.0,120000.0,,,,,,,,,,,Ben Arous,El Mourouj,Appartement,vente,36.719825,10.2192362,1500.0,26.666666666666668,0.0,,,,,,,,,,,,,,,,,,,,,,,,,,,,,,,,,,,,,,,,,,,,,,,,,,,,,,,,,,,,,,,,,,,,,,,,,,,
927,180.0,5.0,,260000.0,,,,,,,,,,,Tunis,Bab Bhar,Appartement,vente,36.8065,10.1815,1444.4444444444443,36.0,0.0,,,,,,,,,,,,,,,,,,,,,,,,,,,,,,,,,,,,,,,,,,,,,,,,,,,,,,,,,,,,,,,,,,,,,,,,,,,
928,80.0,3.0,,120000.0,,,,,,,,,,,Ben Arous,Ben Arous,Appartement,vente,36.7516855,10.2245072,1500.0,26.666666666666668,0.0,,,,,,,,,,,,,,,,,,,,,,,,,,,,,,,,,,,,,,,,,,,,,,,,,,,,,,,,,,,,,,,,,,,,,,,,,,,
929,80.0,3.0,3.0,120000.0,,,,,,,,,,,Ben Arous,Ben Arous,Appartement,vente,36.7516855,10.2245072,1500.0,26.666666666666668,0.0,,,,,,,,,,,,,,,,,,,,,,,,,,,,,,,,,,,,,,,,,,,,,,,,,,,,,,,,,,,,,,,,,,,,,,,,,,,
930,76.0,2.0,2.0,85000.0,,,,,,,,,,,Tunis,Le Bardo,Appartement,vente,36.81232,10.1263143,1118.421052631579,38.0,0.0,,,,,,,,,,,,,,,,,,,,,,,,,,,,,,,,,,,,,,,,,,,,,,,,,,,,,,,,,,,,,,,,,,,,,,,,,,,
931,80.0,1.0,,80000.0,,,,,,,,,,,Tunis,Bab Bhar,Appartement,vente,36.7992041,10.1756221,1000.0,80.0,0.0,,,,,,,,,,,,,,,,,,,,,,,,,,,,,,,,,,,,,,,,,,,,,,,,,,,,,,,,,,,,,,,,,,,,,,,,,,,
932,95.0,3.0,,215000.0,,,,,,,,,,,Ariana,Ariana Ville,Appartement,vente,36.8587351,10.188232,2263.157894736842,31.666666666666668,0.0,,,,,,,,,,,,,,,,,,,,,,,,,,,,,,,,,,,,,,,,,,,,,,,,,,,,,,,,,,,,,,,,,,,,,,,,,,,
933,85.0,3.0,,450000.0,,,,,,,,1.0,,,Ariana,Ariana Ville,Appartement,vente,36.8587351,10.188232,5294.117647058823,28.333333333333332,0.0,,,,,,,,,,,,,,,,,,,,,,,,,,,,,,,,,,,,,,,,,,,,,,,,,,,,,,,,,,,,,,,,,,,,,,,,,,,
934,109.0,3.0,4.0,180000.0,,,,,,,,,,,Tunis,El Menzah,Appartement,vente,36.8336187,10.1471736,1651.3761467889908,36.333333333333336,0.0,,,,,,,,,,,,,,,,,,,,,,,,,,,,,,,,,,,,,,,,,,,,,,,,,,,,,,,,,,,,,,,,,,,,,,,,,,,
935,70.0,1.0,,290000.0,,,,,,,1.0,,,,Tunis,El Kram,Appartement,vente,36.8601075,10.2898885,4142.857142857143,70.0,0.0,,,,,,,,,,,,,,,,,,,,,,,,,,,,,,,,,,,,,,,,,,,,,,,,,,,,,,,,,,,,,,,,,,,,,,,,,,,
936,116.0,3.0,,250000.0,,,,,,,,,,,Sousse,Hammam Sousse,Appartement,vente,35.8749788,10.5935183,2155.1724137931033,38.666666666666664,0.0,,,,,,,,,,,,,,,,,,,,,,,,,,,,,,,,,,,,,,,,,,,,,,,,,,,,,,,,,,,,,,,,,,,,,,,,,,,
937,120.0,3.0,,230000.0,,1.0,,,,,,,,,Ariana,La Soukra,Appartement,vente,36.8606537,10.2087006,1916.6666666666667,40.0,0.0,,,,,,,,,,,,,,,,,,,,,,,,,,,,,,,,,,,,,,,,,,,,-0.21221673,-0.115698665,0.1102867,0.028702412,-0.10413754,0.032707203,-0.035697106,-0.015200005,0.09686078,0.02761258,-0.12193573,0.060117032,-0.024744898,0.009004726,0.010349724,-0.05112273,0.04644897,-0.036620967,0.049836095,-0.04574463,0.035960156,-0.02197362,0.01805343,-0.041706484,0.06350804,0.018526841,0.044949062,0.06280455,-0.028067172,-0.06772151,0.051661875,0.03371785
938,130.0,3.0,4.0,440000.0,,,,,,,,,,,Ben Arous,Ben Arous,Appartement,vente,36.7516855,10.2245072,3384.6153846153848,43.333333333333336,0.0,,,,,,,,,,,,,,,,,,,,,,,,,,,,,,,,,,,,,,,,,,,,,,,,,,,,,,,,,,,,,,,,,,,,,,,,,,,
939,109.0,2.0,2.0,327000.0,,,,,,,,,,,Ben Arous,Nouvelle Medina,Appartement,vente,36.7420699,10.2407329,3000.0,54.5,0.0,,,,,,,,,,,,,,,,,,,,,,,,,,,,,,,,,,,,,,,,,,,,,,,,,,,,,,,,,,,,,,,,,,,,,,,,,,,
940,80.0,3.0,,145000.0,1.0,,,,,,,,,,Ben Arous,Rades,Appartement,vente,36.753,10.228,1812.5,26.666666666666668,0.0,,,,,,,,,,,,,,,,,,,,,,,,,,,,,,,,,,,,,,,,,,,,,,,,,,,,,,,,,,,,,,,,,,,,,,,,,,,
941,125.0,4.0,1.0,240000.0,,,,,,,,,,,Tunis,Bab Bhar,Appartement,vente,36.811565,10.1769871,1920.0,31.25,0.0,,,,,,,,,,,,,,,,,,,,,,,,,,,,,,,,,,,,,,,,,,,,,,,,,,,,,,,,,,,,,,,,,,,,,,,,,,,
942,80.0,3.0,,160000.0,,,,,,,,,,,Tunis,Bab Bhar,Appartement,vente,36.7992041,10.1756221,2000.0,26.666666666666668,0.0,,,,,,,,,,,,,,,,,,,,,,,,,,,,,,,,,,,,,,,,,,,,,,,,,,,,,,,,,,,,,,,,,,,,,,,,,,,
943,41.0,1.0,1.0,230000.0,,,1.0,1.0,,,,,,,Nabeul,Hammamet,Appartement,vente,36.4561,10.7376,5609.756097560976,41.0,0.0,,,,,,,,,,,,,,,,,,,,,,,,,,,,,,,,,,,,,,,,,,,,,,,,,,,,,,,,,,,,,,,,,,,,,,,,,,,
944,95.0,4.0,3.0,265000.0,,,,,,,,,,,Tunis,Bab Bhar,Appartement,vente,36.7992041,10.1756221,2789.4736842105262,23.75,0.0,,,,,,,,,,,,,,,,,,,,,,,,,,,,,,,,,,,,,,,,,,,,,,,,,,,,,,,,,,,,,,,,,,,,,,,,,,,
945,80.0,3.0,,180000.0,,,,,,,,,,,Tunis,Cite El Khadra,Appartement,vente,36.8291875,10.1903688,2250.0,26.666666666666668,0.0,,,,,,,,,,,,,,,,,,,,,,,,,,,,,,,,,,,,,,,,,,,,,,,,,,,,,,,,,,,,,,,,,,,,,,,,,,,
946,75.0,3.0,0.0,195000.0,,,,,,,,,,,Tunis,El Menzah,Appartement,vente,36.8336187,10.1471736,2600.0,25.0,0.0,,,,,,,,,,,,,,,,,,,,,,,,,,,,,,,,,,,,,,,,,,,,,,,,,,,,,,,,,,,,,,,,,,,,,,,,,,,
947,75.0,3.0,0.0,195000.0,,,,,,,,,,,Tunis,El Omrane Superieur,Appartement,vente,36.84177,10.1301259,2600.0,25.0,0.0,,,,,,,,,,,,,,,,,,,,,,,,,,,,,,,,,,,,,,,,,,,,,,,,,,,,,,,,,,,,,,,,,,,,,,,,,,,
948,134.0,4.0,0.0,450000.0,,1.0,,,,,,1.0,,,Ariana,Ariana Ville,Appartement,vente,36.8585478,10.1682756,3358.208955223881,33.5,0.0,,,,,,,,,,,,,,,,,,,,,,,,,,,,,,,,,,,,,,,,,,,,,,,,,,,,,,,,,,,,,,,,,,,,,,,,,,,
949,80.0,4.0,1.0,170000.0,,,,,,,,,,,Tunis,Bab Bhar,Appartement,vente,36.8170699,10.1784812,2125.0,20.0,0.0,,,,,,,,,,,,,,,,,,,,,,,,,,,,,,,,,,,,,,,,,,,,,,,,,,,,,,,,,,,,,,,,,,,,,,,,,,,
950,69.0,1.0,1.0,255000.0,,1.0,,1.0,,,,1.0,,,Tunis,Ain Zaghouan,Appartement,vente,36.8507178,10.2829345,3695.6521739130435,69.0,0.0,,,,,,,,,,,,,,,,,,,,,,,,,,,,,,,,,,,,,,,,,,,,,,,,,,,,,,,,,,,,,,,,,,,,,,,,,,,
951,90.0,2.0,,168000.0,,1.0,,,,,,,,,Ariana,Ariana Ville,Appartement,vente,36.8512722,10.1852853,1866.6666666666667,45.0,0.0,,,,,,,,,,,,,,,,,,,,,,,,,,,,,,,,,,,,,,,,,,,,,,,,,,,,,,,,,,,,,,,,,,,,,,,,,,,
952,160.0,3.0,0.0,330000.0,,,,,,,,1.0,,1.0,Nabeul,Hammamet,Appartement,vente,36.4012665,10.5572827,2062.5,53.333333333333336,0.0,,,,,,,,,,,,,,,,,,,,,,,,,,,,,,,,,,,,,,,,,,,,,,,,,,,,,,,,,,,,,,,,,,,,,,,,,,,
953,180.0,3.0,,540000.0,1.0,,,,,,,1.0,,,Tunis,El Menzah,Appartement,vente,36.8443809,10.1819354,3000.0,60.0,0.0,,,,,,,,,,,,,,,,,,,,,,,,,,,,,,,,,,,,,,,,,,,,,,,,,,,,,,,,,,,,,,,,,,,,,,,,,,,
954,80.0,3.0,1.0,170000.0,,1.0,1.0,,,,,1.0,,,Ben Arous,El Mourouj,Appartement,vente,36.719825,10.2192362,2125.0,26.666666666666668,0.0,,,,,,,,,,,,,,,,,,,,,,,,,,,,,,,,,,,,,,,,,,,,,,,,,,,,,,,,,,,,,,,,,,,,,,,,,,,
955,155.0,1.0,,450000.0,,,,,,,,,,1.0,Tunis,Carthage,Appartement,vente,36.8668692,10.3495656,2903.2258064516127,155.0,0.0,,,,,,,,,,,,,,,,,,,,,,,,,,,,,,,,,,,,,,,,,,,,,,,,,,,,,,,,,,,,,,,,,,,,,,,,,,,
956,120.0,3.0,1.0,398000.0,,,,,,,,,,1.0,Tunis,El Kram,Appartement,vente,36.8479991,10.2943555,3316.6666666666665,40.0,0.0,,,,,,,,,,,,,,,,,,,,,,,,,,,,,,,,,,,,,,,,,,,,,,,,,,,,,,,,,,,,,,,,,,,,,,,,,,,
957,86.0,2.0,,145000.0,,,,,,,,,,,Ariana,La Soukra,Appartement,vente,36.8702316,10.1996261,1686.046511627907,43.0,0.0,,,,,,,,,,,,,,,,,,,,,,,,,,,,,,,,,,,,,,,,,,,,,,,,,,,,,,,,,,,,,,,,,,,,,,,,,,,
958,185.0,5.0,,500000.0,,,,,,,,,,,Sfax,Sakiet Ezzit,Appartement,vente,34.8023823,10.7613107,2702.7027027027025,37.0,0.0,,,,,,,,,,,,,,,,,,,,,,,,,,,,,,,,,,,,,,,,,,,,,,,,,,,,,,,,,,,,,,,,,,,,,,,,,,,
959,199.0,5.0,,630000.0,,1.0,,,1.0,,,1.0,,1.0,Ariana,Ariana Ville,Appartement,vente,36.8585478,10.1682756,3165.829145728643,39.8,0.0,,,,,,,,,,,,,,,,,,,,,,,,,,,,,,,,,,,,,,,,,,,,,,,,,,,,,,,,,,,,,,,,,,,,,,,,,,,
960,95.0,3.0,,95000.0,,,,,,,,,,,Sousse,Sousse Riadh,Appartement,vente,35.8040805,10.6024567,1000.0,31.666666666666668,0.0,,,,,,,,,,,,,,,,,,,,,,,,,,,,,,,,,,,,,,,,,,,,-0.030859739,-0.042247165,0.15891136,-0.050025266,-0.064871386,-0.009096039,0.09443371,0.04427435,0.08079193,-0.23359896,-0.020731926,0.0318466,-0.063418075,-0.09620885,0.02075852,-0.002451463,0.04383079,0.049889807,0.057331406,-0.021876374,-0.002908456,-0.018408349,-0.03765065,0.011633807,-0.027105585,-0.059406828,-0.027837925,0.08523233,-0.01431272,0.000106336425,-0.054952487,-0.047191344
961,153.0,3.0,,450000.0,1.0,1.0,1.0,1.0,,,,1.0,1.0,1.0,Tunis,El Menzah,Appartement,vente,36.8443809,10.1819354,2941.176470588235,51.0,0.0,,,,,,,,,,,,,,,,,,,,,,,,,,,,,,,,,,,,,,,,,,,,,,,,,,,,,,,,,,,,,,,,,,,,,,,,,,,
962,145.0,2.0,0.0,300000.0,,,,,,,,,,1.0,Manouba,Mornaguia,Appartement,vente,36.7571648,10.014927,2068.9655172413795,72.5,0.0,,,,,,,,,,,,,,,,,,,,,,,,,,,,,,,,,,,,,,,,,,,,,,,,,,,,,,,,,,,,,,,,,,,,,,,,,,,
963,160.0,4.0,,320000.0,1.0,1.0,1.0,,,,,,,,Ariana,Ariana Ville,Appartement,vente,36.8484562,10.1634244,2000.0,40.0,0.0,,,,,,,,,,,,,,,,,,,,,,,,,,,,,,,,,,,,,,,,,,,,,,,,,,,,,,,,,,,,,,,,,,,,,,,,,,,
964,140.0,1.0,,100000.0,,,,,,,,,,,Ariana,La Soukra,Appartement,vente,36.8749751,10.2454267,714.2857142857143,140.0,0.0,,,,,,,,,,,,,,,,,,,,,,,,,,,,,,,,,,,,,,,,,,,,,,,,,,,,,,,,,,,,,,,,,,,,,,,,,,,
965,108.0,4.0,0.0,240000.0,,,,,,,,,,,Manouba,Mannouba,Appartement,vente,36.8095,10.098,2222.222222222222,27.0,0.0,,,,,,,,,,,,,,,,,,,,,,,,,,,,,,,,,,,,,,,,,,,,,,,,,,,,,,,,,,,,,,,,,,,,,,,,,,,
966,110.0,3.0,2.0,350000.0,1.0,1.0,1.0,1.0,,1.0,,1.0,1.0,,Nabeul,Hammamet,Appartement,vente,36.4012665,10.5572827,3181.818181818182,36.666666666666664,2.0,,,,,,,,,,,,,,,,,,,,,,,,,,,,,,,,,,,,,,,,,,,,,,,,,,,,,,,,,,,,,,,,,,,,,,,,,,,
967,98.0,3.0,0.0,150000.0,,,,,,,,,,1.0,Bizerte,Bizerte Nord,Appartement,vente,37.2720905,9.8708565,1530.6122448979593,32.666666666666664,0.0,,,,,,,,,,,,,,,,,,,,,,,,,,,,,,,,,,,,,,,,,,,,,,,,,,,,,,,,,,,,,,,,,,,,,,,,,,,
968,78.0,3.0,,195000.0,,,1.0,,,,,,,,Tunis,El Omrane,Appartement,vente,36.8149327,10.1675999,2500.0,26.0,0.0,,,,,,,,,,,,,,,,,,,,,,,,,,,,,,,,,,,,,,,,,,,,,,,,,,,,,,,,,,,,,,,,,,,,,,,,,,,
969,120.0,3.0,,415000.0,,1.0,,,,,,,,,Tunis,La Marsa,Appartement,vente,36.8479251,10.2611996,3458.3333333333335,40.0,0.0,,,,,,,,,,,,,,,,,,,,,,,,,,,,,,,,,,,,,,,,,,,,,,,,,,,,,,,,,,,,,,,,,,,,,,,,,,,
970,50.0,2.0,,185000.0,1.0,,,,,,,,,1.0,Ariana,Ariana Ville,Appartement,vente,36.8585478,10.1682756,3700.0,25.0,0.0,,,,,,,,,,,,,,,,,,,,,,,,,,,,,,,,,,,,,,,,,,,,,,,,,,,,,,,,,,,,,,,,,,,,,,,,,,,
971,124.0,3.0,0.0,330000.0,,,,,,,,,,,Tunis,La Goulette,Appartement,vente,36.8065,10.1815,2661.2903225806454,41.333333333333336,0.0,,,,,,,,,,,,,,,,,,,,,,,,,,,,,,,,,,,,,,,,,,,,,,,,,,,,,,,,,,,,,,,,,,,,,,,,,,,
972,60.0,2.0,,240000.0,,,,,,1.0,,,,,Tunis,La Marsa,Appartement,vente,36.8479251,10.2611996,4000.0,30.0,0.0,,,,,,,,,,,,,,,,,,,,,,,,,,,,,,,,,,,,,,,,,,,,,,,,,,,,,,,,,,,,,,,,,,,,,,,,,,,
973,48.0,2.0,5.0,170000.0,1.0,,1.0,,,,,1.0,,,Ariana,Ariana Ville,Appartement,vente,36.8599292,10.1531585,3541.6666666666665,24.0,5.0,,,,,,,,,,,,,,,,,,,,,,,,,,,,,,,,,,,,,,,,,,,,,,,,,,,,,,,,,,,,,,,,,,,,,,,,,,,
974,100.0,4.0,,200000.0,1.0,1.0,,,,1.0,,1.0,,,Tunis,El Omrane Superieur,Appartement,vente,36.84177,10.1301259,2000.0,25.0,0.0,,,,,,,,,,,,,,,,,,,,,,,,,,,,,,,,,,,,,,,,,,,,,,,,,,,,,,,,,,,,,,,,,,,,,,,,,,,
975,200.0,4.0,0.0,435000.0,,,,,,,1.0,,,1.0,Nabeul,Hammamet,Appartement,vente,36.4012665,10.5572827,2175.0,50.0,0.0,,,,,,,,,,,,,,,,,,,,,,,,,,,,,,,,,,,,,,,,,,,,,,,,,,,,,,,,,,,,,,,,,,,,,,,,,,,
976,115.0,4.0,0.0,240000.0,1.0,,,,1.0,,,1.0,,1.0,Tunis,El Menzah,Appartement,vente,36.8423974,10.1571247,2086.9565217391305,28.75,0.0,,,,,,,,,,,,,,,,,,,,,,,,,,,,,,,,,,,,,,,,,,,,,,,,,,,,,,,,,,,,,,,,,,,,,,,,,,,
977,78.0,3.0,,195000.0,,,1.0,,,,,,,,Tunis,El Omrane Superieur,Appartement,vente,36.84177,10.1301259,2500.0,26.0,0.0,,,,,,,,,,,,,,,,,,,,,,,,,,,,,,,,,,,,,,,,,,,,,,,,,,,,,,,,,,,,,,,,,,,,,,,,,,,
978,56.0,2.0,,189999.0,,,,1.0,,,,,,,Ariana,Ariana Ville,Appartement,vente,36.8599292,10.1531585,3392.839285714286,28.0,0.0,,,,,,,,,,,,,,,,,,,,,,,,,,,,,,,,,,,,,,,,,,,,,,,,,,,,,,,,,,,,,,,,,,,,,,,,,,,
979,128.0,,,100000.0,,,,,1.0,,,1.0,,,Nabeul,Hammamet,Appartement,vente,36.4039793,10.5625495,781.25,,0.0,,,,,,,,,,,,,,,,,,,,,,,,,,,,,,,,,,,,,,,,,,,,,,,,,,,,,,,,,,,,,,,,,,,,,,,,,,,
980,66.0,1.0,,214000.0,,,,,,,,,,,Ben Arous,Hammam Chatt,Appartement,vente,36.7019512,10.3964906,3242.4242424242425,66.0,0.0,,,,,,,,,,,,,,,,,,,,,,,,,,,,,,,,,,,,,,,,,,,,,,,,,,,,,,,,,,,,,,,,,,,,,,,,,,,
981,66.0,2.0,,285000.0,,,,,,,,1.0,,1.0,Ariana,La Soukra,Appartement,vente,36.8653305,10.2425306,4318.181818181818,33.0,0.0,,,,,,,,,,,,,,,,,,,,,,,,,,,,,,,,,,,,,,,,,,,,,,,,,,,,,,,,,,,,,,,,,,,,,,,,,,,
982,101.0,4.0,,200000.0,,,,,,,,,,,Tunis,Le Bardo,Appartement,vente,36.8134113,10.1321911,1980.1980198019803,25.25,0.0,,,,,,,,,,,,,,,,,,,,,,,,,,,,,,,,,,,,,,,,,,,,,,,,,,,,,,,,,,,,,,,,,,,,,,,,,,,
983,116.0,2.0,2.0,410000.0,,,,,,,,1.0,,,Ariana,La Soukra,Appartement,vente,36.8749751,10.2454267,3534.4827586206898,58.0,0.0,,,,,,,,,,,,,,,,,,,,,,,,,,,,,,,,,,,,,,,,,,,,,,,,,,,,,,,,,,,,,,,,,,,,,,,,,,,
984,70.0,2.0,,185000.0,,,1.0,1.0,,,,,,,Tunis,La Marsa,Appartement,vente,36.8479251,10.2611996,2642.8571428571427,35.0,0.0,,,,,,,,,,,,,,,,,,,,,,,,,,,,,,,,,,,,,,,,,,,,,,,,,,,,,,,,,,,,,,,,,,,,,,,,,,,
985,180.0,1.0,0.0,420000.0,,,1.0,1.0,,,1.0,1.0,,,Nabeul,Hammamet,Appartement,vente,36.4012665,10.5572827,2333.3333333333335,180.0,0.0,,,,,,,,,,,,,,,,,,,,,,,,,,,,,,,,,,,,,,,,,,,,,,,,,,,,,,,,,,,,,,,,,,,,,,,,,,,
986,84.0,3.0,1.0,143000.0,,,,,,,,,,,Ariana,Ariana Ville,Appartement,vente,36.8625,10.1956,1702.3809523809523,28.0,0.0,,,,,,,,,,,,,,,,,,,,,,,,,,,,,,,,,,,,,,,,,,,,,,,,,,,,,,,,,,,,,,,,,,,,,,,,,,,
987,107.0,2.0,,224000.0,,1.0,1.0,1.0,,,,,,,Ben Arous,Nouvelle Medina,Appartement,vente,36.7420699,10.2407329,2093.457943925234,53.5,0.0,,,,,,,,,,,,,,,,,,,,,,,,,,,,,,,,,,,,,,,,,,,,,,,,,,,,,,,,,,,,,,,,,,,,,,,,,,,
988,109.0,2.0,,269000.0,,1.0,1.0,1.0,,,,1.0,,,Ben Arous,Nouvelle Medina,Appartement,vente,36.7575659,10.244981,2467.8899082568805,54.5,0.0,,,,,,,,,,,,,,,,,,,,,,,,,,,,,,,,,,,,,,,,,,,,,,,,,,,,,,,,,,,,,,,,,,,,,,,,,,,
989,127.0,3.0,1.0,235000.0,1.0,,1.0,1.0,,,,1.0,,1.0,Ben Arous,Ben Arous,Appartement,vente,36.7516855,10.2245072,1850.3937007874015,42.333333333333336,1.0,,,,,,,,,,,,,,,,,,,,,,,,,,,,,,,,,,,,,,,,,,,,,,,,,,,,,,,,,,,,,,,,,,,,,,,,,,,
990,15.0,1.0,,150000.0,,,,,,,,,,,Tunis,El Menzah,Appartement,vente,36.8336187,10.1471736,10000.0,15.0,0.0,,,,,,,,,,,,,,,,,,,,,,,,,,,,,,,,,,,,,,,,,,,,,,,,,,,,,,,,,,,,,,,,,,,,,,,,,,,
991,147.0,4.0,,250000.0,1.0,,1.0,,,1.0,,1.0,,1.0,Ben Arous,El Mourouj,Appartement,vente,36.719825,10.2192362,1700.6802721088436,36.75,0.0,,,,,,,,,,,,,,,,,,,,,,,,,,,,,,,,,,,,,,,,,,,,,,,,,,,,,,,,,,,,,,,,,,,,,,,,,,,
992,141.0,3.0,,420000.0,,,,,,,,,,,Nabeul,Nabeul,Appartement,vente,36.4561,10.7376,2978.723404255319,47.0,0.0,,,,,,,,,,,,,,,,,,,,,,,,,,,,,,,,,,,,,,,,,,,,,,,,,,,,,,,,,,,,,,,,,,,,,,,,,,,
993,42.0,1.0,,105000.0,,,,,,,1.0,,,,Manouba,Mannouba,Appartement,vente,36.8095,10.098,2500.0,42.0,0.0,,,,,,,,,,,,,,,,,,,,,,,,,,,,,,,,,,,,,,,,,,,,,,,,,,,,,,,,,,,,,,,,,,,,,,,,,,,
994,183.0,4.0,,387700.0,,1.0,1.0,,,,,1.0,,,Sfax,Sfax Sud,Appartement,vente,34.7646083,10.737978,2118.5792349726776,45.75,0.0,,,,,,,,,,,,,,,,,,,,,,,,,,,,,,,,,,,,,,,,,,,,,,,,,,,,,,,,,,,,,,,,,,,,,,,,,,,
995,47.0,3.0,0.0,240000.0,,1.0,1.0,,,,1.0,1.0,,,Tunis,El Menzah,Appartement,vente,36.8423974,10.1571247,5106.382978723404,15.666666666666666,0.0,,,,,,,,,,,,,,,,,,,,,,,,,,,,,,,,,,,,,,,,,,,,,,,,,,,,,,,,,,,,,,,,,,,,,,,,,,,
996,151.0,4.0,4.0,450000.0,,1.0,1.0,1.0,,,,1.0,,,Ariana,Ariana Ville,Appartement,vente,36.8599292,10.1531585,2980.1324503311257,37.75,0.0,,,,,,,,,,,,,,,,,,,,,,,,,,,,,,,,,,,,,,,,,,,,,,,,,,,,,,,,,,,,,,,,,,,,,,,,,,,
997,141.0,3.0,,282000.0,,,1.0,,,,,1.0,,,Ben Arous,Mornag,Appartement,vente,36.66721,10.2979439,2000.0,47.0,0.0,,,,,,,,,,,,,,,,,,,,,,,,,,,,,,,,,,,,,,,,,,,,,,,,,,,,,,,,,,,,,,,,,,,,,,,,,,,
998,89.0,2.0,,260000.0,,,1.0,,,,,1.0,,,Ben Arous,Nouvelle Medina,Appartement,vente,36.7575659,10.244981,2921.3483146067415,44.5,0.0,,,,,,,,,,,,,,,,,,,,,,,,,,,,,,,,,,,,,,,,,,,,,,,,,,,,,,,,,,,,,,,,,,,,,,,,,,,
999,100.0,4.0,2.0,235000.0,1.0,1.0,1.0,,,1.0,,,,,Ben Arous,Hammam Chatt,Appartement,vente,36.7019512,10.3964906,2350.0,25.0,2.0,,,,,,,,,,,,,,,,,,,,,,,,,,,,,,,,,,,,,,,,,,,,,,,,,,,,,,,,,,,,,,,,,,,,,,,,,,,
1000,116.0,2.0,,280000.0,,,1.0,,,,,1.0,,,Ben Arous,Bou Mhel El Bassatine,Appartement,vente,36.71444,10.3112789,2413.793103448276,58.0,0.0,,,,,,,,,,,,,,,,,,,,,,,,,,,,,,,,,,,,,,,,,,,,,,,,,,,,,,,,,,,,,,,,,,,,,,,,,,,
1001,116.0,2.0,,280000.0,1.0,,1.0,1.0,,,,1.0,,,Ben Arous,Nouvelle Medina,Appartement,vente,36.7575659,10.244981,2413.793103448276,58.0,0.0,,,,,,,,,,,,,,,,,,,,,,,,,,,,,,,,,,,,,,,,,,,,,,,,,,,,,,,,,,,,,,,,,,,,,,,,,,,
1002,132.0,3.0,,220000.0,,1.0,1.0,1.0,,,,1.0,,,Ben Arous,Ben Arous,Appartement,vente,36.7516855,10.2245072,1666.6666666666667,44.0,0.0,,,,,,,,,,,,,,,,,,,,,,,,,,,,,,,,,,,,,,,,,,,,,,,,,,,,,,,,,,,,,,,,,,,,,,,,,,,
1003,75.0,1.0,,160000.0,,,,,,,,,,,Ben Arous,Nouvelle Medina,Appartement,vente,36.7575659,10.244981,2133.3333333333335,75.0,0.0,,,,,,,,,,,,,,,,,,,,,,,,,,,,,,,,,,,,,,,,,,,,,,,,,,,,,,,,,,,,,,,,,,,,,,,,,,,
1004,150.0,3.0,,290000.0,,,,,,,,,,1.0,Nabeul,El Haouaria,Appartement,vente,36.4561,10.7376,1933.3333333333333,50.0,0.0,,,,,,,,,,,,,,,,,,,,,,,,,,,,,,,,,,,,,,,,,,,,,,,,,,,,,,,,,,,,,,,,,,,,,,,,,,,
1005,120.0,3.0,,185000.0,,,,,1.0,,1.0,,,,Nabeul,El Haouaria,Appartement,vente,37.0498089,11.0116492,1541.6666666666667,40.0,0.0,,,,,,,,,,,,,,,,,,,,,,,,,,,,,,,,,,,,,,,,,,,,,,,,,,,,,,,,,,,,,,,,,,,,,,,,,,,
1006,180.0,2.0,,180000.0,,,,,,,,,,,Nabeul,El Haouaria,Appartement,vente,37.0498089,11.0116492,1000.0,90.0,0.0,,,,,,,,,,,,,,,,,,,,,,,,,,,,,,,,,,,,,,,,,,,,0.012364321,-0.053254806,0.22856238,0.08290437,-0.05064076,0.069062136,0.0737309,-0.039242912,-0.0761169,0.085415795,-0.043144852,-0.066728085,0.040899094,-0.03957101,-0.057844613,0.075257,-0.08487627,-0.007805223,-0.024975361,0.02044679,0.028459009,-0.08462356,0.036376256,0.034946587,-0.008872877,-0.11481973,0.018946394,-0.0018763343,0.048409067,0.12801492,-0.05994553,-0.027695892
1007,45.0,,,120000.0,,,,,,,,,,,Tunis,La Marsa,Appartement,vente,36.8479251,10.2611996,2666.6666666666665,,0.0,,,,,,,,,,,,,,,,,,,,,,,,,,,,,,,,,,,,,,,,,,,,,,,,,,,,,,,,,,,,,,,,,,,,,,,,,,,
1008,90.0,3.0,2.0,275000.0,,,,,,,,1.0,,,Tunis,La Marsa,Appartement,vente,36.8826682,10.3080504,3055.5555555555557,30.0,0.0,,,,,,,,,,,,,,,,,,,,,,,,,,,,,,,,,,,,,,,,,,,,,,,,,,,,,,,,,,,,,,,,,,,,,,,,,,,
1009,130.0,2.0,,193000.0,,,,,,,,,,,Sousse,Sousse Jaouhara,Appartement,vente,35.842005,10.6058083,1484.6153846153845,65.0,0.0,,,,,,,,,,,,,,,,,,,,,,,,,,,,,,,,,,,,,,,,,,,,,,,,,,,,,,,,,,,,,,,,,,,,,,,,,,,
1010,220.0,3.0,,310000.0,,,,,,,,,,,Ben Arous,Hammam Chatt,Appartement,vente,36.7019512,10.3964906,1409.090909090909,73.33333333333333,0.0,,,,,,,,,,,,,,,,,,,,,,,,,,,,,,,,,,,,,,,,,,,,,,,,,,,,,,,,,,,,,,,,,,,,,,,,,,,
1011,86.0,3.0,,260000.0,,,1.0,1.0,,,,,,,Sousse,Akouda,Appartement,vente,35.8245,10.6346,3023.2558139534885,28.666666666666668,0.0,,,,,,,,,,,,,,,,,,,,,,,,,,,,,,,,,,,,,,,,,,,,,,,,,,,,,,,,,,,,,,,,,,,,,,,,,,,
1012,72.0,1.0,,240000.0,,,,,,,,,,1.0,Ariana,La Soukra,Appartement,vente,36.8749751,10.2454267,3333.3333333333335,72.0,0.0,,,,,,,,,,,,,,,,,,,,,,,,,,,,,,,,,,,,,,,,,,,,,,,,,,,,,,,,,,,,,,,,,,,,,,,,,,,
1013,106.0,2.0,,350000.0,1.0,,,,,,1.0,1.0,,1.0,Tunis,Ain Zaghouan,Appartement,vente,36.8507178,10.2829345,3301.8867924528304,53.0,0.0,,,,,,,,,,,,,,,,,,,,,,,,,,,,,,,,,,,,,,,,,,,,,,,,,,,,,,,,,,,,,,,,,,,,,,,,,,,
1014,85.0,2.0,0.0,330000.0,,,,,,,,,,1.0,Tunis,Ain Zaghouan,Appartement,vente,36.8507178,10.2829345,3882.3529411764707,42.5,0.0,,,,,,,,,,,,,,,,,,,,,,,,,,,,,,,,,,,,,,,,,,,,,,,,,,,,,,,,,,,,,,,,,,,,,,,,,,,
1015,136.0,4.0,0.0,420000.0,,1.0,1.0,,,,,1.0,,1.0,Ariana,La Soukra,Appartement,vente,36.8749751,10.2454267,3088.235294117647,34.0,0.0,,,,,,,,,,,,,,,,,,,,,,,,,,,,,,,,,,,,,,,,,,,,,,,,,,,,,,,,,,,,,,,,,,,,,,,,,,,
1016,105.0,1.0,1.0,285000.0,1.0,,,,,,,,,1.0,Ariana,La Soukra,Appartement,vente,36.8653305,10.2425306,2714.285714285714,105.0,1.0,,,,,,,,,,,,,,,,,,,,,,,,,,,,,,,,,,,,,,,,,,,,,,,,,,,,,,,,,,,,,,,,,,,,,,,,,,,
1017,85.0,2.0,,229000.0,,,1.0,,,,,1.0,,,Tunis,Le Bardo,Appartement,vente,36.8134113,10.1321911,2694.1176470588234,42.5,0.0,,,,,,,,,,,,,,,,,,,,,,,,,,,,,,,,,,,,,,,,,,,,,,,,,,,,,,,,,,,,,,,,,,,,,,,,,,,
1018,152.0,3.0,,370000.0,1.0,1.0,1.0,1.0,,,,1.0,,,Manouba,Mannouba,Appartement,vente,36.8095,10.098,2434.2105263157896,50.666666666666664,0.0,,,,,,,,,,,,,,,,,,,,,,,,,,,,,,,,,,,,,,,,,,,,,,,,,,,,,,,,,,,,,,,,,,,,,,,,,,,
1019,100.0,2.0,2.0,210000.0,1.0,1.0,1.0,,,,,1.0,,,Ben Arous,Nouvelle Medina,Appartement,vente,36.7575659,10.244981,2100.0,50.0,2.0,,,,,,,,,,,,,,,,,,,,,,,,,,,,,,,,,,,,,,,,,,,,,,,,,,,,,,,,,,,,,,,,,,,,,,,,,,,
1020,110.0,3.0,,210000.0,1.0,,1.0,,,,,1.0,,,Ben Arous,Ben Arous,Appartement,vente,36.7516855,10.2245072,1909.090909090909,36.666666666666664,0.0,,,,,,,,,,,,,,,,,,,,,,,,,,,,,,,,,,,,,,,,,,,,,,,,,,,,,,,,,,,,,,,,,,,,,,,,,,,
1021,,3.0,,140000.0,,1.0,1.0,,,,,1.0,,,Ben Arous,Nouvelle Medina,Appartement,vente,36.7575659,10.244981,,,0.0,,,,,,,,,,,,,,,,,,,,,,,,,,,,,,,,,,,,,,,,,,,,,,,,,,,,,,,,,,,,,,,,,,,,,,,,,,,
1022,140.0,4.0,,590000.0,,1.0,,,,,,1.0,,,Sousse,Sousse Jaouhara,Appartement,vente,35.842005,10.6058083,4214.285714285715,35.0,0.0,,,,,,,,,,,,,,,,,,,,,,,,,,,,,,,,,,,,,,,,,,,,-0.25924852,0.03501871,0.030118547,-0.021897603,-0.11008501,0.033898532,-0.09457037,-0.08580368,0.12686802,0.0059540714,-0.051914595,0.013879686,0.010043068,0.022546547,0.0064968993,-0.07923449,-0.020148657,0.04610484,-0.057934348,-0.01187658,-0.056909736,-0.036959607,0.016977208,-0.011639396,-0.051870678,-0.025100738,0.026912253,0.10549573,-0.03167898,0.00840243,-0.013166824,0.0044584675
1023,80.0,2.0,0.0,210000.0,,,1.0,1.0,,,,,,,Ben Arous,Nouvelle Medina,Appartement,vente,36.7575659,10.244981,2625.0,40.0,0.0,,,,,,,,,,,,,,,,,,,,,,,,,,,,,,,,,,,,,,,,,,,,,,,,,,,,,,,,,,,,,,,,,,,,,,,,,,,
1024,60.0,3.0,2.0,170000.0,,,,,,,,,,,Tunis,Bab Bhar,Appartement,vente,36.7992041,10.1756221,2833.3333333333335,20.0,0.0,,,,,,,,,,,,,,,,,,,,,,,,,,,,,,,,,,,,,,,,,,,,,,,,,,,,,,,,,,,,,,,,,,,,,,,,,,,
1025,60.0,3.0,3.0,165000.0,,,,,,,,,,,Tunis,Bab Bhar,Appartement,vente,36.7992041,10.1756221,2750.0,20.0,0.0,,,,,,,,,,,,,,,,,,,,,,,,,,,,,,,,,,,,,,,,,,,,,,,,,,,,,,,,,,,,,,,,,,,,,,,,,,,
1026,45.0,2.0,1.0,130000.0,,,,,,,,,,,Tunis,Bab Bhar,Appartement,vente,36.8170699,10.1784812,2888.8888888888887,22.5,0.0,,,,,,,,,,,,,,,,,,,,,,,,,,,,,,,,,,,,,,,,,,,,,,,,,,,,,,,,,,,,,,,,,,,,,,,,,,,
1027,51.0,3.0,2.0,150000.0,,1.0,,,,,,,,,Ariana,Ariana Ville,Appartement,vente,36.8587351,10.188232,2941.176470588235,17.0,0.0,,,,,,,,,,,,,,,,,,,,,,,,,,,,,,,,,,,,,,,,,,,,,,,,,,,,,,,,,,,,,,,,,,,,,,,,,,,
1028,15.0,1.0,,150000.0,,,,,,,,,,,Tunis,El Menzah,Appartement,vente,36.8336187,10.1471736,10000.0,15.0,0.0,,,,,,,,,,,,,,,,,,,,,,,,,,,,,,,,,,,,,,,,,,,,,,,,,,,,,,,,,,,,,,,,,,,,,,,,,,,
1029,180.0,4.0,,650000.0,,,,,,,,1.0,,,Tunis,La Marsa,Appartement,vente,36.8065,10.1815,3611.1111111111113,45.0,0.0,,,,,,,,,,,,,,,,,,,,,,,,,,,,,,,,,,,,,,,,,,,,,,,,,,,,,,,,,,,,,,,,,,,,,,,,,,,
1030,120.0,3.0,,350000.0,,,,,,,,,,,Sousse,Sousse Jaouhara,Appartement,vente,35.8359686,10.5995321,2916.6666666666665,40.0,0.0,,,,,,,,,,,,,,,,,,,,,,,,,,,,,,,,,,,,,,,,,,,,,,,,,,,,,,,,,,,,,,,,,,,,,,,,,,,
1031,50.0,2.0,,210000.0,,,1.0,1.0,,,,,,,Sousse,Hammam Sousse,Appartement,vente,35.8749788,10.5935183,4200.0,25.0,0.0,,,,,,,,,,,,,,,,,,,,,,,,,,,,,,,,,,,,,,,,,,,,,,,,,,,,,,,,,,,,,,,,,,,,,,,,,,,
1032,70.0,3.0,,210000.0,,1.0,,,,,,,,,Tunis,La Marsa,Appartement,vente,36.8479251,10.2611996,3000.0,23.333333333333332,0.0,,,,,,,,,,,,,,,,,,,,,,,,,,,,,,,,,,,,,,,,,,,,,,,,,,,,,,,,,,,,,,,,,,,,,,,,,,,
1033,120.0,3.0,,475000.0,,1.0,,,,,1.0,1.0,,,Tunis,Ain Zaghouan,Appartement,vente,36.8572699,10.2918693,3958.3333333333335,40.0,0.0,,,,,,,,,,,,,,,,,,,,,,,,,,,,,,,,,,,,,,,,,,,,,,,,,,,,,,,,,,,,,,,,,,,,,,,,,,,
1034,130.0,3.0,,420000.0,,,1.0,1.0,,,,1.0,,,Tunis,Cite El Khadra,Appartement,vente,36.8065,10.1815,3230.769230769231,43.333333333333336,0.0,,,,,,,,,,,,,,,,,,,,,,,,,,,,,,,,,,,,,,,,,,,,,,,,,,,,,,,,,,,,,,,,,,,,,,,,,,,
1035,,3.0,0.0,430000.0,,,,,,,,1.0,,,Tunis,Cite El Khadra,Appartement,vente,36.8065,10.1815,,,0.0,,,,,,,,,,,,,,,,,,,,,,,,,,,,,,,,,,,,,,,,,,,,,,,,,,,,,,,,,,,,,,,,,,,,,,,,,,,
1036,100.0,1.0,0.0,250000.0,,,,,,,,,,,Sousse,Akouda,Appartement,vente,35.8245,10.6346,2500.0,100.0,0.0,,,,,,,,,,,,,,,,,,,,,,,,,,,,,,,,,,,,,,,,,,,,,,,,,,,,,,,,,,,,,,,,,,,,,,,,,,,
1037,170.0,2.0,,348000.0,,,,,,,,,,,Sousse,Sousse Jaouhara,Appartement,vente,35.8359686,10.5995321,2047.0588235294117,85.0,0.0,,,,,,,,,,,,,,,,,,,,,,,,,,,,,,,,,,,,,,,,,,,,,,,,,,,,,,,,,,,,,,,,,,,,,,,,,,,
1038,100.0,1.0,1.0,150000.0,1.0,,,,,,,,,,Sousse,Hammam Sousse,Appartement,vente,35.8749788,10.5935183,1500.0,100.0,1.0,,,,,,,,,,,,,,,,,,,,,,,,,,,,,,,,,,,,,,,,,,,,,,,,,,,,,,,,,,,,,,,,,,,,,,,,,,,
1039,,3.0,,290000.0,,,,,,,,,,,Sousse,Sousse Ville,Appartement,vente,35.8245,10.6346,,,0.0,,,,,,,,,,,,,,,,,,,,,,,,,,,,,,,,,,,,,,,,,,,,,,,,,,,,,,,,,,,,,,,,,,,,,,,,,,,
1040,58.0,3.0,3.0,100000.0,1.0,,,,,,,,,,Sfax,Sfax Ville,Appartement,vente,34.7361691,10.7662357,1724.1379310344828,19.333333333333332,3.0,,,,,,,,,,,,,,,,,,,,,,,,,,,,,,,,,,,,,,,,,,,,,,,,,,,,,,,,,,,,,,,,,,,,,,,,,,,
1041,90.0,3.0,,210000.0,,,,,1.0,,,,,,Ben Arous,El Mourouj,Appartement,vente,36.719825,10.2192362,2333.3333333333335,30.0,0.0,,,,,,,,,,,,,,,,,,,,,,,,,,,,,,,,,,,,,,,,,,,,,,,,,,,,,,,,,,,,,,,,,,,,,,,,,,,
1042,100.0,3.0,,240000.0,,,,,,,,,,,Nabeul,Kelibia,Appartement,vente,36.8456561,11.0935701,2400.0,33.333333333333336,0.0,,,,,,,,,,,,,,,,,,,,,,,,,,,,,,,,,,,,,,,,,,,,0.15643385,-0.11073108,0.0016407933,-0.07060785,0.06505634,-0.034171194,0.09065666,-0.07007511,0.09313618,-0.08598365,-0.13379627,0.0110645285,0.050657004,0.1582299,-0.07494296,0.07590028,0.0050096605,-3.7915746e-05,-0.06463215,0.019009965,0.020964468,0.03881475,-0.009171019,0.023068791,-0.0303649,-0.02537778,-0.023947567,-0.040309437,0.11227085,0.04204304,0.006911045,0.016262947
1043,112.0,3.0,,250000.0,,,,,,,,,,,Ben Arous,Hammam Chatt,Appartement,vente,36.7136861,10.3691813,2232.1428571428573,37.333333333333336,0.0,,,,,,,,,,,,,,,,,,,,,,,,,,,,,,,,,,,,,,,,,,,,,,,,,,,,,,,,,,,,,,,,,,,,,,,,,,,
1044,100.0,3.0,,350000.0,,1.0,1.0,1.0,,,,1.0,,,Tunis,Cite El Khadra,Appartement,vente,36.8065,10.1815,3500.0,33.333333333333336,0.0,,,,,,,,,,,,,,,,,,,,,,,,,,,,,,,,,,,,,,,,,,,,,,,,,,,,,,,,,,,,,,,,,,,,,,,,,,,
1045,100.0,3.0,,265000.0,,,,,,,,,,,Ben Arous,Nouvelle Medina,Appartement,vente,36.7575659,10.244981,2650.0,33.333333333333336,0.0,,,,,,,,,,,,,,,,,,,,,,,,,,,,,,,,,,,,,,,,,,,,,,,,,,,,,,,,,,,,,,,,,,,,,,,,,,,
1046,70.0,3.0,,420000.0,,1.0,,1.0,,,1.0,,,,Nabeul,Hammamet,Appartement,vente,36.4561,10.7376,6000.0,23.333333333333332,0.0,,,,,,,,,,,,,,,,,,,,,,,,,,,,,,,,,,,,,,,,,,,,,,,,,,,,,,,,,,,,,,,,,,,,,,,,,,,
1047,137.0,3.0,,275000.0,1.0,1.0,1.0,,,,,1.0,,,Ben Arous,El Mourouj,Appartement,vente,36.719825,10.2192362,2007.2992700729926,45.666666666666664,0.0,,,,,,,,,,,,,,,,,,,,,,,,,,,,,,,,,,,,,,,,,,,,,,,,,,,,,,,,,,,,,,,,,,,,,,,,,,,
1048,132.0,3.0,,371000.0,1.0,,1.0,1.0,,,,1.0,,,Ben Arous,Nouvelle Medina,Appartement,vente,36.7575659,10.244981,2810.6060606060605,44.0,0.0,,,,,,,,,,,,,,,,,,,,,,,,,,,,,,,,,,,,,,,,,,,,,,,,,,,,,,,,,,,,,,,,,,,,,,,,,,,
1049,99.0,3.0,0.0,210000.0,,1.0,1.0,1.0,,,,,,,Tunis,Le Bardo,Appartement,vente,36.8149993,10.1342892,2121.212121212121,33.0,0.0,,,,,,,,,,,,,,,,,,,,,,,,,,,,,,,,,,,,,,,,,,,,,,,,,,,,,,,,,,,,,,,,,,,,,,,,,,,
1050,70.0,3.0,,150000.0,,,,,,,,,,,Tunis,Le Bardo,Appartement,vente,36.81232,10.1263143,2142.8571428571427,23.333333333333332,0.0,,,,,,,,,,,,,,,,,,,,,,,,,,,,,,,,,,,,,,,,,,,,,,,,,,,,,,,,,,,,,,,,,,,,,,,,,,,
1051,160.0,4.0,4.0,350000.0,1.0,1.0,1.0,1.0,,1.0,,1.0,,,Ben Arous,El Mourouj,Appartement,vente,36.753,10.228,2187.5,40.0,4.0,,,,,,,,,,,,,,,,,,,,,,,,,,,,,,,,,,,,,,,,,,,,-0.034991834,-0.03728942,0.10944381,0.021995565,0.018260758,0.024040757,-0.035843927,-0.07406989,0.103600286,0.0108571295,-0.010717086,-0.04553008,-0.065317445,0.06134373,-0.008224421,-0.14382973,0.036727473,0.08889109,0.0061393725,0.021694558,0.021230692,-0.010458681,-0.041603792,-0.043100394,5.4538425e-05,0.03479717,-0.088373885,-0.13186802,0.022235595,0.040256005,0.04882991,0.04941596
1052,150.0,5.0,2.0,440000.0,,1.0,1.0,1.0,,,,1.0,,,Ariana,Ariana Ville,Appartement,vente,36.8585478,10.1682756,2933.3333333333335,30.0,0.0,,,,,,,,,,,,,,,,,,,,,,,,,,,,,,,,,,,,,,,,,,,,,,,,,,,,,,,,,,,,,,,,,,,,,,,,,,,
1053,104.0,3.0,4.0,245000.0,1.0,,,,,,1.0,,,,Tunis,La Marsa,Appartement,vente,36.8479251,10.2611996,2355.769230769231,34.666666666666664,4.0,,,,,,,,,,,,,,,,,,,,,,,,,,,,,,,,,,,,,,,,,,,,,,,,,,,,,,,,,,,,,,,,,,,,,,,,,,,
1054,80.0,2.0,,350000.0,,1.0,1.0,1.0,,,,1.0,,,Tunis,Cite El Khadra,Appartement,vente,36.8065,10.1815,4375.0,40.0,0.0,,,,,,,,,,,,,,,,,,,,,,,,,,,,,,,,,,,,,,,,,,,,,,,,,,,,,,,,,,,,,,,,,,,,,,,,,,,
1055,152.0,4.0,,520000.0,,1.0,1.0,1.0,,,,1.0,,,Tunis,Cite El Khadra,Appartement,vente,36.8065,10.1815,3421.0526315789475,38.0,0.0,,,,,,,,,,,,,,,,,,,,,,,,,,,,,,,,,,,,,,,,,,,,,,,,,,,,,,,,,,,,,,,,,,,,,,,,,,,
1056,95.0,2.0,,89000.0,1.0,,,,,,,,,,Gabès,Gabes Sud,Appartement,vente,33.77955,10.0525203,936.8421052631579,47.5,0.0,,,,,,,,,,,,,,,,,,,,,,,,,,,,,,,,,,,,,,,,,,,,,,,,,,,,,,,,,,,,,,,,,,,,,,,,,,,
1057,80.0,3.0,,198000.0,,,,,,,,,,,Ben Arous,Hammam Chatt,Appartement,vente,36.7136861,10.3691813,2475.0,26.666666666666668,0.0,,,,,,,,,,,,,,,,,,,,,,,,,,,,,,,,,,,,,,,,,,,,,,,,,,,,,,,,,,,,,,,,,,,,,,,,,,,
1058,125.0,3.0,4.0,315000.0,1.0,1.0,1.0,,,,,1.0,,1.0,Manouba,Mannouba,Appartement,vente,36.8095,10.098,2520.0,41.666666666666664,4.0,,,,,,,,,,,,,,,,,,,,,,,,,,,,,,,,,,,,,,,,,,,,,,,,,,,,,,,,,,,,,,,,,,,,,,,,,,,
1059,110.0,3.0,,330000.0,1.0,,1.0,,,,,,,,Manouba,Mannouba,Appartement,vente,36.8095,10.098,3000.0,36.666666666666664,0.0,,,,,,,,,,,,,,,,,,,,,,,,,,,,,,,,,,,,,,,,,,,,,,,,,,,,,,,,,,,,,,,,,,,,,,,,,,,
1060,100.0,3.0,0.0,350000.0,,,,,,,,,,,Tunis,Carthage,Appartement,vente,36.8065,10.1815,3500.0,33.333333333333336,0.0,,,,,,,,,,,,,,,,,,,,,,,,,,,,,,,,,,,,,,,,,,,,,,,,,,,,,,,,,,,,,,,,,,,,,,,,,,,
1061,84.0,2.0,,295000.0,,1.0,1.0,1.0,,,,,,,Tunis,Cite El Khadra,Appartement,vente,36.8065,10.1815,3511.904761904762,42.0,0.0,,,,,,,,,,,,,,,,,,,,,,,,,,,,,,,,,,,,,,,,,,,,,,,,,,,,,,,,,,,,,,,,,,,,,,,,,,,
1062,120.0,2.0,,220000.0,,,,,,,,1.0,,,Bizerte,Bizerte Nord,Appartement,vente,37.2720905,9.8708565,1833.3333333333333,60.0,0.0,,,,,,,,,,,,,,,,,,,,,,,,,,,,,,,,,,,,,,,,,,,,,,,,,,,,,,,,,,,,,,,,,,,,,,,,,,,
1063,156.0,2.0,0.0,300000.0,,,1.0,,,,1.0,1.0,,1.0,Ariana,La Soukra,Appartement,vente,36.8606537,10.2087006,1923.076923076923,78.0,0.0,,,,,,,,,,,,,,,,,,,,,,,,,,,,,,,,,,,,,,,,,,,,,,,,,,,,,,,,,,,,,,,,,,,,,,,,,,,
1064,135.0,2.0,1.0,570000.0,,,,,,,,,,1.0,Nabeul,Hammamet,Appartement,vente,36.4561,10.7376,4222.222222222223,67.5,0.0,,,,,,,,,,,,,,,,,,,,,,,,,,,,,,,,,,,,,,,,,,,,,,,,,,,,,,,,,,,,,,,,,,,,,,,,,,,
1065,96.0,1.0,,428000.0,1.0,1.0,1.0,1.0,,,1.0,1.0,1.0,1.0,Nabeul,Nabeul,Appartement,vente,36.4561,10.7376,4458.333333333333,96.0,0.0,,,,,,,,,,,,,,,,,,,,,,,,,,,,,,,,,,,,,,,,,,,,,,,,,,,,,,,,,,,,,,,,,,,,,,,,,,,
1066,214.0,4.0,,620000.0,1.0,1.0,1.0,1.0,,,,1.0,1.0,1.0,Tunis,El Menzah,Appartement,vente,36.8443809,10.1819354,2897.196261682243,53.5,0.0,,,,,,,,,,,,,,,,,,,,,,,,,,,,,,,,,,,,,,,,,,,,,,,,,,,,,,,,,,,,,,,,,,,,,,,,,,,
1067,160.0,4.0,,330000.0,1.0,1.0,1.0,1.0,,,,,,,Ariana,Ariana Ville,Appartement,vente,36.8599292,10.1531585,2062.5,40.0,0.0,,,,,,,,,,,,,,,,,,,,,,,,,,,,,,,,,,,,,,,,,,,,,,,,,,,,,,,,,,,,,,,,,,,,,,,,,,,
1068,160.0,5.0,,330000.0,1.0,1.0,1.0,1.0,,,,1.0,,1.0,Ariana,Ariana Ville,Appartement,vente,36.8587351,10.188232,2062.5,32.0,0.0,,,,,,,,,,,,,,,,,,,,,,,,,,,,,,,,,,,,,,,,,,,,,,,,,,,,,,,,,,,,,,,,,,,,,,,,,,,
1069,76.0,2.0,,100000.0,,1.0,,,,,,,,,Sousse,Sousse Ville,Appartement,vente,35.8137916,10.5208721,1315.7894736842106,38.0,0.0,,,,,,,,,,,,,,,,,,,,,,,,,,,,,,,,,,,,,,,,,,,,,,,,,,,,,,,,,,,,,,,,,,,,,,,,,,,
1070,57.0,1.0,4.0,205000.0,1.0,1.0,1.0,1.0,,,,,,,Tunis,Ain Zaghouan,Appartement,vente,36.8507178,10.2829345,3596.4912280701756,57.0,4.0,,,,,,,,,,,,,,,,,,,,,,,,,,,,,,,,,,,,,,,,,,,,,,,,,,,,,,,,,,,,,,,,,,,,,,,,,,,
1071,100.0,3.0,,210000.0,,,,,,,,,,,Ariana,Ariana Ville,Appartement,vente,36.8587351,10.188232,2100.0,33.333333333333336,0.0,,,,,,,,,,,,,,,,,,,,,,,,,,,,,,,,,,,,,,,,,,,,-0.001992262,-0.06151115,0.15889484,-0.12081493,0.070159115,-0.024607886,-0.08023452,0.115339994,0.033108,-0.040005337,-0.05842218,-0.00045003954,0.007646393,-0.014946294,-0.01697838,0.045203436,0.0018825796,-0.044922397,0.031933226,-0.06225032,-0.033801463,-0.03057559,0.102548406,-0.0081622265,0.09365262,-0.045065157,-0.022604687,0.00079833495,0.11006118,0.052120883,-0.010907489,-0.0042115767
1072,32.0,3.0,0.0,565000.0,,,,,,,,,,,Monastir,Monastir,Appartement,vente,35.7707582,10.8280511,17656.25,10.666666666666666,0.0,,,,,,,,,,,,,,,,,,,,,,,,,,,,,,,,,,,,,,,,,,,,,,,,,,,,,,,,,,,,,,,,,,,,,,,,,,,
1073,136.0,3.0,,260000.0,,1.0,,,,,,,,,Ben Arous,El Mourouj,Appartement,vente,36.719825,10.2192362,1911.764705882353,45.333333333333336,0.0,,,,,,,,,,,,,,,,,,,,,,,,,,,,,,,,,,,,,,,,,,,,,,,,,,,,,,,,,,,,,,,,,,,,,,,,,,,
1074,105.0,2.0,,380000.0,,,,,,,,,,,Tunis,El Kram,Appartement,vente,36.8479991,10.2943555,3619.0476190476193,52.5,0.0,,,,,,,,,,,,,,,,,,,,,,,,,,,,,,,,,,,,,,,,,,,,,,,,,,,,,,,,,,,,,,,,,,,,,,,,,,,
1075,103.0,2.0,2.0,580000.0,,,,,,,,1.0,,1.0,Tunis,La Marsa,Appartement,vente,36.8065,10.1815,5631.0679611650485,51.5,0.0,,,,,,,,,,,,,,,,,,,,,,,,,,,,,,,,,,,,,,,,,,,,,,,,,,,,,,,,,,,,,,,,,,,,,,,,,,,
1076,140.0,3.0,1.0,220000.0,,,,,,,,,,,Tunis,El Menzah,Appartement,vente,36.8336187,10.1471736,1571.4285714285713,46.666666666666664,0.0,,,,,,,,,,,,,,,,,,,,,,,,,,,,,,,,,,,,,,,,,,,,,,,,,,,,,,,,,,,,,,,,,,,,,,,,,,,
1077,115.0,3.0,,265000.0,,,,,,,,,,,Nabeul,Kelibia,Appartement,vente,36.8456561,11.0935701,2304.3478260869565,38.333333333333336,0.0,,,,,,,,,,,,,,,,,,,,,,,,,,,,,,,,,,,,,,,,,,,,,,,,,,,,,,,,,,,,,,,,,,,,,,,,,,,
1078,140.0,4.0,1.0,285000.0,,,,,,,,,,,Nabeul,Hammamet,Appartement,vente,36.4012665,10.5572827,2035.7142857142858,35.0,0.0,,,,,,,,,,,,,,,,,,,,,,,,,,,,,,,,,,,,,,,,,,,,,,,,,,,,,,,,,,,,,,,,,,,,,,,,,,,
1079,150.0,5.0,,390000.0,,,,,,,,,,,Tunis,Bab Bhar,Appartement,vente,36.7992041,10.1756221,2600.0,30.0,0.0,,,,,,,,,,,,,,,,,,,,,,,,,,,,,,,,,,,,,,,,,,,,,,,,,,,,,,,,,,,,,,,,,,,,,,,,,,,
1080,71.0,1.0,,375000.0,1.0,1.0,1.0,1.0,,1.0,,1.0,1.0,1.0,Nabeul,Nabeul,Appartement,vente,36.4561,10.7376,5281.69014084507,71.0,0.0,,,,,,,,,,,,,,,,,,,,,,,,,,,,,,,,,,,,,,,,,,,,,,,,,,,,,,,,,,,,,,,,,,,,,,,,,,,
1081,185.0,1.0,0.0,620000.0,,,,,,,,,,1.0,Tunis,La Marsa,Appartement,vente,36.8767342,10.3210797,3351.3513513513512,185.0,0.0,,,,,,,,,,,,,,,,,,,,,,,,,,,,,,,,,,,,,,,,,,,,,,,,,,,,,,,,,,,,,,,,,,,,,,,,,,,
1082,210.0,3.0,,280000.0,,,,,,,,1.0,,1.0,Sousse,Sousse Jaouhara,Appartement,vente,35.8512042,10.6062129,1333.3333333333333,70.0,0.0,,,,,,,,,,,,,,,,,,,,,,,,,,,,,,,,,,,,,,,,,,,,,,,,,,,,,,,,,,,,,,,,,,,,,,,,,,,
1083,80.0,2.0,,115000.0,,,,,,,,,,,Tunis,Sidi El Bechir,Appartement,vente,36.8065,10.1815,1437.5,40.0,0.0,,,,,,,,,,,,,,,,,,,,,,,,,,,,,,,,,,,,,,,,,,,,,,,,,,,,,,,,,,,,,,,,,,,,,,,,,,,
1084,120.0,4.0,,295000.0,,,,,,,,,,,Ariana,Ariana Ville,Appartement,vente,36.8477637,10.1755886,2458.3333333333335,30.0,0.0,,,,,,,,,,,,,,,,,,,,,,,,,,,,,,,,,,,,,,,,,,,,,,,,,,,,,,,,,,,,,,,,,,,,,,,,,,,
1085,120.0,4.0,,295000.0,,,,,,,,,,,Ariana,Ariana Ville,Appartement,vente,36.8625,10.1956,2458.3333333333335,30.0,0.0,,,,,,,,,,,,,,,,,,,,,,,,,,,,,,,,,,,,,,,,,,,,,,,,,,,,,,,,,,,,,,,,,,,,,,,,,,,
1086,80.0,2.0,,80000.0,,1.0,,,,,,,,1.0,Tunis,Bab Bhar,Appartement,vente,36.8170699,10.1784812,1000.0,40.0,0.0,,,,,,,,,,,,,,,,,,,,,,,,,,,,,,,,,,,,,,,,,,,,,,,,,,,,,,,,,,,,,,,,,,,,,,,,,,,
1087,110.0,3.0,,145000.0,,1.0,,,,,,,,,Manouba,Mornaguia,Appartement,vente,36.7571648,10.014927,1318.1818181818182,36.666666666666664,0.0,,,,,,,,,,,,,,,,,,,,,,,,,,,,,,,,,,,,,,,,,,,,,,,,,,,,,,,,,,,,,,,,,,,,,,,,,,,
1088,77.0,2.0,,260000.0,,,,,,,,,,1.0,Nabeul,Hammamet,Appartement,vente,36.4012665,10.5572827,3376.6233766233768,38.5,0.0,,,,,,,,,,,,,,,,,,,,,,,,,,,,,,,,,,,,,,,,,,,,,,,,,,,,,,,,,,,,,,,,,,,,,,,,,,,
1089,120.0,5.0,0.0,320000.0,,1.0,,,,,,,,1.0,Sousse,Sousse Ville,Appartement,vente,35.8137916,10.5208721,2666.6666666666665,24.0,0.0,,,,,,,,,,,,,,,,,,,,,,,,,,,,,,,,,,,,,,,,,,,,,,,,,,,,,,,,,,,,,,,,,,,,,,,,,,,
1090,120.0,3.0,,360000.0,,,1.0,1.0,,,1.0,1.0,,1.0,Nabeul,Hammamet,Appartement,vente,36.4012665,10.5572827,3000.0,40.0,0.0,,,,,,,,,,,,,,,,,,,,,,,,,,,,,,,,,,,,,,,,,,,,,,,,,,,,,,,,,,,,,,,,,,,,,,,,,,,
1091,215.0,5.0,0.0,180000.0,,,,,,,,,,,Tunis,El Ouerdia,Appartement,vente,36.8065,10.1815,837.2093023255813,43.0,0.0,,,,,,,,,,,,,,,,,,,,,,,,,,,,,,,,,,,,,,,,,,,,,,,,,,,,,,,,,,,,,,,,,,,,,,,,,,,
1092,210.0,5.0,0.0,280000.0,,,,,,,,,,,Manouba,Mannouba,Appartement,vente,36.8095,10.098,1333.3333333333333,42.0,0.0,,,,,,,,,,,,,,,,,,,,,,,,,,,,,,,,,,,,,,,,,,,,,,,,,,,,,,,,,,,,,,,,,,,,,,,,,,,
1093,79.0,1.0,4.0,260000.0,,1.0,,,,,,1.0,,1.0,Tunis,La Marsa,Appartement,vente,36.8479251,10.2611996,3291.1392405063293,79.0,0.0,,,,,,,,,,,,,,,,,,,,,,,,,,,,,,,,,,,,,,,,,,,,,,,,,,,,,,,,,,,,,,,,,,,,,,,,,,,
1094,50.0,1.0,1.0,210000.0,1.0,1.0,1.0,1.0,,,,,,,Ariana,Ariana Ville,Appartement,vente,36.8599292,10.1531585,4200.0,50.0,1.0,,,,,,,,,,,,,,,,,,,,,,,,,,,,,,,,,,,,,,,,,,,,,,,,,,,,,,,,,,,,,,,,,,,,,,,,,,,
1095,110.0,3.0,,210000.0,1.0,,1.0,1.0,,,,1.0,,,Tunis,Le Bardo,Appartement,vente,36.8149993,10.1342892,1909.090909090909,36.666666666666664,0.0,,,,,,,,,,,,,,,,,,,,,,,,,,,,,,,,,,,,,,,,,,,,,,,,,,,,,,,,,,,,,,,,,,,,,,,,,,,
1096,80.0,2.0,1.0,129000.0,,,1.0,,,,,,,,Ariana,La Soukra,Appartement,vente,36.8606537,10.2087006,1612.5,40.0,0.0,,,,,,,,,,,,,,,,,,,,,,,,,,,,,,,,,,,,,,,,,,,,,,,,,,,,,,,,,,,,,,,,,,,,,,,,,,,
1097,76.0,2.0,1.0,89000.0,,1.0,,,,,,,,,Ben Arous,Mohamadia,Appartement,vente,36.753,10.228,1171.0526315789473,38.0,0.0,,,,,,,,,,,,,,,,,,,,,,,,,,,,,,,,,,,,,,,,,,,,,,,,,,,,,,,,,,,,,,,,,,,,,,,,,,,
1098,80.0,3.0,,225000.0,1.0,,,,,,,1.0,,,Ben Arous,Nouvelle Medina,Appartement,vente,36.7575659,10.244981,2812.5,26.666666666666668,0.0,,,,,,,,,,,,,,,,,,,,,,,,,,,,,,,,,,,,,,,,,,,,,,,,,,,,,,,,,,,,,,,,,,,,,,,,,,,
1099,86.0,3.0,,150000.0,,,,,,,,1.0,,,Ariana,La Soukra,Appartement,vente,36.8606537,10.2087006,1744.1860465116279,28.666666666666668,0.0,,,,,,,,,,,,,,,,,,,,,,,,,,,,,,,,,,,,,,,,,,,,,,,,,,,,,,,,,,,,,,,,,,,,,,,,,,,
1100,80.0,3.0,,200000.0,1.0,,1.0,,,,,1.0,,,Ben Arous,Nouvelle Medina,Appartement,vente,36.7575659,10.244981,2500.0,26.666666666666668,0.0,,,,,,,,,,,,,,,,,,,,,,,,,,,,,,,,,,,,,,,,,,,,,,,,,,,,,,,,,,,,,,,,,,,,,,,,,,,
1101,138.0,4.0,2.0,185000.0,,1.0,,,,,,,,,Nabeul,Kelibia,Appartement,vente,36.8456561,11.0935701,1340.5797101449275,34.5,0.0,,,,,,,,,,,,,,,,,,,,,,,,,,,,,,,,,,,,,,,,,,,,,,,,,,,,,,,,,,,,,,,,,,,,,,,,,,,
1102,100.0,3.0,,350000.0,,1.0,1.0,1.0,,,,1.0,,,Tunis,Cite El Khadra,Appartement,vente,36.8065,10.1815,3500.0,33.333333333333336,0.0,,,,,,,,,,,,,,,,,,,,,,,,,,,,,,,,,,,,,,,,,,,,,,,,,,,,,,,,,,,,,,,,,,,,,,,,,,,
1103,150.0,4.0,,400000.0,,1.0,1.0,1.0,,,,1.0,,,Ariana,La Soukra,Appartement,vente,36.8749751,10.2454267,2666.6666666666665,37.5,0.0,,,,,,,,,,,,,,,,,,,,,,,,,,,,,,,,,,,,,,,,,,,,,,,,,,,,,,,,,,,,,,,,,,,,,,,,,,,
1104,104.0,1.0,,526000.0,1.0,1.0,1.0,1.0,,1.0,,1.0,1.0,1.0,Nabeul,Nabeul,Appartement,vente,36.4561,10.7376,5057.692307692308,104.0,0.0,,,,,,,,,,,,,,,,,,,,,,,,,,,,,,,,,,,,,,,,,,,,,,,,,,,,,,,,,,,,,,,,,,,,,,,,,,,
1105,168.0,4.0,3.0,370000.0,1.0,,,,,,,,,,Tunis,El Menzah,Appartement,vente,36.8423974,10.1571247,2202.3809523809523,42.0,3.0,,,,,,,,,,,,,,,,,,,,,,,,,,,,,,,,,,,,,,,,,,,,,,,,,,,,,,,,,,,,,,,,,,,,,,,,,,,
1106,130.0,4.0,,200000.0,,,,,,,,,,,Sousse,Hammam Sousse,Appartement,vente,35.8245,10.6346,1538.4615384615386,32.5,0.0,,,,,,,,,,,,,,,,,,,,,,,,,,,,,,,,,,,,,,,,,,,,,,,,,,,,,,,,,,,,,,,,,,,,,,,,,,,
1107,90.0,2.0,,170000.0,,1.0,,,,,,,,,Nabeul,Soliman,Appartement,vente,36.4561,10.7376,1888.888888888889,45.0,0.0,,,,,,,,,,,,,,,,,,,,,,,,,,,,,,,,,,,,,,,,,,,,,,,,,,,,,,,,,,,,,,,,,,,,,,,,,,,
1108,74.0,2.0,,220000.0,,,,,,,1.0,,,1.0,Nabeul,Beni Khiar,Appartement,vente,36.4693627,10.7809776,2972.972972972973,37.0,0.0,,,,,,,,,,,,,,,,,,,,,,,,,,,,,,,,,,,,,,,,,,,,,,,,,,,,,,,,,,,,,,,,,,,,,,,,,,,
1109,82.0,3.0,1.0,218000.0,1.0,,,1.0,,,,,,,Tunis,Bab Bhar,Appartement,vente,36.7992041,10.1756221,2658.5365853658536,27.333333333333332,1.0,,,,,,,,,,,,,,,,,,,,,,,,,,,,,,,,,,,,,,,,,,,,,,,,,,,,,,,,,,,,,,,,,,,,,,,,,,,
1110,110.0,4.0,,390000.0,1.0,,,1.0,,,,1.0,,,Tunis,Cite El Khadra,Appartement,vente,36.8065,10.1815,3545.4545454545455,27.5,0.0,,,,,,,,,,,,,,,,,,,,,,,,,,,,,,,,,,,,,,,,,,,,,,,,,,,,,,,,,,,,,,,,,,,,,,,,,,,
1111,82.0,3.0,1.0,180000.0,,,1.0,1.0,,,,,,,Ben Arous,Hammam Chatt,Appartement,vente,36.7136861,10.3691813,2195.121951219512,27.333333333333332,0.0,,,,,,,,,,,,,,,,,,,,,,,,,,,,,,,,,,,,,,,,,,,,,,,,,,,,,,,,,,,,,,,,,,,,,,,,,,,
1112,60.0,3.0,,160000.0,,,1.0,1.0,,,,,,,Ben Arous,Hammam Chatt,Appartement,vente,36.7136861,10.3691813,2666.6666666666665,20.0,0.0,,,,,,,,,,,,,,,,,,,,,,,,,,,,,,,,,,,,,,,,,,,,,,,,,,,,,,,,,,,,,,,,,,,,,,,,,,,
1113,217.0,1.0,,570000.0,,,,,,1.0,1.0,1.0,,,Tunis,La Marsa,Appartement,vente,36.8865322,10.3011415,2626.7281105990783,217.0,0.0,,,,,,,,,,,,,,,,,,,,,,,,,,,,,,,,,,,,,,,,,,,,,,,,,,,,,,,,,,,,,,,,,,,,,,,,,,,
1114,100.0,4.0,,160000.0,,,,,,,,,,,Tunis,Bab Bhar,Appartement,vente,36.7992041,10.1756221,1600.0,25.0,0.0,,,,,,,,,,,,,,,,,,,,,,,,,,,,,,,,,,,,,,,,,,,,,,,,,,,,,,,,,,,,,,,,,,,,,,,,,,,
1115,80.0,3.0,1.0,175000.0,,,,,,,,,,,Tunis,Bab Bhar,Appartement,vente,36.7992041,10.1756221,2187.5,26.666666666666668,0.0,,,,,,,,,,,,,,,,,,,,,,,,,,,,,,,,,,,,,,,,,,,,,,,,,,,,,,,,,,,,,,,,,,,,,,,,,,,
1116,100.0,4.0,1.0,250000.0,,,,,,,,,,,Ben Arous,Ezzahra,Appartement,vente,36.7404497,10.3029461,2500.0,25.0,0.0,,,,,,,,,,,,,,,,,,,,,,,,,,,,,,,,,,,,,,,,,,,,,,,,,,,,,,,,,,,,,,,,,,,,,,,,,,,
1117,80.0,3.0,,235000.0,,,,,,,,,,,Ben Arous,Ezzahra,Appartement,vente,36.7404497,10.3029461,2937.5,26.666666666666668,0.0,,,,,,,,,,,,,,,,,,,,,,,,,,,,,,,,,,,,,,,,,,,,,,,,,,,,,,,,,,,,,,,,,,,,,,,,,,,
1118,140.0,3.0,1.0,220000.0,,1.0,,,,,,,,,Tunis,Bab Bhar,Appartement,vente,36.7992041,10.1756221,1571.4285714285713,46.666666666666664,0.0,,,,,,,,,,,,,,,,,,,,,,,,,,,,,,,,,,,,,,,,,,,,,,,,,,,,,,,,,,,,,,,,,,,,,,,,,,,
1119,153.0,3.0,,425000.0,,1.0,1.0,1.0,,,,1.0,,1.0,Ariana,La Soukra,Appartement,vente,36.8811985,10.211819,2777.777777777778,51.0,0.0,,,,,,,,,,,,,,,,,,,,,,,,,,,,,,,,,,,,,,,,,,,,,,,,,,,,,,,,,,,,,,,,,,,,,,,,,,,
1120,120.0,2.0,7.0,210000.0,1.0,,1.0,,,,,1.0,,,Sfax,Sfax Ville,Appartement,vente,34.7402587,10.7552176,1750.0,60.0,7.0,,,,,,,,,,,,,,,,,,,,,,,,,,,,,,,,,,,,,,,,,,,,,,,,,,,,,,,,,,,,,,,,,,,,,,,,,,,
1121,63.0,2.0,1.0,210000.0,,1.0,1.0,1.0,,,,,,,Tunis,Ain Zaghouan,Appartement,vente,36.8507178,10.2829345,3333.3333333333335,31.5,0.0,,,,,,,,,,,,,,,,,,,,,,,,,,,,,,,,,,,,,,,,,,,,,,,,,,,,,,,,,,,,,,,,,,,,,,,,,,,
1122,220.0,4.0,,330000.0,,,,,,,,,,,Nabeul,Hammamet,Appartement,vente,36.4559112,10.5597558,1500.0,55.0,0.0,,,,,,,,,,,,,,,,,,,,,,,,,,,,,,,,,,,,,,,,,,,,,,,,,,,,,,,,,,,,,,,,,,,,,,,,,,,
1123,120.0,3.0,,350000.0,,1.0,,,,,,,,,Tunis,Bab Bhar,Appartement,vente,36.7992041,10.1756221,2916.6666666666665,40.0,0.0,,,,,,,,,,,,,,,,,,,,,,,,,,,,,,,,,,,,,,,,,,,,,,,,,,,,,,,,,,,,,,,,,,,,,,,,,,,
1124,89.0,2.0,,260000.0,,,1.0,,,,,1.0,,,Ben Arous,Nouvelle Medina,Appartement,vente,36.7575659,10.244981,2921.3483146067415,44.5,0.0,,,,,,,,,,,,,,,,,,,,,,,,,,,,,,,,,,,,,,,,,,,,,,,,,,,,,,,,,,,,,,,,,,,,,,,,,,,
1125,70.0,2.0,,340000.0,,,1.0,1.0,,,,1.0,,,Ariana,La Soukra,Appartement,vente,36.8749751,10.2454267,4857.142857142857,35.0,0.0,,,,,,,,,,,,,,,,,,,,,,,,,,,,,,,,,,,,,,,,,,,,,,,,,,,,,,,,,,,,,,,,,,,,,,,,,,,
1126,122.0,3.0,,190000.0,,1.0,1.0,,,,,,,,Ben Arous,El Mourouj,Appartement,vente,36.719825,10.2192362,1557.377049180328,40.666666666666664,0.0,,,,,,,,,,,,,,,,,,,,,,,,,,,,,,,,,,,,,,,,,,,,,,,,,,,,,,,,,,,,,,,,,,,,,,,,,,,
1127,147.0,1.0,,540000.0,1.0,,1.0,1.0,,,,1.0,1.0,1.0,Nabeul,Nabeul,Appartement,vente,36.4561,10.7376,3673.469387755102,147.0,0.0,,,,,,,,,,,,,,,,,,,,,,,,,,,,,,,,,,,,,,,,,,,,,,,,,,,,,,,,,,,,,,,,,,,,,,,,,,,
1128,85.0,2.0,,340000.0,,,1.0,1.0,,,,1.0,1.0,,Nabeul,Hammamet,Appartement,vente,36.4012665,10.5572827,4000.0,42.5,0.0,,,,,,,,,,,,,,,,,,,,,,,,,,,,,,,,,,,,,,,,,,,,,,,,,,,,,,,,,,,,,,,,,,,,,,,,,,,
1129,117.0,2.0,3.0,190000.0,,1.0,,,,,,,,,Nabeul,Kelibia,Appartement,vente,36.8456561,11.0935701,1623.931623931624,58.5,0.0,,,,,,,,,,,,,,,,,,,,,,,,,,,,,,,,,,,,,,,,,,,,,,,,,,,,,,,,,,,,,,,,,,,,,,,,,,,
1130,120.0,5.0,1.0,220000.0,,,,,,,,,,,Tunis,Bab Bhar,Appartement,vente,36.811565,10.1769871,1833.3333333333333,24.0,0.0,,,,,,,,,,,,,,,,,,,,,,,,,,,,,,,,,,,,,,,,,,,,,,,,,,,,,,,,,,,,,,,,,,,,,,,,,,,
1131,170.0,3.0,,395000.0,,,1.0,,,,,1.0,,,Nabeul,Nabeul,Appartement,vente,36.4512897,10.7355915,2323.529411764706,56.666666666666664,0.0,,,,,,,,,,,,,,,,,,,,,,,,,,,,,,,,,,,,,,,,,,,,,,,,,,,,,,,,,,,,,,,,,,,,,,,,,,,
1132,102.0,2.0,4.0,330000.0,,,1.0,1.0,,,,1.0,1.0,,Nabeul,Hammamet,Appartement,vente,36.4012665,10.5572827,3235.294117647059,51.0,0.0,,,,,,,,,,,,,,,,,,,,,,,,,,,,,,,,,,,,,,,,,,,,,,,,,,,,,,,,,,,,,,,,,,,,,,,,,,,
1133,112.0,2.0,,390000.0,,,1.0,1.0,,,1.0,,,,Nabeul,Hammamet,Appartement,vente,36.4012665,10.5572827,3482.1428571428573,56.0,0.0,,,,,,,,,,,,,,,,,,,,,,,,,,,,,,,,,,,,,,,,,,,,,,,,,,,,,,,,,,,,,,,,,,,,,,,,,,,
1134,120.0,4.0,,120000.0,,,,,,,,,,,Tunis,Sidi Hassine,Appartement,vente,36.7408564,10.1211384,1000.0,30.0,0.0,,,,,,,,,,,,,,,,,,,,,,,,,,,,,,,,,,,,,,,,,,,,,,,,,,,,,,,,,,,,,,,,,,,,,,,,,,,
1135,190.0,3.0,1.0,350000.0,,,,,,,,,,,Tunis,El Kram,Appartement,vente,36.8479991,10.2943555,1842.1052631578948,63.333333333333336,0.0,,,,,,,,,,,,,,,,,,,,,,,,,,,,,,,,,,,,,,,,,,,,,,,,,,,,,,,,,,,,,,,,,,,,,,,,,,,
1136,110.0,3.0,0.0,173000.0,,,,1.0,,,1.0,1.0,,,Ben Arous,El Mourouj,Appartement,vente,36.719825,10.2192362,1572.7272727272727,36.666666666666664,0.0,,,,,,,,,,,,,,,,,,,,,,,,,,,,,,,,,,,,,,,,,,,,,,,,,,,,,,,,,,,,,,,,,,,,,,,,,,,
1137,70.0,1.0,,250000.0,,,1.0,1.0,,,,,,,Nabeul,Hammamet,Appartement,vente,36.4561,10.7376,3571.4285714285716,70.0,0.0,,,,,,,,,,,,,,,,,,,,,,,,,,,,,,,,,,,,,,,,,,,,,,,,,,,,,,,,,,,,,,,,,,,,,,,,,,,
1138,100.0,5.0,0.0,500000.0,,,,,,,,,,,Tunis,Bab Bhar,Appartement,vente,36.7992041,10.1756221,5000.0,20.0,0.0,,,,,,,,,,,,,,,,,,,,,,,,,,,,,,,,,,,,,,,,,,,,,,,,,,,,,,,,,,,,,,,,,,,,,,,,,,,
1139,54.0,1.0,3.0,180000.0,,,,,,,,,,,Tunis,La Marsa,Appartement,vente,36.8479251,10.2611996,3333.3333333333335,54.0,0.0,,,,,,,,,,,,,,,,,,,,,,,,,,,,,,,,,,,,,,,,,,,,,,,,,,,,,,,,,,,,,,,,,,,,,,,,,,,
1140,43.0,2.0,,119000.0,,,,,,,,,,,Tunis,Le Bardo,Appartement,vente,36.8055509,10.1457592,2767.4418604651164,21.5,0.0,,,,,,,,,,,,,,,,,,,,,,,,,,,,,,,,,,,,,,,,,,,,,,,,,,,,,,,,,,,,,,,,,,,,,,,,,,,
1141,,3.0,,210000.0,,,,,,,,,,,Tunis,Le Bardo,Appartement,vente,36.8134113,10.1321911,,,0.0,,,,,,,,,,,,,,,,,,,,,,,,,,,,,,,,,,,,,,,,,,,,,,,,,,,,,,,,,,,,,,,,,,,,,,,,,,,
1142,175.0,4.0,,185000.0,,,,,,,,,,,Tunis,El Omrane Superieur,Appartement,vente,36.8280912,10.1406396,1057.142857142857,43.75,0.0,,,,,,,,,,,,,,,,,,,,,,,,,,,,,,,,,,,,,,,,,,,,,,,,,,,,,,,,,,,,,,,,,,,,,,,,,,,
1143,100.0,4.0,1.0,175000.0,,,,,,,,,,,Tunis,Bab Bhar,Appartement,vente,36.7992041,10.1756221,1750.0,25.0,0.0,,,,,,,,,,,,,,,,,,,,,,,,,,,,,,,,,,,,,,,,,,,,,,,,,,,,,,,,,,,,,,,,,,,,,,,,,,,
1144,80.0,3.0,,160000.0,,,,,,,,,,,Tunis,Bab Bhar,Appartement,vente,36.7992041,10.1756221,2000.0,26.666666666666668,0.0,,,,,,,,,,,,,,,,,,,,,,,,,,,,,,,,,,,,,,,,,,,,,,,,,,,,,,,,,,,,,,,,,,,,,,,,,,,
1145,120.0,4.0,1.0,250000.0,,,,,,,,,,,Ben Arous,Ezzahra,Appartement,vente,36.7404497,10.3029461,2083.3333333333335,30.0,0.0,,,,,,,,,,,,,,,,,,,,,,,,,,,,,,,,,,,,,,,,,,,,,,,,,,,,,,,,,,,,,,,,,,,,,,,,,,,
1146,80.0,3.0,,140000.0,,,,,,,,,,,Tunis,Bab Bhar,Appartement,vente,36.7992041,10.1756221,1750.0,26.666666666666668,0.0,,,,,,,,,,,,,,,,,,,,,,,,,,,,,,,,,,,,,,,,,,,,,,,,,,,,,,,,,,,,,,,,,,,,,,,,,,,
1147,80.0,3.0,,240000.0,,,,,,,,,,,Ben Arous,Ezzahra,Appartement,vente,36.7404497,10.3029461,3000.0,26.666666666666668,0.0,,,,,,,,,,,,,,,,,,,,,,,,,,,,,,,,,,,,,,,,,,,,,,,,,,,,,,,,,,,,,,,,,,,,,,,,,,,
1148,72.0,3.0,1.0,130000.0,,,,,,,1.0,,,,Ariana,Mnihla,Appartement,vente,36.8625,10.1956,1805.5555555555557,24.0,0.0,,,,,,,,,,,,,,,,,,,,,,,,,,,,,,,,,,,,,,,,,,,,,,,,,,,,,,,,,,,,,,,,,,,,,,,,,,,
1149,80.0,3.0,,140000.0,,,,,,,,,,,Tunis,Bab Bhar,Appartement,vente,36.7992041,10.1756221,1750.0,26.666666666666668,0.0,,,,,,,,,,,,,,,,,,,,,,,,,,,,,,,,,,,,,,,,,,,,-0.002598222,-0.08300697,-0.09636908,0.16465855,0.21316989,0.09176077,0.069532014,0.12588064,0.0688534,0.063426845,-0.07790335,-0.036075708,0.08861193,-0.07154512,0.002304066,-0.026456198,0.076548696,0.029615533,-0.0024082933,-0.048353042,-0.034151893,-0.047428332,0.0058972263,-0.01867005,-0.02804993,0.047461264,0.034876727,0.019040529,-0.019754045,-0.018191433,0.014951032,0.02247647
1150,110.0,3.0,,220000.0,,,,,,,,1.0,,,Ben Arous,Fouchana,Appartement,vente,36.7050739,10.1796714,2000.0,36.666666666666664,0.0,,,,,,,,,,,,,,,,,,,,,,,,,,,,,,,,,,,,,,,,,,,,,,,,,,,,,,,,,,,,,,,,,,,,,,,,,,,
1151,80.0,3.0,,240000.0,,,,,,,,,,,Ben Arous,Ezzahra,Appartement,vente,36.7404497,10.3029461,3000.0,26.666666666666668,0.0,,,,,,,,,,,,,,,,,,,,,,,,,,,,,,,,,,,,,,,,,,,,,,,,,,,,,,,,,,,,,,,,,,,,,,,,,,,
1152,,2.0,3.0,225000.0,,,1.0,1.0,,,,1.0,,,Ben Arous,Nouvelle Medina,Appartement,vente,36.7575659,10.244981,,,0.0,,,,,,,,,,,,,,,,,,,,,,,,,,,,,,,,,,,,,,,,,,,,,,,,,,,,,,,,,,,,,,,,,,,,,,,,,,,
1153,90.0,3.0,,240000.0,,,,,,,,,,,Ben Arous,Ezzahra,Appartement,vente,36.7404497,10.3029461,2666.6666666666665,30.0,0.0,,,,,,,,,,,,,,,,,,,,,,,,,,,,,,,,,,,,,,,,,,,,,,,,,,,,,,,,,,,,,,,,,,,,,,,,,,,
1154,166.0,3.0,1.0,282000.0,,1.0,,,,,,,,,Tunis,Bab Bhar,Appartement,vente,36.7992041,10.1756221,1698.7951807228915,55.333333333333336,0.0,,,,,,,,,,,,,,,,,,,,,,,,,,,,,,,,,,,,,,,,,,,,,,,,,,,,,,,,,,,,,,,,,,,,,,,,,,,
1155,110.0,3.0,1.0,220000.0,,1.0,,,,,,,,,Tunis,Bab Bhar,Appartement,vente,36.7992041,10.1756221,2000.0,36.666666666666664,0.0,,,,,,,,,,,,,,,,,,,,,,,,,,,,,,,,,,,,,,,,,,,,,,,,,,,,,,,,,,,,,,,,,,,,,,,,,,,
1156,80.0,3.0,3.0,140000.0,,,,,,,,,,,Tunis,Bab Bhar,Appartement,vente,36.7992041,10.1756221,1750.0,26.666666666666668,0.0,,,,,,,,,,,,,,,,,,,,,,,,,,,,,,,,,,,,,,,,,,,,,,,,,,,,,,,,,,,,,,,,,,,,,,,,,,,
1157,80.0,3.0,,160000.0,,,,,,,,,,,Tunis,Bab Bhar,Appartement,vente,36.7992041,10.1756221,2000.0,26.666666666666668,0.0,,,,,,,,,,,,,,,,,,,,,,,,,,,,,,,,,,,,,,,,,,,,,,,,,,,,,,,,,,,,,,,,,,,,,,,,,,,
1158,120.0,4.0,,160000.0,,,,,,,,,,,Tunis,Bab Bhar,Appartement,vente,36.8065,10.1815,1333.3333333333333,30.0,0.0,,,,,,,,,,,,,,,,,,,,,,,,,,,,,,,,,,,,,,,,,,,,,,,,,,,,,,,,,,,,,,,,,,,,,,,,,,,
1159,70.0,3.0,1.0,130000.0,,,,,,,,,,,Ben Arous,Rades,Appartement,vente,36.767891,10.2724617,1857.142857142857,23.333333333333332,0.0,,,,,,,,,,,,,,,,,,,,,,,,,,,,,,,,,,,,,,,,,,,,,,,,,,,,,,,,,,,,,,,,,,,,,,,,,,,
1160,100.0,4.0,2.0,160000.0,,,,,,,,,,,Ben Arous,El Mourouj,Appartement,vente,36.719825,10.2192362,1600.0,25.0,0.0,,,,,,,,,,,,,,,,,,,,,,,,,,,,,,,,,,,,,,,,,,,,,,,,,,,,,,,,,,,,,,,,,,,,,,,,,,,
1161,100.0,4.0,2.0,270000.0,,,,,,,,,,,Ariana,Ariana Ville,Appartement,vente,36.8587351,10.188232,2700.0,25.0,0.0,,,,,,,,,,,,,,,,,,,,,,,,,,,,,,,,,,,,,,,,,,,,,,,,,,,,,,,,,,,,,,,,,,,,,,,,,,,
1162,48.0,2.0,3.0,147000.0,1.0,,,,,,,,,,Tunis,El Menzah,Appartement,vente,36.8336187,10.1471736,3062.5,24.0,3.0,,,,,,,,,,,,,,,,,,,,,,,,,,,,,,,,,,,,,,,,,,,,,,,,,,,,,,,,,,,,,,,,,,,,,,,,,,,
1163,75.0,2.0,,250000.0,,,1.0,1.0,,,,,,,Tunis,La Goulette,Appartement,vente,36.8133756,10.2930588,3333.3333333333335,37.5,0.0,,,,,,,,,,,,,,,,,,,,,,,,,,,,,,,,,,,,,,,,,,,,,,,,,,,,,,,,,,,,,,,,,,,,,,,,,,,
1164,204.0,4.0,3.0,650000.0,1.0,,,,,,1.0,1.0,,,Ariana,Mnihla,Appartement,vente,36.8457382,10.1317222,3186.274509803922,51.0,3.0,,,,,,,,,,,,,,,,,,,,,,,,,,,,,,,,,,,,,,,,,,,,,,,,,,,,,,,,,,,,,,,,,,,,,,,,,,,
1165,100.0,4.0,2.0,165000.0,,,,,,,,,,,Ben Arous,El Mourouj,Appartement,vente,36.719825,10.2192362,1650.0,25.0,0.0,,,,,,,,,,,,,,,,,,,,,,,,,,,,,,,,,,,,,,,,,,,,,,,,,,,,,,,,,,,,,,,,,,,,,,,,,,,
1166,62.0,2.0,3.0,110000.0,,1.0,,,,1.0,,,,,Ben Arous,El Mourouj,Appartement,vente,36.722541,10.2125357,1774.1935483870968,31.0,0.0,,,,,,,,,,,,,,,,,,,,,,,,,,,,,,,,,,,,,,,,,,,,,,,,,,,,,,,,,,,,,,,,,,,,,,,,,,,
1167,53.0,1.0,,180000.0,1.0,,1.0,1.0,,,,,,,Tunis,La Goulette,Appartement,vente,36.8133756,10.2930588,3396.2264150943397,53.0,0.0,,,,,,,,,,,,,,,,,,,,,,,,,,,,,,,,,,,,,,,,,,,,,,,,,,,,,,,,,,,,,,,,,,,,,,,,,,,
1168,90.0,3.0,,160000.0,,,,,,,,,,,Tunis,Bab Bhar,Appartement,vente,36.7992041,10.1756221,1777.7777777777778,30.0,0.0,,,,,,,,,,,,,,,,,,,,,,,,,,,,,,,,,,,,,,,,,,,,,,,,,,,,,,,,,,,,,,,,,,,,,,,,,,,
1169,80.0,3.0,,135000.0,,,,,,,,,,,Tunis,Bab Bhar,Appartement,vente,36.7992041,10.1756221,1687.5,26.666666666666668,0.0,,,,,,,,,,,,,,,,,,,,,,,,,,,,,,,,,,,,,,,,,,,,,,,,,,,,,,,,,,,,,,,,,,,,,,,,,,,
1170,95.0,3.0,1.0,300000.0,,1.0,,,,,,,,,Tunis,La Marsa,Appartement,vente,36.8831907,10.3158038,3157.8947368421054,31.666666666666668,0.0,,,,,,,,,,,,,,,,,,,,,,,,,,,,,,,,,,,,,,,,,,,,,,,,,,,,,,,,,,,,,,,,,,,,,,,,,,,
1171,42.0,2.0,,152000.0,,,,,,,,,,,Tunis,El Menzah,Appartement,vente,36.8336187,10.1471736,3619.0476190476193,21.0,0.0,,,,,,,,,,,,,,,,,,,,,,,,,,,,,,,,,,,,,,,,,,,,,,,,,,,,,,,,,,,,,,,,,,,,,,,,,,,
1172,126.0,2.0,3.0,319000.0,1.0,,,,,,,,,,Ariana,Ariana Ville,Appartement,vente,36.8599292,10.1531585,2531.746031746032,63.0,3.0,,,,,,,,,,,,,,,,,,,,,,,,,,,,,,,,,,,,,,,,,,,,,,,,,,,,,,,,,,,,,,,,,,,,,,,,,,,
1173,210.0,5.0,,380000.0,,,,,,,,,,1.0,Nabeul,Hammamet,Appartement,vente,36.4012665,10.5572827,1809.5238095238096,42.0,0.0,,,,,,,,,,,,,,,,,,,,,,,,,,,,,,,,,,,,,,,,,,,,,,,,,,,,,,,,,,,,,,,,,,,,,,,,,,,
1174,77.0,4.0,,135000.0,1.0,,,,,,,,,,Ben Arous,El Mourouj,Appartement,vente,36.719825,10.2192362,1753.2467532467533,19.25,0.0,,,,,,,,,,,,,,,,,,,,,,,,,,,,,,,,,,,,,,,,,,,,,,,,,,,,,,,,,,,,,,,,,,,,,,,,,,,
1175,162.0,4.0,,495000.0,,1.0,,,,,,1.0,,,Ariana,La Soukra,Appartement,vente,36.8811985,10.211819,3055.5555555555557,40.5,0.0,,,,,,,,,,,,,,,,,,,,,,,,,,,,,,,,,,,,,,,,,,,,,,,,,,,,,,,,,,,,,,,,,,,,,,,,,,,
1176,125.0,3.0,,475000.0,1.0,1.0,1.0,1.0,,,,1.0,,,Ariana,La Soukra,Appartement,vente,36.8811985,10.211819,3800.0,41.666666666666664,0.0,,,,,,,,,,,,,,,,,,,,,,,,,,,,,,,,,,,,,,,,,,,,,,,,,,,,,,,,,,,,,,,,,,,,,,,,,,,
1177,80.0,1.0,2.0,170000.0,,,,,,,,,,,Bizerte,Bizerte Nord,Appartement,vente,37.2720905,9.8708565,2125.0,80.0,0.0,,,,,,,,,,,,,,,,,,,,,,,,,,,,,,,,,,,,,,,,,,,,,,,,,,,,,,,,,,,,,,,,,,,,,,,,,,,
1178,95.0,3.0,,215000.0,,,,,,,,,,,Ariana,La Soukra,Appartement,vente,36.8606537,10.2087006,2263.157894736842,31.666666666666668,0.0,,,,,,,,,,,,,,,,,,0.0,,,,,,,0.0,,True,,,0.05,,,,,,,,,,,,,,0.08259345,0.010822246,0.047505405,0.03909424,0.011706024,0.05867195,-0.06726151,0.017744925,0.033538736,-0.11365588,-0.074954264,0.13522066,0.00922028,0.013229396,-0.065040484,-0.09786853,-0.01792171,-0.0065638884,0.01910779,-0.114316635,-0.003709966,0.14880711,0.018459827,0.09317141,0.16327779,0.049396,-0.003988794,-0.016367124,0.057098452,0.046514425,0.014245986,0.080635965
1179,183.0,4.0,2.0,410000.0,,,,,,,,,,,Ben Arous,Rades,Appartement,vente,36.764815,10.2880423,2240.437158469945,45.75,0.0,,,,,,,,,,,,,,,,,,,,,,,,,,,,,,,,,,,,,,,,,,,,,,,,,,,,,,,,,,,,,,,,,,,,,,,,,,,
1180,54.0,1.0,,220000.0,1.0,,,,,,,,,,Tunis,La Goulette,Appartement,vente,36.8133756,10.2930588,4074.074074074074,54.0,0.0,,,,,,,,,,,,,,,,,,,,,,,,,,,,,,,,,,,,,,,,,,,,-0.08669586,-0.04778237,0.14362772,0.10910072,-0.18051124,-0.12305396,-0.061662637,0.12532884,0.039958786,-0.036455877,0.112177886,-0.08436604,0.12278487,-0.016794553,-0.13592221,0.12447578,0.044174507,-0.008843597,-0.042658553,0.10115214,-0.081417575,-0.004125234,-0.08091274,0.036788255,-0.037788223,0.078724466,-0.060776882,0.017157476,0.04065454,-0.008276302,-0.013904851,0.048341986
1181,97.0,4.0,,220000.0,,1.0,1.0,1.0,,,,1.0,,,Tunis,Cite El Khadra,Appartement,vente,36.8065,10.1815,2268.041237113402,24.25,0.0,,,,,,,,,,,,,,,,,,,,,,,,,,,,,,,,,,,,,,,,,,,,,,,,,,,,,,,,,,,,,,,,,,,,,,,,,,,
1182,90.0,3.0,,190000.0,,,,,,,,,,,Tunis,Bab Bhar,Appartement,vente,36.7992041,10.1756221,2111.1111111111113,30.0,0.0,,,,,,,,,,,,,,,,,,,,,,,,,,,,,,,,,,,,,,,,,,,,,,,,,,,,,,,,,,,,,,,,,,,,,,,,,,,
1183,180.0,5.0,,260000.0,,,,,,,,,,,Tunis,Bab Bhar,Appartement,vente,36.8065,10.1815,1444.4444444444443,36.0,0.0,,,,,,,,,,,,,,,,,,,,,,,,,,,,,,,,,,,,,,,,,,,,,,,,,,,,,,,,,,,,,,,,,,,,,,,,,,,
1184,120.0,4.0,,160000.0,,,,,,,,,,,Tunis,Bab Bhar,Appartement,vente,36.8065,10.1815,1333.3333333333333,30.0,0.0,,,,,,,,,,,,,,,,,,,,,,,,,,,,,,,,,,,,,,,,,,,,,,,,,,,,,,,,,,,,,,,,,,,,,,,,,,,
1185,100.0,3.0,,250000.0,,,,,,,,,,,Tunis,Bab Bhar,Appartement,vente,36.8149179,10.1907702,2500.0,33.333333333333336,0.0,,,,,,,,,,,,,,,,,,,,,,,,,,,,,,,,,,,,,,,,,,,,,,,,,,,,,,,,,,,,,,,,,,,,,,,,,,,
1186,90.0,3.0,,135000.0,,,,,,,,,,,Tunis,Bab Bhar,Appartement,vente,36.7992041,10.1756221,1500.0,30.0,0.0,,,,,,,,,,,,,,,,,,,,,,,,,,,,,,,,,,,,,,,,,,,,,,,,,,,,,,,,,,,,,,,,,,,,,,,,,,,
1187,60.0,2.0,,240000.0,,1.0,1.0,1.0,,,,,,,Tunis,La Goulette,Appartement,vente,36.8133756,10.2930588,4000.0,30.0,0.0,,,,,,,,,,,,,,,,,,,,,,,,,,,,,,,,,,,,,,,,,,,,,,,,,,,,,,,,,,,,,,,,,,,,,,,,,,,
1188,100.0,4.0,3.0,98000.0,,1.0,,,,,,,,,Ben Arous,El Mourouj,Appartement,vente,36.719825,10.2192362,980.0,25.0,0.0,,,,,,,,,,,,,,,,,,,,,,,,,,,,,,,,,,,,,,,,,,,,,,,,,,,,,,,,,,,,,,,,,,,,,,,,,,,
1189,80.0,3.0,4.0,110000.0,,,,,,,,1.0,,,Ben Arous,El Mourouj,Appartement,vente,36.719825,10.2192362,1375.0,26.666666666666668,0.0,,,,,,,,,,,,,,,,,,,,,,,,,,,,,,,,,,,,,,,,,,,,,,,,,,,,,,,,,,,,,,,,,,,,,,,,,,,
1190,40.0,1.0,0.0,130000.0,,,,,,,,,,,Tunis,La Marsa,Appartement,vente,36.8479251,10.2611996,3250.0,40.0,0.0,,,,,,,,,,,,,,,,,,,,,,,,,,,,,,,,,,,,,,,,,,,,,,,,,,,,,,,,,,,,,,,,,,,,,,,,,,,
1191,148.0,3.0,,650000.0,,1.0,1.0,1.0,,,1.0,1.0,,,Tunis,Ain Zaghouan,Appartement,vente,36.8572699,10.2918693,4391.891891891892,49.333333333333336,0.0,,,,,,,,,,,,,,,,,,,,,,,,,,,,,,,,,,,,,,,,,,,,,,,,,,,,,,,,,,,,,,,,,,,,,,,,,,,
1192,64.0,2.0,1.0,180000.0,1.0,,1.0,1.0,,,,,,,Ariana,La Soukra,Appartement,vente,36.8749751,10.2454267,2812.5,32.0,1.0,,,,,,,,,,,,,,,,,,,,,,,,,,,,,,,,,,,,,,,,,,,,-0.02139709,-0.07279387,0.11876924,-0.0032529451,0.06257814,0.03972547,0.037318543,0.09296988,0.08873593,0.02573996,0.09341403,0.11298205,0.031180324,0.07930231,0.041051917,0.048459604,-0.15494132,-0.010854442,-0.06896098,0.13162982,0.0076250155,-0.037103515,-0.0011437977,0.0019713016,0.04687076,-0.01567207,0.06707583,-0.046383467,-0.03519607,-0.015562698,0.035102084,0.04898444
1193,75.0,2.0,,220000.0,,,,1.0,,,,,,,Sousse,Sousse Jaouhara,Appartement,vente,35.8512042,10.6062129,2933.3333333333335,37.5,0.0,,,,,,,,,,,,,,,,,,,,,,,,,,,,,,,,,,,,,,,,,,,,,,,,,,,,,,,,,,,,,,,,,,,,,,,,,,,
1194,170.0,2.0,4.0,425000.0,1.0,1.0,,,,,,1.0,,,Sousse,Sousse Jaouhara,Appartement,vente,35.8359686,10.5995321,2500.0,85.0,4.0,,,,,,,,,,,,,,,,,,,,,,,,,,,,,,,,,,,,,,,,,,,,,,,,,,,,,,,,,,,,,,,,,,,,,,,,,,,
1195,130.0,4.0,,295000.0,1.0,1.0,1.0,1.0,,,,,,,Ariana,La Soukra,Appartement,vente,36.8749751,10.2454267,2269.230769230769,32.5,0.0,,,,,,,,,,,,,,,,,,,,,,,,,,,,,,,,,,,,,,,,,,,,,,,,,,,,,,,,,,,,,,,,,,,,,,,,,,,
1196,40.0,2.0,1.0,120000.0,,1.0,1.0,,,,,,,,Tunis,La Marsa,Appartement,vente,36.8479251,10.2611996,3000.0,20.0,0.0,,,,,,,,,,,,,,,,,,,,,,,,,,,,,,,,,,,,,,,,,,,,,,,,,,,,,,,,,,,,,,,,,,,,,,,,,,,
1197,120.0,3.0,,320000.0,,,,,,,,,,,Nabeul,Hammamet,Appartement,vente,36.4012665,10.5572827,2666.6666666666665,40.0,0.0,,,,,,,,,,,,,,,,,,,,,,,,,,,,,,,,,,,,,,,,,,,,,,,,,,,,,,,,,,,,,,,,,,,,,,,,,,,
1198,125.0,2.0,,285000.0,1.0,,1.0,1.0,,1.0,,,,,Sousse,Hammam Sousse,Appartement,vente,35.8749788,10.5935183,2280.0,62.5,0.0,,,,,,,,,,,,,,,,,,,,,,,,,,,,,,,,,,,,,,,,,,,,,,,,,,,,,,,,,,,,,,,,,,,,,,,,,,,
1199,100.0,3.0,1.0,245000.0,,1.0,1.0,,,,,,,,Ariana,La Soukra,Appartement,vente,36.8606537,10.2087006,2450.0,33.333333333333336,0.0,,,,,,,,,,,,,,,,,,,,,,,,,,,,,,,,,,,,,,,,,,,,,,,,,,,,,,,,,,,,,,,,,,,,,,,,,,,
1200,132.0,4.0,,320000.0,1.0,1.0,1.0,,,,,1.0,,,Tunis,La Marsa,Appartement,vente,36.8479251,10.2611996,2424.242424242424,33.0,0.0,,,,,,,,,,,,,,,,,,,,,,,,,,,,,,,,,,,,,,,,,,,,,,,,,,,,,,,,,,,,,,,,,,,,,,,,,,,
1201,137.0,4.0,5.0,298000.0,,,,,,,,1.0,,1.0,Tunis,La Marsa,Appartement,vente,36.8479251,10.2611996,2175.182481751825,34.25,0.0,,,,,,,,,,,,,,,,,,,,,,,,,,,,,,,,,,,,,,,,,,,,,,,,,,,,,,,,,,,,,,,,,,,,,,,,,,,
1202,77.0,2.0,,200000.0,,,1.0,,,,,,,,Ariana,La Soukra,Appartement,vente,36.8606537,10.2087006,2597.4025974025976,38.5,0.0,,,,,,,,,,,,,,,,,,,,,,,,,,,,,,,,,,,,,,,,,,,,,,,,,,,,,,,,,,,,,,,,,,,,,,,,,,,
1203,147.0,1.0,,370000.0,,1.0,1.0,1.0,,,,1.0,,,Ariana,Raoued,Appartement,vente,36.8625,10.1956,2517.0068027210887,147.0,0.0,,,,,,,,,,,,,,,,,,,,,,,,,,,,,,,,,,,,,,,,,,,,,,,,,,,,,,,,,,,,,,,,,,,,,,,,,,,
1204,100.0,2.0,0.0,190000.0,,,,,,,,,,,Tunis,Le Bardo,Appartement,vente,36.8134113,10.1321911,1900.0,50.0,0.0,,,,,,,,,,,,,,,,,,,,,,,,,,,,,,,,,,,,,,,,,,,,,,,,,,,,,,,,,,,,,,,,,,,,,,,,,,,
1205,65.0,2.0,,110000.0,,1.0,,,,,,,,,Tunis,Le Bardo,Appartement,vente,36.8134113,10.1321911,1692.3076923076924,32.5,0.0,,,,,,,,,,,,,,,,,,,,,,,,,,,,,,,,,,,,,,,,,,,,,,,,,,,,,,,,,,,,,,,,,,,,,,,,,,,
1206,47.0,1.0,,130000.0,1.0,,,,,,,,,,Ben Arous,Bou Mhel El Bassatine,Appartement,vente,36.71444,10.3112789,2765.9574468085107,47.0,0.0,,,,,,,,,,,,,,,,,,,,,,,,,,,,,,,,,,,,,,,,,,,,,,,,,,,,,,,,,,,,,,,,,,,,,,,,,,,
1207,90.0,3.0,,179999.0,,,1.0,,,,,,,,Tunis,Cite El Khadra,Appartement,vente,36.8291875,10.1903688,1999.9888888888888,30.0,0.0,,,,,,,,,,,,,,,,,,,,,,,,,,,,,,,,,,,,,,,,,,,,,,,,,,,,,,,,,,,,,,,,,,,,,,,,,,,
1208,205.0,2.0,1.0,600000.0,,1.0,,,,,,,,1.0,Tunis,Carthage,Appartement,vente,36.8668692,10.3495656,2926.829268292683,102.5,0.0,,,,,,,,,,,,,,,,,,,,,,,,,,,,,,,,,,,,,,,,,,,,,,,,,,,,,,,,,,,,,,,,,,,,,,,,,,,
1209,54.0,2.0,3.0,180000.0,1.0,,1.0,,,,,,,,Tunis,La Marsa,Appartement,vente,36.8479251,10.2611996,3333.3333333333335,27.0,3.0,,,,,,,,,,,,,,,,,,,,,,,,,,,,,,,,,,,,,,,,,,,,,,,,,,,,,,,,,,,,,,,,,,,,,,,,,,,
1210,40.0,2.0,0.0,130000.0,,,,,,,,,,,Tunis,La Marsa,Appartement,vente,36.8479251,10.2611996,3250.0,20.0,0.0,,,,,,,,,,,,,,,,,,,,,,,,,,,,,,,,,,,,,,,,,,,,,,,,,,,,,,,,,,,,,,,,,,,,,,,,,,,
1211,,3.0,3.0,185000.0,0.0,,,0.0,0.0,,0.0,,0.0,0.0,Tunis,Cite El Khadra,Appartement,vente,36.8065,10.1815,,,0.0,,,,,,,,,,,,,,,,,,,,,,,,,,,,,,,,,,,,,,,,,,,,,,,,,,,,,,,,,,,,,,,,,,,,,,,,,,,
1212,170.0,3.0,,275000.0,,1.0,,,,,,,,,Tunis,Bab Bhar,Appartement,vente,36.7992041,10.1756221,1617.6470588235295,56.666666666666664,0.0,,,,,,,,,,,,,,,,,,,,,,,,,,,,,,,,,,,,,,,,,,,,,,,,,,,,,,,,,,,,,,,,,,,,,,,,,,,
1213,75.0,2.0,2.0,150000.0,,1.0,,,,,,1.0,,1.0,Ben Arous,El Mourouj,Appartement,vente,36.719825,10.2192362,2000.0,37.5,0.0,,,,,,,,,,,,,,,,,,,,,,,,,,,,,,,,,,,,,,,,,,,,,,,,,,,,,,,,,,,,,,,,,,,,,,,,,,,
1214,75.0,2.0,2.0,150000.0,,1.0,,,,,,1.0,,1.0,Ben Arous,El Mourouj,Appartement,vente,36.719825,10.2192362,2000.0,37.5,0.0,,,,,,,,,,,,,,,,,,,,,,,,,,,,,,,,,,,,,,,,,,,,,,,,,,,,,,,,,,,,,,,,,,,,,,,,,,,
1215,180.0,,0.0,200000.0,,,,,,,,,,,Sfax,Sfax Ville,Appartement,vente,34.7335472,10.7531879,1111.111111111111,,0.0,,,,,,,,,,,,,,,,,,,,,,,,,,,,,,,,,,,,,,,,,,,,,,,,,,,,,,,,,,,,,,,,,,,,,,,,,,,
1216,40.0,2.0,1.0,120000.0,,1.0,1.0,,,,,,,,Ariana,La Soukra,Appartement,vente,36.8811985,10.211819,3000.0,20.0,0.0,,,,,,,,,,,,,,,,,,,,,,,,,,,,,,,,,,,,,,,,,,,,-0.049616396,-0.095761016,0.18295544,0.025417851,0.05705863,0.048897386,0.01380392,0.08975317,0.04664146,0.010668378,0.095600314,0.098222,0.007325314,0.08847491,0.030917194,0.029258726,-0.1539616,-0.00541915,-0.06434145,0.061479576,0.05260398,-0.010079443,-0.019856831,0.008638289,0.04589065,0.004922104,0.06264229,-0.03262994,-0.045200106,-0.02327546,0.10485212,0.027309785
1217,115.0,3.0,0.0,130000.0,,1.0,,,,,,,,,Manouba,Mannouba,Appartement,vente,36.8095,10.098,1130.4347826086957,38.333333333333336,0.0,,,,,,,,,,,,,,,,,,,,,,,,,,,,,,,,,,,,,,,,,,,,,,,,,,,,,,,,,,,,,,,,,,,,,,,,,,,
1218,78.0,4.0,0.0,200000.0,,,,,,,,,,,Tunis,El Omrane Superieur,Appartement,vente,36.84177,10.1301259,2564.102564102564,19.5,0.0,,,,,,,,,,,,,,,,,,,,,,,,,,,,,,,,,,,,,,,,,,,,,,,,,,,,,,,,,,,,,,,,,,,,,,,,,,,
1219,89.0,2.0,0.0,330000.0,,,,,,,,,1.0,,Nabeul,Hammamet,Appartement,vente,36.4012665,10.5572827,3707.8651685393256,44.5,0.0,,,,,,,,,,,,,,,,,,,,,,,,,,,,,,,,,,,,,,,,,,,,,,,,,,,,,,,,,,,,,,,,,,,,,,,,,,,
1220,114.0,5.0,0.0,340000.0,,,,,,,,,,,Ben Arous,El Mourouj,Appartement,vente,36.719825,10.2192362,2982.4561403508774,22.8,0.0,,,,,,,,,,,,,,,,,,,,,,,,,,,,,,,,,,,,,,,,,,,,,,,,,,,,,,,,,,,,,,,,,,,,,,,,,,,
1221,54.0,2.0,,180000.0,1.0,,1.0,,,,,,,,Tunis,La Marsa,Appartement,vente,36.8479251,10.2611996,3333.3333333333335,27.0,0.0,,,,,,,,,,,,,,,,,,,,,,,,,,,,,,,,,,,,,,,,,,,,-0.09206775,0.0068131,0.052149843,-0.027299521,-0.0129867755,-0.010106879,-0.029526625,0.16335869,0.05658194,0.06682611,0.04566549,0.066443294,-0.046812143,0.02430674,-0.07710941,0.07438375,-0.019195281,-0.032717787,0.020493504,0.01690565,0.120298594,0.059879355,0.0694287,-0.0021327322,-0.075226605,0.041530777,-0.0028932611,0.105366506,-0.0044584223,0.028513778,-0.02523324,-0.009718228
1222,65.0,2.0,,140000.0,,1.0,,,,,,,,,Tunis,Bab Bhar,Appartement,vente,36.8170699,10.1784812,2153.846153846154,32.5,0.0,,,,,,,,,,,,,,,,,,,,,,,,,,,,,,,,,,,,,,,,,,,,,,,,,,,,,,,,,,,,,,,,,,,,,,,,,,,
1223,190.0,5.0,,450000.0,1.0,,,,,,1.0,1.0,,,Tunis,La Marsa,Appartement,vente,36.8479251,10.2611996,2368.4210526315787,38.0,0.0,,,,,,,,,,,,,,,,,,,,,,,,,,,,,,,,,,,,,,,,,,,,,,,,,,,,,,,,,,,,,,,,,,,,,,,,,,,
1224,54.0,2.0,3.0,180000.0,1.0,,1.0,,,,,,,,Tunis,La Marsa,Appartement,vente,36.8479251,10.2611996,3333.3333333333335,27.0,3.0,,,,,,,,,,,,,,,,,,,,,,,,,,,,,,,,,,,,,,,,,,,,,,,,,,,,,,,,,,,,,,,,,,,,,,,,,,,
1225,168.0,5.0,,470000.0,1.0,,1.0,1.0,,,,1.0,,,Tunis,El Menzah,Appartement,vente,36.8292941,10.1657647,2797.6190476190477,33.6,0.0,,,,,,,,,,,,,,,,,,,,,,,,,,,,,,,,,,,,,,,,,,,,,,,,,,,,,,,,,,,,,,,,,,,,,,,,,,,
1226,54.0,2.0,3.0,180000.0,1.0,,1.0,,,,,,,,Tunis,La Marsa,Appartement,vente,36.8479251,10.2611996,3333.3333333333335,27.0,3.0,,,,,,,,,,,,,,,,,,,,,,,,,,,,,,,,,,,,,,,,,,,,,,,,,,,,,,,,,,,,,,,,,,,,,,,,,,,
1227,95.0,3.0,1.0,270000.0,,,,,,,,,,1.0,Sousse,Sousse Ville,Appartement,vente,35.8137916,10.5208721,2842.1052631578946,31.666666666666668,0.0,,,,,,,,,,,,,,,,,,,,,,,,,,,,,,,,,,,,,,,,,,,,,,,,,,,,,,,,,,,,,,,,,,,,,,,,,,,
1228,122.0,1.0,,190000.0,,1.0,1.0,,,,,,,,Ben Arous,El Mourouj,Appartement,vente,36.719825,10.2192362,1557.377049180328,122.0,0.0,,,,,,,,,,,,,,,,,,,,,,,,,,,,,,,,,,,,,,,,,,,,-0.10661772,-0.0056982073,0.0992612,0.005180016,0.182311,0.046742648,-0.091291696,-0.07263551,-0.04353608,-0.023666373,0.07923573,-0.030451521,-0.038586378,0.052313667,0.16395026,0.17853685,0.08650215,0.059419733,0.050769884,-0.02187174,-0.0025114804,0.057170283,-0.0009403167,0.011434425,-0.012395754,0.016789848,-0.034163896,0.0044631013,-0.050828613,-0.009649615,-0.0108433,0.025732568
1229,92.0,3.0,1.0,130000.0,,1.0,,,,,,,,,Tunis,El Ouerdia,Appartement,vente,36.8065,10.1815,1413.0434782608695,30.666666666666668,0.0,,,,,,,,,,,,,,,,,,,,,,,,,,,,,,,,,,,,,,,,,,,,,,,,,,,,,,,,,,,,,,,,,,,,,,,,,,,
1230,80.0,4.0,,175000.0,,1.0,,,,,,,,,Bizerte,Bizerte Nord,Appartement,vente,37.2720905,9.8708565,2187.5,20.0,0.0,,,,,,,,,,,,,,,,,,,,,,,,,,,,,,,,,,,,,,,,,,,,,,,,,,,,,,,,,,,,,,,,,,,,,,,,,,,
1231,150.0,4.0,,350000.0,,,1.0,1.0,,,1.0,1.0,,,Ariana,Mnihla,Appartement,vente,36.8457382,10.1317222,2333.3333333333335,37.5,0.0,,,,,,,,,,,,,,,,,,,,,,,,,,,,,,,,,,,,,,,,,,,,-0.077915505,-0.022564258,0.12297581,0.008079002,-0.04841435,-0.022523826,-0.026354164,-0.05885191,0.016313897,0.06463588,-0.02589137,-0.0036530464,-0.061504297,-0.057188332,-0.012732804,-0.07414429,0.113401845,0.057608496,-0.03412838,0.05367128,0.07060694,-0.016615404,-0.06560752,-0.035910647,-0.0051811687,-0.05722294,-0.0019327834,-0.019660475,0.0011203912,-0.021885684,-0.05833589,0.012485361
1232,104.0,3.0,,85000.0,,,,,,,1.0,,,,Manouba,Douar Hicher,Appartement,vente,36.8237415,10.0960637,817.3076923076923,34.666666666666664,0.0,,,,,,,,,,,,,,,,,,,,,,,,,,,,,,,,,,,,,,,,,,,,,,,,,,,,,,,,,,,,,,,,,,,,,,,,,,,
1233,130.0,4.0,2.0,450000.0,1.0,1.0,1.0,,,,,1.0,,,Tunis,La Marsa,Appartement,vente,36.8065,10.1815,3461.5384615384614,32.5,2.0,,,,,,,,,,,,,,,,,,,,,,,,,,,,,,,,,,,,,,,,,,,,,,,,,,,,,,,,,,,,,,,,,,,,,,,,,,,
1234,,3.0,,120000.0,,1.0,,,,,,,,,Ben Arous,El Mourouj,Appartement,vente,36.719825,10.2192362,,,0.0,,,,,,,,,,,,,,,,,,,,,,,,,,,,,,,,,,,,,,,,,,,,,,,,,,,,,,,,,,,,,,,,,,,,,,,,,,,
1235,63.0,1.0,,190000.0,,,,,,,,,,,Sousse,Hammam Sousse,Appartement,vente,35.8913101,10.5852113,3015.873015873016,63.0,0.0,,,,,,,,,,,,,,,,,,,,,,,,,,,,,,,,,,,,,,,,,,,,,,,,,,,,,,,,,,,,,,,,,,,,,,,,,,,
1236,155.0,5.0,,500000.0,,,,,,,,,,,Tunis,Le Bardo,Appartement,vente,36.8134113,10.1321911,3225.8064516129034,31.0,0.0,,,,,,,,,,,,,,,,,,,,,,,,,,,,,,,,,,,,,,,,,,,,,,,,,,,,,,,,,,,,,,,,,,,,,,,,,,,
1237,106.0,4.0,2.0,330000.0,,1.0,,,,,,,,,Ariana,Raoued,Appartement,vente,36.8625,10.1956,3113.2075471698113,26.5,0.0,,,,,,,,,,,,,,,,,,,,,,,,,,,,,,,,,,,,,,,,,,,,,,,,,,,,,,,,,,,,,,,,,,,,,,,,,,,
1238,54.0,2.0,,180000.0,1.0,,1.0,,,,,,,,Tunis,La Marsa,Appartement,vente,36.8479251,10.2611996,3333.3333333333335,27.0,0.0,,,,,,,,,,,,,,,,,,,,,,,,,,,,,,,,,,,,,,,,,,,,,,,,,,,,,,,,,,,,,,,,,,,,,,,,,,,
1239,111.0,2.0,,350000.0,,1.0,1.0,1.0,,,,,,,Ariana,La Soukra,Appartement,vente,36.8749751,10.2454267,3153.153153153153,55.5,0.0,,,,,,,,,,,,,,,,,,,,,,,,,,,,,,,,,,,,,,,,,,,,,,,,,,,,,,,,,,,,,,,,,,,,,,,,,,,
1240,54.0,1.0,,240000.0,,1.0,,,,,,,1.0,,Nabeul,Hammamet,Appartement,vente,36.4561,10.7376,4444.444444444444,54.0,0.0,,,,,,,,,,,,,,,,,,,,,,,,,,,,,,,,,,,,,,,,,,,,,,,,,,,,,,,,,,,,,,,,,,,,,,,,,,,
1241,160.0,4.0,,510000.0,,1.0,1.0,1.0,,,,1.0,1.0,,Tunis,El Menzah,Appartement,vente,36.8443809,10.1819354,3187.5,40.0,0.0,,,,,,,,,,,,,,,,,,,,,,,,,,,,,,,,,,,,,,,,,,,,,,,,,,,,,,,,,,,,,,,,,,,,,,,,,,,
1242,130.0,3.0,,380000.0,,,1.0,1.0,,,1.0,1.0,,,Ben Arous,Bou Mhel El Bassatine,Appartement,vente,36.71444,10.3112789,2923.076923076923,43.333333333333336,0.0,,,,,,,,,,,,,,,,,,,,,,,,,,,,,,,,,,,,,,,,,,,,,,,,,,,,,,,,,,,,,,,,,,,,,,,,,,,
1243,170.0,3.0,,275000.0,,1.0,,,,,,,,,Tunis,Bab Bhar,Appartement,vente,36.7992041,10.1756221,1617.6470588235295,56.666666666666664,0.0,,,,,,,,,,,,,,,,,,,,,,,,,,,,,,,,,,,,,,,,,,,,,,,,,,,,,,,,,,,,,,,,,,,,,,,,,,,
1244,90.0,3.0,,160000.0,,,,,,,,,,,Sousse,Sousse Riadh,Appartement,vente,35.8040805,10.6024567,1777.7777777777778,30.0,0.0,,,,,,,,,,,,,,,,,,,,,,,,,,,,,,,,,,,,,,,,,,,,,,,,,,,,,,,,,,,,,,,,,,,,,,,,,,,
1245,160.0,3.0,,410000.0,,1.0,,,,,,1.0,,,Ariana,Ariana Ville,Appartement,vente,36.8599292,10.1531585,2562.5,53.333333333333336,0.0,,,,,,,,,,,,,,,,,,,,,,,,,,,,,,,,,,,,,,,,,,,,,,,,,,,,,,,,,,,,,,,,,,,,,,,,,,,
1246,150.0,3.0,2.0,670000.0,1.0,,,,,,1.0,1.0,,,Tunis,Ain Zaghouan,Appartement,vente,36.8572699,10.2918693,4466.666666666667,50.0,2.0,,,,,,,,,,,,,,,,,,,,,,,,,,,,,,,,,,,,,,,,,,,,,,,,,,,,,,,,,,,,,,,,,,,,,,,,,,,
1247,100.0,3.0,2.0,250000.0,1.0,1.0,1.0,1.0,,,,1.0,,,Tunis,La Marsa,Appartement,vente,36.8479251,10.2611996,2500.0,33.333333333333336,2.0,,,,,,,,,,,,,,,,,,,,,,,,,,,,,,,,,,,,,,,,,,,,,,,,,,,,,,,,,,,,,,,,,,,,,,,,,,,
1248,140.0,5.0,,390000.0,,,,,,,,,,1.0,Tunis,Bab Bhar,Appartement,vente,36.7992041,10.1756221,2785.714285714286,28.0,0.0,,,,,,,,,,,,,,,,,,,,,,,,,,,,,,,,,,,,,,,,,,,,,,,,,,,,,,,,,,,,,,,,,,,,,,,,,,,
1249,54.0,2.0,3.0,180000.0,1.0,,1.0,,,,,,,,Tunis,La Marsa,Appartement,vente,36.8479251,10.2611996,3333.3333333333335,27.0,3.0,,,,,,,,,,,,,,,,,,,,,,,,,,,,,,,,,,,,,,,,,,,,,,,,,,,,,,,,,,,,,,,,,,,,,,,,,,,
1250,102.0,4.0,0.0,240000.0,,,,,,,,,,,Ben Arous,El Mourouj,Appartement,vente,36.719825,10.2192362,2352.9411764705883,25.5,0.0,,,,,,,,,,,,,,,,,,,,,,,,,,,,,,,,,,,,,,,,,,,,,,,,,,,,,,,,,,,,,,,,,,,,,,,,,,,
1251,149.0,2.0,,380000.0,,,,,,,,1.0,,,Ariana,Ariana Ville,Appartement,vente,36.8599292,10.1531585,2550.3355704697988,74.5,0.0,,,,,,,,,,,,,,,,,,,,,,,,,,,,,,,,,,,,,,,,,,,,,,,,,,,,,,,,,,,,,,,,,,,,,,,,,,,
1252,80.0,2.0,,205000.0,,1.0,1.0,1.0,,,1.0,1.0,,,Ariana,Mnihla,Appartement,vente,36.8457382,10.1317222,2562.5,40.0,0.0,,,,,,,,,,,,,,,,,,,,,,,,,,,,,,,,,,,,,,,,,,,,,,,,,,,,,,,,,,,,,,,,,,,,,,,,,,,
1253,73.0,3.0,5.0,150000.0,1.0,1.0,1.0,,,,,,,,Tunis,Le Bardo,Appartement,vente,36.8134113,10.1321911,2054.794520547945,24.333333333333332,5.0,,,,,,,,,,,,,,,,,,,,,,,,,,,,,,,,,,,,,,,,,,,,,,,,,,,,,,,,,,,,,,,,,,,,,,,,,,,
1254,97.0,3.0,1.0,210000.0,,1.0,,,,,,,,,Bizerte,Bizerte Nord,Appartement,vente,37.2720905,9.8708565,2164.9484536082473,32.333333333333336,0.0,,,,,,,,,,,,,,,,,,,,,,,,,,,,,,,,,,,,,,,,,,,,,,,,,,,,,,,,,,,,,,,,,,,,,,,,,,,
1255,186.0,4.0,1.0,430000.0,,,,,,,,,,1.0,Nabeul,Nabeul,Appartement,vente,36.4561,10.7376,2311.8279569892475,46.5,0.0,,,,,,,,,,,,,,,,,,,,,,,,,,,,,,,,,,,,,,,,,,,,,,,,,,,,,,,,,,,,,,,,,,,,,,,,,,,
1256,67.0,1.0,,273000.0,,,,,,,,,,,Tunis,Ain Zaghouan,Appartement,vente,36.8507178,10.2829345,4074.626865671642,67.0,0.0,,,,,,,,,,,,,,,,,,,,,,,,,,,,,,,,,,,,,,,,,,,,,,,,,,,,,,,,,,,,,,,,,,,,,,,,,,,
1257,70.0,1.0,,150000.0,,,,,,,,,,,Tunis,Bab Bhar,Appartement,vente,36.7992041,10.1756221,2142.8571428571427,70.0,0.0,,,,,,,,,,,,,,,,,,,,,,,,,,,,,,,,,,,,,,,,,,,,-0.0908082,-0.083667435,0.07427573,0.13451557,0.04698278,0.050499927,0.08025199,0.09423091,0.027242316,0.005713148,-0.07451189,-0.012940803,0.019415569,-0.08139398,-0.011301233,0.04322235,0.013392498,0.061552204,-0.041675843,-0.01557566,0.047355533,-0.028049752,-0.0021534094,-0.07598532,0.038962822,-0.0027335554,-0.022157885,0.022413163,0.041754916,-0.009856898,0.01063264,0.062157713
1258,125.0,2.0,6.0,381000.0,1.0,1.0,1.0,1.0,,,,1.0,,,Tunis,Ain Zaghouan,Appartement,vente,36.8507178,10.2829345,3048.0,62.5,6.0,,,,,,,,,,,,,,,,,,,,,,,,,,,,,,,,,,,,,,,,,,,,-0.059338484,-0.075135075,0.032344542,-0.09185338,0.045237392,-0.12459306,0.07932911,0.11178917,0.0056745014,0.04056575,0.025807993,0.13383473,-0.084096506,0.0498176,-0.055245943,0.036241,0.0016686982,0.0011841345,0.013345113,0.0005348561,-0.0005569527,0.038639635,-0.036280442,0.023072956,-0.104418255,0.11889429,0.0020592634,0.021759318,0.04749439,0.15657611,-0.045050334,-0.034905832
1259,125.0,3.0,0.0,680000.0,,1.0,1.0,1.0,,,1.0,1.0,,,Tunis,Ain Zaghouan,Appartement,vente,36.8572699,10.2918693,5440.0,41.666666666666664,0.0,,,,,,,,,,,,,,,,,,,,,,,,,,,,,,,,,,,,,,,,,,,,,,,,,,,,,,,,,,,,,,,,,,,,,,,,,,,
1260,78.0,2.0,1.0,130000.0,,,,,,,,,,,Ben Arous,El Mourouj,Appartement,vente,36.753,10.228,1666.6666666666667,39.0,0.0,,,,,,,,,,,,,,,,,,,,,,,,,,,,,,,,,,,,,,,,,,,,,,,,,,,,,,,,,,,,,,,,,,,,,,,,,,,
1261,93.0,2.0,,380000.0,,,,,,,,1.0,,,Tunis,Ain Zaghouan,Appartement,vente,36.8507178,10.2829345,4086.021505376344,46.5,0.0,,,,,,,,,,,,,,,,,,,,,,,,,,,,,,,,,,,,,,,,,,,,,,,,,,,,,,,,,,,,,,,,,,,,,,,,,,,
1262,100.0,4.0,2.0,176000.0,,,,,,,,1.0,,,Ben Arous,Rades,Appartement,vente,36.753,10.228,1760.0,25.0,0.0,,,,,,,,,,,,,,,,,,,,,,,,,,,,,,,,,,,,,,,,,,,,,,,,,,,,,,,,,,,,,,,,,,,,,,,,,,,
1263,,4.0,,195000.0,,,,,,,,,,,Tunis,Bab Souika,Appartement,vente,36.806945,10.1689619,,,0.0,,,,,,,,,,,,,,,,,,,,,,,,,,,,,,,,,,,,,,,,,,,,-0.14332825,-0.046580162,0.27183193,0.04863747,-0.03349434,0.043218154,-0.06733533,-0.06296826,-0.039526626,0.023100942,-0.058096513,0.009309574,0.018972976,-0.024570292,0.009610405,0.054123428,-0.083342224,0.024865616,-0.012437827,0.029898457,-0.00084123784,0.026202325,-0.0830043,-0.09782153,0.023116319,-0.0034403538,-0.023889773,-0.053781576,-0.02232867,-0.009094363,0.093851164,0.057451367
1264,90.0,2.0,,430000.0,,,,,,,1.0,1.0,,,Tunis,Ain Zaghouan,Appartement,vente,36.8507178,10.2829345,4777.777777777777,45.0,0.0,,,,,,,,,,,,,,,,,,,,,,,,,,,,,,,,,,,,,,,,,,,,,,,,,,,,,,,,,,,,,,,,,,,,,,,,,,,
1265,55.0,1.0,,186000.0,1.0,,1.0,1.0,,,,,,,Tunis,Ain Zaghouan,Appartement,vente,36.8507178,10.2829345,3381.818181818182,55.0,0.0,,,,,,,,,,,,,,,,,,,,,,,,,,,,,,,,,,,,,,,,,,,,,,,,,,,,,,,,,,,,,,,,,,,,,,,,,,,
1266,120.0,4.0,1.0,170000.0,,,,,,,,,,,Ben Arous,Fouchana,Appartement,vente,36.6987224,10.1693582,1416.6666666666667,30.0,0.0,,,,,,,,,,,,,,,,,,,,,,,,,,,,,,,,,,,,,,,,,,,,,,,,,,,,,,,,,,,,,,,,,,,,,,,,,,,
1267,82.0,2.0,2.0,176000.0,,,1.0,1.0,,,,,,,Sousse,Akouda,Appartement,vente,35.8245,10.6346,2146.3414634146343,41.0,0.0,,,,,,,,,,,,,,,,,,,,,,,,,,,,,,,,,,,,,,,,,,,,,,,,,,,,,,,,,,,,,,,,,,,,,,,,,,,
1268,92.0,2.0,,350000.0,,,1.0,1.0,,,,,,1.0,Tunis,Ain Zaghouan,Appartement,vente,36.8507178,10.2829345,3804.3478260869565,46.0,0.0,,,,,,,,,,,,,,,,,,,,,,,,,,,,,,,,,,,,,,,,,,,,-0.11691848,-0.03179231,0.067546636,-0.01742089,0.056568746,-0.03234687,0.061506998,0.09704414,0.012333397,0.055849344,0.069206096,0.11310087,0.0728437,0.070703804,0.1103711,0.04943306,-0.1369866,-0.01712479,-0.051358096,0.095569566,0.03822834,-0.018976698,0.00078686303,0.055110835,0.004527232,-0.022150742,0.07000166,-0.032762595,-0.07355544,-0.06616944,0.059400134,0.035190105
1269,152.0,3.0,,430000.0,,1.0,,,,,,1.0,,,Tunis,La Marsa,Appartement,vente,36.8479251,10.2611996,2828.9473684210525,50.666666666666664,0.0,,,,,,,,,,,,,,,,,,,,,,,,,,,,,,,,,,,,,,,,,,,,,,,,,,,,,,,,,,,,,,,,,,,,,,,,,,,
1270,40.0,1.0,0.0,130000.0,,,,,,,,,,,Tunis,La Marsa,Appartement,vente,36.8479251,10.2611996,3250.0,40.0,0.0,,,,,,,,,,,,,,,,,,,,,,,,,,,,,,,,,,,,,,,,,,,,,,,,,,,,,,,,,,,,,,,,,,,,,,,,,,,
1271,93.0,2.0,,280000.0,1.0,,1.0,1.0,,,,,,,Tunis,La Marsa,Appartement,vente,36.8479251,10.2611996,3010.7526881720432,46.5,0.0,,,,,,,,,,,,,,,,,,,,,,,,,,,,,,,,,,,,,,,,,,,,,,,,,,,,,,,,,,,,,,,,,,,,,,,,,,,
1272,54.0,1.0,,180000.0,1.0,,1.0,,,,,,,,Tunis,La Marsa,Appartement,vente,36.8479251,10.2611996,3333.3333333333335,54.0,0.0,,,,,,,,,,,,,,,,,,,,,,,,,,,,,,,,,,,,,,,,,,,,,,,,,,,,,,,,,,,,,,,,,,,,,,,,,,,
1273,70.0,2.0,1.0,185000.0,1.0,,,1.0,,,,,,,Sousse,Akouda,Appartement,vente,35.8245,10.6346,2642.8571428571427,35.0,1.0,,,,,,,,,,,,,,,,,,,,,,,,,,,,,,,,,,,,,,,,,,,,,,,,,,,,,,,,,,,,,,,,,,,,,,,,,,,
1274,63.0,2.0,,200000.0,,1.0,1.0,1.0,,,,,,,Tunis,Ain Zaghouan,Appartement,vente,36.8507178,10.2829345,3174.6031746031745,31.5,0.0,,,,,,,,,,,,,,,,,,,,,,,,,,,,,,,,,,,,,,,,,,,,,,,,,,,,,,,,,,,,,,,,,,,,,,,,,,,
1275,94.0,3.0,0.0,170000.0,,,,,,,,,,,Ariana,Ariana Ville,Appartement,vente,36.8587351,10.188232,1808.5106382978724,31.333333333333332,0.0,,,,,,,,,,,,,,,,,,,,,,,,,,,,,,,,,,,,,,,,,,,,,,,,,,,,,,,,,,,,,,,,,,,,,,,,,,,
1276,122.0,4.0,3.0,360000.0,1.0,1.0,1.0,1.0,,,,1.0,,,Tunis,Le Bardo,Appartement,vente,36.8134113,10.1321911,2950.8196721311474,30.5,3.0,,,,,,,,,,,,,,,,,,,,,,,,,,,,,,,,,,,,,,,,,,,,,,,,,,,,,,,,,,,,,,,,,,,,,,,,,,,
1277,180.0,3.0,,640000.0,,,,,,,1.0,1.0,,,Ariana,Ariana Ville,Appartement,vente,36.8599292,10.1531585,3555.5555555555557,60.0,0.0,,,,,,,,,,,,,,,,,,,,,,,,,,,,,,,,,,,,,,,,,,,,,,,,,,,,,,,,,,,,,,,,,,,,,,,,,,,
1278,120.0,4.0,1.0,250000.0,,,,,,,,,,,Ben Arous,Ezzahra,Appartement,vente,36.7404497,10.3029461,2083.3333333333335,30.0,0.0,,,,,,,,,,,,,,,,,,,,,,,,,,,,,,,,,,,,,,,,,,,,,,,,,,,,,,,,,,,,,,,,,,,,,,,,,,,
1279,120.0,4.0,1.0,160000.0,,,,,,,,,,,Tunis,Bab Bhar,Appartement,vente,36.8065,10.1815,1333.3333333333333,30.0,0.0,,,,,,,,,,,,,,,,,,,,,,,,,,,,,,,,,,,,,,,,,,,,,,,,,,,,,,,,,,,,,,,,,,,,,,,,,,,
1280,180.0,4.0,,260000.0,,,,,,,,,,,Tunis,Bab Bhar,Appartement,vente,36.8065,10.1815,1444.4444444444443,45.0,0.0,,,,,,,,,,,,,,,,,,,,,,,,,,,,,,,,,,,,,,,,,,,,,,,,,,,,,,,,,,,,,,,,,,,,,,,,,,,
1281,73.0,2.0,3.0,185000.0,1.0,1.0,,,,,,1.0,,,Ariana,La Soukra,Appartement,vente,36.8749751,10.2454267,2534.246575342466,36.5,3.0,,,,,,,,,,,,,,,,,,,,,,,,,,,,,,,,,,,,,,,,,,,,,,,,,,,,,,,,,,,,,,,,,,,,,,,,,,,
1282,80.0,2.0,1.0,145000.0,,1.0,,,,,,,,,Nabeul,Kelibia,Appartement,vente,36.8456561,11.0935701,1812.5,40.0,0.0,,,,,,,,,,,,,,,,,,,,,,,,,,,,,,,,,,,,,,,,,,,,,,,,,,,,,,,,,,,,,,,,,,,,,,,,,,,
1283,74.0,2.0,,120000.0,,,,,,,,,,,Ben Arous,El Mourouj,Appartement,vente,36.719825,10.2192362,1621.6216216216217,37.0,0.0,,,,,,,,,,,,,,,,,,,,,,,,,,,,,,,,,,,,,,,,,,,,,,,,,,,,,,,,,,,,,,,,,,,,,,,,,,,
1284,95.0,3.0,1.0,275000.0,1.0,1.0,,1.0,1.0,1.0,,,,,Sousse,Hammam Sousse,Appartement,vente,35.8749788,10.5935183,2894.7368421052633,31.666666666666668,1.0,,,,,,,,,,,,,,,,,,,,,,,,,,,,,,,,,,,,,,,,,,,,,,,,,,,,,,,,,,,,,,,,,,,,,,,,,,,
1285,80.0,2.0,0.0,125000.0,,1.0,,,,,,,,,Nabeul,Nabeul,Appartement,vente,36.4512897,10.7355915,1562.5,40.0,0.0,,,,,,,,,,,,,,,,,,,,,,,,,,,,,,,,,,,,,,,,,,,,,,,,,,,,,,,,,,,,,,,,,,,,,,,,,,,
1286,78.0,3.0,,255000.0,,,1.0,,,,,,,,Ariana,La Soukra,Appartement,vente,36.8749751,10.2454267,3269.230769230769,26.0,0.0,,,,,,,,,,,,,,,,,,,,,,,,,,,,,,,,,,,,,,,,,,,,,,,,,,,,,,,,,,,,,,,,,,,,,,,,,,,
1287,132.0,4.0,,320000.0,1.0,1.0,1.0,,,,,1.0,,,Tunis,La Marsa,Appartement,vente,36.8479251,10.2611996,2424.242424242424,33.0,0.0,,,,,,,,,,,,,,,,,,,,,,,,,,,,,,,,,,,,,,,,,,,,,,,,,,,,,,,,,,,,,,,,,,,,,,,,,,,
1288,120.0,3.0,0.0,400000.0,,,,,,,1.0,1.0,,1.0,Ariana,Ariana Ville,Appartement,vente,36.8541206,10.1626718,3333.3333333333335,40.0,0.0,,,,,,,,,,,,,,,,,,,,,,,,,,,,,,,,,,,,,,,,,,,,,,,,,,,,,,,,,,,,,,,,,,,,,,,,,,,
1289,58.0,2.0,,260000.0,,,,,,,,1.0,,,Ariana,La Soukra,Appartement,vente,36.8749751,10.2454267,4482.758620689655,29.0,0.0,,,,,,,,,,,,,,,,,,,,,,,,,,,,,,,,,,,,,,,,,,,,,,,,,,,,,,,,,,,,,,,,,,,,,,,,,,,
1290,60.0,1.0,,182000.0,,,,,,,,,,,Sousse,Sousse Jaouhara,Appartement,vente,35.8359686,10.5995321,3033.3333333333335,60.0,0.0,,,,,,,,,,,,,,,,,,,,,,,,,,,,,,,,,,,,,,,,,,,,,,,,,,,,,,,,,,,,,,,,,,,,,,,,,,,
1291,90.0,2.0,,130000.0,,,,,,,,,,,Tunis,Bab Bhar,Appartement,vente,36.7992041,10.1756221,1444.4444444444443,45.0,0.0,,,,,,,,,,,,,,,,,,,,,,,,,,,,,,,,,,,,,,,,,,,,,,,,,,,,,,,,,,,,,,,,,,,,,,,,,,,
1292,110.0,2.0,5.0,370000.0,1.0,,,,,,,,,,Sousse,Hammam Sousse,Appartement,vente,35.8749788,10.5935183,3363.6363636363635,55.0,5.0,,,,,,,,,,,,,,,,,,,,,,,,,,,,,,,,,,,,,,,,,,,,,,,,,,,,,,,,,,,,,,,,,,,,,,,,,,,
1293,80.0,3.0,,120000.0,,,,,,,,,,,Ben Arous,Ezzahra,Appartement,vente,36.7404497,10.3029461,1500.0,26.666666666666668,0.0,,,,,,,,,,,,,,,,,,,,,,,,,,,,,,,,,,,,,,,,,,,,,,,,,,,,,,,,,,,,,,,,,,,,,,,,,,,
1294,80.0,3.0,2.0,100000.0,,,,,,,,,,,Tunis,La Medina,Appartement,vente,36.793653,10.1700189,1250.0,26.666666666666668,0.0,,,,,,,,,,,,,,,,,,,,,,,,,,,,,,,,,,,,,,,,,,,,,,,,,,,,,,,,,,,,,,,,,,,,,,,,,,,
1295,100.0,4.0,,280000.0,,,,,,,,,,,Ben Arous,Ezzahra,Appartement,vente,36.7404497,10.3029461,2800.0,25.0,0.0,,,,,,,,,,,,,,,,,,,,,,,,,,,,,,,,,,,,,,,,,,,,,,,,,,,,,,,,,,,,,,,,,,,,,,,,,,,
1296,45.0,1.0,3.0,185000.0,,,,,,,,,,,Sousse,Akouda,Appartement,vente,35.8245,10.6346,4111.111111111111,45.0,0.0,,,,,,,,,,,,,,,,,,,,,,,,,,,,,,,,,,,,,,,,,,,,,,,,,,,,,,,,,,,,,,,,,,,,,,,,,,,
1297,90.0,3.0,0.0,135000.0,,,,,,,,1.0,,,Ben Arous,Nouvelle Medina,Appartement,vente,36.7575659,10.244981,1500.0,30.0,0.0,,,,,,,,,,,,,,,,,,,,,,,,,,,,,,,,,,,,,,,,,,,,,,,,,,,,,,,,,,,,,,,,,,,,,,,,,,,
1298,180.0,4.0,,260000.0,,,,,,,,,,,Tunis,Bab Bhar,Appartement,vente,36.8065,10.1815,1444.4444444444443,45.0,0.0,,,,,,,,,,,,,,,,,,,,,,,,,,,,,,,,,,,,,,,,,,,,,,,,,,,,,,,,,,,,,,,,,,,,,,,,,,,
1299,120.0,4.0,,160000.0,,,,,,,,,,,Tunis,Bab Bhar,Appartement,vente,36.8065,10.1815,1333.3333333333333,30.0,0.0,,,,,,,,,,,,,,,,,,,,,,,,,,,,,,,,,,,,,,,,,,,,,,,,,,,,,,,,,,,,,,,,,,,,,,,,,,,
1300,120.0,4.0,1.0,250000.0,,,1.0,,,,,,,,Ben Arous,Ezzahra,Appartement,vente,36.7404497,10.3029461,2083.3333333333335,30.0,0.0,,,,,,,,,,,,,,,,,,,,,,,,,,,,,,,,,,,,,,,,,,,,,,,,,,,,,,,,,,,,,,,,,,,,,,,,,,,
1301,80.0,3.0,1.0,95000.0,,,,,,,,,,,Bizerte,Menzel Bourguiba,Appartement,vente,37.1076327,9.858566,1187.5,26.666666666666668,0.0,,,,,,,,,,,,,,,,,,,,,,,,,,,,,,,,,,,,,,,,,,,,,,,,,,,,,,,,,,,,,,,,,,,,,,,,,,,
1302,160.0,1.0,3.0,490000.0,,1.0,,1.0,,,,1.0,,1.0,Tunis,La Marsa,Appartement,vente,36.8479251,10.2611996,3062.5,160.0,0.0,,,,,,,,,,,,,,,,,,,,,,,,,,,,,,,,,,,,,,,,,,,,,,,,,,,,,,,,,,,,,,,,,,,,,,,,,,,
1303,130.0,3.0,3.0,170000.0,,1.0,,,,,,,,,Sfax,Sfax Ville,Appartement,vente,34.7335472,10.7531879,1307.6923076923076,43.333333333333336,0.0,,,,,,,,,,,,,,,,,,,,,,,,,,,,,,,,,,,,,,,,,,,,,,,,,,,,,,,,,,,,,,,,,,,,,,,,,,,
1304,120.0,2.0,0.0,360000.0,,,,,,,,,,1.0,Nabeul,Kelibia,Appartement,vente,36.8456561,11.0935701,3000.0,60.0,0.0,,,,,,,,,,,,,,,,,,,,,,,,,,,,,,,,,,,,,,,,,,,,,,,,,,,,,,,,,,,,,,,,,,,,,,,,,,,
1305,201.0,4.0,,450000.0,,,,,1.0,,,,,,Sousse,Sousse Jaouhara,Appartement,vente,35.842005,10.6058083,2238.805970149254,50.25,0.0,,,,,,,,,,,,,,,,,,,,,,,,,,,,,,,,,,,,,,,,,,,,,,,,,,,,,,,,,,,,,,,,,,,,,,,,,,,
1306,100.0,2.0,,240000.0,,,,,,,,,,1.0,Nabeul,Kelibia,Appartement,vente,36.8456561,11.0935701,2400.0,50.0,0.0,,,,,,,,,,,,,,,,,,,,,,,,,,,,,,,,,,,,,,,,,,,,,,,,,,,,,,,,,,,,,,,,,,,,,,,,,,,
1307,140.0,3.0,,350000.0,,1.0,,,,,,,,,Nabeul,Kelibia,Appartement,vente,36.8456561,11.0935701,2500.0,46.666666666666664,0.0,,,,,,,,,,,,,,,,,,,,,,,,,,,,,,,,,,,,,,,,,,,,,,,,,,,,,,,,,,,,,,,,,,,,,,,,,,,
1308,,2.0,3.0,135000.0,,,,,,,,,,,Tunis,Bab Bhar,Appartement,vente,36.811565,10.1769871,,,0.0,,,,,,,,,,,,,,,,,,,,,,,,,,,,,,,,,,,,,,,,,,,,,,,,,,,,,,,,,,,,,,,,,,,,,,,,,,,
1309,85.0,2.0,,235000.0,,,,,,,,,,1.0,Nabeul,Hammam El Ghezaz,Appartement,vente,36.9003542,11.0982607,2764.705882352941,42.5,0.0,,,,,,,,,,,,,,,,,,,,,,,,,,,,,,,,,,,,,,,,,,,,,,,,,,,,,,,,,,,,,,,,,,,,,,,,,,,
1310,,2.0,2.0,135000.0,,,,,,,,,,,Tunis,Bab Bhar,Appartement,vente,36.811565,10.1769871,,,0.0,,,,,,,,,,,,,,,,,,,,,,,,,,,,,,,,,,,,,,,,,,,,,,,,,,,,,,,,,,,,,,,,,,,,,,,,,,,
1311,90.0,3.0,4.0,180000.0,,,,,,,,1.0,,,Ariana,Ariana Ville,Appartement,vente,36.8587351,10.188232,2000.0,30.0,0.0,,,,,,,,,,,,,,,,,,,,,,,,,,,,,,,,,,,,,,,,,,,,,,,,,,,,,,,,,,,,,,,,,,,,,,,,,,,
1312,120.0,5.0,,210000.0,,,,,,,,,,,Manouba,Mornaguia,Appartement,vente,36.7571648,10.014927,1750.0,24.0,0.0,,,,,,,,,,,,,,,,,,,,,,,,,,,,,,,,,,,,,,,,,,,,,,,,,,,,,,,,,,,,,,,,,,,,,,,,,,,
1313,70.0,,,250000.0,,,,,,,,,,1.0,Tunis,Ain Zaghouan,Appartement,vente,36.8507178,10.2829345,3571.4285714285716,,0.0,,,,,,,,,,,,,,,,,,,,,,,,,,,,,,,,,,,,,,,,,,,,,,,,,,,,,,,,,,,,,,,,,,,,,,,,,,,
1314,160.0,3.0,,480000.0,,,,,,,,,,,Nabeul,Nabeul,Appartement,vente,36.4512897,10.7355915,3000.0,53.333333333333336,0.0,,,,,,,,,,,,,,,,,,,,,,,,,,,,,,,,,,,,,,,,,,,,,,,,,,,,,,,,,,,,,,,,,,,,,,,,,,,
1315,130.0,1.0,,611000.0,,,1.0,1.0,,1.0,1.0,1.0,1.0,1.0,Nabeul,Nabeul,Appartement,vente,36.4561,10.7376,4700.0,130.0,0.0,,,,,,,,,,,,,,,,,,,,,,,,,,,,,,,,,,,,,,,,,,,,,,,,,,,,,,,,,,,,,,,,,,,,,,,,,,,
1316,145.0,3.0,,340000.0,,,,,,,,,,,Nabeul,Dar Chaabane Elfehri,Appartement,vente,36.4561,10.7376,2344.8275862068967,48.333333333333336,0.0,,,,,,,,,,,,,,,,,,,,,,,,,,,,,,,,,,,,,,,,,,,,,,,,,,,,,,,,,,,,,,,,,,,,,,,,,,,
1317,100.0,2.0,2.0,180000.0,1.0,1.0,,,,,,,,,Tunis,El Menzah,Appartement,vente,36.8443809,10.1819354,1800.0,50.0,2.0,,,,,,,,,,,,,,,,,,,,,,,,,,,,,,,,,,,,,,,,,,,,,,,,,,,,,,,,,,,,,,,,,,,,,,,,,,,
1318,90.0,3.0,,280000.0,1.0,,1.0,1.0,,,,,,,Tunis,La Marsa,Appartement,vente,36.8479251,10.2611996,3111.1111111111113,30.0,0.0,,,,,,,,,,,,,,,,,,,,,,,,,,,,,,,,,,,,,,,,,,,,,,,,,,,,,,,,,,,,,,,,,,,,,,,,,,,
1319,90.0,3.0,,350000.0,1.0,1.0,1.0,,,,,,,,Tunis,La Goulette,Appartement,vente,36.8133756,10.2930588,3888.8888888888887,30.0,0.0,,,,,,,,,,,,,,,,,,,,,,,,,,,,,,,,,,,,,,,,,,,,,,,,,,,,,,,,,,,,,,,,,,,,,,,,,,,
1320,155.0,3.0,0.0,415000.0,,,1.0,1.0,1.0,,,,,,Ariana,Ariana Ville,Appartement,vente,36.8599292,10.1531585,2677.4193548387098,51.666666666666664,0.0,,,,,,,,,,,,,,,,,,,,,,,,,,,,,,,,,,,,,,,,,,,,-0.1507361,-0.021768438,0.014400704,-0.100072995,0.114465795,-0.04073387,-0.15337723,0.016873218,-0.06891469,-0.04788274,-0.03269601,-0.059614435,0.007501062,0.003781255,-0.003361653,-0.04605177,-0.049226545,0.0022518458,-0.03104862,0.022819737,0.008454084,0.013708554,0.00824576,0.07382476,-0.047307122,-0.0051447283,0.100611225,0.016326765,0.052363805,0.0039614863,-0.002230288,0.0851881
1321,75.0,1.0,,275000.0,,,,,,,,,,,Tunis,La Marsa,Appartement,vente,36.8479251,10.2611996,3666.6666666666665,75.0,0.0,,,,,,,,,,,,,,,,,,,,,,,,,,,,,,,,,,,,,,,,,,,,,,,,,,,,,,,,,,,,,,,,,,,,,,,,,,,
1322,178.0,3.0,,500000.0,1.0,1.0,,,,,,1.0,,,Tunis,Bab Bhar,Appartement,vente,36.7992041,10.1756221,2808.9887640449438,59.333333333333336,0.0,,,,,,,,,,,,,,,,,,,,,,,,,,,,,,,,,,,,,,,,,,,,,,,,,,,,,,,,,,,,,,,,,,,,,,,,,,,
1323,82.0,2.0,,120000.0,,,,,,,1.0,1.0,,,Ariana,Raoued,Appartement,vente,36.8625,10.1956,1463.4146341463415,41.0,0.0,,,,,,,,,,,,,,,,,,,,,,,,,,,,,,,,,,,,,,,,,,,,-0.15298313,0.014388238,0.096129484,-0.044223603,-0.014861239,-0.09112773,-0.0762203,0.038386468,-0.015060345,0.083548084,-0.08173349,-0.07978795,-0.04972625,0.0057127797,-0.031065596,-0.124255724,0.022463782,0.10267735,-0.0030055095,-0.02475157,-0.09395468,0.023502825,-0.12860021,0.027996298,-0.0029481032,-4.146765e-05,0.019690324,0.02332482,0.023697624,0.05161126,-0.02220659,-0.051813357
1324,100.0,3.0,,180000.0,,1.0,,,,,,,,,Tunis,El Menzah,Appartement,vente,36.8443809,10.1819354,1800.0,33.333333333333336,0.0,,,,,,,,,,,,,,,,,,,,,,,,,,,,,,,,,,,,,,,,,,,,,,,,,,,,,,,,,,,,,,,,,,,,,,,,,,,
1325,146.0,4.0,8.0,325000.0,1.0,1.0,1.0,1.0,,,,,,,Ariana,Ariana Ville,Appartement,vente,36.8585478,10.1682756,2226.027397260274,36.5,8.0,,,,,,,,,,,,,,,,,,,,,,,,,,,,,,,,,,,,,,,,,,,,,,,,,,,,,,,,,,,,,,,,,,,,,,,,,,,
1326,137.0,4.0,,250000.0,,,,,,,,,,1.0,Bizerte,Bizerte Nord,Appartement,vente,37.2720905,9.8708565,1824.8175182481752,34.25,0.0,,,,,,,,,,,,,,,,,,,,,,,,,,,,,,,,,,,,,,,,,,,,,,,,,,,,,,,,,,,,,,,,,,,,,,,,,,,
1327,120.0,4.0,1.0,250000.0,,,,,,,,,,,Ben Arous,Ezzahra,Appartement,vente,36.7404497,10.3029461,2083.3333333333335,30.0,0.0,,,,,,,,,,,,,,,,,,,,,,,,,,,,,,,,,,,,,,,,,,,,,,,,,,,,,,,,,,,,,,,,,,,,,,,,,,,
1328,120.0,4.0,,160000.0,,,,,,,,,,,Tunis,Bab Bhar,Appartement,vente,36.8065,10.1815,1333.3333333333333,30.0,0.0,,,,,,,,,,,,,,,,,,,,,,,,,,,,,,,,,,,,,,,,,,,,,,,,,,,,,,,,,,,,,,,,,,,,,,,,,,,
1329,189.0,4.0,,260000.0,,,,,,,,,,,Tunis,Bab Bhar,Appartement,vente,36.8065,10.1815,1375.6613756613756,47.25,0.0,,,,,,,,,,,,,,,,,,,,,,,,,,,,,,,,,,,,,,,,,,,,,,,,,,,,,,,,,,,,,,,,,,,,,,,,,,,
1330,100.0,5.0,0.0,450000.0,,1.0,,,1.0,,,,,1.0,Ben Arous,El Mourouj,Appartement,vente,36.719825,10.2192362,4500.0,20.0,0.0,,,,,,,,,,,,,,,,,,,,,,,,,,,,,,,,,,,,,,,,,,,,,,,,,,,,,,,,,,,,,,,,,,,,,,,,,,,
1331,160.0,3.0,,430000.0,,,,,,,,1.0,1.0,,Nabeul,Nabeul,Appartement,vente,36.4512897,10.7355915,2687.5,53.333333333333336,0.0,,,,,,,,,,,,,,,,,,,,,,,,,,,,,,,,,,,,,,,,,,,,,,,,,,,,,,,,,,,,,,,,,,,,,,,,,,,
1332,,2.0,2.0,140000.0,1.0,1.0,,,,,,1.0,,,Ben Arous,El Mourouj,Appartement,vente,36.719825,10.2192362,,,2.0,,,,,,,,,,,,,,,,,,,,,,,,,,,,,,,,,,,,,,,,,,,,,,,,,,,,,,,,,,,,,,,,,,,,,,,,,,,
1333,80.0,3.0,3.0,140000.0,,,,1.0,,,,1.0,,,Ben Arous,Rades,Appartement,vente,36.753,10.228,1750.0,26.666666666666668,0.0,,,,,,,,,,,,,,,,,,,,,,,,,,,,,,,,,,,,,,,,,,,,,,,,,,,,,,,,,,,,,,,,,,,,,,,,,,,
1334,140.0,3.0,,340000.0,,,,1.0,,,,,,1.0,Nabeul,Kelibia,Appartement,vente,36.4561,10.7376,2428.5714285714284,46.666666666666664,0.0,,,,,,,,,,,,,,,,,,,,,,,,,,,,,,,,,,,,,,,,,,,,,,,,,,,,,,,,,,,,,,,,,,,,,,,,,,,
1335,58.0,3.0,1.0,135000.0,,,,,,,,,,1.0,Tunis,Bab Bhar,Appartement,vente,36.7992041,10.1756221,2327.5862068965516,19.333333333333332,0.0,,,,,,,,,,,,,,,,,,,,,,,,,,,,,,,,,,,,,,,,,,,,,,,,,,,,,,,,,,,,,,,,,,,,,,,,,,,
1336,140.0,5.0,2.0,350000.0,,1.0,1.0,,,,,,,,Tunis,El Menzah,Appartement,vente,36.8443809,10.1819354,2500.0,28.0,0.0,,,,,,,,,,,,,,,,,,,,,,,,,,,,,,,,,,,,,,,,,,,,,,,,,,,,,,,,,,,,,,,,,,,,,,,,,,,
1337,59.0,2.0,0.0,230000.0,1.0,,1.0,1.0,,,1.0,,,,Ariana,Mnihla,Appartement,vente,36.8457382,10.1317222,3898.3050847457625,29.5,0.0,,,,,,,,,,,,,,,,,,,,,,,,,,,,,,,,,,,,,,,,,,,,,,,,,,,,,,,,,,,,,,,,,,,,,,,,,,,
1338,167.0,4.0,5.0,385000.0,1.0,,1.0,,,,,1.0,,,Ariana,Mnihla,Appartement,vente,36.8402748,10.1165802,2305.3892215568862,41.75,5.0,,,,,,,,,,,,,,,,,,,,,,,,,,,,,,,,,,,,,,,,,,,,,,,,,,,,,,,,,,,,,,,,,,,,,,,,,,,
1339,106.0,4.0,0.0,205000.0,,,1.0,,,,,,,,Tunis,El Omrane,Appartement,vente,36.8149327,10.1675999,1933.9622641509434,26.5,0.0,,,,,,,,,,,,,,,,,,,,,,,,,,,,,,,,,,,,,,,,,,,,,,,,,,,,,,,,,,,,,,,,,,,,,,,,,,,
1340,180.0,5.0,0.0,240000.0,,,,,,,,,,,Ben Arous,El Mourouj,Appartement,vente,36.719825,10.2192362,1333.3333333333333,36.0,0.0,,,,,,,,,,,,,,,,,,,,,,,,,,,,,,,,,,,,,,,,,,,,,,,,,,,,,,,,,,,,,,,,,,,,,,,,,,,
1341,100.0,3.0,,250000.0,1.0,1.0,1.0,,,,,,,,Tunis,Le Bardo,Appartement,vente,36.8134113,10.1321911,2500.0,33.333333333333336,0.0,,,,,,,,,,,,,,,,,,,,,,,,,,,,,,,,,,,,,,,,,,,,,,,,,,,,,,,,,,,,,,,,,,,,,,,,,,,
1342,80.0,3.0,,250000.0,,,,,,,,,,,Tunis,Bab Bhar,Appartement,vente,36.8149179,10.1907702,3125.0,26.666666666666668,0.0,,,,,,,,,,,,,,,,,,,,,,,,,,,,,,,,,,,,,,,,,,,,,,,,,,,,,,,,,,,,,,,,,,,,,,,,,,,
1343,110.0,2.0,0.0,185000.0,,,,,,,,,,1.0,Ben Arous,El Mourouj,Appartement,vente,36.719825,10.2192362,1681.8181818181818,55.0,0.0,,,,,,,,,,,,,,,,,,,,,,,,,,,,,,,,,,,,,,,,,,,,,,,,,,,,,,,,,,,,,,,,,,,,,,,,,,,
1344,89.0,3.0,2.0,260000.0,,1.0,,,,,,,,,Tunis,La Marsa,Appartement,vente,36.8826682,10.3080504,2921.3483146067415,29.666666666666668,0.0,,,,,,,,,,,,,,,,,,,,,,,,,,,,,,,,,,,,,,,,,,,,,,,,,,,,,,,,,,,,,,,,,,,,,,,,,,,
1345,77.0,2.0,,90000.0,,1.0,,,,,,,,,Sousse,Sousse Jaouhara,Appartement,vente,35.8001496,10.616209,1168.8311688311687,38.5,0.0,,,,,,,,,,,,,,,,,,,,,,,,,,,,,,,,,,,,,,,,,,,,,,,,,,,,,,,,,,,,,,,,,,,,,,,,,,,
1346,102.0,1.0,,376000.0,,1.0,1.0,1.0,,1.0,,1.0,,,Ariana,La Soukra,Appartement,vente,36.8749751,10.2454267,3686.274509803922,102.0,0.0,,,,,,,,,,,,,,,,,,,,,,,,,,,,,,,,,,,,,,,,,,,,,,,,,,,,,,,,,,,,,,,,,,,,,,,,,,,
1347,100.0,3.0,0.0,,,,,,,,,,,,Ben Arous,El Mourouj,Appartement,vente,36.719825,10.2192362,,33.333333333333336,0.0,,,,,,,,,,,,,,,,,,,,,,,,,,,,,,,,,,,,,,,,,,,,,,,,,,,,,,,,,,,,,,,,,,,,,,,,,,,
1348,117.0,5.0,0.0,500000.0,,1.0,,,,,,,,1.0,Tunis,La Marsa,Appartement,vente,36.8826748,10.3304287,4273.504273504273,23.4,0.0,,,,,,,,,,,,,,,,,,,,,,,,,,,,,,,,,,,,,,,,,,,,,,,,,,,,,,,,,,,,,,,,,,,,,,,,,,,
1349,70.0,2.0,,200000.0,,,,,,,,,,1.0,Manouba,Mornaguia,Appartement,vente,36.7571648,10.014927,2857.1428571428573,35.0,0.0,,,,,,,,,,,,,,,,,,,,,,,,,,,,,,,,,,,,,,,,,,,,,,,,,,,,,,,,,,,,,,,,,,,,,,,,,,,
1350,80.0,4.0,1.0,170000.0,,,,,,,,,,,Ben Arous,Ben Arous,Appartement,vente,36.7516855,10.2245072,2125.0,20.0,0.0,,,,,,,,,,,,,,,,,,,,,,,,,,,,,,,,,,,,,,,,,,,,,,,,,,,,,,,,,,,,,,,,,,,,,,,,,,,
1351,94.0,2.0,,180000.0,,,,,,,,,,1.0,Ben Arous,El Mourouj,Appartement,vente,36.719825,10.2192362,1914.8936170212767,47.0,0.0,,,,,,,,,,,,,,,,,,,,,,,,,,,,,,,,,,,,,,,,,,,,-0.23260932,-0.016410982,0.06034925,0.09110184,-0.16749677,-0.13382827,-0.014941078,-0.0055917385,0.051910806,0.082772486,0.08108792,-0.14449193,0.02696186,0.12551004,0.15987591,0.04180006,0.08263022,0.042128693,-0.0013358153,-0.008776151,-0.06893528,0.0057169143,0.058718763,-0.0029916128,0.02013109,-0.02444463,-0.013462311,0.03391912,-0.02633946,-0.006242177,-0.014922074,0.053446036
1352,120.0,4.0,1.0,250000.0,,,1.0,,,,,,,,Ben Arous,Ezzahra,Appartement,vente,36.7404497,10.3029461,2083.3333333333335,30.0,0.0,,,,,,,,,,,,,,,,,,,,,,,,,,,,,,,,,,,,,,,,,,,,,,,,,,,,,,,,,,,,,,,,,,,,,,,,,,,
1353,120.0,3.0,,260000.0,1.0,1.0,,,,,,1.0,,,Ben Arous,El Mourouj,Appartement,vente,36.719825,10.2192362,2166.6666666666665,40.0,0.0,,,,,,,,,,,,,,,,,,,,,,,,,,,,,,,,,,,,,,,,,,,,,,,,,,,,,,,,,,,,,,,,,,,,,,,,,,,
1354,100.0,2.0,,189000.0,,,,,,,,,,,Gabès,Gabes Sud,Appartement,vente,33.81254,10.1354488,1890.0,50.0,0.0,,,,,,,,,,,,,,,,,,,,,,,,,,,,,,,,,,,,,,,,,,,,,,,,,,,,,,,,,,,,,,,,,,,,,,,,,,,
1355,100.0,2.0,,240000.0,,,,,,,,,,,Tunis,La Marsa,Appartement,vente,36.8479251,10.2611996,2400.0,50.0,0.0,,,,,,,,,,,,,,,,,,,,,,,,,,,,,,,,,,,,,,,,,,,,,,,,,,,,,,,,,,,,,,,,,,,,,,,,,,,
1356,163.0,4.0,,495000.0,,,,,,,,1.0,,1.0,Ariana,La Soukra,Appartement,vente,36.8811985,10.211819,3036.8098159509204,40.75,0.0,,,,,,,,,,,,,,,,,,,,,,,,,,,,,,,,,,,,,,,,,,,,,,,,,,,,,,,,,,,,,,,,,,,,,,,,,,,
1357,97.0,1.0,,524000.0,1.0,1.0,1.0,1.0,,1.0,,1.0,1.0,1.0,Nabeul,Nabeul,Appartement,vente,36.4561,10.7376,5402.061855670103,97.0,0.0,,,,,,,,,,,,,,,,,,,,,,,,,,,,,,,,,,,,,,,,,,,,,,,,,,,,,,,,,,,,,,,,,,,,,,,,,,,
1358,77.0,2.0,,295000.0,,,,,,,,1.0,,,Ariana,La Soukra,Appartement,vente,36.8749751,10.2454267,3831.1688311688313,38.5,0.0,,,,,,,,,,,,,,,,,,,,,,,,,,,,,,,,,,,,,,,,,,,,,,,,,,,,,,,,,,,,,,,,,,,,,,,,,,,
1359,175.0,1.0,1.0,580000.0,,1.0,1.0,1.0,,,,,,,Ariana,La Soukra,Appartement,vente,36.8811985,10.211819,3314.285714285714,175.0,0.0,,,,,,,,,,,,,,,,,,,,,,,,,,,,,,,,,,,,,,,,,,,,,,,,,,,,,,,,,,,,,,,,,,,,,,,,,,,
1360,65.0,2.0,1.0,165000.0,,,,,,,,,,,Ben Arous,El Mourouj,Appartement,vente,36.719825,10.2192362,2538.4615384615386,32.5,0.0,,,,,,,,,,,,,,,,,,,,,,,,,,,,,,,,,,,,,,,,,,,,,,,,,,,,,,,,,,,,,,,,,,,,,,,,,,,
1361,87.0,1.0,0.0,360000.0,,,,,,,1.0,1.0,,1.0,Tunis,La Marsa,Appartement,vente,36.8065,10.1815,4137.931034482759,87.0,0.0,,,,,,,,,,,,,,,,,,,,,,,,,,,,,,,,,,,,,,,,,,,,,,,,,,,,,,,,,,,,,,,,,,,,,,,,,,,
1362,75.0,3.0,,105000.0,,,,,,,,,,,Tunis,Cite El Khadra,Appartement,vente,36.8291875,10.1903688,1400.0,25.0,0.0,,,,,,,,,,,,,,,,,,,,,,,,,,,,,,,,,,,,,,,,,,,,,,,,,,,,,,,,,,,,,,,,,,,,,,,,,,,
1363,73.0,2.0,2.0,140000.0,,1.0,,,,,,1.0,,1.0,Ben Arous,Ben Arous,Appartement,vente,36.7516855,10.2245072,1917.8082191780823,36.5,0.0,,,,,,,,,,,,,,,,,,,,,,,,,,,,,,,,,,,,,,,,,,,,,,,,,,,,,,,,,,,,,,,,,,,,,,,,,,,
1364,151.0,3.0,0.0,255000.0,,,1.0,1.0,,,1.0,1.0,,,Ben Arous,El Mourouj,Appartement,vente,36.719825,10.2192362,1688.7417218543046,50.333333333333336,0.0,,,,,,,,,,,,,,,,,,,,,,,,,,,,,,,,,,,,,,,,,,,,,,,,,,,,,,,,,,,,,,,,,,,,,,,,,,,
1365,130.0,3.0,5.0,370000.0,1.0,1.0,1.0,1.0,,,,1.0,,,Ariana,Ariana Ville,Appartement,vente,36.8599292,10.1531585,2846.153846153846,43.333333333333336,5.0,,,,,,,,,,,,,,,,,,,,,,,,,,,,,,,,,,,,,,,,,,,,,,,,,,,,,,,,,,,,,,,,,,,,,,,,,,,
1366,125.0,5.0,0.0,340000.0,,,,,,,,,,1.0,Ben Arous,El Mourouj,Appartement,vente,36.719825,10.2192362,2720.0,25.0,0.0,,,,,,,,,,,,,,,,,,,,,,,,,,,,,,,,,,,,,,,,,,,,0.06371293,0.032471143,0.08395877,0.07125734,0.085369475,0.14590926,0.039651148,-0.19032283,-0.08834261,-0.03412057,0.09171497,-0.07544161,0.0074921865,0.04967842,0.19306129,0.06280834,0.00083551824,-0.06518196,0.062601574,0.0060666846,-0.009806592,-0.034549817,0.041661244,0.0022463046,-0.02858783,0.04896585,0.00942707,-0.00025933122,0.033385605,0.059638694,-0.027424406,0.05524056
1367,60.0,2.0,,277000.0,,,,,,,,1.0,,,Ariana,La Soukra,Appartement,vente,36.8749751,10.2454267,4616.666666666667,30.0,0.0,,,,,,,,,,,,,,,,,,,,,,,,,,,,,,,,,,,,,,,,,,,,,,,,,,,,,,,,,,,,,,,,,,,,,,,,,,,
1368,152.0,4.0,,630000.0,,,1.0,1.0,,,,1.0,1.0,,Ariana,La Soukra,Appartement,vente,36.8811985,10.211819,4144.736842105263,38.0,0.0,,,,,,,,,,,,,,,,,,,,,,,,,,,,,,,,,,,,,,,,,,,,,,,,,,,,,,,,,,,,,,,,,,,,,,,,,,,
1369,100.0,5.0,0.0,370000.0,,,,,,,,,,,Ben Arous,El Mourouj,Appartement,vente,36.719825,10.2192362,3700.0,20.0,0.0,,,,,,,,,,,,,,,,,,,,,,,,,,,,,,,,,,,,,,,,,,,,,,,,,,,,,,,,,,,,,,,,,,,,,,,,,,,
1370,170.0,4.0,,260000.0,,,,,,,,,,,Tunis,Bab Bhar,Appartement,vente,36.8065,10.1815,1529.4117647058824,42.5,0.0,,,,,,,,,,,,,,,,,,,,,,,,,,,,,,,,,,,,,,,,,,,,,,,,,,,,,,,,,,,,,,,,,,,,,,,,,,,
1371,100.0,4.0,,200000.0,,,,,,,,1.0,,,Ariana,Raoued,Appartement,vente,36.8625,10.1956,2000.0,25.0,0.0,,,,,,,,,,,,,,,,,,,,,,,,,,,,,,,,,,,,,,,,,,,,,,,,,,,,,,,,,,,,,,,,,,,,,,,,,,,
1372,120.0,4.0,1.0,250000.0,,,,,,,,,,,Ben Arous,Ezzahra,Appartement,vente,36.7404497,10.3029461,2083.3333333333335,30.0,0.0,,,,,,,,,,,,,,,,,,,,,,,,,,,,,,,,,,,,,,,,,,,,,,,,,,,,,,,,,,,,,,,,,,,,,,,,,,,
1373,120.0,4.0,,160000.0,,,,,,,,,,,Tunis,Bab Bhar,Appartement,vente,36.8065,10.1815,1333.3333333333333,30.0,0.0,,,,,,,,,,,,,,,,,,,,,,,,,,,,,,,,,,,,,,,,,,,,,,,,,,,,,,,,,,,,,,,,,,,,,,,,,,,
1374,175.0,4.0,7.0,350000.0,,,,,,,,,,,Sousse,Sousse Ville,Appartement,vente,35.8245,10.6346,2000.0,43.75,0.0,,,,,,,,,,,,,,,,,,,,,,,,,,,,,,,,,,,,,,,,,,,,,,,,,,,,,,,,,,,,,,,,,,,,,,,,,,,
1375,55.0,1.0,,230000.0,1.0,,1.0,1.0,,,,,1.0,,Nabeul,Nabeul,Appartement,vente,36.4561,10.7376,4181.818181818182,55.0,0.0,,,,,,,,,,,,,,,,,,,,,,,,,,,,,,,,,,,,,,,,,,,,,,,,,,,,,,,,,,,,,,,,,,,,,,,,,,,
1376,120.0,2.0,,600000.0,,,1.0,1.0,,,,1.0,,1.0,Nabeul,Hammamet,Appartement,vente,36.4012665,10.5572827,5000.0,60.0,0.0,,,,,,,,,,,,,,,,,,,,,,,,,,,,,,,,,,,,,,,,,,,,,,,,,,,,,,,,,,,,,,,,,,,,,,,,,,,
1377,84.0,2.0,,510000.0,,,,,,,1.0,,,,Ariana,La Soukra,Appartement,vente,36.8749751,10.2454267,6071.428571428572,42.0,0.0,,,,,,,,,,,,,,,,,,,,,,,,,,,,,,,,,,,,,,,,,,,,,,,,,,,,,,,,,,,,,,,,,,,,,,,,,,,
1378,221.0,4.0,,680000.0,,,,,,,,1.0,,,Ariana,Ariana Ville,Appartement,vente,36.8599292,10.1531585,3076.923076923077,55.25,0.0,,,,,,,,,,,,,,,,,,,,,,,,,,,,,,,,,,,,,,,,,,,,,,,,,,,,,,,,,,,,,,,,,,,,,,,,,,,
1379,58.0,2.0,1.0,179000.0,1.0,,1.0,1.0,,,,,,,Tunis,Ain Zaghouan,Appartement,vente,36.8507178,10.2829345,3086.206896551724,29.0,1.0,,,,,,,,,,,,,,,,,,,,,,,,,,,,,,,,,,,,,,,,,,,,,,,,,,,,,,,,,,,,,,,,,,,,,,,,,,,
1380,110.0,2.0,0.0,260000.0,,1.0,1.0,1.0,,,,,1.0,,Nabeul,Hammamet,Appartement,vente,36.4012665,10.5572827,2363.6363636363635,55.0,0.0,,,,,,,,,,,,,,,,,,,,,,,,,,,,,,,,,,,,,,,,,,,,,,,,,,,,,,,,,,,,,,,,,,,,,,,,,,,
1381,102.0,2.0,4.0,330000.0,,,1.0,1.0,,,,1.0,1.0,,Nabeul,Hammamet,Appartement,vente,36.4012665,10.5572827,3235.294117647059,51.0,0.0,,,,,,,,,,,,,,,,,,,,,,,,,,,,,,,,,,,,,,,,,,,,,,,,,,,,,,,,,,,,,,,,,,,,,,,,,,,
1382,120.0,4.0,1.0,250000.0,,,,,,,,,,,Ben Arous,Ezzahra,Appartement,vente,36.7404497,10.3029461,2083.3333333333335,30.0,0.0,,,,,,,,,,,,,,,,,,,,,,,,,,,,,,,,,,,,,,,,,,,,,,,,,,,,,,,,,,,,,,,,,,,,,,,,,,,
1383,50.0,2.0,1.0,185000.0,,,1.0,1.0,,,,,,,Tunis,La Goulette,Appartement,vente,36.8133756,10.2930588,3700.0,25.0,0.0,,,,,,,,,,,,,,,,,,,,,,,,,,,,,,,,,,,,,,,,,,,,,,,,,,,,,,,,,,,,,,,,,,,,,,,,,,,
1384,65.0,1.0,,170000.0,,,,,,,,1.0,,,Ariana,Ariana Ville,Appartement,vente,36.8587351,10.188232,2615.3846153846152,65.0,0.0,,,,,,,,,,,,,,,,,,,,,,,,,,,,,,,,,,,,,,,,,,,,,,,,,,,,,,,,,,,,,,,,,,,,,,,,,,,
1385,104.0,3.0,4.0,290000.0,,,,,,,,,,,Nabeul,Kelibia,Appartement,vente,36.8456561,11.0935701,2788.4615384615386,34.666666666666664,0.0,,,,,,,,,,,,,,,,,,,,,,,,,,,,,,,,,,,,,,,,,,,,,,,,,,,,,,,,,,,,,,,,,,,,,,,,,,,
1386,207.0,4.0,0.0,235000.0,,,,,,,,,,,Zaghouan,Zaghouan,Appartement,vente,36.3994751,10.1446349,1135.2657004830917,51.75,0.0,,,,,,,,,,,,,,,,,,,,,,,,,,,,,,,,,,,,,,,,,,,,,,,,,,,,,,,,,,,,,,,,,,,,,,,,,,,
1387,102.0,1.0,0.0,415000.0,,,1.0,1.0,,,1.0,,,1.0,Ariana,La Soukra,Appartement,vente,36.8811985,10.211819,4068.627450980392,102.0,0.0,,,,,,,,,,,,,,,,,,,,,,,,,,,,,,,,,,,,,,,,,,,,,,,,,,,,,,,,,,,,,,,,,,,,,,,,,,,
1388,100.0,3.0,3.0,160000.0,,,,,,,,,,,Nabeul,Kelibia,Appartement,vente,36.8456561,11.0935701,1600.0,33.333333333333336,0.0,,,,,,,,,,,,,,,,,,,,,,,,,,,,,,,,,,,,,,,,,,,,,,,,,,,,,,,,,,,,,,,,,,,,,,,,,,,
1389,121.0,1.0,,235000.0,1.0,1.0,,,,,,1.0,,,Manouba,Mannouba,Appartement,vente,36.8095,10.098,1942.1487603305786,121.0,0.0,,,,,,,,,,,,,,,,,,,,,,,,,,,,,,,,,,,,,,,,,,,,,,,,,,,,,,,,,,,,,,,,,,,,,,,,,,,
1390,110.0,3.0,,135000.0,,,,,,,1.0,,,,Sousse,Hammam Sousse,Appartement,vente,35.8913101,10.5852113,1227.2727272727273,36.666666666666664,0.0,,,,,,,,,,,,,,,,,,,,,,,,,,,,,,,,,,,,,,,,,,,,,,,,,,,,,,,,,,,,,,,,,,,,,,,,,,,
1391,50.0,2.0,,80000.0,,,,,,,,,,,Tunis,Cite El Khadra,Appartement,vente,36.8291875,10.1903688,1600.0,25.0,0.0,,,,,,,,,,,,,,,,,,,,,,,,,,,,,,,,,,,,,,,,,,,,,,,,,,,,,,,,,,,,,,,,,,,,,,,,,,,
1392,81.0,2.0,,195000.0,,1.0,1.0,1.0,,,,1.0,,,Ariana,Ariana Ville,Appartement,vente,36.8541206,10.1626718,2407.4074074074074,40.5,0.0,,,,,,,,,,,,,,,,,,,,,,,,,,,,,,,,,,,,,,,,,,,,,,,,,,,,,,,,,,,,,,,,,,,,,,,,,,,
1393,160.0,3.0,,490000.0,,,,1.0,,,,,,,Nabeul,Hammamet,Appartement,vente,36.4012665,10.5572827,3062.5,53.333333333333336,0.0,,,,,,,,,,,,,,,,,,,,,,,,,,,,,,,,,,,,,,,,,,,,,,,,,,,,,,,,,,,,,,,,,,,,,,,,,,,
1394,120.0,4.0,,160000.0,,,,,,,,,,,Tunis,Bab Bhar,Appartement,vente,36.8065,10.1815,1333.3333333333333,30.0,0.0,,,,,,,,,,,,,,,,,,,,,,,,,,,,,,,,,,,,,,,,,,,,,,,,,,,,,,,,,,,,,,,,,,,,,,,,,,,
1395,180.0,4.0,,260000.0,,,,,,,,,,,Tunis,Bab Bhar,Appartement,vente,36.7992041,10.1756221,1444.4444444444443,45.0,0.0,,,,,,,,,,,,,,,,,,,,,,,,,,,,,,,,,,,,,,,,,,,,,,,,,,,,,,,,,,,,,,,,,,,,,,,,,,,
1396,122.0,3.0,4.0,330000.0,1.0,1.0,,,,,,,,,Ben Arous,Ezzahra,Appartement,vente,36.7404497,10.3029461,2704.9180327868853,40.666666666666664,4.0,,,,,,,,,,,,,,,,,,,,,,,,,,,,,,,,,,,,,,,,,,,,,,,,,,,,,,,,,,,,,,,,,,,,,,,,,,,
1397,132.0,1.0,,430000.0,,1.0,1.0,1.0,,,,1.0,,,Ariana,Ariana Ville,Appartement,vente,36.8599292,10.1531585,3257.5757575757575,132.0,0.0,,,,,,,,,,,,,,,,,,,,,,,,,,,,,,,,,,,,,,,,,,,,,,,,,,,,,,,,,,,,,,,,,,,,,,,,,,,
1398,120.0,3.0,,240000.0,,,,,,,,,,,Bizerte,Bizerte Nord,Appartement,vente,37.2720905,9.8708565,2000.0,40.0,0.0,,,,,,,,,,,,,,,,,,,,,,,,,,,,,,,,,,,,,,,,,,,,-0.13830493,-0.0041433787,0.1124509,0.12684987,-0.18997315,0.084382236,-0.093853235,-0.06535595,-0.030873874,-0.04020788,-0.14062826,0.081459954,0.037242543,0.021696607,0.020198986,-0.078297354,-0.04686136,-0.0037169957,-0.008246643,-0.09159112,0.086406566,0.1029022,-0.0060425163,0.14429264,0.03770419,0.07963878,-0.018451158,0.03033627,0.024900261,-0.06839083,0.024120657,-0.039714042
1399,90.0,3.0,0.0,320000.0,,,,,,,,,,1.0,Tunis,El Kram,Appartement,vente,36.8479991,10.2943555,3555.5555555555557,30.0,0.0,,,,,,,,,,,,,,,,,,,,,,,,,,,,,,,,,,,,,,,,,,,,,,,,,,,,,,,,,,,,,,,,,,,,,,,,,,,
1400,120.0,4.0,,250000.0,,,1.0,,,,,,,,Ben Arous,Ezzahra,Appartement,vente,36.7404497,10.3029461,2083.3333333333335,30.0,0.0,,,,,,,,,,,,,,,,,,,,,,,,,,,,,,,,,,,,,,,,,,,,,,,,,,,,,,,,,,,,,,,,,,,,,,,,,,,
1401,100.0,4.0,,275000.0,,,,,,,,,,,Ben Arous,Ezzahra,Appartement,vente,36.7404497,10.3029461,2750.0,25.0,0.0,,,,,,,,,,,,,,,,,,,,,,,,,,,,,,,,,,,,,,,,,,,,,,,,,,,,,,,,,,,,,,,,,,,,,,,,,,,
1402,80.0,4.0,1.0,170000.0,,,,,,,,,,,Ben Arous,Ben Arous,Appartement,vente,36.7516855,10.2245072,2125.0,20.0,0.0,,,,,,,,,,,,,,,,,,,,,,,,,,,,,,,,,,,,,,,,,,,,,,,,,,,,,,,,,,,,,,,,,,,,,,,,,,,
1403,70.0,1.0,,250000.0,,,1.0,1.0,,,,,,,Nabeul,Hammamet,Appartement,vente,36.4561,10.7376,3571.4285714285716,70.0,0.0,,,,,,,,,,,,,,,,,,,,,,,,,,,,,,,,,,,,,,,,,,,,,,,,,,,,,,,,,,,,,,,,,,,,,,,,,,,
1404,100.0,2.0,,180000.0,,1.0,,,,,,,,,Bizerte,Bizerte Nord,Appartement,vente,37.2720905,9.8708565,1800.0,50.0,0.0,,,,,,,,,,,,,,,,,,,,,,,,,,,,,,,,,,,,,,,,,,,,,,,,,,,,,,,,,,,,,,,,,,,,,,,,,,,
1405,169.0,3.0,4.0,390000.0,,,1.0,1.0,,,,1.0,,1.0,Nabeul,Hammamet,Appartement,vente,36.4012665,10.5572827,2307.6923076923076,56.333333333333336,0.0,,,,,,,,,,,,,,,,,,,,,,,,,,,,,,,,,,,,,,,,,,,,,,,,,,,,,,,,,,,,,,,,,,,,,,,,,,,
1406,71.0,2.0,1.0,450000.0,,,1.0,1.0,,,,,,1.0,Nabeul,Hammamet,Appartement,vente,36.4012665,10.5572827,6338.028169014085,35.5,0.0,,,,,,,,,,,,,,,,,,,,,,,,,,,,,,,,,,,,,,,,,,,,-0.071949296,-0.19262786,-0.03374697,-0.070002615,-0.12423463,0.20425165,-0.07853724,0.02206192,-0.00012207052,0.042681802,-0.0036221736,-0.058632046,0.01919433,0.039301965,0.017633697,0.0064859986,-0.02664094,-0.0077579822,0.07990476,0.052742604,-0.053684436,0.040830664,0.043579612,-0.021333823,-0.048131038,-0.03134712,0.037370075,0.0305801,0.086533375,-0.07505748,0.025723187,0.018232774
1407,125.0,1.0,,580000.0,,1.0,1.0,1.0,,,,,,,Ariana,Mnihla,Appartement,vente,36.8402748,10.1165802,4640.0,125.0,0.0,,,,,,,,,,,,,,,,,,,,,,,,,,,,,,,,,,,,,,,,,,,,,,,,,,,,,,,,,,,,,,,,,,,,,,,,,,,
1408,120.0,3.0,,360000.0,,,1.0,1.0,,,1.0,1.0,,1.0,Nabeul,Hammamet,Appartement,vente,36.4012665,10.5572827,3000.0,40.0,0.0,,,,,,,,,,,,,,,,,,,,,,,,,,,,,,,,,,,,,,,,,,,,,,,,,,,,,,,,,,,,,,,,,,,,,,,,,,,
1409,160.0,4.0,0.0,370000.0,,1.0,1.0,1.0,,,,1.0,,,Tunis,Ettahrir,Appartement,vente,36.823585,10.1242795,2312.5,40.0,0.0,,,,,,,,,,,,,,,,,,,,,,,,,,,,,,,,,,,,,,,,,,,,,,,,,,,,,,,,,,,,,,,,,,,,,,,,,,,
1410,134.0,1.0,3.0,480000.0,1.0,1.0,1.0,1.0,,,,,,,Ariana,Ariana Ville,Appartement,vente,36.8599292,10.1531585,3582.089552238806,134.0,3.0,,,,,,,,,,,,,,,,,,,,,,,,,,,,,,,,,,,,,,,,,,,,,,,,,,,,,,,,,,,,,,,,,,,,,,,,,,,
1411,100.0,3.0,,280000.0,,,,,,,,,,,Sousse,Hammam Sousse,Appartement,vente,35.8913101,10.5852113,2800.0,33.333333333333336,0.0,,,,,,,,,,,,,,,,,,,,,,,,,,,,,,,,,,,,,,,,,,,,-0.010162144,-0.02787029,0.12316754,-0.0920715,0.0015528187,-0.037354946,0.17583339,0.100104734,0.10108802,-0.18232065,-0.014428704,0.02367034,-0.004016888,-0.08832423,0.06836839,-0.012248323,0.054854266,0.041624554,0.024331337,-0.07066866,-0.055430762,0.01632382,0.004975336,-0.0055254693,0.030225975,-0.019567437,-0.018515296,-0.045555495,0.037374865,0.023164138,-0.00048139898,0.023786575
1412,70.0,2.0,,,,,,,,,,,,,Ariana,Ariana Ville,Appartement,vente,36.8587351,10.188232,,35.0,0.0,,,,,,,,,,,,,,,,,,,,,,,,,,,,,,,,,,,,,,,,,,,,,,,,,,,,,,,,,,,,,,,,,,,,,,,,,,,
1413,170.0,1.0,0.0,170000.0,,,,,,,,,,,Tunis,Cite El Khadra,Appartement,vente,36.8291875,10.1903688,1000.0,170.0,0.0,,,,,,,,,,,,,,,,,,,,,,,,,,,,,,,,,,,,,,,,,,,,,,,,,,,,,,,,,,,,,,,,,,,,,,,,,,,
1414,110.0,1.0,2.0,310000.0,,1.0,,,,,,,,,Tunis,La Marsa,Appartement,vente,36.8826682,10.3080504,2818.181818181818,110.0,0.0,,,,,,,,,,,,,,,,,,,,,,,,,,,,,,,,,,,,,,,,,,,,,,,,,,,,,,,,,,,,,,,,,,,,,,,,,,,
1415,240.0,4.0,,295000.0,,,,,,,1.0,,,1.0,Le Kef,Le Kef Est,Appartement,vente,36.1826,8.7149,1229.1666666666667,60.0,0.0,,,,,,,,,,,,,,,,,,,,,,,,,,,,,,,,,,,,,,,,,,,,,,,,,,,,,,,,,,,,,,,,,,,,,,,,,,,
1416,200.0,4.0,,260000.0,,,,,,,,,,,Tunis,Bab Bhar,Appartement,vente,36.8065,10.1815,1300.0,50.0,0.0,,,,,,,,,,,,,,,,,,,,,,,,,,,,,,,,,,,,,,,,,,,,,,,,,,,,,,,,,,,,,,,,,,,,,,,,,,,
1417,120.0,4.0,,160000.0,,,,,,,,,,,Tunis,Bab Bhar,Appartement,vente,36.8065,10.1815,1333.3333333333333,30.0,0.0,,,,,,,,,,,,,,,,,,,,,,,,,,,,,,,,,,,,,,,,,,,,0.03295797,-0.05307319,-0.10468697,0.2155594,0.27226853,0.07464428,-0.03475517,0.069566585,0.052860208,0.020412426,0.005086494,-0.0153329205,0.06038909,-0.0034470053,-0.036410827,-0.04824641,0.036322363,0.0705363,-0.03394851,-0.0037841084,0.048496574,0.06508987,-0.01622416,0.009575979,-0.012732347,0.05844878,0.04324859,-0.007864089,0.01076447,0.020486122,0.040201593,-0.008451702
1418,110.0,1.0,0.0,388800.0,,,,,,,,1.0,,,Ariana,La Soukra,Appartement,vente,36.8749751,10.2454267,3534.5454545454545,110.0,0.0,,,,,,,,,,,,,,,,,,,,,,,,,,,,,,,,,,,,,,,,,,,,,,,,,,,,,,,,,,,,,,,,,,,,,,,,,,,
1419,149.0,4.0,2.0,520000.0,1.0,,1.0,1.0,,,,1.0,,1.0,Ariana,La Soukra,Appartement,vente,36.8749751,10.2454267,3489.93288590604,37.25,2.0,,,,,,,,,,,,,,,,,,,,,,,,,,,,,,,,,,,,,,,,,,,,,,,,,,,,,,,,,,,,,,,,,,,,,,,,,,,
1420,160.0,3.0,,167000.0,,,,,,,,,,,Ben Arous,Bou Mhel El Bassatine,Appartement,vente,36.71444,10.3112789,1043.75,53.333333333333336,0.0,,,,,,,,,,,,,,,,,,,,,,,,,,,,,,,,,,,,,,,,,,,,,,,,,,,,,,,,,,,,,,,,,,,,,,,,,,,
1421,214.0,3.0,0.0,420000.0,,,,,1.0,,1.0,,,1.0,Tunis,El Kram,Appartement,vente,36.8479991,10.2943555,1962.6168224299065,71.33333333333333,0.0,,,,,,,,,,,,,,,,,,,,,,,,,,,,,,,,,,,,,,,,,,,,,,,,,,,,,,,,,,,,,,,,,,,,,,,,,,,
1422,67.0,1.0,,185000.0,,,,,,,,,,,Ariana,Ariana Ville,Appartement,vente,36.8599292,10.1531585,2761.194029850746,67.0,0.0,,,,,,,,,,,,,,,,,,,,,,,,,,,,,,,,,,,,,,,,,,,,,,,,,,,,,,,,,,,,,,,,,,,,,,,,,,,
1423,117.0,2.0,,337000.0,1.0,1.0,1.0,1.0,,,,1.0,,,Sousse,Sousse Jaouhara,Appartement,vente,35.8359686,10.5995321,2880.3418803418804,58.5,0.0,,,,,,,,,,,,,,,,,,,,,,,,,,,,,,,,,,,,,,,,,,,,,,,,,,,,,,,,,,,,,,,,,,,,,,,,,,,
1424,85.0,1.0,0.0,300000.0,,,1.0,1.0,,,1.0,,,1.0,Ariana,La Soukra,Appartement,vente,36.8811985,10.211819,3529.4117647058824,85.0,0.0,,,,,,,,,,,,,,,,,,,,,,,,,,,,,,,,,,,,,,,,,,,,,,,,,,,,,,,,,,,,,,,,,,,,,,,,,,,
1425,85.0,2.0,0.0,170000.0,,,,,,,,,,,Tunis,Bab Souika,Appartement,vente,36.8085956,10.1590082,2000.0,42.5,0.0,,,,,,,,,,,,,,,,,,,,,,,,,,,,,,,,,,,,,,,,,,,,,,,,,,,,,,,,,,,,,,,,,,,,,,,,,,,
1426,110.0,2.0,,235000.0,,,,,,,,,,1.0,Nabeul,Kelibia,Appartement,vente,36.8456561,11.0935701,2136.3636363636365,55.0,0.0,,,,,,,,,,,,,,,,,,,,,,,,,,,,,,,,,,,,,,,,,,,,-0.046270285,-0.08825137,-0.034296602,-0.029947018,-0.021077454,-0.05374614,0.15835933,-0.088983215,0.046200585,-0.15626062,-0.20128614,0.027328365,0.063000135,0.17913103,-0.092484556,0.0019619195,0.032107662,-0.08517138,-0.09266146,0.047710262,-0.07645447,0.0465579,-0.0063184816,-0.046739187,-0.033436142,0.014045728,0.0613165,0.031199526,-0.04304711,0.018614925,0.020412503,-0.03149365
1427,100.0,2.0,,250000.0,,,,,,,,,,,Nabeul,Hammam El Ghezaz,Appartement,vente,36.873986,11.1082328,2500.0,50.0,0.0,,,,,,,,,,,,,,,,,,,,,,,,,,,,,,,,,,,,,,,,,,,,,,,,,,,,,,,,,,,,,,,,,,,,,,,,,,,
1428,100.0,2.0,0.0,240000.0,,,,,,,,,,1.0,Nabeul,Hammam El Ghezaz,Appartement,vente,36.873986,11.1082328,2400.0,50.0,0.0,,,,,,,,,,,,,,,,,,,,,,,,,,,,,,,,,,,,,,,,,,,,,,,,,,,,,,,,,,,,,,,,,,,,,,,,,,,
1429,140.0,3.0,1.0,180000.0,,,,,,,,,,,Tunis,Bab Bhar,Appartement,vente,36.7992041,10.1756221,1285.7142857142858,46.666666666666664,0.0,,,,,,,,,,,,,,,,,,,,,,,,,,,,,,,,,,,,,,,,,,,,-0.06444904,-0.04833027,-0.13097769,0.20935859,0.22662883,0.10832437,-0.11933555,0.003008623,-0.003994139,0.07174391,-0.02077545,0.018078668,0.09927541,-0.07376596,-0.018467568,0.0765502,0.10583815,-0.054139666,0.016257657,-0.06540435,-0.036478713,-0.048240602,-0.009923756,0.015450662,-0.026263824,-0.08954492,0.029521566,0.014601162,0.018119501,0.017493557,0.023239851,-0.045543067
1430,79.0,2.0,,242000.0,,,,,,,,,,,Ben Arous,Hammam Lif,Appartement,vente,36.7313788,10.3363985,3063.2911392405063,39.5,0.0,,,,,,,,,,,,,,,,,,,,,,,,,,,,,,,,,,,,,,,,,,,,,,,,,,,,,,,,,,,,,,,,,,,,,,,,,,,
1431,120.0,2.0,,220000.0,,,,,,,,,,1.0,Nabeul,Kelibia,Appartement,vente,36.8456561,11.0935701,1833.3333333333333,60.0,0.0,,,,,,,,,,,,,,,,,,,,,,,,,,,,,,,,,,,,,,,,,,,,-0.0663171,-0.08327735,-0.024542952,0.021515453,-0.093983784,-0.057823014,0.0051906416,-0.11279224,0.050619937,-0.16132523,-0.16195516,0.015213794,0.06570073,0.051517837,0.0055172862,0.01865666,0.029959846,-0.038804453,-0.03188373,0.019538362,0.057495784,-0.044571538,-0.0718728,-0.0024112733,-0.059302725,-0.017446259,0.042276643,-0.010552872,-0.0013475439,0.020616762,-0.0289528,0.021310229
1432,156.0,3.0,0.0,590000.0,,,1.0,,,,1.0,1.0,,,Nabeul,Hammamet,Appartement,vente,36.4012665,10.5572827,3782.051282051282,52.0,0.0,,,,,,,,,,,,,,,,,,,,,,,,,,,,,,,,,,,,,,,,,,,,,,,,,,,,,,,,,,,,,,,,,,,,,,,,,,,
1433,149.0,4.0,,495000.0,,,,,,,,1.0,,,Tunis,La Goulette,Appartement,vente,36.822587,10.3086958,3322.1476510067114,37.25,0.0,,,,,,,,,,,,,,,,,,,,,,,,,,,,,,,,,,,,,,,,,,,,,,,,,,,,,,,,,,,,,,,,,,,,,,,,,,,
1434,152.0,3.0,,140000.0,,1.0,,,,,,,,1.0,Jendouba,Tabarka,Appartement,vente,36.9545614,8.7573829,921.0526315789474,50.666666666666664,0.0,,,,,,,,,,,,,,,,,,,,,,,,,,,,,,,,,,,,,,,,,,,,,,,,,,,,,,,,,,,,,,,,,,,,,,,,,,,
1435,156.0,3.0,,380000.0,,,,,,,,,,,Tunis,La Goulette,Appartement,vente,36.8240245,10.311616,2435.897435897436,52.0,0.0,,,,,,,,,,,,,,,,,,,,,,,,,,,,,,,,,,,,,,,,,,,,,,,,,,,,,,,,,,,,,,,,,,,,,,,,,,,
1436,200.0,3.0,0.0,340000.0,,,,,,,,,,,Tunis,La Goulette,Appartement,vente,36.8240245,10.311616,1700.0,66.66666666666667,0.0,,,,,,,,,,,,,,,,,,,,,,,,,,,,,,,,,,,,,,,,,,,,,,,,,,,,,,,,,,,,,,,,,,,,,,,,,,,
1437,40.0,2.0,1.0,155000.0,1.0,,1.0,1.0,,,,,,,Tunis,Le Bardo,Appartement,vente,36.8134113,10.1321911,3875.0,20.0,1.0,,,,,,,,,,,,,,,,,,,,,,,,,,,,,,,,,,,,,,,,,,,,,,,,,,,,,,,,,,,,,,,,,,,,,,,,,,,
1438,120.0,2.0,2.0,310000.0,1.0,1.0,1.0,1.0,,,,,,1.0,Ariana,Ariana Ville,Appartement,vente,36.8625,10.1956,2583.3333333333335,60.0,2.0,,,,,,,,,,,,,,,,,,,,,,,,,,,,,,,,,,,,,,,,,,,,,,,,,,,,,,,,,,,,,,,,,,,,,,,,,,,
1439,120.0,2.0,1.0,300000.0,1.0,,,1.0,,,,1.0,,,Ariana,Ariana Ville,Appartement,vente,36.8477637,10.1755886,2500.0,60.0,1.0,,,,,,,,,,,,,,,,,,,,,,,,,,,,,,,,,,,,,,,,,,,,,,,,,,,,,,,,,,,,,,,,,,,,,,,,,,,
1440,59.0,2.0,2.0,235000.0,1.0,1.0,1.0,1.0,,,1.0,1.0,,,Ariana,Mnihla,Appartement,vente,36.8457382,10.1317222,3983.0508474576272,29.5,2.0,,,,,,,,,,,,,,,,,,,,,,,,,,,,,,,,,,,,,,,,,,,,,,,,,,,,,,,,,,,,,,,,,,,,,,,,,,,
1441,75.0,2.0,,165000.0,,,,,,,,,,,Sousse,Sousse Jaouhara,Appartement,vente,35.8359686,10.5995321,2200.0,37.5,0.0,,,,,,,,,,,,,,,,,,,,,,,,,,,,,,,,,,,,,,,,,,,,,,,,,,,,,,,,,,,,,,,,,,,,,,,,,,,
1442,100.0,3.0,,240000.0,,,,,,,,,,,Nabeul,Hammam El Ghezaz,Appartement,vente,36.873986,11.1082328,2400.0,33.333333333333336,0.0,,,,,,,,,,,,,,,,,,,,,,,,,,,,,,,,,,,,,,,,,,,,,,,,,,,,,,,,,,,,,,,,,,,,,,,,,,,
1443,120.0,4.0,1.0,250000.0,,,,,,,,,,,Ben Arous,Ezzahra,Appartement,vente,36.7404497,10.3029461,2083.3333333333335,30.0,0.0,,,,,,,,,,,,,,,,,,,,,,,,,,,,,,,,,,,,,,,,,,,,,,,,,,,,,,,,,,,,,,,,,,,,,,,,,,,
1444,90.0,3.0,,200000.0,,,,,,,,,,,Tunis,Bab Bhar,Appartement,vente,36.7992041,10.1756221,2222.222222222222,30.0,0.0,,,,,,,,,,,,,,,,,,,,,,,,,,,,,,,,,,,,,,,,,,,,,,,,,,,,,,,,,,,,,,,,,,,,,,,,,,,
1445,63.0,1.0,0.0,256000.0,,,1.0,1.0,,,1.0,1.0,,,Ariana,La Soukra,Appartement,vente,36.8749751,10.2454267,4063.4920634920636,63.0,0.0,,,,,,,,,,,,,,,,,,,,,,,,,,,,,,,,,,,,,,,,,,,,,,,,,,,,,,,,,,,,,,,,,,,,,,,,,,,
1446,75.0,,0.0,160000.0,,,,,,,,,,,Béja,Mejez El Bab,Appartement,vente,36.7256,9.1817,2133.3333333333335,,0.0,,,,,,,,,,,,,,,,,,,,,,,,,,,,,,,,,,,,,,,,,,,,,,,,,,,,,,,,,,,,,,,,,,,,,,,,,,,
1447,100.0,2.0,,350000.0,,,,,,,,1.0,,,Nabeul,Nabeul,Appartement,vente,36.4512897,10.7355915,3500.0,50.0,0.0,,,,,,,,,,,,,,,,,,,,,,,,,,,,,,,,,,,,,,,,,,,,,,,,,,,,,,,,,,,,,,,,,,,,,,,,,,,
1448,50.0,4.0,,220000.0,,,,,,,,,,,Bizerte,Bizerte Nord,Appartement,vente,37.2720905,9.8708565,4400.0,12.5,0.0,,,,,,,,,,,,,,,,,,,,,,,,,,,,,,,,,,,,,,,,,,,,,,,,,,,,,,,,,,,,,,,,,,,,,,,,,,,
1449,110.0,3.0,2.0,170000.0,,1.0,,,,,,,,,Bizerte,Bizerte Nord,Appartement,vente,37.2720905,9.8708565,1545.4545454545455,36.666666666666664,0.0,,,,,,,,,,,,,,,,,,,,,,,,,,,,,,,,,,,,,,,,,,,,,,,,,,,,,,,,,,,,,,,,,,,,,,,,,,,
1450,120.0,4.0,1.0,250000.0,,,,,,,,,,,Ben Arous,Ezzahra,Appartement,vente,36.7404497,10.3029461,2083.3333333333335,30.0,0.0,,,,,,,,,,,,,,,,,,,,,,,,,,,,,,,,,,,,,,,,,,,,,,,,,,,,,,,,,,,,,,,,,,,,,,,,,,,
1451,220.0,5.0,0.0,230000.0,,,,,1.0,,,,,1.0,Le Kef,Le Kef Est,Appartement,vente,36.1784491,8.707347,1045.4545454545455,44.0,0.0,,,,,,,,,,,,,,,,,,,,,,,,,,,,,,,,,,,,,,,,,,,,,,,,,,,,,,,,,,,,,,,,,,,,,,,,,,,
1452,54.0,2.0,0.0,340000.0,,,1.0,1.0,,,,,,,Tunis,Carthage,Appartement,vente,36.8539076,10.321998,6296.2962962962965,27.0,0.0,,,,,,,,,,,,,,,,,,,,,,,,,,,,,,,,,,,,,,,,,,,,,,,,,,,,,,,,,,,,,,,,,,,,,,,,,,,
1453,99.0,4.0,4.0,430000.0,1.0,,1.0,1.0,,1.0,,,,,Monastir,Monastir,Appartement,vente,35.7707582,10.8280511,4343.434343434344,24.75,4.0,,,,,,,,,,,,,,,,,,,,,,,,,,,,,,,,,,,,,,,,,,,,,,,,,,,,,,,,,,,,,,,,,,,,,,,,,,,
1454,147.0,4.0,,420000.0,,,,,,,,,,,Bizerte,Bizerte Nord,Appartement,vente,37.2720905,9.8708565,2857.1428571428573,36.75,0.0,,,,,,,,,,,,,,,,,,,,,,,,,,,,,,,,,,,,,,,,,,,,,,,,,,,,,,,,,,,,,,,,,,,,,,,,,,,
1455,85.0,3.0,,178000.0,,,,,,,,,,,Nabeul,Hammam El Ghezaz,Appartement,vente,36.873986,11.1082328,2094.1176470588234,28.333333333333332,0.0,,,,,,,,,,,,,,,,,,,,,,,,,,,,,,,,,,,,,,,,,,,,,,,,,,,,,,,,,,,,,,,,,,,,,,,,,,,
1456,91.0,3.0,,240000.0,,1.0,,,,,,,,,Ariana,Ariana Ville,Appartement,vente,36.8599292,10.1531585,2637.3626373626375,30.333333333333332,0.0,,,,,,,,,,,,,,,,,,,,,,,,,,,,,,,,,,,,,,,,,,,,,,,,,,,,,,,,,,,,,,,,,,,,,,,,,,,
1457,200.0,2.0,0.0,340000.0,,,1.0,1.0,,,1.0,,1.0,1.0,Nabeul,Hammamet,Appartement,vente,36.4012665,10.5572827,1700.0,100.0,0.0,,,,,,,,,,,,,,,,,,,,,,,,,,,,,,,,,,,,,,,,,,,,,,,,,,,,,,,,,,,,,,,,,,,,,,,,,,,
1458,109.0,4.0,,195000.0,,,,1.0,,,,,,,Ariana,La Soukra,Appartement,vente,36.8625,10.1956,1788.9908256880733,27.25,0.0,,,,,,,,,,,,,,,,,,,,,,,,,,,,,,,,,,,,,,,,,,,,,,,,,,,,,,,,,,,,,,,,,,,,,,,,,,,
1459,130.0,3.0,,650000.0,,,,,,,1.0,1.0,,1.0,Tunis,Ain Zaghouan,Appartement,vente,36.8572699,10.2918693,5000.0,43.333333333333336,0.0,,,,,,,,,,,,,,,,,,,,,,,,,,,,,,,,,,,,,,,,,,,,,,,,,,,,,,,,,,,,,,,,,,,,,,,,,,,
1460,103.0,2.0,0.0,230000.0,,,,1.0,,,1.0,,,1.0,Nabeul,Hammam El Ghezaz,Appartement,vente,36.873986,11.1082328,2233.009708737864,51.5,0.0,,,,,,,,,,,,,,,,,,,,,,,,,,,,,,,,,,,,,,,,,,,,,,,,,,,,,,,,,,,,,,,,,,,,,,,,,,,
1461,95.0,2.0,,240000.0,,,,,,,,,,,Nabeul,Hammam El Ghezaz,Appartement,vente,36.873986,11.1082328,2526.315789473684,47.5,0.0,,,,,,,,,,,,,,,,,,,,,,,,,,,,,,,,,,,,,,,,,,,,,,,,,,,,,,,,,,,,,,,,,,,,,,,,,,,
1462,120.0,3.0,1.0,250000.0,,,,,,,,,,,Ben Arous,Ezzahra,Appartement,vente,36.7404497,10.3029461,2083.3333333333335,40.0,0.0,,,,,,,,,,,,,,,,,,,,,,,,,,,,,,,,,,,,,,,,,,,,,,,,,,,,,,,,,,,,,,,,,,,,,,,,,,,
1463,100.0,4.0,,275000.0,,,,,,,,,,,Ben Arous,Ezzahra,Appartement,vente,36.7404497,10.3029461,2750.0,25.0,0.0,,,,,,,,,,,,,,,,,,,,,,,,,,,,,,,,,,,,,,,,,,,,,,,,,,,,,,,,,,,,,,,,,,,,,,,,,,,
1464,120.0,4.0,,160000.0,,,,,,,,,,,Tunis,Bab Bhar,Appartement,vente,36.8065,10.1815,1333.3333333333333,30.0,0.0,,,,,,,,,,,,,,,,,,,,,,,,,,,,,,,,,,,,,,,,,,,,,,,,,,,,,,,,,,,,,,,,,,,,,,,,,,,
1465,101.0,2.0,,290000.0,,,,,,,,,,,Nabeul,Kelibia,Appartement,vente,36.8456561,11.0935701,2871.2871287128714,50.5,0.0,,,,,,,,,,,,,,,,,,,,,,,,,,,,,,,,,,,,,,,,,,,,,,,,,,,,,,,,,,,,,,,,,,,,,,,,,,,
1466,75.0,1.0,0.0,125000.0,,,,,,,,,,,Nabeul,Kelibia,Appartement,vente,36.8456561,11.0935701,1666.6666666666667,75.0,0.0,,,,,,,,,,,,,,,,,,,,,,,,,,,,,,,,,,,,,,,,,,,,,,,,,,,,,,,,,,,,,,,,,,,,,,,,,,,
1467,55.0,1.0,0.0,165000.0,,,,,,,,,,,Nabeul,Kelibia,Appartement,vente,36.4561,10.7376,3000.0,55.0,0.0,,,,,,,,,,,,,,,,,,,,,,,,,,,,,,,,,,,,,,,,,,,,,,,,,,,,,,,,,,,,,,,,,,,,,,,,,,,
1468,90.0,2.0,0.0,165000.0,,,,,,,,,,,Nabeul,Kelibia,Appartement,vente,36.8456561,11.0935701,1833.3333333333333,45.0,0.0,,,,,,,,,,,,,,,,,,,,,,,,,,,,,,,,,,,,,,,,,,,,,,,,,,,,,,,,,,,,,,,,,,,,,,,,,,,
1469,130.0,2.0,,250000.0,,,,,,,,,,1.0,Nabeul,Hammam El Ghezaz,Appartement,vente,36.9003542,11.0982607,1923.076923076923,65.0,0.0,,,,,,,,,,,,,,,,,,,,,,,,,,,,,,,,,,,,,,,,,,,,,,,,,,,,,,,,,,,,,,,,,,,,,,,,,,,
1470,196.0,4.0,,550000.0,,,,,,,,,,,Ariana,Ariana Ville,Appartement,vente,36.8599292,10.1531585,2806.122448979592,49.0,0.0,,,,,,,,,,,,,,,,,,,,,,,,,,,,,,,,,,,,,,,,,,,,,,,,,,,,,,,,,,,,,,,,,,,,,,,,,,,
1471,170.0,4.0,,260000.0,,,,,,,,,,,Tunis,Bab Bhar,Appartement,vente,36.8065,10.1815,1529.4117647058824,42.5,0.0,,,,,,,,,,,,,,,,,,,,,,,,,,,,,,,,,,,,,,,,,,,,,,,,,,,,,,,,,,,,,,,,,,,,,,,,,,,
1472,140.0,1.0,,420000.0,,1.0,1.0,1.0,,,1.0,1.0,,1.0,Ariana,La Soukra,Appartement,vente,36.8749751,10.2454267,3000.0,140.0,0.0,,,,,,,,,,,,,,,,,,,,,,,,,,,,,,,,,,,,,,,,,,,,,,,,,,,,,,,,,,,,,,,,,,,,,,,,,,,
1473,70.0,1.0,1.0,144000.0,,,,,,,,,,1.0,Nabeul,Hammam El Ghezaz,Appartement,vente,36.873986,11.1082328,2057.1428571428573,70.0,0.0,,,,,,,,,,,,,,,,,,,,,,,,,,,,,,,,,,,,,,,,,,,,,,,,,,,,,,,,,,,,,,,,,,,,,,,,,,,
1474,75.0,2.0,,160000.0,,,,,,,,,,,Nabeul,Kelibia,Appartement,vente,36.8456561,11.0935701,2133.3333333333335,37.5,0.0,,,,,,,,,,,,,,,,,,,,,,,,,,,,,,,,,,,,,,,,,,,,,,,,,,,,,,,,,,,,,,,,,,,,,,,,,,,
1475,170.0,5.0,2.0,275000.0,,1.0,,1.0,,,,,,1.0,Tunis,Bab Bhar,Appartement,vente,36.7992041,10.1756221,1617.6470588235295,34.0,0.0,,,,,,,,,,,,,,,,,,,,,,,,,,,,,,,,,,,,,,,,,,,,,,,,,,,,,,,,,,,,,,,,,,,,,,,,,,,
1476,162.0,3.0,0.0,480000.0,,,1.0,1.0,,,,,1.0,1.0,Nabeul,Hammamet,Appartement,vente,36.4012665,10.5572827,2962.962962962963,54.0,0.0,,,,,,,,,,,,,,,,,,,,,,,,,,,,,,,,,,,,,,,,,,,,0.009801438,-0.19402127,-0.11894091,-0.11227271,-0.09318001,0.17153737,-0.050051115,0.019327126,-0.05971477,0.0048421496,0.13038078,0.0470469,-0.00021422407,0.11942228,-0.012492284,-0.023239894,0.03831075,-0.009652755,0.002105795,-0.104684666,0.028855165,-0.031581596,-0.046538625,-0.005707672,-0.054787744,-0.018155266,-0.011154534,-0.02250168,0.008933426,-0.029844161,0.032877788,0.0073875184
1477,100.0,2.0,,240000.0,,,,,,,,,,1.0,Nabeul,Hammam El Ghezaz,Appartement,vente,36.9003542,11.0982607,2400.0,50.0,0.0,,,,,,,,,,,,,,,,,,,,,,,,,,,,,,,,,,,,,,,,,,,,-0.083326094,-0.096296415,-0.023204893,-0.09298159,-0.058283444,0.05431125,-0.0041609895,0.07734066,-0.16952321,-0.0031052253,-0.007292972,0.07156074,0.08201982,-0.00091136614,0.02671521,0.021252247,0.06482195,-0.11796931,-0.10395424,0.099974,-0.020572973,0.06107912,-0.08644723,-0.009629311,-0.078601554,0.0089618135,-0.015079819,-0.024137232,0.042847108,-0.0882298,0.02891428,-0.0719334
1478,75.0,2.0,,199000.0,,,,,,,,,,,Nabeul,Hammam El Ghezaz,Appartement,vente,36.873986,11.1082328,2653.3333333333335,37.5,0.0,,,,,,,,,,,,,,,,,,,,,,,,,,,,,,,,,,,,,,,,,,,,,,,,,,,,,,,,,,,,,,,,,,,,,,,,,,,
1479,76.0,2.0,1.0,87000.0,,,,,,,,,,,Manouba,Oued Ellil,Appartement,vente,36.82815,10.0572057,1144.7368421052631,38.0,0.0,,,,,,,,,,,,,,,,,,,,,,,,,,,,,,,,,,,,,,,,,,,,,,,,,,,,,,,,,,,,,,,,,,,,,,,,,,,
1480,114.0,4.0,0.0,395000.0,,,1.0,1.0,,,,,1.0,1.0,Nabeul,Hammamet,Appartement,vente,36.4561,10.7376,3464.9122807017543,28.5,0.0,,,,,,,,,,,,,,,,,,,,,,,,,,,,,,,,,,,,,,,,,,,,,,,,,,,,,,,,,,,,,,,,,,,,,,,,,,,
1481,113.0,2.0,,375000.0,,,,,,,,1.0,,1.0,Ariana,La Soukra,Appartement,vente,36.8811985,10.211819,3318.5840707964603,56.5,0.0,,,,,,,,,,,,,,,,,,,,,,,,,,,,,,,,,,,,,,,,,,,,,,,,,,,,,,,,,,,,,,,,,,,,,,,,,,,
1482,135.0,3.0,4.0,370000.0,1.0,1.0,,,,,,,,,Ben Arous,Ezzahra,Appartement,vente,36.73953,10.3094914,2740.740740740741,45.0,4.0,,,,,,,,,,,,,,,,,,,,,,,,,,,,,,,,,,,,,,,,,,,,,,,,,,,,,,,,,,,,,,,,,,,,,,,,,,,
1483,100.0,4.0,3.0,135000.0,,1.0,,,,,,,,,Ben Arous,Rades,Appartement,vente,36.753,10.228,1350.0,25.0,0.0,,,,,,,,,,,,,,,,,,,,,,,,,,,,,,,,,,,,,,,,,,,,,,,,,,,,,,,,,,,,,,,,,,,,,,,,,,,
1484,90.0,3.0,1.0,170000.0,,,,,,,,,,,Bizerte,Bizerte Nord,Appartement,vente,37.2720905,9.8708565,1888.888888888889,30.0,0.0,,,,,,,,,,,,,,,,,,,,,,,,,,,,,,,,,,,,,,,,,,,,,,,,,,,,,,,,,,,,,,,,,,,,,,,,,,,
1485,95.0,3.0,2.0,170000.0,,,,,,,,,,,Nabeul,Hammamet,Appartement,vente,36.4012665,10.5572827,1789.4736842105262,31.666666666666668,0.0,,,,,,,,,,,,,,,,,,,,,,,,,,,,,,,,,,,,,,,,,,,,,,,,,,,,,,,,,,,,,,,,,,,,,,,,,,,
1486,140.0,3.0,,170000.0,,,,,,,,,,1.0,Ben Arous,El Mourouj,Appartement,vente,36.719825,10.2192362,1214.2857142857142,46.666666666666664,0.0,,,,,,,,,,,,,,,,,,,,,,,,,,,,,,,,,,,,,,,,,,,,,,,,,,,,,,,,,,,,,,,,,,,,,,,,,,,
1487,170.0,3.0,0.0,235000.0,,,,,,,,,,,Tunis,Bab Bhar,Appartement,vente,36.8065,10.1815,1382.3529411764705,56.666666666666664,0.0,,,,,,,,,,,,,,,,,,,,,,,,,,,,,,,,,,,,,,,,,,,,,,,,,,,,,,,,,,,,,,,,,,,,,,,,,,,
1488,130.0,3.0,,420000.0,,,,,,,,,,,Nabeul,Hammamet,Appartement,vente,36.4561,10.7376,3230.769230769231,43.333333333333336,0.0,,,,,,,,,,,,,,,,,,,,,,,,,,,,,,,,,,,,,,,,,,,,,,,,,,,,,,,,,,,,,,,,,,,,,,,,,,,
1489,127.0,1.0,,320000.0,,1.0,1.0,1.0,,,,1.0,,,Ben Arous,Bou Mhel El Bassatine,Appartement,vente,36.71444,10.3112789,2519.685039370079,127.0,0.0,,,,,,,,,,,,,,,,,,,,,,,,,,,,,,,,,,,,,,,,,,,,,,,,,,,,,,,,,,,,,,,,,,,,,,,,,,,
1490,120.0,4.0,,160000.0,,,,,,,,,,,Tunis,Bab Bhar,Appartement,vente,36.8065,10.1815,1333.3333333333333,30.0,0.0,,,,,,,,,,,,,,,,,,,,,,,,,,,,,,,,,,,,,,,,,,,,,,,,,,,,,,,,,,,,,,,,,,,,,,,,,,,
1491,120.0,4.0,1.0,250000.0,,,,,,,,,,,Ben Arous,Ezzahra,Appartement,vente,36.7404497,10.3029461,2083.3333333333335,30.0,0.0,,,,,,,,,,,,,,,,,,,,,,,,,,,,,,,,,,,,,,,,,,,,,,,,,,,,,,,,,,,,,,,,,,,,,,,,,,,
1492,70.0,2.0,,140000.0,,,,,,,,,,,Ben Arous,Ezzahra,Appartement,vente,36.7404497,10.3029461,2000.0,35.0,0.0,,,,,,,,,,,,,,,,,,,,,,,,,,,,,,,,,,,,,,,,,,,,,,,,,,,,,,,,,,,,,,,,,,,,,,,,,,,
1493,80.0,3.0,,180000.0,,,,,,,,,,,Ben Arous,Ezzahra,Appartement,vente,36.7404497,10.3029461,2250.0,26.666666666666668,0.0,,,,,,,,,,,,,,,,,,,,,,,,,,,,,,,,,,,,,,,,,,,,,,,,,,,,,,,,,,,,,,,,,,,,,,,,,,,
1494,101.0,3.0,,212000.0,,,,,,,,,,,Tunis,El Kram,Appartement,vente,36.8065,10.1815,2099.009900990099,33.666666666666664,0.0,,,,,,,,,,,,,,,,,,,,,,,,,,,,,,,,,,,,,,,,,,,,,,,,,,,,,,,,,,,,,,,,,,,,,,,,,,,
1495,103.0,3.0,1.0,150000.0,,,,,,,,,,1.0,Nabeul,Kelibia,Appartement,vente,36.8456561,11.0935701,1456.3106796116506,34.333333333333336,0.0,,,,,,,,,,,,,,,,,,,,,,,,,,,,,,,,,,,,,,,,,,,,,,,,,,,,,,,,,,,,,,,,,,,,,,,,,,,
1496,120.0,1.0,0.0,295000.0,,1.0,1.0,1.0,,,1.0,1.0,,1.0,Ben Arous,Ezzahra,Appartement,vente,36.7404497,10.3029461,2458.3333333333335,120.0,0.0,,,,,,,,,,,,,,,,,,,,,,,,,,,,,,,,,,,,,,,,,,,,,,,,,,,,,,,,,,,,,,,,,,,,,,,,,,,
1497,143.0,4.0,,380000.0,,,,,,,,1.0,,,Tunis,Ain Zaghouan,Appartement,vente,36.8507178,10.2829345,2657.3426573426573,35.75,0.0,,,,,,,,,,,,,,,,,,,,,,,,,,,,,,,,,,,,,,,,,,,,,,,,,,,,,,,,,,,,,,,,,,,,,,,,,,,
1498,90.0,3.0,,165000.0,,1.0,1.0,,,,,1.0,,,Sousse,Sousse Jaouhara,Appartement,vente,35.8359686,10.5995321,1833.3333333333333,30.0,0.0,,,,,,,,,,,,,,,,,,,,,,,,,,,,,,,,,,,,,,,,,,,,-0.080232106,-0.0052680923,0.17656425,-0.04027173,0.06101698,0.031677864,0.08461165,0.102222845,0.0196818,-0.09550914,0.035029564,0.017818527,-0.038204957,-0.08577076,0.05008626,-0.016376052,-0.028759602,0.06258648,0.039177738,0.013083823,-0.020088414,0.0058795298,-0.01436251,0.035745896,-0.049251482,-0.068033874,0.0013401442,0.026182244,-0.033382002,-0.05951062,-0.07327859,0.016808975
1499,160.0,5.0,5.0,450000.0,1.0,1.0,1.0,,1.0,,,,,,Ariana,Ariana Ville,Appartement,vente,36.8484562,10.1634244,2812.5,32.0,5.0,,,,,,,,,,,,,,,,,,,,,,,,,,,,,,,,,,,,,,,,,,,,,,,,,,,,,,,,,,,,,,,,,,,,,,,,,,,
1500,158.0,1.0,,560000.0,1.0,1.0,1.0,1.0,,,1.0,1.0,1.0,1.0,Nabeul,Nabeul,Appartement,vente,36.4561,10.7376,3544.3037974683543,158.0,0.0,,,,,,,,,,,,,,,,,,,,,,,,,,,,,,,,,,,,,,,,,,,,,,,,,,,,,,,,,,,,,,,,,,,,,,,,,,,
1501,120.0,4.0,,160000.0,,,,,,,,,,,Tunis,Bab Bhar,Appartement,vente,36.8065,10.1815,1333.3333333333333,30.0,0.0,,,,,,,,,,,,,,,,,,,,,,,,,,,,,,,,,,,,,,,,,,,,-0.025638545,-0.18397412,-0.054008562,0.12888625,0.16329329,0.14766265,0.064306796,0.07778084,0.12830615,0.0762398,-0.13382466,-0.06817031,0.0019840163,-0.018463455,-0.036896702,-0.074921064,0.060987327,0.073652595,-0.023813156,-0.05947543,0.037904393,-0.065798745,0.03196951,-0.0106201125,-0.039032426,0.058285434,0.04185121,0.000934938,0.002584165,-0.024172535,0.06429913,-0.0028381166
1502,170.0,4.0,,260000.0,,,,,,,,,,,Tunis,Bab Bhar,Appartement,vente,36.8065,10.1815,1529.4117647058824,42.5,0.0,,,,,,,,,,,,,,,,,,,,,,,,,,,,,,,,,,,,,,,,,,,,0.109264836,-0.06649518,-0.020280996,0.15290481,0.18856281,0.031626873,0.135923,0.17821252,0.012845293,0.05406451,0.00225294,-0.15002288,0.11316811,-0.017765477,-0.030721625,-0.03787073,-0.010888748,0.05536399,-0.015973063,-0.013932364,-0.038722128,-0.005896947,-0.03617718,-0.04203469,-0.009843667,-0.0111799985,0.032088734,-0.024006821,0.022053633,-0.045010485,0.026113447,0.0450689
1503,116.0,3.0,2.0,270000.0,,,,,,,,1.0,,,Ben Arous,Bou Mhel El Bassatine,Appartement,vente,36.71444,10.3112789,2327.5862068965516,38.666666666666664,0.0,,,,,,,,,,,,,,,,,,,,,,,,,,,,,,,,,,,,,,,,,,,,,,,,,,,,,,,,,,,,,,,,,,,,,,,,,,,
1504,75.0,1.0,,290000.0,1.0,1.0,1.0,1.0,,,,1.0,1.0,,Nabeul,Nabeul,Appartement,vente,36.4561,10.7376,3866.6666666666665,75.0,0.0,,,,,,,,,,,,,,,,,,,,,,,,,,,,,,,,,,,,,,,,,,,,,,,,,,,,,,,,,,,,,,,,,,,,,,,,,,,
1505,61.0,2.0,0.0,246000.0,,,,,,,,1.0,1.0,,Ariana,La Soukra,Appartement,vente,36.8811985,10.211819,4032.7868852459014,30.5,0.0,,,,,,,,,,,,,,,,,,,,,,,,,,,,,,,,,,,,,,,,,,,,,,,,,,,,,,,,,,,,,,,,,,,,,,,,,,,
1506,61.0,2.0,0.0,246000.0,1.0,,,,,1.0,,1.0,1.0,,Ariana,La Soukra,Appartement,vente,36.8749751,10.2454267,4032.7868852459014,30.5,0.0,,,,,,,,,,,,,,,,,,,,,,,,,,,,,,,,,,,,,,,,,,,,,,,,,,,,,,,,,,,,,,,,,,,,,,,,,,,
1507,58.0,2.0,0.0,328719.0,1.0,,1.0,1.0,,,1.0,1.0,,,Tunis,Ain Zaghouan,Appartement,vente,36.8572699,10.2918693,5667.568965517241,29.0,0.0,,,,,,,,,,,,,,,,,,,,,,,,,,,,,,,,,,,,,,,,,,,,,,,,,,,,,,,,,,,,,,,,,,,,,,,,,,,
1508,98.0,3.0,3.0,250000.0,,1.0,,,,,,,,,Tunis,Bab Bhar,Appartement,vente,36.7992041,10.1756221,2551.0204081632655,32.666666666666664,0.0,,,,,,,,,,,,,,,,,,,,,,,,,,,,,,,,,,,,,,,,,,,,,,,,,,,,,,,,,,,,,,,,,,,,,,,,,,,
1509,80.0,2.0,,165000.0,,1.0,,,,,,,,,Ariana,Ariana Ville,Appartement,vente,36.8587351,10.188232,2062.5,40.0,0.0,,,,,,,,,,,,,,,,,,,,,,,,,,,,,,,,,,,,,,,,,,,,,,,,,,,,,,,,,,,,,,,,,,,,,,,,,,,
1510,108.0,3.0,,130000.0,,1.0,,,,,,1.0,,,Ariana,Ariana Ville,Appartement,vente,36.8587351,10.188232,1203.7037037037037,36.0,0.0,,,,,,,,,,,,,,,,,,,,,,,,,,,,,,,,,,,,,,,,,,,,,,,,,,,,,,,,,,,,,,,,,,,,,,,,,,,
1511,100.0,4.0,1.0,320000.0,,,,,,,,1.0,,,Ariana,Ariana Ville,Appartement,vente,36.8599292,10.1531585,3200.0,25.0,0.0,,,,,,,,,,,,,,,,,,,,,,,,,,,,,,,,,,,,,,,,,,,,,,,,,,,,,,,,,,,,,,,,,,,,,,,,,,,
1512,110.0,4.0,,270000.0,1.0,,1.0,,,,,,,,Tunis,El Menzah,Appartement,vente,36.8423974,10.1571247,2454.5454545454545,27.5,0.0,,,,,,,,,,,,,,,,,,,,,,,,,,,,,,,,,,,,,,,,,,,,-0.17999503,0.05674395,0.08170294,-0.07507064,-0.003771034,-0.03685267,0.02504634,0.06962742,-0.07268883,-0.07186045,-0.09139241,-0.05088868,0.015325775,0.033923097,-0.03339291,-0.085366026,-0.03771222,-0.02716936,0.033618957,0.008923154,0.014773985,-0.081730716,0.08065633,0.018569252,0.017237421,0.023297656,0.034962356,0.035577115,0.041350234,-0.060951166,0.027454933,-0.042454395
1513,146.0,4.0,,340000.0,1.0,,,,,,,,,,Bizerte,Bizerte Nord,Appartement,vente,37.2720905,9.8708565,2328.7671232876714,36.5,0.0,,,,,,,,,,,,,,,,,,,,,,,,,,,,,,,,,,,,,,,,,,,,,,,,,,,,,,,,,,,,,,,,,,,,,,,,,,,
1514,70.0,4.0,1.0,270000.0,,,,,,,,,,1.0,Tunis,La Goulette,Appartement,vente,36.8065,10.1815,3857.1428571428573,17.5,0.0,,,,,,,,,,,,,,,,,,,,,,,,,,,,,,,,,,,,,,,,,,,,,,,,,,,,,,,,,,,,,,,,,,,,,,,,,,,
1515,70.0,2.0,,110000.0,1.0,,,,,,,1.0,,,Ariana,La Soukra,Appartement,vente,36.8625,10.1956,1571.4285714285713,35.0,0.0,,,,,,,,,,,,,,,,,,,,,,,,,,,,,,,,,,,,,,,,,,,,-0.048998136,0.016012082,0.12576202,0.037549503,0.033230204,0.02834121,0.12403499,-0.05410489,-0.12453752,0.10363861,0.04560563,0.0797268,-0.11722418,0.0262775,-0.10908649,0.030869264,0.050760925,-0.004902596,0.15735556,0.11607973,-0.055017006,0.021522243,0.021712061,0.085451506,0.10067839,-0.035895802,0.07665127,-0.038331065,0.037622947,-0.066222005,-0.03993282,-0.06428199
1516,116.0,2.0,,280000.0,,,1.0,,,,,1.0,,,Ben Arous,Bou Mhel El Bassatine,Appartement,vente,36.71444,10.3112789,2413.793103448276,58.0,0.0,,,,,,,,,,,,,,,,,,,,,,,,,,,,,,,,,,,,,,,,,,,,,,,,,,,,,,,,,,,,,,,,,,,,,,,,,,,
1517,175.0,3.0,,600000.0,,,,,,,,1.0,,,Ariana,La Soukra,Appartement,vente,36.8749751,10.2454267,3428.5714285714284,58.333333333333336,0.0,,,,,,,,,,,,,,,,,,,,,,,,,,,,,,,,,,,,,,,,,,,,,,,,,,,,,,,,,,,,,,,,,,,,,,,,,,,
1518,77.0,3.0,,238000.0,,,1.0,1.0,,,,,,,Ariana,La Soukra,Appartement,vente,36.8811985,10.211819,3090.909090909091,25.666666666666668,0.0,,,,,,,,,,,,,,,,,,,,,,,,,,,,,,,,,,,,,,,,,,,,,,,,,,,,,,,,,,,,,,,,,,,,,,,,,,,
1519,85.0,2.0,0.0,145000.0,,,,,,,,1.0,,,Ben Arous,El Mourouj,Appartement,vente,36.719825,10.2192362,1705.8823529411766,42.5,0.0,,,,,,,,,,,,,,,,,,,,,,,,,,,,,,,,,,,,,,,,,,,,,,,,,,,,,,,,,,,,,,,,,,,,,,,,,,,
1520,214.0,4.0,,635000.0,,,,,,,,1.0,1.0,1.0,Ariana,La Soukra,Appartement,vente,36.8811985,10.211819,2967.2897196261683,53.5,0.0,,,,,,,,,,,,,,,,,,,,,,,,,,,,,,,,,,,,,,,,,,,,,,,,,,,,,,,,,,,,,,,,,,,,,,,,,,,
1521,140.0,1.0,,420000.0,,1.0,,,,,,1.0,,1.0,Nabeul,Hammamet,Appartement,vente,36.4561,10.7376,3000.0,140.0,0.0,,,,,,,,,,,,,,,,,,,,,,,,,,,,,,,,,,,,,,,,,,,,,,,,,,,,,,,,,,,,,,,,,,,,,,,,,,,
1522,111.0,4.0,,380000.0,,1.0,1.0,1.0,,,,1.0,,,Ariana,Ariana Ville,Appartement,vente,36.8587351,10.188232,3423.4234234234236,27.75,0.0,,,,,,,,,,,,,,,,,,,,,,,,,,,,,,,,,,,,,,,,,,,,,,,,,,,,,,,,,,,,,,,,,,,,,,,,,,,
1523,80.0,2.0,2.0,348000.0,,,1.0,1.0,,,,1.0,,,Ariana,La Soukra,Appartement,vente,36.8749751,10.2454267,4350.0,40.0,0.0,,,,,,,,,,,,,,,,,,,,,,,,,,,,,,,,,,,,,,,,,,,,,,,,,,,,,,,,,,,,,,,,,,,,,,,,,,,
1524,100.0,3.0,2.0,180000.0,,1.0,,,,,,,,,Ariana,Mnihla,Appartement,vente,36.8533475,10.1169734,1800.0,33.333333333333336,0.0,,,,,,,,,,,,,,,,,,,,,,,,,,,,,,,,,,,,,,,,,,,,,,,,,,,,,,,,,,,,,,,,,,,,,,,,,,,
1525,80.0,3.0,,90000.0,,1.0,,,,,,,,,Tunis,Le Bardo,Appartement,vente,36.81232,10.1263143,1125.0,26.666666666666668,0.0,,,,,,,,,,,,,,,,,,,,,,,,,,,,,,,,,,,,,,,,,,,,,,,,,,,,,,,,,,,,,,,,,,,,,,,,,,,
1526,140.0,3.0,,350000.0,1.0,1.0,1.0,1.0,,,,1.0,,,Ariana,Raoued,Appartement,vente,36.8625,10.1956,2500.0,46.666666666666664,0.0,,,,,,,,,,,,,,,,,,,,,,,,,,,,,,,,,,,,,,,,,,,,,,,,,,,,,,,,,,,,,,,,,,,,,,,,,,,
1527,116.0,3.0,1.0,370000.0,,,1.0,1.0,,,,1.0,,,Ariana,Ariana Ville,Appartement,vente,36.8599292,10.1531585,3189.655172413793,38.666666666666664,0.0,,,,,,,,,,,,,,,,,,,,,,,,,,,,,,,,,,,,,,,,,,,,,,,,,,,,,,,,,,,,,,,,,,,,,,,,,,,
1528,50.0,1.0,,200000.0,,,,,,,,1.0,,,Tunis,Ain Zaghouan,Appartement,vente,36.8507178,10.2829345,4000.0,50.0,0.0,,,,,,,,,,,,,,,,,,,,,,,,,,,,,,,,,,,,,,,,,,,,,,,,,,,,,,,,,,,,,,,,,,,,,,,,,,,
1529,60.0,1.0,,260000.0,1.0,1.0,1.0,1.0,,,,1.0,,,Ariana,La Soukra,Appartement,vente,36.8749751,10.2454267,4333.333333333333,60.0,0.0,,,,,,,,,,,,,,,,,,,,,,,,,,,,,,,,,,,,,,,,,,,,,,,,,,,,,,,,,,,,,,,,,,,,,,,,,,,
1530,100.0,4.0,1.0,250000.0,,,1.0,,,,,,,,Ben Arous,Ezzahra,Appartement,vente,36.7404497,10.3029461,2500.0,25.0,0.0,,,,,,,,,,,,,,,,,,,,,,,,,,,,,,,,,,,,,,,,,,,,,,,,,,,,,,,,,,,,,,,,,,,,,,,,,,,
1531,100.0,4.0,1.0,250000.0,,,1.0,,,,,,,,Ben Arous,Ezzahra,Appartement,vente,36.7404497,10.3029461,2500.0,25.0,0.0,,,,,,,,,,,,,,,,,,,,,,,,,,,,,,,,,,,,,,,,,,,,,,,,,,,,,,,,,,,,,,,,,,,,,,,,,,,
1532,100.0,4.0,1.0,250000.0,,,1.0,,,,,,,,Ben Arous,Ezzahra,Appartement,vente,36.7404497,10.3029461,2500.0,25.0,0.0,,,,,,,,,,,,,,,,,,,,,,,,,,,,,,,,,,,,,,,,,,,,,,,,,,,,,,,,,,,,,,,,,,,,,,,,,,,
1533,100.0,4.0,1.0,250000.0,,,1.0,,,,,,,,Ben Arous,Ezzahra,Appartement,vente,36.7404497,10.3029461,2500.0,25.0,0.0,,,,,,,,,,,,,,,,,,,,,,,,,,,,,,,,,,,,,,,,,,,,,,,,,,,,,,,,,,,,,,,,,,,,,,,,,,,
1534,100.0,4.0,1.0,250000.0,,,1.0,,,,,,,,Ben Arous,Ezzahra,Appartement,vente,36.7404497,10.3029461,2500.0,25.0,0.0,,,,,,,,,,,,,,,,,,,,,,,,,,,,,,,,,,,,,,,,,,,,-0.10765825,0.10993899,0.041299872,0.13689965,0.10981039,0.051840566,-0.1500529,0.006446441,-0.032970116,-0.062138624,0.038074188,0.01915895,0.01917977,0.027899787,-0.079967044,-0.034657624,-0.01947387,0.061108712,0.007199426,0.022574017,0.04823892,0.06289795,0.07149871,-0.057330087,-0.08446329,-0.0044299252,0.011602655,-0.057645082,-0.00045319743,0.036450557,0.023488782,-0.12601821
1535,153.0,4.0,,260000.0,,,,,1.0,,,,,,Sousse,Akouda,Appartement,vente,35.8245,10.6346,1699.3464052287582,38.25,0.0,,,,,,,,,,,,,,,,,,,,,,,,,,,,,,,,,,,,,,,,,,,,,,,,,,,,,,,,,,,,,,,,,,,,,,,,,,,
1536,80.0,4.0,,175000.0,,,,,,,,,,,Ben Arous,Ben Arous,Appartement,vente,36.7516855,10.2245072,2187.5,20.0,0.0,,,,,,,,,,,,,,,,,,,,,,,,,,,,,,,,,,,,,,,,,,,,,,,,,,,,,,,,,,,,,,,,,,,,,,,,,,,
1537,90.0,2.0,1.0,240000.0,,1.0,,,,,,,,,Nabeul,Kelibia,Appartement,vente,36.8456561,11.0935701,2666.6666666666665,45.0,0.0,,,,,,,,,,,,,,,,,,,,,,,,,,,,,,,,,,,,,,,,,,,,,,,,,,,,,,,,,,,,,,,,,,,,,,,,,,,
1538,70.0,2.0,0.0,320000.0,,,1.0,1.0,,,,1.0,,,Nabeul,Hammamet,Appartement,vente,36.4012665,10.5572827,4571.428571428572,35.0,0.0,,,,,,,,,,,,,,,,,,,,,,,,,,,,,,,,,,,,,,,,,,,,,,,,,,,,,,,,,,,,,,,,,,,,,,,,,,,
1539,132.0,4.0,2.0,280000.0,1.0,1.0,1.0,1.0,,,,,,,Ben Arous,Rades,Appartement,vente,36.75305,10.2656845,2121.212121212121,33.0,2.0,,,,,,,,,,,,,,,,,,,,,,,,,,,,,,,,,,,,,,,,,,,,,,,,,,,,,,,,,,,,,,,,,,,,,,,,,,,
1540,135.0,2.0,2.0,340000.0,,1.0,1.0,1.0,,,,1.0,,,Tunis,El Menzah,Appartement,vente,36.8443809,10.1819354,2518.5185185185187,67.5,0.0,,,,,,,,,,,,,,,,,,,,,,,,,,,,,,,,,,,,,,,,,,,,,,,,,,,,,,,,,,,,,,,,,,,,,,,,,,,
1541,136.0,2.0,0.0,350000.0,,,,,,,,,,,Ariana,Ariana Ville,Appartement,vente,36.8587351,10.188232,2573.529411764706,68.0,0.0,,,,,,,,,,,,,,,,,,,,,,,,,,,,,,,,,,,,,,,,,,,,,,,,,,,,,,,,,,,,,,,,,,,,,,,,,,,
1542,125.0,1.0,5.0,260000.0,1.0,1.0,1.0,,,,1.0,,,,Ariana,Mnihla,Appartement,vente,36.8457382,10.1317222,2080.0,125.0,5.0,,,,,,,,,,,,,,,,,,,,,,,,,,,,,,,,,,,,,,,,,,,,,,,,,,,,,,,,,,,,,,,,,,,,,,,,,,,
1543,100.0,4.0,1.0,150000.0,,,,,,,,,,,Tunis,Le Bardo,Appartement,vente,36.81232,10.1263143,1500.0,25.0,0.0,,,,,,,,,,,,,,,,,,,,,,,,,,,,,,,,,,,,,,,,,,,,,,,,,,,,,,,,,,,,,,,,,,,,,,,,,,,
1544,91.0,2.0,0.0,325000.0,,,,,,,,,,,Tunis,Ain Zaghouan,Appartement,vente,36.8507178,10.2829345,3571.4285714285716,45.5,0.0,,,,,,,,,,,,,,,,,,,,,,,,,,,,,,,,,,,,,,,,,,,,,,,,,,,,,,,,,,,,,,,,,,,,,,,,,,,
1545,154.0,3.0,5.0,310000.0,1.0,1.0,1.0,1.0,,1.0,,1.0,,,Tunis,La Marsa,Appartement,vente,36.8479251,10.2611996,2012.987012987013,51.333333333333336,5.0,,,,,,,,,,,,,,,,,,,,,,,,,,,,,,,,,,,,,,,,,,,,,,,,,,,,,,,,,,,,,,,,,,,,,,,,,,,
1546,200.0,5.0,0.0,170000.0,,,,,,,,,,,Manouba,Mornaguia,Appartement,vente,36.7571648,10.014927,850.0,40.0,0.0,,,,,,,,,,,,,,,,,,,,,,,,,,,,,,,,,,,,,,,,,,,,,,,,,,,,,,,,,,,,,,,,,,,,,,,,,,,
1547,124.0,1.0,,650000.0,,,1.0,1.0,,,,1.0,,,Tunis,La Marsa,Appartement,vente,36.8065,10.1815,5241.935483870968,124.0,0.0,,,,,,,,,,,,,,,,,,,,,,,,,,,,,,,,,,,,,,,,,,,,,,,,,,,,,,,,,,,,,,,,,,,,,,,,,,,
1548,100.0,4.0,1.0,250000.0,,,,,,,,,,,Ben Arous,Ezzahra,Appartement,vente,36.7404497,10.3029461,2500.0,25.0,0.0,,,,,,,,,,,,,,,,,,,,,,,,,,,,,,,,,,,,,,,,,,,,,,,,,,,,,,,,,,,,,,,,,,,,,,,,,,,
1549,100.0,4.0,,165000.0,,,,,,,,,,,Tunis,Bab Bhar,Appartement,vente,36.8065,10.1815,1650.0,25.0,0.0,,,,,,,,,,,,,,,,,,,,,,,,,,,,,,,,,,,,,,,,,,,,,,,,,,,,,,,,,,,,,,,,,,,,,,,,,,,
1550,192.0,1.0,0.0,490000.0,1.0,1.0,1.0,1.0,,,1.0,1.0,1.0,,Nabeul,Nabeul,Appartement,vente,36.4561,10.7376,2552.0833333333335,192.0,0.0,,,,,,,,,,,,,,,,,,,,,,,,,,,,,,,,,,,,,,,,,,,,,,,,,,,,,,,,,,,,,,,,,,,,,,,,,,,
1551,90.0,4.0,1.0,170000.0,,,,,,,,,,,Ben Arous,Ben Arous,Appartement,vente,36.7516855,10.2245072,1888.888888888889,22.5,0.0,,,,,,,,,,,,,,,,,,,,,,,,,,,,,,,,,,,,,,,,,,,,-0.04112649,0.018411294,0.039570693,0.021730749,0.19945191,-0.03265659,-0.0149211455,0.08886832,0.11115807,-0.0046848096,0.06181536,-0.16148117,0.08013865,-0.016686657,-0.10086682,-0.00496685,-0.0072748153,0.015400912,0.027372228,0.025502728,-0.06400149,0.00512189,0.1079032,-0.005173041,-0.045974065,-0.07940294,0.016536735,-0.04524789,-0.056274887,-0.06164603,-0.0015686613,-0.03339593
1552,150.0,3.0,,400000.0,,1.0,,,,1.0,,1.0,,,Ariana,La Soukra,Appartement,vente,36.8749751,10.2454267,2666.6666666666665,50.0,0.0,,,,,,,,,,,,,,,,,,,,,,,,,,,,,,,,,,,,,,,,,,,,,,,,,,,,,,,,,,,,,,,,,,,,,,,,,,,
1553,125.0,3.0,,620000.0,,,1.0,1.0,,,1.0,,,1.0,Nabeul,Hammamet,Appartement,vente,36.4561,10.7376,4960.0,41.666666666666664,0.0,,,,,,,,,,,,,,,,,,,,,,,,,,,,,,,,,,,,,,,,,,,,,,,,,,,,,,,,,,,,,,,,,,,,,,,,,,,
1554,90.0,4.0,1.0,175000.0,,,,,,,,,,,Ben Arous,Ben Arous,Appartement,vente,36.7516855,10.2245072,1944.4444444444443,22.5,0.0,,,,,,,,,,,,,,,,,,,,,,,,,,,,,,,,,,,,,,,,,,,,,,,,,,,,,,,,,,,,,,,,,,,,,,,,,,,
1555,100.0,4.0,,165000.0,,,,,,,,,,,Tunis,Bab Bhar,Appartement,vente,36.8065,10.1815,1650.0,25.0,0.0,,,,,,,,,,,,,,,,,,,,,,,,,,,,,,,,,,,,,,,,,,,,,,,,,,,,,,,,,,,,,,,,,,,,,,,,,,,
1556,100.0,4.0,1.0,250000.0,,,,,,,,,,,Ben Arous,Ezzahra,Appartement,vente,36.7404497,10.3029461,2500.0,25.0,0.0,,,,,,,,,,,,,,,,,,,,,,,,,,,,,,,,,,,,,,,,,,,,0.04384006,1.3119733e-05,0.05205004,0.05557093,0.17255168,-0.00704254,-0.0958173,0.061628625,0.06228313,-0.0710506,0.08090866,0.02591187,0.06226976,0.015690025,-0.100658186,0.01654244,-0.031178314,0.064721204,0.023604447,0.041928962,-0.020462852,0.029886879,0.068821274,-0.050809354,-0.06146789,-0.05710935,-0.008359693,-0.044369996,-0.00121113,0.07587215,0.054303873,-0.13370316
1557,48.0,2.0,,115000.0,,1.0,1.0,,,,,,,,Tunis,El Menzah,Appartement,vente,36.8423974,10.1571247,2395.8333333333335,24.0,0.0,,,,,,,,,,,,,,,,,,,,,,,,,,,,,,,,,,,,,,,,,,,,-0.089250326,-0.05257203,0.20721717,-0.04220799,0.05569807,-0.027417688,0.030627478,0.12911782,0.015961807,0.031234084,-0.054522432,-0.063090265,0.006890242,0.02110034,0.011037174,5.705369e-05,0.03244116,0.0048213475,-0.02719163,0.03827068,0.04967438,-0.060138166,0.06978851,-0.011908924,0.09929484,-0.06163589,-0.014641809,0.018922625,0.053836662,-0.071253635,-0.048593313,-0.015993806
1558,130.0,1.0,,280000.0,1.0,1.0,1.0,,,,,,,,Tunis,El Menzah,Appartement,vente,36.8423974,10.1571247,2153.846153846154,130.0,0.0,,,,,,,,,,,,,,,,,,,,,,,,,,,,,,,,,,,,,,,,,,,,-0.16974545,0.053459637,0.10365863,0.013600135,0.080178015,-0.036302596,-0.035704594,0.056313865,-0.11140307,-0.12028201,-0.045866773,-0.020127723,0.05209037,0.045468684,0.0076543945,-0.06512154,-0.028209453,0.021935984,0.024241284,-0.0030833993,0.028825605,-0.0745878,0.061522834,0.026446465,0.085830264,0.054722384,-0.03076138,0.035358034,0.058694914,-0.065576054,-0.014662926,-0.07151254
1559,70.0,3.0,0.0,155000.0,,,,,,,,,,,Ariana,Ariana Ville,Appartement,vente,36.8587351,10.188232,2214.285714285714,23.333333333333332,0.0,,,,,,,,,,,,,,,,,,,,,,,,,,,,,,,,,,,,,,,,,,,,,,,,,,,,,,,,,,,,,,,,,,,,,,,,,,,
1560,103.0,3.0,,170000.0,,,,,,,,,,,Sousse,Hammam Sousse,Appartement,vente,35.8749788,10.5935183,1650.485436893204,34.333333333333336,0.0,,,,,,,,,,,,,,,,,,,,,,,,,,,,,,,,,,,,,,,,,,,,,,,,,,,,,,,,,,,,,,,,,,,,,,,,,,,
1561,56.0,2.0,,175000.0,,,1.0,1.0,,,,,,,Tunis,La Marsa,Appartement,vente,36.8479251,10.2611996,3125.0,28.0,0.0,,,,,,,,,,,,,,,,,,,,,,,,,,,,,,,,,,,,,,,,,,,,,,,,,,,,,,,,,,,,,,,,,,,,,,,,,,,
1562,115.0,3.0,,350000.0,,1.0,,,,,,1.0,,,Ariana,La Soukra,Appartement,vente,36.8749751,10.2454267,3043.478260869565,38.333333333333336,0.0,,,,,,,,,,,,,,,,,,,,,,,,,,,,,,,,,,,,,,,,,,,,,,,,,,,,,,,,,,,,,,,,,,,,,,,,,,,
1563,,1.0,3.0,290000.0,,,,,,,,1.0,,1.0,Ben Arous,Ezzahra,Appartement,vente,36.7404497,10.3029461,,,0.0,,,,,,,,,,,,,,,,,,,,,,,,,,,,,,,,,,,,,,,,,,,,,,,,,,,,,,,,,,,,,,,,,,,,,,,,,,,
1564,150.0,4.0,,420000.0,,,1.0,,,,,1.0,,1.0,Bizerte,Bizerte Nord,Appartement,vente,37.2720905,9.8708565,2800.0,37.5,0.0,,,,,,,,,,,,,,,,,,,,,,,,,,,,,,,,,,,,,,,,,,,,,,,,,,,,,,,,,,,,,,,,,,,,,,,,,,,
1565,70.0,2.0,1.0,170000.0,,1.0,1.0,,,,,,,,Sousse,Sousse Ville,Appartement,vente,35.8137916,10.5208721,2428.5714285714284,35.0,0.0,,,,,,,,,,,,,,,,,,,,,,,,,,,,,,,,,,,,,,,,,,,,,,,,,,,,,,,,,,,,,,,,,,,,,,,,,,,
1566,60.0,2.0,,200000.0,,,1.0,1.0,,,1.0,,,,Ariana,Mnihla,Appartement,vente,36.8457382,10.1317222,3333.3333333333335,30.0,0.0,,,,,,,,,,,,,,,,,,,,,,,,,,,,,,,,,,,,,,,,,,,,,,,,,,,,,,,,,,,,,,,,,,,,,,,,,,,
1567,104.0,1.0,,490000.0,1.0,1.0,1.0,1.0,,,,1.0,1.0,,Nabeul,Nabeul,Appartement,vente,36.4561,10.7376,4711.538461538462,104.0,0.0,,,,,,,,,,,,,,,,,,,,,,,,,,,,,,,,,,,,,,,,,,,,,,,,,,,,,,,,,,,,,,,,,,,,,,,,,,,
1568,70.0,2.0,1.0,262000.0,1.0,,,,,,,1.0,,,Tunis,Ain Zaghouan,Appartement,vente,36.8507178,10.2829345,3742.8571428571427,35.0,1.0,,,,,,,,,,,,,,,,,,,,,,,,,,,,,,,,,,,,,,,,,,,,,,,,,,,,,,,,,,,,,,,,,,,,,,,,,,,
1569,70.0,2.0,,260000.0,,,,,,,,1.0,,,Ariana,La Soukra,Appartement,vente,36.8749751,10.2454267,3714.285714285714,35.0,0.0,,,,,,,,,,,,,,,,,,,,,,,,,,,,,,,,,,,,,,,,,,,,,,,,,,,,,,,,,,,,,,,,,,,,,,,,,,,
1570,144.0,1.0,2.0,345000.0,,1.0,1.0,1.0,,,1.0,1.0,,1.0,Ariana,Ariana Ville,Appartement,vente,36.8587351,10.188232,2395.8333333333335,144.0,0.0,,,,,,,,,,,,,,,,,,,,,,,,,,,,,,,,,,,,,,,,,,,,,,,,,,,,,,,,,,,,,,,,,,,,,,,,,,,
1571,149.0,1.0,,520000.0,,,,,,,,1.0,,1.0,Ariana,La Soukra,Appartement,vente,36.8749751,10.2454267,3489.93288590604,149.0,0.0,,,,,,,,,,,,,,,,,,,,,,,,,,,,,,,,,,,,,,,,,,,,,,,,,,,,,,,,,,,,,,,,,,,,,,,,,,,
1572,195.0,5.0,,380000.0,,,,,,,1.0,,,1.0,Ben Arous,Ben Arous,Appartement,vente,36.7516855,10.2245072,1948.7179487179487,39.0,0.0,,,,,,,,,,,,,,,,,,,,,,,,,,,,,,,,,,,,,,,,,,,,,,,,,,,,,,,,,,,,,,,,,,,,,,,,,,,
1573,154.0,1.0,1.0,280000.0,1.0,1.0,1.0,,,,,1.0,,,Ariana,Ariana Ville,Appartement,vente,36.8541206,10.1626718,1818.1818181818182,154.0,1.0,,,,,,,,,,,,,,,,,,,,,,,,,,,,,,,,,,,,,,,,,,,,,,,,,,,,,,,,,,,,,,,,,,,,,,,,,,,
1574,150.0,3.0,0.0,220000.0,,,,,,,,,,1.0,Tunis,La Marsa,Appartement,vente,36.8749843,10.3092692,1466.6666666666667,50.0,0.0,,,,,,,,,,,,,,,,,,,,,,,,,,,,,,,,,,,,,,,,,,,,,,,,,,,,,,,,,,,,,,,,,,,,,,,,,,,
1575,102.0,4.0,,280000.0,1.0,1.0,1.0,1.0,,1.0,1.0,1.0,,,Tunis,El Menzah,Appartement,vente,36.8423974,10.1571247,2745.098039215686,25.5,0.0,,,,,,,,,,,,,,,,,,,,,,,,,,,,,,,,,,,,,,,,,,,,,,,,,,,,,,,,,,,,,,,,,,,,,,,,,,,
1576,200.0,5.0,0.0,300000.0,,,,,,,1.0,,,1.0,Manouba,Mornaguia,Appartement,vente,36.7571648,10.014927,1500.0,40.0,0.0,,,,,,,,,,,,,,,,,,,,,,,,,,,,,,,,,,,,,,,,,,,,,,,,,,,,,,,,,,,,,,,,,,,,,,,,,,,
1577,170.0,2.0,,170000.0,,,,1.0,1.0,,,,,1.0,Nabeul,Hammamet,Appartement,vente,36.4012665,10.5572827,1000.0,85.0,0.0,,,,,,,,,,,,,,,,,,,,,,,,,,,,,,,,,,,,,,,,,,,,,,,,,,,,,,,,,,,,,,,,,,,,,,,,,,,
1578,100.0,4.0,1.0,250000.0,,,,,,,,,,,Ben Arous,Ezzahra,Appartement,vente,36.7404497,10.3029461,2500.0,25.0,0.0,,,,,,,,,,,,,,,,,,,,,,,,,,,,,,,,,,,,,,,,,,,,,,,,,,,,,,,,,,,,,,,,,,,,,,,,,,,
1579,73.0,3.0,,110000.0,1.0,,,,,,,,,,Ariana,La Soukra,Appartement,vente,36.8625,10.1956,1506.849315068493,24.333333333333332,0.0,,,,,,,,,,,,,,,,,,,,,,,,,,,,,,,,,,,,,,,,,,,,,,,,,,,,,,,,,,,,,,,,,,,,,,,,,,,
1580,210.0,5.0,0.0,500000.0,,,,,1.0,,,,,1.0,Manouba,Mannouba,Appartement,vente,36.8095,10.098,2380.9523809523807,42.0,0.0,,,,,,,,,,,,,,,,,,,,,,,,,,,,,,,,,,,,,,,,,,,,,,,,,,,,,,,,,,,,,,,,,,,,,,,,,,,
1581,130.0,1.0,,265000.0,,,,,,,,,,,Nabeul,Kelibia,Appartement,vente,36.8456561,11.0935701,2038.4615384615386,130.0,0.0,,,,,,,,,,,,,,,,,,,,,,,,,,,,,,,,,,,,,,,,,,,,,,,,,,,,,,,,,,,,,,,,,,,,,,,,,,,
1582,152.0,3.0,,425000.0,,,1.0,1.0,,,,,,,Ariana,La Soukra,Appartement,vente,36.8811985,10.211819,2796.0526315789475,50.666666666666664,0.0,,,,,,,,,,,,,,,,,,,,,,,,,,,,,,,,,,,,,,,,,,,,,,,,,,,,,,,,,,,,,,,,,,,,,,,,,,,
1583,140.0,2.0,,195000.0,,,,,,,,,,,Ariana,Ariana Ville,Appartement,vente,36.8587351,10.188232,1392.857142857143,70.0,0.0,,,,,,,,,,,,,,,,,,,,,,,,,,,,,,,,,,,,,,,,,,,,,,,,,,,,,,,,,,,,,,,,,,,,,,,,,,,
1584,58.0,1.0,,320000.0,1.0,1.0,1.0,1.0,,1.0,,1.0,1.0,,Nabeul,Nabeul,Appartement,vente,36.4561,10.7376,5517.241379310345,58.0,0.0,,,,,,,,,,,,,,,,,,,,,,,,,,,,,,,,,,,,,,,,,,,,,,,,,,,,,,,,,,,,,,,,,,,,,,,,,,,
1585,85.0,3.0,,170000.0,,,,,,,,,,,Nabeul,Kelibia,Appartement,vente,36.8456561,11.0935701,2000.0,28.333333333333332,0.0,,,,,,,,,,,,,,,,,,,,,,,,,,,,,,,,,,,,,,,,,,,,,,,,,,,,,,,,,,,,,,,,,,,,,,,,,,,
1586,61.0,2.0,,135000.0,,,,,,,,,,,Nabeul,Kelibia,Appartement,vente,36.8456561,11.0935701,2213.1147540983607,30.5,0.0,,,,,,,,,,,,,,,,,,,,,,,,,,,,,,,,,,,,,,,,,,,,,,,,,,,,,,,,,,,,,,,,,,,,,,,,,,,
1587,85.0,3.0,,205000.0,,,,,,,,,,,Nabeul,Hammam El Ghezaz,Appartement,vente,36.873986,11.1082328,2411.764705882353,28.333333333333332,0.0,,,,,,,,,,,,,,,,,,,,,,,,,,,,,,,,,,,,,,,,,,,,,,,,,,,,,,,,,,,,,,,,,,,,,,,,,,,
1588,98.0,2.0,,185000.0,,1.0,,,,,,,,,Tunis,Carthage,Appartement,vente,36.8065,10.1815,1887.7551020408164,49.0,0.0,,,,,,,,,,,,,,,,,,,,,,,,,,,,,,,,,,,,,,,,,,,,,,,,,,,,,,,,,,,,,,,,,,,,,,,,,,,
1589,67.0,1.0,0.0,250000.0,,,1.0,1.0,,,1.0,1.0,1.0,,Tunis,El Menzah,Appartement,vente,36.8443809,10.1819354,3731.3432835820895,67.0,0.0,,,,,,,,,,,,,,,,,,,,,,,,,,,,,,,,,,,,,,,,,,,,,,,,,,,,,,,,,,,,,,,,,,,,,,,,,,,
1590,240.0,5.0,0.0,370000.0,,,,,,,,,,,Tunis,Carthage,Appartement,vente,36.8065,10.1815,1541.6666666666667,48.0,0.0,,,,,,,,,,,,,,,,,,,,,,,,,,,,,,,,,,,,,,,,,,,,,,,,,,,,,,,,,,,,,,,,,,,,,,,,,,,
1591,90.0,3.0,2.0,210000.0,1.0,1.0,1.0,,,,,1.0,,,Ben Arous,Nouvelle Medina,Appartement,vente,36.7575659,10.244981,2333.3333333333335,30.0,2.0,,,,,,,,,,,,,,,,,,,,,,,,,,,,,,,,,,,,,,,,,,,,,,,,,,,,,,,,,,,,,,,,,,,,,,,,,,,
1592,90.0,3.0,1.0,195000.0,,,,,,,,,,,Tunis,El Kram,Appartement,vente,36.8065,10.1815,2166.6666666666665,30.0,0.0,,,,,,,,,,,,,,,,,,,,,,,,,,,,,,,,,,,,,,,,,,,,-0.10506942,-0.045157123,0.026101232,0.22272022,-0.1092791,-0.118936226,0.042549532,0.08938783,0.021669647,0.089208074,0.12694634,-0.062131494,0.14161023,0.103498966,-0.00022091663,0.017820546,0.10681905,-0.11089897,-0.013724183,0.013992133,0.011912677,0.10591675,-0.06875141,0.09867858,0.06857848,0.036602784,0.05003907,0.06947545,-0.069707766,0.0018161731,-0.07369064,-0.1038724
1593,90.0,3.0,,145000.0,,,,1.0,,,,1.0,,,Sousse,Sousse Jaouhara,Appartement,vente,35.8359686,10.5995321,1611.111111111111,30.0,0.0,,,,,,,,,,,,,,,,,,,,,,,,,,,,,,,,,,,,,,,,,,,,-0.03461635,-0.0453841,0.14916271,-0.055465303,-0.0032480648,0.04983834,0.14361238,0.0924348,0.096021876,-0.18694444,0.020727672,0.047578152,-0.07949788,-0.10095545,0.07780599,-0.026314247,0.023149868,0.038394246,0.10400446,-0.0057566236,-0.038229898,-0.0017993273,-0.06935837,0.03855667,-0.03378779,-0.077415824,-0.003578297,0.03603812,-0.04926994,-0.0042784046,-0.0261853,-0.022352386
1594,60.0,3.0,1.0,240000.0,,,,,,,,,,,Nabeul,El Haouaria,Appartement,vente,37.0498089,11.0116492,4000.0,20.0,0.0,,,,,,,,,,,,,,,,,,,,,,,,,,,,,,,,,,,,,,,,,,,,,,,,,,,,,,,,,,,,,,,,,,,,,,,,,,,
1595,90.0,4.0,,175000.0,,,,,,,,,,,Ben Arous,Ben Arous,Appartement,vente,36.7516855,10.2245072,1944.4444444444443,22.5,0.0,,,,,,,,,,,,,,,,,,,,,,,,,,,,,,,,,,,,,,,,,,,,,,,,,,,,,,,,,,,,,,,,,,,,,,,,,,,
1596,70.0,2.0,,387000.0,,,,,,,,1.0,,,Tunis,Ain Zaghouan,Appartement,vente,36.8507178,10.2829345,5528.571428571428,35.0,0.0,,,,,,,,,,,,,,,,,,,,,,,,,,,,,,,,,,,,,,,,,,,,,,,,,,,,,,,,,,,,,,,,,,,,,,,,,,,
1597,80.0,4.0,1.0,170000.0,,,,,,,,,,,Ben Arous,Ben Arous,Appartement,vente,36.7516855,10.2245072,2125.0,20.0,0.0,,,,,,,,,,,,,,,,,,,,,,,,,,,,,,,,,,,,,,,,,,,,,,,,,,,,,,,,,,,,,,,,,,,,,,,,,,,
1598,58.0,2.0,4.0,200000.0,,1.0,1.0,1.0,,,,1.0,,,Ariana,Ariana Ville,Appartement,vente,36.8585478,10.1682756,3448.2758620689656,29.0,0.0,,,,,,,,,,,,,,,,,,,,,,,,,,,,,,,,,,,,,,,,,,,,,,,,,,,,,,,,,,,,,,,,,,,,,,,,,,,
1599,167.0,3.0,3.0,420000.0,1.0,1.0,1.0,1.0,,,,1.0,,,Ariana,Ariana Ville,Appartement,vente,36.8599292,10.1531585,2514.9700598802397,55.666666666666664,3.0,,,,,,,,,,,,,,,,,,,,,,,,,,,,,,,,,,,,,,,,,,,,,,,,,,,,,,,,,,,,,,,,,,,,,,,,,,,
1600,75.0,1.0,1.0,285000.0,1.0,,1.0,1.0,,,,1.0,,1.0,Nabeul,Hammamet,Appartement,vente,36.4012665,10.5572827,3800.0,75.0,1.0,,,,,,,,,,,,,,,,,,,,,,,,,,,,,,,,,,,,,,,,,,,,,,,,,,,,,,,,,,,,,,,,,,,,,,,,,,,
1601,170.0,5.0,,270000.0,,,1.0,,,,,,,,Sousse,Hammam Sousse,Appartement,vente,35.8245,10.6346,1588.235294117647,34.0,0.0,,,,,,,,,,,,,,,,,,,,,,,,,,,,,,,,,,,,,,,,,,,,,,,,,,,,,,,,,,,,,,,,,,,,,,,,,,,
1602,93.0,3.0,2.0,125000.0,,,,,,,,,,,Sfax,Sfax Ville,Appartement,vente,34.7361691,10.7662357,1344.0860215053763,31.0,0.0,,,,,,,,,,,,,,,,,,,,,,,,,,,,,,,,,,,,,,,,,,,,,,,,,,,,,,,,,,,,,,,,,,,,,,,,,,,
1603,104.0,4.0,2.0,195000.0,,,1.0,,,,,,,,Manouba,Mannouba,Appartement,vente,36.8095,10.098,1875.0,26.0,0.0,,,,,,,,,,,,,,,,,,,,,,,,,,,,,,,,,,,,,,,,,,,,,,,,,,,,,,,,,,,,,,,,,,,,,,,,,,,
1604,100.0,3.0,0.0,430000.0,1.0,,1.0,,,,1.0,1.0,,,Ariana,Ariana Ville,Appartement,vente,36.8599292,10.1531585,4300.0,33.333333333333336,0.0,,,,,,,,,,,,,,,,,,,,,,,,,,,,,,,,,,,,,,,,,,,,,,,,,,,,,,,,,,,,,,,,,,,,,,,,,,,
1605,145.0,1.0,4.0,395000.0,1.0,1.0,1.0,1.0,,,1.0,1.0,,,Ariana,Mnihla,Appartement,vente,36.8457382,10.1317222,2724.137931034483,145.0,4.0,,,,,,,,,,,,,,,,,,,,,,,,,,,,,,,,,,,,,,,,,,,,,,,,,,,,,,,,,,,,,,,,,,,,,,,,,,,
1606,130.0,1.0,0.0,320000.0,,,1.0,1.0,,,,1.0,,1.0,Ariana,La Soukra,Appartement,vente,36.8653305,10.2425306,2461.5384615384614,130.0,0.0,,,,,,,,,,,,,,,,,,,,,,,,,,,,,,,,,,,,,,,,,,,,,,,,,,,,,,,,,,,,,,,,,,,,,,,,,,,
1607,117.0,1.0,3.0,270000.0,1.0,1.0,1.0,1.0,,,,1.0,,,Ben Arous,Mornag,Appartement,vente,36.66721,10.2979439,2307.6923076923076,117.0,3.0,,,,,,,,,,,,,,,,,,,,,,,,,,,,,,,,,,,,,,,,,,,,,,,,,,,,,,,,,,,,,,,,,,,,,,,,,,,
1608,150.0,4.0,0.0,435000.0,,1.0,1.0,1.0,,,,1.0,,,Ariana,Ariana Ville,Appartement,vente,36.8599292,10.1531585,2900.0,37.5,0.0,,,,,,,,,,,,,,,,,,,,,,,,,,,,,,,,,,,,,,,,,,,,,,,,,,,,,,,,,,,,,,,,,,,,,,,,,,,
1609,95.0,1.0,2.0,350000.0,1.0,,1.0,1.0,,,,1.0,,,Tunis,La Marsa,Appartement,vente,36.8065,10.1815,3684.2105263157896,95.0,2.0,,,,,,,,,,,,,,,,,,,,,,,,,,,,,,,,,,,,,,,,,,,,,,,,,,,,,,,,,,,,,,,,,,,,,,,,,,,
1610,,3.0,,450000.0,,1.0,,,,,,1.0,,,Tunis,El Menzah,Appartement,vente,36.8443809,10.1819354,,,0.0,,,,,,,,,,,,,,,,,,,,,,,,,,,,,,,,,,,,,,,,,,,,,,,,,,,,,,,,,,,,,,,,,,,,,,,,,,,
1611,100.0,4.0,,320000.0,,1.0,,,,,,,,,Tunis,Bab Bhar,Appartement,vente,36.8170699,10.1784812,3200.0,25.0,0.0,,,,,,,,,,,,,,,,,,,,,,,,,,,,,,,,,,,,,,,,,,,,,,,,,,,,,,,,,,,,,,,,,,,,,,,,,,,
1612,190.0,5.0,,490000.0,1.0,1.0,1.0,1.0,,,,1.0,,,Ariana,Ariana Ville,Appartement,vente,36.8599292,10.1531585,2578.9473684210525,38.0,0.0,,,,,,,,,,,,,,,,,,,,,,,,,,,,,,,,,,,,,,,,,,,,,,,,,,,,,,,,,,,,,,,,,,,,,,,,,,,
1613,139.0,4.0,,335000.0,,,,,,,,,,1.0,Tunis,Carthage,Appartement,vente,36.8065,10.1815,2410.071942446043,34.75,0.0,,,,,,,,,,,,,,,,,,,,,,,,,,,,,,,,,,,,,,,,,,,,,,,,,,,,,,,,,,,,,,,,,,,,,,,,,,,
1614,102.0,2.0,,165000.0,,,,,,,,,,,Ben Arous,El Mourouj,Appartement,vente,36.719825,10.2192362,1617.6470588235295,51.0,0.0,,,,,,,,,,,,,,,,,,,,,,,,,,,,,,,,,,,,,,,,,,,,,,,,,,,,,,,,,,,,,,,,,,,,,,,,,,,
1615,135.0,3.0,4.0,500000.0,,1.0,1.0,1.0,,,,1.0,,,Tunis,Ain Zaghouan,Appartement,vente,36.8572699,10.2918693,3703.703703703704,45.0,0.0,,,,,,,,,,,,,,,,,,,,,,,,,,,,,,,,,,,,,,,,,,,,,,,,,,,,,,,,,,,,,,,,,,,,,,,,,,,
1616,110.0,3.0,0.0,230000.0,,,,,,,,,,,Bizerte,Bizerte Nord,Appartement,vente,37.2720905,9.8708565,2090.909090909091,36.666666666666664,0.0,,,,,,,,,,,,,,,,,,,,,,,,,,,,,,,,,,,,,,,,,,,,,,,,,,,,,,,,,,,,,,,,,,,,,,,,,,,
1617,105.0,3.0,0.0,180000.0,,,,,,,,,,,Ben Arous,El Mourouj,Appartement,vente,36.719825,10.2192362,1714.2857142857142,35.0,0.0,,,,,,,,,,,,,,,,,,,,,,,,,,,,,,,,,,,,,,,,,,,,,,,,,,,,,,,,,,,,,,,,,,,,,,,,,,,
1618,154.0,4.0,5.0,280000.0,1.0,1.0,1.0,,,,,1.0,,,Ariana,Ariana Ville,Appartement,vente,36.8541206,10.1626718,1818.1818181818182,38.5,5.0,,,,,,,,,,,,,,,,,,,,,,,,,,,,,,,,,,,,,,,,,,,,,,,,,,,,,,,,,,,,,,,,,,,,,,,,,,,
1619,80.0,2.0,,170000.0,,,,1.0,,,,,,1.0,Nabeul,Beni Khiar,Appartement,vente,36.4852322,10.8084092,2125.0,40.0,0.0,,,,,,,,,,,,,,,,,,,,,,,,,,,,,,,,,,,,,,,,,,,,,,,,,,,,,,,,,,,,,,,,,,,,,,,,,,,
1620,224.0,5.0,0.0,680000.0,,,,,1.0,,1.0,,,1.0,Tunis,Le Bardo,Appartement,vente,36.81232,10.1263143,3035.714285714286,44.8,0.0,,,,,,,,,,,,,,,,,,,,,,,,,,,,,,,,,,,,,,,,,,,,,,,,,,,,,,,,,,,,,,,,,,,,,,,,,,,
1621,90.0,3.0,,225000.0,,1.0,1.0,,,,,1.0,,,Ben Arous,Ben Arous,Appartement,vente,36.7516855,10.2245072,2500.0,30.0,0.0,,,,,,,,,,,,,,,,,,,,,,,,,,,,,,,,,,,,,,,,,,,,,,,,,,,,,,,,,,,,,,,,,,,,,,,,,,,
1622,133.0,3.0,,385700.0,,,,,,,,,,,Bizerte,Ghezala,Appartement,vente,37.0835462,9.5346429,2900.0,44.333333333333336,0.0,,,,,,,,,,,,,,,,,,,,,,,,,,,,,,,,,,,,,,,,,,,,,,,,,,,,,,,,,,,,,,,,,,,,,,,,,,,
1623,120.0,3.0,,190000.0,,,,,,,,,,,Bizerte,Ghar El Melh,Appartement,vente,37.1677871,10.1731345,1583.3333333333333,40.0,0.0,,,,,,,,,,,,,,,,,,,,,,,,,,,,,,,,,,,,,,,,,,,,,,,,,,,,,,,,,,,,,,,,,,,,,,,,,,,
1624,140.0,4.0,,270000.0,,,1.0,,,,,,,,Ben Arous,El Mourouj,Appartement,vente,36.719825,10.2192362,1928.5714285714287,35.0,0.0,,,,,,,,,,,,,,,,,,,,,,,,,,,,,,,,,,,,,,,,,,,,,,,,,,,,,,,,,,,,,,,,,,,,,,,,,,,
1625,131.0,4.0,,322000.0,,,,,,,,,,,Ben Arous,El Mourouj,Appartement,vente,36.719825,10.2192362,2458.0152671755727,32.75,0.0,,,,,,,,,,,,,,,,,,,,,,,,,,,,,,,,,,,,,,,,,,,,,,,,,,,,,,,,,,,,,,,,,,,,,,,,,,,
1626,95.0,3.0,,240000.0,,,,,,,,,,,Nabeul,Hammam El Ghezaz,Appartement,vente,36.873986,11.1082328,2526.315789473684,31.666666666666668,0.0,,,,,,,,,,,,,,,,,,,,,,,,,,,,,,,,,,,,,,,,,,,,,,,,,,,,,,,,,,,,,,,,,,,,,,,,,,,
1627,110.0,3.0,,195000.0,1.0,,,,,1.0,1.0,1.0,,,Ariana,La Soukra,Appartement,vente,36.8606537,10.2087006,1772.7272727272727,36.666666666666664,0.0,,,,,,,,,,,,,,,,,,,,,,,,,,,,,,,,,,,,,,,,,,,,,,,,,,,,,,,,,,,,,,,,,,,,,,,,,,,
1628,71.0,2.0,,184600.0,,,,,,,,,,,Ben Arous,El Mourouj,Appartement,vente,36.719825,10.2192362,2600.0,35.5,0.0,,,,,,,,,,,,,,,,,,,,,,,,,,,,,,,,,,,,,,,,,,,,,,,,,,,,,,,,,,,,,,,,,,,,,,,,,,,
1629,160.0,4.0,,360000.0,,1.0,1.0,1.0,,,,1.0,,,Ben Arous,El Mourouj,Appartement,vente,36.719825,10.2192362,2250.0,40.0,0.0,,,,,,,,,,,,,,,,,,,,,,,,,,,,,,,,,,,,,,,,,,,,,,,,,,,,,,,,,,,,,,,,,,,,,,,,,,,
1630,132.0,3.0,,592000.0,,,,,,,1.0,,,,Ariana,La Soukra,Appartement,vente,36.8749751,10.2454267,4484.848484848485,44.0,0.0,,,,,,,,,,,,,,,,,,,,,,,,,,,,,,,,,,,,,,,,,,,,,,,,,,,,,,,,,,,,,,,,,,,,,,,,,,,
1631,101.0,3.0,,382000.0,,,,,,,,1.0,,,Tunis,La Marsa,Appartement,vente,36.8065,10.1815,3782.1782178217823,33.666666666666664,0.0,,,,,,,,,,,,,,,,,,,,,,,,,,,,,,,,,,,,,,,,,,,,,,,,,,,,,,,,,,,,,,,,,,,,,,,,,,,
1632,115.0,3.0,6.0,329000.0,1.0,1.0,1.0,1.0,,,,1.0,,,Ariana,Ariana Ville,Appartement,vente,36.8541206,10.1626718,2860.8695652173915,38.333333333333336,6.0,,,,,,,,,,,,,,,,,,,,,,,,,,,,,,,,,,,,,,,,,,,,,,,,,,,,,,,,,,,,,,,,,,,,,,,,,,,
1633,120.0,3.0,2.0,329000.0,1.0,1.0,,,,,,,,,Ariana,Ariana Ville,Appartement,vente,36.8477637,10.1755886,2741.6666666666665,40.0,2.0,,,,,,,,,,,,,,,,,,,,,,,,,,,,,,,,,,,,,,,,,,,,,,,,,,,,,,,,,,,,,,,,,,,,,,,,,,,
1634,75.0,1.0,,249000.0,,,,,,,,,,,Tunis,Ain Zaghouan,Appartement,vente,36.8507178,10.2829345,3320.0,75.0,0.0,,,,,,,,,,,,,,,,,,,,,,,,,,,,,,,,,,,,,,,,,,,,,,,,,,,,,,,,,,,,,,,,,,,,,,,,,,,
1635,170.0,4.0,,420000.0,,,,,,,,,,,Tunis,La Marsa,Appartement,vente,36.8479251,10.2611996,2470.5882352941176,42.5,0.0,,,,,,,,,,,,,,,,,,,,,,,,,,,,,,,,,,,,,,,,,,,,,,,,,,,,,,,,,,,,,,,,,,,,,,,,,,,
1636,113.0,3.0,,520000.0,,1.0,,,,,,1.0,,,Tunis,Ain Zaghouan,Appartement,vente,36.8507178,10.2829345,4601.769911504425,37.666666666666664,0.0,,,,,,,,,,,,,,,,,,,,,,,,,,,,,,,,,,,,,,,,,,,,,,,,,,,,,,,,,,,,,,,,,,,,,,,,,,,
1637,80.0,3.0,1.0,180000.0,,1.0,,,,,,,,,Sousse,Hammam Sousse,Appartement,vente,35.8749788,10.5935183,2250.0,26.666666666666668,0.0,,,,,,,,,,,,,,,,,,,,,,,,,,,,,,,,,,,,,,,,,,,,,,,,,,,,,,,,,,,,,,,,,,,,,,,,,,,
1638,120.0,4.0,,350000.0,,,1.0,1.0,,,,,,,Sousse,Sousse Jaouhara,Appartement,vente,35.8359686,10.5995321,2916.6666666666665,30.0,0.0,,,,,,,,,,,,,,,,,,,,,,,,,,,,,,,,,,,,,,,,,,,,,,,,,,,,,,,,,,,,,,,,,,,,,,,,,,,
1639,100.0,2.0,,80000.0,,,,,,,,,,,Ben Arous,Ben Arous,Appartement,vente,36.7516855,10.2245072,800.0,50.0,0.0,,,,,,,,,,,,,,,,,,,,,,,,,,,,,,,,,,,,,,,,,,,,,,,,,,,,,,,,,,,,,,,,,,,,,,,,,,,
1640,70.0,1.0,,370000.0,,1.0,,,,,,,,,Tunis,Ain Zaghouan,Appartement,vente,36.8507178,10.2829345,5285.714285714285,70.0,0.0,,,,,,,,,,,,,,,,,,,,,,,,,,,,,,,,,,,,,,,,,,,,,,,,,,,,,,,,,,,,,,,,,,,,,,,,,,,
1641,148.0,3.0,3.0,350000.0,1.0,1.0,1.0,1.0,,,,,,,Bizerte,Bizerte Nord,Appartement,vente,37.2720905,9.8708565,2364.864864864865,49.333333333333336,3.0,,,,,,,,,,,,,,,,,,,,,,,,,,,,,,,,,,,,,,,,,,,,,,,,,,,,,,,,,,,,,,,,,,,,,,,,,,,
1642,94.0,2.0,0.0,180000.0,,,,,,1.0,,1.0,,,Bizerte,Bizerte Nord,Appartement,vente,37.2720905,9.8708565,1914.8936170212767,47.0,0.0,,,,,,,,,,,,,,,,,,,,,,,,,,,,,,,,,,,,,,,,,,,,,,,,,,,,,,,,,,,,,,,,,,,,,,,,,,,
1643,90.0,2.0,,255000.0,,,,,,,,,,,Ariana,Ariana Ville,Appartement,vente,36.8587351,10.188232,2833.3333333333335,45.0,0.0,,,,,,,,,,,,,,,,,,,,,,,,,,,,,,,,,,,,,,,,,,,,,,,,,,,,,,,,,,,,,,,,,,,,,,,,,,,
1644,63.0,1.0,1.0,170000.0,,,,,,,,1.0,,,Ben Arous,El Mourouj,Appartement,vente,36.719825,10.2192362,2698.4126984126983,63.0,0.0,,,,,,,,,,,,,,,,,,,,,,,,,,,,,,,,,,,,,,,,,,,,,,,,,,,,,,,,,,,,,,,,,,,,,,,,,,,
1645,170.0,4.0,6.0,330000.0,1.0,1.0,,,,1.0,,,,,Ariana,Ariana Ville,Appartement,vente,36.8484562,10.1634244,1941.1764705882354,42.5,6.0,,,,,,,,,,,,,,,,,,,,,,,,,,,,,,,,,,,,,,,,,,,,,,,,,,,,,,,,,,,,,,,,,,,,,,,,,,,
1646,89.0,3.0,3.0,200000.0,1.0,1.0,1.0,,,,,1.0,,,Ben Arous,Hammam Chatt,Appartement,vente,36.7019512,10.3964906,2247.191011235955,29.666666666666668,3.0,,,,,,,,,,,,,,,,,,,,,,,,,,,,,,,,,,,,,,,,,,,,,,,,,,,,,,,,,,,,,,,,,,,,,,,,,,,
1647,152.0,3.0,,630000.0,,,,,,,,1.0,,,Ariana,La Soukra,Appartement,vente,36.8811985,10.211819,4144.736842105263,50.666666666666664,0.0,,,,,,,,,,,,,,,,,,,,,,,,,,,,,,,,,,,,,,,,,,,,,,,,,,,,,,,,,,,,,,,,,,,,,,,,,,,
1648,110.0,2.0,4.0,180000.0,1.0,1.0,1.0,,,,,1.0,,,Ariana,Ariana Ville,Appartement,vente,36.8587351,10.188232,1636.3636363636363,55.0,4.0,,,,,,,,,,,,,,,,,,,,,,,,,,,,,,,,,,,,,,,,,,,,,,,,,,,,,,,,,,,,,,,,,,,,,,,,,,,
1649,114.0,4.0,,270000.0,,,,,,,,,,,Ariana,Ariana Ville,Appartement,vente,36.8587351,10.188232,2368.4210526315787,28.5,0.0,,,,,,,,,,,,,,,,,,,,,,,,,,,,,,,,,,,,,,,,,,,,,,,,,,,,,,,,,,,,,,,,,,,,,,,,,,,
1650,70.0,3.0,,160000.0,1.0,1.0,,,,,,,,,Tunis,Bab Bhar,Appartement,vente,36.7992041,10.1756221,2285.714285714286,23.333333333333332,0.0,,,,,,,,,,,,,,,,,,,,,,,,,,,,,,,,,,,,,,,,,,,,-0.12956697,-0.13029133,-0.10259126,0.20922391,0.018359512,0.09841124,0.096787654,-0.08032346,0.09951985,0.120723344,-0.05605929,0.004681528,-0.04885916,-0.08074534,0.026929405,-0.026369032,0.06422345,-0.011913915,-0.008685771,-0.049531978,-0.04361629,-0.061473783,-0.06209357,-0.045442697,-0.07120279,-0.00035980676,-0.004166213,0.07526296,-0.03775008,-0.03141606,0.041200317,0.031468194
1651,222.0,,,535000.0,,,,,,,,,,,Nabeul,El Haouaria,Appartement,vente,36.4561,10.7376,2409.90990990991,,0.0,,,,,,,,,,,,,,,,,,,,,,,,,,,,,,,,,,,,,,,,,,,,,,,,,,,,,,,,,,,,,,,,,,,,,,,,,,,
1652,72.0,3.0,2.0,140000.0,1.0,,,,,1.0,,1.0,,,Ariana,Raoued,Appartement,vente,36.8625,10.1956,1944.4444444444443,24.0,2.0,,,,,,,,,,,,,,,,,,,,,,,,,,,,,,,,,,,,,,,,,,,,,,,,,,,,,,,,,,,,,,,,,,,,,,,,,,,
1653,72.0,3.0,2.0,140000.0,1.0,,,,,1.0,,1.0,,,Ariana,Raoued,Appartement,vente,36.8625,10.1956,1944.4444444444443,24.0,2.0,,,,,,,,,,,,,,,,,,,,,,,,,,,,,,,,,,,,,,,,,,,,,,,,,,,,,,,,,,,,,,,,,,,,,,,,,,,
1654,101.0,3.0,0.0,160000.0,,,,,,,1.0,,,1.0,Bizerte,Bizerte Nord,Appartement,vente,37.2720905,9.8708565,1584.1584158415842,33.666666666666664,0.0,,,,,,,,,,,,,,,,,,,,,,,,,,,,,,,,,,,,,,,,,,,,,,,,,,,,,,,,,,,,,,,,,,,,,,,,,,,
1655,90.0,2.0,,398000.0,,,,,,,,,,,Monastir,Monastir,Appartement,vente,35.7707582,10.8280511,4422.222222222223,45.0,0.0,,,,,,,,,,,,,,,,,,,,,,,,,,,,,,,,,,,,,,,,,,,,,,,,,,,,,,,,,,,,,,,,,,,,,,,,,,,
1656,200.0,2.0,0.0,350000.0,,,,,,,1.0,,,,Tunis,La Goulette,Appartement,vente,36.8240245,10.311616,1750.0,100.0,0.0,,,,,,,,,,,,,,,,,,,,,,,,,,,,,,,,,,,,,,,,,,,,,,,,,,,,,,,,,,,,,,,,,,,,,,,,,,,
1657,170.0,3.0,5.0,340000.0,,1.0,,,,,,,,,Ariana,Ariana Ville,Appartement,vente,36.8541206,10.1626718,2000.0,56.666666666666664,0.0,,,,,,,,,,,,,,,,,,,,,,,,,,,,,,,,,,,,,,,,,,,,,,,,,,,,,,,,,,,,,,,,,,,,,,,,,,,
1658,68.0,4.0,,250000.0,,1.0,1.0,,,,,1.0,,,Ariana,Ariana Ville,Appartement,vente,36.8599292,10.1531585,3676.470588235294,17.0,0.0,,,,,,,,,,,,,,,,,,,,,,,,,,,,,,,,,,,,,,,,,,,,,,,,,,,,,,,,,,,,,,,,,,,,,,,,,,,
1659,100.0,3.0,,290000.0,,1.0,1.0,1.0,,,,,,,Ben Arous,Bou Mhel El Bassatine,Appartement,vente,36.753,10.228,2900.0,33.333333333333336,0.0,,,,,,,,,,,,,,,,,,,,,,,,,,,,,,,,,,,,,,,,,,,,,,,,,,,,,,,,,,,,,,,,,,,,,,,,,,,
1660,85.0,3.0,,270000.0,1.0,1.0,1.0,,,,,1.0,,,Ariana,Ariana Ville,Appartement,vente,36.8599292,10.1531585,3176.470588235294,28.333333333333332,0.0,,,,,,,,,,,,,,,,,,,,,,,,,,,,,,,,,,,,,,,,,,,,,,,,,,,,,,,,,,,,,,,,,,,,,,,,,,,
1661,106.0,3.0,,370000.0,,,,,,,,,1.0,,Sousse,Akouda,Appartement,vente,35.8245,10.6346,3490.566037735849,35.333333333333336,0.0,,,,,,,,,,,,,,,,,,,,,,,,,,,,,,,,,,,,,,,,,,,,,,,,,,,,,,,,,,,,,,,,,,,,,,,,,,,
1662,90.0,2.0,1.0,180000.0,,,,,,1.0,,1.0,,,Bizerte,Bizerte Nord,Appartement,vente,37.2720905,9.8708565,2000.0,45.0,0.0,,,,,,,,,,,,,,,,,,,,,,,,,,,,,,,,,,,,,,,,,,,,,,,,,,,,,,,,,,,,,,,,,,,,,,,,,,,
1663,50.0,1.0,,150000.0,,,,,,,,,1.0,,Nabeul,Hammamet,Appartement,vente,36.4012665,10.5572827,3000.0,50.0,0.0,,,,,,,,,,,,,,,,,,,,,,,,,,,,,,,,,,,,,,,,,,,,,,,,,,,,,,,,,,,,,,,,,,,,,,,,,,,
1664,150.0,4.0,,360000.0,,,,,,,,1.0,,,Tunis,La Marsa,Appartement,vente,36.8479251,10.2611996,2400.0,37.5,0.0,,,,,,,,,,,,,,,,,,,,,,,,,,,,,,,,,,,,,,,,,,,,,,,,,,,,,,,,,,,,,,,,,,,,,,,,,,,
1665,120.0,2.0,0.0,480000.0,,,,,,,,,,1.0,Nabeul,Hammamet,Appartement,vente,36.4012665,10.5572827,4000.0,60.0,0.0,,,,,,,,,,,,,,,,,,,,,,,,,,,,,,,,,,,,,,,,,,,,-0.038735304,-0.0855694,0.08270727,0.05367254,-0.16920383,0.25649333,-0.032122307,-0.052364837,-0.12130258,0.052630126,-0.02246967,0.06307719,0.09618034,-0.07028872,-0.005949941,0.030495876,-0.045284186,0.066755414,0.044642985,0.028953955,0.0011963543,-0.008192718,0.05519082,-0.031218864,0.009000953,-0.03842261,-0.025225708,0.01710699,-0.013577903,0.089489676,-0.05244321,-0.03372449
1666,200.0,3.0,,270000.0,,,,,,,,,,,Nabeul,Hammamet,Appartement,vente,36.4561,10.7376,1350.0,66.66666666666667,0.0,,,,,,,,,,,,,,,,,,,,,,,,,,,,,,,,,,,,,,,,,,,,0.05654894,-0.08478981,0.06442821,-0.016179627,-0.14599624,0.26740396,0.03996674,0.0036629084,-0.05632323,0.10978787,0.02122185,0.020129984,0.07282892,-0.01790658,-0.065171994,0.03908337,-0.05400579,0.10332495,0.111090384,0.053904083,0.026459938,0.07558351,-0.031204965,-0.0027354104,0.08048833,-0.033861652,-0.0049143136,0.04289799,0.05636558,0.093302,-0.099884376,-0.04001076
1667,90.0,1.0,,160000.0,1.0,,1.0,,,,,,,,Ben Arous,Hammam Chatt,Appartement,vente,36.7136861,10.3691813,1777.7777777777778,90.0,0.0,,,,,,,,,,,,,,,,,,,,,,,,,,,,,,,,,,,,,,,,,,,,,,,,,,,,,,,,,,,,,,,,,,,,,,,,,,,
1668,120.0,3.0,,400000.0,1.0,,1.0,1.0,,,,1.0,,1.0,Tunis,El Menzah,Appartement,vente,36.8443809,10.1819354,3333.3333333333335,40.0,0.0,,,,,,,,,,,,,,,,,,,,,,,,,,,,,,,,,,,,,,,,,,,,,,,,,,,,,,,,,,,,,,,,,,,,,,,,,,,
1669,117.0,3.0,,360000.0,,,1.0,1.0,,,,1.0,,,Tunis,El Menzah,Appartement,vente,36.8443809,10.1819354,3076.923076923077,39.0,0.0,,,,,,,,,,,,,,,,,,,,,,,,,,,,,,,,,,,,,,,,,,,,,,,,,,,,,,,,,,,,,,,,,,,,,,,,,,,
1670,50.0,1.0,1.0,95000.0,,,,,,,,,,,Tunis,Bab Bhar,Appartement,vente,36.8149179,10.1907702,1900.0,50.0,0.0,,,,,,,,,,,,,,,,,,,,,,,,,,,,,,,,,,,,,,,,,,,,,,,,,,,,,,,,,,,,,,,,,,,,,,,,,,,
1671,65.0,2.0,,165000.0,,,,,,,,1.0,,,Ariana,Ariana Ville,Appartement,vente,36.8512722,10.1852853,2538.4615384615386,32.5,0.0,,,,,,,,,,,,,,,,,,,,,,,,,,,,,,,,,,,,,,,,,,,,,,,,,,,,,,,,,,,,,,,,,,,,,,,,,,,
1672,199.0,4.0,,480000.0,,,,,,,1.0,1.0,,,Tunis,El Menzah,Appartement,vente,36.8423974,10.1571247,2412.0603015075376,49.75,0.0,,,,,,,,,,,,,,,,,,,,,,,,,,,,,,,,,,,,,,,,,,,,,,,,,,,,,,,,,,,,,,,,,,,,,,,,,,,
1673,130.0,4.0,,210000.0,,,1.0,,,,,1.0,,,Sousse,Sousse Jaouhara,Appartement,vente,35.8359686,10.5995321,1615.3846153846155,32.5,0.0,,,,,,,,,,,,,,,,,,,,,,,,,,,,,,,,,,,,,,,,,,,,,,,,,,,,,,,,,,,,,,,,,,,,,,,,,,,
1674,105.0,3.0,2.0,159000.0,,,,,,,,,,,Manouba,Mannouba,Appartement,vente,36.8095,10.098,1514.2857142857142,35.0,0.0,,,,,,,,,,,,,,,,,,,,,,,,,,,,,,,,,,,,,,,,,,,,,,,,,,,,,,,,,,,,,,,,,,,,,,,,,,,
1675,,3.0,1.0,350000.0,,1.0,,,,,,,,,Tunis,Bab Bhar,Appartement,vente,36.7992041,10.1756221,,,0.0,,,,,,,,,,,,,,,,,,,,,,,,,,,,,,,,,,,,,,,,,,,,,,,,,,,,,,,,,,,,,,,,,,,,,,,,,,,
1676,75.0,2.0,2.0,166000.0,,,,,,,,,,,Sousse,Sousse Ville,Appartement,vente,35.8137916,10.5208721,2213.3333333333335,37.5,0.0,,,,,,,,,,,,,,,,,,,,,,,,,,,,,,,,,,,,,,,,,,,,,,,,,,,,,,,,,,,,,,,,,,,,,,,,,,,
1677,80.0,4.0,2.0,250000.0,1.0,,,,,,,,,1.0,Tunis,El Menzah,Appartement,vente,36.8336187,10.1471736,3125.0,20.0,2.0,,,,,,,,,,,,,,,,,,,,,,,,,,,,,,,,,,,,,,,,,,,,,,,,,,,,,,,,,,,,,,,,,,,,,,,,,,,
1678,104.0,5.0,0.0,240000.0,,,,,,,,,,,Manouba,Mannouba,Appartement,vente,36.8095,10.098,2307.6923076923076,20.8,0.0,,,,,,,,,,,,,,,,,,,,,,,,,,,,,,,,,,,,,,,,,,,,,,,,,,,,,,,,,,,,,,,,,,,,,,,,,,,
1679,125.0,3.0,,325000.0,,,,,,,,,,,Tunis,Le Bardo,Appartement,vente,36.8134113,10.1321911,2600.0,41.666666666666664,0.0,,,,,,,,,,,,,,,,,,,,,,,,,,,,,,,,,,,,,,,,,,,,,,,,,,,,,,,,,,,,,,,,,,,,,,,,,,,
1680,54.0,1.0,5.0,220000.0,1.0,,,,,,,,,,Tunis,La Goulette,Appartement,vente,36.8133756,10.2930588,4074.074074074074,54.0,5.0,,,,,,,,,,,,,,,,,,,,,,,,,,,,,,,,,,,,,,,,,,,,,,,,,,,,,,,,,,,,,,,,,,,,,,,,,,,
1681,129.0,2.0,,240000.0,,,,,,,,,,,Bizerte,Bizerte Nord,Appartement,vente,37.2720905,9.8708565,1860.4651162790697,64.5,0.0,,,,,,,,,,,,,,,,,,,,,,,,,,,,,,,,,,,,,,,,,,,,,,,,,,,,,,,,,,,,,,,,,,,,,,,,,,,
1682,103.0,2.0,,220000.0,,,,,,,,,,,Ben Arous,Hammam Lif,Appartement,vente,36.7313788,10.3363985,2135.9223300970875,51.5,0.0,,,,,,,,,,,,,,,,,,,,,,,,,,,,,,,,,,,,,,,,,,,,,,,,,,,,,,,,,,,,,,,,,,,,,,,,,,,
1683,85.0,1.0,0.0,150000.0,,,,,,,,,,,Ben Arous,Bou Mhel El Bassatine,Appartement,vente,36.71444,10.3112789,1764.7058823529412,85.0,0.0,,,,,,,,,,,,,,,,,,,,,,,,,,,,,,,,,,,,,,,,,,,,,,,,,,,,,,,,,,,,,,,,,,,,,,,,,,,
1684,,2.0,,,,,,,,,,,,,Sousse,Hammam Sousse,Appartement,vente,35.8749788,10.5935183,,,0.0,,,,,,,,,,,,,,,,,,,,,,,,,,,,,,,,,,,,,,,,,,,,,,,,,,,,,,,,,,,,,,,,,,,,,,,,,,,
1685,66.0,2.0,,335000.0,,,,,,,,1.0,,,Nabeul,Hammamet,Appartement,vente,36.4012665,10.5572827,5075.757575757576,33.0,0.0,,,,,,,,,,,,,,,,,,,,,,,,,,,,,,,,,,,,,,,,,,,,,,,,,,,,,,,,,,,,,,,,,,,,,,,,,,,
1686,130.0,4.0,1.0,,,,,,,,,,,,Ariana,Ariana Ville,Appartement,vente,36.8587351,10.188232,,32.5,0.0,,,,,,,,,,,,,,,,,,,,,,,,,,,,,,,,,,,,,,,,,,,,,,,,,,,,,,,,,,,,,,,,,,,,,,,,,,,
1687,96.0,4.0,,210000.0,,,,,,,,1.0,,,Ben Arous,Rades,Appartement,vente,36.753,10.228,2187.5,24.0,0.0,,,,,,,,,,,,,,,,,,,,,,,,,,,,,,,,,,,,,,,,,,,,,,,,,,,,,,,,,,,,,,,,,,,,,,,,,,,
1688,119.0,4.0,3.0,285000.0,1.0,1.0,,,,,,,,,Tunis,El Menzah,Appartement,vente,36.8312079,10.1790803,2394.9579831932774,29.75,3.0,,,,,,,,,,,,,,,,,,,,,,,,,,,,,,,,,,,,,,,,,,,,,,,,,,,,,,,,,,,,,,,,,,,,,,,,,,,
1689,65.0,2.0,,360000.0,,,1.0,1.0,,,1.0,,,,Tunis,Ain Zaghouan,Appartement,vente,36.8572699,10.2918693,5538.461538461538,32.5,0.0,,,,,,,,,,,,,,,,,,,,,,,,,,,,,,,,,,,,,,,,,,,,,,,,,,,,,,,,,,,,,,,,,,,,,,,,,,,
1690,66.0,1.0,,120000.0,,,,,,,,,,,Ben Arous,Ezzahra,Appartement,vente,36.73953,10.3094914,1818.1818181818182,66.0,0.0,,,,,,,,,,,,,,,,,,,,,,,,,,,,,,,,,,,,,,,,,,,,,,,,,,,,,,,,,,,,,,,,,,,,,,,,,,,
1691,50.0,1.0,,225000.0,,,1.0,1.0,,,,1.0,1.0,1.0,Nabeul,Hammamet,Appartement,vente,36.4012665,10.5572827,4500.0,50.0,0.0,,,,,,,,,,,,,,,,,,,,,,,,,,,,,,,,,,,,,,,,,,,,,,,,,,,,,,,,,,,,,,,,,,,,,,,,,,,
1692,81.0,1.0,,443000.0,1.0,1.0,1.0,1.0,,1.0,,1.0,1.0,1.0,Nabeul,Nabeul,Appartement,vente,36.4561,10.7376,5469.135802469136,81.0,0.0,,,,,,,,,,,,,,,,,,,,,,,,,,,,,,,,,,,,,,,,,,,,,,,,,,,,,,,,,,,,,,,,,,,,,,,,,,,
1693,120.0,1.0,,509000.0,1.0,1.0,1.0,1.0,,1.0,,1.0,1.0,1.0,Nabeul,Nabeul,Appartement,vente,36.4561,10.7376,4241.666666666667,120.0,0.0,,,,,,,,,,,,,,,,,,,,,,,,,,,,,,,,,,,,,,,,,,,,,,,,,,,,,,,,,,,,,,,,,,,,,,,,,,,
1694,120.0,3.0,,170000.0,,1.0,,,,,,1.0,,,Ben Arous,Rades,Appartement,vente,36.753,10.228,1416.6666666666667,40.0,0.0,,,,,,,,,,,,,,,,,,,,,,,,,,,,,,,,,,,,,,,,,,,,,,,,,,,,,,,,,,,,,,,,,,,,,,,,,,,
1695,100.0,3.0,1.0,175000.0,,1.0,,,,,,,,,Nabeul,Kelibia,Appartement,vente,36.8456561,11.0935701,1750.0,33.333333333333336,0.0,,,,,,,,,,,,,,,,,,,,,,,,,,,,,,,,,,,,,,,,,,,,,,,,,,,,,,,,,,,,,,,,,,,,,,,,,,,
1696,75.0,2.0,,390000.0,,1.0,1.0,1.0,,,,,,,Tunis,La Goulette,Appartement,vente,36.8133756,10.2930588,5200.0,37.5,0.0,,,,,,,,,,,,,,,,,,,,,,,,,,,,,,,,,,,,,,,,,,,,,,,,,,,,,,,,,,,,,,,,,,,,,,,,,,,
1697,90.0,3.0,,140000.0,,,,,,,,,,,Bizerte,Menzel Jemil,Appartement,vente,37.2744,9.8739,1555.5555555555557,30.0,0.0,,,,,,,,,,,,,,,,,,,,,,,,,,,,,,,,,,,,,,,,,,,,,,,,,,,,,,,,,,,,,,,,,,,,,,,,,,,
1698,45.0,1.0,1.0,270000.0,,,,,,,,,,,Tunis,La Marsa,Appartement,vente,36.8826748,10.3304287,6000.0,45.0,0.0,,,,,,,,,,,,,,,,,,,,,,,,,,,,,,,,,,,,,,,,,,,,,,,,,,,,,,,,,,,,,,,,,,,,,,,,,,,
1699,75.0,2.0,8.0,185000.0,1.0,,1.0,,,1.0,,1.0,,,Ariana,Ariana Ville,Appartement,vente,36.8477637,10.1755886,2466.6666666666665,37.5,8.0,,,,,,,,,,,,,,,,,,,,,,,,,,,,,,,,,,,,,,,,,,,,,,,,,,,,,,,,,,,,,,,,,,,,,,,,,,,
1700,80.0,3.0,0.0,190000.0,,,,,,,,,,,Tunis,La Goulette,Appartement,vente,36.8065,10.1815,2375.0,26.666666666666668,0.0,,,,,,,,,,,,,,,,,,,,,,,,,,,,,,,,,,,,,,,,,,,,,,,,,,,,,,,,,,,,,,,,,,,,,,,,,,,
1701,78.0,3.0,,278000.0,1.0,,1.0,1.0,,,,1.0,,,Tunis,La Marsa,Appartement,vente,36.8479251,10.2611996,3564.102564102564,26.0,0.0,,,,,,,,,,,,,,,,,,,,,,,,,,,,,,,,,,,,,,,,,,,,,,,,,,,,,,,,,,,,,,,,,,,,,,,,,,,
1702,58.0,1.0,,150000.0,,1.0,1.0,,,,,,,,Ariana,Ariana Ville,Appartement,vente,36.8625,10.1956,2586.206896551724,58.0,0.0,,,,,,,,,,,,,,,,,,,,,,,,,,,,,,,,,,,,,,,,,,,,,,,,,,,,,,,,,,,,,,,,,,,,,,,,,,,
1703,119.0,3.0,,225000.0,,1.0,1.0,,,,,1.0,,,Ben Arous,Nouvelle Medina,Appartement,vente,36.7575659,10.244981,1890.7563025210084,39.666666666666664,0.0,,,,,,,,,,,,,,,,,,,,,,,,,,,,,,,,,,,,,,,,,,,,,,,,,,,,,,,,,,,,,,,,,,,,,,,,,,,
1704,75.0,1.0,,220000.0,,,,,,,,,,,Tunis,Bab Souika,Appartement,vente,36.81039,10.1713323,2933.3333333333335,75.0,0.0,,,,,,,,,,,,,,,,,,,,,,,,,,,,,,,,,,,,,,,,,,,,,,,,,,,,,,,,,,,,,,,,,,,,,,,,,,,
1705,151.0,1.0,,380000.0,,1.0,1.0,1.0,,,,,,,Ariana,Ariana Ville,Appartement,vente,36.8625,10.1956,2516.5562913907283,151.0,0.0,,,,,,,,,,,,,,,,,,,,,,,,,,,,,,,,,,,,,,,,,,,,,,,,,,,,,,,,,,,,,,,,,,,,,,,,,,,
1706,90.0,2.0,,280000.0,,,,,,,,,,,Tunis,Ain Zaghouan,Appartement,vente,36.8507178,10.2829345,3111.1111111111113,45.0,0.0,,,,,,,,,,,,,,,,,,,,,,,,,,,,,,,,,,,,,,,,,,,,,,,,,,,,,,,,,,,,,,,,,,,,,,,,,,,
1707,160.0,3.0,,290000.0,,,1.0,1.0,,,,,,,Tunis,Bab Bhar,Appartement,vente,36.7992041,10.1756221,1812.5,53.333333333333336,0.0,,,,,,,,,,,,,,,,,,,,,,,,,,,,,,,,,,,,,,,,,,,,,,,,,,,,,,,,,,,,,,,,,,,,,,,,,,,
1708,124.0,1.0,,230000.0,1.0,,1.0,,,,,1.0,,,Ben Arous,Ezzahra,Appartement,vente,36.7404497,10.3029461,1854.8387096774193,124.0,0.0,,,,,,,,,,,,,,,,,,,,,,,,,,,,,,,,,,,,,,,,,,,,,,,,,,,,,,,,,,,,,,,,,,,,,,,,,,,
1709,65.0,2.0,,220000.0,,,,,,,,,,,Ariana,Ariana Ville,Appartement,vente,36.8599292,10.1531585,3384.6153846153848,32.5,0.0,,,,,,,,,,,,,,,,,,,,,,,,,,,,,,,,,,,,,,,,,,,,,,,,,,,,,,,,,,,,,,,,,,,,,,,,,,,
1710,117.0,3.0,3.0,190000.0,,1.0,,,,,,,,,Nabeul,Kelibia,Appartement,vente,36.8456561,11.0935701,1623.931623931624,39.0,0.0,,,,,,,,,,,,,,,,,,,,,,,,,,,,,,,,,,,,,,,,,,,,,,,,,,,,,,,,,,,,,,,,,,,,,,,,,,,
1711,120.0,4.0,,290000.0,,1.0,1.0,,,,,1.0,,,Ariana,Ariana Ville,Appartement,vente,36.8477637,10.1755886,2416.6666666666665,30.0,0.0,,,,,,,,,,,,,,,,,,,,,,,,,,,,,,,,,,,,,,,,,,,,,,,,,,,,,,,,,,,,,,,,,,,,,,,,,,,
1712,170.0,3.0,,495000.0,,1.0,,1.0,,,,1.0,,,Nabeul,Hammamet,Appartement,vente,36.4012665,10.5572827,2911.764705882353,56.666666666666664,0.0,,,,,,,,,,,,,,,,,,,,,,,,,,,,,,,,,,,,,,,,,,,,,,,,,,,,,,,,,,,,,,,,,,,,,,,,,,,
1713,174.0,4.0,,487200.0,1.0,1.0,,,,,,1.0,,,Ariana,Ariana Ville,Appartement,vente,36.8587351,10.188232,2800.0,43.5,0.0,,,,,,,,,,,,,,,,,,,,,,,,,,,,,,,,,,,,,,,,,,,,,,,,,,,,,,,,,,,,,,,,,,,,,,,,,,,
1714,80.0,3.0,0.0,147000.0,,,,,,1.0,,1.0,,1.0,Ariana,La Soukra,Appartement,vente,36.8606537,10.2087006,1837.5,26.666666666666668,0.0,,,,,,,,,,,,,,,,,,,,,,,,,,,,,,,,,,,,,,,,,,,,,,,,,,,,,,,,,,,,,,,,,,,,,,,,,,,
1715,100.0,1.0,2.0,220000.0,1.0,1.0,1.0,1.0,,,1.0,1.0,,,Ariana,Mnihla,Appartement,vente,36.8457382,10.1317222,2200.0,100.0,2.0,,,,,,,,,,,,,,,,,,,,,,,,,,,,,,,,,,,,,,,,,,,,,,,,,,,,,,,,,,,,,,,,,,,,,,,,,,,
1716,90.0,3.0,,105000.0,,,,,,,,,,,Sousse,Sousse Ville,Appartement,vente,35.8137916,10.5208721,1166.6666666666667,30.0,0.0,,,,,,,,,,,,,,,,,,,,,,,,,,,,,,,,,,,,,,,,,,,,,,,,,,,,,,,,,,,,,,,,,,,,,,,,,,,
1717,100.0,4.0,,250000.0,,1.0,,,,,,,,,Tunis,Cite El Khadra,Appartement,vente,36.8065,10.1815,2500.0,25.0,0.0,,,,,,,,,,,,,,,,,,,,,,,,,,,,,,,,,,,,,,,,,,,,,,,,,,,,,,,,,,,,,,,,,,,,,,,,,,,
1718,107.0,2.0,,430000.0,,,,,,,,,,,Tunis,La Marsa,Appartement,vente,36.8065,10.1815,4018.691588785047,53.5,0.0,,,,,,,,,,,,,,,,,,,,,,,,,,,,,,,,,,,,,,,,,,,,,,,,,,,,,,,,,,,,,,,,,,,,,,,,,,,
1719,120.0,3.0,,235000.0,,,,,,,,,,,Nabeul,Kelibia,Appartement,vente,36.8456561,11.0935701,1958.3333333333333,40.0,0.0,,,,,,,,,,,,,,,,,,,,,,,,,,,,,,,,,,,,,,,,,,,,,,,,,,,,,,,,,,,,,,,,,,,,,,,,,,,
1720,136.0,4.0,,330000.0,,1.0,,,,1.0,,,,,Ariana,Ariana Ville,Appartement,vente,36.8484562,10.1634244,2426.470588235294,34.0,0.0,,,,,,,,,,,,,,,,,,,,,,,,,,,,,,,,,,,,,,,,,,,,,,,,,,,,,,,,,,,,,,,,,,,,,,,,,,,
1721,80.0,2.0,,185000.0,1.0,1.0,,,,,,1.0,,,Ben Arous,Rades,Appartement,vente,36.764815,10.2880423,2312.5,40.0,0.0,,,,,,,,,,,,,,,,,,,,,,,,,,,,,,,,,,,,,,,,,,,,,,,,,,,,,,,,,,,,,,,,,,,,,,,,,,,
1722,100.0,3.0,,175000.0,,,,,,,,,,,Nabeul,Kelibia,Appartement,vente,36.8456561,11.0935701,1750.0,33.333333333333336,0.0,,,,,,,,,,,,,,,,,,,,,,,,,,,,,,,,,,,,,,,,,,,,,,,,,,,,,,,,,,,,,,,,,,,,,,,,,,,
1723,100.0,3.0,,180000.0,1.0,,,,,,,1.0,,,Ben Arous,El Mourouj,Appartement,vente,36.719825,10.2192362,1800.0,33.333333333333336,0.0,,,,,,,,,,,,,,,,,,,,,,,,,,,,,,,,,,,,,,,,,,,,0.022524556,-0.07333103,0.10587811,-0.096316166,0.0794454,0.060638014,0.07047489,-0.02592471,0.025201328,0.17191862,-0.0005664299,-0.18678014,-0.12920313,0.12643743,0.087544054,0.09993773,0.060784046,0.045024026,0.007341158,-0.031722505,-0.11876418,0.09407422,0.0056494405,0.0038709955,0.00046775627,0.017128194,-0.062143475,-0.04744127,0.03250698,0.0054615177,-0.014259472,-0.050577316
1724,108.0,3.0,0.0,425000.0,1.0,,1.0,,,,1.0,1.0,,,Ariana,Ariana Ville,Appartement,vente,36.8625,10.1956,3935.185185185185,36.0,0.0,,,,,,,,,,,,,,,,,,,,,,,,,,,,,,,,,,,,,,,,,,,,,,,,,,,,,,,,,,,,,,,,,,,,,,,,,,,
1725,100.0,3.0,,180000.0,,,,,,,,,,,Ben Arous,El Mourouj,Appartement,vente,36.719825,10.2192362,1800.0,33.333333333333336,0.0,,,,,,,,,,,,,,,,,,,,,,,,,,,,,,,,,,,,,,,,,,,,,,,,,,,,,,,,,,,,,,,,,,,,,,,,,,,
1726,87.0,3.0,2.0,180000.0,,1.0,1.0,1.0,,1.0,,1.0,,,Manouba,Mannouba,Appartement,vente,36.8095,10.098,2068.9655172413795,29.0,0.0,,,,,,,,,,,,,,,,,,,,,,,,,,,,,,,,,,,,,,,,,,,,,,,,,,,,,,,,,,,,,,,,,,,,,,,,,,,
1727,87.0,2.0,2.0,180000.0,,1.0,1.0,1.0,,,,1.0,,,Manouba,Mannouba,Appartement,vente,36.8095,10.098,2068.9655172413795,43.5,0.0,,,,,,,,,,,,,,,,,,,,,,,,,,,,,,,,,,,,,,,,,,,,,,,,,,,,,,,,,,,,,,,,,,,,,,,,,,,
1728,110.0,3.0,,310000.0,1.0,,,,,,,,,,Tunis,La Goulette,Appartement,vente,36.8083788,10.3088217,2818.181818181818,36.666666666666664,0.0,,,,,,,,,,,,,,,,,,,,,,,,,,,,,,,,,,,,,,,,,,,,,,,,,,,,,,,,,,,,,,,,,,,,,,,,,,,
1729,52.0,1.0,,85000.0,,,,,,,,,,1.0,Nabeul,Nabeul,Appartement,vente,36.4512897,10.7355915,1634.6153846153845,52.0,0.0,,,,,,,,,,,,,,,,,,,,,,,,,,,,,,,,,,,,,,,,,,,,,,,,,,,,,,,,,,,,,,,,,,,,,,,,,,,
1730,167.0,3.0,,380000.0,,,,,,,,,,1.0,Tunis,El Kram,Appartement,vente,36.8065,10.1815,2275.4491017964074,55.666666666666664,0.0,,,,,,,,,,,,,,,,,,,,,,,,,,,,,,,,,,,,,,,,,,,,,,,,,,,,,,,,,,,,,,,,,,,,,,,,,,,
1731,83.0,2.0,,170000.0,,,,,,,,,,,Ariana,Ariana Ville,Appartement,vente,36.8587351,10.188232,2048.1927710843374,41.5,0.0,,,,,,,,,,,,,,,,,,,,,,,,,,,,,,,,,,,,,,,,,,,,,,,,,,,,,,,,,,,,,,,,,,,,,,,,,,,
1732,100.0,3.0,,137000.0,,,,,,,,1.0,,,Sousse,Sousse Ville,Appartement,vente,35.8137916,10.5208721,1370.0,33.333333333333336,0.0,,,,,,,,,,,,,,,,,,,,,,,,,,,,,,,,,,,,,,,,,,,,,,,,,,,,,,,,,,,,,,,,,,,,,,,,,,,
1733,120.0,1.0,0.0,295000.0,,1.0,1.0,1.0,,,1.0,1.0,,1.0,Ben Arous,Ezzahra,Appartement,vente,36.7404497,10.3029461,2458.3333333333335,120.0,0.0,,,,,,,,,,,,,,,,,,,,,,,,,,,,,,,,,,,,,,,,,,,,,,,,,,,,,,,,,,,,,,,,,,,,,,,,,,,
1734,125.0,3.0,,250000.0,,,,,,,,,,,Ben Arous,El Mourouj,Appartement,vente,36.7335645,10.2089454,2000.0,41.666666666666664,0.0,,,,,,,,,,,,,,,,,,,,,,,,,,,,,,,,,,,,,,,,,,,,,,,,,,,,,,,,,,,,,,,,,,,,,,,,,,,
1735,105.0,3.0,3.0,180000.0,,,,,,,,,,,Nabeul,Kelibia,Appartement,vente,36.8456561,11.0935701,1714.2857142857142,35.0,0.0,,,,,,,,,,,,,,,,,,,,,,,,,,,,,,,,,,,,,,,,,,,,,,,,,,,,,,,,,,,,,,,,,,,,,,,,,,,
1736,106.0,1.0,,280000.0,1.0,1.0,1.0,1.0,,,,,,,Nabeul,Nabeul,Appartement,vente,36.4512897,10.7355915,2641.509433962264,106.0,0.0,,,,,,,,,,,,,,,,,,,,,,,,,,,,,,,,,,,,,,,,,,,,,,,,,,,,,,,,,,,,,,,,,,,,,,,,,,,
1737,100.0,3.0,1.0,120000.0,,,,,1.0,,,,,,Nabeul,Kelibia,Appartement,vente,36.8456561,11.0935701,1200.0,33.333333333333336,0.0,,,,,,,,,,,,,,,,,,,,,,,,,,,,,,,,,,,,,,,,,,,,,,,,,,,,,,,,,,,,,,,,,,,,,,,,,,,
1738,72.0,2.0,,250000.0,,,,,,,,,,,Nabeul,Kelibia,Appartement,vente,36.8456561,11.0935701,3472.222222222222,36.0,0.0,,,,,,,,,,,,,,,,,,,,,,,,,,,,,,,,,,,,,,,,,,,,0.09063448,-0.08424772,-0.0088661695,-0.07241221,0.108377755,-0.053778697,0.15959434,-0.12468762,0.037570424,-0.087859385,-0.08239788,-0.011566199,0.077109255,0.15006067,-0.072779864,0.12492941,0.0037943104,0.049858145,-0.058939032,0.028418068,0.0070101754,0.06384007,0.037656285,0.046427086,-0.0607676,-0.039124317,-0.016501738,-0.054372136,0.09228585,-0.02090734,0.06589344,0.017473057
1739,200.0,,1.0,275000.0,,,,,1.0,,,,,,Nabeul,Kelibia,Appartement,vente,36.8456561,11.0935701,1375.0,,0.0,,,,,,,,,,,,,,,,,,,,,,,,,,,,,,,,,,,,,,,,,,,,,,,,,,,,,,,,,,,,,,,,,,,,,,,,,,,
1740,85.0,3.0,2.0,185000.0,,,,,,,,,,,Nabeul,Kelibia,Appartement,vente,36.8456561,11.0935701,2176.470588235294,28.333333333333332,0.0,,,,,,,,,,,,,,,,,,,,,,,,,,,,,,,,,,,,,,,,,,,,,,,,,,,,,,,,,,,,,,,,,,,,,,,,,,,
1741,222.0,3.0,,220000.0,,,,,1.0,,,,,,Sousse,Sousse Ville,Appartement,vente,35.8245,10.6346,990.990990990991,74.0,0.0,,,,,,,,,,,,,,,,,,,,,,,,,,,,,,,,,,,,,,,,,,,,,,,,,,,,,,,,,,,,,,,,,,,,,,,,,,,
1742,85.0,1.0,,270000.0,1.0,1.0,1.0,1.0,,,,,,,Ariana,Ariana Ville,Appartement,vente,36.8599292,10.1531585,3176.470588235294,85.0,0.0,,,,,,,,,,,,,,,,,,,,,,,,,,,,,,,,,,,,,,,,,,,,,,,,,,,,,,,,,,,,,,,,,,,,,,,,,,,
1743,64.0,1.0,0.0,255000.0,1.0,,1.0,,,,,1.0,,1.0,Ariana,Ariana Ville,Appartement,vente,36.8599292,10.1531585,3984.375,64.0,0.0,,,,,,,,,,,,,,,,,,,,,,,,,,,,,,,,,,,,,,,,,,,,,,,,,,,,,,,,,,,,,,,,,,,,,,,,,,,
1744,140.0,1.0,0.0,380000.0,,,1.0,1.0,,,,1.0,,1.0,Ariana,La Soukra,Appartement,vente,36.8653305,10.2425306,2714.285714285714,140.0,0.0,,,,,,,,,,,,,,,,,,,,,,,,,,,,,,,,,,,,,,,,,,,,,,,,,,,,,,,,,,,,,,,,,,,,,,,,,,,
1745,70.0,2.0,1.0,262000.0,1.0,,,,,,,1.0,,,Tunis,Ain Zaghouan,Appartement,vente,36.8507178,10.2829345,3742.8571428571427,35.0,1.0,,,,,,,,,,,,,,,,,,,,,,,,,,,,,,,,,,,,,,,,,,,,,,,,,,,,,,,,,,,,,,,,,,,,,,,,,,,
1746,70.0,3.0,2.0,230000.0,,,,,,,,,,,Tunis,El Menzah,Appartement,vente,36.8336187,10.1471736,3285.714285714286,23.333333333333332,0.0,,,,,,,,,,,,,,,,,,,,,,,,,,,,,,,,,,,,,,,,,,,,0.08155311,-0.08382086,-0.0013042273,0.09920464,0.0614182,0.10291856,-0.041264676,0.0657379,0.0953676,0.0046624597,-0.13254648,0.036182646,0.00088103,-0.017046161,0.01148584,-0.05011622,0.13315398,0.03000005,-0.059678975,-0.015892435,-0.049875934,-0.11602024,-0.005345138,-0.014056915,0.109713465,0.044724654,-0.0010628414,0.014505341,-0.003154684,0.057822905,0.001417054,-0.063057214
1747,118.0,4.0,2.0,410000.0,,1.0,1.0,1.0,,,,1.0,,,Ariana,La Soukra,Appartement,vente,36.8811985,10.211819,3474.576271186441,29.5,0.0,,,,,,,,,,,,,,,,,,,,,,,,,,,,,,,,,,,,,,,,,,,,,,,,,,,,,,,,,,,,,,,,,,,,,,,,,,,
1748,110.0,4.0,,650000.0,,,,,,,1.0,,,,Tunis,Ain Zaghouan,Appartement,vente,36.8572699,10.2918693,5909.090909090909,27.5,0.0,,,,,,,,,,,,,,,,,,,,,,,,,,,,,,,,,,,,,,,,,,,,,,,,,,,,,,,,,,,,,,,,,,,,,,,,,,,
1749,73.0,2.0,3.0,140000.0,,,,,,,,,,,Tunis,Bab Bhar,Appartement,vente,36.7992041,10.1756221,1917.8082191780823,36.5,0.0,,,,,,,,,,,,,,,,,,,,,,,,,,,,,,,,,,,,,,,,,,,,,,,,,,,,,,,,,,,,,,,,,,,,,,,,,,,
1750,234.0,4.0,0.0,680000.0,,,1.0,1.0,1.0,,1.0,1.0,,,Ariana,La Soukra,Appartement,vente,36.8625,10.1956,2905.982905982906,58.5,0.0,,,,,,,,,,,,,,,,,,,,,,,,,,,,,,,,,,,,,,,,,,,,,,,,,,,,,,,,,,,,,,,,,,,,,,,,,,,
1751,90.0,3.0,,245000.0,,,1.0,1.0,,,,,,,Sousse,Akouda,Appartement,vente,35.8245,10.6346,2722.222222222222,30.0,0.0,,,,,,,,,,,,,,,,,,,,,,,,,,,,,,,,,,,,,,,,,,,,,,,,,,,,,,,,,,,,,,,,,,,,,,,,,,,
1752,214.0,4.0,,635000.0,,,,,,,,1.0,1.0,1.0,Ariana,La Soukra,Appartement,vente,36.8749751,10.2454267,2967.2897196261683,53.5,0.0,,,,,,,,,,,,,,,,,,,,,,,,,,,,,,,,,,,,,,,,,,,,-0.12758124,0.02306484,0.048471652,-0.047441717,0.17661864,-0.034135006,-0.152431,0.0048730574,-0.04813294,-0.052211855,0.06888482,0.14935668,-0.0014518631,-0.021467775,-0.008134102,0.046647448,0.04426341,-0.007315718,-0.009270245,0.0065365997,0.023240365,0.006572014,0.032712612,0.037044864,-0.013909993,-0.034248058,-0.02318557,-0.011920108,-0.016464429,0.012023233,0.083143026,-0.036828417
1753,131.0,2.0,4.0,440000.0,,,,,,,,1.0,,1.0,Ariana,La Soukra,Appartement,vente,36.8749751,10.2454267,3358.7786259541986,65.5,0.0,,,,,,,,,,,,,,,,,,,,,,,,,,,,,,,,,,,,,,,,,,,,,,,,,,,,,,,,,,,,,,,,,,,,,,,,,,,
1754,73.0,2.0,3.0,243000.0,,,,,,,1.0,,,,,Lac 2,Appartement,vente,,,3328.7671232876714,36.5,0.0,,,,,,,,,,,,,,,,,,,,,,,,,,,,,,,,,,,,,,,,,,,,,,,,,,,,,,,,,,,,,,,,,,,,,,,,,,,
1755,130.0,3.0,5.0,330000.0,,,,1.0,,,,,,,Bizerte,Bizerte,Appartement,vente,37.28950174113559,9.8487410487677,2538.4615384615386,43.333333333333336,0.0,,,,,,,,,,,,,,,,,,,,,,,,,,,,,,,,,,,,,,,,,,,,,,,,,,,,,,,,,,,,,,,,,,,,,,,,,,,
1756,205.0,4.0,3.0,200000.0,,1.0,,1.0,,,,,,,Bizerte,Bizerte,Appartement,vente,37.2797017411356,9.843971059048586,975.609756097561,51.25,0.0,,,,,,,,,,,,,,,,,,,,,,,,,,,,,,,,,,,,,,,,,,,,,,,,,,,,,,,,,,,,,,,,,,,,,,,,,,,
1757,51.0,3.0,1.0,150000.0,,1.0,,1.0,,,,,,,Bizerte,Bizerte,Appartement,vente,37.26720174113561,9.868231072154725,2941.176470588235,17.0,0.0,,,,,,,,,,,,,,,,,,,,,,,,,,,,,,,,,,,,,,,,,,,,,,,,,,,,,,,,,,,,,,,,,,,,,,,,,,,
1758,100.0,3.0,,330000.0,,,,1.0,,,,,,,Bizerte,Bizerte,Appartement,vente,37.2845017411356,9.870201054013672,3300.0,33.333333333333336,0.0,,,,,,,,,,,,,,,,,,,,,,,,,,,,,,,,,,,,,,,,,,,,,,,,,,,,,,,,,,,,,,,,,,,,,,,,,,,
1759,65.0,3.0,2.0,135000.0,,1.0,,1.0,,,,,,,Bizerte,Bizerte,Appartement,vente,37.2854017411356,9.851761053069492,2076.923076923077,21.666666666666668,0.0,,,,,,,,,,,,,,,,,,,,,,,,,,,,,,,,,,,,,,,,,,,,,,,,,,,,,,,,,,,,,,,,,,,,,,,,,,,
1760,110.0,4.0,,160000.0,,,,1.0,1.0,,,,,,Bizerte,Bizerte,Appartement,vente,37.2814017411356,9.865591057265526,1454.5454545454545,27.5,0.0,,,,,,,,,,,,,,,,,,,,,,,,,,,,,,,,,,,,,,,,,,,,,,,,,,,,,,,,,,,,,,,,,,,,,,,,,,,
1761,80.0,3.0,3.0,280000.0,,1.0,,1.0,,,,,,1.0,Bizerte,Bizerte,Appartement,vente,37.26790174113561,9.865101071420996,3500.0,26.666666666666668,0.0,,,,,,,,,,,,,,,,,,,,,,,,,,,,,,,,,,,,,,,,,,,,,,,,,,,,,,,,,,,,,,,,,,,,,,,,,,,
1762,100.0,4.0,4.0,320000.0,,1.0,,1.0,,,,,,1.0,Bizerte,Bizerte,Appartement,vente,37.28280174113559,9.873891055797008,3200.0,25.0,0.0,,,,,,,,,,,,,,,,,,,,,,,,,,,,,,,,,,,,,,,,,,,,,,,,,,,,,,,,,,,,,,,,,,,,,,,,,,,
1763,200.0,4.0,,350000.0,,1.0,,1.0,,,,,,1.0,Bizerte,Bizerte,Appartement,vente,37.26940174113561,9.871031069848632,1750.0,50.0,0.0,,,,,,,,,,,,,,,,,,,,,,,,,,,,,,,,,,,,,,,,,,,,,,,,,,,,,,,,,,,,,,,,,,,,,,,,,,,
1764,160.0,3.0,4.0,400000.0,,1.0,,1.0,,,,,,1.0,Bizerte,Bizerte,Appartement,vente,37.28290174113559,9.870591055692111,2500.0,53.333333333333336,0.0,,,,,,,,,,,,,,,,,,,,,,,,,,,,,,,,,,,,,,,,,,,,,,,,,,,,,,,,,,,,,,,,,,,,,,,,,,,
1765,194.0,4.0,3.0,350000.0,,1.0,,1.0,,,,,,1.0,Bizerte,Bizerte,Appartement,vente,37.2866017411356,9.861381051810522,1804.1237113402062,48.5,0.0,,,,,,,,,,,,,,,,,,,,,,,,,,,,,,,,,,,,,,,,,,,,,,,,,,,,,,,,,,,,,,,,,,,,,,,,,,,
1766,128.0,4.0,5.0,310000.0,,1.0,,1.0,,,,,,,Bizerte,Bizerte,Appartement,vente,37.2897017411356,9.848631048557836,2421.875,32.0,0.0,,,,,,,,,,,,,,,,,,,,,,,,,,,,,,,,,,,,,,,,,,,,,,,,,,,,,,,,,,,,,,,,,,,,,,,,,,,
1767,140.0,3.0,1.0,160000.0,,1.0,,1.0,,,,,,,Bizerte,Bizerte,Appartement,vente,37.2767017411356,9.8480510621948,1142.857142857143,46.666666666666664,0.0,,,,,,,,,,,,,,,,,,,,,,,,,,,,,,,,,,,,,,,,,,,,,,,,,,,,,,,,,,,,,,,,,,,,,,,,,,,
1768,70.0,3.0,2.0,220000.0,,,1.0,1.0,,,,,,,Nabeul,Nabeul-Centre-Ville,Appartement,vente,36.44770174113639,10.7328219139501,3142.8571428571427,23.333333333333332,0.0,,,,,,,,,,,,,,,,,,,,,,,,,,,,,,,,,,,,,,,,,,,,,,,,,,,,,,,,,,,,,,,,,,,,,,,,,,,
1769,131.0,3.0,1.0,365000.0,,,,1.0,,1.0,,,1.0,,Nabeul,Kelibia,Appartement,vente,36.8814,11.1154,2786.259541984733,43.666666666666664,0.0,,,,,,,,,,,,,,,,,,,,,,,,,,,,,,,,,,,,,,,,,,,,,,,,,,,,,,,,,,,,,,,,,,,,,,,,,,,
1770,127.0,3.0,5.0,420000.0,1.0,1.0,1.0,1.0,,1.0,,1.0,,,Nabeul,Nabeul-Centre-Ville,Appartement,vente,36.44970174113639,10.735621911936924,3307.0866141732286,42.333333333333336,5.0,,,,,,,,,,,,,,,,,,,,,,,,,,,,,,,,,,,,,,,,,,,,,,,,,,,,,,,,,,,,,,,,,,,,,,,,,,,
1771,75.0,3.0,2.0,100000.0,,,,1.0,,,,,,,Nabeul,Nabeul-Centre-Ville,Appartement,vente,36.45840174113639,10.739621903177287,1333.3333333333333,25.0,0.0,,,,,,,,,,,,,,,,,,,,,,,,,,,,,,,,,,,,,,,,,,,,,,,,,,,,,,,,,,,,,,,,,,,,,,,,,,,
1772,117.0,3.0,1.0,345000.0,,1.0,1.0,1.0,1.0,,,1.0,1.0,,Nabeul,Nabeul-Centre-Ville,Appartement,vente,36.4462,10.7539,2948.7179487179487,39.0,0.0,,,,,,,,,,,,,,,,,,,,,,,,,,,,,,,,,,,,,,,,,,,,,,,,,,,,,,,,,,,,,,,,,,,,,,,,,,,
1773,49.0,2.0,1.0,215000.0,,1.0,1.0,1.0,,,,1.0,1.0,,Nabeul,Nabeul-Centre-Ville,Appartement,vente,36.44530174113639,10.75382191636565,4387.755102040816,24.5,0.0,,,,,,,,,,,,,,,,,,,,,,,,,,,,,,,,,,,,,,,,,,,,,,,,,,,,,,,,,,,,,,,,,,,,,,,,,,,
1774,200.0,4.0,1.0,350000.0,,1.0,1.0,1.0,,,,,,,Nabeul,Nabeul-Centre-Ville,Appartement,vente,36.4422017411364,10.72652191948531,1750.0,50.0,0.0,,,,,,,,,,,,,,,,,,,,,,,,,,,,,,,,,,,,,,,,,,,,,,,,,,,,,,,,,,,,,,,,,,,,,,,,,,,
1775,110.0,2.0,3.0,185000.0,,1.0,,1.0,,1.0,,,,,Nabeul,Kelibia,Appartement,vente,36.8433,11.1096,1681.8181818181818,55.0,0.0,,,,,,,,,,,,,,,,,,,,,,,,,,,,,,,,,,,,,,,,,,,,,,,,,,,,,,,,,,,,,,,,,,,,,,,,,,,
1776,110.0,3.0,2.0,195000.0,,,,1.0,,,,,,1.0,Nabeul,Nabeul-Centre-Ville,Appartement,vente,36.45610174113638,10.742721905493422,1772.7272727272727,36.666666666666664,0.0,,,,,,,,,,,,,,,,,,,,,,,,,,,,,,,,,,,,,,,,,,,,,,,,,,,,,,,,,,,,,,,,,,,,,,,,,,,
1777,110.0,3.0,0.0,295000.0,,,,1.0,,,1.0,,,1.0,Nabeul,Kelibia,Appartement,vente,36.8549,11.1208,2681.818181818182,36.666666666666664,0.0,,,,,,,,,,,,,,,,,,,,,,,,,,,,,,,,,,,,,,,,,,,,,,,,,,,,,,,,,,,,,,,,,,,,,,,,,,,
1778,105.0,2.0,2.0,380000.0,,1.0,,1.0,,,,,,1.0,Nabeul,Kelibia,Appartement,vente,36.8442,11.1203,3619.0476190476193,52.5,0.0,,,,,,,,,,,,,,,,,,,,,,,,,,,,,,,,,,,,,,,,,,,,,,,,,,,,,,,,,,,,,,,,,,,,,,,,,,,
1779,118.0,2.0,3.0,220000.0,,1.0,1.0,1.0,,,,,,,Nabeul,Kelibia,Appartement,vente,36.8402,11.0788,1864.406779661017,59.0,0.0,,,,,,,,,,,,,,,,,,,,,,,,,,,,,,,,,,,,,,,,,,,,,,,,,,,,,,,,,,,,,,,,,,,,,,,,,,,
1780,140.0,3.0,3.0,350000.0,,1.0,1.0,1.0,,,,,,1.0,Nabeul,Kelibia,Appartement,vente,36.8462,11.0995,2500.0,46.666666666666664,0.0,,,,,,,,,,,,,,,,,,,,,,,,,,,,,,,,,,,,,,,,,,,,,,,,,,,,,,,,,,,,,,,,,,,,,,,,,,,
1781,156.0,4.0,,150000.0,,,,1.0,1.0,,,1.0,,,Nabeul,Kelibia,Appartement,vente,36.8462,11.0995,961.5384615384615,39.0,0.0,,,,,,,,,,,,,,,,,,,,,,,,,,,,,,,,,,,,,,,,,,,,,,,,,,,,,,,,,,,,,,,,,,,,,,,,,,,
1782,80.0,3.0,1.0,185000.0,,,,1.0,,,,,,,Nabeul,Kelibia,Appartement,vente,36.8402,11.0788,2312.5,26.666666666666668,0.0,,,,,,,,,,,,,,,,,,,,,,,,,,,,,,,,,,,,,,,,,,,,,,,,,,,,,,,,,,,,,,,,,,,,,,,,,,,
1783,200.0,,2.0,350000.0,,1.0,,1.0,,,1.0,1.0,,1.0,Nabeul,Kelibia,Appartement,vente,36.8475,11.1002,1750.0,,0.0,,,,,,,,,,,,,,,,,,,,,,,,,,,,,,,,,,,,,,,,,,,,,,,,,,,,,,,,,,,,,,,,,,,,,,,,,,,
1784,156.0,3.0,1.0,185000.0,,,,1.0,,,,,,,Nabeul,Kelibia,Appartement,vente,36.8468,11.0937,1185.8974358974358,52.0,0.0,,,,,,,,,,,,,,,,,,,,,,,,,,,,,,,,,,,,,,,,,,,,-0.05422365,0.0998451,-0.20083244,-0.023747865,-0.05846328,0.12327865,0.10600429,-0.06765992,0.05877452,-0.000527348,-0.10264075,-0.028532885,-0.07585453,-0.004619038,-0.04737896,0.079104885,-0.06727065,-0.0939725,-0.0845805,0.04050651,-0.093236394,0.05765468,0.014352578,-0.004436788,0.05973717,0.022494195,-0.014074542,0.03864704,0.0658514,-0.05457483,-0.099115655,0.0027888159
1785,83.0,2.0,0.0,320000.0,1.0,,,1.0,,,1.0,,1.0,1.0,Nabeul,Kelibia,Appartement,vente,36.847,11.1218,3855.421686746988,41.5,0.0,,,,,,,,,,,,,,,,,,,,,,,,,,,,,,,,,,,,,,,,,,,,,,,,,,,,,,,,,,,,,,,,,,,,,,,,,,,
1786,105.0,2.0,2.0,200000.0,,1.0,,1.0,,,,,,1.0,Nabeul,Kelibia,Appartement,vente,36.8881,11.1155,1904.7619047619048,52.5,0.0,,,,,,,,,,,,,,,,,,,,,,,,,,,,,,,,,,,,,,,,,,,,,,,,,,,,,,,,,,,,,,,,,,,,,,,,,,,
1787,130.0,4.0,1.0,310000.0,,1.0,,1.0,,1.0,,,,,Nabeul,Kelibia,Appartement,vente,36.8555,11.1209,2384.6153846153848,32.5,0.0,,,,,,,,,,,,,,,,,,,,,,,,,,,,,,,,,,,,,,,,,,,,,,,,,,,,,,,,,,,,,,,,,,,,,,,,,,,
1788,110.0,2.0,3.0,250000.0,,,,1.0,1.0,,,,,,Nabeul,Kelibia,Appartement,vente,36.8402,11.0788,2272.7272727272725,55.0,0.0,,,,,,,,,,,,,,,,,,,,,,,,,,,,,,,,,,,,,,,,,,,,,,,,,,,,,,,,,,,,,,,,,,,,,,,,,,,
1789,110.0,3.0,1.0,240000.0,,,,1.0,,,,,,1.0,Nabeul,Kelibia,Appartement,vente,36.8345,11.0932,2181.818181818182,36.666666666666664,0.0,,,,,,,,,,,,,,,,,,,,,,,,,,,,,,,,,,,,,,,,,,,,,,,,,,,,,,,,,,,,,,,,,,,,,,,,,,,
1790,170.0,,2.0,197000.0,,1.0,,1.0,,,,,,,Nabeul,Kelibia,Appartement,vente,36.8529,11.0897,1158.8235294117646,,0.0,,,,,,,,,,,,,,,,,,,,,,,,,,,,,,,,,,,,,,,,,,,,,,,,,,,,,,,,,,,,,,,,,,,,,,,,,,,
1791,156.0,4.0,1.0,300000.0,,1.0,,1.0,,,,,,,Nabeul,Kelibia,Appartement,vente,36.8427,11.1139,1923.076923076923,39.0,0.0,,,,,,,,,,,,,,,,,,,,,,,,,,,,,,,,,,,,,,,,,,,,,,,,,,,,,,,,,,,,,,,,,,,,,,,,,,,
1792,120.0,3.0,0.0,620000.0,,,,1.0,,,1.0,,1.0,1.0,Nabeul,Kelibia,Appartement,vente,36.8275,11.0808,5166.666666666667,40.0,0.0,,,,,,,,,,,,,,,,,,,,,,,,,,,,,,,,,,,,,,,,,,,,,,,,,,,,,,,,,,,,,,,,,,,,,,,,,,,
1793,80.0,3.0,2.0,270000.0,,,,1.0,,,,,,,Nabeul,Kelibia,Appartement,vente,36.8345,11.0932,3375.0,26.666666666666668,0.0,,,,,,,,,,,,,,,,,,,,,,,,,,,,,,,,,,,,,,,,,,,,,,,,,,,,,,,,,,,,,,,,,,,,,,,,,,,
1794,220.0,,0.0,495000.0,,1.0,,1.0,,,1.0,,1.0,1.0,Nabeul,Kelibia,Appartement,vente,36.9054,11.0991,2250.0,,0.0,,,,,,,,,,,,,,,,,,,,,,,,,,,,,,,,,,,,,,,,,,,,,,,,,,,,,,,,,,,,,,,,,,,,,,,,,,,
1795,125.0,2.0,1.0,285000.0,,,,1.0,1.0,1.0,,,,,Nabeul,Kelibia,Appartement,vente,36.8402,11.1085,2280.0,62.5,0.0,,,,,,,,,,,,,,,,,,,,,,,,,,,,,,,,,,,,,,,,,,,,,,,,,,,,,,,,,,,,,,,,,,,,,,,,,,,
1796,114.0,3.0,1.0,185000.0,,1.0,1.0,1.0,,,,,,1.0,Nabeul,Nabeul-Centre-Ville,Appartement,vente,36.45480174113637,10.733621906802425,1622.8070175438597,38.0,0.0,,,,,,,,,,,,,,,,,,,,,,,,,,,,,,,,,,,,,,,,,,,,,,,,,,,,,,,,,,,,,,,,,,,,,,,,,,,
1797,130.0,3.0,4.0,430000.0,1.0,,1.0,1.0,,,,1.0,,1.0,Nabeul,Hammamet-Centre,Appartement,vente,36.404401741136425,10.586721957486626,3307.6923076923076,43.333333333333336,4.0,,,,,,,,,,,,,,,,,,,,,,,,,,,,,,,,,,,,,,,,,,,,,,,,,,,,,,,,,,,,,,,,,,,,,,,,,,,
1798,120.0,3.0,3.0,450000.0,1.0,1.0,1.0,1.0,,,,1.0,,,Nabeul,Nabeul-Centre-Ville,Appartement,vente,36.4452017411364,10.741421916466289,3750.0,40.0,3.0,,,,,,,,,,,,,,,,,,,,,,,,,,,,,,,,,,,,,,,,,,,,,,,,,,,,,,,,,,,,,,,,,,,,,,,,,,,
1799,100.0,3.0,0.0,300000.0,,,1.0,1.0,,,1.0,,,,Nabeul,Nabeul-Centre-Ville,Appartement,vente,36.448101741136384,10.75382191354748,3000.0,33.333333333333336,0.0,,,,,,,,,,,,,,,,,,,,,,,,,,,,,,,,,,,,,,,,,,,,,,,,,,,,,,,,,,,,,,,,,,,,,,,,,,,
1800,127.0,4.0,1.0,300000.0,,1.0,1.0,1.0,,,,,,,Nabeul,Nabeul-Centre-Ville,Appartement,vente,36.44330174113638,10.733021918378387,2362.2047244094488,31.75,0.0,,,,,,,,,,,,,,,,,,,,,,,,,,,,,,,,,,,,,,,,,,,,-0.079966605,0.33890647,-0.13089818,-0.048880506,0.059133958,0.09542799,-0.038239736,0.0069447616,0.05997681,-0.104143605,0.027996471,-0.055848744,-0.012101642,-0.035805464,-0.06093928,0.05959074,-0.017204667,-0.025343457,0.014408086,0.02822434,0.033684764,0.020495165,-0.022310873,-0.04582686,0.0243118,0.030376686,-0.005940299,-0.039266765,-0.024802445,0.013377781,-0.044971533,-0.019145377
1801,110.0,1.0,2.0,320000.0,1.0,1.0,1.0,1.0,,,,1.0,1.0,,Nabeul,Hammamet-Centre,Appartement,vente,36.40620174113643,10.612721955678648,2909.090909090909,110.0,2.0,,,,,,,,,,,,,,,,,,,,,,,,,,,,,,,,,,,,,,,,,,,,,,,,,,,,,,,,,,,,,,,,,,,,,,,,,,,
1802,200.0,4.0,1.0,600000.0,1.0,1.0,1.0,1.0,,,,1.0,,,Nabeul,Nabeul-Centre-Ville,Appartement,vente,36.44200174113639,10.72612191968656,3000.0,50.0,1.0,,,,,,,,,,,,,,,,,,,,,,,,,,,,,,,,,,,,,,,,,,,,,,,,,,,,,,,,,,,,,,,,,,,,,,,,,,,
1803,94.0,3.0,2.0,630000.0,1.0,1.0,1.0,1.0,,,,1.0,,,Nabeul,Nabeul-Centre-Ville,Appartement,vente,36.441701741136384,10.741021919988436,6702.127659574468,31.333333333333332,2.0,,,,,,,,,,,,,,,,,,,,,,,,,,,,,,,,,,,,,,,,,,,,,,,,,,,,,,,,,,,,,,,,,,,,,,,,,,,
1804,80.0,3.0,1.0,175000.0,,1.0,,1.0,,,,,,,Nabeul,Nabeul-Centre-Ville,Appartement,vente,36.45010174113639,10.75252191153426,2187.5,26.666666666666668,0.0,,,,,,,,,,,,,,,,,,,,,,,,,,,,,,,,,,,,,,,,,,,,,,,,,,,,,,,,,,,,,,,,,,,,,,,,,,,
1805,128.0,3.0,1.0,450000.0,1.0,1.0,1.0,1.0,,,,1.0,,,Nabeul,Nabeul-Centre-Ville,Appartement,vente,36.4452017411364,10.741421916466289,3515.625,42.666666666666664,1.0,,,,,,,,,,,,,,,,,,,,,,,,,,,,,,,,,,,,,,,,,,,,,,,,,,,,,,,,,,,,,,,,,,,,,,,,,,,
1806,80.0,3.0,2.0,135000.0,,1.0,1.0,1.0,,,,,,1.0,Nabeul,Nabeul-Centre-Ville,Appartement,vente,36.45480174113637,10.733621906802425,1687.5,26.666666666666668,0.0,,,,,,,,,,,,,,,,,,,,,,,,,,,,,,,,,,,,,,,,,,,,,,,,,,,,,,,,,,,,,,,,,,,,,,,,,,,
1807,150.0,2.0,0.0,400000.0,,,1.0,1.0,,,1.0,,,1.0,Nabeul,Nabeul-Centre-Ville,Appartement,vente,36.44350174113639,10.723421918177122,2666.6666666666665,75.0,0.0,,,,,,,,,,,,,,,,,,,,,,,,,,,,,,,,,,,,,,,,,,,,,,,,,,,,,,,,,,,,,,,,,,,,,,,,,,,
1808,125.0,3.0,3.0,450000.0,1.0,1.0,1.0,1.0,,,,1.0,,,Nabeul,Nabeul-Centre-Ville,Appartement,vente,36.4452017411364,10.741421916466289,3600.0,41.666666666666664,3.0,,,,,,,,,,,,,,,,,,,,,,,,,,,,,,,,,,,,,,,,,,,,,,,,,,,,,,,,,,,,,,,,,,,,,,,,,,,
1809,150.0,2.0,0.0,240000.0,,,1.0,1.0,,,1.0,,,1.0,Nabeul,Nabeul-Centre-Ville,Appartement,vente,36.45010174113639,10.75252191153426,1600.0,75.0,0.0,,,,,,,,,,,,,,,,,,,,,,,,,,,,,,,,,,,,,,,,,,,,,,,,,,,,,,,,,,,,,,,,,,,,,,,,,,,
1810,72.0,1.0,3.0,215000.0,1.0,1.0,1.0,1.0,,,,,,,Nabeul,Hammamet-Nord,Appartement,vente,36.4309,10.6809,2986.1111111111113,72.0,3.0,,,,,,,,,,,,,,,,,,,,,,,,,,,,,,,,,,,,,,,,,,,,,,,,,,,,,,,,,,,,,,,,,,,,,,,,,,,
1811,174.0,3.0,0.0,250000.0,,,,1.0,,,,,,1.0,Nabeul,Nabeul-Centre-Ville,Appartement,vente,36.445101741136384,10.75262191656693,1436.7816091954023,58.0,0.0,,,,,,,,,,,,,,,,,,,,,,,,,,,,,,,,,,,,,,,,,,,,,,,,,,,,,,,,,,,,,,,,,,,,,,,,,,,
1812,113.0,3.0,1.0,450000.0,1.0,1.0,1.0,1.0,,,,1.0,,,Nabeul,Nabeul-Centre-Ville,Appartement,vente,36.441701741136384,10.741321919988437,3982.3008849557523,37.666666666666664,1.0,,,,,,,,,,,,,,,,,,,,,,,,,,,,,,,,,,,,,,,,,,,,,,,,,,,,,,,,,,,,,,,,,,,,,,,,,,,
1813,120.0,2.0,2.0,460000.0,1.0,,1.0,1.0,,,,1.0,1.0,1.0,Nabeul,Hammamet-Nord,Appartement,vente,36.4232,10.6663,3833.3333333333335,60.0,2.0,,,,,,,,,,,,,,,,,,,,,,,,,,,,,,,,,,,,,,,,,,,,,,,,,,,,,,,,,,,,,,,,,,,,,,,,,,,
1814,131.0,2.0,2.0,450000.0,1.0,1.0,1.0,1.0,,,,1.0,1.0,1.0,Nabeul,Hammamet-Nord,Appartement,vente,36.4236,10.666,3435.114503816794,65.5,2.0,,,,,,,,,,,,,,,,,,,,,,,,,,,,,,,,,,,,,,,,,,,,,,,,,,,,,,,,,,,,,,,,,,,,,,,,,,,
1815,78.0,1.0,3.0,150000.0,,,1.0,1.0,,,,,,,Nabeul,Nabeul-Centre-Ville,Appartement,vente,36.4481,10.7392,1923.076923076923,78.0,0.0,,,,,,,,,,,,,,,,,,,,,,,,,,,,,,,,,,,,,,,,,,,,,,,,,,,,,,,,,,,,,,,,,,,,,,,,,,,
1816,60.0,2.0,2.0,130000.0,,,,1.0,,,,,,1.0,Nabeul,Nabeul-Centre-Ville,Appartement,vente,36.45010174113639,10.75252191153426,2166.6666666666665,30.0,0.0,,,,,,,,,,,,,,,,,,,,,,,,,,,,,,,,,,,,,,,,,,,,,,,,,,,,,,,,,,,,,,,,,,,,,,,,,,,
1817,130.0,3.0,6.0,315000.0,1.0,1.0,1.0,1.0,,1.0,,1.0,1.0,,Nabeul,Hammamet-Nord,Appartement,vente,36.4321,10.6853,2423.076923076923,43.333333333333336,6.0,,,,,,,,,,,,,,,,,,,,,,,,,,,,,,,,,,,,,,,,,,,,,,,,,,,,,,,,,,,,,,,,,,,,,,,,,,,
1818,220.0,2.0,0.0,580000.0,1.0,,1.0,1.0,,1.0,1.0,1.0,,1.0,Nabeul,Hammamet-Nord,Appartement,vente,36.4099,10.6482,2636.3636363636365,110.0,0.0,,,,,,,,,,,,,,,,,,,,,,,,,,,,,,,,,,,,,,,,,,,,,,,,,,,,,,,,,,,,,,,,,,,,,,,,,,,
1819,116.0,2.0,2.0,390000.0,,1.0,,1.0,,,,1.0,,1.0,Nabeul,Hammamet-Nord,Appartement,vente,36.4205,10.6644,3362.0689655172414,58.0,0.0,,,,,,,,,,,,,,,,,,,,,,,,,,,,,,,,,,,,,,,,,,,,,,,,,,,,,,,,,,,,,,,,,,,,,,,,,,,
1820,85.0,1.0,2.0,295000.0,1.0,,,1.0,,,,1.0,,,Nabeul,Hammamet-Nord,Appartement,vente,36.417,10.6529,3470.5882352941176,85.0,2.0,,,,,,,,,,,,,,,,,,,,,,,,,,,,,,,,,,,,,,,,,,,,,,,,,,,,,,,,,,,,,,,,,,,,,,,,,,,
1821,137.0,2.0,0.0,540000.0,1.0,1.0,1.0,1.0,,,1.0,1.0,,1.0,Nabeul,Hammamet-Nord,Appartement,vente,36.4154,10.6532,3941.605839416058,68.5,0.0,,,,,,,,,,,,,,,,,,,,,,,,,,,,,,,,,,,,,,,,,,,,,,,,,,,,,,,,,,,,,,,,,,,,,,,,,,,
1822,61.0,2.0,2.0,273000.0,,1.0,1.0,1.0,,,,1.0,,,Tunis,Jardins-D-Ennasr,Appartement,vente,36.8632,10.1513,4475.4098360655735,30.5,0.0,,,,,,,,,,,,,,,,,,,,,,,,,,,,,,,,,,,,,,,,,,,,-0.16675456,0.19216004,-0.045340784,-0.05535216,-0.058421344,0.082996145,0.027091637,-0.011850009,0.076314755,0.037683617,0.11202729,-0.0031617268,-0.029872524,-0.019608501,-0.071996786,-0.0062797605,0.06432843,-0.038273115,-0.00875715,0.033813626,0.01397716,0.029261323,0.038411617,-0.09238124,0.025304863,0.028977308,0.08052788,0.033434764,-0.034107815,-0.09594187,-0.06018985,0.011791949
1823,110.0,3.0,1.0,430000.0,1.0,1.0,1.0,1.0,,,,1.0,,,Tunis,Gammarth-Village,Appartement,vente,36.90640174113596,10.299921446977416,3909.090909090909,36.666666666666664,1.0,,,,,,,,,,,,,,,,,,,,,,,,,,,,,,,,,,,,,,,,,,,,,,,,,,,,,,,,,,,,,,,,,,,,,,,,,,,
1824,167.0,4.0,6.0,660000.0,1.0,1.0,1.0,1.0,,,,1.0,,1.0,Tunis,Jardins-D-Ennasr,Appartement,vente,36.8671,10.1518,3952.0958083832334,41.75,6.0,,,,,,,,,,,,,,,,,,,,,,,,,,,,,,,,,,,,,,,,,,,,,,,,,,,,,,,,,,,,,,,,,,,,,,,,,,,
1825,140.0,2.0,1.0,310000.0,,1.0,,1.0,,,,1.0,,,Tunis,Megrine,Appartement,vente,36.76890174113608,10.230821588070244,2214.285714285714,70.0,0.0,,,,,,,,,,,,,,,,,,,,,,,,,,,,,,,,,,,,,,,,,,,,,,,,,,,,,,,,,,,,,,,,,,,,,,,,,,,
1826,122.0,3.0,2.0,350000.0,,1.0,1.0,1.0,,,,1.0,,,Tunis,Aouina-2,Appartement,vente,36.854801741136,10.26642150003819,2868.8524590163934,40.666666666666664,0.0,,,,,,,,,,,,,,,,,,,,,,,,,,,,,,,,,,,,,,,,,,,,,,,,,,,,,,,,,,,,,,,,,,,,,,,,,,,
1827,59.0,2.0,2.0,275000.0,,,,1.0,,1.0,,,,,Tunis,Chotrana,Appartement,vente,36.87600174113598,10.224921478254412,4661.016949152542,29.5,0.0,,,,,,,,,,,,,,,,,,,,,,,,,,,,,,,,,,,,,,,,,,,,,,,,,,,,,,,,,,,,,,,,,,,,,,,,,,,
1828,139.0,3.0,5.0,335000.0,1.0,1.0,1.0,1.0,,,,,,,Tunis,El-Mourouj-6,Appartement,vente,36.70610174113615,10.214621652192786,2410.071942446043,46.333333333333336,5.0,,,,,,,,,,,,,,,,,,,,,,,,,,,,,,,,,,,,,,,,,,,,,,,,,,,,,,,,,,,,,,,,,,,,,,,,,,,
1829,152.0,4.0,4.0,435000.0,1.0,1.0,1.0,1.0,,,,1.0,,,Tunis,Ennasr-2,Appartement,vente,36.857201741136,10.161721497573248,2861.842105263158,38.0,4.0,,,,,,,,,,,,,,,,,,,,,,,,,,,,,,,,,,,,,,,,,,,,,,,,,,,,,,,,,,,,,,,,,,,,,,,,,,,
1830,110.0,3.0,,365000.0,,,1.0,1.0,,,,,,,Tunis,Marsa-Les-Pins,Appartement,vente,36.866801741136,10.314321487710552,3318.181818181818,36.666666666666664,0.0,,,,,,,,,,,,,,,,,,,,,,,,,,,,,,,,,,,,,,,,,,,,,,,,,,,,,,,,,,,,,,,,,,,,,,,,,,,
1831,144.0,3.0,2.0,330000.0,,,1.0,1.0,,,,,,,Tunis,Manar-2-3,Appartement,vente,36.83510174113603,10.1572215202602,2291.6666666666665,48.0,0.0,,,,,,,,,,,,,,,,,,,,,,,,,,,,,,,,,,,,,,,,,,,,,,,,,,,,,,,,,,,,,,,,,,,,,,,,,,,
1832,140.0,3.0,,280000.0,,,,1.0,,,,,,1.0,Tunis,El-Omrane,Appartement,vente,36.83260174113603,10.13362152282504,2000.0,46.666666666666664,0.0,,,,,,,,,,,,,,,,,,,,,,,,,,,,,,,,,,,,,,,,,,,,,,,,,,,,,,,,,,,,,,,,,,,,,,,,,,,
1833,66.0,3.0,2.0,310000.0,,,1.0,1.0,,,,1.0,,,Tunis,Gammarth-Village,Appartement,vente,36.91050174113595,10.293721442755537,4696.969696969697,22.0,0.0,,,,,,,,,,,,,,,,,,,,,,,,,,,,,,,,,,,,,,,,,,,,,,,,,,,,,,,,,,,,,,,,,,,,,,,,,,,
1834,170.0,4.0,1.0,600000.0,,1.0,1.0,1.0,,,,,,,Tunis,Cite-Mohamed-Ali,Appartement,vente,36.77480174113608,10.284621582035756,3529.4117647058824,42.5,0.0,,,,,,,,,,,,,,,,,,,,,,,,,,,,,,,,,,,,,,,,,,,,,,,,,,,,,,,,,,,,,,,,,,,,,,,,,,,
1835,120.0,4.0,,460000.0,1.0,1.0,1.0,1.0,,,,1.0,,,Tunis,Gammarth,Appartement,vente,36.88120174113598,10.309121472907734,3833.3333333333335,30.0,0.0,,,,,,,,,,,,,,,,,,,,,,,,,,,,,,,,,,,,,,,,,,,,,,,,,,,,,,,,,,,,,,,,,,,,,,,,,,,
1836,100.0,3.0,5.0,149000.0,1.0,,1.0,1.0,,,,,,,Tunis,Menzah-7,Appartement,vente,36.854301741136005,10.163121500551682,1490.0,33.333333333333336,5.0,,,,,,,,,,,,,,,,,,,,,,,,,,,,,,,,,,,,,,,,,,,,,,,,,,,,,,,,,,,,,,,,,,,,,,,,,,,
1837,95.0,3.0,2.0,315000.0,1.0,1.0,1.0,1.0,,,,,,,Tunis,Lafayette,Appartement,vente,36.81910174113604,10.179721536669682,3315.7894736842104,31.666666666666668,2.0,,,,,,,,,,,,,,,,,,,,,,,,,,,,,,,,,,,,,,,,,,,,,,,,,,,,,,,,,,,,,,,,,,,,,,,,,,,
1838,130.0,3.0,1.0,345000.0,1.0,1.0,1.0,1.0,,,,1.0,,,Tunis,Ennasr,Appartement,vente,36.8643,10.1668,2653.846153846154,43.333333333333336,1.0,,,,,,,,,,,,,,,,,,,,,,,,,,,,,,,,,,,,,,,,,,,,,,,,,,,,,,,,,,,,,,,,,,,,,,,,,,,
1839,129.0,4.0,4.0,155000.0,,1.0,,1.0,,,,1.0,,,Tunis,Ariana-Ville,Appartement,vente,36.8652,10.1854,1201.5503875968993,32.25,0.0,,,,,,,,,,,,,,,,,,,,,,,,,,,,,,,,,,,,,,,,,,,,,,,,,,,,,,,,,,,,,,,,,,,,,,,,,,,
1840,120.0,4.0,0.0,450000.0,,1.0,1.0,1.0,,,,,,,Tunis,Ennasr,Appartement,vente,36.8673,10.1632,3750.0,30.0,0.0,,,,,,,,,,,,,,,,,,,,,,,,,,,,,,,,,,,,,,,,,,,,,,,,,,,,,,,,,,,,,,,,,,,,,,,,,,,
1841,147.0,3.0,5.0,390000.0,,1.0,1.0,1.0,,,,,,,Tunis,Ain-Zaghouane,Appartement,vente,36.864,10.2903,2653.061224489796,49.0,0.0,,,,,,,,,,,,,,,,,,,,,,,,,,,,,,,,,,,,,,,,,,,,,,,,,,,,,,,,,,,,,,,,,,,,,,,,,,,
1842,145.0,3.0,5.0,550000.0,,1.0,1.0,1.0,,,1.0,1.0,,,Tunis,Les-Jardins-De-Carthage,Appartement,vente,36.8544,10.2988,3793.103448275862,48.333333333333336,0.0,,,,,,,,,,,,,,,,,,,,,,,,,,,,,,,,,,,,,,,,,,,,,,,,,,,,,,,,,,,,,,,,,,,,,,,,,,,
1843,100.0,3.0,4.0,140000.0,1.0,,1.0,1.0,,,,,,1.0,Tunis,Madina-Jadida,Appartement,vente,36.7365,10.243,1400.0,33.333333333333336,4.0,,,,,,,,,,,,,,,,,,,,,,,,,,,,,,,,,,,,,,,,,,,,,,,,,,,,,,,,,,,,,,,,,,,,,,,,,,,
1844,99.0,3.0,2.0,155000.0,,,,1.0,,,,,,,Tunis,Rades-Foret,Appartement,vente,36.7618,10.2569,1565.6565656565656,33.0,0.0,,,,,,,,,,,,,,,,,,,,,,,,,,,,,,,,,,,,,,,,,,,,,,,,,,,,,,,,,,,,,,,,,,,,,,,,,,,
1845,130.0,4.0,1.0,385000.0,1.0,1.0,1.0,1.0,,,,1.0,,,Tunis,Cite-El-Ghazala,Appartement,vente,36.879301741135976,10.180821474861483,2961.5384615384614,32.5,1.0,,,,,,,,,,,,,,,,,,,,,,,,,,,,,,,,,,,,,,,,,,,,,,,,,,,,,,,,,,,,,,,,,,,,,,,,,,,
1846,166.0,3.0,6.0,340000.0,1.0,1.0,1.0,1.0,,,,1.0,,,Tunis,Cite-El-Khadhra,Appartement,vente,36.8316,10.1889,2048.1927710843374,55.333333333333336,6.0,,,,,,,,,,,,,,,,,,,,,,,,,,,,,,,,,,,,,,,,,,,,,,,,,,,,,,,,,,,,,,,,,,,,,,,,,,,
1847,80.0,2.0,1.0,130000.0,,,,1.0,,,,,,,Tunis,El-Mourouj-5,Appartement,vente,36.70410174113614,10.203621654231634,1625.0,40.0,0.0,,,,,,,,,,,,,,,,,,,,,,,,,,,,,,,,,,,,,,,,,,,,,,,,,,,,,,,,,,,,,,,,,,,,,,,,,,,
1848,143.0,3.0,2.0,430000.0,1.0,1.0,1.0,1.0,,,,1.0,,,Tunis,Ennasr-2,Appartement,vente,36.86600174113599,10.170521488532623,3006.993006993007,47.666666666666664,2.0,,,,,,,,,,,,,,,,,,,,,,,,,,,,,,,,,,,,,,,,,,,,,,,,,,,,,,,,,,,,,,,,,,,,,,,,,,,
1849,81.0,4.0,1.0,265000.0,,1.0,1.0,1.0,,,,1.0,,,Tunis,El-Mourouj-5,Appartement,vente,36.70510174113616,10.204321653212231,3271.604938271605,20.25,0.0,,,,,,,,,,,,,,,,,,,,,,,,,,,,,,,,,,,,,,,,,,,,,,,,,,,,,,,,,,,,,,,,,,,,,,,,,,,
1850,128.0,2.0,2.0,485000.0,,1.0,1.0,1.0,,,1.0,1.0,,,Tunis,Les-Jardins-De-Carthage,Appartement,vente,36.8491,10.2959,3789.0625,64.0,0.0,,,,,,,,,,,,,,,,,,,,,,,,,,,,,,,,,,,,,,,,,,,,,,,,,,,,,,,,,,,,,,,,,,,,,,,,,,,
1851,160.0,5.0,0.0,620000.0,,,1.0,1.0,,,,1.0,,1.0,Tunis,Aouina,Appartement,vente,36.860501741136,10.267321494183474,3875.0,32.0,0.0,,,,,,,,,,,,,,,,,,,,,,,,,,,,,,,,,,,,,,,,,,,,,,,,,,,,,,,,,,,,,,,,,,,,,,,,,,,
1852,110.0,3.0,2.0,260000.0,,1.0,1.0,1.0,,,,,,,Tunis,Hedi-Nouira-Ariana,Appartement,vente,36.87,10.1971,2363.6363636363635,36.666666666666664,0.0,,,,,,,,,,,,,,,,,,,,,,,,,,,,,,,,,,,,,,,,,,,,,,,,,,,,,,,,,,,,,,,,,,,,,,,,,,,
1853,127.0,3.0,2.0,315000.0,1.0,,,1.0,,,,1.0,,,Tunis,Madina-Jadida,Appartement,vente,36.7391,10.2528,2480.314960629921,42.333333333333336,2.0,,,,,,,,,,,,,,,,,,,,,,,,,,,,,,,,,,,,,,,,,,,,,,,,,,,,,,,,,,,,,,,,,,,,,,,,,,,
1854,140.0,3.0,0.0,600000.0,,,1.0,1.0,,,1.0,,,,Tunis,Soukra,Appartement,vente,36.86550174113599,10.2529214890464,4285.714285714285,46.666666666666664,0.0,,,,,,,,,,,,,,,,,,,,,,,,,,,,,,,,,,,,,,,,,,,,,,,,,,,,,,,,,,,,,,,,,,,,,,,,,,,
1855,110.0,3.0,0.0,360000.0,,1.0,1.0,1.0,,,,1.0,,,Tunis,Soukra,Appartement,vente,36.86810174113599,10.28212148637462,3272.7272727272725,36.666666666666664,0.0,,,,,,,,,,,,,,,,,,,,,,,,,,,,,,,,,,,,,,,,,,,,,,,,,,,,,,,,,,,,,,,,,,,,,,,,,,,
1856,70.0,2.0,2.0,200000.0,,1.0,1.0,1.0,,,,1.0,,,Tunis,El-Mourouj-6,Appartement,vente,36.70600174113614,10.211421652294732,2857.1428571428573,35.0,0.0,,,,,,,,,,,,,,,,,,,,,,,,,,,,,,,,,,,,,,,,,,,,,,,,,,,,,,,,,,,,,,,,,,,,,,,,,,,
1857,64.0,2.0,5.0,185000.0,1.0,,1.0,1.0,,,,1.0,,,Tunis,Riadh-Landalous,Appartement,vente,36.86830174113598,10.179921486169086,2890.625,32.0,5.0,,,,,,,,,,,,,,,,,,,,,,,,,,,,,,,,,,,,,,,,,,,,,,,,,,,,,,,,,,,,,,,,,,,,,,,,,,,
1858,100.0,4.0,0.0,190000.0,,1.0,,1.0,,,,1.0,,,Tunis,Cite-Olympique,Appartement,vente,36.7541,10.2732,1900.0,25.0,0.0,,,,,,,,,,,,,,,,,,,,,,,,,,,,,,,,,,,,,,,,,,,,,,,,,,,,,,,,,,,,,,,,,,,,,,,,,,,
1859,75.0,4.0,2.0,155000.0,,1.0,,1.0,,,,,,,Tunis,Rades-Meliane,Appartement,vente,36.7617,10.2832,2066.6666666666665,18.75,0.0,,,,,,,,,,,,,,,,,,,,,,,,,,,,,,,,,,,,,,,,,,,,,,,,,,,,,,,,,,,,,,,,,,,,,,,,,,,
1860,100.0,4.0,3.0,230000.0,,1.0,,1.0,,1.0,,1.0,,,Tunis,Cite-Olympique,Appartement,vente,36.755,10.2739,2300.0,25.0,0.0,,,,,,,,,,,,,,,,,,,,,,,,,,,,,,,,,,,,,,,,,,,,-0.124691606,0.28369293,-0.087216,-0.063656494,0.0916204,0.05951303,-0.09253132,-0.03371675,0.057903435,-0.06413203,0.026185486,-0.0043471674,-0.076843984,-0.050551314,-0.030001348,0.052443996,-0.0034482838,-0.0641535,0.037033733,0.04967035,-0.005980746,0.014402565,-0.012030726,-0.025314067,0.052586176,-0.02181926,0.011037478,-0.023742678,-0.030967917,0.0045514097,-0.04450986,-0.047154345
1861,91.0,3.0,1.0,175000.0,,1.0,1.0,1.0,,,,,,,Tunis,Rades-Meliane,Appartement,vente,36.7587,10.2823,1923.076923076923,30.333333333333332,0.0,,,,,,,,,,,,,,,,,,,,,,,,,,,,,,,,,,,,,,,,,,,,,,,,,,,,,,,,,,,,,,,,,,,,,,,,,,,
1862,100.0,4.0,0.0,228000.0,,1.0,1.0,1.0,,,1.0,1.0,,,Tunis,Cite-Olympique,Appartement,vente,36.7541,10.273,2280.0,25.0,0.0,,,,,,,,,,,,,,,,,,,,,,,,,,,,,,,,,,,,,,,,,,,,,,,,,,,,,,,,,,,,,,,,,,,,,,,,,,,
1863,69.0,2.0,7.0,200000.0,1.0,,1.0,1.0,,,,,,,Tunis,Jardins-D-Ennasr,Appartement,vente,36.8671,10.1513,2898.550724637681,34.5,7.0,,,,,,,,,,,,,,,,,,,,,,,,,,,,,,,,,,,,,,,,,,,,,,,,,,,,,,,,,,,,,,,,,,,,,,,,,,,
1864,150.0,4.0,2.0,390000.0,,1.0,1.0,1.0,,,,1.0,,,Tunis,Rades-Meliane,Appartement,vente,36.7565,10.2796,2600.0,37.5,0.0,,,,,,,,,,,,,,,,,,,,,,,,,,,,,,,,,,,,,,,,,,,,,,,,,,,,,,,,,,,,,,,,,,,,,,,,,,,
1865,80.0,3.0,4.0,137000.0,,1.0,,1.0,,,,1.0,,,Tunis,Cite-Olympique,Appartement,vente,36.7559,10.2742,1712.5,26.666666666666668,0.0,,,,,,,,,,,,,,,,,,,,,,,,,,,,,,,,,,,,,,,,,,,,,,,,,,,,,,,,,,,,,,,,,,,,,,,,,,,
1866,109.0,4.0,1.0,280000.0,,1.0,1.0,1.0,,,,,,,Tunis,Rades-Meliane,Appartement,vente,36.7641,10.2813,2568.8073394495414,27.25,0.0,,,,,,,,,,,,,,,,,,,,,,,,,,,,,,,,,,,,,,,,,,,,,,,,,,,,,,,,,,,,,,,,,,,,,,,,,,,
1867,75.0,3.0,2.0,158000.0,,1.0,1.0,1.0,,,,,,,Tunis,Rades-Meliane,Appartement,vente,36.7583,10.2819,2106.6666666666665,25.0,0.0,,,,,,,,,,,,,,,,,,,,,,,,,,,,,,,,,,,,,,,,,,,,,,,,,,,,,,,,,,,,,,,,,,,,,,,,,,,
1868,100.0,4.0,4.0,155000.0,,1.0,,1.0,,,,1.0,,,Tunis,Cite-Olympique,Appartement,vente,36.7554,10.2733,1550.0,25.0,0.0,,,,,,,,,,,,,,,,,,,,,,,,,,,,,,,,,,,,,,,,,,,,,,,,,,,,,,,,,,,,,,,,,,,,,,,,,,,
1869,100.0,4.0,3.0,170000.0,,1.0,1.0,1.0,,,,1.0,,,Tunis,Cite-Olympique,Appartement,vente,36.7556,10.2757,1700.0,25.0,0.0,,,,,,,,,,,,,,,,,,,,,,,,,,,,,,,,,,,,,,,,,,,,,,,,,,,,,,,,,,,,,,,,,,,,,,,,,,,
1870,81.0,2.0,1.0,285000.0,,1.0,1.0,1.0,,,,,,,Tunis,Rades-Foret,Appartement,vente,36.7554,10.2484,3518.5185185185187,40.5,0.0,,,,,,,,,,,,,,,,,,,,,,,,,,,,,,,,,,,,,,,,,,,,,,,,,,,,,,,,,,,,,,,,,,,,,,,,,,,
1871,116.0,3.0,2.0,315000.0,,,1.0,1.0,,,,,,,Tunis,Aouina-2,Appartement,vente,36.8642,10.268,2715.5172413793102,38.666666666666664,0.0,,,,,,,,,,,,,,,,,,,,,,,,,,,,,,,,,,,,,,,,,,,,,,,,,,,,,,,,,,,,,,,,,,,,,,,,,,,
1872,123.0,3.0,4.0,380000.0,,,1.0,1.0,,,,,,1.0,Tunis,Soukra,Appartement,vente,36.8641,10.2726,3089.430894308943,41.0,0.0,,,,,,,,,,,,,,,,,,,,,,,,,,,,,,,,,,,,,,,,,,,,,,,,,,,,,,,,,,,,,,,,,,,,,,,,,,,
1873,125.0,3.0,4.0,365000.0,1.0,1.0,1.0,1.0,,,,1.0,,1.0,Tunis,Ain-Zaghouane,Appartement,vente,36.8619,10.2713,2920.0,41.666666666666664,4.0,,,,,,,,,,,,,,,,,,,,,,,,,,,,,,,,,,,,,,,,,,,,,,,,,,,,,,,,,,,,,,,,,,,,,,,,,,,
1874,156.0,3.0,1.0,680000.0,,,,1.0,,,,1.0,,1.0,Tunis,Ain-Zaghouane,Appartement,vente,36.8638,10.2895,4358.974358974359,52.0,0.0,,,,,,,,,,,,,,,,,,0.0,,,,,,,0.0,,True,,,0.05,,,,,,,,,,,,,,-0.13064922,0.27791628,-0.11551321,-0.040942233,-0.044079684,0.0076134005,0.10856377,0.062346507,-0.080396004,-0.021592246,-0.014829376,-0.01510723,-0.031315047,-0.011102737,0.027456084,-0.034518566,0.020027785,-0.10449678,0.007131318,-0.029430969,-0.03234768,-0.036950868,-0.052220188,-0.046778116,-0.048373114,-0.028655147,0.006471179,-0.0634079,-0.062050335,0.039376315,-0.078090355,0.022069165
1875,115.0,3.0,2.0,280000.0,,1.0,1.0,1.0,,,,,,,Tunis,Soukra,Appartement,vente,36.87820174113598,10.265521475992523,2434.782608695652,38.333333333333336,0.0,,,,,,,,,,,,,,,,,,,,,,,,,,,,,,,,,,,,,,,,,,,,,,,,,,,,,,,,,,,,,,,,,,,,,,,,,,,
1876,122.0,3.0,2.0,360000.0,,,1.0,1.0,,,,,,,Tunis,Jardins-D-El-Menzah-2,Appartement,vente,36.862401741136,10.131321492231535,2950.8196721311474,40.666666666666664,0.0,,,,,,,,,,,,,,,,,,,,,,,,,,,,,,,,,,,,,,,,,,,,,,,,,,,,,,,,,,,,,,,,,,,,,,,,,,,
1877,138.0,4.0,3.0,394000.0,,1.0,1.0,1.0,,,,,,,Tunis,Aouina-2,Appartement,vente,36.86,10.2677,2855.072463768116,34.5,0.0,,,,,,,,,,,,,,,,,,,,,,,,,,,,,,,,,,,,,,,,,,,,,,,,,,,,,,,,,,,,,,,,,,,,,,,,,,,
1878,123.0,4.0,6.0,245000.0,1.0,1.0,,1.0,,1.0,1.0,1.0,,,Tunis,Madina-Jadida,Appartement,vente,36.7425,10.2548,1991.8699186991869,30.75,6.0,,,,,,,,,,,,,,,,,,,,,,,,,,,,,,,,,,,,,,,,,,,,-0.018114913,0.29971674,-0.15788868,-0.11110213,0.10207298,0.08999666,0.016313396,-0.017652381,0.0985389,-0.05432464,0.00049779395,-0.006167206,-0.034573227,-0.0237557,-0.036394954,0.044743452,0.07418925,-0.03989577,0.0064287097,0.033573583,0.0019229633,0.03582287,0.01795644,-0.07255703,0.02955496,0.018867614,0.03203101,-0.011344964,0.002075036,0.000106087566,0.0011051812,-0.018487263
1879,92.0,3.0,3.0,177000.0,,1.0,,1.0,,1.0,,1.0,,,Tunis,Ariana-Ville,Appartement,vente,36.86580174113599,10.183721488738138,1923.9130434782608,30.666666666666668,0.0,,,,,,,,,,,,,,,,,,,,,,,,,,,,,,,,,,,,,,,,,,,,,,,,,,,,,,,,,,,,,,,,,,,,,,,,,,,
1880,81.0,2.0,1.0,135000.0,,1.0,,1.0,,,,,,,Tunis,Manouba,Appartement,vente,36.8088,10.1026,1666.6666666666667,40.5,0.0,,,,,,,,,,,,,,,,,,,,,,,,,,,,,,,,,,,,,,,,,,,,,,,,,,,,,,,,,,,,,,,,,,,,,,,,,,,
1881,158.0,4.0,1.0,675000.0,,1.0,1.0,1.0,,,1.0,1.0,,,Tunis,Les-Jardins-De-Carthage,Appartement,vente,36.853201741136,10.292321501681323,4272.151898734177,39.5,0.0,,,,,,,,,,,,,,,,,,,,,,,,,,,,,,,,,,,,,,,,,,,,,,,,,,,,,,,,,,,,,,,,,,,,,,,,,,,
1882,132.0,4.0,2.0,390000.0,1.0,,1.0,1.0,,,,1.0,,,Tunis,Manouba,Appartement,vente,36.806,10.0918,2954.5454545454545,33.0,2.0,,,,,,,,,,,,,,,,,,,,,,,,,,,,,,,,,,,,,,,,,,,,,,,,,,,,,,,,,,,,,,,,,,,,,,,,,,,
1883,80.0,3.0,0.0,200000.0,,,1.0,1.0,,,,1.0,,,Tunis,Madina-Jadida,Appartement,vente,36.7366,10.2479,2500.0,26.666666666666668,0.0,,,,,,,,,,,,,,,,,,,,,,,,,,,,,,,,,,,,,,,,,,,,,,,,,,,,,,,,,,,,,,,,,,,,,,,,,,,
1884,130.0,3.0,,390000.0,,,1.0,1.0,,,1.0,1.0,,1.0,Tunis,Ain-Zaghouane,Appartement,vente,36.8657,10.2943,3000.0,43.333333333333336,0.0,,,,,,,,,,,,,,,,,,,,,,,,,,,,,,,,,,,,,,,,,,,,,,,,,,,,,,,,,,,,,,,,,,,,,,,,,,,
1885,138.0,4.0,5.0,370000.0,1.0,,1.0,1.0,,,,1.0,,,Tunis,Nouvelle-Ariana,Appartement,vente,36.858,10.1844,2681.159420289855,34.5,5.0,,,,,,,,,,,,,,,,,,,,,,,,,,,,,,,,,,,,,,,,,,,,,,,,,,,,,,,,,,,,,,,,,,,,,,,,,,,
1886,115.0,4.0,1.0,250000.0,1.0,1.0,,1.0,,,,,,,Tunis,Lafayette,Appartement,vente,36.81360174113604,10.176821542307444,2173.913043478261,28.75,1.0,,,,,,,,,,,,,,,,,,,,,,,,,,,,,,,,,,,,,,,,,,,,,,,,,,,,,,,,,,,,,,,,,,,,,,,,,,,
1887,120.0,4.0,3.0,240000.0,1.0,1.0,,1.0,,,,,,,Tunis,Lafayette,Appartement,vente,36.80990174113605,10.179521546099258,2000.0,30.0,3.0,,,,,,,,,,,,,,,,,,,,,,,,,,,,,,,,,,,,,,,,,,,,,,,,,,,,,,,,,,,,,,,,,,,,,,,,,,,
1888,140.0,4.0,3.0,550000.0,1.0,1.0,1.0,1.0,,1.0,,1.0,,,Tunis,Ennasr,Appartement,vente,36.861301741136,10.16512149336163,3928.5714285714284,35.0,3.0,,,,,,,,,,,,,,,,,,,,,,,,,,,,,,,,,,,,,,,,,,,,,,,,,,,,,,,,,,,,,,,,,,,,,,,,,,,
1889,135.0,4.0,6.0,360000.0,1.0,1.0,1.0,1.0,,,,1.0,,,Tunis,Menzah-9,Appartement,vente,36.852601741136006,10.152221502297463,2666.6666666666665,33.75,6.0,,,,,,,,,,,,,,,,,,,,,,,,,,,,,,,,,,,,,,,,,,,,,,,,,,,,,,,,,,,,,,,,,,,,,,,,,,,
1890,131.0,4.0,1.0,270000.0,,,1.0,1.0,,,,1.0,,,Tunis,Ariana-Ville,Appartement,vente,36.8672,10.1888,2061.0687022900765,32.75,0.0,,,,,,,,,,,,,,,,,,,,,,,,,,,,,,,,,,,,,,,,,,,,,,,,,,,,,,,,,,,,,,,,,,,,,,,,,,,
1891,100.0,3.0,1.0,310000.0,1.0,1.0,,1.0,,,1.0,1.0,,,Tunis,Jardins-D-El-Menzah-1,Appartement,vente,36.85340174113601,10.13312150147594,3100.0,33.333333333333336,1.0,,,,,,,,,,,,,,,,,,,,,,,,,,,,,,,,,,,,,,,,,,,,,,,,,,,,,,,,,,,,,,,,,,,,,,,,,,,
1892,47.0,2.0,2.0,105000.0,,,1.0,1.0,,1.0,,,,,Tunis,Centre-Ville,Appartement,vente,36.79120174113606,10.176221565252671,2234.0425531914893,23.5,0.0,,,,,,,,,,,,,,,,,,,,,,,,,,,,,,,,,,,,,,,,,,,,,,,,,,,,,,,,,,,,,,,,,,,,,,,,,,,
1893,75.0,2.0,0.0,130000.0,,,,1.0,,,,,,,Tunis,Manouba,Appartement,vente,36.8101,10.1103,1733.3333333333333,37.5,0.0,,,,,,,,,,,,,,,,,,,,,,,,,,,,,,,,,,,,,,,,,,,,,,,,,,,,,,,,,,,,,,,,,,,,,,,,,,,
1894,80.0,3.0,3.0,125000.0,,1.0,,1.0,,,,,,,Tunis,Manouba,Appartement,vente,36.8069,10.1038,1562.5,26.666666666666668,0.0,,,,,,,,,,,,,,,,,,,,,,,,,,,,,,,,,,,,,,,,,,,,,,,,,,,,,,,,,,,,,,,,,,,,,,,,,,,
1895,79.0,3.0,1.0,400000.0,,,,1.0,,1.0,,,,,Tunis,Soukra,Appartement,vente,36.86430174113599,10.211921490279416,5063.291139240507,26.333333333333332,0.0,,,,,,,,,,,,,,,,,,,,,,,,,,,,,,,,,,,,,,,,,,,,,,,,,,,,,,,,,,,,,,,,,,,,,,,,,,,
1896,105.0,2.0,5.0,340000.0,1.0,1.0,1.0,1.0,,,,,,,Tunis,Manar-1,Appartement,vente,36.833901741136025,10.152321521491364,3238.095238095238,52.5,5.0,,,,,,,,,,,,,,,,,,,,,,,,,,,,,,,,,,,,,,,,,,,,-0.1712834,0.31193578,-0.11741337,0.0163668,-0.13417234,0.051052265,0.06634931,-0.00709551,0.04478035,0.054956194,0.020192308,-0.014154618,0.03979113,0.031468794,-0.043726243,-0.04679422,0.016461547,0.035003982,-0.014589281,-0.021792123,0.013813513,0.003188976,0.027121846,-0.020367729,0.014872215,0.0019793357,-0.016036887,-0.016474266,0.014308867,-0.026118401,0.03295319,-0.002733242
1897,177.0,4.0,1.0,630000.0,,1.0,1.0,1.0,,,,1.0,,,Tunis,Sidi-Daoued,Appartement,vente,36.86650174113599,10.310221488018836,3559.322033898305,44.25,0.0,,,,,,,,,,,,,,,,,,,,,,,,,,,,,,,,,,,,,,,,,,,,,,,,,,,,,,,,,,,,,,,,,,,,,,,,,,,
1898,61.0,2.0,2.0,115000.0,,1.0,,1.0,,,,1.0,,,Tunis,Nouvelle-Ariana,Appartement,vente,36.86930174113599,10.186621485141377,1885.2459016393443,30.5,0.0,,,,,,,,,,,,,,,,,,,,,,,,,,,,,,,,,,,,,,,,,,,,,,,,,,,,,,,,,,,,,,,,,,,,,,,,,,,
1899,121.0,3.0,3.0,315000.0,1.0,1.0,1.0,1.0,,,,1.0,,,Tunis,Riadh-Landalous,Appartement,vente,36.86830174113598,10.179921486169086,2603.305785123967,40.333333333333336,3.0,,,,,,,,,,,,,,,,,,,,,,,,,,,,,,,,,,,,,,,,,,,,,,,,,,,,,,,,,,,,,,,,,,,,,,,,,,,
1900,65.0,2.0,4.0,93000.0,,,,1.0,,,,,,,Tunis,Centre-Ville,Appartement,vente,36.80610174113605,10.181521549992828,1430.7692307692307,32.5,0.0,,,,,,,,,,,,,,,,,,,,,,,,,,,,,,,,,,,,,,,,,,,,,,,,,,,,,,,,,,,,,,,,,,,,,,,,,,,
1901,155.0,5.0,2.0,450000.0,1.0,1.0,1.0,1.0,1.0,,,,,,Tunis,Jardins-D-Ennasr,Appartement,vente,36.863,10.1541,2903.2258064516127,31.0,2.0,,,,,,,,,,,,,,,,,,,,,,,,,,,,,,,,,,,,,,,,,,,,,,,,,,,,,,,,,,,,,,,,,,,,,,,,,,,
1902,174.0,4.0,3.0,365000.0,,1.0,,1.0,,,,1.0,,,Tunis,Aouina-2,Appartement,vente,36.8618,10.2658,2097.7011494252874,43.5,0.0,,,,,,,,,,,,,,,,,,,,,,,,,,,,,,,,,,,,,,,,,,,,,,,,,,,,,,,,,,,,,,,,,,,,,,,,,,,
1903,133.0,4.0,5.0,299000.0,1.0,1.0,1.0,1.0,,,,,,,Tunis,Aouina,Appartement,vente,36.860301741135984,10.253221494388931,2248.1203007518798,33.25,5.0,,,,,,,,,,,,,,,,,,,,,,,,,,,,,,,,,,,,,,,,,,,,,,,,,,,,,,,,,,,,,,,,,,,,,,,,,,,
1904,133.0,6.0,1.0,210000.0,,,,1.0,,,,,,,Tunis,Lafayette,Appartement,vente,36.81400174113604,10.181421541897477,1578.9473684210527,22.166666666666668,0.0,,,,,,,,,,,,,,,,,,,,,,,,,,,,,,,,,,,,,,,,,,,,,,,,,,,,,,,,,,,,,,,,,,,,,,,,,,,
1905,145.0,4.0,5.0,340000.0,,1.0,1.0,1.0,,,,1.0,,,Tunis,Ennasr,Appartement,vente,36.861901741136,10.165721492745224,2344.8275862068967,36.25,0.0,,,,,,,,,,,,,,,,,,,,,,,,,,,,,,,,,,,,,,,,,,,,,,,,,,,,,,,,,,,,,,,,,,,,,,,,,,,
1906,121.0,3.0,3.0,250000.0,1.0,1.0,,1.0,,,,1.0,,,Tunis,Cite-Du-Stade,Appartement,vente,36.7505017411361,10.228521606878363,2066.115702479339,40.333333333333336,3.0,,,,,,,,,,,,,,,,,,,,,,,,,,,,,,,,,,,,,,,,,,,,,,,,,,,,,,,,,,,,,,,,,,,,,,,,,,,
1907,108.0,4.0,0.0,520000.0,1.0,,,1.0,,,,1.0,,1.0,Tunis,Centre-Urbain-Nord,Appartement,vente,36.8484,10.1988,4814.814814814815,27.0,0.0,,,,,,,,,,,,,,,,,,,,,,,,,,,,,,,,,,,,,,,,,,,,,,,,,,,,,,,,,,,,,,,,,,,,,,,,,,,
1908,70.0,3.0,0.0,175000.0,,1.0,,1.0,,,,,,,Tunis,Manouba,Appartement,vente,36.77950174113607,10.076121577227362,2500.0,23.333333333333332,0.0,,,,,,,,,,,,,,,,,,,,,,,,,,,,,,,,,,,,,,,,,,,,,,,,,,,,,,,,,,,,,,,,,,,,,,,,,,,
1909,122.0,4.0,2.0,235000.0,1.0,1.0,,1.0,,,,,,,Tunis,Lafayette,Appartement,vente,36.81830174113604,10.179921537489816,1926.2295081967213,30.5,2.0,,,,,,,,,,,,,,,,,,,,,,,,,,,,,,,,,,,,,,,,,,,,,,,,,,,,,,,,,,,,,,,,,,,,,,,,,,,
1910,128.0,4.0,2.0,230000.0,,1.0,1.0,1.0,,,,,,,Tunis,Ariana-Ville,Appartement,vente,36.8543,10.1897,1796.875,32.0,0.0,,,,,,,,,,,,,,,,,,,,,,,,,,,,,,,,,,,,,,,,,,,,,,,,,,,,,,,,,,,,,,,,,,,,,,,,,,,
1911,146.0,4.0,,320000.0,1.0,1.0,1.0,1.0,,,,1.0,,,Tunis,Menzah-6,Appartement,vente,36.84450174113601,10.166221510613576,2191.780821917808,36.5,0.0,,,,,,,,,,,,,,,,,,,,,,,,,,,,,,,,,,,,,,,,,,,,,,,,,,,,,,,,,,,,,,,,,,,,,,,,,,,
1912,117.0,2.0,3.0,315000.0,,,1.0,1.0,,,,1.0,,,Tunis,Ennasr-2,Appartement,vente,36.8582,10.1612,2692.3076923076924,58.5,0.0,,,,,,,,,,,,,,,,,,,,,,,,,,,,,,,,,,,,,,,,,,,,-0.18380105,0.26946002,-0.07203378,0.023922097,-0.06272052,0.014278489,0.039180245,0.019008147,0.05073681,0.021339618,-0.0076846397,-0.02824097,0.013888414,0.03609652,-0.024250897,-0.043521777,-0.016826522,0.065465584,0.0019519123,-0.0119112125,0.008017983,-0.0005455674,0.015883192,0.017876333,-0.018184327,0.008188674,0.032316722,0.0059377514,0.017192027,0.042871688,0.027484188,-0.008566565
1913,126.0,4.0,3.0,280000.0,1.0,1.0,,1.0,,,,,,,Tunis,Cite-El-Ghazala,Appartement,vente,36.8963,10.1781,2222.222222222222,31.5,3.0,,,,,,,,,,,,,,,,,,,,,,,,,,,,,,,,,,,,,,,,,,,,,,,,,,,,,,,,,,,,,,,,,,,,,,,,,,,
1914,60.0,3.0,1.0,150000.0,,,,1.0,,,,,,,Tunis,Lafayette,Appartement,vente,36.81480174113604,10.178221541077516,2500.0,20.0,0.0,,,,,,,,,,,,,,,,,,,,,,,,,,,,,,,,,,,,,,,,,,,,,,,,,,,,,,,,,,,,,,,,,,,,,,,,,,,
1915,229.0,5.0,5.0,590000.0,1.0,1.0,1.0,1.0,,,,1.0,,,Tunis,Jardins-D-Ennasr,Appartement,vente,36.8626,10.1559,2576.4192139737993,45.8,5.0,,,,,,,,,,,,,,,,,,,,,,,,,,,,,,,,,,,,,,,,,,,,,,,,,,,,,,,,,,,,,,,,,,,,,,,,,,,
1916,152.0,4.0,2.0,317000.0,1.0,1.0,1.0,1.0,,,,,,,Tunis,Jardins-D-Ennasr,Appartement,vente,36.863,10.1548,2085.5263157894738,38.0,2.0,,,,,,,,,,,,,,,,,,,,,,,,,,,,,,,,,,,,,,,,,,,,,,,,,,,,,,,,,,,,,,,,,,,,,,,,,,,
1917,120.0,4.0,3.0,195000.0,,1.0,1.0,1.0,,,,,,,Tunis,Bardo,Appartement,vente,36.81840174113604,10.146821537387302,1625.0,30.0,0.0,,,,,,,,,,,,,,,,,,,,,,,,,,,,,,,,,,,,,,,,,,,,,,,,,,,,,,,,,,,,,,,,,,,,,,,,,,,
1918,100.0,3.0,3.0,100000.0,,,,1.0,,,,,,,Tunis,Nouvelle-Ariana,Appartement,vente,36.87920174113598,10.204821474964309,1000.0,33.333333333333336,0.0,,,,,,,,,,,,,,,,,,,,,,,,,,,,,,,,,,,,,,,,,,,,,,,,,,,,,,,,,,,,,,,,,,,,,,,,,,,
1919,115.0,3.0,1.0,170000.0,,,1.0,1.0,,,,1.0,,,Tunis,Ariana-Ville,Appartement,vente,36.864,10.186,1478.2608695652175,38.333333333333336,0.0,,,,,,,,,,,,,,,,,,,,,,,,,,,,,,,,,,,,,,,,,,,,,,,,,,,,,,,,,,,,,,,,,,,,,,,,,,,
1920,178.0,4.0,0.0,495000.0,,,1.0,1.0,,,1.0,,,,Tunis,St-Clement,Appartement,vente,36.81360174113604,10.126421542307444,2780.8988764044943,44.5,0.0,,,,,,,,,,,,,,,,,,,,,,,,,,,,,,,,,,,,,,,,,,,,,,,,,,,,,,,,,,,,,,,,,,,,,,,,,,,
1921,107.0,3.0,,360000.0,,,1.0,1.0,,,,,,1.0,Tunis,Ezzahra,Appartement,vente,36.7399,10.2989,3364.4859813084113,35.666666666666664,0.0,,,,,,,,,,,,,,,,,,,,,,,,,,,,,,,,,,,,,,,,,,,,-0.1092511,0.2643637,-0.04150711,0.09088285,-0.02001629,0.1450511,-0.0009732636,-0.10955722,-0.028659668,0.070090614,-0.008899663,-0.0039793616,0.027770018,0.0141101815,-0.029659558,-0.020504804,0.0066927713,0.026434865,-0.034582675,0.061531022,-0.042375073,-0.048635133,0.029809317,-0.02185043,-0.07034207,0.013527658,0.047396332,0.00015153147,0.04212464,0.006933106,0.03436015,0.07812509
1922,118.0,3.0,3.0,249000.0,,1.0,,1.0,,,,,,,Tunis,Cite-Olympique,Appartement,vente,36.8375,10.1917,2110.169491525424,39.333333333333336,0.0,,,,,,,,,,,,,,,,,,,,,,,,,,,,,,,,,,,,,,,,,,,,,,,,,,,,,,,,,,,,,,,,,,,,,,,,,,,
1923,110.0,2.0,2.0,295000.0,1.0,1.0,1.0,1.0,,,,1.0,,,Tunis,Ennasr-2,Appartement,vente,36.8578,10.1609,2681.818181818182,55.0,2.0,,,,,,,,,,,,,,,,,,,,,,,,,,,,,,,,,,,,,,,,,,,,,,,,,,,,,,,,,,,,,,,,,,,,,,,,,,,
1924,89.0,3.0,4.0,325000.0,1.0,1.0,1.0,1.0,,,,1.0,,,Tunis,Jardins-D-Ennasr,Appartement,vente,36.8671,10.1513,3651.6853932584268,29.666666666666668,4.0,,,,,,,,,,,,,,,,,,,,,,,,,,,,,,,,,,,,,,,,,,,,,,,,,,,,,,,,,,,,,,,,,,,,,,,,,,,
1925,44.0,2.0,3.0,130000.0,1.0,,,1.0,,,,,,,Tunis,Borj-Cedria,Appartement,vente,36.7054,10.4113,2954.5454545454545,22.0,3.0,,,,,,,,,,,,,,,,,,,,,,,,,,,,,,,,,,,,,,,,,,,,,,,,,,,,,,,,,,,,,,,,,,,,,,,,,,,
1926,112.0,3.0,1.0,265000.0,,1.0,1.0,1.0,,,,1.0,,,Tunis,Manar-1,Appartement,vente,36.84040174113602,10.1345215148217,2366.0714285714284,37.333333333333336,0.0,,,,,,,,,,,,,,,,,,,,,,,,,,,,,,,,,,,,,,,,,,,,,,,,,,,,,,,,,,,,,,,,,,,,,,,,,,,
1927,68.0,2.0,2.0,99000.0,,1.0,,1.0,,,,1.0,,,Tunis,Manouba,Appartement,vente,36.78310174113607,10.07922157354358,1455.8823529411766,34.0,0.0,,,,,,,,,,,,,,,,,,,,,,,,,,,,,,,,,,,,,,,,,,,,,,,,,,,,,,,,,,,,,,,,,,,,,,,,,,,
1928,78.0,3.0,1.0,178000.0,,,,1.0,,,,,,,Tunis,Manouba,Appartement,vente,36.8106,10.1099,2282.051282051282,26.0,0.0,,,,,,,,,,,,,,,,,,,,,,,,,,,,,,,,,,,,,,,,,,,,,,,,,,,,,,,,,,,,,,,,,,,,,,,,,,,
1929,115.0,4.0,3.0,268000.0,1.0,1.0,1.0,1.0,,,,1.0,,,Tunis,Centre-Ville,Appartement,vente,36.80290174113605,10.179321553271055,2330.4347826086955,28.75,3.0,,,,,,,,,,,,,,,,,,,,,,,,,,,,,,,,,,,,,,,,,,,,,,,,,,,,,,,,,,,,,,,,,,,,,,,,,,,
1930,185.0,5.0,3.0,377000.0,,,,1.0,,,,,,,Tunis,Centre-Ville,Appartement,vente,36.80400174113605,10.180421552144226,2037.837837837838,37.0,0.0,,,,,,,,,,,,,,,,,,,,,,,,,,,,,,,,,,,,,,,,,,,,,,,,,,,,,,,,,,,,,,,,,,,,,,,,,,,
1931,63.0,2.0,2.0,225000.0,,,1.0,1.0,,,,,,1.0,Tunis,Chotrana,Appartement,vente,36.87470174113598,10.223621479590866,3571.4285714285716,31.5,0.0,,,,,,,,,,,,,,,,,,,,,,,,,,,,,,,,,,,,,,,,,,,,,,,,,,,,,,,,,,,,,,,,,,,,,,,,,,,
1932,111.0,3.0,3.0,305000.0,,1.0,1.0,1.0,,,,1.0,,,Tunis,Boumhal-El-Basatine,Appartement,vente,36.7337,10.2957,2747.747747747748,37.0,0.0,,,,,,,,,,,,,,,,,,,,,,,,,,,,,,,,,,,,,,,,,,,,,,,,,,,,,,,,,,,,,,,,,,,,,,,,,,,
1933,112.0,3.0,1.0,590478.0,1.0,1.0,,1.0,,,,,,,Tunis,Zone-Activite-Kheireddine,Appartement,vente,36.833601741136015,10.308221521799142,5272.125,37.333333333333336,1.0,,,,,,,,,,,,,,,,,,,,,,,,,,,,,,,,,,,,,,,,,,,,,,,,,,,,,,,,,,,,,,,,,,,,,,,,,,,
1934,128.0,4.0,1.0,539994.0,1.0,1.0,,1.0,,,,,,,Tunis,Zone-Activite-Kheireddine,Appartement,vente,36.833601741136015,10.308221521799142,4218.703125,32.0,1.0,,,,,,,,,,,,,,,,,,,,,,,,,,,,,,,,,,,,,,,,,,,,,,,,,,,,,,,,,,,,,,,,,,,,,,,,,,,
1935,62.0,2.0,1.0,260778.0,1.0,1.0,,1.0,,,,,,,Tunis,Zone-Activite-Kheireddine,Appartement,vente,36.833601741136015,10.308221521799142,4206.096774193548,31.0,1.0,,,,,,,,,,,,,,,,,,,,,,,,,,,,,,,,,,,,,,,,,,,,,,,,,,,,,,,,,,,,,,,,,,,,,,,,,,,
1936,67.0,2.0,1.0,200000.0,,1.0,1.0,1.0,,,,,,,Tunis,Manouba,Appartement,vente,36.8054,10.0919,2985.0746268656717,33.5,0.0,,,,,,,,,,,,,,,,,,,,,,,,,,,,,,,,,,,,,,,,,,,,,,,,,,,,,,,,,,,,,,,,,,,,,,,,,,,
1937,110.0,4.0,,375000.0,,,1.0,1.0,,,,,,,Tunis,Marsa-Les-Pins,Appartement,vente,36.866701741136,10.314321487813311,3409.090909090909,27.5,0.0,,,,,,,,,,,,,,,,,,,,,,,,,,,,,,,,,,,,,,,,,,,,,,,,,,,,,,,,,,,,,,,,,,,,,,,,,,,
1938,92.0,4.0,1.0,182000.0,,1.0,,1.0,,,,1.0,,,Tunis,Manouba,Appartement,vente,36.79370174113605,10.089321562693083,1978.2608695652175,23.0,0.0,,,,,,,,,,,,,,,,,,,,,,,,,,,,,,,,,,,,,,,,,,,,,,,,,,,,,,,,,,,,,,,,,,,,,,,,,,,
1939,94.0,2.0,1.0,250000.0,,1.0,1.0,1.0,,,,,,,Tunis,Gammarth,Appartement,vente,36.89500174113597,10.2949214587118,2659.574468085106,47.0,0.0,,,,,,,,,,,,,,,,,,,,,,,,,,,,,,,,,,,,,,,,,,,,,,,,,,,,,,,,,,,,,,,,,,,,,,,,,,,
1940,68.0,2.0,5.0,190000.0,1.0,,1.0,1.0,,,,1.0,,1.0,Tunis,Madina-Jadida,Appartement,vente,36.741,10.2517,2794.1176470588234,34.0,5.0,,,,,,,,,,,,,,,,,,,,,,,,,,,,,,,,,,,,,,,,,,,,,,,,,,,,,,,,,,,,,,,,,,,,,,,,,,,
1941,155.0,4.0,,320000.0,,,1.0,1.0,,,,,,,Tunis,Soukra,Appartement,vente,36.863901741136,10.216421490690404,2064.516129032258,38.75,0.0,,,,,,,,,,,,,,,,,,,,,,,,,,,,,,,,,,,,,,,,,,,,,,,,,,,,,,,,,,,,,,,,,,,,,,,,,,,
1942,76.0,3.0,2.0,265000.0,1.0,,1.0,1.0,,,,,,,Tunis,Menzah-9,Appartement,vente,36.85360174113602,10.14892150127055,3486.842105263158,25.333333333333332,2.0,,,,,,,,,,,,,,,,,,,,,,,,,,,,,,,,,,,,,,,,,,,,,,,,,,,,,,,,,,,,,,,,,,,,,,,,,,,
1943,130.0,3.0,4.0,335000.0,1.0,1.0,1.0,1.0,,,,1.0,,,Tunis,Jardins-D-El-Menzah-1,Appartement,vente,36.853801741136,10.130821501065164,2576.923076923077,43.333333333333336,4.0,,,,,,,,,,,,,,,,,,,,,,,,,,,,,,,,,,,,,,,,,,,,,,,,,,,,,,,,,,,,,,,,,,,,,,,,,,,
1944,124.0,4.0,1.0,370000.0,1.0,1.0,1.0,1.0,,,,,,,Tunis,Manouba,Appartement,vente,36.8054,10.0919,2983.8709677419356,31.0,1.0,,,,,,,,,,,,,,,,,,,,,,,,,,,,,,,,,,,,,,,,,,,,,,,,,,,,,,,,,,,,,,,,,,,,,,,,,,,
1945,105.0,3.0,6.0,310000.0,1.0,1.0,1.0,1.0,,,,,,,Tunis,Manouba,Appartement,vente,36.8054,10.0919,2952.3809523809523,35.0,6.0,,,,,,,,,,,,,,,,,,,,,,,,,,,,,,,,,,,,,,,,,,,,,,,,,,,,,,,,,,,,,,,,,,,,,,,,,,,
1946,52.0,3.0,,120000.0,1.0,,,1.0,,,,,,,Tunis,Ben-Arous,Appartement,vente,36.755101741136095,10.222821602177936,2307.6923076923076,17.333333333333332,0.0,,,,,,,,,,,,,,,,,,,,,,,,,,,,,,,,,,,,,,,,,,,,,,,,,,,,,,,,,,,,,,,,,,,,,,,,,,,
1947,180.0,4.0,7.0,395000.0,,,1.0,1.0,,,,1.0,,1.0,Tunis,Ennasr-2,Appartement,vente,36.863801741136,10.16802149079315,2194.4444444444443,45.0,0.0,,,,,,,,,,,,,,,,,,,,,,,,,,,,,,,,,,,,,,,,,,,,,,,,,,,,,,,,,,,,,,,,,,,,,,,,,,,
1948,120.0,4.0,1.0,185000.0,,1.0,1.0,1.0,,,,1.0,,,Tunis,Manouba,Appartement,vente,36.7962,10.0826,1541.6666666666667,30.0,0.0,,,,,,,,,,,,,,,,,,,,,,,,,,,,,,,,,,,,,,,,,,,,,,,,,,,,,,,,,,,,,,,,,,,,,,,,,,,
1949,124.0,3.0,1.0,350000.0,,,1.0,1.0,,,,1.0,,1.0,Tunis,Chotrana,Appartement,vente,36.879501741135975,10.225021474655836,2822.5806451612902,41.333333333333336,0.0,,,,,,,,,,,,,,,,,,,,,,,,,,,,,,,,,,,,,,,,,,,,,,,,,,,,,,,,,,,,,,,,,,,,,,,,,,,
1950,101.0,3.0,6.0,290000.0,1.0,1.0,1.0,1.0,,,,1.0,,,Tunis,El-Mourouj-6,Appartement,vente,36.70720174113614,10.211221651071329,2871.2871287128714,33.666666666666664,6.0,,,,,,,,,,,,,,,,,,,,,,,,,,,,,,,,,,,,,,,,,,,,,,,,,,,,,,,,,,,,,,,,,,,,,,,,,,,
1951,116.0,2.0,1.0,170000.0,1.0,1.0,1.0,1.0,,,,1.0,,,Tunis,Bardo,Appartement,vente,36.81800174113605,10.146721537797356,1465.5172413793102,58.0,1.0,,,,,,,,,,,,,,,,,,,,,,,,,,,,,,,,,,,,,,,,,,,,,,,,,,,,,,,,,,,,,,,,,,,,,,,,,,,
1952,130.0,4.0,1.0,450000.0,,1.0,1.0,1.0,,,,,,,Tunis,St-Clement,Appartement,vente,36.81360174113604,10.126421542307444,3461.5384615384614,32.5,0.0,,,,,,,,,,,,,,,,,,,,,,,,,,,,,,,,,,,,,,,,,,,,,,,,,,,,,,,,,,,,,,,,,,,,,,,,,,,
1953,65.0,1.0,1.0,227000.0,,1.0,1.0,1.0,,,,,,,Tunis,Ennasr-2,Appartement,vente,36.8577,10.1615,3492.3076923076924,65.0,0.0,,,,,,,,,,,,,,,,,,,,,,,,,,,,,,,,,,,,,,,,,,,,,,,,,,,,,,,,,,,,,,,,,,,,,,,,,,,
1954,48.0,1.0,0.0,140000.0,,,,1.0,,,,,,,Tunis,Ennasr-2,Appartement,vente,36.860901741136,10.166421493772557,2916.6666666666665,48.0,0.0,,,,,,,,,,,,,,,,,,,,,,,,,,,,,,,,,,,,,,,,,,,,,,,,,,,,,,,,,,,,,,,,,,,,,,,,,,,
1955,47.0,3.0,1.0,92000.0,,1.0,,1.0,,,,,,,Tunis,Lafayette,Appartement,vente,36.80810174113605,10.177221547943672,1957.4468085106382,15.666666666666666,0.0,,,,,,,,,,,,,,,,,,,,,,,,,,,,,,,,,,,,,,,,,,,,,,,,,,,,,,,,,,,,,,,,,,,,,,,,,,,
1956,152.0,4.0,0.0,510000.0,,1.0,1.0,1.0,,1.0,,1.0,,,Tunis,Centre-Urbain-Nord,Appartement,vente,36.8458,10.1987,3355.2631578947367,38.0,0.0,,,,,,,,,,,,,,,,,,,,,,,,,,,,,,,,,,,,,,,,,,,,,,,,,,,,,,,,,,,,,,,,,,,,,,,,,,,
1957,150.0,4.0,2.0,360000.0,,,1.0,1.0,,,,1.0,,,Tunis,Soukra,Appartement,vente,36.86430174113599,10.208821490279414,2400.0,37.5,0.0,,,,,,,,,,,,,,,,,,,,,,,,,,,,,,,,,,,,,,,,,,,,-0.18879268,0.30027536,-0.06393853,0.0044047246,-0.044008642,0.06786184,-0.024888862,-0.02576252,0.08595135,0.012256953,-0.016225092,-0.00015594882,-0.023494964,-6.6177504e-06,-0.026258852,0.010182477,-0.017987588,0.037792902,-0.0051704533,0.02312294,0.041527756,-0.0028773737,-0.018863935,-0.011636542,0.015645375,-0.026747597,-0.022756936,-0.07228719,-0.0012248318,0.042106234,0.019645104,-0.013244095
1958,100.0,2.0,,360000.0,1.0,1.0,1.0,1.0,,,,1.0,,,Tunis,Soukra,Appartement,vente,36.86740174113599,10.221821487093978,3600.0,50.0,0.0,,,,,,,,,,,,,,,,,,,,,,,,,,,,,,,,,,,,,,,,,,,,,,,,,,,,,,,,,,,,,,,,,,,,,,,,,,,
1959,90.0,3.0,1.0,280000.0,1.0,1.0,1.0,1.0,,,,,,,Tunis,Manar-1,Appartement,vente,36.83500174113602,10.151521520362802,3111.1111111111113,30.0,1.0,,,,,,,,,,,,,,,,,,,,,,,,,,,,,,,,,,,,,,,,,,,,,,,,,,,,,,,,,,,,,,,,,,,,,,,,,,,
1960,72.0,3.0,2.0,280000.0,,,,1.0,,,,,,,Tunis,Notre-Dame,Appartement,vente,36.83250174113602,10.157521522927627,3888.8888888888887,24.0,0.0,,,,,,,,,,,,,,,,,,,,,,,,,,,,,,,,,,,,,,,,,,,,-0.16685832,0.23747863,-0.022947049,-0.044754565,-0.11019505,-0.030523416,0.07644418,0.05492949,-0.06284454,0.020825373,-0.07025814,-0.023519337,0.016166471,-0.020526538,-0.033677414,0.016231902,0.031571493,-0.03199538,0.023617169,-0.030652536,0.009376351,0.012092027,0.011032483,-0.0007506434,-0.0058927904,0.017629217,-0.011134728,-0.060887687,-0.0116637815,0.0021141341,0.014834664,0.024059754
1961,45.0,1.0,3.0,121000.0,,,,1.0,,,,,,,Tunis,Manar-1,Appartement,vente,36.834901741136015,10.1473215204654,2688.8888888888887,45.0,0.0,,,,,,,,,,,,,,,,,,,,,,,,,,,,,,,,,,,,,,,,,,,,,,,,,,,,,,,,,,,,,,,,,,,,,,,,,,,
1962,120.0,4.0,2.0,265000.0,1.0,1.0,1.0,1.0,,,,1.0,,,Tunis,Notre-Dame,Appartement,vente,36.833401741136015,10.159421522004328,2208.3333333333335,30.0,2.0,,,,,,,,,,,,,,,,,,,,,,,,,,,,,,,,,,,,,,,,,,,,,,,,,,,,,,,,,,,,,,,,,,,,,,,,,,,
1963,97.0,3.0,2.0,210000.0,,1.0,1.0,1.0,,1.0,,1.0,,,Tunis,Manouba,Appartement,vente,36.8126,10.0765,2164.9484536082473,32.333333333333336,0.0,,,,,,,,,,,,,,,,,,,,,,,,,,,,,,,,,,,,,,,,,,,,,,,,,,,,,,,,,,,,,,,,,,,,,,,,,,,
1964,65.0,3.0,2.0,170000.0,,,1.0,1.0,,,,1.0,,,Tunis,Manouba,Appartement,vente,36.79690174113606,10.084121559416344,2615.3846153846152,21.666666666666668,0.0,,,,,,,,,,,,,,,,,,,,,,,,,,,,,,,,,,,,,,,,,,,,,,,,,,,,,,,,,,,,,,,,,,,,,,,,,,,
1965,110.0,4.0,0.0,180000.0,,,1.0,1.0,,,,1.0,,,Tunis,Ariana-Ville,Appartement,vente,36.8623,10.1956,1636.3636363636363,27.5,0.0,,,,,,,,,,,,,,,,,,,,,,,,,,,,,,,,,,,,,,,,,,,,,,,,,,,,,,,,,,,,,,,,,,,,,,,,,,,
1966,111.0,3.0,2.0,295000.0,1.0,1.0,,1.0,,,,1.0,,,Tunis,La-Petite-Ariana,Appartement,vente,36.9018,10.1858,2657.6576576576576,37.0,2.0,,,,,,,,,,,,,,,,,,,,,,,,,,,,,,,,,,,,,,,,,,,,,,,,,,,,,,,,,,,,,,,,,,,,,,,,,,,
1967,106.0,3.0,1.0,250000.0,,1.0,,1.0,,,,,,,Tunis,Marsa-Les-Pins,Appartement,vente,36.86730174113599,10.314621487196742,2358.490566037736,35.333333333333336,0.0,,,,,,,,,,,,,,,,,,,,,,,,,,,,,,,,,,,,,,,,,,,,,,,,,,,,,,,,,,,,,,,,,,,,,,,,,,,
1968,160.0,3.0,0.0,650000.0,,,1.0,1.0,,,1.0,1.0,,,Tunis,La-Marsa,Appartement,vente,36.87350174113598,10.312521480824442,4062.5,53.333333333333336,0.0,,,,,,,,,,,,,,,,,,,,,,,,,,,,,,,,,,,,,,,,,,,,,,,,,,,,,,,,,,,,,,,,,,,,,,,,,,,
1969,146.0,3.0,1.0,230000.0,,,1.0,1.0,,,,1.0,,,Tunis,El-Mourouj-5,Appartement,vente,36.708201741136136,10.207421650051776,1575.3424657534247,48.666666666666664,0.0,,,,,,,,,,,,,,,,,,,,,,,,,,,,,,,,,,,,,,,,,,,,,,,,,,,,,,,,,,,,,,,,,,,,,,,,,,,
1970,114.0,2.0,2.0,240000.0,1.0,1.0,1.0,1.0,,,,,,,Tunis,Hammam-Chott,Appartement,vente,36.716,10.3693,2105.2631578947367,57.0,2.0,,,,,,,,,,,,,,,,,,,,,,,,,,,,,,,,,,,,,,,,,,,,,,,,,,,,,,,,,,,,,,,,,,,,,,,,,,,
1971,110.0,4.0,3.0,335000.0,1.0,,,1.0,,,,,,,Tunis,Ennasr-2,Appartement,vente,36.8555,10.1554,3045.4545454545455,27.5,3.0,,,,,,,,,,,,,,,,,,,,,,,,,,,,,,,,,,,,,,,,,,,,,,,,,,,,,,,,,,,,,,,,,,,,,,,,,,,
1972,208.0,5.0,0.0,320000.0,,,,1.0,,,,,,,Tunis,Manouba,Appartement,vente,36.8079,10.1161,1538.4615384615386,41.6,0.0,,,,,,,,,,,,,,,,,,,,,,,,,,,,,,,,,,,,,,,,,,,,,,,,,,,,,,,,,,,,,,,,,,,,,,,,,,,
1973,100.0,3.0,0.0,185000.0,,1.0,,1.0,,,,,,1.0,Tunis,Borj-Cedria,Appartement,vente,36.7113,10.4215,1850.0,33.333333333333336,0.0,,,,,,,,,,,,,,,,,,,,,,,,,,,,,,,,,,,,,,,,,,,,,,,,,,,,,,,,,,,,,,,,,,,,,,,,,,,
1974,126.0,4.0,4.0,190000.0,,1.0,1.0,1.0,,,,,,,Tunis,Borj-Cedria,Appartement,vente,36.7054,10.4072,1507.936507936508,31.5,0.0,,,,,,,,,,,,,,,,,,,,,,,,,,,,,,,,,,,,,,,,,,,,,,,,,,,,,,,,,,,,,,,,,,,,,,,,,,,
1975,86.0,3.0,1.0,140000.0,,1.0,,1.0,,,,,,,Tunis,Borj-Cedria,Appartement,vente,36.7049,10.4085,1627.906976744186,28.666666666666668,0.0,,,,,,,,,,,,,,,,,,,,,,,,,,,,,,,,,,,,,,,,,,,,,,,,,,,,,,,,,,,,,,,,,,,,,,,,,,,
1976,190.0,6.0,0.0,490000.0,,,1.0,1.0,,,,,,1.0,Tunis,Menzah-6,Appartement,vente,36.84130174113601,10.168221513898038,2578.9473684210525,31.666666666666668,0.0,,,,,,,,,,,,,,,,,,,,,,,,,,,,,,,,,,,,,,,,,,,,,,,,,,,,,,,,,,,,,,,,,,,,,,,,,,,
1977,230.0,4.0,0.0,340000.0,,,1.0,1.0,,,,,,1.0,Tunis,El-Omrane,Appartement,vente,36.82370174113603,10.136421531953289,1478.2608695652175,57.5,0.0,,,,,,,,,,,,,,,,,,,,,,,,,,,,,,,,,,,,,,,,,,,,,,,,,,,,,,,,,,,,,,,,,,,,,,,,,,,
1978,75.0,3.0,3.0,165000.0,,1.0,1.0,1.0,,,,,,,Tunis,Ezzahra,Appartement,vente,36.7444,10.2953,2200.0,25.0,0.0,,,,,,,,,,,,,,,,,,,,,,,,,,,,,,,,,,,,,,,,,,,,,,,,,,,,,,,,,,,,,,,,,,,,,,,,,,,
1979,165.0,4.0,2.0,620000.0,1.0,1.0,1.0,1.0,,,,1.0,,,Tunis,Ain-Zaghouane,Appartement,vente,36.8619,10.287,3757.5757575757575,41.25,2.0,,,,,,,,,,,,,,,,,,,,,,,,,,,,,,,,,,,,,,,,,,,,,,,,,,,,,,,,,,,,,,,,,,,,,,,,,,,
1980,120.0,3.0,3.0,297000.0,1.0,1.0,1.0,1.0,,,,1.0,,,Tunis,Manar-1,Appartement,vente,36.833401741136015,10.141421522004327,2475.0,40.0,3.0,,,,,,,,,,,,,,,,,,,,,,,,,,,,,,,,,,,,,,,,,,,,,,,,,,,,,,,,,,,,,,,,,,,,,,,,,,,
1981,151.0,3.0,0.0,650000.0,,1.0,1.0,1.0,,,1.0,1.0,,,Tunis,La-Marsa,Appartement,vente,36.877501741135966,10.31192147671224,4304.635761589404,50.333333333333336,0.0,,,,,,,,,,,,,,,,,,,,,,,,,,,,,,,,,,,,,,,,,,,,,,,,,,,,,,,,,,,,,,,,,,,,,,,,,,,
1982,105.0,4.0,0.0,335000.0,,1.0,,1.0,,,1.0,,,,Tunis,Manouba,Appartement,vente,36.775601741136086,10.075021581217388,3190.4761904761904,26.25,0.0,,,,,,,,,,,,,,,,,,,,,,,,,,,,,,,,,,,,,,,,,,,,,,,,,,,,,,,,,,,,,,,,,,,,,,,,,,,
1983,90.0,3.0,4.0,210000.0,,,,1.0,,,,,,,Tunis,Cite-Olympique,Appartement,vente,36.8385,10.1953,2333.3333333333335,30.0,0.0,,,,,,,,,,,,,,,,,,,,,,,,,,,,,,,,,,,,,,,,,,,,,,,,,,,,,,,,,,,,,,,,,,,,,,,,,,,
1984,83.0,3.0,,279000.0,,1.0,1.0,1.0,,,,1.0,,1.0,Tunis,Cite-El-Ghazala,Appartement,vente,36.892,10.1771,3361.4457831325303,27.666666666666668,0.0,,,,,,,,,,,,,,,,,,,,,,,,,,,,,,,,,,,,,,,,,,,,,,,,,,,,,,,,,,,,,,,,,,,,,,,,,,,
1985,72.0,2.0,3.0,197000.0,1.0,1.0,1.0,1.0,,,,,,,Tunis,Cite-El-Ghazala,Appartement,vente,36.8957,10.178,2736.1111111111113,36.0,3.0,,,,,,,,,,,,,,,,,,,,,,,,,,,,,,,,,,,,,,,,,,,,,,,,,,,,,,,,,,,,,,,,,,,,,,,,,,,
1986,109.0,3.0,,220000.0,,1.0,1.0,1.0,,,,,,,Tunis,Manar-1,Appartement,vente,36.84180174113602,10.141321513384876,2018.348623853211,36.333333333333336,0.0,,,,,,,,,,,,,,,,,,,,,,,,,,,,,,,,,,,,,,,,,,,,,,,,,,,,,,,,,,,,,,,,,,,,,,,,,,,
1987,100.0,3.0,1.0,128000.0,,,,1.0,,,,1.0,,,Tunis,Madina-Jadida,Appartement,vente,36.7364,10.2431,1280.0,33.333333333333336,0.0,,,,,,,,,,,,,,,,,,,,,,,,,,,,,,,,,,,,,,,,,,,,,,,,,,,,,,,,,,,,,,,,,,,,,,,,,,,
1988,130.0,3.0,1.0,355000.0,,,1.0,1.0,,,,1.0,,1.0,Tunis,Chotrana,Appartement,vente,36.88060174113598,10.22482147352473,2730.769230769231,43.333333333333336,0.0,,,,,,,,,,,,,,,,,,,,,,,,,,,,,,,,,,,,,,,,,,,,,,,,,,,,,,,,,,,,,,,,,,,,,,,,,,,
1989,113.0,3.0,5.0,245000.0,,,1.0,1.0,,,,,,,Tunis,El-Mourouj-6,Appartement,vente,36.71000174113613,10.215221648216447,2168.141592920354,37.666666666666664,0.0,,,,,,,,,,,,,,,,,,,,,,,,,,,,,,,,,,,,,,,,,,,,,,,,,,,,,,,,,,,,,,,,,,,,,,,,,,,
1990,190.0,4.0,2.0,440000.0,,1.0,1.0,1.0,,,,,,1.0,Tunis,Menzah-6,Appartement,vente,36.84260174113601,10.166221512563787,2315.7894736842104,47.5,0.0,,,,,,,,,,,,,,,,,,,,,,,,,,,,,,,,,,,,,,,,,,,,,,,,,,,,,,,,,,,,,,,,,,,,,,,,,,,
1991,65.0,5.0,3.0,130000.0,,1.0,,1.0,,,,,,,Tunis,Ben-Arous,Appartement,vente,36.74070174113612,10.22582161688875,2000.0,13.0,0.0,,,,,,,,,,,,,,,,,,,,,,,,,,,,,,,,,,,,,,,,,,,,,,,,,,,,,,,,,,,,,,,,,,,,,,,,,,,
1992,210.0,3.0,0.0,550000.0,,,1.0,1.0,1.0,,,,,1.0,Tunis,Menzah-8,Appartement,vente,36.85500174113599,10.172421499832788,2619.0476190476193,70.0,0.0,,,,,,,,,,,,,,,,,,,,,,,,,,,,,,,,,,,,,,,,,,,,,,,,,,,,,,,,,,,,,,,,,,,,,,,,,,,
1993,117.0,4.0,2.0,250000.0,1.0,1.0,,1.0,,,,1.0,,,Tunis,Pole-Technologique,Appartement,vente,36.882,10.1953,2136.7521367521367,29.25,2.0,,,,,,,,,,,,,,,,,,,,,,,,,,,,,,,,,,,,,,,,,,,,,,,,,,,,,,,,,,,,,,,,,,,,,,,,,,,
1994,150.0,2.0,1.0,450000.0,,1.0,1.0,1.0,,,,1.0,,,Tunis,Gammarth,Appartement,vente,36.90400174113596,10.305621449448362,3000.0,75.0,0.0,,,,,,,,,,,,,,,,,,,,,,,,,,,,,,,,,,,,,,,,,,,,,,,,,,,,,,,,,,,,,,,,,,,,,,,,,,,
1995,200.0,4.0,4.0,650000.0,1.0,,1.0,1.0,,,,1.0,,1.0,Tunis,Menzah-8,Appartement,vente,36.855201741136,10.169121499627389,3250.0,50.0,4.0,,,,,,,,,,,,,,,,,,,,,,,,,,,,,,,,,,,,,,,,,,,,,,,,,,,,,,,,,,,,,,,,,,,,,,,,,,,
1996,172.0,3.0,7.0,440000.0,,1.0,1.0,1.0,,,,1.0,,,Tunis,Ennasr-2,Appartement,vente,36.8597,10.1621,2558.139534883721,57.333333333333336,0.0,,,,,,,,,,,,,,,,,,,,,,,,,,,,,,,,,,,,,,,,,,,,,,,,,,,,,,,,,,,,,,,,,,,,,,,,,,,
1997,149.0,3.0,0.0,320000.0,,,1.0,1.0,,,1.0,,,,Tunis,La-Petite-Ariana,Appartement,vente,36.8984,10.1816,2147.6510067114095,49.666666666666664,0.0,,,,,,,,,,,,,,,,,,,,,,,,,,,,,,,,,,,,,,,,,,,,,,,,,,,,,,,,,,,,,,,,,,,,,,,,,,,
1998,128.0,4.0,0.0,275000.0,,1.0,1.0,1.0,,,,,,,Tunis,Chotrana,Appartement,vente,36.88330174113597,10.212321470748108,2148.4375,32.0,0.0,,,,,,,,,,,,,,,,,,,,,,,,,,,,,,,,,,,,,,,,,,,,,,,,,,,,,,,,,,,,,,,,,,,,,,,,,,,
1999,158.0,4.0,3.0,340000.0,1.0,1.0,1.0,1.0,,,,1.0,,,Tunis,Jardins-D-El-Menzah-1,Appartement,vente,36.852801741136005,10.132321502092084,2151.8987341772154,39.5,3.0,,,,,,,,,,,,,,,,,,,,,,,,,,,,,,,,,,,,,,,,,,,,,,,,,,,,,,,,,,,,,,,,,,,,,,,,,,,
2000,98.0,4.0,4.0,175000.0,1.0,1.0,1.0,1.0,,,,,,,Tunis,Madina-Jadida,Appartement,vente,36.737,10.2427,1785.7142857142858,24.5,4.0,,,,,,,,,,,,,,,,,,,,,,,,,,,,,,,,,,,,,,,,,,,,,,,,,,,,,,,,,,,,,,,,,,,,,,,,,,,
2001,60.0,3.0,4.0,130000.0,,,,1.0,,,,,,,Tunis,Lafayette,Appartement,vente,36.81060174113605,10.18062154538194,2166.6666666666665,20.0,0.0,,,,,,,,,,,,,,,,,,,,,,,,,,,,,,,,,,,,,,,,,,,,,,,,,,,,,,,,,,,,,,,,,,,,,,,,,,,
2002,146.0,4.0,1.0,265000.0,1.0,,,1.0,,,,,,,Tunis,Centre-Ville,Appartement,vente,36.80080174113605,10.182721555422116,1815.0684931506848,36.5,1.0,,,,,,,,,,,,,,,,,,,,,,,,,,,,,,,,,,,,,,,,,,,,,,,,,,,,,,,,,,,,,,,,,,,,,,,,,,,
2003,104.0,4.0,,280000.0,1.0,1.0,,1.0,,,,1.0,,,Tunis,Ben-Arous,Appartement,vente,36.74500174113612,10.229621612497036,2692.3076923076924,26.0,0.0,,,,,,,,,,,,,,,,,,,,,,,,,,,,,,,,,,,,,,,,,,,,,,,,,,,,,,,,,,,,,,,,,,,,,,,,,,,
2004,154.0,3.0,4.0,375000.0,1.0,1.0,1.0,1.0,,,,,,,Tunis,Manar-1,Appartement,vente,36.836501741136026,10.145121518823755,2435.064935064935,51.333333333333336,4.0,,,,,,,,,,,,,,,,,,,,,,,,,,,,,,,,,,,,,,,,,,,,,,,,,,,,,,,,,,,,,,,,,,,,,,,,,,,
2005,175.0,4.0,1.0,380000.0,,,1.0,1.0,,,,1.0,,1.0,Tunis,Menzah-6,Appartement,vente,36.84160174113601,10.170621513590142,2171.4285714285716,43.75,0.0,,,,,,,,,,,,,,,,,,,,,,,,,,,,,,,,,,,,,,,,,,,,,,,,,,,,,,,,,,,,,,,,,,,,,,,,,,,
2006,114.0,3.0,2.0,270000.0,1.0,1.0,1.0,1.0,,,,1.0,,,Tunis,Manouba,Appartement,vente,36.8162,10.0899,2368.4210526315787,38.0,2.0,,,,,,,,,,,,,,,,,,,,,,,,,,,,,,,,,,,,,,,,,,,,,,,,,,,,,,,,,,,,,,,,,,,,,,,,,,,
2007,125.0,4.0,1.0,320000.0,,,1.0,1.0,,,,,,1.0,Tunis,Cite-Olympique,Appartement,vente,36.8374,10.1914,2560.0,31.25,0.0,,,,,,,,,,,,,,,,,,,,,,,,,,,,,,,,,,,,,,,,,,,,,,,,,,,,,,,,,,,,,,,,,,,,,,,,,,,
2008,57.0,2.0,,185000.0,1.0,,,1.0,,,,,,,Tunis,Jardins-D-El-Menzah-1,Appartement,vente,36.84890174113602,10.139021506096595,3245.6140350877195,28.5,0.0,,,,,,,,,,,,,,,,,,,,,,,,,,,,,,,,,,,,,,,,,,,,,,,,,,,,,,,,,,,,,,,,,,,,,,,,,,,
2009,90.0,3.0,2.0,110000.0,1.0,,,1.0,,,,,,,Tunis,Lafayette,Appartement,vente,36.80890174113605,10.176921547123952,1222.2222222222222,30.0,2.0,,,,,,,,,,,,,,,,,,,,,,,,,,,,,,,,,,,,,,,,,,,,,,,,,,,,,,,,,,,,,,,,,,,,,,,,,,,
2010,115.0,3.0,2.0,457000.0,,1.0,1.0,1.0,,,,1.0,,,Tunis,Riadh-Landalous,Appartement,vente,36.87610174113599,10.181021478151605,3973.913043478261,38.333333333333336,0.0,,,,,,,,,,,,,,,,,,,,,,,,,,,,,,,,,,,,,,,,,,,,,,,,,,,,,,,,,,,,,,,,,,,,,,,,,,,
2011,66.0,3.0,4.0,140000.0,,,,1.0,,,,1.0,,,Tunis,El-Mourouj-5,Appartement,vente,36.70750174113614,10.20662165076547,2121.212121212121,22.0,0.0,,,,,,,,,,,,,,,,,,,,,,,,,,,,,,,,,,,,,,,,,,,,,,,,,,,,,,,,,,,,,,,,,,,,,,,,,,,
2012,123.0,3.0,6.0,430000.0,,1.0,,1.0,,1.0,,1.0,1.0,,Tunis,Menzah-9,Appartement,vente,36.847701741136,10.139421507328596,3495.9349593495936,41.0,0.0,,,,,,,,,,,,,,,,,,,,,,,,,,,,,,,,,,,,,,,,,,,,,,,,,,,,,,,,,,,,,,,,,,,,,,,,,,,
2013,136.0,4.0,2.0,335000.0,1.0,1.0,1.0,1.0,,,,,,,Tunis,Menzah-6,Appartement,vente,36.847901741136006,10.166921507123268,2463.235294117647,34.0,2.0,,,,,,,,,,,,,,,,,,,,,,,,,,,,,,,,,,,,,,,,,,,,,,,,,,,,,,,,,,,,,,,,,,,,,,,,,,,
2014,120.0,3.0,,260000.0,,1.0,1.0,1.0,,,,1.0,,,Tunis,Manar-1,Appartement,vente,36.836501741136026,10.151321518823757,2166.6666666666665,40.0,0.0,,,,,,,,,,,,,,,,,,,,,,,,,,,,,,,,,,,,,,,,,,,,,,,,,,,,,,,,,,,,,,,,,,,,,,,,,,,
2015,120.0,3.0,2.0,439235.0,,,1.0,1.0,,,,,,,Tunis,Chotrana,Appartement,vente,36.87820174113598,10.229321475992522,3660.2916666666665,40.0,0.0,,,,,,,,,,,,,,,,,,,,,,,,,,,,,,,,,,,,,,,,,,,,,,,,,,,,,,,,,,,,,,,,,,,,,,,,,,,
2016,130.0,4.0,2.0,340000.0,,1.0,1.0,1.0,,,,1.0,,,Tunis,Manar-1,Appartement,vente,36.83570174113602,10.152421519644594,2615.3846153846152,32.5,0.0,,,,,,,,,,,,,,,,,,,,,,,,,,,,,,,,,,,,,,,,,,,,,,,,,,,,,,,,,,,,,,,,,,,,,,,,,,,
2017,110.0,2.0,2.0,550000.0,,,1.0,1.0,,,,1.0,,,Tunis,Gammarth,Appartement,vente,36.913901741135945,10.316521439253815,5000.0,55.0,0.0,,,,,,,,,,,,,,,,,,,,,,,,,,,,,,,,,,,,,,,,,,,,,,,,,,,,,,,,,,,,,,,,,,,,,,,,,,,
2018,136.0,4.0,7.0,325000.0,,1.0,1.0,1.0,,,1.0,,,1.0,Tunis,Aouina,Appartement,vente,36.8586,10.2522,2389.705882352941,34.0,0.0,,,,,,,,,,,,,,,,,,,,,,,,,,,,,,,,,,,,,,,,,,,,,,,,,,,,,,,,,,,,,,,,,,,,,,,,,,,
2019,80.0,3.0,,113000.0,,1.0,,1.0,,,,1.0,,,Tunis,Nouvelle-Ariana,Appartement,vente,36.879701741135975,10.203021474450184,1412.5,26.666666666666668,0.0,,,,,,,,,,,,,,,,,,,,,,,,,,,,,,,,,,,,,,,,,,,,,,,,,,,,,,,,,,,,,,,,,,,,,,,,,,,
2020,60.0,2.0,2.0,245000.0,1.0,1.0,1.0,1.0,,,,1.0,,,Tunis,Dar-Fadhal,Appartement,vente,36.87250174113598,10.238621481852364,4083.3333333333335,30.0,2.0,,,,,,,,,,,,,,,,,,,,,,,,,,,,,,,,,,,,,,,,,,,,,,,,,,,,,,,,,,,,,,,,,,,,,,,,,,,
2021,126.0,3.0,6.0,450000.0,,1.0,1.0,1.0,,,,1.0,,,Tunis,Ain-Zaghouane,Appartement,vente,36.8626,10.291,3571.4285714285716,42.0,0.0,,,,,,,,,,,,,,,,,,,,,,,,,,,,,,,,,,,,,,,,,,,,,,,,,,,,,,,,,,,,,,,,,,,,,,,,,,,
2022,160.0,5.0,0.0,450000.0,,,1.0,1.0,,1.0,,,,,Tunis,Cite-El-Ghazala,Appartement,vente,36.9025,10.1734,2812.5,32.0,0.0,,,,,,,,,,,,,,,,,,,,,,,,,,,,,,,,,,,,,,,,,,,,,,,,,,,,,,,,,,,,,,,,,,,,,,,,,,,
2023,100.0,3.0,4.0,395000.0,1.0,1.0,1.0,1.0,,,,1.0,,1.0,Tunis,Soukra,Appartement,vente,36.88230174113598,10.250121471776527,3950.0,33.333333333333336,4.0,,,,,,,,,,,,,,,,,,,,,,,,,,,,,,,,,,,,,,,,,,,,,,,,,,,,,,,,,,,,,,,,,,,,,,,,,,,
2024,111.0,3.0,4.0,290000.0,1.0,,1.0,1.0,,,,1.0,,1.0,Tunis,Manouba,Appartement,vente,36.8141,10.0764,2612.612612612613,37.0,4.0,,,,,,,,,,,,,,,,,,,,,,,,,,,,,,,,,,,,,,,,,,,,,,,,,,,,,,,,,,,,,,,,,,,,,,,,,,,
2025,70.0,3.0,3.0,163000.0,,,,1.0,,,,,,,Tunis,Lafayette,Appartement,vente,36.81180174113604,10.179521544152196,2328.5714285714284,23.333333333333332,0.0,,,,,,,,,,,,,,,,,,,,,,,,,,,,,,,,,,,,,,,,,,,,,,,,,,,,,,,,,,,,,,,,,,,,,,,,,,,
2026,141.0,4.0,4.0,352000.0,1.0,,1.0,1.0,,,,1.0,,1.0,Tunis,Manouba,Appartement,vente,36.8115,10.0771,2496.45390070922,35.25,4.0,,,,,,,,,,,,,,,,,,,,,,,,,,,,,,,,,,,,,,,,,,,,,,,,,,,,,,,,,,,,,,,,,,,,,,,,,,,
2027,130.0,4.0,,491400.0,,,1.0,1.0,,,,,,,Tunis,Menzah-9,Appartement,vente,36.84730174113601,10.140821507739249,3780.0,32.5,0.0,,,,,,,,,,,,,,,,,,,,,,,,,,,,,,,,,,,,,,,,,,,,,,,,,,,,,,,,,,,,,,,,,,,,,,,,,,,
2028,206.0,4.0,2.0,530000.0,1.0,1.0,1.0,1.0,,,,1.0,,,Tunis,Menzah-9,Appartement,vente,36.853201741136,10.149021501681323,2572.8155339805826,51.5,2.0,,,,,,,,,,,,,,,,,,,,,,,,,,,,,,,,,,,,,,,,,,,,,,,,,,,,,,,,,,,,,,,,,,,,,,,,,,,
2029,125.0,4.0,5.0,280000.0,,1.0,1.0,1.0,,,,,,,Tunis,El-Mourouj-6,Appartement,vente,36.70850174113614,10.2138216497459,2240.0,31.25,0.0,,,,,,,,,,,,,,,,,,,,,,,,,,,,,,,,,,,,,,,,,,,,-0.21371318,0.19763869,-0.06738964,0.008074298,0.032761652,0.024996571,-0.14132847,-0.04825898,-0.017998552,-0.045070823,-0.05683134,0.009949379,0.02350132,-0.0100177955,0.042767636,0.05878483,-0.03485666,0.027695352,-0.010800481,0.004114198,0.041131373,-0.001605254,0.0023122989,0.040749267,0.025400855,-0.0676244,-0.040136926,0.05288602,-0.032650255,0.010594603,0.024822768,-0.0062095076
2030,87.0,2.0,1.0,300000.0,1.0,1.0,1.0,1.0,,,,,,,Tunis,Ennasr-2,Appartement,vente,36.86440174113599,10.168821490176668,3448.2758620689656,43.5,1.0,,,,,,,,,,,,,,,,,,,,,,,,,,,,,,,,,,,,,,,,,,,,,,,,,,,,,,,,,,,,,,,,,,,,,,,,,,,
2031,65.0,2.0,4.0,255000.0,1.0,1.0,,1.0,,,,1.0,,,Tunis,Megrine,Appartement,vente,36.76710174113609,10.239621589910923,3923.076923076923,32.5,4.0,,,,,,,,,,,,,,,,,,,,,,,,,,,,,,,,,,,,,,,,,,,,,,,,,,,,,,,,,,,,,,,,,,,,,,,,,,,
2032,105.0,3.0,0.0,170000.0,,,1.0,1.0,,,,,,,Tunis,El-Mourouj-5,Appartement,vente,36.70810174113614,10.207221650153732,1619.047619047619,35.0,0.0,,,,,,,,,,,,,,,,,,,,,,,,,,,,,,,,,,,,,,,,,,,,,,,,,,,,,,,,,,,,,,,,,,,,,,,,,,,
2033,144.0,3.0,0.0,497000.0,,1.0,1.0,1.0,,,1.0,1.0,,1.0,Tunis,Soukra,Appartement,vente,36.86800174113599,10.221721486477389,3451.3888888888887,48.0,0.0,,,,,,,,,,,,,,,,,,,,,,,,,,,,,,,,,,,,,,,,,,,,,,,,,,,,,,,,,,,,,,,,,,,,,,,,,,,
2034,216.0,5.0,5.0,580000.0,1.0,1.0,,1.0,,,,1.0,,1.0,Tunis,Madina-Jadida,Appartement,vente,36.741,10.2538,2685.185185185185,43.2,5.0,,,,,,,,,,,,,,,,,,,,,,,,,,,,,,,,,,,,,,,,,,,,,,,,,,,,,,,,,,,,,,,,,,,,,,,,,,,
2035,59.0,2.0,1.0,297000.0,,,,1.0,,,1.0,,,,Tunis,Jardins-D-Ennasr,Appartement,vente,36.863,10.1505,5033.8983050847455,29.5,0.0,,,,,,,,,,,,,,,,,,,,,,,,,,,,,,,,,,,,,,,,,,,,,,,,,,,,,,,,,,,,,,,,,,,,,,,,,,,
2036,129.0,3.0,4.0,645000.0,,1.0,1.0,1.0,,,,1.0,,,Tunis,Les-Jardins-De-Carthage,Appartement,vente,36.85080174113601,10.298521504145777,5000.0,43.0,0.0,,,,,,,,,,,,,,,,,,,,,,,,,,,,,,,,,,,,,,,,,,,,,,,,,,,,,,,,,,,,,,,,,,,,,,,,,,,
2037,134.0,4.0,3.0,190000.0,,1.0,1.0,1.0,,,,,,,Tunis,Nouvelle-Ariana,Appartement,vente,36.862101741136,10.18602149253975,1417.910447761194,33.5,0.0,,,,,,,,,,,,,,,,,,,,,,,,,,,,,,,,,,,,,,,,,,,,,,,,,,,,,,,,,,,,,,,,,,,,,,,,,,,
2038,110.0,4.0,3.0,259000.0,,1.0,1.0,1.0,,,,,,,Tunis,Menzah-7,Appartement,vente,36.84870174113602,10.157021506301932,2354.5454545454545,27.5,0.0,,,,,,,,,,,,,,,,,,,,,,,,,,,,,,,,,,,,,,,,,,,,,,,,,,,,,,,,,,,,,,,,,,,,,,,,,,,
2039,120.0,4.0,2.0,280000.0,1.0,,1.0,1.0,,,,,,,Tunis,Ain-Zaghouane,Appartement,vente,36.8605,10.276,2333.3333333333335,30.0,2.0,,,,,,,,,,,,,,,,,,,,,,,,,,,,,,,,,,,,,,,,,,,,,,,,,,,,,,,,,,,,,,,,,,,,,,,,,,,
2040,110.0,3.0,1.0,279700.0,,,1.0,1.0,,,,,,1.0,Tunis,Cite-El-Ghazala,Appartement,vente,36.8928,10.1764,2542.7272727272725,36.666666666666664,0.0,,,,,,,,,,,,,,,,,,,,,,,,,,,,,,,,,,,,,,,,,,,,,,,,,,,,,,,,,,,,,,,,,,,,,,,,,,,
2041,108.0,3.0,2.0,365000.0,,,1.0,1.0,,,1.0,1.0,,1.0,Tunis,Aouina,Appartement,vente,36.8574,10.2528,3379.6296296296296,36.0,0.0,,,,,,,,,,,,,,,,,,,,,,,,,,,,,,,,,,,,,,,,,,,,,,,,,,,,,,,,,,,,,,,,,,,,,,,,,,,
2042,116.0,4.0,4.0,320000.0,1.0,1.0,,1.0,,,,,,,Tunis,Menzah-1-4,Appartement,vente,36.84460174113602,10.183921510510928,2758.6206896551726,29.0,4.0,,,,,,,,,,,,,,,,,,,,,,,,,,,,,,,,,,,,,,,,,,,,,,,,,,,,,,,,,,,,,,,,,,,,,,,,,,,
2043,205.0,2.0,4.0,490000.0,1.0,,1.0,1.0,,,,,,1.0,Tunis,Ennasr-2,Appartement,vente,36.86440174113599,10.168821490176668,2390.243902439024,102.5,4.0,,,,,,,,,,,,,,,,,,,,,,,,,,,,,,,,,,,,,,,,,,,,,,,,,,,,,,,,,,,,,,,,,,,,,,,,,,,
2044,168.0,3.0,3.0,310000.0,,1.0,1.0,1.0,,,1.0,,,,Tunis,Aouina,Appartement,vente,36.8548,10.2565,1845.2380952380952,56.0,0.0,,,,,,,,,,,,,,,,,,,,,,,,,,,,,,,,,,,,,,,,,,,,,,,,,,,,,,,,,,,,,,,,,,,,,,,,,,,
2045,103.0,3.0,2.0,180000.0,,,,1.0,,,,1.0,,,Tunis,Madina-Jadida,Appartement,vente,36.7398,10.2439,1747.5728155339805,34.333333333333336,0.0,,,,,,,,,,,,,,,,,,,,,,,,,,,,,,,,,,,,,,,,,,,,,,,,,,,,,,,,,,,,,,,,,,,,,,,,,,,
2046,138.0,4.0,1.0,440000.0,1.0,1.0,1.0,1.0,,,,1.0,,,Tunis,Ennasr-2,Appartement,vente,36.854801741136,10.15862150003819,3188.4057971014495,34.5,1.0,,,,,,,,,,,,,,,,,,,,,,,,,,,,,,,,,,,,,,,,,,,,,,,,,,,,,,,,,,,,,,,,,,,,,,,,,,,
2047,120.0,4.0,1.0,270000.0,,1.0,1.0,1.0,1.0,,,,,,Tunis,Borj-Louzir,Appartement,vente,36.87170174113598,10.197621482674665,2250.0,30.0,0.0,,,,,,,,,,,,,,,,,,,,,,,,,,,,,,,,,,,,,,,,,,,,,,,,,,,,,,,,,,,,,,,,,,,,,,,,,,,
2048,130.0,4.0,0.0,270000.0,,,1.0,1.0,,,,1.0,,1.0,Tunis,Nouvelle-Ariana,Appartement,vente,36.88500174113597,10.20682146899967,2076.923076923077,32.5,0.0,,,,,,,,,,,,,,,,,,,,,,,,,,,,,,,,,,,,,,,,,,,,,,,,,,,,,,,,,,,,,,,,,,,,,,,,,,,
2049,65.0,2.0,,185000.0,1.0,1.0,1.0,1.0,,,,,,,Tunis,Manar-1,Appartement,vente,36.833401741136015,10.141621522004328,2846.153846153846,32.5,0.0,,,,,,,,,,,,,,,,,,,,,,,,,,,,,,,,,,,,,,,,,,,,,,,,,,,,,,,,,,,,,,,,,,,,,,,,,,,
2050,140.0,4.0,2.0,450000.0,,1.0,,1.0,1.0,,,1.0,,1.0,Tunis,La-Marsa,Appartement,vente,36.88580174113597,10.31222146817683,3214.285714285714,35.0,0.0,,,,,,,,,,,,,,,,,,,,,,,,,,,,,,,,,,,,,,,,,,,,,,,,,,,,,,,,,,,,,,,,,,,,,,,,,,,
2051,59.0,2.0,2.0,339150.0,1.0,1.0,1.0,1.0,,,1.0,1.0,,,Tunis,Les-Jardins-De-Carthage,Appartement,vente,36.8553,10.3004,5748.3050847457625,29.5,2.0,,,,,,,,,,,,,,,,,,,,,,,,,,,,,,,,,,,,,,,,,,,,,,,,,,,,,,,,,,,,,,,,,,,,,,,,,,,
2052,141.0,,1.0,420000.0,1.0,,1.0,1.0,,,1.0,,,1.0,Tunis,Ain-Zaghouane,Appartement,vente,36.8587,10.2784,2978.723404255319,,1.0,,,,,,,,,,,,,,,,,,,,,,,,,,,,,,,,,,,,,,,,,,,,,,,,,,,,,,,,,,,,,,,,,,,,,,,,,,,
2053,113.0,3.0,4.0,195000.0,1.0,1.0,1.0,1.0,,,,1.0,,,Tunis,Ariana-Superieur,Appartement,vente,36.85670174113599,10.183221498086802,1725.6637168141592,37.666666666666664,4.0,,,,,,,,,,,,,,,,,,,,,,,,,,,,,,,,,,,,,,,,,,,,,,,,,,,,,,,,,,,,,,,,,,,,,,,,,,,
2054,128.0,4.0,4.0,293000.0,,,1.0,1.0,,,,,,,Tunis,Aouina,Appartement,vente,36.8583,10.2515,2289.0625,32.0,0.0,,,,,,,,,,,,,,,,,,,,,,,,,,,,,,,,,,,,,,,,,,,,,,,,,,,,,,,,,,,,,,,,,,,,,,,,,,,
2055,80.0,3.0,3.0,425000.0,1.0,,1.0,1.0,,,,1.0,,1.0,Tunis,Cite-Des-Jardins,Appartement,vente,36.82120174113604,10.18332153451668,5312.5,26.666666666666668,3.0,,,,,,,,,,,,,,,,,,,,,,,,,,,,,,,,,,,,,,,,,,,,,,,,,,,,,,,,,,,,,,,,,,,,,,,,,,,
2056,90.0,4.0,3.0,147000.0,,,,1.0,,,,,,,Tunis,Nour-Jaafer,Appartement,vente,36.9111,10.1856,1633.3333333333333,22.5,0.0,,,,,,,,,,,,,,,,,,,,,,,,,,,,,,,,,,,,,,,,,,,,,,,,,,,,,,,,,,,,,,,,,,,,,,,,,,,
2057,184.0,5.0,1.0,520000.0,,1.0,,1.0,,,,1.0,,,Tunis,Jardins-D-El-Menzah-1,Appartement,vente,36.851401741136,10.129421503529692,2826.086956521739,36.8,0.0,,,,,,,,,,,,,,,,,,,,,,,,,,,,,,,,,,,,,,,,,,,,,,,,,,,,,,,,,,,,,,,,,,,,,,,,,,,
2058,133.0,4.0,6.0,370000.0,,1.0,,1.0,,1.0,,1.0,,,Tunis,Jardins-D-El-Menzah-2,Appartement,vente,36.860101741136,10.128121494594383,2781.9548872180453,33.25,0.0,,,,,,,,,,,,,,,,,,,,,,,,,,,,,,,,,,,,,,,,,,,,,,,,,,,,,,,,,,,,,,,,,,,,,,,,,,,
2059,105.0,4.0,5.0,320000.0,1.0,,1.0,1.0,,,,1.0,,,Tunis,Ariana-Superieur,Appartement,vente,36.857501741136005,10.18492149726511,3047.6190476190477,26.25,5.0,,,,,,,,,,,,,,,,,,,,,,,,,,,,,,,,,,,,,,,,,,,,,,,,,,,,,,,,,,,,,,,,,,,,,,,,,,,
2060,108.0,2.0,1.0,595000.0,1.0,1.0,1.0,1.0,,1.0,1.0,1.0,,1.0,Tunis,Les-Jardins-De-Carthage,Appartement,vente,36.8493,10.2956,5509.259259259259,54.0,1.0,,,,,,,,,,,,,,,,,,,,,,,,,,,,,,,,,,,,,,,,,,,,,,,,,,,,,,,,,,,,,,,,,,,,,,,,,,,
2061,160.0,4.0,4.0,292000.0,1.0,1.0,,1.0,,,,,,,Tunis,Centre-Ville,Appartement,vente,36.79980174113605,10.18522155644635,1825.0,40.0,4.0,,,,,,,,,,,,,,,,,,,,,,,,,,,,,,,,,,,,,,,,,,,,,,,,,,,,,,,,,,,,,,,,,,,,,,,,,,,
2062,155.0,3.0,0.0,395000.0,,,1.0,1.0,,,,,,,Tunis,Aouina,Appartement,vente,36.8587,10.2516,2548.3870967741937,51.666666666666664,0.0,,,,,,,,,,,,,,,,,,,,,,,,,,,,,,,,,,,,,,,,,,,,,,,,,,,,,,,,,,,,,,,,,,,,,,,,,,,
2063,100.0,2.0,1.0,418400.0,1.0,1.0,1.0,1.0,,,,1.0,,,Tunis,Chotrana,Appartement,vente,36.88330174113597,10.249321470748106,4184.0,50.0,1.0,,,,,,,,,,,,,,,,,,,,,,,,,,,,,,,,,,,,,,,,,,,,,,,,,,,,,,,,,,,,,,,,,,,,,,,,,,,
2064,101.0,4.0,3.0,295000.0,1.0,1.0,1.0,1.0,,,,1.0,,,Tunis,Bardo,Appartement,vente,36.8171,10.1464,2920.792079207921,25.25,3.0,,,,,,,,,,,,,,,,,,,,,,,,,,,,,,,,,,,,,,,,,,,,,,,,,,,,,,,,,,,,,,,,,,,,,,,,,,,
2065,140.0,4.0,1.0,500000.0,,,,1.0,,,1.0,,,,Tunis,Aouina,Appartement,vente,36.85970174113599,10.26252149500529,3571.4285714285716,35.0,0.0,,,,,,,,,,,,,,,,,,,,,,,,,,,,,,,,,,,,,,,,,,,,,,,,,,,,,,,,,,,,,,,,,,,,,,,,,,,
2066,100.0,3.0,1.0,350000.0,,,,1.0,,,1.0,,,,Tunis,Aouina,Appartement,vente,36.85970174113599,10.26252149500529,3500.0,33.333333333333336,0.0,,,,,,,,,,,,,,,,,,,,,,,,,,,,,,,,,,,,,,,,,,,,-0.117699146,0.09459648,-0.20843841,0.07825046,0.045680515,0.0728638,0.12903741,0.066109076,-0.025158193,0.087899484,-0.07744398,0.0124627445,-0.06374832,-0.027245753,-0.0034217183,-0.022093864,-0.011496479,0.03259208,-0.026295552,-0.03112653,-0.027818808,0.026625227,-0.007315912,0.026997514,-0.0032396489,0.04442482,-0.022406898,-0.019970674,-0.05665191,0.022910496,0.016400887,-0.041502994
2067,225.0,3.0,4.0,680000.0,1.0,,1.0,1.0,,,,1.0,,1.0,Tunis,Les-Jardins-De-Carthage,Appartement,vente,36.85350174113601,10.298721501373244,3022.222222222222,75.0,4.0,,,,,,,,,,,,,,,,,,,,,,,,,,,,,,,,,,,,,,,,,,,,,,,,,,,,,,,,,,,,,,,,,,,,,,,,,,,
2068,144.0,3.0,1.0,160000.0,,1.0,,1.0,,,,,,,Kairouan,Kairouan,Appartement,vente,35.6726,10.0982,1111.111111111111,48.0,0.0,,,,,,,,,,,,,,,,,,,,,,,,,,,,,,,,,,,,,,,,,,,,,,,,,,,,,,,,,,,,,,,,,,,,,,,,,,,
2069,180.0,3.0,1.0,280000.0,,1.0,,1.0,,,,,,,Kairouan,Kairouan,Appartement,vente,35.6917,10.0957,1555.5555555555557,60.0,0.0,,,,,,,,,,,,,,,,,,,,,,,,,,,,,,,,,,,,,,,,,,,,,,,,,,,,,,,,,,,,,,,,,,,,,,,,,,,
2070,79.0,2.0,2.0,165000.0,,1.0,1.0,1.0,,,,,,,Kairouan,Kairouan,Appartement,vente,35.7032,10.1056,2088.6075949367087,39.5,0.0,,,,,,,,,,,,,,,,,,,,,,,,,,,,,,,,,,,,,,,,,,,,,,,,,,,,,,,,,,,,,,,,,,,,,,,,,,,
2071,91.0,2.0,2.0,175000.0,,1.0,1.0,1.0,,,,,,,Kairouan,Kairouan,Appartement,vente,35.7033,10.1055,1923.076923076923,45.5,0.0,,,,,,,,,,,,,,,,,,,,,,,,,,,,,,,,,,,,,,,,,,,,,,,,,,,,,,,,,,,,,,,,,,,,,,,,,,,
2072,62.0,1.0,0.0,180000.0,1.0,,,1.0,,,1.0,,,,Kairouan,Kairouan,Appartement,vente,35.7016,10.1028,2903.2258064516127,62.0,0.0,,,,,,,,,,,,,,,,,,,,,,,,,,,,,,,,,,,,,,,,,,,,,,,,,,,,,,,,,,,,,,,,,,,,,,,,,,,
2073,94.0,2.0,2.0,235000.0,1.0,,,1.0,,,,,,,Kairouan,Kairouan,Appartement,vente,35.7016,10.1028,2500.0,47.0,2.0,,,,,,,,,,,,,,,,,,,,,,,,,,,,,,,,,,,,,,,,,,,,,,,,,,,,,,,,,,,,,,,,,,,,,,,,,,,
2074,113.0,2.0,0.0,180000.0,,,,1.0,,,1.0,,,,Kairouan,Kairouan,Appartement,vente,35.7016,10.1009,1592.9203539823009,56.5,0.0,,,,,,,,,,,,,,,,,,,,,,,,,,,,,,,,,,,,,,,,,,,,,,,,,,,,,,,,,,,,,,,,,,,,,,,,,,,
2075,98.0,2.0,2.0,223000.0,1.0,1.0,1.0,1.0,,,,1.0,,1.0,Kairouan,Kairouan,Appartement,vente,35.7041,10.1066,2275.5102040816328,49.0,2.0,,,,,,,,,,,,,,,,,,,,,,,,,,,,,,,,,,,,,,,,,,,,,,,,,,,,,,,,,,,,,,,,,,,,,,,,,,,
2076,86.0,2.0,3.0,198000.0,1.0,,1.0,1.0,,,,1.0,,,Kairouan,Kairouan,Appartement,vente,35.7041,10.1066,2302.3255813953488,43.0,3.0,,,,,,,,,,,,,,,,,,,,,,,,,,,,,,,,,,,,,,,,,,,,,,,,,,,,,,,,,,,,,,,,,,,,,,,,,,,
2077,50.0,1.0,2.0,90000.0,,,1.0,1.0,,,,1.0,,,Kairouan,Kairouan,Appartement,vente,35.673,10.0961,1800.0,50.0,0.0,,,,,,,,,,,,,,,,,,,,,,,,,,,,,,,,,,,,,,,,,,,,,,,,,,,,,,,,,,,,,,,,,,,,,,,,,,,
2078,70.0,1.0,2.0,100000.0,,,1.0,1.0,,,,1.0,,,Kairouan,Kairouan,Appartement,vente,35.673,10.0961,1428.5714285714287,70.0,0.0,,,,,,,,,,,,,,,,,,,,,,,,,,,,,,,,,,,,,,,,,,,,,,,,,,,,,,,,,,,,,,,,,,,,,,,,,,,
2079,110.0,2.0,0.0,260000.0,,,1.0,1.0,,,1.0,1.0,,1.0,Mahdia,Baghdedi,Appartement,vente,35.5580017411372,11.026422790075724,2363.6363636363635,55.0,0.0,,,,,,,,,,,,,,,,,,,,,,,,,,,,,,,,,,,,,,,,,,,,,,,,,,,,,,,,,,,,,,,,,,,,,,,,,,,
2080,115.0,2.0,2.0,290000.0,,1.0,,1.0,,,,,,1.0,Mahdia,Baghdedi,Appartement,vente,35.56260174113719,11.022522785644178,2521.7391304347825,57.5,0.0,,,,,,,,,,,,,,,,,,,,,,,,,,,,,,,,,,,,,,,,,,,,,,,,,,,,,,,,,,,,,,,,,,,,,,,,,,,
2081,87.0,2.0,2.0,280000.0,1.0,,,1.0,,,,1.0,,1.0,Mahdia,Rejiche,Appartement,vente,35.45520174113729,11.046022888849052,3218.390804597701,43.5,2.0,,,,,,,,,,,,,,,,,,,,,,,,,,,,,,,,,,,,,,,,,,,,,,,,,,,,,,,,,,,,,,,,,,,,,,,,,,,
2082,103.0,3.0,1.0,250000.0,,,1.0,1.0,,,,,,1.0,Mahdia,Hiboun,Appartement,vente,35.50800174113726,11.048022838179838,2427.1844660194174,34.333333333333336,0.0,,,,,,,,,,,,,,,,,,,,,,,,,,,,,,,,,,,,,,,,,,,,,,,,,,,,,,,,,,,,,,,,,,,,,,,,,,,
2083,110.0,3.0,1.0,242000.0,,,,1.0,,,,,,,Mahdia,Salakta,Appartement,vente,35.39650174113735,11.04362294502535,2200.0,36.666666666666664,0.0,,,,,,,,,,,,,,,,,,,,,,,,,,,,,,,,,,,,,,,,,,,,,,,,,,,,,,,,,,,,,,,,,,,,,,,,,,,
2084,160.0,3.0,0.0,275000.0,,1.0,,1.0,,,,,,1.0,Mahdia,Zouila,Appartement,vente,35.49980174113726,11.054322846057588,1718.75,53.333333333333336,0.0,,,,,,,,,,,,,,,,,,,,,,,,,,,,,,,,,,,,,,,,,,,,,,,,,,,,,,,,,,,,,,,,,,,,,,,,,,,
2085,116.0,2.0,3.0,380000.0,1.0,1.0,1.0,1.0,,,,,,,Mahdia,Zone-Touristique-Mahdia,Appartement,vente,35.51790174113723,11.039822828664647,3275.862068965517,58.0,3.0,,,,,,,,,,,,,,,,,,,,,,,,,,,,,,,,,,,,,,,,,,,,,,,,,,,,,,,,,,,,,,,,,,,,,,,,,,,
2086,81.0,1.0,3.0,239000.0,1.0,1.0,,1.0,,,,,,,Mahdia,Zone-Touristique-Mahdia,Appartement,vente,35.51770174113723,11.043222828856925,2950.617283950617,81.0,3.0,,,,,,,,,,,,,,,,,,,,,,,,,,,,,,,,,,,,,,,,,,,,,,,,,,,,,,,,,,,,,,,,,,,,,,,,,,,
2087,64.0,1.0,3.0,125000.0,,,,1.0,,,,,,,Mahdia,Baghdedi,Appartement,vente,35.5586017411372,11.025222789497754,1953.125,64.0,0.0,,,,,,,,,,,,,,,,,,,,,,,,,,,,,,,,,,,,,,,,,,,,,,,,,,,,,,,,,,,,,,,,,,,,,,,,,,,
2088,135.0,3.0,1.0,285000.0,,1.0,1.0,1.0,,,,,,,Mahdia,Zouila,Appartement,vente,35.49600174113725,11.05762284970717,2111.1111111111113,45.0,0.0,,,,,,,,,,,,,,,,,,,,,,,,,,,,,,,,,,,,,,,,,,,,,,,,,,,,,,,,,,,,,,,,,,,,,,,,,,,
2089,60.0,1.0,2.0,223000.0,,,,1.0,,,,1.0,,,Mahdia,Zone-Touristique-Mahdia,Appartement,vente,35.520301741137246,11.03562282635724,3716.6666666666665,60.0,0.0,,,,,,,,,,,,,,,,,,,,,,,,,,,,,,,,,,,,,,,,,,,,,,,,,,,,,,,,,,,,,,,,,,,,,,,,,,,
2090,135.0,2.0,3.0,360000.0,,1.0,,1.0,,,,,,,Mahdia,Zone-Touristique-Mahdia,Appartement,vente,35.51800174113724,11.041022828568517,2666.6666666666665,67.5,0.0,,,,,,,,,,,,,,,,,,,,,,,,,,,,,,,,,,,,,,,,,,,,,,,,,,,,,,,,,,,,,,,,,,,,,,,,,,,
2091,110.0,3.0,2.0,260000.0,,1.0,,1.0,,,,,,,Mahdia,Zouila,Appartement,vente,35.49610174113726,11.059122849611136,2363.6363636363635,36.666666666666664,0.0,,,,,,,,,,,,,,,,,,,,,,,,,,,,,,,,,,,,,,,,,,,,,,,,,,,,,,,,,,,,,,,,,,,,,,,,,,,
2092,87.0,2.0,2.0,340000.0,,,,1.0,,,,,,1.0,Mahdia,Zone-Touristique-Mahdia,Appartement,vente,35.52200174113723,11.035622824722653,3908.0459770114944,43.5,0.0,,,,,,,,,,,,,,,,,,,,,,,,,,,,,,,,,,,,,,,,,,,,,,,,,,,,,,,,,,,,,,,,,,,,,,,,,,,
2093,85.0,3.0,1.0,152000.0,,,,1.0,,,,,,1.0,Mahdia,Mahdia-Centre-Ville,Appartement,vente,35.505101741137246,11.07552284096624,1788.235294117647,28.333333333333332,0.0,,,,,,,,,,,,,,,,,,,,,,,,,,,,,,,,,,,,,,,,,,,,-0.1168359,0.338085,-0.09781852,0.045411892,-0.18239813,0.007368545,0.08651183,0.031048838,-0.033366844,0.0165753,0.023432476,-0.05901135,0.041850854,-0.002966488,-0.003799233,-0.015535531,-0.017023703,-0.01002708,0.0016670173,-0.011158779,-0.0053843837,-0.011124041,0.020035837,-0.015950572,0.0054046162,0.030329745,-0.011077563,-0.026817106,-0.0016970256,0.025304686,0.03517166,0.0012845197
2094,127.0,4.0,2.0,457000.0,,1.0,,1.0,,,,,,1.0,Mahdia,Zone-Touristique-Mahdia,Appartement,vente,35.53690174113722,11.027822810390145,3598.4251968503936,31.75,0.0,,,,,,,,,,,,,,,,,,,,,,,,,,,,,,,,,,,,,,,,,,,,,,,,,,,,,,,,,,,,,,,,,,,,,,,,,,,
2095,100.0,4.0,1.0,150000.0,,,,1.0,,,,,,,Mahdia,Mahdia-Centre-Ville,Appartement,vente,35.505701741137244,11.077922840389771,1500.0,25.0,0.0,,,,,,,,,,,,,,,,,,,,,,,,,,,,,,,,,,,,,,,,,,,,,,,,,,,,,,,,,,,,,,,,,,,,,,,,,,,
2096,86.0,2.0,1.0,308000.0,,1.0,,1.0,,,,1.0,,1.0,Mahdia,Zone-Touristique-Mahdia,Appartement,vente,35.520301741137246,11.03562282635724,3581.3953488372094,43.0,0.0,,,,,,,,,,,,,,,,,,,,,,,,,,,,,,,,,,,,,,,,,,,,,,,,,,,,,,,,,,,,,,,,,,,,,,,,,,,
2097,70.0,3.0,,290000.0,1.0,,,1.0,,,,1.0,1.0,1.0,Mahdia,Salakta,Appartement,vente,35.417701741137314,11.039922924755585,4142.857142857143,23.333333333333332,0.0,,,,,,,,,,,,,,,,,,,,,,,,,,,,,,,,,,,,,,,,,,,,,,,,,,,,,,,,,,,,,,,,,,,,,,,,,,,
2098,88.0,3.0,1.0,240000.0,1.0,,,1.0,,,,1.0,,1.0,Mahdia,Chebba,Appartement,vente,35.23380174113748,11.152423099882135,2727.2727272727275,29.333333333333332,1.0,,,,,,,,,,,,,,,,,,,,,,,,,,,,,,,,,,,,,,,,,,,,,,,,,,,,,,,,,,,,,,,,,,,,,,,,,,,
2099,74.0,2.0,0.0,160000.0,,,1.0,1.0,,,1.0,1.0,,1.0,Mahdia,Chebba,Appartement,vente,35.23390174113751,11.152523099787338,2162.162162162162,37.0,0.0,,,,,,,,,,,,,,,,,,,,,,,,,,,,,,,,,,,,,,,,,,,,,,,,,,,,,,,,,,,,,,,,,,,,,,,,,,,
2100,97.0,3.0,2.0,110000.0,,1.0,,1.0,,,,,,,Mahdia,Rejiche,Appartement,vente,35.463901741137285,11.037922880509232,1134.020618556701,32.333333333333336,0.0,,,,,,,,,,,,,,,,,,,,,,,,,,,,,,,,,,,,,,,,,,,,,,,,,,,,,,,,,,,,,,,,,,,,,,,,,,,
2101,124.0,2.0,0.0,220000.0,,,,1.0,,,,,,1.0,Mahdia,Rejiche,Appartement,vente,35.47480174113728,11.05002287005544,1774.1935483870968,62.0,0.0,,,,,,,,,,,,,,,,,,,,,,,,,,,,,,,,,,,,,,,,,,,,,,,,,,,,,,,,,,,,,,,,,,,,,,,,,,,
2102,78.0,3.0,1.0,223000.0,,1.0,,1.0,,,,,,,Mahdia,Salakta,Appartement,vente,35.3891,11.0366,2858.974358974359,26.0,0.0,,,,,,,,,,,,,,,,,,,,,,,,,,,,,,,,,,,,,,,,,,,,,,,,,,,,,,,,,,,,,,,,,,,,,,,,,,,
2103,91.0,3.0,1.0,243000.0,,1.0,,1.0,,,,,,,Mahdia,Salakta,Appartement,vente,35.3881,11.0372,2670.3296703296705,30.333333333333332,0.0,,,,,,,,,,,,,,,,,,,,,,,,,,,,,,,,,,,,,,,,,,,,,,,,,,,,,,,,,,,,,,,,,,,,,,,,,,,
2104,186.0,3.0,0.0,550000.0,,,,1.0,,,,,,,Mahdia,Salakta,Appartement,vente,35.413401741137314,11.03912292886862,2956.989247311828,62.0,0.0,,,,,,,,,,,,,,,,,,,,,,,,,,,,,,,,,,,,,,,,,,,,,,,,,,,,,,,,,,,,,,,,,,,,,,,,,,,
2105,116.0,4.0,4.0,165000.0,1.0,1.0,,1.0,,,,1.0,,,Mahdia,Ksour-Essef,Appartement,vente,35.40980174113733,11.016922932311417,1422.4137931034484,29.0,4.0,,,,,,,,,,,,,,,,,,,,,,,,,,,,,,,,,,,,,,,,,,,,,,,,,,,,,,,,,,,,,,,,,,,,,,,,,,,
2106,70.0,1.0,1.0,240000.0,1.0,,,1.0,,,,1.0,,1.0,Mahdia,Rejiche,Appartement,vente,35.45520174113729,11.046022888849052,3428.5714285714284,70.0,1.0,,,,,,,,,,,,,,,,,,,,,,,,,,,,,,,,,,,,,,,,,,,,,,,,,,,,,,,,,,,,,,,,,,,,,,,,,,,
2107,99.0,4.0,2.0,310000.0,,1.0,,1.0,,,,,,,Mahdia,Baghdedi,Appartement,vente,35.557901741137194,11.02492279017205,3131.313131313131,24.75,0.0,,,,,,,,,,,,,,,,,,,,,,,,,,,,,,,,,,,,,,,,,,,,,,,,,,,,,,,,,,,,,,,,,,,,,,,,,,,
2108,100.0,3.0,1.0,170000.0,,,,1.0,,,1.0,,,,Mahdia,Rejiche,Appartement,vente,35.47680174113727,11.045022868136702,1700.0,33.333333333333336,0.0,,,,,,,,,,,,,,,,,,,,,,,,,,,,,,,,,,,,,,,,,,,,,,,,,,,,,,,,,,,,,,,,,,,,,,,,,,,
2109,85.0,1.0,0.0,140000.0,,,,1.0,,,1.0,,,,Mahdia,Rejiche,Appartement,vente,35.47020174113728,11.046622874467817,1647.0588235294117,85.0,0.0,,,,,,,,,,,,,,,,,,,,,,,,,,,,,,,,,,,,,,,,,,,,,,,,,,,,,,,,,,,,,,,,,,,,,,,,,,,
2110,112.0,3.0,,290000.0,,,,1.0,,,,,,1.0,Mahdia,Chebba,Appartement,vente,35.23540174113749,11.146123098365315,2589.285714285714,37.333333333333336,0.0,,,,,,,,,,,,,,,,,,,,,,,,,,,,,,,,,,,,,,,,,,,,,,,,,,,,,,,,,,,,,,,,,,,,,,,,,,,
2111,48.0,2.0,,218000.0,,,,1.0,,,,,,,Mahdia,Chebba,Appartement,vente,35.24420174113748,11.131823090020651,4541.666666666667,24.0,0.0,,,,,,,,,,,,,,,,,,,,,,,,,,,,,,,,,,,,,,,,,,,,,,,,,,,,,,,,,,,,,,,,,,,,,,,,,,,
2112,105.0,3.0,1.0,265000.0,,,,1.0,,,,,,1.0,Mahdia,Rejiche,Appartement,vente,35.4757,11.0501,2523.809523809524,35.0,0.0,,,,,,,,,,,,,,,,,,,,,,,,,,,,,,,,,,,,,,,,,,,,,,,,,,,,,,,,,,,,,,,,,,,,,,,,,,,
2113,126.0,2.0,1.0,315000.0,,1.0,,1.0,,,,,,,Mahdia,Baghdedi,Appartement,vente,35.56260174113719,11.022522785644178,2500.0,63.0,0.0,,,,,,,,,,,,,,,,,,,,,,,,,,,,,,,,,,,,,,,,,,,,,,,,,,,,,,,,,,,,,,,,,,,,,,,,,,,
2114,84.0,2.0,0.0,170000.0,,,,1.0,,,,,,1.0,Mahdia,Baghdedi,Appartement,vente,35.55840174113719,11.025222789690412,2023.8095238095239,42.0,0.0,,,,,,,,,,,,,,,,,,,,,,,,,,,,,,,,,,,,,,,,,,,,,,,,,,,,,,,,,,,,,,,,,,,,,,,,,,,
2115,100.0,2.0,1.0,175000.0,,1.0,,1.0,,,,,,,Mahdia,Baghdedi,Appartement,vente,35.5585017411372,11.02502278959408,1750.0,50.0,0.0,,,,,,,,,,,,,,,,,,,,,,,,,,,,,,,,,,,,,,,,,,,,,,,,,,,,,,,,,,,,,,,,,,,,,,,,,,,
2116,201.0,5.0,0.0,490000.0,,,1.0,1.0,,,,,,1.0,Monastir,Skanes-La-Falaise,Appartement,vente,35.778201741137,10.802422576806473,2437.8109452736317,40.2,0.0,,,,,,,,,,,,,,,,,,,,,,,,,,,,,,,,,,,,,,,,,,,,,,,,,,,,,,,,,,,,,,,,,,,,,,,,,,,
2117,130.0,2.0,1.0,435000.0,1.0,1.0,1.0,1.0,,,,1.0,,1.0,Monastir,Skanes-La-Falaise,Appartement,vente,35.780801741137,10.807922574274428,3346.153846153846,65.0,1.0,,,,,,,,,,,,,,,,,,,,,,,,,,,,,,,,,,,,,,,,,,,,,,,,,,,,,,,,,,,,,,,,,,,,,,,,,,,
2118,190.0,2.0,2.0,420000.0,,,,1.0,,,,,,,Monastir,R6,Appartement,vente,35.7685,10.8307,2210.5263157894738,95.0,0.0,,,,,,,,,,,,,,,,,,,,,,,,,,,,,,,,,,,,,,,,,,,,,,,,,,,,,,,,,,,,,,,,,,,,,,,,,,,
2119,157.0,4.0,3.0,580000.0,1.0,,,1.0,,1.0,,1.0,,,Monastir,Skanes,Appartement,vente,35.7746,10.7853,3694.267515923567,39.25,3.0,,,,,,,,,,,,,,,,,,,,,,,,,,,,,,,,,,,,,,,,,,,,,,,,,,,,,,,,,,,,,,,,,,,,,,,,,,,
2120,70.0,3.0,0.0,135000.0,,,,1.0,,,,,,,Monastir,Monastir-Centre-Ville,Appartement,vente,35.778001741137004,10.819522577001228,1928.5714285714287,23.333333333333332,0.0,,,,,,,,,,,,,,,,,,,,,,,,,,,,,,,,,,,,,,,,,,,,,,,,,,,,,,,,,,,,,,,,,,,,,,,,,,,
2121,103.0,3.0,4.0,450000.0,,1.0,,1.0,,,,,,,Monastir,Skanes,Appartement,vente,35.7736,10.7856,4368.9320388349515,34.333333333333336,0.0,,,,,,,,,,,,,,,,,,,,,,,,,,,,,,,,,,,,,,,,,,,,,,,,,,,,,,,,,,,,,,,,,,,,,,,,,,,
2122,63.0,2.0,3.0,130000.0,,,,1.0,,,,,,,Monastir,Frina,Appartement,vente,35.7239,10.8165,2063.4920634920636,31.5,0.0,,,,,,,,,,,,,,,,,,,,,,,,,,,,,,,,,,,,,,,,,,,,,,,,,,,,,,,,,,,,,,,,,,,,,,,,,,,
2123,96.0,3.0,0.0,265000.0,1.0,,,1.0,,,,,,,Monastir,Monastir-Centre-Ville,Appartement,vente,35.773401741137,10.819122581480151,2760.4166666666665,32.0,0.0,,,,,,,,,,,,,,,,,,,,,,,,,,,,,,,,,,,,,,,,,,,,-0.14867885,0.257997,-0.16896841,-0.025401644,-0.11778777,0.010940254,0.057479806,0.044810202,0.02094456,0.031048568,-0.038133614,-0.050253965,0.004590061,-0.01485624,0.0328964,-0.009199755,-0.030257234,0.061220676,-0.00034524078,-0.0033409677,0.043105844,-0.0016000983,0.04417543,0.038890272,-0.007969062,0.026662955,0.00014820597,0.020249326,0.002970068,-0.014766699,0.027375214,0.017397925
2124,114.0,4.0,2.0,171000.0,,1.0,,1.0,,,,,,,Monastir,Frina,Appartement,vente,35.7253,10.8171,1500.0,28.5,0.0,,,,,,,,,,,,,,,,,,,,,,,,,,,,,,,,,,,,,,,,,,,,,,,,,,,,,,,,,,,,,,,,,,,,,,,,,,,
2125,70.0,3.0,3.0,95000.0,,,,1.0,,,,,,,Monastir,Frina,Appartement,vente,35.7275,10.8178,1357.142857142857,23.333333333333332,0.0,,,,,,,,,,,,,,,,,,,,,,,,,,,,,,,,,,,,,,,,,,,,,,,,,,,,,,,,,,,,,,,,,,,,,,,,,,,
2126,76.0,3.0,0.0,165000.0,,,,1.0,,,,,,,Monastir,Sahline,Appartement,vente,35.7462,10.715,2171.0526315789475,25.333333333333332,0.0,,,,,,,,,,,,,,,,,,,,,,,,,,,,,,,,,,,,,,,,,,,,,,,,,,,,,,,,,,,,,,,,,,,,,,,,,,,
2127,105.0,1.0,0.0,150000.0,,1.0,,1.0,,,,,,,Monastir,Sahline,Appartement,vente,35.7464,10.7148,1428.5714285714287,105.0,0.0,,,,,,,,,,,,,,,,,,,,,,,,,,,,,,,,,,,,,,,,,,,,,,,,,,,,,,,,,,,,,,,,,,,,,,,,,,,
2128,90.0,3.0,4.0,550000.0,,,,1.0,,,,1.0,1.0,1.0,Monastir,Zone-Touristique-Monastir,Appartement,vente,35.7596,10.7354,6111.111111111111,30.0,0.0,,,,,,,,,,,,,,,,,,,,,,,,,,,,,,,,,,,,,,,,,,,,,,,,,,,,,,,,,,,,,,,,,,,,,,,,,,,
2129,82.0,2.0,5.0,108000.0,,,,1.0,,,,,,,Monastir,Cite-El-Omrane,Appartement,vente,35.7649,10.8099,1317.0731707317073,41.0,0.0,,,,,,,,,,,,,,,,,,,,,,,,,,,,,,,,,,,,,,,,,,,,,,,,,,,,,,,,,,,,,,,,,,,,,,,,,,,
2130,71.0,3.0,3.0,92000.0,,,,1.0,,,,,,,Monastir,Frina,Appartement,vente,35.7274,10.8178,1295.774647887324,23.666666666666668,0.0,,,,,,,,,,,,,,,,,,,,,,,,,,,,,,,,,,,,,,,,,,,,,,,,,,,,,,,,,,,,,,,,,,,,,,,,,,,
2131,90.0,2.0,4.0,130000.0,,,,1.0,,,,,,,Monastir,Cite-Erriadh,Appartement,vente,35.766501741137006,10.813922588196634,1444.4444444444443,45.0,0.0,,,,,,,,,,,,,,,,,,,,,,,,,,,,,,,,,,,,,,,,,,,,,,,,,,,,,,,,,,,,,,,,,,,,,,,,,,,
2132,99.0,2.0,0.0,350000.0,,1.0,,1.0,,,,,,,Monastir,Monastir-Centre-Ville,Appartement,vente,35.768601741137005,10.82392258615273,3535.3535353535353,49.5,0.0,,,,,,,,,,,,,,,,,,,,,,,,,,,,,,,,,,,,,,,,,,,,,,,,,,,,,,,,,,,,,,,,,,,,,,,,,,,
2133,75.0,3.0,2.0,92000.0,,,,1.0,,,,,,,Monastir,Frina,Appartement,vente,35.7275,10.8179,1226.6666666666667,25.0,0.0,,,,,,,,,,,,,,,,,,,,,,,,,,,,,,,,,,,,,,,,,,,,,,,,,,,,,,,,,,,,,,,,,,,,,,,,,,,
2134,77.0,3.0,3.0,170000.0,,,,1.0,,,,,,,Monastir,Cite-El-Omrane,Appartement,vente,35.7648,10.8095,2207.7922077922076,25.666666666666668,0.0,,,,,,,,,,,,,,,,,,,,,,,,,,,,,,,,,,,,,,,,,,,,,,,,,,,,,,,,,,,,,,,,,,,,,,,,,,,
2135,75.0,2.0,3.0,155000.0,,1.0,,1.0,,,,,,,Monastir,Sahline,Appartement,vente,35.7593,10.7036,2066.6666666666665,37.5,0.0,,,,,,,,,,,,,,,,,,,,,,,,,,,,,,,,,,,,,,,,,,,,,,,,,,,,,,,,,,,,,,,,,,,,,,,,,,,
2136,103.0,3.0,2.0,110000.0,,,,1.0,,,,,,,Monastir,Sahline,Appartement,vente,35.748,10.719,1067.9611650485438,34.333333333333336,0.0,,,,,,,,,,,,,,,,,,,,,,,,,,,,,,,,,,,,,,,,,,,,,,,,,,,,,,,,,,,,,,,,,,,,,,,,,,,
2137,130.0,2.0,3.0,190000.0,,1.0,,1.0,,,,,,,Monastir,Sahline,Appartement,vente,35.7498,10.7091,1461.5384615384614,65.0,0.0,,,,,,,,,,,,,,,,,,,,,,,,,,,,,,,,,,,,,,,,,,,,,,,,,,,,,,,,,,,,,,,,,,,,,,,,,,,
2138,112.0,4.0,0.0,255000.0,,,,1.0,,,,,,1.0,Monastir,Cite-El-Agba,Appartement,vente,35.754801741137015,10.827522599580222,2276.785714285714,28.0,0.0,,,,,,,,,,,,,,,,,,,,,,,,,,,,,,,,,,,,,,,,,,,,,,,,,,,,,,,,,,,,,,,,,,,,,,,,,,,
2139,114.0,4.0,3.0,259000.0,,1.0,,1.0,,,,,,,Monastir,Cite-El-Agba,Appartement,vente,35.753301741137015,10.82542260103918,2271.9298245614036,28.5,0.0,,,,,,,,,,,,,,,,,,,,,,,,,,,,,,,,,,,,,,,,,,,,,,,,,,,,,,,,,,,,,,,,,,,,,,,,,,,
2140,58.0,1.0,5.0,215000.0,,,,1.0,,,,,,,Monastir,Cite-El-Agba,Appartement,vente,35.75850174113702,10.826022595980996,3706.896551724138,58.0,0.0,,,,,,,,,,,,,,,,,,,,,,,,,,,,,,,,,,,,,,,,,,,,,,,,,,,,,,,,,,,,,,,,,,,,,,,,,,,
2141,68.0,3.0,2.0,125000.0,,,,1.0,,,,,,1.0,Monastir,Sahline,Appartement,vente,35.7541,10.7156,1838.235294117647,22.666666666666668,0.0,,,,,,,,,,,,,,,,,,,,,,,,,,,,,,,,,,,,,,,,,,,,,,,,,,,,,,,,,,,,,,,,,,,,,,,,,,,
2142,90.0,3.0,4.0,190000.0,1.0,1.0,1.0,1.0,,,,,,1.0,Monastir,Cite-Erriadh,Appartement,vente,35.767801741137006,10.805522586931383,2111.1111111111113,30.0,4.0,,,,,,,,,,,,,,,,,,,,,,,,,,,,,,,,,,,,,,,,,,,,,,,,,,,,,,,,,,,,,,,,,,,,,,,,,,,
2143,87.0,2.0,0.0,255000.0,,,,1.0,,,1.0,,,1.0,Monastir,Cite-El-Agba,Appartement,vente,35.753101741137016,10.8254226012337,2931.0344827586205,43.5,0.0,,,,,,,,,,,,,,,,,,,,,,,,,,,,,,,,,,,,,,,,,,,,,,,,,,,,,,,,,,,,,,,,,,,,,,,,,,,
2144,121.0,3.0,1.0,575000.0,,,,1.0,,1.0,,,,,Monastir,Cite-El-Agba,Appartement,vente,35.75520174113702,10.822422599191146,4752.06611570248,40.333333333333336,0.0,,,,,,,,,,,,,,,,,,,,,,,,,,,,,,,,,,,,,,,,,,,,,,,,,,,,,,,,,,,,,,,,,,,,,,,,,,,
2145,58.0,2.0,0.0,257000.0,,,,1.0,,,,,,1.0,Monastir,Cite-El-Agba,Appartement,vente,35.75640174113702,10.82802259802388,4431.0344827586205,29.0,0.0,,,,,,,,,,,,,,,,,,,,,,,,,,,,,,,,,,,,,,,,,,,,,,,,,,,,,,,,,,,,,,,,,,,,,,,,,,,
2146,137.0,4.0,3.0,470000.0,,1.0,,1.0,,,,1.0,,,Monastir,Cite-El-Agba,Appartement,vente,35.75620174113702,10.82742259821843,3430.6569343065694,34.25,0.0,,,,,,,,,,,,,,,,,,,,,,,,,,,,,,,,,,,,,,,,,,,,,,,,,,,,,,,,,,,,,,,,,,,,,,,,,,,
2147,58.0,2.0,2.0,285000.0,,,,1.0,,,,,,1.0,Monastir,Cite-El-Agba,Appartement,vente,35.75600174113702,10.828222598412976,4913.793103448276,29.0,0.0,,,,,,,,,,,,,,,,,,,,,,,,,,,,,,,,,,,,,,,,,,,,,,,,,,,,,,,,,,,,,,,,,,,,,,,,,,,
2148,58.0,2.0,1.0,267000.0,,,,1.0,,,,,,1.0,Monastir,Cite-El-Agba,Appartement,vente,35.756101741137016,10.827922598315704,4603.448275862069,29.0,0.0,,,,,,,,,,,,,,,,,,,,,,,,,,,,,,,,,,,,,,,,,,,,,,,,,,,,,,,,,,,,,,,,,,,,,,,,,,,
2149,87.0,2.0,2.0,169000.0,,,,1.0,,,,,,,Monastir,Monastir-Centre-Ville,Appartement,vente,35.7717,10.8311,1942.528735632184,43.5,0.0,,,,,,,,,,,,,,,,,,,,,,,,,,,,,,,,,,,,,,,,,,,,,,,,,,,,,,,,,,,,,,,,,,,,,,,,,,,
2150,109.0,3.0,2.0,198000.0,,1.0,,1.0,,,,,,,Monastir,Sahline,Appartement,vente,35.7593,10.7036,1816.51376146789,36.333333333333336,0.0,,,,,,,,,,,,,,,,,,,,,,,,,,,,,,,,,,,,,,,,,,,,,,,,,,,,,,,,,,,,,,,,,,,,,,,,,,,
2151,154.0,4.0,1.0,585000.0,,,1.0,1.0,,,,1.0,,1.0,Monastir,Cite-El-Agba,Appartement,vente,35.75640174113702,10.82802259802388,3798.7012987012986,38.5,0.0,,,,,,,,,,,,,,,,,,,,,,,,,,,,,,,,,,,,,,,,,,,,,,,,,,,,,,,,,,,,,,,,,,,,,,,,,,,
2152,141.0,4.0,1.0,643000.0,,,1.0,1.0,,,,1.0,,1.0,Monastir,Cite-El-Agba,Appartement,vente,35.75600174113702,10.828222598412976,4560.2836879432625,35.25,0.0,,,,,,,,,,,,,,,,,,,,,,,,,,,,,,,,,,,,,,,,,,,,,,,,,,,,,,,,,,,,,,,,,,,,,,,,,,,
2153,121.0,3.0,0.0,525000.0,,1.0,1.0,1.0,,,,1.0,,,Monastir,Cite-El-Agba,Appartement,vente,35.75620174113702,10.82742259821843,4338.842975206611,40.333333333333336,0.0,,,,,,,,,,,,,,,,,,,,,,,,,,,,,,,,,,,,,,,,,,,,,,,,,,,,,,,,,,,,,,,,,,,,,,,,,,,
2154,191.0,4.0,0.0,560000.0,,,,1.0,,,1.0,1.0,,1.0,Monastir,Cite-El-Agba,Appartement,vente,35.753101741137016,10.8254226012337,2931.937172774869,47.75,0.0,,,,,,,,,,,,,,,,,,,,,,,,,,,,,,,,,,,,,,,,,,,,,,,,,,,,,,,,,,,,,,,,,,,,,,,,,,,
2155,154.0,4.0,3.0,510000.0,,1.0,1.0,1.0,,,,1.0,,,Monastir,Cite-El-Agba,Appartement,vente,35.756501741137015,10.827522597926604,3311.688311688312,38.5,0.0,,,,,,,,,,,,,,,,,,,,,,,,,,,,,,,,,,,,,,,,,,,,,,,,,,,,,,,,,,,,,,,,,,,,,,,,,,,
2156,103.0,3.0,4.0,540000.0,,1.0,,1.0,,,,1.0,1.0,,Monastir,Zone-Touristique-Monastir,Appartement,vente,35.7603,10.7324,5242.718446601942,34.333333333333336,0.0,,,,,,,,,,,,,,,,,,,,,,,,,,,,,,,,,,,,,,,,,,,,,,,,,,,,,,,,,,,,,,,,,,,,,,,,,,,
2157,123.0,3.0,3.0,480000.0,,,1.0,1.0,,,,1.0,1.0,1.0,Monastir,Zone-Touristique-Monastir,Appartement,vente,35.7824,10.6898,3902.439024390244,41.0,0.0,,,,,,,,,,,,,,,,,,,,,,,,,,,,,,,,,,,,,,,,,,,,,,,,,,,,,,,,,,,,,,,,,,,,,,,,,,,
2158,125.0,3.0,0.0,248000.0,,,,1.0,,,,,,,Monastir,Sahline,Appartement,vente,35.7593,10.7036,1984.0,41.666666666666664,0.0,,,,,,,,,,,,,,,,,,,,,,,,,,,,,,,,,,,,,,,,,,,,,,,,,,,,,,,,,,,,,,,,,,,,,,,,,,,
2159,90.0,2.0,1.0,490000.0,,,,1.0,,,,,,,Monastir,Monastir-Centre-Ville,Appartement,vente,35.7784,10.8331,5444.444444444444,45.0,0.0,,,,,,,,,,,,,,,,,,,,,,,,,,,,,,,,,,,,,,,,,,,,,,,,,,,,,,,,,,,,,,,,,,,,,,,,,,,
2160,130.0,3.0,1.0,490000.0,,1.0,,1.0,,,,,,1.0,Monastir,Monastir-Centre-Ville,Appartement,vente,35.7784,10.8331,3769.230769230769,43.333333333333336,0.0,,,,,,,,,,,,,,,,,,,,,,,,,,,,,,,,,,,,,,,,,,,,,,,,,,,,,,,,,,,,,,,,,,,,,,,,,,,
2161,87.0,2.0,3.0,178000.0,,,,1.0,,,,,,1.0,Sfax,Route-Gremda,Appartement,vente,34.75700174113792,10.734023546599124,2045.9770114942528,43.5,0.0,,,,,,,,,,,,,,,,,,,,,,,,,,,,,,,,,,,,,,,,,,,,,,,,,,,,,,,,,,,,,,,,,,,,,,,,,,,
2162,193.0,5.0,1.0,190000.0,,,,1.0,,,,,,1.0,Sfax,Route-Teniour,Appartement,vente,34.7813017411379,10.750023524085703,984.4559585492228,38.6,0.0,,,,,,,,,,,,,,,,,,,,,,,,,,,,,,,,,,,,,,,,,,,,,,,,,,,,,,,,,,,,,,,,,,,,,,,,,,,
2163,239.0,4.0,1.0,555000.0,,1.0,1.0,1.0,,,,1.0,,1.0,Sfax,Route-Gremda,Appartement,vente,34.76570174113791,10.735723538541867,2322.175732217573,59.75,0.0,,,,,,,,,,,,,,,,,,,,,,,,,,,,,,,,,,,,,,,,,,,,,,,,,,,,,,,,,,,,,,,,,,,,,,,,,,,
2164,139.0,3.0,3.0,230000.0,,1.0,1.0,1.0,,,,,,,Sfax,Route-De-Mahdia,Appartement,vente,34.74680174113792,10.766423556041156,1654.6762589928057,46.333333333333336,0.0,,,,,,,,,,,,,,,,,,,,,,,,,,,,,,,,,,,,,,,,,,,,,,,,,,,,,,,,,,,,,,,,,,,,,,,,,,,
2165,144.0,3.0,1.0,272000.0,,1.0,,1.0,,,,,,,Sfax,Route-Soukra,Appartement,vente,34.726101741137946,10.735923575188316,1888.888888888889,48.0,0.0,,,,,,,,,,,,,,,,,,,,,,,,,,,,,,,,,,,,,,,,,,,,,,,,,,,,,,,,,,,,,,,,,,,,,,,,,,,
2166,98.0,3.0,1.0,300000.0,,1.0,1.0,1.0,,,,1.0,,,Sfax,Bouzayen,Appartement,vente,34.77400174113791,10.740623530851831,3061.2244897959185,32.666666666666664,0.0,,,,,,,,,,,,,,,,,,,,,,,,,,,,,,,,,,,,,,,,,,,,,,,,,,,,,,,,,,,,,,,,,,,,,,,,,,,
2167,70.0,2.0,,155000.0,,,,1.0,,,,,,,Sfax,Nasria,Appartement,vente,34.72710174113794,10.74212357426378,2214.285714285714,35.0,0.0,,,,,,,,,,,,,,,,,,,,,,,,,,,,,,,,,,,,,,,,,,,,-0.12960972,0.31058136,-0.13804404,-0.019131115,-0.10870968,-0.025098909,0.052242544,0.061575778,-0.03665642,-0.030833745,-0.065587774,-0.03927216,0.055922993,0.014375714,0.028029468,-0.0027157066,0.02657969,-0.0012746041,0.013665703,-0.05464345,0.0060289116,0.016717205,0.031135103,-0.034961056,-0.0029798336,-0.024200592,-0.001172881,-0.00076897454,-0.012116948,-0.017128559,0.041863933,0.032784738
2168,86.0,2.0,2.0,125000.0,,1.0,,1.0,,,,,,,Sfax,Route-Soukra,Appartement,vente,34.729701741137944,10.73522357185978,1453.4883720930231,43.0,0.0,,,,,,,,,,,,,,,,,,,,,,,,,,,,,,,,,,,,,,,,,,,,,,,,,,,,,,,,,,,,,,,,,,,,,,,,,,,
2169,110.0,2.0,2.0,205000.0,,1.0,,1.0,,,,1.0,,,Sfax,Route-Soukra,Appartement,vente,34.72900174113795,10.73362357250704,1863.6363636363637,55.0,0.0,,,,,,,,,,,,,,,,,,,,,,,,,,,,,,,,,,,,,,,,,,,,,,,,,,,,,,,,,,,,,,,,,,,,,,,,,,,
2170,123.0,3.0,3.0,320000.0,,1.0,,1.0,,,,1.0,,,Sfax,Route-Gremda,Appartement,vente,34.76570174113791,10.735723538541867,2601.6260162601625,41.0,0.0,,,,,,,,,,,,,,,,,,,,,,,,,,,,,,,,,,,,,,,,,,,,,,,,,,,,,,,,,,,,,,,,,,,,,,,,,,,
2171,220.0,5.0,6.0,345000.0,,,1.0,1.0,,,,1.0,,,Sfax,Route-Gremda,Appartement,vente,34.795301741137884,10.71432351110274,1568.1818181818182,44.0,0.0,,,,,,,,,,,,,,,,,,,,,,,,,,,,,,,,,,,,,,,,,,,,,,,,,,,,,,,,,,,,,,,,,,,,,,,,,,,
2172,120.0,3.0,,215000.0,,1.0,,1.0,,,,,,,Sfax,Route-Gremda,Appartement,vente,34.75450174113792,10.745223548913788,1791.6666666666667,40.0,0.0,,,,,,,,,,,,,,,,,,,,,,,,,,,,,,,,,,,,,,,,,,,,,,,,,,,,,,,,,,,,,,,,,,,,,,,,,,,
2173,60.0,3.0,4.0,145000.0,,,,1.0,,,,,,,Sfax,Route-Gremda,Appartement,vente,34.76180174113792,10.728623542154168,2416.6666666666665,20.0,0.0,,,,,,,,,,,,,,,,,,,,,,,,,,,,,,,,,,,,,,,,,,,,,,,,,,,,,,,,,,,,,,,,,,,,,,,,,,,
2174,133.0,4.0,0.0,538118.0,,1.0,,1.0,,,,,1.0,1.0,Sousse,El-Kantaoui,Appartement,vente,35.8731,10.6039,4046.0,33.25,0.0,,,,,,,,,,,,,,,,,,,,,,,,,,,,,,,,,,,,,,,,,,,,,,,,,,,,,,,,,,,,,,,,,,,,,,,,,,,
2175,130.0,3.0,7.0,245000.0,,1.0,1.0,1.0,,,,,,,Sousse,Cite-Hached--Jawhara,Appartement,vente,35.8379,10.6198,1884.6153846153845,43.333333333333336,0.0,,,,,,,,,,,,,,,,,,,,,,,,,,,,,,,,,,,,,,,,,,,,,,,,,,,,,,,,,,,,,,,,,,,,,,,,,,,
2176,100.0,3.0,0.0,180000.0,,1.0,,1.0,,,,,,,Sousse,Sahloul-1-2,Appartement,vente,35.83820174113694,10.585122518291866,1800.0,33.333333333333336,0.0,,,,,,,,,,,,,,,,,,,,,,,,,,,,,,,,,,,,,,,,,,,,,,,,,,,,,,,,,,,,,,,,,,,,,,,,,,,
2177,103.0,3.0,0.0,410294.0,,,,1.0,,,,,1.0,1.0,Sousse,El-Kantaoui,Appartement,vente,35.873,10.6036,3983.4368932038833,34.333333333333336,0.0,,,,,,,,,,,,,,,,,,,,,,,,,,,,,,,,,,,,,,,,,,,,,,,,,,,,,,,,,,,,,,,,,,,,,,,,,,,
2178,110.0,3.0,3.0,180000.0,,1.0,1.0,1.0,,,,,,,Sousse,Hammam-Sousse,Appartement,vente,35.8696,10.5944,1636.3636363636363,36.666666666666664,0.0,,,,,,,,,,,,,,,,,,,,,,,,,,,,,,,,,,,,,,,,,,,,-0.23502682,0.28606966,-0.041252814,0.035232384,-0.13352086,0.03717798,0.0195829,0.013072572,-0.0069119097,-0.034044914,-0.018349485,-0.029514903,-0.00016902764,-0.03924355,-0.0021170697,-0.0026232866,-0.0241664,-0.0011960451,0.023778593,-0.034429304,0.023024034,0.013257452,0.007312556,-0.028885914,-0.023931665,0.0036781058,-0.00016855646,0.008068634,0.006905265,-0.02183495,-0.006882443,-0.0069741663
2179,115.0,3.0,3.0,514701.0,1.0,,1.0,1.0,,1.0,,,1.0,1.0,Sousse,El-Kantaoui,Appartement,vente,35.8731,10.6039,4475.660869565218,38.333333333333336,3.0,,,,,,,,,,,,,,,,,,,,,,,,,,,,,,,,,,,,,,,,,,,,,,,,,,,,,,,,,,,,,,,,,,,,,,,,,,,
2180,125.0,3.0,4.0,302000.0,,1.0,,1.0,,,,,,,Sousse,Hammam-Sousse,Appartement,vente,35.8671,10.5966,2416.0,41.666666666666664,0.0,,,,,,,,,,,,,,,,,,,,,,,,,,,,,,,,,,,,,,,,,,,,,,,,,,,,,,,,,,,,,,,,,,,,,,,,,,,
2181,60.0,1.0,3.0,150000.0,,,1.0,1.0,,,,,,,Sousse,Hergla,Appartement,vente,36.0134,10.5164,2500.0,60.0,0.0,,,,,,,,,,,,,,,,,,,,,,,,,,,,,,,,,,,,,,,,,,,,,,,,,,,,,,,,,,,,,,,,,,,,,,,,,,,
2182,211.0,5.0,1.0,485000.0,,1.0,1.0,1.0,,,,,,,Sousse,Khezema-Est,Appartement,vente,35.84480174113693,10.61112251184467,2298.5781990521327,42.2,0.0,,,,,,,,,,,,,,,,,,,,,,,,,,,,,,,,,,,,,,,,,,,,,,,,,,,,,,,,,,,,,,,,,,,,,,,,,,,
2183,122.0,3.0,3.0,685000.0,,,,1.0,,,,1.0,,1.0,Sousse,El-Kantaoui,Appartement,vente,35.88480174113689,10.591822472725768,5614.754098360656,40.666666666666664,0.0,,,,,,,,,,,,,,,,,,,,,,,,,,,,,,,,,,,,,,,,,,,,,,,,,,,,,,,,,,,,,,,,,,,,,,,,,,,
2184,64.0,2.0,,281000.0,1.0,,1.0,1.0,,,,,,,Sousse,Hergla,Appartement,vente,36.0228,10.516,4390.625,32.0,0.0,,,,,,,,,,,,,,,,,,,,,,,,,,,,,,,,,,,,,,,,,,,,,,,,,,,,,,,,,,,,,,,,,,,,,,,,,,,
2185,110.0,3.0,1.0,350000.0,1.0,1.0,,1.0,,1.0,,,,,Sousse,La-Corniche,Appartement,vente,35.837601741136936,10.62622251887787,3181.818181818182,36.666666666666664,1.0,,,,,,,,,,,,,,,,,,,,,,,,,,,,,,,,,,,,,,,,,,,,,,,,,,,,,,,,,,,,,,,,,,,,,,,,,,,
2186,95.0,4.0,3.0,170000.0,1.0,1.0,1.0,1.0,,,,1.0,,,Sousse,Khezema-Est,Appartement,vente,35.85750174113692,10.616622499432788,1789.4736842105262,23.75,3.0,,,,,,,,,,,,,,,,,,,,,,,,,,,,,,,,,,,,,,,,,,,,,,,,,,,,,,,,,,,,,,,,,,,,,,,,,,,
2187,134.0,4.0,3.0,220000.0,,,1.0,1.0,,,,1.0,,1.0,Sousse,Chott-Meriam,Appartement,vente,35.9642,10.5348,1641.7910447761194,33.5,0.0,,,,,,,,,,,,,,,,,,,,,,,,,,,,,,,,,,,,,,,,,,,,,,,,,,,,,,,,,,,,,,,,,,,,,,,,,,,
2188,112.0,3.0,1.0,420000.0,1.0,1.0,1.0,1.0,,,,,,1.0,Sousse,La-Corniche,Appartement,vente,35.838901741136944,10.628222517608172,3750.0,37.333333333333336,1.0,,,,,,,,,,,,,,,,,,,,,,,,,,,,,,,,,,,,,,,,,,,,,,,,,,,,,,,,,,,,,,,,,,,,,,,,,,,
2189,121.0,3.0,2.0,440000.0,,1.0,1.0,1.0,,,,,,,Sousse,Khezema-Ouest,Appartement,vente,35.839601741136946,10.604522516924453,3636.3636363636365,40.333333333333336,0.0,,,,,,,,,,,,,,,,,,,,,,,,,,,,,,,,,,,,,,,,,,,,,,,,,,,,,,,,,,,,,,,,,,,,,,,,,,,
2190,95.0,,,250000.0,,1.0,,1.0,,,,,,,Sousse,Chott-Meriam,Appartement,vente,35.9337,10.5619,2631.5789473684213,,0.0,,,,,,,,,,,,,,,,,,,,,,,,,,,,,,,,,,,,,,,,,,,,,,,,,,,,,,,,,,,,,,,,,,,,,,,,,,,
2191,67.0,3.0,1.0,350000.0,,,1.0,1.0,,,,,,,Sousse,Chott-Meriam,Appartement,vente,35.925,10.5733,5223.880597014925,22.333333333333332,0.0,,,,,,,,,,,,,,,,,,,,,,,,,,,,,,,,,,,,,,,,,,,,,,,,,,,,,,,,,,,,,,,,,,,,,,,,,,,
2192,75.0,3.0,3.0,120000.0,,1.0,,1.0,,,,,,,Sousse,Hammam-Sousse,Appartement,vente,35.8646,10.5914,1600.0,25.0,0.0,,,,,,,,,,,,,,,,,,,,,,,,,,,,,,,,,,,,,,,,,,,,,,,,,,,,,,,,,,,,,,,,,,,,,,,,,,,
2193,100.0,3.0,2.0,260000.0,,1.0,,1.0,,,,,,,Sousse,Hammam-Sousse,Appartement,vente,35.865301741136925,10.599222491805884,2600.0,33.333333333333336,0.0,,,,,,,,,,,,,,,,,,,,,,,,,,,,,,,,,,,,,,,,,,,,,,,,,,,,,,,,,,,,,,,,,,,,,,,,,,,
2194,100.0,3.0,2.0,240000.0,,1.0,,1.0,,,,,,,Sousse,Hammam-Sousse,Appartement,vente,35.8661,10.5993,2400.0,33.333333333333336,0.0,,,,,,,,,,,,,,,,,,,,,,,,,,,,,,,,,,,,,,,,,,,,,,,,,,,,,,,,,,,,,,,,,,,,,,,,,,,
2195,90.0,3.0,2.0,180000.0,,1.0,,1.0,,,,,,,Sousse,Hammam-Sousse,Appartement,vente,35.8695,10.5944,2000.0,30.0,0.0,,,,,,,,,,,,,,,,,,,,,,,,,,,,,,,,,,,,,,,,,,,,,,,,,,,,,,,,,,,,,,,,,,,,,,,,,,,
2196,80.0,2.0,3.0,135000.0,,,,1.0,,,,,,1.0,Sousse,Hammam-Sousse,Appartement,vente,35.86520174113693,10.599122491903689,1687.5,40.0,0.0,,,,,,,,,,,,,,,,,,,,,,,,,,,,,,,,,,,,,,,,,,,,,,,,,,,,,,,,,,,,,,,,,,,,,,,,,,,
2197,56.0,2.0,1.0,250000.0,,1.0,,1.0,,,,,1.0,,Sousse,El-Kantaoui,Appartement,vente,35.873,10.6039,4464.285714285715,28.0,0.0,,,,,,,,,,,,,,,,,,,,,,,,,,,,,,,,,,,,,,,,,,,,,,,,,,,,,,,,,,,,,,,,,,,,,,,,,,,
2198,197.0,3.0,4.0,168000.0,,,,1.0,,,,,,1.0,Sousse,Bouhsina,Appartement,vente,35.8142,10.6238,852.7918781725888,65.66666666666667,0.0,,,,,,,,,,,,,,,,,,,,,,,,,,,,,,,,,,,,,,,,,,,,,,,,,,,,,,,,,,,,,,,,,,,,,,,,,,,
2199,75.0,2.0,1.0,310000.0,,1.0,1.0,1.0,,,,1.0,1.0,,Sousse,Chott-Meriam,Appartement,vente,35.9245,10.5702,4133.333333333333,37.5,0.0,,,,,,,,,,,,,,,,,,,,,,,,,,,,,,,,,,,,,,,,,,,,,,,,,,,,,,,,,,,,,,,,,,,,,,,,,,,
2200,108.0,3.0,3.0,98000.0,,1.0,,1.0,,,,,,,Sousse,Cite-Riadh,Appartement,vente,35.7987,10.5842,907.4074074074074,36.0,0.0,,,,,,,,,,,,,,,,,,,,,,,,,,,,,,,,,,,,,,,,,,,,,,,,,,,,,,,,,,,,,,,,,,,,,,,,,,,
2201,70.0,3.0,0.0,80000.0,,,,1.0,,,,,,,Sousse,Cite-Riadh,Appartement,vente,35.8007,10.5909,1142.857142857143,23.333333333333332,0.0,,,,,,,,,,,,,,,,,,,,,,,,,,,,,,,,,,,,,,,,,,,,,,,,,,,,,,,,,,,,,,,,,,,,,,,,,,,
2202,117.0,4.0,3.0,275000.0,,1.0,,1.0,,,,,,,Sousse,Hammam-Sousse,Appartement,vente,35.8671,10.5966,2350.4273504273506,29.25,0.0,,,,,,,,,,,,,,,,,,,,,,,,,,,,,,,,,,,,,,,,,,,,,,,,,,,,,,,,,,,,,,,,,,,,,,,,,,,
2203,65.0,1.0,1.0,360000.0,,1.0,,1.0,,,,1.0,,,Sousse,El-Kantaoui,Appartement,vente,35.8867,10.5972,5538.461538461538,65.0,0.0,,,,,,,,,,,,,,,,,,,,,,,,,,,,,,,,,,,,,,,,,,,,,,,,,,,,,,,,,,,,,,,,,,,,,,,,,,,
2204,118.0,2.0,4.0,135000.0,1.0,1.0,,1.0,,,,,,,Sousse,Cite-Riadh,Appartement,vente,35.7928,10.593,1144.0677966101696,59.0,4.0,,,,,,,,,,,,,,,,,,,,,,,,,,,,,,,,,,,,,,,,,,,,,,,,,,,,,,,,,,,,,,,,,,,,,,,,,,,
2205,80.0,4.0,2.0,210000.0,,1.0,1.0,1.0,,,,,,,Sousse,Khezema-Ouest,Appartement,vente,35.846001741136924,10.595722510672225,2625.0,20.0,0.0,,,,,,,,,,,,,,,,,,,,,,,,,,,,,,,,,,,,,,,,,,,,,,,,,,,,,,,,,,,,,,,,,,,,,,,,,,,
2206,133.0,4.0,6.0,320000.0,1.0,1.0,1.0,1.0,,,,1.0,,,Sousse,Sahloul-4,Appartement,vente,35.83030174113695,10.5993225260062,2406.0150375939847,33.25,6.0,,,,,,,,,,,,,,,,,,,,,,,,,,,,,,,,,,,,,,,,,,,,,,,,,,,,,,,,,,,,,,,,,,,,,,,,,,,
2207,110.0,2.0,4.0,265000.0,,1.0,,1.0,,,,,,,Sousse,Sahloul-4,Appartement,vente,35.83030174113695,10.5993225260062,2409.090909090909,55.0,0.0,,,,,,,,,,,,,,,,,,,,,,,,,,,,,,,,,,,,,,,,,,,,,,,,,,,,,,,,,,,,,,,,,,,,,,,,,,,
2208,112.0,2.0,4.0,315000.0,,1.0,1.0,1.0,,1.0,,1.0,,,Sousse,Sahloul-4,Appartement,vente,35.82880174113695,10.600522527470613,2812.5,56.0,0.0,,,,,,,,,,,,,,,,,,,,,,,,,,,,,,,,,,,,,,,,,,,,,,,,,,,,,,,,,,,,,,,,,,,,,,,,,,,
2209,83.0,2.0,0.0,305000.0,,1.0,1.0,1.0,,,,,,,Sousse,Chott-Meriam,Appartement,vente,35.9134,10.5768,3674.6987951807228,41.5,0.0,,,,,,,,,,,,,,,,,,,,,,,,,,,,,,,,,,,,,,,,,,,,,,,,,,,,,,,,,,,,,,,,,,,,,,,,,,,
2210,68.0,2.0,1.0,150000.0,,,,1.0,,,,,,,Sousse,Cite-Hached--Jawhara,Appartement,vente,35.83730174113693,10.620022519170869,2205.8823529411766,34.0,0.0,,,,,,,,,,,,,,,,,,,,,,,,,,,,,,,,,,,,,,,,,,,,,,,,,,,,,,,,,,,,,,,,,,,,,,,,,,,
2211,50.0,2.0,1.0,120000.0,,1.0,1.0,1.0,,,,,,,Sousse,Ghrabi,Appartement,vente,35.84930174113692,10.58522250744765,2400.0,25.0,0.0,,,,,,,,,,,,,,,,,,,,,,,,,,,,,,,,,,,,,,,,,,,,,,,,,,,,,,,,,,,,,,,,,,,,,,,,,,,
2212,75.0,2.0,2.0,450000.0,,,,1.0,,,,1.0,1.0,1.0,Sousse,El-Kantaoui,Appartement,vente,35.8927,10.5976,6000.0,37.5,0.0,,,,,,,,,,,,,,,,,,,,,,,,,,,,,,,,,,,,,,,,,,,,,,,,,,,,,,,,,,,,,,,,,,,,,,,,,,,
2213,195.0,3.0,0.0,415000.0,,1.0,1.0,1.0,,,,,,,Sousse,Khezema-Ouest,Appartement,vente,35.846001741136924,10.595722510672225,2128.2051282051284,65.0,0.0,,,,,,,,,,,,,,,,,,,,,,,,,,,,,,,,,,,,,,,,,,,,,,,,,,,,,,,,,,,,,,,,,,,,,,,,,,,
2214,140.0,3.0,2.0,406000.0,,,1.0,1.0,,,,,1.0,,Sousse,Bouhsina,Appartement,vente,35.81090174113697,10.612122544937504,2900.0,46.666666666666664,0.0,,,,,,,,,,,,,,,,,,,,,,,,,,,,,,,,,,,,,,,,,,,,,,,,,,,,,,,,,,,,,,,,,,,,,,,,,,,
2215,120.0,3.0,0.0,340000.0,,,,1.0,1.0,,1.0,,,,Sousse,El-Kantaoui,Appartement,vente,35.8842,10.5972,2833.3333333333335,40.0,0.0,,,,,,,,,,,,,,,,,,,,,,,,,,,,,,,,,,,,,,,,,,,,,,,,,,,,,,,,,,,,,,,,,,,,,,,,,,,
2216,125.0,3.0,4.0,290000.0,1.0,1.0,1.0,1.0,,,,,,,Sousse,Khezema-Est,Appartement,vente,35.8531,10.609,2320.0,41.666666666666664,4.0,,,,,,,,,,,,,,,,,,,,,,,,,,,,,,,,,,,,,,,,,,,,,,,,,,,,,,,,,,,,,,,,,,,,,,,,,,,
2217,120.0,4.0,1.0,135000.0,,,,1.0,,,,,,,Sousse,La-Corniche,Appartement,vente,35.83050174113696,10.635222525810942,1125.0,30.0,0.0,,,,,,,,,,,,,,,,,,,,,,,,,,,,,,,,,,,,,,,,,,,,,,,,,,,,,,,,,,,,,,,,,,,,,,,,,,,
2218,85.0,2.0,3.0,187000.0,,,,1.0,,,,,,1.0,Sousse,Hergla,Appartement,vente,36.0132,10.514,2200.0,42.5,0.0,,,,,,,,,,,,,,,,,,,,,,,,,,,,,,,,,,,,,,,,,,,,,,,,,,,,,,,,,,,,,,,,,,,,,,,,,,,
2219,146.0,3.0,1.0,475000.0,,1.0,,1.0,,,,,,,Sousse,Sahloul-4,Appartement,vente,35.83270174113695,10.601422523662924,3253.4246575342468,48.666666666666664,0.0,,,,,,,,,,,,,,,,,,,,,,,,,,,,,,,,,,,,,,,,,,,,,,,,,,,,,,,,,,,,,,,,,,,,,,,,,,,
2220,67.0,3.0,0.0,245000.0,,,,1.0,,,,1.0,,,Sousse,Chott-Meriam,Appartement,vente,35.9139,10.5769,3656.716417910448,22.333333333333332,0.0,,,,,,,,,,,,,,,,,,,,,,,,,,,,,,,,,,,,,,,,,,,,,,,,,,,,,,,,,,,,,,,,,,,,,,,,,,,
2221,87.0,1.0,2.0,420000.0,,,1.0,1.0,,1.0,,,1.0,1.0,Sousse,Hergla,Appartement,vente,36.0144,10.5177,4827.586206896552,87.0,0.0,,,,,,,,,,,,,,,,,,,,,,,,,,,,,,,,,,,,,,,,,,,,,,,,,,,,,,,,,,,,,,,,,,,,,,,,,,,
2222,127.0,2.0,2.0,343000.0,,,,1.0,,,,,1.0,,Sousse,Bouhsina,Appartement,vente,35.81080174113697,10.612222545035042,2700.787401574803,63.5,0.0,,,,,,,,,,,,,,,,,,,,,,,,,,,,,,,,,,,,,,,,,,,,,,,,,,,,,,,,,,,,,,,,,,,,,,,,,,,
2223,105.0,2.0,2.0,347000.0,,1.0,1.0,1.0,,,,,,,Sousse,Sahloul-1-2,Appartement,vente,35.84000174113695,10.58542251653375,3304.7619047619046,52.5,0.0,,,,,,,,,,,,,,,,,,,,,,,,,,,,,,,,,,,,,,,,,,,,,,,,,,,,,,,,,,,,,,,,,,,,,,,,,,,
2224,79.0,2.0,3.0,125000.0,,1.0,,1.0,,,,,,,Sousse,Cite-Riadh,Appartement,vente,35.8005,10.5882,1582.2784810126582,39.5,0.0,,,,,,,,,,,,,,,,,,,,,,,,,,,,,,,,,,,,,,,,,,,,,,,,,,,,,,,,,,,,,,,,,,,,,,,,,,,
2225,115.0,3.0,4.0,98000.0,,1.0,,1.0,,,,,,,Sousse,Cite-Riadh,Appartement,vente,35.799,10.584,852.1739130434783,38.333333333333336,0.0,,,,,,,,,,,,,,,,,,,,,,,,,,,,,,,,,,,,,,,,,,,,,,,,,,,,,,,,,,,,,,,,,,,,,,,,,,,
2226,108.0,3.0,4.0,86000.0,,1.0,,1.0,,,,,,,Sousse,Cite-Riadh,Appartement,vente,35.7984,10.5838,796.2962962962963,36.0,0.0,,,,,,,,,,,,,,,,,,,,,,,,,,,,,,,,,,,,,,,,,,,,,,,,,,,,,,,,,,,,,,,,,,,,,,,,,,,
2227,145.0,4.0,1.0,335000.0,,,,1.0,,,,,,1.0,Sousse,Hammam-Sousse,Appartement,vente,35.86370174113692,10.606122493370616,2310.344827586207,36.25,0.0,,,,,,,,,,,,,,,,,,,,,,,,,,,,,,,,,,,,,,,,,,,,,,,,,,,,,,,,,,,,,,,,,,,,,,,,,,,
2228,86.0,3.0,4.0,250000.0,,1.0,1.0,1.0,,,,,,,Sousse,La-Corniche,Appartement,vente,35.83400174113694,10.636722522393535,2906.9767441860463,28.666666666666668,0.0,,,,,,,,,,,,,,,,,,,,,,,,,,,,,,,,,,,,,,,,,,,,,,,,,,,,,,,,,,,,,,,,,,,,,,,,,,,
2229,89.0,3.0,2.0,325000.0,,1.0,,1.0,,,,,,,Sousse,El-Kantaoui,Appartement,vente,35.8832,10.599,3651.6853932584268,29.666666666666668,0.0,,,,,,,,,,,,,,,,,,,,,,,,,,,,,,,,,,,,,,,,,,,,,,,,,,,,,,,,,,,,,,,,,,,,,,,,,,,
2230,100.0,2.0,2.0,160000.0,,1.0,,1.0,,,,,,,Sousse,Hammam-Sousse,Appartement,vente,35.8681,10.5933,1600.0,50.0,0.0,,,,,,,,,,,,,,,,,,,,,,,,,,,,,,,,,,,,,,,,,,,,,,,,,,,,,,,,,,,,,,,,,,,,,,,,,,,
2231,86.0,2.0,1.0,530000.0,,1.0,,1.0,,,,1.0,,,Sousse,Chott-Meriam,Appartement,vente,35.9229,10.5749,6162.790697674419,43.0,0.0,,,,,,,,,,,,,,,,,,,,,,,,,,,,,,,,,,,,,,,,,,,,,,,,,,,,,,,,,,,,,,,,,,,,,,,,,,,
2232,204.0,4.0,2.0,300000.0,,1.0,,1.0,,,,,,,Sousse,La-Corniche,Appartement,vente,35.83700174113694,10.628922519463858,1470.5882352941176,51.0,0.0,,,,,,,,,,,,,,,,,,,,,,,,,,,,,,,,,,,,,,,,,,,,,,,,,,,,,,,,,,,,,,,,,,,,,,,,,,,
2233,94.0,3.0,1.0,194000.0,,1.0,,1.0,,,,,,,Sousse,La-Corniche,Appartement,vente,35.83240174113695,10.634822523955853,2063.8297872340427,31.333333333333332,0.0,,,,,,,,,,,,,,,,,,,,,,,,,,,,,,,,,,,,,,,,,,,,,,,,,,,,,,,,,,,,,,,,,,,,,,,,,,,
2234,137.0,3.0,1.0,558000.0,,,,1.0,,,,,,1.0,Sousse,La-Corniche,Appartement,vente,35.83640174113694,10.630122520049824,4072.992700729927,45.666666666666664,0.0,,,,,,,,,,,,,,,,,,,,,,,,,,,,,,,,,,,,,,,,,,,,,,,,,,,,,,,,,,,,,,,,,,,,,,,,,,,
2235,90.0,2.0,5.0,148000.0,,,,1.0,,,,,,,Sousse,La-Corniche,Appartement,vente,35.83380174113695,10.630522522588828,1644.4444444444443,45.0,0.0,,,,,,,,,,,,,,,,,,,,,,,,,,,,,,,,,,,,,,,,,,,,,,,,,,,,,,,,,,,,,,,,,,,,,,,,,,,
2236,150.0,3.0,4.0,510000.0,,1.0,1.0,1.0,,,,1.0,,,Sousse,Sahloul-4,Appartement,vente,35.83070174113695,10.598722525615678,3400.0,50.0,0.0,,,,,,,,,,,,,,,,,,,,,,,,,,,,,,,,,,,,,,,,,,,,,,,,,,,,,,,,,,,,,,,,,,,,,,,,,,,
2237,72.0,3.0,2.0,147000.0,,1.0,,1.0,,,,,,,Sousse,M-Saken,Appartement,vente,35.7417,10.5853,2041.6666666666667,24.0,0.0,,,,,,,,,,,,,,,,,,,,,,,,,,,,,,,,,,,,,,,,,,,,,,,,,,,,,,,,,,,,,,,,,,,,,,,,,,,
2238,57.0,2.0,7.0,200000.0,,1.0,1.0,1.0,,,,,,,Sousse,Cite-Hached--Jawhara,Appartement,vente,35.8313,10.6105,3508.7719298245615,28.5,0.0,,,,,,,,,,,,,,,,,,,,,,,,,,,,,,,,,,,,,,,,,,,,-0.06658073,0.25027734,-0.17766427,-0.07524817,-0.02603091,0.041899938,0.12508437,-0.0045728097,0.10397659,0.04020234,0.032792177,0.06382707,-0.025507338,0.0012153544,-0.02709148,0.12179837,-0.00266552,0.068365216,-0.068492904,0.01430787,0.02232939,-0.029632147,0.037373524,0.0826394,0.047738817,0.015963426,-0.11536272,-0.010603234,0.018916378,0.029754432,0.04922501,0.04949084
2239,130.0,3.0,5.0,235000.0,1.0,1.0,,1.0,,,,,,,Sousse,Cite-Hached--Jawhara,Appartement,vente,35.83700174113694,10.619722519463858,1807.6923076923076,43.333333333333336,5.0,,,,,,,,,,,,,,,,,,,,,,,,,,,,,,,,,,,,,,,,,,,,,,,,,,,,,,,,,,,,,,,,,,,,,,,,,,,
2240,105.0,2.0,3.0,280000.0,1.0,1.0,1.0,1.0,,,,,,,Sousse,Bouhsina,Appartement,vente,35.8243,10.6284,2666.6666666666665,52.5,3.0,,,,,,,,,,,,,,,,,,,,,,,,,,,,,,,,,,,,,,,,,,,,,,,,,,,,,,,,,,,,,,,,,,,,,,,,,,,
2241,103.0,3.0,4.0,250000.0,1.0,1.0,1.0,1.0,,,,1.0,,,Sousse,Bouhsina,Appartement,vente,35.80520174113697,10.612322550496348,2427.1844660194174,34.333333333333336,4.0,,,,,,,,,,,,,,,,,,,,,,,,,,,,,,,,,,,,,,,,,,,,,,,,,,,,,,,,,,,,,,,,,,,,,,,,,,,
2242,90.0,3.0,2.0,240000.0,1.0,,,1.0,,,,,,,Sousse,Chott-Meriam,Appartement,vente,35.9158,10.5767,2666.6666666666665,30.0,2.0,,,,,,,,,,,,,,,,,,,,,,,,,,,,,,,,,,,,,,,,,,,,,,,,,,,,,,,,,,,,,,,,,,,,,,,,,,,
2243,80.0,3.0,4.0,255000.0,1.0,,,1.0,,,,,,,Sousse,Chott-Meriam,Appartement,vente,35.9166,10.5734,3187.5,26.666666666666668,4.0,,,,,,,,,,,,,,,,,,,,,,,,,,,,,,,,,,,,,,,,,,,,,,,,,,,,,,,,,,,,,,,,,,,,,,,,,,,
2244,120.0,2.0,1.0,420000.0,,,1.0,1.0,,,,1.0,,,Sousse,Khezema-Est,Appartement,vente,35.851601741136925,10.608122505199905,3500.0,60.0,0.0,,,,,,,,,,,,,,,,,,,,,,,,,,,,,,,,,,,,,,,,,,,,,,,,,,,,,,,,,,,,,,,,,,,,,,,,,,,
2245,110.0,2.0,4.0,100000.0,,1.0,,1.0,,,,,,,Sousse,Cite-Riadh,Appartement,vente,35.7989,10.5841,909.0909090909091,55.0,0.0,,,,,,,,,,,,,,,,,,,,,,,,,,,,,,,,,,,,,,,,,,,,,,,,,,,,,,,,,,,,,,,,,,,,,,,,,,,
2246,108.0,3.0,1.0,345000.0,,1.0,,1.0,,,,,,,Sousse,Sahloul-4,Appartement,vente,35.831001741136944,10.604522525322771,3194.4444444444443,36.0,0.0,,,,,,,,,,,,,,,,,,,,,,,,,,,,,,,,,,,,,,,,,,,,,,,,,,,,,,,,,,,,,,,,,,,,,,,,,,,
2247,134.0,4.0,4.0,395000.0,,1.0,,1.0,,,,1.0,,,Sousse,Sahloul-4,Appartement,vente,35.831001741136944,10.604522525322771,2947.7611940298507,33.5,0.0,,,,,,,,,,,,,,,,,,,,,,,,,,,,,,,,,,,,,,,,,,,,,,,,,,,,,,,,,,,,,,,,,,,,,,,,,,,
2248,140.0,3.0,1.0,373200.0,,1.0,,1.0,,,,,,,Sousse,Sahloul-4,Appartement,vente,35.833601741136945,10.60612252278412,2665.714285714286,46.666666666666664,0.0,,,,,,,,,,,,,,,,,,,,,,,,,,,,,,,,,,,,,,,,,,,,,,,,,,,,,,,,,,,,,,,,,,,,,,,,,,,
2249,162.0,4.0,2.0,420000.0,,1.0,1.0,1.0,,1.0,,1.0,,,Sousse,Sahloul-4,Appartement,vente,35.83180174113697,10.602322524541684,2592.5925925925926,40.5,0.0,,,,,,,,,,,,,,,,,,,,,,,,,,,,,,,,,,,,,,,,,,,,,,,,,,,,,,,,,,,,,,,,,,,,,,,,,,,
2250,93.0,2.0,2.0,186000.0,,,,1.0,,,,1.0,,1.0,Sousse,Hergla,Appartement,vente,36.0117,10.516,2000.0,46.5,0.0,,,,,,,,,,,,,,,,,,,,,,,,,,,,,,,,,,,,,,,,,,,,,,,,,,,,,,,,,,,,,,,,,,,,,,,,,,,
2251,119.0,3.0,3.0,190000.0,,1.0,,1.0,,,,1.0,,,Sousse,Hergla,Appartement,vente,36.013,10.5146,1596.638655462185,39.666666666666664,0.0,,,,,,,,,,,,,,,,,,,,,,,,,,,,,,,,,,,,,,,,,,,,,,,,,,,,,,,,,,,,,,,,,,,,,,,,,,,
2252,160.0,4.0,3.0,447000.0,,1.0,,1.0,,,,1.0,,,Sousse,Sahloul-4,Appartement,vente,35.82750174113696,10.599222528739675,2793.75,40.0,0.0,,,,,,,,,,,,,,,,,,,,,,,,,,,,,,,,,,,,,,,,,,,,,,,,,,,,,,,,,,,,,,,,,,,,,,,,,,,
2253,145.0,3.0,5.0,415000.0,,1.0,,1.0,,,,1.0,,,Sousse,Hammam-Sousse,Appartement,vente,35.8523,10.5943,2862.0689655172414,48.333333333333336,0.0,,,,,,,,,,,,,,,,,,,,,,,,,,,,,,,,,,,,,,,,,,,,,,,,,,,,,,,,,,,,,,,,,,,,,,,,,,,
2254,101.0,4.0,2.0,290000.0,,1.0,1.0,1.0,,,,,,,Sousse,Sahloul-1-2,Appartement,vente,35.8442,10.5876,2871.2871287128714,25.25,0.0,,,,,,,,,,,,,,,,,,,,,,,,,,,,,,,,,,,,,,,,,,,,,,,,,,,,,,,,,,,,,,,,,,,,,,,,,,,
2255,80.0,3.0,3.0,155000.0,,,,1.0,,,,,,1.0,Sousse,Hergla,Appartement,vente,36.0208,10.5147,1937.5,26.666666666666668,0.0,,,,,,,,,,,,,,,,,,,,,,,,,,,,,,,,,,,,,,,,,,,,,,,,,,,,,,,,,,,,,,,,,,,,,,,,,,,
2256,117.0,3.0,1.0,210000.0,1.0,,,1.0,,,,,,1.0,Sousse,M-Saken,Appartement,vente,35.7178,10.5707,1794.871794871795,39.0,1.0,,,,,,,,,,,,,,,,,,,,,,,,,,,,,,,,,,,,,,,,,,,,,,,,,,,,,,,,,,,,,,,,,,,,,,,,,,,
2257,136.0,2.0,1.0,210000.0,1.0,,,1.0,,,,,,,Sousse,M-Saken,Appartement,vente,35.7178,10.5707,1544.1176470588234,68.0,1.0,,,,,,,,,,,,,,,,,,,,,,,,,,,,,,,,,,,,,,,,,,,,,,,,,,,,,,,,,,,,,,,,,,,,,,,,,,,
2258,167.0,2.0,3.0,210000.0,1.0,,,1.0,,,,,,1.0,Sousse,M-Saken,Appartement,vente,35.7178,10.5707,1257.4850299401198,83.5,3.0,,,,,,,,,,,,,,,,,,,,,,,,,,,,,,,,,,,,,,,,,,,,,,,,,,,,,,,,,,,,,,,,,,,,,,,,,,,
2259,139.0,3.0,1.0,580000.0,,1.0,,1.0,,,,1.0,1.0,,Sousse,El-Kantaoui,Appartement,vente,35.8852,10.5931,4172.661870503597,46.333333333333336,0.0,,,,,,,,,,,,,,,,,,,,,,,,,,,,,,,,,,,,,,,,,,,,,,,,,,,,,,,,,,,,,,,,,,,,,,,,,,,
2260,62.0,1.0,3.0,285000.0,,,1.0,1.0,,,,1.0,,,Sousse,Khezema-Est,Appartement,vente,35.850601741136934,10.61422250617722,4596.774193548387,62.0,0.0,,,,,,,,,,,,,,,,,,,,,,,,,,,,,,,,,,,,,,,,,,,,,,,,,,,,,,,,,,,,,,,,,,,,,,,,,,,
2261,105.0,2.0,6.0,410000.0,,,1.0,1.0,,,,1.0,,1.0,Sousse,Khezema-Est,Appartement,vente,35.84920174113694,10.608622507545372,3904.7619047619046,52.5,0.0,,,,,,,,,,,,,,,,,,,,,,,,,,,,,,,,,,,,,,,,,,,,,,,,,,,,,,,,,,,,,,,,,,,,,,,,,,,
2262,80.0,2.0,1.0,225000.0,1.0,1.0,1.0,1.0,,,,,,,Sousse,Cite-Hached--Jawhara,Appartement,vente,35.83970174113695,10.619522516826777,2812.5,40.0,1.0,,,,,,,,,,,,,,,,,,,,,,,,,,,,,,,,,,,,,,,,,,,,,,,,,,,,,,,,,,,,,,,,,,,,,,,,,,,
2263,143.0,4.0,7.0,350000.0,,1.0,1.0,1.0,,,,,,,Sousse,Cite-Hached--Jawhara,Appartement,vente,35.825501741136954,10.609822530691922,2447.5524475524476,35.75,0.0,,,,,,,,,,,,,,,,,,,,,,,,,,,,,,,,,,,,,,,,,,,,,,,,,,,,,,,,,,,,,,,,,,,,,,,,,,,
2264,123.0,2.0,6.0,365000.0,1.0,1.0,1.0,1.0,,,,,,,Sousse,Sahloul-1-2,Appartement,vente,35.83460174113696,10.594722521807627,2967.479674796748,61.5,6.0,,,,,,,,,,,,,,,,,,,,,,,,,,,,,,,,,,,,,,,,,,,,,,,,,,,,,,,,,,,,,,,,,,,,,,,,,,,
2265,137.0,3.0,3.0,340000.0,1.0,,1.0,1.0,,,,,,1.0,Sousse,Sahloul-1-2,Appartement,vente,35.83450174113695,10.59472252190528,2481.7518248175184,45.666666666666664,3.0,,,,,,,,,,,,,,,,,,,,,,,,,,,,,,,,,,,,,,,,,,,,,,,,,,,,,,,,,,,,,,,,,,,,,,,,,,,
2266,167.0,2.0,4.0,380000.0,,,,1.0,,,,,,,Sousse,Sahloul-1-2,Appartement,vente,35.83450174113695,10.59472252190528,2275.4491017964074,83.5,0.0,,,,,,,,,,,,,,,,,,,,,,,,,,,,,,,,,,,,,,,,,,,,,,,,,,,,,,,,,,,,,,,,,,,,,,,,,,,
2267,135.0,3.0,4.0,260000.0,,,1.0,1.0,,,,,,,Sousse,Cite-Hached--Jawhara,Appartement,vente,35.83700174113694,10.619722519463858,1925.9259259259259,45.0,0.0,,,,,,,,,,,,,,,,,,,,,,,,,,,,,,,,,,,,,,,,,,,,-0.085855216,0.27245453,-0.15812334,-0.06329646,-0.045509815,-0.010216236,0.09796346,0.10096969,0.051035486,0.035359938,-0.06925851,0.0038728237,0.019605283,-0.00021171072,0.0181455,0.020954283,-0.009078823,0.052590996,0.021136751,-0.005059718,0.021505805,-0.022841904,-0.002669437,0.03872624,0.04912761,-0.018138578,-0.06304513,-0.023910863,-0.0051806564,-0.015422994,0.021124281,0.051681347
2268,105.0,3.0,4.0,165000.0,,1.0,1.0,1.0,,,,,,,Sousse,Sahloul-1-2,Appartement,vente,35.831,10.5907,1571.4285714285713,35.0,0.0,,,,,,,,,,,,,,,,,,,,,,,,,,,,,,,,,,,,,,,,,,,,,,,,,,,,,,,,,,,,,,,,,,,,,,,,,,,
2269,120.0,3.0,3.0,410000.0,,,1.0,1.0,,,,,,,Sousse,Hergla,Appartement,vente,36.0227,10.5161,3416.6666666666665,40.0,0.0,,,,,,,,,,,,,,,,,,,,,,,,,,,,,,,,,,,,,,,,,,,,,,,,,,,,,,,,,,,,,,,,,,,,,,,,,,,
2270,141.0,3.0,2.0,295000.0,1.0,,1.0,1.0,,,,,,,Sousse,Sahloul-1-2,Appartement,vente,35.8386,10.5976,2092.198581560284,47.0,2.0,,,,,,,,,,,,,,,,,,,,,,,,,,,,,,,,,,,,,,,,,,,,,,,,,,,,,,,,,,,,,,,,,,,,,,,,,,,
2271,85.0,2.0,4.0,135000.0,,1.0,,1.0,,,,,,,Sousse,Sahloul-1-2,Appartement,vente,35.8385,10.5858,1588.235294117647,42.5,0.0,,,,,,,,,,,,,,,,,,,,,,,,,,,,,,,,,,,,,,,,,,,,,,,,,,,,,,,,,,,,,,,,,,,,,,,,,,,
2272,65.0,1.0,0.0,300000.0,,1.0,1.0,1.0,,,,1.0,1.0,,Sousse,Chott-Meriam,Appartement,vente,35.9334,10.5635,4615.384615384615,65.0,0.0,,,,,,,,,,,,,,,,,,,,,,,,,,,,,,,,,,,,,,,,,,,,,,,,,,,,,,,,,,,,,,,,,,,,,,,,,,,
2273,120.0,2.0,4.0,370000.0,1.0,1.0,,1.0,,1.0,,1.0,,,Sousse,La-Corniche,Appartement,vente,35.837601741136936,10.62622251887787,3083.3333333333335,60.0,4.0,,,,,,,,,,,,,,,,,,,,,,,,,,,,,,,,,,,,,,,,,,,,,,,,,,,,,,,,,,,,,,,,,,,,,,,,,,,
2274,150.0,3.0,1.0,300000.0,,,,1.0,,,,,,1.0,Sousse,Hammam-Sousse,Appartement,vente,35.854,10.5955,2000.0,50.0,0.0,,,,,,,,,,,,,,,,,,,,,,,,,,,,,,,,,,,,,,,,,,,,,,,,,,,,,,,,,,,,,,,,,,,,,,,,,,,
2275,85.0,2.0,3.0,200000.0,,,,1.0,,,,1.0,,1.0,Sousse,Hergla,Appartement,vente,36.0117,10.516,2352.9411764705883,42.5,0.0,,,,,,,,,,,,,,,,,,,,,,,,,,,,,,,,,,,,,,,,,,,,,,,,,,,,,,,,,,,,,,,,,,,,,,,,,,,
2276,100.0,3.0,5.0,255000.0,,1.0,,1.0,,,,,,,Sousse,Hammam-Sousse,Appartement,vente,35.866201741136905,10.59652249092567,2550.0,33.333333333333336,0.0,,,,,,,,,,,,,,,,,,,,,,,,,,,,,,,,,,,,,,,,,,,,,,,,,,,,,,,,,,,,,,,,,,,,,,,,,,,
2277,90.0,2.0,2.0,408000.0,,,1.0,1.0,,,,1.0,,,Sousse,Khezema-Est,Appartement,vente,35.850601741136934,10.61422250617722,4533.333333333333,45.0,0.0,,,,,,,,,,,,,,,,,,,,,,,,,,,,,,,,,,,,,,,,,,,,,,,,,,,,,,,,,,,,,,,,,,,,,,,,,,,
2278,140.0,3.0,1.0,340000.0,1.0,1.0,1.0,1.0,,,,1.0,,,Sousse,Khezema-Est,Appartement,vente,35.853501741136924,10.608422503342885,2428.5714285714284,46.666666666666664,1.0,,,,,,,,,,,,,,,,,,,,,,,,,,,,,,,,,,,,,,,,,,,,,,,,,,,,,,,,,,,,,,,,,,,,,,,,,,,
2279,85.0,3.0,4.0,90000.0,,,,1.0,,,,,,,Sousse,La-Corniche,Appartement,vente,35.79620174113699,10.663822559270285,1058.8235294117646,28.333333333333332,0.0,,,,,,,,,,,,,,,,,,,,,,,,,,,,,,,,,,,,,,,,,,,,,,,,,,,,,,,,,,,,,,,,,,,,,,,,,,,
2280,70.0,3.0,4.0,140000.0,,1.0,,1.0,,,,,,,Sousse,La-Corniche,Appartement,vente,35.83580174113695,10.63352252063578,2000.0,23.333333333333332,0.0,,,,,,,,,,,,,,,,,,,,,,,,,,,,,,,,,,,,,,,,,,,,,,,,,,,,,,,,,,,,,,,,,,,,,,,,,,,
2281,117.0,2.0,3.0,290000.0,,,,1.0,,,,1.0,,1.0,Sousse,Hergla,Appartement,vente,36.0118,10.5152,2478.6324786324785,58.5,0.0,,,,,,,,,,,,,,,,,,,,,,,,,,,,,,,,,,,,,,,,,,,,,,,,,,,,,,,,,,,,,,,,,,,,,,,,,,,
2282,121.0,3.0,2.0,365000.0,,,1.0,1.0,,,,,,,Sousse,Sahloul-4,Appartement,vente,35.833601741136945,10.603722522784125,3016.528925619835,40.333333333333336,0.0,,,,,,,,,,,,,,,,,,,,,,,,,,,,,,,,,,,,,,,,,,,,,,,,,,,,,,,,,,,,,,,,,,,,,,,,,,,
2283,145.0,4.0,1.0,460000.0,,,1.0,1.0,,,,,,,Sousse,Sahloul-4,Appartement,vente,35.833601741136945,10.603722522784125,3172.4137931034484,36.25,0.0,,,,,,,,,,,,,,,,,,,,,,,,,,,,,,,,,,,,,,,,,,,,,,,,,,,,,,,,,,,,,,,,,,,,,,,,,,,
2284,109.0,3.0,1.0,391000.0,,,,1.0,,,,,,1.0,Sousse,Hergla,Appartement,vente,36.0227,10.5157,3587.1559633027523,36.333333333333336,0.0,,,,,,,,,,,,,,,,,,,,,,,,,,,,,,,,,,,,,,,,,,,,,,,,,,,,,,,,,,,,,,,,,,,,,,,,,,,
2285,120.0,4.0,5.0,355000.0,1.0,1.0,1.0,1.0,,,,1.0,,,Sousse,Ghrabi,Appartement,vente,35.85110174113694,10.58852250568857,2958.3333333333335,30.0,5.0,,,,,,,,,,,,,,,,,,,,,,,,,,,,,,,,,,,,,,,,,,,,-0.086527206,0.38691804,-0.16976291,-0.016583335,0.015031189,0.12638013,-0.0016180541,-0.015181296,0.09578333,-0.025473397,0.044909343,0.009679003,-0.010552446,-0.00799782,-0.040855397,0.065636925,-0.0067064934,-0.018067338,0.014664282,0.024479793,0.049743444,0.039126247,-0.025465317,-0.039123632,0.045425527,0.015810145,-0.0015835515,-0.057544373,-0.017293783,0.028091362,-0.016738402,-0.029700339
2286,133.0,3.0,1.0,439296.0,,,,1.0,,,,,,,Sousse,Cite-Hached--Jawhara,Appartement,vente,35.8313,10.6105,3302.9774436090224,44.333333333333336,0.0,,,,,,,,,,,,,,,,,,,,,,,,,,,,,,,,,,,,,,,,,,,,,,,,,,,,,,,,,,,,,,,,,,,,,,,,,,,
2287,41.0,1.0,2.0,154000.0,1.0,1.0,1.0,1.0,,,,,,,Sousse,Hergla,Appartement,vente,36.0224,10.5154,3756.0975609756097,41.0,2.0,,,,,,,,,,,,,,,,,,,,,,,,,,,,,,,,,,,,,,,,,,,,,,,,,,,,,,,,,,,,,,,,,,,,,,,,,,,
2288,140.0,,1.0,372000.0,,1.0,,1.0,,,,,,,Sousse,Khezema-Est,Appartement,vente,35.8531,10.609,2657.1428571428573,,0.0,,,,,,,,,,,,,,,,,,,,,,,,,,,,,,,,,,,,,,,,,,,,,,,,,,,,,,,,,,,,,,,,,,,,,,,,,,,
2289,180.0,3.0,2.0,375000.0,,1.0,,1.0,,,,,,,Sousse,Cite-Hached--Jawhara,Appartement,vente,35.829,10.6226,2083.3333333333335,60.0,0.0,,,,,,,,,,,,,,,,,,,,,,,,,,,,,,,,,,,,,,,,,,,,,,,,,,,,,,,,,,,,,,,,,,,,,,,,,,,
2290,175.0,3.0,1.0,550000.0,,1.0,,1.0,,,,,,,Sousse,Sahloul-4,Appartement,vente,35.828201741136944,10.598522528056344,3142.8571428571427,58.333333333333336,0.0,,,,,,,,,,,,,,,,,,,,,,,,,,,,,,,,,,,,,,,,,,,,,,,,,,,,,,,,,,,,,,,,,,,,,,,,,,,
2291,55.0,1.0,1.0,177536.0,1.0,,1.0,1.0,,,,,,1.0,Sousse,Hergla,Appartement,vente,36.014,10.5138,3227.927272727273,55.0,1.0,,,,,,,,,,,,,,,,,,,,,,,,,,,,,,,,,,,,,,,,,,,,,,,,,,,,,,,,,,,,,,,,,,,,,,,,,,,
2292,167.0,3.0,4.0,540000.0,,,1.0,1.0,,,,1.0,,,Sousse,Sahloul-4,Appartement,vente,35.82760174113695,10.600522528642058,3233.5329341317365,55.666666666666664,0.0,,,,,,,,,,,,,,,,,,,,,,,,,,,,,,,,,,,,,,,,,,,,,,,,,,,,,,,,,,,,,,,,,,,,,,,,,,,
2293,124.0,4.0,1.0,225000.0,,,,1.0,,,,,,1.0,Sousse,La-Corniche,Appartement,vente,35.82930174113696,10.636322526982486,1814.516129032258,31.0,0.0,,,,,,,,,,,,,,,,,,,,,,,,,,,,,,,,,,,,,,,,,,,,,,,,,,,,,,,,,,,,,,,,,,,,,,,,,,,
2294,165.0,3.0,8.0,408000.0,1.0,,1.0,1.0,,,,,,1.0,Sousse,Bouhsina,Appartement,vente,35.8261,10.6105,2472.7272727272725,55.0,8.0,,,,,,,,,,,,,,,,,,,,,,,,,,,,,,,,,,,,,,,,,,,,,,,,,,,,,,,,,,,,,,,,,,,,,,,,,,,
2295,190.0,4.0,0.0,290000.0,,,1.0,1.0,,,,,,1.0,Sousse,Hammam-Sousse,Appartement,vente,35.86610174113692,10.595922491023472,1526.3157894736842,47.5,0.0,,,,,,,,,,,,,,,,,,,,,,,,,,,,,,,,,,,,,,,,,,,,,,,,,,,,,,,,,,,,,,,,,,,,,,,,,,,
2296,143.0,3.0,1.0,400000.0,,,1.0,1.0,,,,,,1.0,Sousse,Hergla,Appartement,vente,36.0352,10.4911,2797.2027972027972,47.666666666666664,0.0,,,,,,,,,,,,,,,,,,,,,,,,,,,,,,,,,,,,,,,,,,,,,,,,,,,,,,,,,,,,,,,,,,,,,,,,,,,
2297,79.0,4.0,1.0,230000.0,,,,1.0,,,,,,,Sousse,Chott-Meriam,Appartement,vente,35.9349,10.5439,2911.3924050632913,19.75,0.0,,,,,,,,,,,,,,,,,,,,,,,,,,,,,,,,,,,,,,,,,,,,,,,,,,,,,,,,,,,,,,,,,,,,,,,,,,,
2298,109.0,2.0,2.0,275000.0,,1.0,,1.0,,,,,,,Sousse,Chott-Meriam,Appartement,vente,35.9134,10.5766,2522.935779816514,54.5,0.0,,,,,,,,,,,,,,,,,,,,,,,,,,,,,,,,,,,,,,,,,,,,,,,,,,,,,,,,,,,,,,,,,,,,,,,,,,,
2299,130.0,2.0,6.0,320000.0,1.0,,1.0,1.0,,,,,,1.0,Sousse,Bouhsina,Appartement,vente,35.8261,10.6105,2461.5384615384614,65.0,6.0,,,,,,,,,,,,,,,,,,,,,,,,,,,,,,,,,,,,,,,,,,,,,,,,,,,,,,,,,,,,,,,,,,,,,,,,,,,
2300,118.0,3.0,3.0,380500.0,,,1.0,1.0,,,,,,,Sousse,Cite-Hached--Jawhara,Appartement,vente,35.8254,10.6244,3224.576271186441,39.333333333333336,0.0,,,,,,,,,,,,,,,,,,,,,,,,,,,,,,,,,,,,,,,,,,,,,,,,,,,,,,,,,,,,,,,,,,,,,,,,,,,
2301,120.0,4.0,2.0,550000.0,1.0,,1.0,1.0,,,,1.0,,1.0,Sousse,El-Kantaoui,Appartement,vente,35.8882,10.5989,4583.333333333333,30.0,2.0,,,,,,,,,,,,,,,,,,,,,,,,,,,,,,,,,,,,,,,,,,,,,,,,,,,,,,,,,,,,,,,,,,,,,,,,,,,
2302,80.0,2.0,1.0,337092.0,,,,1.0,,,,,1.0,,Sousse,Chott-Meriam,Appartement,vente,35.933,10.5637,4213.65,40.0,0.0,,,,,,,,,,,,,,,,,,,,,,,,,,,,,,,,,,,,,,,,,,,,,,,,,,,,,,,,,,,,,,,,,,,,,,,,,,,
2303,123.0,2.0,2.0,407000.0,,1.0,1.0,1.0,,,,1.0,,,Sousse,Sahloul-4,Appartement,vente,35.83050174113696,10.60052252581094,3308.9430894308944,61.5,0.0,,,,,,,,,,,,,,,,,,,,,,,,,,,,,,,,,,,,,,,,,,,,,,,,,,,,,,,,,,,,,,,,,,,,,,,,,,,
2304,69.0,1.0,3.0,219000.0,,,,1.0,,,,,,1.0,Sousse,Sahloul-1-2,Appartement,vente,35.83440174113694,10.595322522002936,3173.913043478261,69.0,0.0,,,,,,,,,,,,,,,,,,,,,,,,,,,,,,,,,,,,,,,,,,,,,,,,,,,,,,,,,,,,,,,,,,,,,,,,,,,
2305,93.0,3.0,5.0,345000.0,,,1.0,1.0,,,,,,1.0,Sousse,Khezema-Est,Appartement,vente,35.838901741136944,10.626122517608172,3709.6774193548385,31.0,0.0,,,,,,,,,,,,,,,,,,,,,,,,,,,,,,,,,,,,,,,,,,,,,,,,,,,,,,,,,,,,,,,,,,,,,,,,,,,
2306,126.0,4.0,4.0,330000.0,1.0,1.0,1.0,,,1.0,,1.0,,,Tunis,Carthage,Appartement,vente,36.8548083,10.3309924,2619.0476190476193,31.5,4.0,,,,,,,,,,,,,,,,,,,,,,,,,,,,,,,,,,,,,,,,,,,,,,,,,,,,,,,,,,,,,,,,,,,,,,,,,,,
2307,94.0,,,263200.0,,,,,,,,,,,Tunis,Kelibia,Appartement,vente,36.8514184,10.3088863,2800.0,,0.0,,,,,,,,,,,,,,,,,,,,,,,,,,,,,,,,,,,,,,,,,,,,,,,,,,,,,,,,,,,,,,,,,,,,,,,,,,,
2308,90.0,3.0,,270000.0,1.0,,1.0,,,,,1.0,,,Tunis,Menzah,Appartement,vente,36.8398428,10.1851757,3000.0,30.0,0.0,,,,,,,,,,,,,,,,,,,,,,,,,,,,,,,,,,,,,,,,,,,,,,,,,,,,,,,,,,,,,,,,,,,,,,,,,,,
2309,200.0,2.0,,,,,,,1.0,,,,,,Tunis,Carthage,Appartement,vente,36.8548083,10.3309924,,100.0,0.0,,,,,,,,,,,,,,,,,,,,,,,,,,,,,,,,,,,,,,,,,,,,,,,,,,,,,,,,,,,,,,,,,,,,,,,,,,,
2310,74.0,3.0,0.0,120000.0,,,,,,,,,,,Tunis,Carthage,Appartement,vente,36.8548083,10.3309924,1621.6216216216217,24.666666666666668,0.0,,,,,,,,,,,,,,,,,,,,,,,,,,,,,,,,,,,,,,,,,,,,0.0059834947,-0.08704251,-0.07602099,-0.13401344,0.0076396405,-0.100800656,0.0665399,0.02837294,-0.07460609,0.084330715,-0.015827348,0.022871377,0.10021746,-0.007158757,0.040916793,-0.031201348,0.09882228,-0.10057611,-0.012808628,-0.039673794,0.01828316,0.12541117,0.061714526,0.03792867,-0.019265175,-0.031617004,-0.04035901,0.07722404,-0.016948253,0.098843455,0.056749325,0.06956757
2311,,,,307000.0,1.0,,1.0,1.0,,,,,1.0,,,Cité El Wafa Mrezga,Appartement,vente,,,,,0.0,,,,,,,,,,,,,,,,,,,,,,,,,,,,,,,,,,,,,,,,,,,,,,,,,,,,,,,,,,,,,,,,,,,,,,,,,,,
2312,90.0,3.0,,248000.0,,,1.0,,,,,1.0,,,Tunis,Carthage,Appartement,vente,36.8548083,10.3309924,2755.5555555555557,30.0,0.0,,,,,,,,,,,,,,,,,,,,,,,,,,,,,,,,,,,,,,,,,,,,,,,,,,,,,,,,,,,,,,,,,,,,,,,,,,,
2313,50.0,3.0,,220000.0,,,,,,,,,,,Tunis,Hammamet,Appartement,vente,36.8573922,10.2623664,4400.0,16.666666666666668,0.0,,,,,,,,,,,,,,,,,,,,,,,,,,,,,,,,,,,,,,,,,,,,,,,,,,,,,,,,,,,,,,,,,,,,,,,,,,,
2314,100.0,2.0,,160000.0,,,,,,,,,,,,Ezahra Hammem El Ghzez,Appartement,vente,,,1600.0,50.0,0.0,,,,,,,,,,,,,,,,,,,,,,,,,,,,,,,,,,,,,,,,,,,,,,,,,,,,,,,,,,,,,,,,,,,,,,,,,,,
2315,51.0,1.0,,110000.0,,,,,,,,,,1.0,Nabeul,Kelibia,Appartement,vente,36.4561,10.7376,2156.8627450980393,51.0,0.0,,,,,,,,,,,,,,,,,,,,,,,,,,,,,,,,,,,,,,,,,,,,,,,,,,,,,,,,,,,,,,,,,,,,,,,,,,,
2316,118.0,3.0,,,,,,,,,,,1.0,,Tunis,Hammamet,Appartement,vente,36.8573922,10.2623664,,39.333333333333336,0.0,,,,,,,,,,,,,,,,,,,,,,,,,,,,,,,,,,,,,,,,,,,,0.20354989,-0.008045525,0.016058123,-0.12763363,-0.08293434,0.044377867,-0.051446304,0.04865546,0.021023972,0.10887142,0.086105704,0.034052096,0.06474512,0.0041367435,-0.0041716993,-0.016017007,0.001318826,-0.0097968215,-0.016033001,-0.1711684,0.007014398,-0.019352034,0.034659278,0.049012866,-0.020631405,-0.05425984,-0.023782317,-0.003378901,-0.008635777,0.011654701,0.008900124,-0.004987747
2317,125.0,4.0,,330000.0,1.0,,1.0,1.0,,,,1.0,,,Manouba,Manouba,Appartement,vente,36.8113307,10.0947037,2640.0,31.25,0.0,,,,,,,,,,,,,,,,,,,,,,,,,,,,,,,,,,,,,,,,,,,,,,,,,,,,,,,,,,,,,,,,,,,,,,,,,,,
2318,46.0,2.0,1.0,255000.0,1.0,,1.0,1.0,,,,1.0,,,Tunis,Nabeul,Appartement,vente,36.8065,10.1815,5543.478260869565,23.0,1.0,,,,,,,,,,,,,,,,,,,,,,,,,,,,,,,,,,,,,,,,,,,,,,,,,,,,,,,,,,,,,,,,,,,,,,,,,,,
2319,120.0,3.0,,,,,,,,,,,1.0,,Tunis,Hammamet,Appartement,vente,36.8573922,10.2623664,,40.0,0.0,,,,,,,,,,,,,,,,,,,,,,,,,,,,,,,,,,,,,,,,,,,,,,,,,,,,,,,,,,,,,,,,,,,,,,,,,,,
2320,146.0,4.0,,350000.0,1.0,,,,,,,1.0,,,,L'Aouina,Appartement,vente,,,2397.2602739726026,36.5,0.0,,,,,,,,,,,,,,,,,,,,,,,,,,,,,,,,,,,,,,,,,,,,,,,,,,,,,,,,,,,,,,,,,,,,,,,,,,,
2321,91.0,3.0,4.0,,1.0,,1.0,1.0,,,,,,,Tunis,Carthage,Appartement,vente,36.8548083,10.3309924,,30.333333333333332,4.0,,,,,,,,,,,,,,,,,,,,,,,,,,,,,,,,,,,,,,,,,,,,,,,,,,,,,,,,,,,,,,,,,,,,,,,,,,,
2322,,4.0,0.0,,,1.0,1.0,1.0,,,1.0,,,,,Cité El Wafa,Appartement,vente,,,,,0.0,,,,,,,,,,,,,,,,,,,,,,,,,,,,,,,,,,,,,,,,,,,,,,,,,,,,,,,,,,,,,,,,,,,,,,,,,,,
2323,75.0,2.0,,,0.0,,,0.0,0.0,,0.0,,0.0,0.0,,Cité El Wafa Mrezga,Appartement,vente,,,,37.5,0.0,,,,,,,,,,,,,,,,,,,,,,,,,,,,,,,,,,,,,,,,,,,,,,,,,,,,,,,,,,,,,,,,,,,,,,,,,,,
2324,86.0,2.0,,250000.0,,,1.0,1.0,,,1.0,,,,Tunis,Carthage,Appartement,vente,36.8065,10.1815,2906.9767441860463,43.0,0.0,,,,,,,,,,,,,,,,,,,,,,,,,,,,,,,,,,,,,,,,,,,,,,,,,,,,,,,,,,,,,,,,,,,,,,,,,,,
2325,110.0,4.0,,300000.0,,,,,,,,1.0,,,Tunis,Hammamet Nord,Appartement,vente,36.4382476,10.5632044,2727.2727272727275,27.5,0.0,,,,,,,,,,,,,,,,,,,,,,,,,,,,,,,,,,,,,,,,,,,,,,,,,,,,,,,,,,,,,,,,,,,,,,,,,,,
2326,122.0,3.0,2.0,207400.0,,,,,,,,,,,Sousse,Sousse,Appartement,vente,35.8288284,10.6405254,1700.0,40.666666666666664,0.0,,,,,,,,,,,,,,,,,,,,,,,,,,,,,,,,,,,,,,,,,,,,,,,,,,,,,,,,,,,,,,,,,,,,,,,,,,,
2327,,3.0,,,,1.0,1.0,1.0,,,,1.0,,,,Cité El Wafa,Appartement,vente,,,,,0.0,,,,,,,,,,,,,,,,,,,,,,,,,,,,,,,,,,,,,,,,,,,,,,,,,,,,,,,,,,,,,,,,,,,,,,,,,,,
2328,202.0,2.0,0.0,175000.0,,,,,,,1.0,1.0,,1.0,,,Appartement,vente,33.8439408,9.400138,866.3366336633663,101.0,0.0,,,,,,,,,,,,,,,,,,,,,,,,,,,,,,,,,,,,,,,,,,,,,,,,,,,,,,,,,,,,,,,,,,,,,,,,,,,
2329,100.0,3.0,1.0,520000.0,,,,,,,,,,,Tunis,Bir Bouragba,Appartement,vente,36.8065,10.1815,5200.0,33.333333333333336,0.0,,,,,,,,,,,,,,,,,,,,,,,,,,,,,,,,,,,,,,,,,,,,,,,,,,,,,,,,,,,,,,,,,,,,,,,,,,,
2330,70.0,,0.0,130000.0,,,,,,,,,,,Tunis,Tunis,Appartement,vente,36.8002068,10.1857757,1857.142857142857,,0.0,,,,,,,,,,,,,,,,,,,,,,,,,,,,,,,,,,,,,,,,,,,,,,,,,,,,,,,,,,,,,,,,,,,,,,,,,,,
2331,160.0,4.0,2.0,,,,,,,,,,,,,,Appartement,vente,33.8439408,9.400138,,40.0,0.0,,,,,,,,,,,,,,,,,,,,,,,,,,,,,,,,,,,,,,,,,,,,,,,,,,,,,,,,,,,,,,,,,,,,,,,,,,,
2332,,2.0,1.0,87000.0,,,,,,,,,,1.0,Tunis,Hammamet,Appartement,vente,36.8573922,10.2623664,,,0.0,,,,,,,,,,,,,,,,,,,,,,,,,,,,,,,,,,,,,,,,,,,,,,,,,,,,,,,,,,,,,,,,,,,,,,,,,,,
2333,125.0,3.0,3.0,320000.0,1.0,1.0,,,,,,1.0,,,Ariana,Ennasr,Appartement,vente,36.8421942,10.1131594,2560.0,41.666666666666664,3.0,,,,,,,,,,,,,,,,,,,,,,,,,,,,,,,,,,,,,,,,,,,,-0.18468991,0.08485981,0.06623221,-0.04543479,-0.032819334,-0.14954872,0.026322387,-0.020497555,-0.11778245,0.01389608,-0.046992477,0.026276875,-0.0141491005,-0.07505725,-0.010757758,-0.023099417,-0.016144415,0.07683197,-0.06772124,-0.05773176,-0.058635585,0.027681673,-0.012876911,-0.064361796,-0.071352154,0.03382831,0.071859,-0.02433083,0.029206732,0.033335168,-0.028252752,0.0049756505
2334,120.0,2.0,,460000.0,,,1.0,1.0,,,,,,1.0,Sousse,Corniche,Appartement,vente,35.8419792,10.6249068,3833.3333333333335,60.0,0.0,,,,,,,,,,,,,,,,,,,,,,,,,,,,,,,,,,,,,,,,,,,,-0.008073674,-0.028440373,-0.060483232,-0.080781,0.10422136,-0.06608012,0.09006417,-0.05955005,-0.11211072,0.036492433,-0.010300788,-0.03250873,0.108639695,-0.03853545,0.11885153,-0.08452157,-0.011443823,-0.02887726,0.0037281255,0.028367577,-0.024523811,0.037994806,-0.031142589,-0.0054254206,-0.031510532,-0.028696373,-0.034618918,-0.023988253,0.07555732,-0.10211984,0.037920326,-0.01824436
2335,60.0,2.0,,185000.0,1.0,1.0,,,,,,,,,,L'Aouina,Appartement,vente,,,3083.3333333333335,30.0,0.0,,,,,,,,,,,,,,,,,,,,,,,,,,,,,,,,,,,,,,,,,,,,,,,,,,,,,,,,,,,,,,,,,,,,,,,,,,,
2336,,2.0,,222000.0,,,,,,,,,,,Tunis,Soukra,Appartement,vente,36.8065,10.1815,,,0.0,,,,,,,,,,,,,,,,,,,,,,,,,,,,,,,,,,,,,,,,,,,,,,,,,,,,,,,,,,,,,,,,,,,,,,,,,,,
2337,225.0,4.0,,,,,,,,,1.0,,,,Tunis,Hammamet Nord,Appartement,vente,36.4382476,10.5632044,,56.25,0.0,,,,,,,,,,,,,,,,,,,,,,,,,,,,,,,,,,,,,,,,,,,,,,,,,,,,,,,,,,,,,,,,,,,,,,,,,,,
2338,,3.0,,307000.0,1.0,,1.0,1.0,,,,,1.0,,,Cité El Wafa Mrezga,Appartement,vente,,,,,0.0,,,,,,,,,,,,,,,,,,,,,,,,,,,,,,,,,,,,,,,,,,,,,,,,,,,,,,,,,,,,,,,,,,,,,,,,,,,
2339,235.0,3.0,0.0,,,1.0,,,,,,,,1.0,Tunis,La Soukra,Appartement,vente,36.8742527,10.2436799,,78.33333333333333,0.0,,,,,,,,,,,,,,,,,,,,,,,,,,,,,,,,,,,,,,,,,,,,,,,,,,,,,,,,,,,,,,,,,,,,,,,,,,,
2340,120.0,4.0,2.0,,,,,,,,,,,,Tunis,Hammamet Nord,Appartement,vente,36.4382476,10.5632044,,30.0,0.0,,,,,,,,,,,,,,,,,,,,,,,,,,,,,,,,,,,,,,,,,,,,,,,,,,,,,,,,,,,,,,,,,,,,,,,,,,,
2341,90.0,4.0,,220000.0,,,,,,,,,,,Tunis,Kelibia,Appartement,vente,36.8514184,10.3088863,2444.4444444444443,22.5,0.0,,,,,,,,,,,,,,,,,,,,,,,,,,,,,,,,,,,,,,,,,,,,,,,,,,,,,,,,,,,,,,,,,,,,,,,,,,,
2342,89.0,3.0,,180000.0,,,,,,,,,,,Tunis,Kelibia,Appartement,vente,36.8514184,10.3088863,2022.4719101123596,29.666666666666668,0.0,,,,,,,,,,,,,,,,,,,,,,,,,,,,,,,,,,,,,,,,,,,,,,,,,,,,,,,,,,,,,,,,,,,,,,,,,,,
2343,160.0,3.0,,695000.0,,,1.0,1.0,,,1.0,1.0,,,Tunis,La Soukra,Appartement,vente,36.8742527,10.2436799,4343.75,53.333333333333336,0.0,,,,,,,,,,,,,,,,,,,,,,,,,,,,,,,,,,,,,,,,,,,,,,,,,,,,,,,,,,,,,,,,,,,,,,,,,,,
2344,112.0,4.0,,550000.0,,,,,,,,,,,Tunis,Hammamet,Appartement,vente,36.8065,10.1815,4910.714285714285,28.0,0.0,,,,,,,,,,,,,,,,,,,,,,,,,,,,,,,,,,,,,,,,,,,,,,,,,,,,,,,,,,,,,,,,,,,,,,,,,,,
2345,120.0,,,120000.0,,,,,,,,,,,Tunis,Kram,Appartement,vente,36.8479991,10.2943555,1000.0,,0.0,,,,,,,,,,,,,,,,,,,,,,,,,,,,,,,,,,,,,,,,,,,,,,,,,,,,,,,,,,,,,,,,,,,,,,,,,,,
2346,82.0,2.0,,350000.0,,,,,,,,,,,Tunis,Hammamet,Appartement,vente,36.8573922,10.2623664,4268.292682926829,41.0,0.0,,,,,,,,,,,,,,,,,,,,,,,,,,,,,,,,,,,,,,,,,,,,,,,,,,,,,,,,,,,,,,,,,,,,,,,,,,,
2347,100.0,3.0,,,,,,,,,,,,1.0,,Cité El Wafa Mrezga,Appartement,vente,,,,33.333333333333336,0.0,,,,,,,,,,,,,,,,,,,,,,,,,,,,,,,,,,,,,,,,,,,,,,,,,,,,,,,,,,,,,,,,,,,,,,,,,,,
2348,157.0,5.0,,350000.0,1.0,1.0,1.0,1.0,,,,,,,Tunis,Manar,Appartement,vente,36.829187,10.146311,2229.2993630573246,31.4,0.0,,,,,,,,,,,,,,,,,,,,,,,,,,,,,,,,,,,,,,,,,,,,,,,,,,,,,,,,,,,,,,,,,,,,,,,,,,,
2349,200.0,2.0,,420000.0,,,,,,,,,,,,,Appartement,vente,33.8439408,9.400138,2100.0,100.0,0.0,,,,,,,,,,,,,,,,,,,,,,,,,,,,,,,,,,,,,,,,,,,,,,,,,,,,,,,,,,,,,,,,,,,,,,,,,,,
2350,100.0,3.0,,310000.0,,,,,,,,1.0,,,,,Appartement,vente,33.8439408,9.400138,3100.0,33.333333333333336,0.0,,,,,,,,,,,,,,,,,,,,,,,,,,,,,,,,,,,,,,,,,,,,,,,,,,,,,,,,,,,,,,,,,,,,,,,,,,,
2351,142.0,4.0,0.0,300000.0,,,,,,,,,,,Tunis,Qulaylah,Appartement,vente,36.8065,10.1815,2112.676056338028,35.5,0.0,,,,,,,,,,,,,,,,,,,,,,,,,,,,,,,,,,,,,,,,,,,,0.1473886,0.009179257,0.042587265,-0.036007296,0.07320864,-0.0981256,0.061350767,-0.09469929,0.00035754422,-0.014177203,-0.028700002,0.015409792,0.090780675,-0.038386334,-0.09161618,-0.028812105,-0.03565032,0.079187095,0.018939449,0.029394083,0.12262303,0.12460665,-0.051483314,-0.07971772,0.018546766,0.020081734,0.003491668,0.055314146,-0.021904778,0.00036623934,-0.05327984,0.019492732
2352,152.0,3.0,3.0,630000.0,1.0,,1.0,1.0,,,,1.0,,,Tunis,Laouina,Appartement,vente,36.8065,10.1815,4144.736842105263,50.666666666666664,3.0,,,,,,,,,,,,,,,,,,,,,,,,,,,,,,,,,,,,,,,,,,,,,,,,,,,,,,,,,,,,,,,,,,,,,,,,,,,
2353,69.0,2.0,,,1.0,,,,,,,,,,,,Appartement,vente,33.8439408,9.400138,,34.5,0.0,,,,,,,,,,,,,,,,,,,,,,,,,,,,,,,,,,,,,,,,,,,,,,,,,,,,,,,,,,,,,,,,,,,,,,,,,,,
2354,143.0,4.0,,190000.0,,,,,,,,,,,Nabeul,Kelibia,Appartement,vente,36.4561,10.7376,1328.6713286713286,35.75,0.0,,,,,,,,,,,,,,,,,,,,,,,,,,,,,,,,,,,,,,,,,,,,,,,,,,,,,,,,,,,,,,,,,,,,,,,,,,,
2355,74.0,2.0,,,,,1.0,1.0,,,,,,1.0,Tunis,Laouina,Appartement,vente,36.8065,10.1815,,37.0,0.0,,,,,,,,,,,,,,,,,,,,,,,,,,,,,,,,,,,,,,,,,,,,,,,,,,,,,,,,,,,,,,,,,,,,,,,,,,,
2356,85.0,3.0,,,,,,,,,,1.0,,,Tunis,Hammamet Nord,Appartement,vente,36.4382476,10.5632044,,28.333333333333332,0.0,,,,,,,,,,,,,,,,,,,,,,,,,,,,,,,,,,,,,,,,,,,,,,,,,,,,,,,,,,,,,,,,,,,,,,,,,,,
2357,,3.0,,,,,,,,,,,,,,,Appartement,vente,33.8439408,9.400138,,,0.0,,,,,,,,,,,,,,,,,,,,,,,,,,,,,,,,,,,,,,,,,,,,,,,,,,,,,,,,,,,,,,,,,,,,,,,,,,,
2358,250.0,,,,,,,,,,,,,,Nabeul,Kélibia,Appartement,vente,36.8456561,11.0935701,,,0.0,,,,,,,,,,,,,,,,,,,,,,,,,,,,,,,,,,,,,,,,,,,,,,,,,,,,,,,,,,,,,,,,,,,,,,,,,,,
2359,140.0,3.0,,490000.0,,,1.0,1.0,,,,1.0,,1.0,Tunis,Kantaoui,Appartement,vente,36.8065,10.1815,3500.0,46.666666666666664,0.0,,,,,,,,,,,,,,,,,,,,,,,,,,,,,,,,,,,,,,,,,,,,,,,,,,,,,,,,,,,,,,,,,,,,,,,,,,,
2360,78.0,2.0,,250000.0,,,,,,,,,,,Tunis,Kelibia,Appartement,vente,36.8514184,10.3088863,3205.128205128205,39.0,0.0,,,,,,,,,,,,,,,,,,,,,,,,,,,,,,,,,,,,,,,,,,,,,,,,,,,,,,,,,,,,,,,,,,,,,,,,,,,
2361,109.0,3.0,,,,,,,,,,1.0,,,Tunis,Hammamet,Appartement,vente,36.8065,10.1815,,36.333333333333336,0.0,,,,,,,,,,,,,,,,,,,,,,,,,,,,,,,,,,,,,,,,,,,,,,,,,,,,,,,,,,,,,,,,,,,,,,,,,,,
2362,,3.0,4.0,120000.0,,,,,,,,,,,Tunis,Rades,Appartement,vente,36.8075285,10.2601553,,,0.0,,,,,,,,,,,,,,,,,,,,,,,,,,,,,,,,,,,,,,,,,,,,,,,,,,,,,,,,,,,,,,,,,,,,,,,,,,,
2363,120.0,4.0,,270000.0,1.0,,,,,,,1.0,,,Sousse,Sousse,Appartement,vente,35.8288284,10.6405254,2250.0,30.0,0.0,,,,,,,,,,,,,,,,,,,,,,,,,,,,,,,,,,,,,,,,,,,,,,,,,,,,,,,,,,,,,,,,,,,,,,,,,,,
2364,120.0,4.0,,,,1.0,,,,,,1.0,,,,L'Aouina,Appartement,vente,,,,30.0,0.0,,,,,,,,,,,,,,,,,,,,,,,,,,,,,,,,,,,,,,,,,,,,,,,,,,,,,,,,,,,,,,,,,,,,,,,,,,,
2365,,3.0,,380000.0,,,,,,,,1.0,,,Tunis,Khzema,Appartement,vente,36.8065,10.1815,,,0.0,,,,,,,,,,,,,,,,,,,,,,,,,,,,,,,,,,,,,,,,,,,,,,,,,,,,,,,,,,,,,,,,,,,,,,,,,,,
2366,76.0,2.0,,,,1.0,1.0,1.0,,,,,,,Tunis,Soukra,Appartement,vente,36.8562231,10.2027836,,38.0,0.0,,,,,,,,,,,,,,,,,,,,,,,,,,,,,,,,,,,,,,,,,,,,,,,,,,,,,,,,,,,,,,,,,,,,,,,,,,,
2367,,3.0,,110000.0,,1.0,,,,,,,,,Tunis,Menzah,Appartement,vente,36.8065,10.1815,,,0.0,,,,,,,,,,,,,,,,,,,,,,,,,,,,,,,,,,,,,,,,,,,,,,,,,,,,,,,,,,,,,,,,,,,,,,,,,,,
2368,,3.0,,210000.0,,,,,,,,,,,Tunis,Kelibia,Appartement,vente,36.8514184,10.3088863,,,0.0,,,,,,,,,,,,,,,,,,,,,,,,,,,,,,,,,,,,,,,,,,,,,,,,,,,,,,,,,,,,,,,,,,,,,,,,,,,
2369,110.0,3.0,,260000.0,,,,,,,,,,,Nabeul,Kelibia,Appartement,vente,36.4561,10.7376,2363.6363636363635,36.666666666666664,0.0,,,,,,,,,,,,,,,,,,,,,,,,,,,,,,,,,,,,,,,,,,,,,,,,,,,,,,,,,,,,,,,,,,,,,,,,,,,
2370,,2.0,,220000.0,,,,,,,,,,,Nabeul,Kelibia,Appartement,vente,36.4561,10.7376,,,0.0,,,,,,,,,,,,,,,,,,,,,,,,,,,,,,,,,,,,,,,,,,,,0.17741442,0.049243122,-0.013594806,0.013961559,-0.104788505,-0.072537445,-0.0031942946,-0.070820026,0.19126517,-0.053593613,-0.044498276,0.063336685,0.04607241,0.050368473,0.005912999,0.036317293,0.12713824,-0.044842184,0.0029521263,-0.0078046825,-0.004248018,0.0013072797,-0.010165624,0.033130847,0.0028773637,-0.000878979,0.18413797,-0.054001,0.006541523,0.0053163352,-0.009580962,0.0059115696
2371,87.0,2.0,5.0,435000.0,,,1.0,1.0,,,1.0,1.0,,,Tunis,Carthage,Appartement,vente,36.8596897,10.3051019,5000.0,43.5,0.0,,,,,,,,,,,,,,,,,,,,,,,,,,,,,,,,,,,,,,,,,,,,,,,,,,,,,,,,,,,,,,,,,,,,,,,,,,,
2372,120.0,3.0,,390000.0,,,1.0,1.0,,,,1.0,,,Tunis,Laouina,Appartement,vente,36.8065,10.1815,3250.0,40.0,0.0,,,,,,,,,,,,,,,,,,,,,,,,,,,,,,,,,,,,,,,,,,,,,,,,,,,,,,,,,,,,,,,,,,,,,,,,,,,
2373,160.0,4.0,,540000.0,1.0,1.0,,,,,,1.0,,,Tunis,Kantaoui,Appartement,vente,36.8065,10.1815,3375.0,40.0,0.0,,,,,,,,,,,,,,,,,,,,,,,,,,,,,,,,,,,,,,,,,,,,,,,,,,,,,,,,,,,,,,,,,,,,,,,,,,,
2374,128.0,2.0,,190000.0,,,,,,,,,,,Nabeul,Kelibia,Appartement,vente,36.4561,10.7376,1484.375,64.0,0.0,,,,,,,,,,,,,,,,,,,,,,,,,,,,,,,,,,,,,,,,,,,,,,,,,,,,,,,,,,,,,,,,,,,,,,,,,,,
2375,170.0,4.0,,1700000.0,,,1.0,,,,1.0,,1.0,,Tunis,Gammarth,Appartement,vente,36.9051527,10.2982512,10000.0,42.5,0.0,,,,,,,,,,,,,,,,,,,,,,,,,,,,,,,,,,,,,,,,,,,,,,,,,,,,,,,,,,,,,,,,,,,,,,,,,,,
2376,62.0,3.0,0.0,138000.0,,,,,,,,,,,Tunis,Hammamet,Appartement,vente,36.8573922,10.2623664,2225.8064516129034,20.666666666666668,0.0,,,,,,,,,,,,,,,,,,,,,,,,,,,,,,,,,,,,,,,,,,,,,,,,,,,,,,,,,,,,,,,,,,,,,,,,,,,
2377,200.0,3.0,0.0,420000.0,,,,,1.0,,,,,,Tunis,Carthage,Appartement,vente,36.8548083,10.3309924,2100.0,66.66666666666667,0.0,,,,,,,,,,,,,,,,,,,,,,,,,,,,,,,,,,,,,,,,,,,,,,,,,,,,,,,,,,,,,,,,,,,,,,,,,,,
2378,,2.0,,175000.0,,,,,,,,,,,,L'Aouina,Appartement,vente,,,,,0.0,,,,,,,,,,,,,,,,,,,,,,,,,,,,,,,,,,,,,,,,,,,,,,,,,,,,,,,,,,,,,,,,,,,,,,,,,,,
2379,100.0,2.0,2.0,369000.0,,,1.0,,,,,,,,Tunis,Hammamet Nord,Appartement,vente,36.4382476,10.5632044,3690.0,50.0,0.0,,,,,,,,,,,,,,,,,,,,,,,,,,,,,,,,,,,,,,,,,,,,,,,,,,,,,,,,,,,,,,,,,,,,,,,,,,,
2380,48.0,2.0,0.0,,,,,,,,,,,1.0,Tunis,Hammamet,Appartement,vente,36.8573922,10.2623664,,24.0,0.0,,,,,,,,,,,,,,,,,,,,,,,,,,,,,,,,,,,,,,,,,,,,,,,,,,,,,,,,,,,,,,,,,,,,,,,,,,,
2381,100.0,3.0,,190000.0,,,,,1.0,,,,,,Tunis,Bir Bouragba,Appartement,vente,36.8065,10.1815,1900.0,33.333333333333336,0.0,,,,,,,,,,,,,,,,,,,,,,,,,,,,,,,,,,,,,,,,,,,,0.06169922,-0.084203914,-0.049614746,-0.0968486,0.023043059,0.05025652,-0.013153559,0.07118792,-0.11524349,0.119241476,-0.05983192,-0.053768307,0.052098665,0.01886707,-0.077335306,-0.008747707,0.050516777,-0.0015919917,0.062070657,-0.017488776,0.009783408,0.10629809,-0.0043904213,0.09537361,0.052854132,-0.023808578,0.0067083957,0.0022711686,-0.050385106,0.05985069,0.062645175,0.06416211
2382,135.0,3.0,,220000.0,,,,,,,,,,1.0,Tunis,Hammamet Nord,Appartement,vente,36.4382476,10.5632044,1629.6296296296296,45.0,0.0,,,,,,,,,,,,,,,,,,,,,,,,,,,,,,,,,,,,,,,,,,,,,,,,,,,,,,,,,,,,,,,,,,,,,,,,,,,
2383,160.0,4.0,,,,,,,,,,,,,,,Appartement,vente,33.8439408,9.400138,,40.0,0.0,,,,,,,,,,,,,,,,,,,,,,,,,,,,,,,,,,,,,,,,,,,,,,,,,,,,,,,,,,,,,,,,,,,,,,,,,,,
2384,,2.0,,,,,1.0,1.0,,,,,,,,Cité El Wafa Mrezga,Appartement,vente,,,,,0.0,,,,,,,,,,,,,,,,,,,,,,,,,,,,,,,0.0,0.0,0.0,0.0,0.0,0.0,0.0,0.0,0.0,0.0,0.0,0.0,1.0,,,,,,,,,,,,,,,,,,,,,,,,,,,,,,,,
2385,230.0,3.0,0.0,,0.0,,1.0,1.0,0.0,,1.0,,1.0,0.0,Tunis,Gammarth,Appartement,vente,36.8065,10.1815,,76.66666666666667,0.0,,,,,,,,,,,,,,,,,,,,,,,,,,,,,,,,,,,,,,,,,,,,,,,,,,,,,,,,,,,,,,,,,,,,,,,,,,,
2386,68.0,2.0,,240000.0,,,,,,,,,,,,Cité El Wafa Mrezga,Appartement,vente,,,3529.4117647058824,34.0,0.0,,,,,,,,,,,,,,,,,,,,,,,,,,,,,,,,,,,,,,,,,,,,,,,,,,,,,,,,,,,,,,,,,,,,,,,,,,,
2387,210.0,3.0,0.0,430000.0,,,1.0,1.0,,,1.0,1.0,,,,Cité El Wafa Mrezga,Appartement,vente,,,2047.6190476190477,70.0,0.0,,,,,,,,,,,,,,,,,,,,,,,,,,,,,,,,,,,,,,,,,,,,,,,,,,,,,,,,,,,,,,,,,,,,,,,,,,,
2388,,2.0,,,,,,,,,,,,,Nabeul,Kelibia,Appartement,vente,36.4561,10.7376,,,0.0,,,,,,,,,,,,,,,,,,,,,,,,,,,,,,,,,,,,,,,,,,,,,,,,,,,,,,,,,,,,,,,,,,,,,,,,,,,
2389,108.0,,,345600.0,,,1.0,1.0,,,,,,,,Sahloul,Appartement,vente,35.8473584,10.5796445,3200.0,,0.0,,,,,,,,,,,,,,,,,,,,,,,,,,,,,,,,,,,,,,,,,,,,,,,,,,,,,,,,,,,,,,,,,,,,,,,,,,,
2390,65.0,2.0,,360000.0,,,,,,,,,,,Tunis,Ain Zaghouen Nord,Appartement,vente,36.8065,10.1815,5538.461538461538,32.5,0.0,,,,,,,,,,,,,,,,,,,,,,,,,,,,,,,,,,,,,,,,,,,,,,,,,,,,,,,,,,,,,,,,,,,,,,,,,,,
2391,218.0,4.0,,470000.0,1.0,1.0,1.0,,,,,1.0,,,Tunis,Menzah,Appartement,vente,36.8398428,10.1851757,2155.9633027522937,54.5,0.0,,,,,,,,,,,,,,,,,,,,,,,,,,,,,,,,,,,,,,,,,,,,,,,,,,,,,,,,,,,,,,,,,,,,,,,,,,,
2392,168.0,4.0,,380000.0,,1.0,1.0,1.0,,,,1.0,,,Ariana,Ennasr,Appartement,vente,36.8421942,10.1131594,2261.904761904762,42.0,0.0,,,,,,,,,,,,,,,,,,,,,,,,,,,,,,,,,,,,,,,,,,,,,,,,,,,,,,,,,,,,,,,,,,,,,,,,,,,
2393,127.0,3.0,,,,,,,,,,,,,Tunis,Hammamet,Appartement,vente,36.8065,10.1815,,42.333333333333336,0.0,,,,,,,,,,,,,,,,,,,,,,,,,,,,,,,,,,,,,,,,,,,,,,,,,,,,,,,,,,,,,,,,,,,,,,,,,,,
2394,90.0,3.0,0.0,,,,,,,,,,,,,Cité El Wafa Mrezga,Appartement,vente,,,,30.0,0.0,,,,,,,,,,,,,,,,,,,,,,,,,,,,,,,,,,,,,,,,,,,,,,,,,,,,,,,,,,,,,,,,,,,,,,,,,,,
2395,180.0,4.0,2.0,,1.0,,1.0,1.0,,,1.0,1.0,,,Tunis,Ain Zaghouan,Appartement,vente,36.8065,10.1815,,45.0,2.0,,,,,,,,,,,,,,,,,,,,,,,,,,,,,,,,,,,,,,,,,,,,,,,,,,,,,,,,,,,,,,,,,,,,,,,,,,,
2396,220.0,4.0,2.0,250000.0,,,,,,,,,,,Nabeul,Kelibia,Appartement,vente,36.8456561,11.0935701,1136.3636363636363,55.0,0.0,,,,,,,,,,,,,,,,,,,,,,,,,,,,,,,,,,,,,,,,,,,,,,,,,,,,,,,,,,,,,,,,,,,,,,,,,,,
2397,90.0,2.0,,338000.0,,,,,,,,,,,Tunis,Hammamet Nord,Appartement,vente,36.4382476,10.5632044,3755.5555555555557,45.0,0.0,,,,,,,,,,,,,,,,,,,,,,,,,,,,,,,,,,,,,,,,,,,,,,,,,,,,,,,,,,,,,,,,,,,,,,,,,,,
2398,240.0,,,288000.0,,,,,,,1.0,,,,Tunis,El Manzah,Appartement,vente,36.8065,10.1815,1200.0,,0.0,,,,,,,,,,,,,,,,,,,,,,,,,,,,,,,,,,,,,,,,,,,,0.15885434,0.05122003,-0.09856294,-0.015831845,0.114967875,-0.03848329,0.20594665,-0.12759705,-0.19430591,-0.08217893,0.067758374,-0.062310994,0.07892751,0.11288329,-0.06197825,-0.096745044,0.13049597,0.0747614,0.06060207,0.095496535,-0.069796234,-0.089166686,-0.0009856804,-0.05609076,-0.026098972,-0.020242827,-0.03761128,0.11279564,0.018433841,-0.05741012,-0.008018302,-0.010852118
2399,200.0,,,140000.0,,,,,,,1.0,,,,Tunis,El Manzah,Appartement,vente,36.8065,10.1815,700.0,,0.0,,,,,,,,,,,,,,,,,,,,,,,,,,,,,,,,,,,,,,,,,,,,,,,,,,,,,,,,,,,,,,,,,,,,,,,,,,,
2400,160.0,4.0,,,,,,,,,,,,,,,Appartement,vente,33.8439408,9.400138,,40.0,0.0,,,,,,,,,,,,,,,,,,,,,,,,,,,,,,,,,,,,,,,,,,,,,,,,,,,,,,,,,,,,,,,,,,,,,,,,,,,
2401,200.0,,,140000.0,,,,,,,1.0,,,,Tunis,Jardin D'El Menzah,Appartement,vente,36.8065,10.1815,700.0,,0.0,,,,,,,,,,,,,,,,,,,,,,,,,,,,,,,,,,,,,,,,,,,,,,,,,,,,,,,,,,,,,,,,,,,,,,,,,,,
2402,,2.0,1.0,,,,,,,,,,,,Tunis,La Soukra,Appartement,vente,36.8742527,10.2436799,,,0.0,,,,,,,,,,,,,,,,,,,,,,,,,,,,,,,,,,,,,,,,,,,,,,,,,,,,,,,,,,,,,,,,,,,,,,,,,,,
2403,114.0,3.0,,300000.0,1.0,1.0,1.0,1.0,1.0,,,1.0,,,,L'Aouina,Appartement,vente,,,2631.5789473684213,38.0,0.0,,,,,,,,,,,,,,,,,,,,,,,,,,,,,,,,,,,,,,,,,,,,,,,,,,,,,,,,,,,,,,,,,,,,,,,,,,,
2404,113.0,3.0,1.0,,,,,,,,,1.0,,,Tunis,Nabeul,Appartement,vente,36.8065,10.1815,,37.666666666666664,0.0,,,,,,,,,,,,,,,,,,,,,,,,,,,,,,,,,,,,,,,,,,,,,,,,,,,,,,,,,,,,,,,,,,,,,,,,,,,
2405,60.0,3.0,,,,,,,1.0,,,,,,Tunis,Hammamet,Appartement,vente,36.8573922,10.2623664,,20.0,0.0,,,,,,,,,,,,,,,,,,,,,,,,,,,,,,,,,,,,,,,,,,,,,,,,,,,,,,,,,,,,,,,,,,,,,,,,,,,
2406,,5.0,,,,,,,,,,,,,Nabeul,Hammamet,Appartement,vente,36.4012665,10.5572827,,,0.0,,,,,,,,,,,,,,,,,,,,,,,,,,,,,,,,,,,,,,,,,,,,,,,,,,,,,,,,,,,,,,,,,,,,,,,,,,,
2407,98.0,,,475000.0,1.0,,,,,,,,,,Tunis,Marsa,Appartement,vente,36.8790882,10.327678,4846.938775510204,,0.0,,,,,,,,,,,,,,,,,,,,,,,,,,,,,,,,,,,,,,,,,,,,,,,,,,,,,,,,,,,,,,,,,,,,,,,,,,,
2408,,1.0,,135000.0,,,,,,,,,,,,Cité El Wafa Mrezga,Appartement,vente,,,,,0.0,,,,,,,,,,,,,,,,,,,,,,,,,,,,,,,,,,,,,,,,,,,,,,,,,,,,,,,,,,,,,,,,,,,,,,,,,,,
2409,115.0,3.0,,,,,,,,,,,,1.0,,Cité El Wafa Mrezga,Appartement,vente,,,,38.333333333333336,0.0,,,,,,,,,,,,,,,,,,,,,,,,,,,,,,,,,,,,,,,,,,,,,,,,,,,,,,,,,,,,,,,,,,,,,,,,,,,
2410,70.0,2.0,,200000.0,1.0,,,,,,,1.0,,,Tunis,Carthage,Appartement,vente,36.8548083,10.3309924,2857.1428571428573,35.0,0.0,,,,,,,,,,,,,,,,,,,,,,,,,,,,,,,,,,,,,,,,,,,,,,,,,,,,,,,,,,,,,,,,,,,,,,,,,,,
2411,200.0,3.0,,250000.0,,,,,,,,,,,Tunis,Carthage,Appartement,vente,36.8548083,10.3309924,1250.0,66.66666666666667,0.0,,,,,,,,,,,,,,,,,,,,,,,,,,,,,,,,,,,,,,,,,,,,,,,,,,,,,,,,,,,,,,,,,,,,,,,,,,,
2412,153.0,2.0,1.0,383000.0,,,,,,,1.0,1.0,,,Tunis,Soukra,Appartement,vente,36.8065,10.1815,2503.267973856209,76.5,0.0,,,,,,,,,,,,,,,,,,,,,,,,,,,,,,,,,,,,,,,,,,,,,,,,,,,,,,,,,,,,,,,,,,,,,,,,,,,
2413,186.0,3.0,0.0,390000.0,,,,,,,1.0,,,1.0,Tunis,Ain Zaghouan,Appartement,vente,36.8065,10.1815,2096.7741935483873,62.0,0.0,,,,,,,,,,,,,,,,,,,,,,,,,,,,,,,,,,,,,,,,,,,,,,,,,,,,,,,,,,,,,,,,,,,,,,,,,,,
2414,95.0,2.0,,475000.0,,1.0,,,,,1.0,,,,Tunis,Carthage,Appartement,vente,36.8596897,10.3051019,5000.0,47.5,0.0,,,,,,,,,,,,,,,,,,,,,,,,,,,,,,,,,,,,,,,,,,,,,,,,,,,,,,,,,,,,,,,,,,,,,,,,,,,
2415,100.0,1.0,0.0,436000.0,,,,,,,1.0,,,,Tunis,Carthage,Appartement,vente,36.8596897,10.3051019,4360.0,100.0,0.0,,,,,,,,,,,,,,,,,,,,,,,,,,,,,,,,,,,,,,,,,,,,,,,,,,,,,,,,,,,,,,,,,,,,,,,,,,,
2416,160.0,4.0,,,,,,,,,,,,,,,Appartement,vente,33.8439408,9.400138,,40.0,0.0,,,,,,,,,,,,,,,,,,,,,,,,,,,,,,,,,,,,,,,,,,,,,,,,,,,,,,,,,,,,,,,,,,,,,,,,,,,
2417,122.0,2.0,,220000.0,,,,,,,,,,,Tunis,La Soukra,Appartement,vente,36.8742527,10.2436799,1803.27868852459,61.0,0.0,,,,,,,,,,,,,,,,,,,,,,,,,,,,,,,,,,,,,,,,,,,,,,,,,,,,,,,,,,,,,,,,,,,,,,,,,,,
2418,120.0,3.0,,,,,,,,,,,1.0,,Tunis,Hammamet,Appartement,vente,36.8065,10.1815,,40.0,0.0,,,,,,,,,,,,,,,,,,,,,,,,,,,,,,,0.0,0.0,0.0,0.0,0.0,0.0,0.0,0.0,0.0,0.0,0.0,0.0,1.0,,,,,,,,,,,,,,,,,,,,,,,,,,,,,,,,
2419,,4.0,0.0,3000000.0,0.0,,,0.0,1.0,,1.0,,0.0,1.0,Tunis,Carthage,Appartement,vente,36.8548083,10.3309924,,,0.0,,,,,,,,,,,,,,,,,,,,,,,,,,,,,,,,,,,,,,,,,,,,,,,,,,,,,,,,,,,,,,,,,,,,,,,,,,,
2420,110.0,4.0,,,1.0,,,,,,,,,,,,Appartement,vente,33.8439408,9.400138,,27.5,0.0,,,,,,,,,,,,,,,,,,,,,,,,,,,,,,,,,,,,,,,,,,,,,,,,,,,,,,,,,,,,,,,,,,,,,,,,,,,
2421,,,,,,,,,,,1.0,,,,,,Appartement,vente,33.8439408,9.400138,,,0.0,,,,,,,,,,,,,,,,,,,,,,,,,,,,,,,,,,,,,,,,,,,,,,,,,,,,,,,,,,,,,,,,,,,,,,,,,,,
2422,130.0,5.0,,230000.0,,1.0,,,,,,,,,Tunis,Carthage,Appartement,vente,36.8548083,10.3309924,1769.2307692307693,26.0,0.0,,,,,,,,,,,,,,,,,,,,,,,,,,,,,,,,,,,,,,,,,,,,,,,,,,,,,,,,,,,,,,,,,,,,,,,,,,,
2423,54.0,2.0,,310000.0,,1.0,,,,,1.0,1.0,,,Tunis,Carthage,Appartement,vente,36.8596897,10.3051019,5740.740740740741,27.0,0.0,,,,,,,,,,,,,,,,,,,,,,,,,,,,,,,,,,,,,,,,,,,,,,,,,,,,,,,,,,,,,,,,,,,,,,,,,,,
2424,,3.0,,330000.0,,,,,,,,,,,Tunis,Kelibia,Appartement,vente,36.8514184,10.3088863,,,0.0,,,,,,,,,,,,,,,,,,,,,,,,,,,,,,,,,,,,,,,,,,,,,,,,,,,,,,,,,,,,,,,,,,,,,,,,,,,
2425,64.0,2.0,,308000.0,,,,,,,1.0,,,1.0,Tunis,Soukra,Appartement,vente,36.8065,10.1815,4812.5,32.0,0.0,,,,,,,,,,,,,,,,,,,,,,,,,,,,,,,,,,,,,,,,,,,,,,,,,,,,,,,,,,,,,,,,,,,,,,,,,,,
2426,140.0,4.0,,340000.0,,1.0,1.0,1.0,,,,1.0,,,,Sahloul,Appartement,vente,35.8473584,10.5796445,2428.5714285714284,35.0,0.0,,,,,,,,,,,,,,,,,,,,,,,,,,,,,,,,,,,,,,,,,,,,,,,,,,,,,,,,,,,,,,,,,,,,,,,,,,,
2427,,1.0,,120000.0,,,,,,,,,,,Sousse,Sousse,Appartement,vente,35.8288284,10.6405254,,,0.0,,,,,,,,,,,,,,,,,,,,,,,,,,,,,,,,,,,,,,,,,,,,,,,,,,,,,,,,,,,,,,,,,,,,,,,,,,,
2428,,5.0,,,,,,,,,,,,,Tunis,Hammamet,Appartement,vente,36.8573922,10.2623664,,,0.0,,,,,,,,,,,,,,,,,,,,,,,,,,,,,,,,,,,,,,,,,,,,,,,,,,,,,,,,,,,,,,,,,,,,,,,,,,,
2429,212.0,,,670000.0,,,,,,,,,,,Sousse,Sousse,Appartement,vente,35.8288284,10.6405254,3160.377358490566,,0.0,,,,,,,,,,,,,,,,,,,,,,,,,,,,,,,,,,,,,,,,,,,,0.18934026,-0.03993119,-0.0015148462,0.07629902,0.04812939,0.013454865,0.1522794,-0.061737217,-0.054434776,-0.10252953,0.08287337,-0.05772648,0.016337365,0.11320425,0.0013841357,-0.08684806,-0.02518692,-0.020155445,0.039713982,0.057839718,-0.02226938,-0.024424424,0.046113342,0.011386812,0.10038712,-0.05539702,-0.00045065145,0.092257224,-0.014932989,0.08019424,0.0165649,0.082508594
2430,103.0,3.0,,185000.0,,,,,,,,,,,Nabeul,Kelibia,Appartement,vente,36.4561,10.7376,1796.116504854369,34.333333333333336,0.0,,,,,,,,,,,,,,,,,,,,,,,,,,,,,,,,,,,,,,,,,,,,,,,,,,,,,,,,,,,,,,,,,,,,,,,,,,,
2431,101.0,3.0,0.0,,,,,,,,,,,,,Cité El Wafa Mrezga,Appartement,vente,,,,33.666666666666664,0.0,,,,,,,,,,,,,,,,,,,,,,,,,,,,,,,,,,,,,,,,,,,,,,,,,,,,,,,,,,,,,,,,,,,,,,,,,,,
2432,207.0,,,,,,,,,,,,,,,Cité El Wafa Mrezga,Appartement,vente,,,,,0.0,,,,,,,,,,,,,,,,,,,,,,,,,,,,,,,,,,,,,,,,,,,,,,,,,,,,,,,,,,,,,,,,,,,,,,,,,,,
2433,100.0,2.0,1.0,,,,,,,,,,,1.0,Tunis,Hammamet,Appartement,vente,36.8573922,10.2623664,,50.0,0.0,,,,,,,,,,,,,,,,,,,,,,,,,,,,,,,,,,,,,,,,,,,,,,,,,,,,,,,,,,,,,,,,,,,,,,,,,,,
2434,100.0,3.0,0.0,450000.0,,,,,,,,1.0,,1.0,,Cité El Wafa Mrezga,Appartement,vente,,,4500.0,33.333333333333336,0.0,,,,,,,,,,,,,,,,,,,,,,,,,,,,,,,,,,,,,,,,,,,,,,,,,,,,,,,,,,,,,,,,,,,,,,,,,,,
2435,90.0,3.0,3.0,165000.0,,,,,,,,,,,Manouba,Manouba,Appartement,vente,36.8113307,10.0947037,1833.3333333333333,30.0,0.0,,,,,,,,,,,,,,,,,,,,,,,,,,,,,,,,,,,,,,,,,,,,,,,,,,,,,,,,,,,,,,,,,,,,,,,,,,,
2436,67.0,1.0,,335000.0,,1.0,,,,,1.0,,,,Tunis,Carthage,Appartement,vente,36.8596897,10.3051019,5000.0,67.0,0.0,,,,,,,,,,,,,,,,,,,,,,,,,,,,,,,,,,,,,,,,,,,,,,,,,,,,,,,,,,,,,,,,,,,,,,,,,,,
2437,80.0,4.0,,90000.0,1.0,1.0,,,,,,1.0,,,Tunis,Essaha,Appartement,vente,36.8065,10.1815,1125.0,20.0,0.0,,,,,,,,,,,,,,,,,,,,,,,,,,,,,,,,,,,,,,,,,,,,,,,,,,,,,,,,,,,,,,,,,,,,,,,,,,,
2438,150.0,4.0,,420000.0,1.0,1.0,,,,,,,,,Tunis,Ben Zert,Appartement,vente,36.8065,10.1815,2800.0,37.5,0.0,,,,,,,,,,,,,,,,,,,,,,,,,,,,,,,,,,,,,,,,,,,,,,,,,,,,,,,,,,,,,,,,,,,,,,,,,,,
2439,50.0,2.0,,250000.0,,1.0,1.0,1.0,,,,1.0,,,Tunis,Laouina,Appartement,vente,36.8065,10.1815,5000.0,25.0,0.0,,,,,,,,,,,,,,,,,,,,,,,,,,,,,,,,,,,,,,,,,,,,,,,,,,,,,,,,,,,,,,,,,,,,,,,,,,,
2440,67.0,2.0,,271000.0,,,,,,,,1.0,,,Ariana,Ennasr,Appartement,vente,36.8421942,10.1131594,4044.776119402985,33.5,0.0,,,,,,,,,,,,,,,,,,,,,,,,,,,,,,,,,,,,,,,,,,,,,,,,,,,,,,,,,,,,,,,,,,,,,,,,,,,
2441,,,4.0,110000.0,,,,,,,,,,,,,Appartement,vente,33.8439408,9.400138,,,0.0,,,,,,,,,,,,,,,,,,,,,,,,,,,,,,,,,,,,,,,,,,,,,,,,,,,,,,,,,,,,,,,,,,,,,,,,,,,
2442,130.0,3.0,3.0,,,,,,,,,,,1.0,Tunis,Hammamet,Appartement,vente,36.8573922,10.2623664,,43.333333333333336,0.0,,,,,,,,,,,,,,,,,,,,,,,,,,,,,,,,,,,,,,,,,,,,,,,,,,,,,,,,,,,,,,,,,,,,,,,,,,,
2443,50.0,3.0,,,,,1.0,1.0,,,,,,,,,Appartement,vente,33.8439408,9.400138,,16.666666666666668,0.0,,,,,,,,,,,,,,,,,,,,,,,,,,,,,,,,,,,,,,,,,,,,,,,,,,,,,,,,,,,,,,,,,,,,,,,,,,,
2444,80.0,3.0,,350000.0,,,,,,,1.0,,,,,Yasmine,Appartement,vente,36.4077838,10.6169649,4375.0,26.666666666666668,0.0,,,,,,,,,,,,,,,,,,,,,,,,,,,,,,,,,,,,,,,,,,,,,,,,,,,,,,,,,,,,,,,,,,,,,,,,,,,
2445,85.0,3.0,,,,,,,,,,1.0,,,Tunis,Hammamet Nord,Appartement,vente,36.4382476,10.5632044,,28.333333333333332,0.0,,,,,,,,,,,,,,,,,,,,,,,,,,,,,,,,,,,,,,,,,,,,,,,,,,,,,,,,,,,,,,,,,,,,,,,,,,,
2446,140.0,4.0,,,,,,,,,,,1.0,,,Cité El Wafa Mrezga,Appartement,vente,,,,35.0,0.0,,,,,,,,,,,,,,,,,,,,,,,,,,,,,,,,,,,,,,,,,,,,0.20645037,0.031978633,0.10304903,-0.045732547,0.04045613,0.03121576,-0.068869665,-0.06925731,0.08173039,0.08765317,0.0699365,0.039783265,0.05445758,0.08742982,-0.036168646,-0.07934143,-0.035571013,-0.04758596,-0.032505713,-0.17577481,0.03998017,-0.06367951,0.009525984,0.053081412,0.03530868,-0.039094485,-0.021653136,-0.00020666327,-0.05208772,0.01737713,-0.059335954,0.00901971
2447,85.0,3.0,,,,,,,,,,1.0,,,Tunis,Hammamet Nord,Appartement,vente,36.4382476,10.5632044,,28.333333333333332,0.0,,,,,,,,,,,,,,,,,,,,,,,,,,,,,,,,,,,,,,,,,,,,,,,,,,,,,,,,,,,,,,,,,,,,,,,,,,,
2448,101.0,3.0,,,,,,,,,,,,,,Cité El Wafa Mrezga,Appartement,vente,,,,33.666666666666664,0.0,,,,,,,,,,,,,,,,,,,,,,,,,,,,,,,,,,,,,,,,,,,,,,,,,,,,,,,,,,,,,,,,,,,,,,,,,,,
2449,,2.0,3.0,160000.0,1.0,,1.0,1.0,,,,1.0,,,Ben Arous,Ben Arous,Appartement,vente,36.7516855,10.2245072,,,3.0,,,,,,,,,,,,,,,,,,,,,,,,,,,,,,,,,,,,,,,,,,,,,,,,,,,,,,,,,,,,,,,,,,,,,,,,,,,
2450,,2.0,,,,,,,,,,,,,,Cité El Wafa Mrezga,Appartement,vente,,,,,0.0,,,,,,,,,,,,,,,,,,,,,,,,,,,,,,,,,,,,,,,,,,,,,,,,,,,,,,,,,,,,,,,,,,,,,,,,,,,
2451,80.0,2.0,0.0,320000.0,,,1.0,1.0,,1.0,1.0,,,,Tunis,La Soukra,Appartement,vente,36.8742527,10.2436799,4000.0,40.0,0.0,,,,,,,,,,,,,,,,,,,,,,,,,,,,,,,,,,,,,,,,,,,,,,,,,,,,,,,,,,,,,,,,,,,,,,,,,,,
2452,86.0,2.0,,158000.0,,,,1.0,,,,,,1.0,Tunis,Hammamet,Appartement,vente,36.8573922,10.2623664,1837.2093023255813,43.0,0.0,,,,,,,,,,,,,,,,,,,,,,,,,,,,,,,,,,,,,,,,,,,,,,,,,,,,,,,,,,,,,,,,,,,,,,,,,,,
2453,60.0,3.0,,,,,,,1.0,,,,,,Tunis,Hammamet Nord,Appartement,vente,36.4382476,10.5632044,,20.0,0.0,,,,,,,,,,,,,,,,,,,,,,,,,,,,,,,,,,,,,,,,,,,,,,,,,,,,,,,,,,,,,,,,,,,,,,,,,,,
2454,126.0,4.0,,,,,,,,,,,,,Tunis,Hammamet,Appartement,vente,36.8573922,10.2623664,,31.5,0.0,,,,,,,,,,,,,,,,,,,,,,,,,,,,,,,,,,,,,,,,,,,,,,,,,,,,,,,,,,,,,,,,,,,,,,,,,,,
2455,152.0,3.0,,501600.0,,,,,,1.0,,,,,,,Appartement,vente,33.8439408,9.400138,3300.0,50.666666666666664,0.0,,,,,,,,,,,,,,,,,,,,,,,,,,,,,,,,,,,,,,,,,,,,,,,,,,,,,,,,,,,,,,,,,,,,,,,,,,,
2456,137.0,3.0,0.0,,,,,,,,1.0,,,,,Cité El Wafa Mrezga,Appartement,vente,,,,45.666666666666664,0.0,,,,,,,,,,,,,,,,,,,,,,,,,,,,,,,,,,,,,,,,,,,,,,,,,,,,,,,,,,,,,,,,,,,,,,,,,,,
2457,114.0,3.0,0.0,205000.0,,,,,,,,,,,Nabeul,Kelibia,Appartement,vente,36.4561,10.7376,1798.2456140350878,38.0,0.0,,,,,,,,,,,,,,,,,,,,,,,,,,,,,,,,,,,,,,,,,,,,,,,,,,,,,,,,,,,,,,,,,,,,,,,,,,,
2458,,3.0,,200000.0,1.0,1.0,1.0,1.0,,1.0,,1.0,,,Tunis,Carthage,Appartement,vente,36.8548083,10.3309924,,,0.0,,,,,,,,,,,,,,,,,,,,,,,,,,,,,,,,,,,,,,,,,,,,,,,,,,,,,,,,,,,,,,,,,,,,,,,,,,,
2459,65.0,2.0,0.0,182000.0,,,,,,,1.0,1.0,,1.0,Tunis,Carthage,Appartement,vente,36.8596897,10.3051019,2800.0,32.5,0.0,,,,,,,,,,,,,,,,,,,,,,,,,,,,,,,,,,,,,,,,,,,,,,,,,,,,,,,,,,,,,,,,,,,,,,,,,,,
2460,57.0,1.0,1.0,350000.0,,,,,,1.0,,1.0,,,Tunis,Gammarth,Appartement,vente,36.9051527,10.2982512,6140.350877192983,57.0,0.0,,,,,,,,,,,,,,,,,,,,,,,,,,,,,,,,,,,,,,,,,,,,,,,,,,,,,,,,,,,,,,,,,,,,,,,,,,,
2461,124.0,3.0,,,,,1.0,1.0,,,,,,,Tunis,La Soukra,Appartement,vente,36.8742527,10.2436799,,41.333333333333336,0.0,,,,,,,,,,,,,,,,,,,,,,,,,,,,,,,,,,,,,,,,,,,,,,,,,,,,,,,,,,,,,,,,,,,,,,,,,,,
2462,80.0,2.0,2.0,345000.0,1.0,,1.0,1.0,,1.0,,1.0,1.0,,Tunis,Chott Mariem,Appartement,vente,36.8065,10.1815,4312.5,40.0,2.0,,,,,,,,,,,,,,,,,,,,,,,,,,,,,,,,,,,,,,,,,,,,,,,,,,,,,,,,,,,,,,,,,,,,,,,,,,,
2463,64.0,2.0,0.0,250000.0,1.0,1.0,,1.0,,1.0,1.0,1.0,1.0,,Tunis,Chott Mariem,Appartement,vente,36.8065,10.1815,3906.25,32.0,0.0,,,,,,,,,,,,,,,,,,,,,,,,,,,,,,,,,,,,,,,,,,,,,,,,,,,,,,,,,,,,,,,,,,,,,,,,,,,
2464,108.0,4.0,,160000.0,,,,,,,,,,,,,Appartement,vente,33.8439408,9.400138,1481.4814814814815,27.0,0.0,,,,,,,,,,,,,,,,,,,,,,,,,,,,,,,,,,,,,,,,,,,,,,,,,,,,,,,,,,,,,,,,,,,,,,,,,,,
2465,,2.0,,270000.0,,,,,,,,,,,Nabeul,Hammamet,Appartement,vente,36.4012665,10.5572827,,,0.0,,,,,,,,,,,,,,,,,,,,,,,,,,,,,,,,,,,,,,,,,,,,,,,,,,,,,,,,,,,,,,,,,,,,,,,,,,,
2466,,4.0,,370000.0,,,1.0,1.0,,,,1.0,,,Tunis,Soukra,Appartement,vente,36.8065,10.1815,,,0.0,,,,,,,,,,,,,,,,,,,,,,,,,,,,,,,,,,,,,,,,,,,,,,,,,,,,,,,,,,,,,,,,,,,,,,,,,,,
2467,50.0,2.0,0.0,208000.0,,,,,,,1.0,1.0,,1.0,Tunis,Laouina,Appartement,vente,36.8065,10.1815,4160.0,25.0,0.0,,,,,,,,,,,,,,,,,,,,,,,,,,,,,,,,,,,,,,,,,,,,,,,,,,,,,,,,,,,,,,,,,,,,,,,,,,,
2468,150.0,4.0,0.0,435000.0,,1.0,1.0,1.0,,,,1.0,,,,,Appartement,vente,33.8439408,9.400138,2900.0,37.5,0.0,,,,,,,,,,,,,,,,,,,,,,,,,,,,,,,,,,,,,,,,,,,,,,,,,,,,,,,,,,,,,,,,,,,,,,,,,,,
2469,168.0,4.0,5.0,380000.0,1.0,1.0,1.0,1.0,,,,1.0,,,,,Appartement,vente,33.8439408,9.400138,2261.904761904762,42.0,5.0,,,,,,,,,,,,,,,,,,,,,,,,,,,,,,,,,,,,,,,,,,,,,,,,,,,,,,,,,,,,,,,,,,,,,,,,,,,
2470,77.0,4.0,,325000.0,,,,,,,,,,,,Sidi Bou Saïd,Appartement,vente,36.8710935,10.3490516,4220.779220779221,19.25,0.0,,,,,,,,,,,,,,,,,,,,,,,,,,,,,,,,,,,,,,,,,,,,,,,,,,,,,,,,,,,,,,,,,,,,,,,,,,,
2471,124.0,3.0,1.0,,,,,,,,,,,,Tunis,Hammamet,Appartement,vente,36.8573922,10.2623664,,41.333333333333336,0.0,,,,,,,,,,,,,,,,,,,,,,,,,,,,,,,,,,,,,,,,,,,,,,,,,,,,,,,,,,,,,,,,,,,,,,,,,,,
2472,160.0,4.0,,,,,,,,,,,,,,,Appartement,vente,33.8439408,9.400138,,40.0,0.0,,,,,,,,,,,,,,,,,,,,,,,,,,,,,,,,,,,,,,,,,,,,,,,,,,,,,,,,,,,,,,,,,,,,,,,,,,,
2473,170.0,4.0,0.0,,,,,,1.0,,,,,,Tunis,Hammamet Nord,Appartement,vente,36.4382476,10.5632044,,42.5,0.0,,,,,,,,,,,,,,,,,,,,,,,,,,,,,,,,,,,,,,,,,,,,,,,,,,,,,,,,,,,,,,,,,,,,,,,,,,,
2474,54.0,1.0,,210000.0,,,,,,,,1.0,,,,L'Aouina,Appartement,vente,,,3888.8888888888887,54.0,0.0,,,,,,,,,,,,,,,,,,,,,,,,,,,,,,,,,,,,,,,,,,,,,,,,,,,,,,,,,,,,,,,,,,,,,,,,,,,
2475,110.0,3.0,,220000.0,,,,,,,,,,,,Ezahra Hammem El Ghzez,Appartement,vente,,,2000.0,36.666666666666664,0.0,,,,,,,,,,,,,,,,,,,,,,,,,,,,,,,,,,,,,,,,,,,,,,,,,,,,,,,,,,,,,,,,,,,,,,,,,,,
2476,,6.0,,385000.0,1.0,1.0,1.0,1.0,,,,1.0,,,Ariana,Ennasr,Appartement,vente,36.8421942,10.1131594,,,0.0,,,,,,,,,,,,,,,,,,,,,,,,,,,,,,,,,,,,,,,,,,,,-0.22510587,0.034799404,0.007169442,-0.03449299,0.0011379442,-0.06709348,-0.07194966,-0.0012068667,-0.10358705,0.05383032,-0.016035266,0.009323467,-0.0010978502,-0.03055347,0.035183314,-0.03960956,-0.080932625,0.027160387,-0.07626985,-0.037766207,-0.08898531,-0.018849842,-0.011705493,-0.065540604,0.014096295,-0.014890985,0.084274456,0.01120443,0.07914236,-0.014672729,-0.010142616,0.070145614
2477,94.0,3.0,3.0,,0.0,,,0.0,1.0,,0.0,1.0,0.0,0.0,,Cité El Wafa Mrezga,Appartement,vente,,,,31.333333333333332,0.0,,,,,,,,,,,,,,,,,,,,,,,,,,,,,,,,,,,,,,,,,,,,,,,,,,,,,,,,,,,,,,,,,,,,,,,,,,,
2478,,3.0,4.0,155000.0,1.0,,,,,,,,,,,,Appartement,vente,33.8439408,9.400138,,,4.0,,,,,,,,,,,,,,,,,,,,,,,,,,,,,,,,,,,,,,,,,,,,,,,,,,,,,,,,,,,,,,,,,,,,,,,,,,,
2479,120.0,4.0,,,,,,,,,,,,,Tunis,Hammamet Nord,Appartement,vente,36.4382476,10.5632044,,30.0,0.0,,,,,,,,,,,,,,,,,,,,,,,,,,,,,,,,,,,,,,,,,,,,,,,,,,,,,,,,,,,,,,,,,,,,,,,,,,,
2480,,2.0,,,,,,,,,,1.0,,,Tunis,Carthage,Appartement,vente,36.8548083,10.3309924,,,0.0,,,,,,,,,,,,,,,,,,,,,,,,,,,,,,,,,,,,,,,,,,,,,,,,,,,,,,,,,,,,,,,,,,,,,,,,,,,
2481,,2.0,,238000.0,,,1.0,1.0,,1.0,1.0,,,1.0,Tunis,Laouina,Appartement,vente,36.8065,10.1815,,,0.0,,,,,,,,,,,,,,,,,,,,,,,,,,,,,,,,,,,,,,,,,,,,,,,,,,,,,,,,,,,,,,,,,,,,,,,,,,,
2482,100.0,3.0,,,,,,,,,,,,,Tunis,Hammamet,Appartement,vente,36.8065,10.1815,,33.333333333333336,0.0,,,,,,,,,,,,,,,,,,,,,,,,,,,,,,,,,,,,,,,,,,,,,,,,,,,,,,,,,,,,,,,,,,,,,,,,,,,
2483,107.0,,4.0,160000.0,1.0,,1.0,,,,,1.0,,,Tunis,Morneg,Appartement,vente,36.8065,10.1815,1495.3271028037384,,4.0,,,,,,,,,,,,,,,,,,,,,,,,,,,,,,,,,,,,,,,,,,,,,,,,,,,,,,,,,,,,,,,,,,,,,,,,,,,
2484,124.0,3.0,,,,,1.0,1.0,,,,,,,Tunis,La Soukra,Appartement,vente,36.8742527,10.2436799,,41.333333333333336,0.0,,,,,,,,,,,,,,,,,,,,,,,,,,,,,,,,,,,,,,,,,,,,,,,,,,,,,,,,,,,,,,,,,,,,,,,,,,,
2485,162.0,4.0,4.0,453600.0,1.0,,1.0,1.0,,1.0,,,,1.0,,,Appartement,vente,33.8439408,9.400138,2800.0,40.5,4.0,,,,,,,,,,,,,,,,,,,,,,,,,,,,,,,,,,,,,,,,,,,,,,,,,,,,,,,,,,,,,,,,,,,,,,,,,,,
2486,,2.0,0.0,407975.0,,,,,,,1.0,1.0,,1.0,Tunis,Chotrana,Appartement,vente,36.8511521,10.2820491,,,0.0,,,,,,,,,,,,,,,,,,,,,,,,,,,,,,,,,,,,,,,,,,,,,,,,,,,,,,,,,,,,,,,,,,,,,,,,,,,
2487,154.0,3.0,0.0,444000.0,,,,,,,1.0,1.0,,1.0,Tunis,Chotrana,Appartement,vente,36.8511521,10.2820491,2883.116883116883,51.333333333333336,0.0,,,,,,,,,,,,,,,,,,,,,,,,,,,,,,,,,,,,,,,,,,,,,,,,,,,,,,,,,,,,,,,,,,,,,,,,,,,
2488,,2.0,,238000.0,,,1.0,1.0,,1.0,1.0,1.0,,1.0,Tunis,Laouina,Appartement,vente,36.8065,10.1815,,,0.0,,,,,,,,,,,,,,,,,,,,,,,,,,,,,,,,,,,,,,,,,,,,,,,,,,,,,,,,,,,,,,,,,,,,,,,,,,,
2489,,,,175000.0,,,,,,,,,,,Tunis,Chott Mariem,Appartement,vente,36.8065,10.1815,,,0.0,,,,,,,,,,,,,,,,,,,,,,,,,,,,,,,,,,,,,,,,,,,,,,,,,,,,,,,,,,,,,,,,,,,,,,,,,,,
2490,,2.0,,165000.0,,,,,,,,,,,,Cité El Merdes,Appartement,vente,,,,,0.0,,,,,,,,,,,,,,,,,,,,,,,,,,,,,,,,,,,,,,,,,,,,,,,,,,,,,,,,,,,,,,,,,,,,,,,,,,,
2491,78.0,4.0,3.0,450000.0,1.0,,1.0,1.0,,,1.0,1.0,1.0,1.0,Monastir,Monastir,Appartement,vente,35.7707582,10.8280511,5769.2307692307695,19.5,3.0,,,,,,,,,,,,,,,,,,,,,,,,,,,,,,,,,,,,,,,,,,,,,,,,,,,,,,,,,,,,,,,,,,,,,,,,,,,
2492,,,,270000.0,,1.0,1.0,1.0,,,,1.0,,1.0,Tunis,Hammamet,Appartement,vente,36.8573922,10.2623664,,,0.0,,,,,,,,,,,,,,,,,,,,,,,,,,,,,,,,,,,,,,,,,,,,,,,,,,,,,,,,,,,,,,,,,,,,,,,,,,,
2493,140.0,4.0,0.0,280000.0,1.0,1.0,1.0,,,,,1.0,,,Tunis,Morneg,Appartement,vente,36.8065,10.1815,2000.0,35.0,0.0,,,,,,,,,,,,,,,,,,,,,,,,,,,,,,,,,,,,,,,,,,,,,,,,,,,,,,,,,,,,,,,,,,,,,,,,,,,
2494,120.0,3.0,,240000.0,1.0,1.0,1.0,,,,,1.0,,,Tunis,Morneg,Appartement,vente,36.8065,10.1815,2000.0,40.0,0.0,,,,,,,,,,,,,,,,,,,,,,,,,,,,,,,,,,,,,,,,,,,,,,,,,,,,,,,,,,,,,,,,,,,,,,,,,,,
2495,57.0,2.0,0.0,114000.0,1.0,,1.0,,,,,1.0,,,Tunis,Morneg,Appartement,vente,36.8065,10.1815,2000.0,28.5,0.0,,,,,,,,,,,,,,,,,,,,,,,,,,,,,,,,,,,,,,,,,,,,,,,,,,,,,,,,,,,,,,,,,,,,,,,,,,,
2496,,4.0,1.0,320000.0,,,1.0,,,,,,,,Tunis,Manar,Appartement,vente,36.829187,10.146311,,,0.0,,,,,,,,,,,,,,,,,,,,,,,,,,,,,,,,,,,,,,,,,,,,,,,,,,,,,,,,,,,,,,,,,,,,,,,,,,,
2497,93.0,3.0,,185055.0,,,,,,,,,,,Tunis,Kelibia,Appartement,vente,36.8514184,10.3088863,1989.8387096774193,31.0,0.0,,,,,,,,,,,,,,,,,,,,,,,,,,,,,,,,,,,,,,,,,,,,,,,,,,,,,,,,,,,,,,,,,,,,,,,,,,,
2498,107.0,3.0,,350000.0,1.0,,1.0,1.0,,,,1.0,,,Tunis,Soukra,Appartement,vente,36.8065,10.1815,3271.0280373831774,35.666666666666664,0.0,,,,,,,,,,,,,,,,,,,,,,,,,,,,,,,,,,,,,,,,,,,,,,,,,,,,,,,,,,,,,,,,,,,,,,,,,,,
2499,110.0,3.0,,,,,,,,,,,,,Tunis,Hamem Laghzez,Appartement,vente,36.8065,10.1815,,36.666666666666664,0.0,,,,,,,,,,,,,,,,,,,,,,,,,,,,,,,,,,,,,,,,,,,,,,,,,,,,,,,,,,,,,,,,,,,,,,,,,,,
2500,64.0,2.0,,243000.0,,,,,,,1.0,,,1.0,Tunis,Soukra,Appartement,vente,36.8065,10.1815,3796.875,32.0,0.0,,,,,,,,,,,,,,,,,,,,,,,,,,,,,,,,,,,,,,,,,,,,,,,,,,,,,,,,,,,,,,,,,,,,,,,,,,,
2501,56.0,2.0,,244000.0,,,,,,,,,,1.0,Tunis,Soukra,Appartement,vente,36.8065,10.1815,4357.142857142857,28.0,0.0,,,,,,,,,,,,,,,,,,,,,,,,,,,,,,,,,,,,,,,,,,,,,,,,,,,,,,,,,,,,,,,,,,,,,,,,,,,
2502,,5.0,,265000.0,,1.0,,,,,,,,,,Manar,Appartement,vente,36.829187,10.146311,,,0.0,,,,,,,,,,,,,,,,,,,,,,,,,,,,,,,,,,,,,,,,,,,,,,,,,,,,,,,,,,,,,,,,,,,,,,,,,,,
2503,,3.0,0.0,410000.0,,,,,,,,,,,Tunis,Carthage,Appartement,vente,36.8548083,10.3309924,,,0.0,,,,,,,,,,,,,,,,,,,,,,,,,,,,,,,,,,,,,,,,,,,,,,,,,,,,,,,,,,,,,,,,,,,,,,,,,,,
2504,,2.0,,,,,,,,,,,,,,,Appartement,vente,33.8439408,9.400138,,,0.0,,,,,,,,,,,,,,,,,,,,,,,,,,,,,,,,,,,,,,,,,,,,,,,,,,,,,,,,,,,,,,,,,,,,,,,,,,,
2505,140.0,3.0,0.0,,,,,1.0,,1.0,1.0,1.0,,,Tunis,Kelibia,Appartement,vente,36.8514184,10.3088863,,46.666666666666664,0.0,,,,,,,,,,,,,,,,,,,,,,,,,,,,,,,,,,,,,,,,,,,,,,,,,,,,,,,,,,,,,,,,,,,,,,,,,,,
2506,64.0,2.0,,260000.0,,1.0,1.0,1.0,,,,1.0,,,Tunis,La Soukra,Appartement,vente,36.8742527,10.2436799,4062.5,32.0,0.0,,,,,,,,,,,,,,,,,,,,,,,,,,,,,,,,,,,,,,,,,,,,,,,,,,,,,,,,,,,,,,,,,,,,,,,,,,,
2507,111.0,3.0,,255000.0,,,1.0,,,,,1.0,,,Tunis,Carthage,Appartement,vente,36.8548083,10.3309924,2297.2972972972975,37.0,0.0,,,,,,,,,,,,,,,,,,,,,,,,,,,,,,,,,,,,,,,,,,,,,,,,,,,,,,,,,,,,,,,,,,,,,,,,,,,
2508,55.0,2.0,,230000.0,1.0,,1.0,1.0,,,,1.0,,1.0,Tunis,Carthage,Appartement,vente,36.8548083,10.3309924,4181.818181818182,27.5,0.0,,,,,,,,,,,,,,,,,,,,,,,,,,,,,,,,,,,,,,,,,,,,,,,,,,,,,,,,,,,,,,,,,,,,,,,,,,,
2509,,,,100000.0,,,,,,,,,,,Tunis,Hammamet,Appartement,vente,36.8065,10.1815,,,0.0,,,,,,,,,,,,,,,,,,,,,,,,,,,,,,,,,,,,,,,,,,,,,,,,,,,,,,,,,,,,,,,,,,,,,,,,,,,
2510,126.0,3.0,1.0,,,,,,,,,,,,,Cité El Wafa Mrezga,Appartement,vente,,,,42.0,0.0,,,,,,,,,,,,,,,,,,,,,,,,,,,,,,,,,,,,,,,,,,,,,,,,,,,,,,,,,,,,,,,,,,,,,,,,,,,
2511,90.0,3.0,,110000.0,1.0,,,,,,,,,,Sousse,Sousse,Appartement,vente,35.8245,10.6346,1222.2222222222222,30.0,0.0,,,,,,,,,,,,,,,,,,,,,,,,,,,,,,,,,,,,,,,,,,,,,,,,,,,,,,,,,,,,,,,,,,,,,,,,,,,
2512,81.0,2.0,2.0,268677.0,1.0,,1.0,1.0,,,,1.0,,,Ariana,Ariana,Appartement,vente,36.8587351,10.188232,3317.0,40.5,2.0,,,,,,,,,,,,,,,,,,,,,,,,,,,,,,,,,,,,,,,,,,,,,,,,,,,,,,,,,,,,,,,,,,,,,,,,,,,
2513,85.0,3.0,4.0,250000.0,,,1.0,,,,,1.0,,,Tunis,Tunis,Appartement,vente,36.8065,10.1815,2941.176470588235,28.333333333333332,0.0,,,,,,,,,,,,,,,,,,,,,,,,,,,,,,,,,,,,,,,,,,,,,,,,,,,,,,,,,,,,,,,,,,,,,,,,,,,
2514,,,,150000.0,,,,,,,,,,,Tunis,Kelibia,Appartement,vente,36.8514184,10.3088863,,,0.0,,,,,,,,,,,,,,,,,,,,,,,,,,,,,,,,,,,,,,,,,,,,,,,,,,,,,,,,,,,,,,,,,,,,,,,,,,,
2515,,3.0,,150000.0,,,,,,,,,,,Tunis,Kelibia,Appartement,vente,36.8514184,10.3088863,,,0.0,,,,,,,,,,,,,,,,,,,,,,,,,,,,,,,,,,,,,,,,,,,,,,,,,,,,,,,,,,,,,,,,,,,,,,,,,,,
2516,93.0,3.0,,185000.0,,,,,,,,,,,Nabeul,Kelibia,Appartement,vente,36.4561,10.7376,1989.247311827957,31.0,0.0,,,,,,,,,,,,,,,,,,,,,,,,,,,,,,,,,,,,,,,,,,,,,,,,,,,,,,,,,,,,,,,,,,,,,,,,,,,
2517,,5.0,,490000.0,1.0,,,,,,1.0,1.0,,,Tunis,El Manzah,Appartement,vente,36.8065,10.1815,,,0.0,,,,,,,,,,,,,,,,,,,,,,,,,,,,,,,,,,,,,,,,,,,,,,,,,,,,,,,,,,,,,,,,,,,,,,,,,,,
2518,150.0,4.0,3.0,260000.0,1.0,,,,,,,,,,Tunis,Mégrine Coteaux,Appartement,vente,36.8065,10.1815,1733.3333333333333,37.5,3.0,,,,,,,,,,,,,,,,,,,,,,,,,,,,,,,,,,,,,,,,,,,,,,,,,,,,,,,,,,,,,,,,,,,,,,,,,,,
2519,119.0,3.0,,400000.0,1.0,,1.0,1.0,,,1.0,1.0,,,Tunis,Soukra,Appartement,vente,36.8065,10.1815,3361.344537815126,39.666666666666664,0.0,,,,,,,,,,,,,,,,,,,,,,,,,,,,,,,,,,,,,,,,,,,,,,,,,,,,,,,,,,,,,,,,,,,,,,,,,,,
2520,165.0,621.0,,120000.0,,,,,,,,,,,Tunis,Hammamet,Appartement,vente,36.8573922,10.2623664,727.2727272727273,0.26570048309178745,0.0,,,,,,,,,,,,,,,,,,,,,,,,,,,,,,,,,,,,,,,,,,,,,,,,,,,,,,,,,,,,,,,,,,,,,,,,,,,
2521,,,,350000.0,,,,,,,,,,,Tunis,Carthage,Appartement,vente,36.8548083,10.3309924,,,0.0,,,,,,,,,,,,,,,,,,,,,,,,,,,,,,,,,,,,,,,,,,,,,,,,,,,,,,,,,,,,,,,,,,,,,,,,,,,
2522,75.0,,,155000.0,,1.0,,,,,,,,,Tunis,Carthage,Appartement,vente,36.8548083,10.3309924,2066.6666666666665,,0.0,,,,,,,,,,,,,,,,,,,,,,,,,,,,,,,,,,,,,,,,,,,,,,,,,,,,,,,,,,,,,,,,,,,,,,,,,,,
2523,113.0,3.0,,,,,,,,,,1.0,,,Tunis,Nabeul,Appartement,vente,36.8065,10.1815,,37.666666666666664,0.0,,,,,,,,,,,,,,,,,,,,,,,,,,,,,,,,,,,,,,,,,,,,,,,,,,,,,,,,,,,,,,,,,,,,,,,,,,,
2524,95.0,2.0,0.0,280000.0,,,,,1.0,,,,,1.0,Tunis,Hammamet,Appartement,vente,36.8573922,10.2623664,2947.3684210526317,47.5,0.0,,,,,,,,,,,,,,,,,,,,,,,,,,,,,,,,,,,,,,,,,,,,,,,,,,,,,,,,,,,,,,,,,,,,,,,,,,,
2525,125.0,3.0,0.0,320000.0,,,,,,,,1.0,,,Tunis,La Soukra,Appartement,vente,36.8742527,10.2436799,2560.0,41.666666666666664,0.0,,,,,,,,,,,,,,,,,,,,,,,,,,,,,,,,,,,,,,,,,,,,,,,,,,,,,,,,,,,,,,,,,,,,,,,,,,,
2526,110.0,4.0,,250000.0,,,,,,,,,,,Tunis,Carthage,Appartement,vente,36.8548083,10.3309924,2272.7272727272725,27.5,0.0,,,,,,,,,,,,,,,,,,,,,,,,,,,,,,,,,,,,,,,,,,,,,,,,,,,,,,,,,,,,,,,,,,,,,,,,,,,
2527,92.0,3.0,,,,,,,,,,,1.0,,Tunis,Hammamet,Appartement,vente,36.8573922,10.2623664,,30.666666666666668,0.0,,,,,,,,,,,,,,,,,,,,,,,,,,,,,,,,,,,,,,,,,,,,,,,,,,,,,,,,,,,,,,,,,,,,,,,,,,,
2528,,3.0,,380000.0,0.0,,,0.0,0.0,,0.0,,0.0,0.0,Tunis,Hammamet Nord,Appartement,vente,36.4382476,10.5632044,,,0.0,,,,,,,,,,,,,,,,,,,,,,,,,,,,,,,,,,,,,,,,,,,,,,,,,,,,,,,,,,,,,,,,,,,,,,,,,,,
2529,,2.0,,100000.0,,,,,,,,,,,Tunis,Kelibia,Appartement,vente,36.8514184,10.3088863,,,0.0,,,,,,,,,,,,,,,,,,,,,,,,,,,,,,,,,,,,,,,,,,,,,,,,,,,,,,,,,,,,,,,,,,,,,,,,,,,
2530,89.0,3.0,,210000.0,,,,,,,,,,,Tunis,Hammamet,Appartement,vente,36.8573922,10.2623664,2359.550561797753,29.666666666666668,0.0,,,,,,,,,,,,,,,,,,,,,,,,,,,,,,,,,,,,,,,,,,,,,,,,,,,,,,,,,,,,,,,,,,,,,,,,,,,
2531,160.0,4.0,,,,,,,,,,,,,,,Appartement,vente,33.8439408,9.400138,,40.0,0.0,,,,,,,,,,,,,,,,,,,,,,,,,,,,,,,,,,,,,,,,,,,,,,,,,,,,,,,,,,,,,,,,,,,,,,,,,,,
2532,,,,,,,,,,,,,,,Tunis,Hammamet Nord,Appartement,vente,36.4382476,10.5632044,,,0.0,,,,,,,,,,,,,,,,,,,,,,,,,,,,,,,,,,,,,,,,,,,,,,,,,,,,,,,,,,,,,,,,,,,,,,,,,,,
2533,,3.0,,190000.0,,,,,,,,,,,Tunis,Kelibia,Appartement,vente,36.8514184,10.3088863,,,0.0,,,,,,,,,,,,,,,,,,,,,,,,,,,,,,,,,,,,,,,,,,,,,,,,,,,,,,,,,,,,,,,,,,,,,,,,,,,
2534,130.0,2.0,,185000.0,,,,,,,,,,,Nabeul,Kelibia,Appartement,vente,36.4561,10.7376,1423.076923076923,65.0,0.0,,,,,,,,,,,,,,,,,,,,,,,,,,,,,,,,,,,,,,,,,,,,,,,,,,,,,,,,,,,,,,,,,,,,,,,,,,,
2535,148.0,3.0,2.0,380000.0,1.0,,,,,,1.0,1.0,,1.0,Tunis,El Manzah,Appartement,vente,36.8065,10.1815,2567.5675675675675,49.333333333333336,2.0,,,,,,,,,,,,,,,,,,,,,,,,,,,,,,,,,,,,,,,,,,,,,,,,,,,,,,,,,,,,,,,,,,,,,,,,,,,
2536,72.0,2.0,,,,,,,,,,,,,Tunis,Hammamet,Appartement,vente,36.8573922,10.2623664,,36.0,0.0,,,,,,,,,,,,,,,,,,,,,,,,,,,,,,,,,,,,,,,,,,,,,,,,,,,,,,,,,,,,,,,,,,,,,,,,,,,
2537,70.0,2.0,,650000.0,,,,,,,,,1.0,1.0,Tunis,Gammarth,Appartement,vente,36.9051527,10.2982512,9285.714285714286,35.0,0.0,,,,,,,,,,,,,,,,,,,,,,,,,,,,,,,,,,,,,,,,,,,,0.013985506,0.011847268,0.14391306,-0.07994957,-0.015549001,-0.015411383,-0.03594767,-0.099728346,-0.060716122,0.060620744,0.007672303,-0.051955115,-0.016838834,-0.04474862,-0.014180928,-0.002390656,0.0047063767,-0.0032451025,-0.09882619,-0.084696166,0.019491766,0.036393426,-0.025801731,-0.04094773,0.051461063,-0.04849878,-0.007060357,-0.034671307,0.07599398,-0.07062404,0.07715974,-0.017596763
2538,,,0.0,205000.0,,,,,,,1.0,,,,Nabeul,Kelibia,Appartement,vente,36.4561,10.7376,,,0.0,,,,,,,,,,,,,,,,,,,,,,,,,,,,,,,,,,,,,,,,,,,,,,,,,,,,,,,,,,,,,,,,,,,,,,,,,,,
2539,135.0,3.0,,,,,,,,,,1.0,,,,Cité El Wafa Mrezga,Appartement,vente,,,,45.0,0.0,,,,,,,,,,,,,,,,,,,,,,,,,,,,,,,,,,,,,,,,,,,,,,,,,,,,,,,,,,,,,,,,,,,,,,,,,,,
2540,149.0,5.0,0.0,420000.0,,,,,,,,,,,,Sahloul,Appartement,vente,35.8473584,10.5796445,2818.7919463087246,29.8,0.0,,,,,,,,,,,,,,,,,,,,,,,,,,,,,,,,,,,,,,,,,,,,,,,,,,,,,,,,,,,,,,,,,,,,,,,,,,,
2541,118.0,4.0,0.0,280000.0,,1.0,1.0,1.0,,,,1.0,,,Tunis,Laouina,Appartement,vente,36.8065,10.1815,2372.8813559322034,29.5,0.0,,,,,,,,,,,,,,,,,,,,,,,,,,,,,,,,,,,,,,,,,,,,,,,,,,,,,,,,,,,,,,,,,,,,,,,,,,,
2542,,,,,,,,,,,1.0,,,,Tunis,Carthage,Appartement,vente,36.8596897,10.3051019,,,0.0,,,,,,,,,,,,,,,,,,,,,,,,,,,,,,,,,,,,,,,,,,,,,,,,,,,,,,,,,,,,,,,,,,,,,,,,,,,
2543,,2.0,,255000.0,,,1.0,1.0,,,,,,,,Cité El Wafa Mrezga,Appartement,vente,,,,,0.0,,,,,,,,,,,,,,,,,,,,,,,,,,,,,,,,,,,,,,,,,,,,,,,,,,,,,,,,,,,,,,,,,,,,,,,,,,,
2544,120.0,4.0,1.0,,,,,,,,,,,,,,Appartement,vente,33.8439408,9.400138,,30.0,0.0,,,,,,,,,,,,,,,,,,,,,,,,,,,,,,,,,,,,,,,,,,,,,,,,,,,,,,,,,,,,,,,,,,,,,,,,,,,
2545,64.0,2.0,0.0,18190.0,1.0,,,,,,1.0,1.0,,,Tunis,Chotrana,Appartement,vente,36.8511521,10.2820491,284.21875,32.0,0.0,,,,,,,,,,,,,,,,,,,,,,,,,,,,,,,,,,,,,,,,,,,,,,,,,,,,,,,,,,,,,,,,,,,,,,,,,,,
2546,,5.0,2.0,,1.0,1.0,1.0,1.0,,,,1.0,,,Tunis,Laouina,Appartement,vente,36.8065,10.1815,,,2.0,,,,,,,,,,,,,,,,,,,,,,,,,,,,,,,,,,,,,,,,,,,,,,,,,,,,,,,,,,,,,,,,,,,,,,,,,,,
2547,,3.0,,250000.0,1.0,,1.0,1.0,,,,,,,Ben Arous,Ezzahra,Appartement,vente,36.7404497,10.3029461,,,0.0,,,,,,,,,,,,,,,,,,,,,,,,,,,,,,,,,,,,,,,,,,,,,,,,,,,,,,,,,,,,,,,,,,,,,,,,,,,
2548,,3.0,,390000.0,,1.0,,,,,,1.0,,,Tunis,Soukra,Appartement,vente,36.8065,10.1815,,,0.0,,,,,,,,,,,,,,,,,,,,,,,,,,,,,,,,,,,,,,,,,,,,,,,,,,,,,,,,,,,,,,,,,,,,,,,,,,,
2549,167.0,4.0,,345000.0,1.0,1.0,,,,,,1.0,,,,L'Aouina,Appartement,vente,,,2065.868263473054,41.75,0.0,,,,,,,,,,,,,,,,,,,,,,,,,,,,,,,,,,,,,,,,,,,,,,,,,,,,,,,,,,,,,,,,,,,,,,,,,,,
2550,150.0,,1.0,350000.0,1.0,,,,,,,1.0,,,,,Appartement,vente,33.8439408,9.400138,2333.3333333333335,,1.0,,,,,,,,,,,,,,,,,,,,,,,,,,,,,,,,,,,,,,,,,,,,,,,,,,,,,,,,,,,,,,,,,,,,,,,,,,,
2551,,2.0,,238000.0,,,1.0,1.0,,1.0,1.0,1.0,,1.0,Tunis,Laouina,Appartement,vente,36.8065,10.1815,,,0.0,,,,,,,,,,,,,,,,,,,,,,,,,,,,,,,,,,,,,,,,,,,,,,,,,,,,,,,,,,,,,,,,,,,,,,,,,,,
2552,160.0,4.0,,,,,,,,,,,,,,,Appartement,vente,,,,40.0,0.0,,,,,,,,,,,,,,,,,,,,,,,,,,,,,,,,,,,,,,,,,,,,,,,,,,,,,,,,,,,,,,,,,,,,,,,,,,,
2553,147.0,4.0,,200000.0,,,,,,,,,,,Nabeul,Kelibia,Appartement,vente,36.4561,10.7376,1360.544217687075,36.75,0.0,,,,,,,,,,,,,,,,,,,,,,,,,,,,,,,,,,,,,,,,,,,,,,,,,,,,,,,,,,,,,,,,,,,,,,,,,,,
2554,55.0,2.0,,190000.0,,,,,,,,,,,Tunis,Hamem Laghzez,Appartement,vente,36.8065,10.1815,3454.5454545454545,27.5,0.0,,,,,,,,,,,,,,,,,,,,,,,,,,,,,,,,,,,,,,,,,,,,,,,,,,,,,,,,,,,,,,,,,,,,,,,,,,,
2555,,4.0,,189000.0,,,,,,,,,,,Tunis,Mourouj,Appartement,vente,36.8065,10.1815,,,0.0,,,,,,,,,,,,,,,,,,,,,,,,,,,,,,,,,,,,,,,,,,,,,,,,,,,,,,,,,,,,,,,,,,,,,,,,,,,
2556,115.0,4.0,5.0,250000.0,,,1.0,1.0,,,,1.0,,,Tunis,El Mourouj,Appartement,vente,36.8065,10.1815,2173.913043478261,28.75,0.0,,,,,,,,,,,,,,,,,,,,,,,,,,,,,,,,,,,,,,,,,,,,,,,,,,,,,,,,,,,,,,,,,,,,,,,,,,,
2557,70.0,2.0,,110000.0,,,,,,,,,,,Nabeul,Kelibia,Appartement,vente,36.4561,10.7376,1571.4285714285713,35.0,0.0,,,,,,,,,,,,,,,,,,,,,,,,,,,,,,,,,,,,,,,,,,,,,,,,,,,,,,,,,,,,,,,,,,,,,,,,,,,
2558,,3.0,,310000.0,1.0,1.0,,,,,,1.0,,,Tunis,Soukra,Appartement,vente,36.8065,10.1815,,,0.0,,,,,,,,,,,,,,,,,,,,,,,,,,,,,,,,,,,,,,,,,,,,,,,,,,,,,,,,,,,,,,,,,,,,,,,,,,,
2559,,2.0,2.0,115000.0,0.0,,,0.0,0.0,,0.0,,0.0,0.0,Tunis,Manouba,Appartement,vente,36.8065,10.1815,,,0.0,,,,,,,,,,,,,,,,,,,,,,,,,,,,,,,,,,,,,,,,,,,,,,,,,,,,,,,,,,,,,,,,,,,,,,,,,,,
2560,58.0,2.0,,255000.0,,,,,,,,,,,,,Appartement,vente,,,4396.551724137931,29.0,0.0,,,,,,,,,,,,,,,,,,,,,,,,,,,,,,,,,,,,,,,,,,,,,,,,,,,,,,,,,,,,,,,,,,,,,,,,,,,
2561,,2.0,,227000.0,,,,,,,,,,,Tunis,Soukra,Appartement,vente,36.8065,10.1815,,,0.0,,,,,,,,,,,,,,,,,,,,,,,,,,,,,,,,,,,,,,,,,,,,,,,,,,,,,,,,,,,,,,,,,,,,,,,,,,,
2562,,,,350000.0,,,,,,,,,,,,,Appartement,vente,,,,,0.0,,,,,,,,,,,,,,,,,,,,,,,,,,,,,,,,,,,,,,,,,,,,,,,,,,,,,,,,,,,,,,,,,,,,,,,,,,,
2563,100.0,3.0,,330000.0,,,,,,,,1.0,,,Tunis,Hammamet,Appartement,vente,36.8065,10.1815,3300.0,33.333333333333336,0.0,,,,,,,,,,,,,,,,,,,,,,,,,,,,,,,,,,,,,,,,,,,,,,,,,,,,,,,,,,,,,,,,,,,,,,,,,,,
2564,,2.0,0.0,160000.0,,,,,,,,,,,,Cité El Wafa Mrezga,Appartement,vente,,,,,0.0,,,,,,,,,,,,,,,,,,,,,,,,,,,,,,,,,,,,,,,,,,,,,,,,,,,,,,,,,,,,,,,,,,,,,,,,,,,
2565,100.0,3.0,1.0,215000.0,,,,,,,,,,,Tunis,Hammamet,Appartement,vente,36.8065,10.1815,2150.0,33.333333333333336,0.0,,,,,,,,,,,,,,,,,,,,,,,,,,,,,,,,,,,,,,,,,,,,,,,,,,,,,,,,,,,,,,,,,,,,,,,,,,,
2566,600.0,,,135000.0,,,,,,,,,,,,Cité El Wafa Mrezga,Appartement,vente,,,225.0,,0.0,,,,,,,,,,,,,,,,,,,,,,,,,,,,,,,,,,,,,,,,,,,,,,,,,,,,,,,,,,,,,,,,,,,,,,,,,,,
2567,100.0,3.0,,115000.0,,,,,,,,,,,,Cité El Wafa Mrezga,Appartement,vente,,,1150.0,33.333333333333336,0.0,,,,,,,,,,,,,,,,,,,,,,,,,,,,,,,,,,,,,,,,,,,,0.35864738,0.10266372,-0.09736641,0.016255358,-0.07534478,-0.043083083,-0.054093685,0.20447983,-0.056089107,-0.019946365,-0.09395696,0.035449218,-0.0885989,0.005128298,0.03564865,0.021223804,0.0073970323,-0.003972693,0.021951856,-0.0012250758,-0.002545706,-0.043654718,0.046668645,0.014498614,-0.016111718,-0.009592307,-0.007636867,-0.013188985,-0.051534545,-0.00914716,-0.011158516,0.043401998
2568,82.0,2.0,6.0,150000.0,,,,,,,,,,,Ben Arous,Hammam Lif,Appartement,vente,36.753,10.228,1829.2682926829268,41.0,0.0,,,,,,,,,,,,,,,,,,,,,,,,,,,,,,,,,,,,,,,,,,,,,,,,,,,,,,,,,,,,,,,,,,,,,,,,,,,
2569,,3.0,,,,,,,,,,,,,Tunis,Hammamet,Appartement,vente,36.8065,10.1815,,,0.0,,,,,,,,,,,,,,,,,,,,,,,,,,,,,,,,,,,,,,,,,,,,,,,,,,,,,,,,,,,,,,,,,,,,,,,,,,,
2570,120.0,4.0,,150000.0,,1.0,,,,,,1.0,,,Tunis,Ksar Said,Appartement,vente,36.8065,10.1815,1250.0,30.0,0.0,,,,,,,,,,,,,,,,,,,,,,,,,,,,,,,,,,,,,,,,,,,,,,,,,,,,,,,,,,,,,,,,,,,,,,,,,,,
2571,,,,,,,,,,,,,,,Tunis,Carthage,Appartement,vente,36.8065,10.1815,,,0.0,,,,,,,,,,,,,,,,,,,,,,,,,,,,,,,,,,,,,,,,,,,,,,,,,,,,,,,,,,,,,,,,,,,,,,,,,,,
2572,67.0,1.0,,276000.0,,1.0,,,,,1.0,,,,Tunis,Carthage,Appartement,vente,36.8065,10.1815,4119.4029850746265,67.0,0.0,,,,,,,,,,,,,,,,,,,,,,,,,,,,,,,,,,,,,,,,,,,,,,,,,,,,,,,,,,,,,,,,,,,,,,,,,,,
2573,100.0,2.0,,254500.0,,,,,,,1.0,,1.0,1.0,,Yasmine,Appartement,vente,,,2545.0,50.0,0.0,,,,,,,,,,,,,,,,,,,,,,,,,,,,,,,,,,,,,,,,,,,,0.34687555,0.06567737,-0.06412045,-0.004355926,-0.10434017,0.025448738,-0.065756954,0.049191777,-0.084455535,-0.024061533,0.1423547,-0.023670932,-0.10460713,-0.0091520045,-0.075364135,0.096234754,0.05076655,-0.019598803,-0.11048347,-0.028685486,0.043169837,0.02346638,-0.120781526,-0.033576075,0.089206785,-0.03718452,-0.057012163,0.061504174,-0.0036807505,-0.05827527,0.11250909,0.0134050995
2574,,3.0,,281000.0,,,1.0,1.0,,,,1.0,,,Tunis,El Mourouj,Appartement,vente,36.8065,10.1815,,,0.0,,,,,,,,,,,,,,,,,,,,,,,,,,,,,,,,,,,,,,,,,,,,,,,,,,,,,,,,,,,,,,,,,,,,,,,,,,,
2575,90.0,3.0,0.0,250000.0,,,1.0,,,,,1.0,,,Tunis,Hammamet,Appartement,vente,36.8065,10.1815,2777.777777777778,30.0,0.0,,,,,,,,,,,,,,,,,,,,,,,,,,,,,,,,,,,,,,,,,,,,,,,,,,,,,,,,,,,,,,,,,,,,,,,,,,,
2576,,3.0,,220000.0,,,,,1.0,,1.0,,,,Tunis,Jardin D'El Menzah,Appartement,vente,36.8065,10.1815,,,0.0,,,,,,,,,,,,,,,,,,,,,,,,,,,,,,,,,,,,,,,,,,,,,,,,,,,,,,,,,,,,,,,,,,,,,,,,,,,
2577,,,,295000.0,,,,,,,,1.0,,,,,Appartement,vente,,,,,0.0,,,,,,,,,,,,,,,,,,,,,,,,,,,,,,,,,,,,,,,,,,,,,,,,,,,,,,,,,,,,,,,,,,,,,,,,,,,
2578,169.0,5.0,,,1.0,,,,,,,,,,Tunis,Ain Zaghouan,Appartement,vente,36.8065,10.1815,,33.8,0.0,,,,,,,,,,,,,,,,,,,,,,,,,,,,,,,,,,,,,,,,,,,,,,,,,,,,,,,,,,,,,,,,,,,,,,,,,,,
2579,79.0,2.0,,220000.0,,1.0,,,,,,,,,Tunis,Hammamet Nord,Appartement,vente,36.8065,10.1815,2784.8101265822784,39.5,0.0,,,,,,,,,,,,,,,,,,,,,,,,,,,,,,,,,,,,,,,,,,,,,,,,,,,,,,,,,,,,,,,,,,,,,,,,,,,
2580,,3.0,,135000.0,,,,,,,,,,,,,Appartement,vente,,,,,0.0,,,,,,,,,,,,,,,,,,,,,,,,,,,,,,,0.0,0.0,0.0,0.0,0.0,0.0,0.0,0.0,0.0,0.0,0.0,0.0,1.0,,,,,,,,,,,,,,,,,,,,,,,,,,,,,,,,
2581,203.0,5.0,,640000.0,,,,,,,,,,1.0,Ariana,Ennasr,Appartement,vente,36.8625,10.1956,3152.7093596059112,40.6,0.0,,,,,,,,,,,,,,,,,,,,,,,,,,,,,,,,,,,,,,,,,,,,,,,,,,,,,,,,,,,,,,,,,,,,,,,,,,,
2582,160.0,4.0,,,,,,,,,,,,,,,Appartement,vente,,,,40.0,0.0,,,,,,,,,,,,,,,,,,,,,,,,,,,,,,,,,,,,,,,,,,,,,,,,,,,,,,,,,,,,,,,,,,,,,,,,,,,
2583,,4.0,2.0,340000.0,,,,,,,,,,,Tunis,Kerkouane,Appartement,vente,36.8065,10.1815,,,0.0,,,,,,,,,,,,,,,,,,,,,,,,,,,,,,,,,,,,,,,,,,,,,,,,,,,,,,,,,,,,,,,,,,,,,,,,,,,
2584,200.0,3.0,1.0,,,,,,,,,,,,Tunis,Carthage,Appartement,vente,36.8065,10.1815,,66.66666666666667,0.0,,,,,,,,,,,,,,,,,,,,,,,,,,,,,,,,,,,,,,,,,,,,,,,,,,,,,,,,,,,,,,,,,,,,,,,,,,,
2585,80.0,,,119999.0,,,,,,,1.0,1.0,,,Tunis,Olfa Cité Nour Jaefer Ariena,Appartement,vente,36.8065,10.1815,1499.9875,,0.0,,,,,,,,,,,,,,,,,,,,,,,,,,,,,,,,,,,,,,,,,,,,,,,,,,,,,,,,,,,,,,,,,,,,,,,,,,,
2586,165.0,4.0,,350000.0,,,,,,,,,,,Tunis,Hammamet Nord,Appartement,vente,36.8065,10.1815,2121.212121212121,41.25,0.0,,,,,,,,,,,,,,,,,,,,,,,,,,,,,,,,,,,,,,,,,,,,0.38020644,0.21725428,0.03647864,0.002015641,-0.03649627,-0.09506706,0.0012956824,-0.10525973,0.057975873,0.020020794,0.026306167,-0.060086966,0.02288643,-0.0582231,0.044189688,0.035412822,-0.045785386,0.0485869,0.020202387,-0.043441173,0.0075414963,-0.0059514935,0.058088694,0.042263523,-0.031004619,0.057517115,0.09226583,-0.0057397806,0.016007874,-0.076630674,-0.0039024143,-0.013209915
2587,160.0,4.0,,260000.0,,,,,,,,,,,,,Appartement,vente,,,1625.0,40.0,0.0,,,,,,,,,,,,,,,,,,,,,,,,,,,,,,,,,,,,,,,,,,,,,,,,,,,,,,,,,,,,,,,,,,,,,,,,,,,
2588,60.0,2.0,1.0,87000.0,1.0,,,,,,,,,,,,Appartement,vente,,,1450.0,30.0,1.0,,,,,,,,,,,,,,,,,,,,,,,,,,,,,,,,,,,,,,,,,,,,0.50762653,0.10573933,0.020106759,0.1300312,-0.041434165,-0.044019464,-0.13765475,0.07743929,-0.02510707,0.0114489915,-0.036309984,0.03953175,-0.12860732,0.001519188,-0.016525835,0.08855542,-0.009317891,-0.004397767,-0.062127188,0.061499774,-0.032038562,-0.06841449,-0.016948318,0.01802329,-0.012515553,0.0002227132,-0.007928632,0.02919577,0.014320763,0.002137793,0.030457322,-0.022160612
2589,,4.0,,,,,,,,,,,,,,,Appartement,vente,,,,,0.0,,,,,,,,,,,,,,,,,,,,,,,,,,,,,,,,,,,,,,,,,,,,,,,,,,,,,,,,,,,,,,,,,,,,,,,,,,,
2590,,3.0,,,,,,,1.0,,,,,,Tunis,Kelibia,Appartement,vente,36.8065,10.1815,,,0.0,,,,,,,,,,,,,,,,,,,,,,,,,,,,,,,,,,,,,,,,,,,,,,,,,,,,,,,,,,,,,,,,,,,,,,,,,,,
2591,,,,165000.0,,,,,,,,,,,Tunis,Kelibia,Appartement,vente,36.8065,10.1815,,,0.0,,,,,,,,,,,,,,,,,,,,,,,,,,,,,,,,,,,,,,,,,,,,,,,,,,,,,,,,,,,,,,,,,,,,,,,,,,,
2592,90.0,3.0,,,,,,,,,,,,1.0,Tunis,Hammamet Nord,Appartement,vente,36.8065,10.1815,,30.0,0.0,,,,,,,,,,,,,,,,,,,,,,,,,,,,,,,,,,,,,,,,,,,,,,,,,,,,,,,,,,,,,,,,,,,,,,,,,,,
2593,,3.0,,380000.0,,,,,,,,,,,,,Appartement,vente,,,,,0.0,,,,,,,,,,,,,,,,,,,,,,,,,,,,,,,,,,,,,,,,,,,,0.14544258,0.0053719347,0.02182369,-0.15339239,0.045413647,-0.104725175,0.026685808,0.032553807,-0.023046164,0.039328296,-0.10324834,-0.02266832,0.020273501,0.08037289,-0.048983082,0.019679135,0.025617622,0.022982856,0.06664971,-0.012645358,0.08734166,-0.10181503,0.065228306,-0.03875264,0.052767448,0.0174304,-0.03520174,0.038032122,0.019997375,0.0034310613,-0.023744434,0.042098638
2594,,3.0,,80000.0,,,,,,,,,,,Tunis,Rachidia Hrairia,Appartement,vente,36.8065,10.1815,,,0.0,,,,,,,,,,,,,,,,,,,,,,,,,,,,,,,,,,,,,,,,,,,,,,,,,,,,,,,,,,,,,,,,,,,,,,,,,,,
2595,,4.0,2.0,,0.0,,,0.0,1.0,,0.0,1.0,0.0,0.0,Tunis,Skanes Kobba,Appartement,vente,36.8065,10.1815,,,0.0,,,,,,,,,,,,,,,,,,,,,,,,,,,,,,,,,,,,,,,,,,,,0.13143988,0.13087405,0.02527609,-0.08973705,0.080594234,-0.02943321,-0.013456974,-0.10826447,0.067771755,0.068882726,0.096041225,-0.013867086,-0.016367957,-0.081633836,-0.010912377,-0.047567986,-0.06190564,0.022866212,0.04671515,0.022575472,-0.025567956,-0.024125453,-0.017762315,0.0403968,-0.083358005,0.08018912,-0.07022094,0.01535127,-0.019340105,0.039250553,0.025029697,-0.1219381
2596,,4.0,1.0,200000.0,1.0,,,,1.0,,,1.0,,,Tunis,Gremda,Appartement,vente,36.8065,10.1815,,,1.0,,,,,,,,,,,,,,,,,,,,,,,,,,,,,,,,,,,,,,,,,,,,,,,,,,,,,,,,,,,,,,,,,,,,,,,,,,,
2597,156.0,4.0,2.0,580000.0,,1.0,1.0,1.0,,,,,1.0,,Tunis,Chott Mariem,Appartement,vente,36.8065,10.1815,3717.948717948718,39.0,0.0,,,,,,,,,,,,,,,,,,,,,,,,,,,,,,,,,,,,,,,,,,,,,,,,,,,,,,,,,,,,,,,,,,,,,,,,,,,
2598,115.0,4.0,,391000.0,,,,,,,,,,,Tunis,Soukra,Appartement,vente,36.8065,10.1815,3400.0,28.75,0.0,,,,,,,,,,,,,,,,,,,,,,,,,,,,,,,,,,,,,,,,,,,,,,,,,,,,,,,,,,,,,,,,,,,,,,,,,,,
2599,80.0,2.0,,,,,,,,,,,,,Tunis,Soukra,Appartement,vente,36.8065,10.1815,,40.0,0.0,,,,,,,,,,,,,,,,,,,,,,,,,,,,,,,,,,,,,,,,,,,,,,,,,,,,,,,,,,,,,,,,,,,,,,,,,,,
2600,160.0,4.0,,,,,,,,,,,,,,,Appartement,vente,,,,40.0,0.0,,,,,,,,,,,,,,,,,,,,,,,,,,,,,,,,,,,,,,,,,,,,,,,,,,,,,,,,,,,,,,,,,,,,,,,,,,,
2601,138.0,3.0,4.0,355000.0,1.0,1.0,1.0,1.0,,,,1.0,,,Manouba,Manouba,Appartement,vente,36.8095,10.098,2572.463768115942,46.0,4.0,,,,,,,,,,,,,,,,,,,,,,,,,,,,,,,,,,,,,,,,,,,,,,,,,,,,,,,,,,,,,,,,,,,,,,,,,,,
2602,100.0,3.0,,165000.0,,,,,,,,,,1.0,,Ezahra Hammem El Ghzez,Appartement,vente,,,1650.0,33.333333333333336,0.0,,,,,,,,,,,,,,,,,,,,,,,,,,,,,,,,,,,,,,,,,,,,,,,,,,,,,,,,,,,,,,,,,,,,,,,,,,,
2603,85.0,2.0,2.0,220000.0,,,1.0,1.0,,,,,,,Tunis,Hammamet Nord,Appartement,vente,36.8065,10.1815,2588.235294117647,42.5,0.0,,,,,,,,,,,,,,,,,,,,,,,,,,,,,,,,,,,,,,,,,,,,,,,,,,,,,,,,,,,,,,,,,,,,,,,,,,,
2604,85.0,2.0,,261670.0,,,,,,,,,,,Tunis,Hammamet,Appartement,vente,36.8065,10.1815,3078.470588235294,42.5,0.0,,,,,,,,,,,,,,,,,,,,,,,,,,,,,,,,,,,,,,,,,,,,0.10360699,-0.11691731,-0.1607447,-0.21428648,-0.018649066,-0.03833292,-0.04190659,0.0792833,-0.0032586972,0.014644912,-0.059229363,0.07096812,0.025016455,0.012385111,-0.08360689,0.061942365,0.026438003,0.011593764,0.18538482,0.045487087,-0.018436836,-0.05536277,0.018991904,-0.018179728,-0.122604325,0.029551454,-0.04786795,0.09341806,0.031997524,0.0058253007,0.11187421,0.030414376
2605,148.0,2.0,0.0,260000.0,1.0,,,,,,,1.0,,,Bizerte,Sahel,Appartement,vente,37.2744,9.8739,1756.7567567567567,74.0,0.0,,,,,,,,,,,,,,,,,,,,,,,,,,,,,,,,,,,,,,,,,,,,,,,,,,,,,,,,,,,,,,,,,,,,,,,,,,,
2606,,4.0,,395000.0,,1.0,,,,,,,,,,L'Aouina,Appartement,vente,,,,,0.0,,,,,,,,,,,,,,,,,,,,,,,,,,,,,,,,,,,,,,,,,,,,,,,,,,,,,,,,,,,,,,,,,,,,,,,,,,,
2607,,3.0,4.0,585000.0,,,,,,,,1.0,1.0,,Monastir,Monastir,Appartement,vente,35.7643,10.8113,,,0.0,,,,,,,,,,,,,,,,,,,,,,,,,,,,,,,,,,,,,,,,,,,,,,,,,,,,,,,,,,,,,,,,,,,,,,,,,,,
2608,,2.0,,395000.0,1.0,,,,,1.0,,1.0,1.0,,Tunis,Carthage,Appartement,vente,36.8065,10.1815,,,0.0,,,,,,,,,,,,,,,,,,,,,,,,,,,,,,,,,,,,,,,,,,,,,,,,,,,,,,,,,,,,,,,,,,,,,,,,,,,
2609,151.0,4.0,,350000.0,,,,,,,,,,,Tunis,Hammamet,Appartement,vente,36.8065,10.1815,2317.880794701987,37.75,0.0,,,,,,,,,,,,,,,,,,,,,,,,,,,,,,,,,,,,,,,,,,,,,,,,,,,,,,,,,,,,,,,,,,,,,,,,,,,
2610,140.0,,,500000.0,,,,,,,,,,,Sousse,Hammam Sousse,Appartement,vente,35.8245,10.6346,3571.4285714285716,,0.0,,,,,,,,,,,,,,,,,,,,,,,,,,,,,,,,,,,,,,,,,,,,,,,,,,,,,,,,,,,,,,,,,,,,,,,,,,,
2611,,1.0,,,,,,,,,,,,,Sousse,Sousse,Appartement,vente,35.8245,10.6346,,,0.0,,,,,,,,,,,,,,,,,,,,,,,,,,,,,,,,,,,,,,,,,,,,,,,,,,,,,,,,,,,,,,,,,,,,,,,,,,,
2612,62.0,,,100000.0,,,,,,,,,,,Nabeul,Kelibia,Appartement,vente,36.4561,10.7376,1612.9032258064517,,0.0,,,,,,,,,,,,,,,,,,,,,,,,,,,,,,,,,,,,,,,,,,,,,,,,,,,,,,,,,,,,,,,,,,,,,,,,,,,
2613,143.0,,,350000.0,,,,,,,,,,,Tunis,Hammamet,Appartement,vente,36.8065,10.1815,2447.5524475524476,,0.0,,,,,,,,,,,,,,,,,,,,,,,,,,,,,,,,,,,,,,,,,,,,,,,,,,,,,,,,,,,,,,,,,,,,,,,,,,,
2614,,2.0,,210000.0,,,,,,,,,,,,Yasmine,Appartement,vente,,,,,0.0,,,,,,,,,,,,,,,,,,,,,,,,,,,,,,,,,,,,,,,,,,,,,,,,,,,,,,,,,,,,,,,,,,,,,,,,,,,
2615,136.0,3.0,0.0,428000.0,,,,,,,1.0,1.0,,,Tunis,Carthage,Appartement,vente,36.8065,10.1815,3147.0588235294117,45.333333333333336,0.0,,,,,,,,,,,,,,,,,,,,,,,,,,,,,,,,,,,,,,,,,,,,,,,,,,,,,,,,,,,,,,,,,,,,,,,,,,,
2616,202.0,,,,,,,,,,,,,,,Cité El Wafa Mrezga,Appartement,vente,,,,,0.0,,,,,,,,,,,,,,,,,,,,,,,,,,,,,,,,,,,,,,,,,,,,,,,,,,,,,,,,,,,,,,,,,,,,,,,,,,,
2617,80.0,2.0,,350000.0,,1.0,1.0,1.0,,,,,,,,Cité El Wafa Mrezga,Appartement,vente,,,4375.0,40.0,0.0,,,,,,,,,,,,,,,,,,,,,,,,,,,,,,,,,,,,,,,,,,,,,,,,,,,,,,,,,,,,,,,,,,,,,,,,,,,
2618,55.0,1.0,,150000.0,,,,,,,,,,,Tunis,Hammamet,Appartement,vente,36.8065,10.1815,2727.2727272727275,55.0,0.0,,,,,,,,,,,,,,,,,,,,,,,,,,,,,,,,,,,,,,,,,,,,,,,,,,,,,,,,,,,,,,,,,,,,,,,,,,,
2619,125.0,3.0,1.0,340000.0,1.0,1.0,1.0,1.0,,1.0,,1.0,,,Ariana,Ennasr,Appartement,vente,36.8625,10.1956,2720.0,41.666666666666664,1.0,,,,,,,,,,,,,,,,,,,,,,,,,,,,,,,,,,,,,,,,,,,,,,,,,,,,,,,,,,,,,,,,,,,,,,,,,,,
2620,68.0,3.0,0.0,190000.0,,1.0,,,,,,,,,Tunis,Cité Erriyadh,Appartement,vente,36.8065,10.1815,2794.1176470588234,22.666666666666668,0.0,,,,,,,,,,,,,,,,,,,,,,,,,,,,,,,,,,,,,,,,,,,,,,,,,,,,,,,,,,,,,,,,,,,,,,,,,,,
2621,150.0,,,,,,,,,,,,,,Sousse,Corniche,Appartement,vente,35.8245,10.6346,,,0.0,,,,,,,,,,,,,,,,,,,,,,,,,,,,,,,,,,,,,,,,,,,,,,,,,,,,,,,,,,,,,,,,,,,,,,,,,,,
2622,135.0,4.0,,450000.0,,,1.0,1.0,,,,,1.0,1.0,,Cité El Wafa,Appartement,vente,,,3333.3333333333335,33.75,0.0,,,,,,,,,,,,,,,,,,,,,,,,,,,,,,,,,,,,,,,,,,,,,,,,,,,,,,,,,,,,,,,,,,,,,,,,,,,
2623,,4.0,2.0,280000.0,,1.0,1.0,1.0,,,,,,,Tunis,Laouina,Appartement,vente,36.8065,10.1815,,,0.0,,,,,,,,,,,,,,,,,,,,,,,,,,,,,,,,,,,,,,,,,,,,,,,,,,,,,,,,,,,,,,,,,,,,,,,,,,,
2624,135.0,3.0,,450000.0,,,1.0,1.0,,,1.0,1.0,1.0,1.0,,Cité El Wafa Mrezga,Appartement,vente,,,3333.3333333333335,45.0,0.0,,,,,,,,,,,,,,,,,,,,,,,,,,,,,,,,,,,,,,,,,,,,,,,,,,,,,,,,,,,,,,,,,,,,,,,,,,,
2625,116.0,3.0,,390000.0,,1.0,,1.0,,,,1.0,,,Tunis,Hammamet Nord,Appartement,vente,36.8065,10.1815,3362.0689655172414,38.666666666666664,0.0,,,,,,,,,,,,,,,,,,,,,,,,,,,,,,,,,,,,,,,,,,,,,,,,,,,,,,,,,,,,,,,,,,,,,,,,,,,
2626,85.0,3.0,,300000.0,,1.0,1.0,,,,,,,,,L'Aouina,Appartement,vente,,,3529.4117647058824,28.333333333333332,0.0,,,,,,,,,,,,,,,,,,,,,,,,,,,,,,,,,,,,,,,,,,,,,,,,,,,,,,,,,,,,,,,,,,,,,,,,,,,
2627,,2.0,,635000.0,,,,,,,,1.0,,,,,Appartement,vente,,,,,0.0,,,,,,,,,,,,,,,,,,,,,,,,,,,,,,,,,,,,,,,,,,,,,,,,,,,,,,,,,,,,,,,,,,,,,,,,,,,
2628,,3.0,,100000.0,,,,,,,,,,,Tunis,Carthage,Appartement,vente,36.8065,10.1815,,,0.0,,,,,,,,,,,,,,,,,,,,,,,,,,,,,,,,,,,,,,,,,,,,,,,,,,,,,,,,,,,,,,,,,,,,,,,,,,,
2629,,1.0,,135000.0,,,,,,,,,,,,L'Aouina,Appartement,vente,,,,,0.0,,,,,,,,,,,,,,,,,,,,,,,,,,,,,,,,,,,,,,,,,,,,,,,,,,,,,,,,,,,,,,,,,,,,,,,,,,,
2630,,,,330000.0,,,,1.0,,,,,,,Tunis,Ain Zaghouan,Appartement,vente,36.8065,10.1815,,,0.0,,,,,,,,,,,,,,,,,,,,,,,,,,,,,,,,,,,,,,,,,,,,,,,,,,,,,,,,,,,,,,,,,,,,,,,,,,,
2631,,1.0,,135000.0,1.0,1.0,,,,,,,,,,L'Aouina,Appartement,vente,,,,,0.0,,,,,,,,,,,,,,,,,,,,,,,,,,,,,,,,,,,,,,,,,,,,,,,,,,,,,,,,,,,,,,,,,,,,,,,,,,,
2632,,,,165000.0,,,,,,,,,,,Tunis,Kelibia,Appartement,vente,36.8065,10.1815,,,0.0,,,,,,,,,,,,,,,,,,,,,,,,,,,,,,,,,,,,,,,,,,,,,,,,,,,,,,,,,,,,,,,,,,,,,,,,,,,
2633,84.0,3.0,,350000.0,,,1.0,,,,,1.0,,,,,Appartement,vente,,,4166.666666666667,28.0,0.0,,,,,,,,,,,,,,,,,,,,,,,,,,,,,,,,,,,,,,,,,,,,,,,,,,,,,,,,,,,,,,,,,,,,,,,,,,,
2634,,3.0,,340000.0,1.0,,1.0,1.0,,,1.0,,,1.0,Tunis,Soukra,Appartement,vente,36.8065,10.1815,,,0.0,,,,,,,,,,,,,,,,,,,,,,,,,,,,,,,,,,,,,,,,,,,,,,,,,,,,,,,,,,,,,,,,,,,,,,,,,,,
2635,90.0,3.0,,,,,,,,,,,,,,Yasmine,Appartement,vente,,,,30.0,0.0,,,,,,,,,,,,,,,,,,,,,,,,,,,,,,,,,,,,,,,,,,,,0.5167242,0.13497545,0.06222491,0.14249058,-0.06768049,-0.035809714,-0.070739076,0.034504894,0.03186639,0.03130504,-0.072994456,0.026818687,-0.0852598,0.009499045,0.027939131,0.0016794493,-0.026980499,-0.022175562,-0.03775318,0.04386675,-0.06257873,-0.02505147,0.017590176,-0.018885532,-0.03617662,0.022349123,0.030640999,0.02174747,-0.028377114,-0.017796472,0.039150856,-0.040270004
2636,55.0,1.0,,165000.0,,1.0,1.0,1.0,,,,,,,Tunis,Boumhal Ben Arous,Appartement,vente,36.8065,10.1815,3000.0,55.0,0.0,,,,,,,,,,,,,,,,,,,,,,,,,,,,,,,,,,,,,,,,,,,,,,,,,,,,,,,,,,,,,,,,,,,,,,,,,,,
2637,,,0.0,250000.0,,,,,,,,,,,,,Appartement,vente,,,,,0.0,,,,,,,,,,,,,,,,,,,,,,,,,,,,,,,,,,,,,,,,,,,,,,,,,,,,,,,,,,,,,,,,,,,,,,,,,,,
2638,,5.0,,165000.0,,,,,,,,,,,Tunis,Kelibia,Appartement,vente,36.8065,10.1815,,,0.0,,,,,,,,,,,,,,,,,,,,,,,,,,,,,,,,,,,,,,,,,,,,,,,,,,,,,,,,,,,,,,,,,,,,,,,,,,,
2639,,4.0,,470000.0,,1.0,1.0,1.0,,1.0,1.0,1.0,,,Tunis,Carthage,Appartement,vente,36.8065,10.1815,,,0.0,,,,,,,,,,,,,,,,,,,,,,,,,,,,,,,,,,,,,,,,,,,,,,,,,,,,,,,,,,,,,,,,,,,,,,,,,,,
2640,,4.0,,182000.0,0.0,,,0.0,0.0,,0.0,,0.0,0.0,Tunis,Carthage,Appartement,vente,36.8065,10.1815,,,0.0,,,,,,,,,,,,,,,,,,,,,,,,,,,,,,,,,,,,,,,,,,,,,,,,,,,,,,,,,,,,,,,,,,,,,,,,,,,
2641,100.0,4.0,3.0,200000.0,1.0,1.0,1.0,,,,,1.0,,,Tunis,Borj Cedria,Appartement,vente,36.8065,10.1815,2000.0,25.0,3.0,,,,,,,,,,,,,,,,,,,,,,,,,,,,,,,,,,,,,,,,,,,,,,,,,,,,,,,,,,,,,,,,,,,,,,,,,,,
2642,132.0,4.0,,385000.0,,1.0,1.0,1.0,,,,1.0,,,,,Appartement,vente,,,2916.6666666666665,33.0,0.0,,,,,,,,,,,,,,,,,,,,,,,,,,,,,,,,,,,,,,,,,,,,,,,,,,,,,,,,,,,,,,,,,,,,,,,,,,,
2643,54.0,2.0,,187000.0,,,,,,,,,,,,,Appartement,vente,,,3462.962962962963,27.0,0.0,,,,,,,,,,,,,,,,,,,,,,,,,,,,,,,,,,,,,,,,,,,,,,,,,,,,,,,,,,,,,,,,,,,,,,,,,,,
2644,115.0,3.0,,330000.0,,1.0,,,,1.0,,1.0,,,Ariana,Ennasr,Appartement,vente,36.8625,10.1956,2869.5652173913045,38.333333333333336,0.0,,,,,,,,,,,,,,,,,,,,,,,,,,,,,,,,,,,,,,,,,,,,,,,,,,,,,,,,,,,,,,,,,,,,,,,,,,,
2645,110.0,4.0,1.0,340000.0,1.0,1.0,1.0,1.0,,,,1.0,,,,,Appartement,vente,,,3090.909090909091,27.5,1.0,,,,,,,,,,,,,,,,,,,,,,,,,,,,,,,,,,,,,,,,,,,,,,,,,,,,,,,,,,,,,,,,,,,,,,,,,,,
2646,130.0,3.0,,,,1.0,,,,,,1.0,,,Tunis,Carthage,Appartement,vente,36.8065,10.1815,,43.333333333333336,0.0,,,,,,,,,,,,,,,,,,,,,,,,,,,,,,,,,,,,,,,,,,,,,,,,,,,,,,,,,,,,,,,,,,,,,,,,,,,
2647,,4.0,,205000.0,,,,,,,,,,,Tunis,Ariana,Appartement,vente,36.8065,10.1815,,,0.0,,,,,,,,,,,,,,,,,,,,,,,,,,,,,,,,,,,,,,,,,,,,,,,,,,,,,,,,,,,,,,,,,,,,,,,,,,,
2648,163.0,5.0,2.0,345000.0,,1.0,1.0,1.0,,,,,,,Tunis,Manar,Appartement,vente,36.8065,10.1815,2116.564417177914,32.6,0.0,,,,,,,,,,,,,,,,,,,,,,,,,,,,,,,,,,,,,,,,,,,,,,,,,,,,,,,,,,,,,,,,,,,,,,,,,,,
2649,,,,,,,,,,,1.0,,,,Tunis,Carthage,Appartement,vente,36.8065,10.1815,,,0.0,,,,,,,,,,,,,,,,,,,,,,,,,,,,,,,,,,,,,,,,,,,,,,,,,,,,,,,,,,,,,,,,,,,,,,,,,,,
2650,180.0,3.0,0.0,498923.0,,,,,,,1.0,1.0,,,Tunis,Hammamet,Appartement,vente,36.8065,10.1815,2771.7944444444443,60.0,0.0,,,,,,,,,,,,,,,,,,,,,,,,,,,,,,,,,,,,,,,,,,,,,,,,,,,,,,,,,,,,,,,,,,,,,,,,,,,
2651,149.0,4.0,2.0,,,,,,,,,,,,Tunis,Soukra,Appartement,vente,36.8065,10.1815,,37.25,0.0,,,,,,,,,,,,,,,,,,,,,,,,,,,,,,,,,,,,,,,,,,,,,,,,,,,,,,,,,,,,,,,,,,,,,,,,,,,
2652,110.0,3.0,,,,,,,,,,,,,Tunis,Soukra,Appartement,vente,36.8065,10.1815,,36.666666666666664,0.0,,,,,,,,,,,,,,,,,,,,,,,,,,,,,,,,,,,,,,,,,,,,,,,,,,,,,,,,,,,,,,,,,,,,,,,,,,,
2653,100.0,3.0,0.0,220000.0,,,1.0,,,,1.0,,,,Tunis,Marsa,Appartement,vente,36.8065,10.1815,2200.0,33.333333333333336,0.0,,,,,,,,,,,,,,,,,,,,,,,,,,,,,,,,,,,,,,,,,,,,,,,,,,,,,,,,,,,,,,,,,,,,,,,,,,,
2654,,3.0,,300000.0,,,,,,,,,,,Nabeul,Hammamet,Appartement,vente,36.4561,10.7376,,,0.0,,,,,,,,,,,,,,,,,,,,,,,,,,,,,,,,,,,,,,,,,,,,,,,,,,,,,,,,,,,,,,,,,,,,,,,,,,,
2655,,2.0,,180000.0,,,,,,,,,,,Nabeul,Hammamet,Appartement,vente,36.4561,10.7376,,,0.0,,,,,,,,,,,,,,,,,,,,,,,,,,,,,,,,,,,,,,,,,,,,,,,,,,,,,,,,,,,,,,,,,,,,,,,,,,,
2656,125.0,4.0,,255000.0,,,1.0,,,,,1.0,,,Tunis,Menzah,Appartement,vente,36.8065,10.1815,2040.0,31.25,0.0,,,,,,,,,,,,,,,,,,,,,,,,,,,,,,,,,,,,,,,,,,,,,,,,,,,,,,,,,,,,,,,,,,,,,,,,,,,
2657,131.0,3.0,,,1.0,1.0,,,,,1.0,,,,Tunis,Carthage,Appartement,vente,36.8065,10.1815,,43.666666666666664,0.0,,,,,,,,,,,,,,,,,,,,,,,,,,,,,,,,,,,,,,,,,,,,,,,,,,,,,,,,,,,,,,,,,,,,,,,,,,,
2658,,2.0,,,,,,,,,,,,,,L'Aouina,Appartement,vente,,,,,0.0,,,,,,,,,,,,,,,,,,,,,,,,,,,,,,,,,,,,,,,,,,,,,,,,,,,,,,,,,,,,,,,,,,,,,,,,,,,
2659,,2.0,,250000.0,,1.0,,,,,,1.0,,,Tunis,La Soukra,Appartement,vente,36.8065,10.1815,,,0.0,,,,,,,,,,,,,,,,,,,,,,,,,,,,,,,,,,,,,,,,,,,,,,,,,,,,,,,,,,,,,,,,,,,,,,,,,,,
2660,79.0,2.0,,105000.0,,,,,,,,,,,Tunis,Hammamet Nord,Appartement,vente,36.8065,10.1815,1329.113924050633,39.5,0.0,,,,,,,,,,,,,,,,,,,,,,,,,,,,,,,,,,,,,,,,,,,,,,,,,,,,,,,,,,,,,,,,,,,,,,,,,,,
2661,164.0,4.0,,,,,1.0,1.0,,,,1.0,1.0,1.0,,Cité El Wafa Mrezga,Appartement,vente,,,,41.0,0.0,,,,,,,,,,,,,,,,,,,,,,,,,,,,,,,,,,,,,,,,,,,,,,,,,,,,,,,,,,,,,,,,,,,,,,,,,,,
2662,238.0,,,,,,,,,,,,,,Tunis,Hammamet,Appartement,vente,36.8065,10.1815,,,0.0,,,,,,,,,,,,,,,,,,,,,,,,,,,,,,,,,,,,,,,,,,,,,,,,,,,,,,,,,,,,,,,,,,,,,,,,,,,
2663,,,1.0,260000.0,,1.0,,1.0,,,,1.0,,,,Yasmine,Appartement,vente,,,,,0.0,,,,,,,,,,,,,,,,,,,,,,,,,,,,,,,,,,,,,,,,,,,,,,,,,,,,,,,,,,,,,,,,,,,,,,,,,,,
2664,73.0,,,175200.0,1.0,1.0,,,,,,1.0,,,Ariana,Ennasr,Appartement,vente,36.8625,10.1956,2400.0,,0.0,,,,,,,,,,,,,,,,,,,,,,,,,,,,,,,,,,,,,,,,,,,,,,,,,,,,,,,,,,,,,,,,,,,,,,,,,,,
2665,74.0,2.0,,165000.0,,,,,,,,,,,,Cité El Wafa Mrezga,Appartement,vente,,,2229.7297297297296,37.0,0.0,,,,,,,,,,,,,,,,,,,,,,,,,,,,,,,,,,,,,,,,,,,,0.15539193,-0.032832287,0.091580085,-0.1223595,0.038780037,-0.049759857,-0.019112207,0.019531967,0.0761518,0.013689484,-0.012737059,0.021356797,0.0118658645,0.12193003,-0.12330526,-0.0049454626,-0.008654833,-0.010849722,0.045247994,-0.07141464,-0.0021696168,-0.07274333,-0.053440858,0.035544362,-0.004925495,0.047484834,-0.037073776,-0.013512989,-0.11273466,0.028157754,-0.0893792,0.08421233
2666,,,,,,,,,,,,,,,,,Appartement,vente,,,,,0.0,,,,,,,,,,,,,,,,,,,,,,,,,,,,,,,,,,,,,,,,,,,,,,,,,,,,,,,,,,,,,,,,,,,,,,,,,,,
2667,,3.0,,110000.0,,,,,,,,,,1.0,Tunis,Hammamet,Appartement,vente,36.8065,10.1815,,,0.0,,,,,,,,,,,,,,,,,,,,,,,,,,,,,,,,,,,,,,,,,,,,,,,,,,,,,,,,,,,,,,,,,,,,,,,,,,,
2668,,4.0,,680000.0,,,,,,,1.0,1.0,,,Tunis,Carthage,Appartement,vente,36.8065,10.1815,,,0.0,,,,,,,,,,,,,,,,,,,,,,,,,,,,,,,,,,,,,,,,,,,,,,,,,,,,,,,,,,,,,,,,,,,,,,,,,,,
2669,,3.0,1.0,250000.0,,,,,,,,,,1.0,,,Appartement,vente,,,,,0.0,,,,,,,,,,,,,,,,,,,,,,,,,,,,,,,,,,,,,,,,,,,,,,,,,,,,,,,,,,,,,,,,,,,,,,,,,,,
2670,,2.0,,176000.0,,,,,,,,,,,Tunis,Soukra,Appartement,vente,36.8065,10.1815,,,0.0,,,,,,,,,,,,,,,,,,,,,,,,,,,,,,,,,,,,,,,,,,,,,,,,,,,,,,,,,,,,,,,,,,,,,,,,,,,
2671,121.0,3.0,0.0,,,1.0,1.0,1.0,,1.0,,,,,Ariana,Soukra,Appartement,vente,36.8625,10.1956,,40.333333333333336,0.0,,,,,,,,,,,,,,,,,,,,,,,,,,,,,,,,,,,,,,,,,,,,,,,,,,,,,,,,,,,,,,,,,,,,,,,,,,,
2672,40.0,2.0,,160000.0,,,,,,,,,,,Tunis,Hammamet,Appartement,vente,36.8065,10.1815,4000.0,20.0,0.0,,,,,,,,,,,,,,,,,,,,,,,,,,,,,,,,,,,,,,,,,,,,,,,,,,,,,,,,,,,,,,,,,,,,,,,,,,,
2673,170.0,2.0,,200000.0,,,,,,,1.0,,,1.0,,,Appartement,vente,,,1176.4705882352941,85.0,0.0,,,,,,,,,,,,,,,,,,,,,,,,,,,,,,,,,,,,,,,,,,,,,,,,,,,,,,,,,,,,,,,,,,,,,,,,,,,
2674,,,,135000.0,,,,,,,,,,,,L'Aouina,Appartement,vente,,,,,0.0,,,,,,,,,,,,,,,,,,,,,,,,,,,,,,,,,,,,,,,,,,,,,,,,,,,,,,,,,,,,,,,,,,,,,,,,,,,
2675,90.0,3.0,,170000.0,,,,,,,,,,,Tunis,Kerkouane,Appartement,vente,36.8065,10.1815,1888.888888888889,30.0,0.0,,,,,,,,,,,,,,,,,,,,,,,,,,,,,,,,,,,,,,,,,,,,,,,,,,,,,,,,,,,,,,,,,,,,,,,,,,,
2676,65.0,2.0,,380000.0,,,,,,,,,,,Tunis,Carthage,Appartement,vente,36.8065,10.1815,5846.153846153846,32.5,0.0,,,,,,,,,,,,,,,,,,,,,,,,,,,,,,,,,,,,,,,,,,,,,,,,,,,,,,,,,,,,,,,,,,,,,,,,,,,
2677,160.0,3.0,,415000.0,,,,,,,,1.0,,,,,Appartement,vente,,,2593.75,53.333333333333336,0.0,,,,,,,,,,,,,,,,,,,,,,,,,,,,,,,,,,,,,,,,,,,,,,,,,,,,,,,,,,,,,,,,,,,,,,,,,,,
2678,171.0,3.0,,392000.0,,,,,,,,,,1.0,,,Appartement,vente,,,2292.3976608187136,57.0,0.0,,,,,,,,,,,,,,,,,,,,,,,,,,,,,,,,,,,,,,,,,,,,,,,,,,,,,,,,,,,,,,,,,,,,,,,,,,,
2679,105.0,3.0,,255000.0,,1.0,,,,,,1.0,,,,,Appartement,vente,,,2428.5714285714284,35.0,0.0,,,,,,,,,,,,,,,,,,,,,,,,,,,,,,,,,,,,,,,,,,,,,,,,,,,,,,,,,,,,,,,,,,,,,,,,,,,
2680,112.0,3.0,,380000.0,,1.0,,,,,,,,,Tunis,Riadh El Andalous,Appartement,vente,36.8065,10.1815,3392.8571428571427,37.333333333333336,0.0,,,,,,,,,,,,,,,,,,,,,,,,,,,,,,,,,,,,,,,,,,,,,,,,,,,,,,,,,,,,,,,,,,,,,,,,,,,
2681,112.0,4.0,,260000.0,,,,,,,,,,,Tunis,Makni,Appartement,vente,36.8065,10.1815,2321.4285714285716,28.0,0.0,,,,,,,,,,,,,,,,,,,,,,,,,,,,,,,,,,,,,,,,,,,,,,,,,,,,,,,,,,,,,,,,,,,,,,,,,,,
2682,107.0,3.0,5.0,351000.0,,1.0,,,,,,1.0,,,Tunis,Soukra,Appartement,vente,36.8065,10.1815,3280.373831775701,35.666666666666664,0.0,,,,,,,,,,,,,,,,,,,,,,,,,,,,,,,,,,,,,,,,,,,,,,,,,,,,,,,,,,,,,,,,,,,,,,,,,,,
2683,,2.0,,197000.0,,,,,,,,,,,Tunis,Soukra,Appartement,vente,36.8065,10.1815,,,0.0,,,,,,,,,,,,,,,,,,,,,,,,,,,,,,,,,,,,,,,,,,,,,,,,,,,,,,,,,,,,,,,,,,,,,,,,,,,
2684,129.0,3.0,0.0,464400.0,1.0,,,,,,,1.0,,1.0,,,Appartement,vente,,,3600.0,43.0,0.0,,,,,,,,,,,,,,,,,,,,,,,,,,,,,,,,,,,,,,,,,,,,,,,,,,,,,,,,,,,,,,,,,,,,,,,,,,,
2685,130.0,3.0,1.0,380000.0,,,1.0,1.0,,,,,,,Tunis,Gammarth,Appartement,vente,36.8065,10.1815,2923.076923076923,43.333333333333336,0.0,,,,,,,,,,,,,,,,,,,,,,,,,,,,,,,,,,,,,,,,,,,,,,,,,,,,,,,,,,,,,,,,,,,,,,,,,,,
2686,94.0,3.0,1.0,230000.0,,,,,,,,,,,,,Appartement,vente,,,2446.808510638298,31.333333333333332,0.0,,,,,,,,,,,,,,,,,,,,,,,,,,,,,,,,,,,,,,,,,,,,,,,,,,,,,,,,,,,,,,,,,,,,,,,,,,,
2687,65.0,2.0,,235000.0,1.0,1.0,,,,,,,,,,Sahloul,Appartement,vente,,,3615.3846153846152,32.5,0.0,,,,,,,,,,,,,,,,,,,,,,,,,,,,,,,,,,,,,,,,,,,,,,,,,,,,,,,,,,,,,,,,,,,,,,,,,,,
2688,48.0,2.0,5.0,185000.0,,,,,,,,,,,Tunis,Laouina,Appartement,vente,36.8065,10.1815,3854.1666666666665,24.0,0.0,,,,,,,,,,,,,,,,,,,,,,,,,,,,,,,,,,,,,,,,,,,,,,,,,,,,,,,,,,,,,,,,,,,,,,,,,,,
2689,,2.0,,197000.0,1.0,,1.0,1.0,,,,,,,Tunis,Soukra,Appartement,vente,36.8065,10.1815,,,0.0,,,,,,,,,,,,,,,,,,,,,,,,,,,,,,,,,,,,,,,,,,,,,,,,,,,,,,,,,,,,,,,,,,,,,,,,,,,
2690,113.0,3.0,,250000.0,1.0,,,,,,,,,1.0,Sousse,Akouda,Appartement,vente,35.8245,10.6346,2212.3893805309735,37.666666666666664,0.0,,,,,,,,,,,,,,,,,,,,,,,,,,,,,,,,,,,,,,,,,,,,,,,,,,,,,,,,,,,,,,,,,,,,,,,,,,,
2691,48.0,2.0,,178500.0,1.0,,,,,,,,,,,L'Aouina,Appartement,vente,,,3718.75,24.0,0.0,,,,,,,,,,,,,,,,,,,,,,,,,,,,,,,,,,,,,,,,,,,,,,,,,,,,,,,,,,,,,,,,,,,,,,,,,,,
2692,85.0,3.0,0.0,140000.0,,,,,,,,1.0,,,Tunis,Carthage,Appartement,vente,36.8065,10.1815,1647.0588235294117,28.333333333333332,0.0,,,,,,,,,,,,,,,,,,,,,,,,,,,,,,,,,,,,,,,,,,,,,,,,,,,,,,,,,,,,,,,,,,,,,,,,,,,
2693,75.0,2.0,,240000.0,,,,,,,,,,,,L'Aouina,Appartement,vente,,,3200.0,37.5,0.0,,,,,,,,,,,,,,,,,,,,,,,,,,,,,,,,,,,,,,,,,,,,,,,,,,,,,,,,,,,,,,,,,,,,,,,,,,,
2694,148.0,3.0,2.0,380000.0,1.0,,,,,,1.0,1.0,,1.0,Tunis,El Manzah,Appartement,vente,36.8065,10.1815,2567.5675675675675,49.333333333333336,2.0,,,,,,,,,,,,,,,,,,,,,,,,,,,,,,,,,,,,,,,,,,,,,,,,,,,,,,,,,,,,,,,,,,,,,,,,,,,
2695,160.0,3.0,0.0,325000.0,,,,,1.0,,,,,,Tunis,El Mourouj,Appartement,vente,36.8065,10.1815,2031.25,53.333333333333336,0.0,,,,,,,,,,,,,,,,,,,,,,,,,,,,,,,,,,,,,,,,,,,,,,,,,,,,,,,,,,,,,,,,,,,,,,,,,,,
2696,130.0,4.0,,260000.0,,,1.0,,,,,,,,Tunis,Menzah,Appartement,vente,36.8065,10.1815,2000.0,32.5,0.0,,,,,,,,,,,,,,,,,,,,,,,,,,,,,,,,,,,,,,,,,,,,,,,,,,,,,,,,,,,,,,,,,,,,,,,,,,,
2697,64.0,2.0,,245833.0,1.0,,,,,1.0,1.0,1.0,,,Tunis,Chotrana,Appartement,vente,36.8065,10.1815,3841.140625,32.0,0.0,,,,,,,,,,,,,,,,,,,,,,,,,,,,,,,,,,,,,,,,,,,,,,,,,,,,,,,,,,,,,,,,,,,,,,,,,,,
2698,100.0,3.0,1.0,330000.0,1.0,,,,,,,1.0,,,Tunis,Hammamet,Appartement,vente,36.8065,10.1815,3300.0,33.333333333333336,1.0,,,,,,,,,,,,,,,,,,,,,,,,,,,,,,,,,,,,,,,,,,,,,,,,,,,,,,,,,,,,,,,,,,,,,,,,,,,
2699,155.0,6.0,2.0,500000.0,,,,,,,,,,,Tunis,Khzema,Appartement,vente,36.8065,10.1815,3225.8064516129034,25.833333333333332,0.0,,,,,,,,,,,,,,,,,,,,,,,,,,,,,,,,,,,,,,,,,,,,,,,,,,,,,,,,,,,,,,,,,,,,,,,,,,,
2700,71.0,2.0,,235507.0,1.0,,1.0,1.0,,,,1.0,,1.0,,,Appartement,vente,,,3317.0,35.5,0.0,,,,,,,,,,,,,,,,,,,,,,,,,,,,,,,,,,,,,,,,,,,,,,,,,,,,,,,,,,,,,,,,,,,,,,,,,,,
2701,57.0,,,200000.0,0.0,,,0.0,0.0,,0.0,,0.0,0.0,Tunis,Soukra,Appartement,vente,36.8065,10.1815,3508.7719298245615,,0.0,,,,,,,,,,,,,,,,,,,,,,,,,,,,,,,,,,,,,,,,,,,,,,,,,,,,,,,,,,,,,,,,,,,,,,,,,,,
2702,,3.0,,170000.0,1.0,,1.0,1.0,,,,,,,Tunis,Tunis,Appartement,vente,36.8065,10.1815,,,0.0,,,,,,,,,,,,,,,,,,,,,,,,,,,,,,,,,,,,,,,,,,,,,,,,,,,,,,,,,,,,,,,,,,,,,,,,,,,
2703,60.0,2.0,,97000.0,,,,,,,,,,,,,Appartement,vente,,,1616.6666666666667,30.0,0.0,,,,,,,,,,,,,,,,,,,,,,,,,,,,,,,,,,,,,,,,,,,,,,,,,,,,,,,,,,,,,,,,,,,,,,,,,,,
2704,60.0,1.0,,145000.0,,,,,,,,,,,Tunis,Boumhal Ben Arous,Appartement,vente,36.8065,10.1815,2416.6666666666665,60.0,0.0,,,,,,,,,,,,,,,,,,,,,,,,,,,,,,,,,,,,,,,,,,,,,,,,,,,,,,,,,,,,,,,,,,,,,,,,,,,
2705,,3.0,,190000.0,,,,,,,,,,,Tunis,Hammamet,Appartement,vente,36.8065,10.1815,,,0.0,,,,,,,,,,,,,,,,,,,,,,,,,,,,,,,,,,,,,,,,,,,,,,,,,,,,,,,,,,,,,,,,,,,,,,,,,,,
2706,118.0,3.0,,312000.0,,1.0,,,,,,1.0,,,Tunis,Riadh El Andalous,Appartement,vente,36.8065,10.1815,2644.0677966101694,39.333333333333336,0.0,,,,,,,,,,,,,,,,,,,,,,,,,,,,,,,,,,,,,,,,,,,,,,,,,,,,,,,,,,,,,,,,,,,,,,,,,,,
2707,117.0,,,450000.0,,,,,,,,,,,Tunis,Hammamet,Appartement,vente,36.8065,10.1815,3846.153846153846,,0.0,,,,,,,,,,,,,,,,,,,,,,,,,,,,,,,,,,,,,,,,,,,,,,,,,,,,,,,,,,,,,,,,,,,,,,,,,,,
2708,62.0,1.0,,270000.0,,,,,,,,,1.0,,Tunis,Khzema,Appartement,vente,36.8065,10.1815,4354.8387096774195,62.0,0.0,,,,,,,,,,,,,,,,,,,,,,,,,,,,,,,,,,,,,,,,,,,,,,,,,,,,,,,,,,,,,,,,,,,,,,,,,,,
2709,202.0,2.0,0.0,175000.0,,,,,,,1.0,1.0,,1.0,,,Appartement,vente,,,866.3366336633663,101.0,0.0,,,,,,,,,,,,,,,,,,,,,,,,,,,,,,,,,,,,,,,,,,,,,,,,,,,,,,,,,,,,,,,,,,,,,,,,,,,
2710,,,,120000.0,,,,,,,,,,,Tunis,Hammamet,Appartement,vente,36.8065,10.1815,,,0.0,,,,,,,,,,,,,,,,,,,,,,,,,,,,,,,,,,,,,,,,,,,,,,,,,,,,,,,,,,,,,,,,,,,,,,,,,,,
2711,127.0,4.0,1.0,,,,,,,,,,,,Tunis,Boumhel Belair,Appartement,vente,36.8065,10.1815,,31.75,0.0,,,,,,,,,,,,,,,,,,,,,,,,,,,,,,,,,,,,,,,,,,,,,,,,,,,,,,,,,,,,,,,,,,,,,,,,,,,
2712,70.0,2.0,,240000.0,,,,,,,1.0,,,1.0,Tunis,Soukra,Appartement,vente,36.8065,10.1815,3428.5714285714284,35.0,0.0,,,,,,,,,,,,,,,,,,,,,,,,,,,,,,,,,,,,,,,,,,,,,,,,,,,,,,,,,,,,,,,,,,,,,,,,,,,
2713,,,,300000.0,1.0,,,,,,,,,,Tunis,Hammamet,Appartement,vente,36.8065,10.1815,,,0.0,,,,,,,,,,,,,,,,,,,,,,,,,,,,,,,,,,,,,,,,,,,,,,,,,,,,,,,,,,,,,,,,,,,,,,,,,,,
2714,,4.0,,265000.0,1.0,1.0,,,,,,1.0,,,,Manar,Appartement,vente,,,,,0.0,,,,,,,,,,,,,,,,,,,,,,,,,,,,,,,,,,,,,,,,,,,,,,,,,,,,,,,,,,,,,,,,,,,,,,,,,,,
2715,65.0,2.0,,,1.0,,1.0,1.0,,,,1.0,1.0,,Tunis,Chotrana,Appartement,vente,36.8065,10.1815,,32.5,0.0,,,,,,,,,,,,,,,,,,,,,,,,,,,,,,,,,,,,,,,,,,,,,,,,,,,,,,,,,,,,,,,,,,,,,,,,,,,
2716,,2.0,,180000.0,,,,,,,,,,,,,Appartement,vente,,,,,0.0,,,,,,,,,,,,,,,,,,,,,,,,,,,,,,,,,,,,,,,,,,,,,,,,,,,,,,,,,,,,,,,,,,,,,,,,,,,
2717,139.0,4.0,,358000.0,,,,,,,1.0,1.0,,,Tunis,El Manzah,Appartement,vente,36.8065,10.1815,2575.539568345324,34.75,0.0,,,,,,,,,,,,,,,,,,,,,,,,,,,,,,,,,,,,,,,,,,,,,,,,,,,,,,,,,,,,,,,,,,,,,,,,,,,
2718,,2.0,,255000.0,,,,,,,,,,,Nabeul,Hammamet,Appartement,vente,36.4561,10.7376,,,0.0,,,,,,,,,,,,,,,,,,,,,,,,,,,,,,,,,,,,,,,,,,,,,,,,,,,,,,,,,,,,,,,,,,,,,,,,,,,
2719,173.0,4.0,,485000.0,1.0,1.0,1.0,1.0,,,,1.0,,,Ariana,El Menzah,Appartement,vente,36.8625,10.1956,2803.4682080924854,43.25,0.0,,,,,,,,,,,,,,,,,,,,,,,,,,,,,,,,,,,,,,,,,,,,,,,,,,,,,,,,,,,,,,,,,,,,,,,,,,,
2720,150.0,5.0,,175000.0,,,,,,,,,,,Tunis,Carthage,Appartement,vente,36.8065,10.1815,1166.6666666666667,30.0,0.0,,,,,,,,,,,,,,,,,,,,,,,,,,,,,,,,,,,,,,,,,,,,,,,,,,,,,,,,,,,,,,,,,,,,,,,,,,,
2721,117.0,3.0,0.0,245700.0,,1.0,1.0,,,,,1.0,,,Tunis,El Mourouj,Appartement,vente,36.8065,10.1815,2100.0,39.0,0.0,,,,,,,,,,,,,,,,,,,,,,,,,,,,,,,,,,,,,,,,,,,,,,,,,,,,,,,,,,,,,,,,,,,,,,,,,,,
2722,77.0,2.0,,279000.0,1.0,,1.0,1.0,,,,,,1.0,Tunis,Soukra,Appartement,vente,36.8065,10.1815,3623.3766233766232,38.5,0.0,,,,,,,,,,,,,,,,,,,,,,,,,,,,,,,,,,,,,,,,,,,,,,,,,,,,,,,,,,,,,,,,,,,,,,,,,,,
2723,130.0,4.0,,550000.0,1.0,,1.0,1.0,,,,1.0,,1.0,Tunis,Chotrana,Appartement,vente,36.8065,10.1815,4230.7692307692305,32.5,0.0,,,,,,,,,,,,,,,,,,,,,,,,,,,,,,,,,,,,,,,,,,,,,,,,,,,,,,,,,,,,,,,,,,,,,,,,,,,
2724,,5.0,,,,,,,,,,,,,Tunis,Hammamet,Appartement,vente,36.8065,10.1815,,,0.0,,,,,,,,,,,,,,,,,,,,,,,,,,,,,,,,,,,,,,,,,,,,,,,,,,,,,,,,,,,,,,,,,,,,,,,,,,,
2725,111.0,3.0,,440000.0,,,,,,,,,,,Tunis,Riadh El Andalous,Appartement,vente,36.8065,10.1815,3963.963963963964,37.0,0.0,,,,,,,,,,,,,,,,,,,,,,,,,,,,,,,,,,,,,,,,,,,,,,,,,,,,,,,,,,,,,,,,,,,,,,,,,,,
2726,110.0,1.0,0.0,,,,,,,,,,,,Tunis,Hammamet,Appartement,vente,36.8065,10.1815,,110.0,0.0,,,,,,,,,,,,,,,,,,,,,,,,,,,,,,,,,,,,,,,,,,,,0.24228926,-0.013488585,0.08609157,-0.016365336,-0.1299515,0.09406629,-0.07118215,-0.0454367,0.047987573,0.104586184,0.03208257,-0.01754835,0.14558457,-0.04623423,-0.0048545296,-0.06402609,-0.07444307,0.020987265,0.0053043235,-0.101975605,-0.014999593,0.009573414,-0.01662219,0.0315824,0.006053165,-0.0105089955,-0.010744582,0.054666795,0.04090316,0.05603677,-0.053246547,0.019781198
2727,190.0,2.0,2.0,330000.0,,1.0,1.0,1.0,,,,,,1.0,Tunis,Hammamet,Appartement,vente,36.8065,10.1815,1736.842105263158,95.0,0.0,,,,,,,,,,,,,,,,,,,,,,,,,,,,,,,,,,,,,,,,,,,,-0.007695785,-0.12947294,-0.12798052,-0.10495793,-0.07668627,0.11240036,-0.051948585,0.13386735,-0.0851845,-0.01630505,-0.018658124,-0.040702533,0.02118746,-0.0135626,-0.057935786,0.04441915,-0.033859044,0.0050866916,0.0886188,0.0013377614,-0.03898982,-0.03934259,-0.036517877,0.014445741,-0.1100744,-0.0040861224,-0.008992032,-0.046955016,-0.022202086,-0.036518455,0.031804044,0.083675034
2728,70.0,2.0,0.0,180000.0,,,1.0,1.0,,,,,,1.0,Tunis,La Soukra,Appartement,vente,36.8065,10.1815,2571.4285714285716,35.0,0.0,,,,,,,,,,,,,,,,,,,,,,,,,,,,,,,,,,,,,,,,,,,,,,,,,,,,,,,,,,,,,,,,,,,,,,,,,,,
2729,88.0,3.0,,512000.0,,1.0,1.0,1.0,,,1.0,1.0,,,Tunis,Carthage,Appartement,vente,36.8065,10.1815,5818.181818181818,29.333333333333332,0.0,,,,,,,,,,,,,,,,,,,,,,,,,,,,,,,,,,,,,,,,,,,,,,,,,,,,,,,,,,,,,,,,,,,,,,,,,,,
2730,158.0,4.0,3.0,460000.0,1.0,1.0,,,,,,1.0,,,Tunis,Carthage,Appartement,vente,36.8065,10.1815,2911.3924050632913,39.5,3.0,,,,,,,,,,,,,,,,,,,,,,,,,,,,,,,,,,,,,,,,,,,,,,,,,,,,,,,,,,,,,,,,,,,,,,,,,,,
2731,65.0,2.0,,415000.0,,,1.0,1.0,,,1.0,1.0,,,Tunis,Carthage,Appartement,vente,36.8065,10.1815,6384.615384615385,32.5,0.0,,,,,,,,,,,,,,,,,,,,,,,,,,,,,,,,,,,,,,,,,,,,,,,,,,,,,,,,,,,,,,,,,,,,,,,,,,,
2732,90.0,2.0,,150000.0,,,,,,,,,,,Nabeul,Kelibia,Appartement,vente,36.4561,10.7376,1666.6666666666667,45.0,0.0,,,,,,,,,,,,,,,,,,,,,,,,,,,,,,,,,,,,,,,,,,,,,,,,,,,,,,,,,,,,,,,,,,,,,,,,,,,
2733,120.0,,,450000.0,,,,,,,,,,1.0,,,Appartement,vente,,,3750.0,,0.0,,,,,,,,,,,,,,,,,,,,,,,,,,,,,,,,,,,,,,,,,,,,,,,,,,,,,,,,,,,,,,,,,,,,,,,,,,,
2734,72.0,3.0,,290000.0,,,,,,,,,,,Ariana,Ennasr,Appartement,vente,36.8625,10.1956,4027.777777777778,24.0,0.0,,,,,,,,,,,,,,,,,,,,,,,,,,,,,,,,,,,,,,,,,,,,,,,,,,,,,,,,,,,,,,,,,,,,,,,,,,,
2735,183.0,4.0,0.0,475000.0,,1.0,1.0,1.0,,,1.0,,,1.0,,,Appartement,vente,,,2595.6284153005463,45.75,0.0,,,,,,,,,,,,,,,,,,,,,,,,,,,,,,,,,,,,,,,,,,,,,,,,,,,,,,,,,,,,,,,,,,,,,,,,,,,
2736,60.0,2.0,0.0,165000.0,,,1.0,,,,,,,,,,Appartement,vente,,,2750.0,30.0,0.0,,,,,,,,,,,,,,,,,,,,,,,,,,,,,,,,,,,,,,,,,,,,,,,,,,,,,,,,,,,,,,,,,,,,,,,,,,,
2737,140.0,4.0,,345000.0,,1.0,,,,,,,,,,L'Aouina,Appartement,vente,,,2464.285714285714,35.0,0.0,,,,,,,,,,,,,,,,,,,,,,,,,,,,,,,,,,,,,,,,,,,,,,,,,,,,,,,,,,,,,,,,,,,,,,,,,,,
2738,98.0,3.0,,322000.0,1.0,,1.0,1.0,,,,1.0,,,Tunis,Soukra,Appartement,vente,36.8065,10.1815,3285.714285714286,32.666666666666664,0.0,,,,,,,,,,,,,,,,,,,,,,,,,,,,,,,,,,,,,,,,,,,,,,,,,,,,,,,,,,,,,,,,,,,,,,,,,,,
2739,138.0,4.0,5.0,350000.0,1.0,1.0,1.0,1.0,,,,1.0,,,Tunis,Menzah,Appartement,vente,36.8065,10.1815,2536.231884057971,34.5,5.0,,,,,,,,,,,,,,,,,,,,,,,,,,,,,,,,,,,,,,,,,,,,,,,,,,,,,,,,,,,,,,,,,,,,,,,,,,,
2740,142.0,3.0,2.0,360000.0,1.0,1.0,,,,,,,,,Tunis,Sidi Daoud,Appartement,vente,36.8065,10.1815,2535.211267605634,47.333333333333336,2.0,,,,,,,,,,,,,,,,,,,,,,,,,,,,,,,,,,,,,,,,,,,,,,,,,,,,,,,,,,,,,,,,,,,,,,,,,,,
2741,160.0,4.0,,,,,,,,,,,,,,,Appartement,vente,,,,40.0,0.0,,,,,,,,,,,,,,,,,,,,,,,,,,,,,,,,,,,,,,,,,,,,,,,,,,,,,,,,,,,,,,,,,,,,,,,,,,,
2742,97.0,3.0,1.0,317000.0,1.0,1.0,1.0,1.0,,,,1.0,,,Tunis,Soukra,Appartement,vente,36.8065,10.1815,3268.041237113402,32.333333333333336,1.0,,,,,,,,,,,,,,,,,,,,,,,,,,,,,,,,,,,,,,,,,,,,-0.054997467,-0.072240055,0.016734067,-0.024300477,0.0761562,0.01673365,0.09386478,-0.05186116,0.01512606,0.0643965,0.02400428,0.11447463,-0.035686273,-0.07793578,0.07365629,-0.007851134,-0.060449116,0.021691069,-0.0122059975,0.041163832,0.019755488,0.009191971,-0.11535759,0.045121063,-0.00047547897,0.07321657,0.062420648,-0.09936046,-0.033116635,0.06165431,-0.04722823,0.026564298
2743,150.0,,,150000.0,,,,,,,,,,,Tunis,Cité Elfaouz,Appartement,vente,36.8065,10.1815,1000.0,,0.0,,,,,,,,,,,,,,,,,,,,,,,,,,,,,,,,,,,,,,,,,,,,,,,,,,,,,,,,,,,,,,,,,,,,,,,,,,,
2744,,2.0,,200000.0,,,,,,,,,,,Tunis,Nabeul,Appartement,vente,36.8065,10.1815,,,0.0,,,,,,,,,,,,,,,,,,,,,,,,,,,,,,,,,,,,,,,,,,,,,,,,,,,,,,,,,,,,,,,,,,,,,,,,,,,
2745,105.0,3.0,3.0,180000.0,,,,,,,,,,,Tunis,Qulaylah,Appartement,vente,36.8065,10.1815,1714.2857142857142,35.0,0.0,,,,,,,,,,,,,,,,,,,,,,,,,,,,,,,,,,,,,,,,,,,,,,,,,,,,,,,,,,,,,,,,,,,,,,,,,,,
2746,,5.0,0.0,370000.0,,1.0,,,,,,1.0,,,Tunis,La Soukra,Appartement,vente,36.8065,10.1815,,,0.0,,,,,,,,,,,,,,,,,,,,,,,,,,,,,,,,,,,,,,,,,,,,,,,,,,,,,,,,,,,,,,,,,,,,,,,,,,,
2747,,4.0,,358000.0,1.0,1.0,1.0,1.0,,,1.0,1.0,,,Tunis,Jardin D'El Menzah,Appartement,vente,36.8065,10.1815,,,0.0,,,,,,,,,,,,,,,,,,,,,,,,,,,,,,,,,,,,,,,,,,,,,,,,,,,,,,,,,,,,,,,,,,,,,,,,,,,
2748,40.0,2.0,3.0,,,,,,,,,,,,,,Appartement,vente,,,,20.0,0.0,,,,,,,,,,,,,,,,,,,,,,,,,,,,,,,,,,,,,,,,,,,,,,,,,,,,,,,,,,,,,,,,,,,,,,,,,,,
2749,170.0,4.0,0.0,,,,,,,,,,,,Tunis,Hammamet,Appartement,vente,36.8065,10.1815,,42.5,0.0,,,,,,,,,,,,,,,,,,,,,,,,,,,,,,,,,,,,,,,,,,,,,,,,,,,,,,,,,,,,,,,,,,,,,,,,,,,
2750,97.0,2.0,1.0,,,1.0,1.0,1.0,,,,1.0,,,Tunis,Chotrana,Appartement,vente,36.8065,10.1815,,48.5,0.0,,,,,,,,,,,,,,,,,,,,,,,,,,,,,,,,,,,,,,,,,,,,,,,,,,,,,,,,,,,,,,,,,,,,,,,,,,,
2751,113.0,4.0,1.0,369000.0,,1.0,1.0,1.0,,,,1.0,,,Tunis,Soukra,Appartement,vente,36.8065,10.1815,3265.4867256637167,28.25,0.0,,,,,,,,,,,,,,,,,,,,,,,,,,,,,,,,,,,,,,,,,,,,,,,,,,,,,,,,,,,,,,,,,,,,,,,,,,,
2752,118.0,3.0,,425000.0,1.0,,1.0,1.0,,,,,,,Tunis,Soukra,Appartement,vente,36.8065,10.1815,3601.6949152542375,39.333333333333336,0.0,,,,,,,,,,,,,,,,,,,,,,,,,,,,,,,,,,,,,,,,,,,,,,,,,,,,,,,,,,,,,,,,,,,,,,,,,,,
2753,,,,150000.0,,,,,,,,,,,Tunis,Kelibia,Appartement,vente,36.8065,10.1815,,,0.0,,,,,,,,,,,,,,,,,,,,,,,,,,,,,,,,,,,,,,,,,,,,,,,,,,,,,,,,,,,,,,,,,,,,,,,,,,,
2754,,,,,,,,,,,,,,,Tunis,Carthage,Appartement,vente,36.8065,10.1815,,,0.0,,,,,,,,,,,,,,,,,,,,,,,,,,,,,,,,,,,,,,,,,,,,,,,,,,,,,,,,,,,,,,,,,,,,,,,,,,,
2755,90.0,3.0,1.0,,,,,,,,,,,,,Cité El Wafa Mrezga,Appartement,vente,,,,30.0,0.0,,,,,,,,,,,,,,,,,,,,,,,,,,,,,,,,,,,,,,,,,,,,,,,,,,,,,,,,,,,,,,,,,,,,,,,,,,,
2756,151.0,4.0,1.0,150000.0,1.0,1.0,1.0,1.0,,1.0,1.0,1.0,,1.0,Tunis,Carthage,Appartement,vente,36.8065,10.1815,993.3774834437086,37.75,1.0,,,,,,,,,,,,,,,,,,,,,,,,,,,,,,,,,,,,,,,,,,,,,,,,,,,,,,,,,,,,,,,,,,,,,,,,,,,
2757,60.0,2.0,,186000.0,,1.0,,,,,,,,,,L'Aouina,Appartement,vente,,,3100.0,30.0,0.0,,,,,,,,,,,,,,,,,,,,,,,,,,,,,,,,,,,,,,,,,,,,,,,,,,,,,,,,,,,,,,,,,,,,,,,,,,,
2758,,,,,,,,,,,,,,,,Cité El Wafa Mrezga,Appartement,vente,,,,,0.0,,,,,,,,,,,,,,,,,,,,,,,,,,,,,,,,,,,,,,,,,,,,,,,,,,,,,,,,,,,,,,,,,,,,,,,,,,,
2759,94.0,5.0,,376846.0,1.0,,1.0,1.0,,,1.0,1.0,1.0,1.0,Tunis,Carthage,Appartement,vente,36.8065,10.1815,4009.0,18.8,0.0,,,,,,,,,,,,,,,,,,,,,,,,,,,,,,,,,,,,,,,,,,,,,,,,,,,,,,,,,,,,,,,,,,,,,,,,,,,
2760,,2.0,,216000.0,,,1.0,1.0,,,,1.0,,,Tunis,Soukra,Appartement,vente,36.8065,10.1815,,,0.0,,,,,,,,,,,,,,,,,,,,,,,,,,,,,,,,,,,,,,,,,,,,,,,,,,,,,,,,,,,,,,,,,,,,,,,,,,,
2761,170.0,4.0,,475000.0,,1.0,1.0,1.0,,,,,,1.0,,Cité El Wafa,Appartement,vente,,,2794.1176470588234,42.5,0.0,,,,,,,,,,,,,,,,,,,,,,,,,,,,,,,,,,,,,,,,,,,,,,,,,,,,,,,,,,,,,,,,,,,,,,,,,,,
2762,,,2.0,,1.0,,,0.0,0.0,,0.0,,0.0,0.0,,الناصرى,Appartement,vente,,,,,2.0,,,,,,,,,,,,,,,,,,,,,,,,,,,,,,,,,,,,,,,,,,,,,,,,,,,,,,,,,,,,,,,,,,,,,,,,,,,
2763,,,,,1.0,,,,,,,,,,,,Appartement,vente,,,,,0.0,,,,,,,,,,,,,,,,,,,,,,,,,,,,,,,,,,,,,,,,,,,,,,,,,,,,,,,,,,,,,,,,,,,,,,,,,,,
2764,120.0,2.0,0.0,400000.0,,,,,,,,,,1.0,Tunis,Carthage,Appartement,vente,36.8065,10.1815,3333.3333333333335,60.0,0.0,,,,,,,,,,,,,,,,,,,,,,,,,,,,,,,,,,,,,,,,,,,,,,,,,,,,,,,,,,,,,,,,,,,,,,,,,,,
2765,40.0,1.0,,,,1.0,,1.0,,,,,1.0,,Sousse,Akouda,Appartement,vente,35.8245,10.6346,,40.0,0.0,,,,,,,,,,,,,,,,,,,,,,,,,,,,,,,,,,,,,,,,,,,,-0.014627112,0.033390388,0.12142567,0.06183851,-0.038695812,0.026355505,0.11024155,0.019498855,-0.078787476,-0.013018951,0.034545533,-0.033159878,-0.058564175,-0.053358253,0.0009108147,0.05123675,-0.0018457269,-0.10994881,-0.04603616,-0.036312234,0.10190484,0.0040830676,0.09565103,0.03830236,0.0011973269,0.003407176,-0.050246537,0.012921121,-0.014675379,-0.0023293097,-0.00045092226,0.022439359
2766,40.0,1.0,,,,,,,,,,,1.0,,Tunis,Chott Mariem,Appartement,vente,36.8065,10.1815,,40.0,0.0,,,,,,,,,,,,,,,,,,,,,,,,,,,,,,,,,,,,,,,,,,,,,,,,,,,,,,,,,,,,,,,,,,,,,,,,,,,
2767,104.0,2.0,3.0,240000.0,,,,,,,,,,,,Ezahra Hammem El Ghzez,Appartement,vente,,,2307.6923076923076,52.0,0.0,,,,,,,,,,,,,,,,,,,,,,,,,,,,,,,,,,,,,,,,,,,,,,,,,,,,,,,,,,,,,,,,,,,,,,,,,,,
2768,136.0,4.0,,430000.0,,1.0,1.0,1.0,,,,1.0,,,Tunis,Soukra,Appartement,vente,36.8065,10.1815,3161.764705882353,34.0,0.0,,,,,,,,,,,,,,,,,,,,,,,,,,,,,,,,,,,,,,,,,,,,,,,,,,,,,,,,,,,,,,,,,,,,,,,,,,,
2769,90.0,3.0,2.0,500000.0,,1.0,,,,,,,,1.0,,,Appartement,vente,,,5555.555555555556,30.0,0.0,,,,,,,,,,,,,,,,,,,,,,,,,,,,,,,,,,,,,,,,,,,,,,,,,,,,,,,,,,,,,,,,,,,,,,,,,,,
2770,100.0,3.0,,,,,,,,,,,,,Tunis,Hammamet Nord,Appartement,vente,36.8065,10.1815,,33.333333333333336,0.0,,,,,,,,,,,,,,,,,,,,,,,,,,,,,,,,,,,,,,,,,,,,,,,,,,,,,,,,,,,,,,,,,,,,,,,,,,,
2771,98.0,3.0,,320000.0,1.0,,1.0,1.0,,,,1.0,,,Tunis,Soukra,Appartement,vente,36.8065,10.1815,3265.3061224489797,32.666666666666664,0.0,,,,,,,,,,,,,,,,,,,,,,,,,,,,,,,,,,,,,,,,,,,,,,,,,,,,,,,,,,,,,,,,,,,,,,,,,,,
2772,,2.0,,90000.0,,,,,,,,,,,Tunis,Hammamet,Appartement,vente,36.8065,10.1815,,,0.0,,,,,,,,,,,,,,,,,,,,,,,,,,,,,,,,,,,,,,,,,,,,,,,,,,,,,,,,,,,,,,,,,,,,,,,,,,,
2773,,3.0,,,,,,,,,,,,,Tunis,Gammarth,Appartement,vente,36.8065,10.1815,,,0.0,,,,,,,,,,,,,,,,,,,,,,,,,,,,,,,,,,,,,,,,,,,,,,,,,,,,,,,,,,,,,,,,,,,,,,,,,,,
2774,128.0,2.0,,320000.0,,,1.0,1.0,,,,1.0,,,,Sahloul,Appartement,vente,,,2500.0,64.0,0.0,,,,,,,,,,,,,,,,,,,,,,,,,,,,,,,,,,,,,,,,,,,,,,,,,,,,,,,,,,,,,,,,,,,,,,,,,,,
2775,41.0,1.0,0.0,150000.0,,,,,,,,1.0,,,Tunis,La Soukra,Appartement,vente,36.8065,10.1815,3658.5365853658536,41.0,0.0,,,,,,,,,,,,,,,,,,,,,,,,,,,,,,,,,,,,,,,,,,,,,,,,,,,,,,,,,,,,,,,,,,,,,,,,,,,
2776,148.0,4.0,,190000.0,,,,,,,,,,,Nabeul,Kelibia,Appartement,vente,36.4561,10.7376,1283.7837837837837,37.0,0.0,,,,,,,,,,,,,,,,,,,,,,,,,,,,,,,,,,,,,,,,,,,,,,,,,,,,,,,,,,,,,,,,,,,,,,,,,,,
2777,91.0,3.0,,,,1.0,,,,,,,,,,Cité El Merdes,Appartement,vente,,,,30.333333333333332,0.0,,,,,,,,,,,,,,,,,,,,,,,,,,,,,,,,,,,,,,,,,,,,,,,,,,,,,,,,,,,,,,,,,,,,,,,,,,,
2778,150.0,2.0,,500000.0,1.0,1.0,,,,,,,,,Tunis,Carthage,Appartement,vente,36.8065,10.1815,3333.3333333333335,75.0,0.0,,,,,,,,,,,,,,,,,,,,,,,,,,,,,,,,,,,,,,,,,,,,,,,,,,,,,,,,,,,,,,,,,,,,,,,,,,,
2779,,3.0,,260000.0,,,,,,,,,,,Tunis,Kelibia,Appartement,vente,36.8065,10.1815,,,0.0,,,,,,,,,,,,,,,,,,,,,,,,,,,,,,,,,,,,,,,,,,,,,,,,,,,,,,,,,,,,,,,,,,,,,,,,,,,
2780,151.0,4.0,,350000.0,,,1.0,,,,,1.0,,,Tunis,Hammamet,Appartement,vente,36.8065,10.1815,2317.880794701987,37.75,0.0,,,,,,,,,,,,,,,,,,,,,,,,,,,,,,,,,,,,,,,,,,,,,,,,,,,,,,,,,,,,,,,,,,,,,,,,,,,
2781,,,,185000.0,,,,,,,,,,,,,Appartement,vente,,,,,0.0,,,,,,,,,,,,,,,,,,,,,,,,,,,,,,,,,,,,,,,,,,,,,,,,,,,,,,,,,,,,,,,,,,,,,,,,,,,
2782,100.0,3.0,,680000.0,,,,,,,,,,,Tunis,Carthage,Appartement,vente,36.8065,10.1815,6800.0,33.333333333333336,0.0,,,,,,,,,,,,,,,,,,,,,,,,,,,,,,,,,,,,,,,,,,,,,,,,,,,,,,,,,,,,,,,,,,,,,,,,,,,
2783,87.0,3.0,,192000.0,,1.0,,,,,,,,,Monastir,El-Agba,Appartement,vente,35.7643,10.8113,2206.896551724138,29.0,0.0,,,,,,,,,,,,,,,,,,,,,,,,,,,,,,,,,,,,,,,,,,,,,,,,,,,,,,,,,,,,,,,,,,,,,,,,,,,
2784,67.0,2.0,,300000.0,1.0,,,1.0,,,,,1.0,,,Cité El Wafa Mrezga,Appartement,vente,,,4477.611940298508,33.5,0.0,,,,,,,,,,,,,,,,,,,,,,,,,,,,,,,,,,,,,,,,,,,,,,,,,,,,,,,,,,,,,,,,,,,,,,,,,,,
2785,200.0,,,98000.0,,,,,,,,,,,Tunis,Kelibia,Appartement,vente,36.8065,10.1815,490.0,,0.0,,,,,,,,,,,,,,,,,,,,,,,,,,,,,,,,,,,,,,,,,,,,,,,,,,,,,,,,,,,,,,,,,,,,,,,,,,,
2786,90.0,3.0,,180000.0,,,,,,,,,,,Tunis,Carthage,Appartement,vente,36.8065,10.1815,2000.0,30.0,0.0,,,,,,,,,,,,,,,,,,,,,,,,,,,,,,,,,,,,,,,,,,,,,,,,,,,,,,,,,,,,,,,,,,,,,,,,,,,
2787,130.0,4.0,3.0,280000.0,1.0,1.0,1.0,1.0,,,,1.0,,,Tunis,Cité Olympique,Appartement,vente,36.8065,10.1815,2153.846153846154,32.5,3.0,,,,,,,,,,,,,,,,,,,,,,,,,,,,,,,,,,,,,,,,,,,,,,,,,,,,,,,,,,,,,,,,,,,,,,,,,,,
2788,82.0,2.0,,320000.0,,,,,,,1.0,,1.0,,Tunis,Hammamet Nord,Appartement,vente,36.8065,10.1815,3902.439024390244,41.0,0.0,,,,,,,,,,,,,,,,,,,,,,,,,,,,,,,,,,,,,,,,,,,,,,,,,,,,,,,,,,,,,,,,,,,,,,,,,,,
2789,,,,150000.0,,,,,,,,,,,,Cité El Merdes,Appartement,vente,,,,,0.0,,,,,,,,,,,,,,,,,,,,,,,,,,,,,,,,,,,,,,,,,,,,,,,,,,,,,,,,,,,,,,,,,,,,,,,,,,,
2790,130.0,4.0,,480000.0,1.0,,1.0,1.0,,,,1.0,,1.0,Tunis,Chotrana,Appartement,vente,36.8065,10.1815,3692.3076923076924,32.5,0.0,,,,,,,,,,,,,,,,,,,,,,,,,,,,,,,,,,,,,,,,,,,,,,,,,,,,,,,,,,,,,,,,,,,,,,,,,,,
2791,65.0,,0.0,308000.0,,,,,,,1.0,,,,Tunis,La Soukra,Appartement,vente,36.8065,10.1815,4738.461538461538,,0.0,,,,,,,,,,,,,,,,,,,,,,,,,,,,,,,,,,,,,,,,,,,,,,,,,,,,,,,,,,,,,,,,,,,,,,,,,,,
2792,105.0,2.0,,300000.0,,1.0,,,,,,,,,Ariana,Ennasr,Appartement,vente,36.8625,10.1956,2857.1428571428573,52.5,0.0,,,,,,,,,,,,,,,,,,,,,,,,,,,,,,,,,,,,,,,,,,,,,,,,,,,,,,,,,,,,,,,,,,,,,,,,,,,
2793,74.0,,,560000.0,,,,,,,,,,,Tunis,La Soukra,Appartement,vente,36.8065,10.1815,7567.5675675675675,,0.0,,,,,,,,,,,,,,,,,,,,,,,,,,,,,,,,,,,,,,,,,,,,,,,,,,,,,,,,,,,,,,,,,,,,,,,,,,,
2794,106.0,3.0,,250000.0,,,,,,,,,,,Tunis,Hammamet,Appartement,vente,36.8065,10.1815,2358.490566037736,35.333333333333336,0.0,,,,,,,,,,,,,,,,,,,,,,,,,,,,,,,,,,,,,,,,,,,,,,,,,,,,,,,,,,,,,,,,,,,,,,,,,,,
2795,93.0,,3.0,380000.0,,,,,,,,,,,Tunis,La Soukra,Appartement,vente,36.8065,10.1815,4086.021505376344,,0.0,,,,,,,,,,,,,,,,,,,,,,,,,,,,,,,,,,,,,,,,,,,,,,,,,,,,,,,,,,,,,,,,,,,,,,,,,,,
2796,66.0,,5.0,235000.0,,,,,,,,,,1.0,Tunis,La Soukra,Appartement,vente,36.8065,10.1815,3560.6060606060605,,0.0,,,,,,,,,,,,,,,,,,,,,,,,,,,,,,,,,,,,,,,,,,,,,,,,,,,,,,,,,,,,,,,,,,,,,,,,,,,
2797,,2.0,,300000.0,1.0,,,,,1.0,1.0,1.0,,1.0,Tunis,La Soukra,Appartement,vente,36.8065,10.1815,,,0.0,,,,,,,,,,,,,,,,,,,,,,,,,,,,,,,,,,,,,,,,,,,,,,,,,,,,,,,,,,,,,,,,,,,,,,,,,,,
2798,113.0,3.0,,,,,,,,,,1.0,,,Tunis,Nabeul,Appartement,vente,36.8065,10.1815,,37.666666666666664,0.0,,,,,,,,,,,,,,,,,,,,,,,,,,,,,,,,,,,,,,,,,,,,,,,,,,,,,,,,,,,,,,,,,,,,,,,,,,,
2799,,,,,1.0,,,,,1.0,,1.0,,,Tunis,Soukra,Appartement,vente,36.8065,10.1815,,,0.0,,,,,,,,,,,,,,,,,,,,,,,,,,,,,,,,,,,,,,,,,,,,,,,,,,,,,,,,,,,,,,,,,,,,,,,,,,,
2800,,,,340000.0,,,,,,,,,,,Tunis,Nabeul,Appartement,vente,36.8065,10.1815,,,0.0,,,,,,,,,,,,,,,,,,,,,,,,,,,,,,,,,,,,,,,,,,,,,,,,,,,,,,,,,,,,,,,,,,,,,,,,,,,
2801,40.0,1.0,,,,,,,,,,,,,Tunis,Carthage,Appartement,vente,36.8065,10.1815,,40.0,0.0,,,,,,,,,,,,,,,,,,,,,,,,,,,,,,,,,,,,,,,,,,,,,,,,,,,,,,,,,,,,,,,,,,,,,,,,,,,
2802,125.0,,,125000.0,,,,,,,,,,,Tunis,Hamem Laghzez,Appartement,vente,36.8065,10.1815,1000.0,,0.0,,,,,,,,,,,,,,,,,,,,,,,,,,,,,,,,,,,,,,,,,,,,,,,,,,,,,,,,,,,,,,,,,,,,,,,,,,,
2803,85.0,3.0,,250000.0,,,,,,,,1.0,,,Tunis,Hammamet,Appartement,vente,36.8065,10.1815,2941.176470588235,28.333333333333332,0.0,,,,,,,,,,,,,,,,,,,,,,,,,,,,,,,,,,,,,,,,,,,,,,,,,,,,,,,,,,,,,,,,,,,,,,,,,,,
2804,,,,,0.0,,,0.0,1.0,,0.0,,0.0,0.0,Tunis,Hammamet Nord,Appartement,vente,36.8065,10.1815,,,0.0,,,,,,,,,,,,,,,,,,,,,,,,,,,,,,,,,,,,,,,,,,,,,,,,,,,,,,,,,,,,,,,,,,,,,,,,,,,
2805,113.0,,,350300.0,,1.0,1.0,1.0,,,,1.0,,,Tunis,Soukra,Appartement,vente,36.8065,10.1815,3100.0,,0.0,,,,,,,,,,,,,,,,,,,,,,,,,,,,,,,,,,,,,,,,,,,,,,,,,,,,,,,,,,,,,,,,,,,,,,,,,,,
2806,220.0,,,650000.0,,,,,,,,,,,,,Appartement,vente,,,2954.5454545454545,,0.0,,,,,,,,,,,,,,,,,,,,,,,,,,,,,,,,,,,,,,,,,,,,,,,,,,,,,,,,,,,,,,,,,,,,,,,,,,,
2807,100.0,2.0,,180000.0,,,,,,,,,,,Tunis,Kélibia,Appartement,vente,36.8065,10.1815,1800.0,50.0,0.0,,,,,,,,,,,,,,,,,,,,,,,,,,,,,,,,,,,,,,,,,,,,,,,,,,,,,,,,,,,,,,,,,,,,,,,,,,,
2808,,2.0,,245000.0,,,,,,,,,,,,,Appartement,vente,,,,,0.0,,,,,,,,,,,,,,,,,,,,,,,,,,,,,,,,,,,,,,,,,,,,,,,,,,,,,,,,,,,,,,,,,,,,,,,,,,,
2809,60.0,2.0,,270000.0,,,1.0,1.0,,,1.0,1.0,,,,Cité El Wafa Mrezga,Appartement,vente,,,4500.0,30.0,0.0,,,,,,,,,,,,,,,,,,,,,,,,,,,,,,,,,,,,,,,,,,,,,,,,,,,,,,,,,,,,,,,,,,,,,,,,,,,
2810,213.0,4.0,0.0,,,,,,,,,,,,Tunis,Hammamet,Appartement,vente,36.8065,10.1815,,53.25,0.0,,,,,,,,,,,,,,,,,,,,,,,,,,,,,,,,,,,,,,,,,,,,,,,,,,,,,,,,,,,,,,,,,,,,,,,,,,,
2811,210.0,5.0,,,,1.0,,,,,1.0,1.0,,,Tunis,Carthage,Appartement,vente,36.8065,10.1815,,42.0,0.0,,,,,,,,,,,,,,,,,,,,,,,,,,,,,,,,,,,,,,,,,,,,,,,,,,,,,,,,,,,,,,,,,,,,,,,,,,,
2812,,,,165000.0,,,,,,,,,,,Tunis,Kelibia,Appartement,vente,36.8065,10.1815,,,0.0,,,,,,,,,,,,,,,,,,,,,,,,,,,,,,,,,,,,,,,,,,,,,,,,,,,,,,,,,,,,,,,,,,,,,,,,,,,
2813,174.0,4.0,0.0,,,,,,,,1.0,1.0,1.0,,Tunis,Laouina,Appartement,vente,36.8065,10.1815,,43.5,0.0,,,,,,,,,,,,,,,,,,,,,,,,,,,,,,,,,,,,,,,,,,,,,,,,,,,,,,,,,,,,,,,,,,,,,,,,,,,
2814,58.0,2.0,1.0,,,,1.0,1.0,,,,1.0,,,Tunis,Carthage,Appartement,vente,36.8065,10.1815,,29.0,0.0,,,,,,,,,,,,,,,,,,,,,,,,,,,,,,,,,,,,,,,,,,,,,,,,,,,,,,,,,,,,,,,,,,,,,,,,,,,
2815,90.0,3.0,,280000.0,,,,,,,,1.0,,,,L'Aouina,Appartement,vente,,,3111.1111111111113,30.0,0.0,,,,,,,,,,,,,,,,,,,,,,,,,,,,,,,,,,,,,,,,,,,,,,,,,,,,,,,,,,,,,,,,,,,,,,,,,,,
2816,110.0,4.0,,330000.0,,,,,,,,,,,Bizerte,Cité El Hana,Appartement,vente,37.2744,9.8739,3000.0,27.5,0.0,,,,,,,,,,,,,,,,,,,,,,,,,,,,,,,,,,,,,,,,,,,,,,,,,,,,,,,,,,,,,,,,,,,,,,,,,,,
2817,,3.0,,,,,,,,,,,,,Manouba,Manouba,Appartement,vente,36.8095,10.098,,,0.0,,,,,,,,,,,,,,,,,,,,,,,,,,,,,,,,,,,,,,,,,,,,,,,,,,,,,,,,,,,,,,,,,,,,,,,,,,,
2818,100.0,,,,,,,,,,,,,,Tunis,Hammamet,Appartement,vente,36.8065,10.1815,,,0.0,,,,,,,,,,,,,,,,,,,,,,,,,,,,,,,,,,,,,,,,,,,,,,,,,,,,,,,,,,,,,,,,,,,,,,,,,,,
2819,,3.0,3.0,150000.0,1.0,1.0,,,,,,1.0,,,Tunis,Carthage,Appartement,vente,36.8065,10.1815,,,3.0,,,,,,,,,,,,,,,,,,,,,,,,,,,,,,,,,,,,,,,,,,,,,,,,,,,,,,,,,,,,,,,,,,,,,,,,,,,
2820,70.0,2.0,,325000.0,,,,,,,1.0,1.0,,,Tunis,Carthage,Appartement,vente,36.8065,10.1815,4642.857142857143,35.0,0.0,,,,,,,,,,,,,,,,,,,,,,,,,,,,,,,,,,,,,,,,,,,,,,,,,,,,,,,,,,,,,,,,,,,,,,,,,,,
2821,90.0,3.0,,,,,,,,,,,,1.0,Tunis,Hammamet Nord,Appartement,vente,36.8065,10.1815,,30.0,0.0,,,,,,,,,,,,,,,,,,,,,,,,,,,,,,,,,,,,,,,,,,,,,,,,,,,,,,,,,,,,,,,,,,,,,,,,,,,
2822,,2.0,,150000.0,,,,,,,,1.0,,,Tunis,Bardo,Appartement,vente,36.8065,10.1815,,,0.0,,,,,,,,,,,,,,,,,,,,,,,,,,,,,,,,,,,,,,,,,,,,,,,,,,,,,,,,,,,,,,,,,,,,,,,,,,,
2823,115.0,,,290000.0,,,1.0,1.0,,,,,,1.0,Tunis,Hammamet Nord,Appartement,vente,36.8065,10.1815,2521.7391304347825,,0.0,,,,,,,,,,,,,,,,,,,,,,,,,,,,,,,,,,,,,,,,,,,,,,,,,,,,,,,,,,,,,,,,,,,,,,,,,,,
2824,100.0,3.0,,250000.0,,,,,,,,,,,Tunis,Kelibia,Appartement,vente,36.8065,10.1815,2500.0,33.333333333333336,0.0,,,,,,,,,,,,,,,,,,,,,,,,,,,,,,,,,,,,,,,,,,,,,,,,,,,,,,,,,,,,,,,,,,,,,,,,,,,
2825,70.0,,,390000.0,,,,,,,,,,,Tunis,Kelibia,Appartement,vente,36.8065,10.1815,5571.428571428572,,0.0,,,,,,,,,,,,,,,,,,,,,,,,,,,,,,,,,,,,,,,,,,,,,,,,,,,,,,,,,,,,,,,,,,,,,,,,,,,
2826,160.0,4.0,,,,,,,,,,,,,,,Appartement,vente,,,,40.0,0.0,,,,,,,,,,,,,,,,,,,,,,,,,,,,,,,,,,,,,,,,,,,,,,,,,,,,,,,,,,,,,,,,,,,,,,,,,,,
2827,116.0,3.0,,350000.0,,,1.0,1.0,,,,1.0,,,,L'Aouina,Appartement,vente,,,3017.2413793103447,38.666666666666664,0.0,,,,,,,,,,,,,,,,,,,,,,,,,,,,,,,,,,,,,,,,,,,,,,,,,,,,,,,,,,,,,,,,,,,,,,,,,,,
2828,104.0,,,160000.0,1.0,,1.0,1.0,,,,1.0,,,Tunis,Morneg,Appartement,vente,36.8065,10.1815,1538.4615384615386,,0.0,,,,,,,,,,,,,,,,,,,,,,,,,,,,,,,,,,,,,,,,,,,,,,,,,,,,,,,,,,,,,,,,,,,,,,,,,,,
2829,153.0,,2.0,475000.0,1.0,1.0,1.0,1.0,1.0,,1.0,1.0,1.0,,Tunis,La Soukra,Appartement,vente,36.8065,10.1815,3104.575163398693,,2.0,,,,,,,,,,,,,,,,,,,,,,,,,,,,,,,,,,,,,,,,,,,,,,,,,,,,,,,,,,,,,,,,,,,,,,,,,,,
2830,140.0,2.0,,30000.0,1.0,,,,,1.0,1.0,1.0,1.0,,Tunis,Carthage,Appartement,vente,36.8065,10.1815,214.28571428571428,70.0,0.0,,,,,,,,,,,,,,,,,,,,,,,,,,,,,,,,,,,,,,,,,,,,0.058289476,-0.20759779,-0.09074232,-0.037065264,0.06535463,-0.124506295,0.04620743,-0.1142064,0.03762928,-0.015499445,-0.006402427,-0.049234223,-0.11371573,-0.10962222,0.049736906,-0.10436584,0.034891114,0.006083988,0.02637928,0.10290414,0.11716441,-0.0073055555,-0.057761688,-0.08393237,0.07590852,0.0804493,-0.0010077602,0.03491876,0.029840697,0.022530822,0.023871258,0.014757259
2831,105.0,2.0,3.0,420000.0,1.0,,,0.0,1.0,,0.0,1.0,0.0,0.0,Tunis,Hammamet,Appartement,vente,36.8065,10.1815,4000.0,52.5,3.0,,,,,,,,,,,,,,,,,,,,,,,,,,,,,,,,,,,,,,,,,,,,,,,,,,,,,,,,,,,,,,,,,,,,,,,,,,,
2832,75.0,2.0,0.0,140000.0,,,1.0,,,,,,,1.0,Tunis,Hammamet Nord,Appartement,vente,36.8065,10.1815,1866.6666666666667,37.5,0.0,,,,,,,,,,,,,,,,,,,,,,,,,,,,,,,,,,,,,,,,,,,,,,,,,,,,,,,,,,,,,,,,,,,,,,,,,,,
2833,80.0,3.0,3.0,140000.0,,,,1.0,,,,,,,Tunis,Hammam Chatt,Appartement,vente,36.8065,10.1815,1750.0,26.666666666666668,0.0,,,,,,,,,,,,,,,,,,,,,,,,,,,,,,,,,,,,,,,,,,,,,,,,,,,,,,,,,,,,,,,,,,,,,,,,,,,
2834,,3.0,,575000.0,,,,,,,1.0,,,,Tunis,Soukra,Appartement,vente,36.8065,10.1815,,,0.0,,,,,,,,,,,,,,,,,,,,,,,,,,,,,,,,,,,,,,,,,,,,,,,,,,,,,,,,,,,,,,,,,,,,,,,,,,,
2835,,3.0,0.0,185000.0,,,,,,,,,,,Nabeul,Kelibia,Appartement,vente,36.4561,10.7376,,,0.0,,,,,,,,,,,,,,,,,,,,,,,,,,,,,,,,,,,,,,,,,,,,,,,,,,,,,,,,,,,,,,,,,,,,,,,,,,,
2836,156.0,4.0,,335000.0,,1.0,1.0,1.0,,,,1.0,,,,L'Aouina,Appartement,vente,,,2147.4358974358975,39.0,0.0,,,,,,,,,,,,,,,,,,,,,,,,,,,,,,,,,,,,,,,,,,,,,,,,,,,,,,,,,,,,,,,,,,,,,,,,,,,
2837,57.0,2.0,,211000.0,,,,,,,,1.0,,,Tunis,Soukra,Appartement,vente,36.8065,10.1815,3701.754385964912,28.5,0.0,,,,,,,,,,,,,,,,,,,,,,,,,,,,,,,,,,,,,,,,,,,,,,,,,,,,,,,,,,,,,,,,,,,,,,,,,,,
2838,,3.0,,250000.0,,,,,,,,,,,Tunis,Soukra,Appartement,vente,36.8065,10.1815,,,0.0,,,,,,,,,,,,,,,,,,,,,,,,,,,,,,,,,,,,,,,,,,,,,,,,,,,,,,,,,,,,,,,,,,,,,,,,,,,
2839,202.0,2.0,0.0,175000.0,,,,,,,1.0,1.0,,1.0,,,Appartement,vente,,,866.3366336633663,101.0,0.0,,,,,,,,,,,,,,,,,,,,,,,,,,,,,,,,,,,,,,,,,,,,,,,,,,,,,,,,,,,,,,,,,,,,,,,,,,,
2840,,3.0,,255000.0,,,,,,,,,,,,,Appartement,vente,,,,,0.0,,,,,,,,,,,,,,,,,,,,,,,,,,,,,,,,,,,,,,,,,,,,,,,,,,,,,,,,,,,,,,,,,,,,,,,,,,,
2841,75.0,2.0,0.0,200000.0,,,,,,,,,,,Tunis,Hammamet,Appartement,vente,36.8065,10.1815,2666.6666666666665,37.5,0.0,,,,,,,,,,,,,,,,,,,,,,,,,,,,,,,,,,,,,,,,,,,,,,,,,,,,,,,,,,,,,,,,,,,,,,,,,,,
2842,55.0,2.0,0.0,230000.0,,,,,,,1.0,,,,Tunis,Hammamet,Appartement,vente,36.8065,10.1815,4181.818181818182,27.5,0.0,,,,,,,,,,,,,,,,,,,,,,,,,,,,,,,,,,,,,,,,,,,,,,,,,,,,,,,,,,,,,,,,,,,,,,,,,,,
2843,115.0,,1.0,295000.0,,1.0,,,,,,,1.0,,Tunis,Carthage,Appartement,vente,36.8065,10.1815,2565.217391304348,,0.0,,,,,,,,,,,,,,,,,,,,,,,,,,,,,,,,,,,,,,,,,,,,,,,,,,,,,,,,,,,,,,,,,,,,,,,,,,,
2844,56.0,,,200000.0,,,,,,,,,,1.0,Tunis,Khzema,Appartement,vente,36.8065,10.1815,3571.4285714285716,,0.0,,,,,,,,,,,,,,,,,,,,,,,,,,,,,,,,,,,,,,,,,,,,,,,,,,,,,,,,,,,,,,,,,,,,,,,,,,,
2845,72.0,2.0,,,,,,,,1.0,,,,,Tunis,Laouina,Appartement,vente,36.8065,10.1815,,36.0,0.0,,,,,,,,,,,,,,,,,,,,,,,,,,,,,,,,,,,,,,,,,,,,,,,,,,,,,,,,,,,,,,,,,,,,,,,,,,,
2846,,3.0,,230000.0,,,,,,,,,,,Tunis,Hammamet,Appartement,vente,36.8065,10.1815,,,0.0,,,,,,,,,,,,,,,,,,,,,,,,,,,,,,,,,,,,,,,,,,,,,,,,,,,,,,,,,,,,,,,,,,,,,,,,,,,
2847,90.0,3.0,,190000.0,,,,,1.0,,,,,,Bizerte,Belvédère,Appartement,vente,37.2744,9.8739,2111.1111111111113,30.0,0.0,,,,,,,,,,,,,,,,,,,,,,,,,,,,,,,,,,,,,,,,,,,,,,,,,,,,,,,,,,,,,,,,,,,,,,,,,,,
2848,,3.0,1.0,180000.0,1.0,,,,,,,,,,,,Appartement,vente,,,,,1.0,,,,,,,,,,,,,,,,,,,,,,,,,,,,,,,,,,,,,,,,,,,,,,,,,,,,,,,,,,,,,,,,,,,,,,,,,,,
2849,100.0,,,245000.0,,1.0,,1.0,,,,1.0,,,Tunis,Menzah,Appartement,vente,36.8065,10.1815,2450.0,,0.0,,,,,,,,,,,,,,,,,,,,,,,,,,,,,,,,,,,,,,,,,,,,,,,,,,,,,,,,,,,,,,,,,,,,,,,,,,,
2850,80.0,2.0,2.0,130000.0,,1.0,1.0,,,,,,,,Tunis,Hammamet Nord,Appartement,vente,36.8065,10.1815,1625.0,40.0,0.0,,,,,,,,,,,,,,,,,,,,,,,,,,,,,,,,,,,,,,,,,,,,,,,,,,,,,,,,,,,,,,,,,,,,,,,,,,,
2851,144.0,5.0,,380000.0,1.0,1.0,1.0,1.0,,,,1.0,,,Ben Arous,Ezzahra,Appartement,vente,36.753,10.228,2638.8888888888887,28.8,0.0,,,,,,,,,,,,,,,,,,,,,,,,,,,,,,,,,,,,,,,,,,,,,,,,,,,,,,,,,,,,,,,,,,,,,,,,,,,
2852,117.0,3.0,6.0,180000.0,,,,,,,,,,,Tunis,Nkhilette,Appartement,vente,36.8065,10.1815,1538.4615384615386,39.0,0.0,,,,,,,,,,,,,,,,,,,,,,,,,,,,,,,,,,,,,,,,,,,,,,,,,,,,,,,,,,,,,,,,,,,,,,,,,,,
2853,,,,,,,,1.0,,,,1.0,,,Tunis,Hammamet,Appartement,vente,36.8065,10.1815,,,0.0,,,,,,,,,,,,,,,,,,,,,,,,,,,,,,,,,,,,,,,,,,,,,,,,,,,,,,,,,,,,,,,,,,,,,,,,,,,
2854,113.0,3.0,,325000.0,,1.0,1.0,1.0,,,,1.0,,,Tunis,Ain Zaghouan,Appartement,vente,36.8065,10.1815,2876.1061946902655,37.666666666666664,0.0,,,,,,,,,,,,,,,,,,,,,,,,,,,,,,,,,,,,,,,,,,,,,,,,,,,,,,,,,,,,,,,,,,,,,,,,,,,
2855,107.0,4.0,2.0,,,,,,,1.0,1.0,1.0,,,Tunis,Marsa,Appartement,vente,36.8065,10.1815,,26.75,0.0,,,,,,,,,,,,,,,,,,,,,,,,,,,,,,,,,,,,,,,,,,,,,,,,,,,,,,,,,,,,,,,,,,,,,,,,,,,
2856,,2.0,,,,,,,,,,1.0,,,Manouba,Manouba,Appartement,vente,36.8095,10.098,,,0.0,,,,,,,,,,,,,,,,,,,,,,,,,,,,,,,,,,,,,,,,,,,,,,,,,,,,,,,,,,,,,,,,,,,,,,,,,,,
2857,160.0,4.0,,,,,,,,,,,,,,,Appartement,vente,,,,40.0,0.0,,,,,,,,,,,,,,,,,,,,,,,,,,,,,,,,,,,,,,,,,,,,,,,,,,,,,,,,,,,,,,,,,,,,,,,,,,,
2858,,2.0,5.0,205000.0,1.0,,,,,,,1.0,,,,L'Aouina,Appartement,vente,,,,,5.0,,,,,,,,,,,,,,,,,,,,,,,,,,,,,,,,,,,,,,,,,,,,,,,,,,,,,,,,,,,,,,,,,,,,,,,,,,,
2859,110.0,3.0,,240000.0,1.0,,,,,,,1.0,,,,,Appartement,vente,,,2181.818181818182,36.666666666666664,0.0,,,,,,,,,,,,,,,,,,,,,,,,,,,,,,,,,,,,,,,,,,,,,,,,,,,,,,,,,,,,,,,,,,,,,,,,,,,
2860,,3.0,,215000.0,0.0,,,0.0,0.0,,0.0,,0.0,0.0,,Nouvelle Médina,Appartement,vente,,,,,0.0,,,,,,,,,,,,,,,,,,,,,,,,,,,,,,,,,,,,,,,,,,,,,,,,,,,,,,,,,,,,,,,,,,,,,,,,,,,
2861,75.0,3.0,,80000.0,,,,,,,,,,,,Baraket Essahel,Appartement,vente,,,1066.6666666666667,25.0,0.0,,,,,,,,,,,,,,,,,,,,,,,,,,,,,,,,,,,,,,,,,,,,,,,,,,,,,,,,,,,,,,,,,,,,,,,,,,,
2862,,3.0,,215000.0,,,,,,,,,,,,,Appartement,vente,,,,,0.0,,,,,,,,,,,,,,,,,,,,,,,,,,,,,,,,,,,,,,,,,,,,,,,,,,,,,,,,,,,,,,,,,,,,,,,,,,,
2863,,3.0,,215000.0,,,,,,,,,,,,,Appartement,vente,,,,,0.0,,,,,,,,,,,,,,,,,,,,,,,,,,,,,,,,,,,,,,,,,,,,,,,,,,,,,,,,,,,,,,,,,,,,,,,,,,,
2864,,,,,,,,,,,,,,,Tunis,Kélibia,Appartement,vente,36.8065,10.1815,,,0.0,,,,,,,,,,,,,,,,,,,,,,,,,,,,,,,,,,,,,,,,,,,,,,,,,,,,,,,,,,,,,,,,,,,,,,,,,,,
2865,,,,165000.0,,,,,,,,,,,,Cité El Merdes,Appartement,vente,,,,,0.0,,,,,,,,,,,,,,,,,,,,,,,,,,,,,,,,,,,,,,,,,,,,,,,,,,,,,,,,,,,,,,,,,,,,,,,,,,,
2866,124.0,3.0,,320000.0,,,,,,,,1.0,1.0,,Tunis,Chott Mariem,Appartement,vente,36.8065,10.1815,2580.6451612903224,41.333333333333336,0.0,,,,,,,,,,,,,,,,,,,,,,,,,,,,,,,,,,,,,,,,,,,,,,,,,,,,,,,,,,,,,,,,,,,,,,,,,,,
2867,125.0,4.0,,200000.0,,,,,,,,,,,Tunis,Kelibia,Appartement,vente,36.8065,10.1815,1600.0,31.25,0.0,,,,,,,,,,,,,,,,,,,,,,,,,,,,,,,,,,,,,,,,,,,,-0.09730305,-0.077615954,-0.05346601,-0.0026912917,-0.08404314,-0.17916566,-0.09859481,-0.19721639,0.022372186,-0.10437539,-0.20891187,-0.02975864,0.0318243,-0.031195376,-0.019908886,0.07689186,-0.05204622,0.053570375,-0.06869272,-0.08652795,0.0033715323,0.017028809,-0.04961958,0.021929583,-0.028340923,-0.09433258,0.04094609,0.039262723,-0.008265005,0.05774135,-0.024643121,-0.030725332
2868,150.0,1.0,,,,,1.0,,,,,,,,,Ariana Essoghra,Appartement,vente,,,,150.0,0.0,,,,,,,,,,,,,,,,,,,,,,,,,,,,,,,,,,,,,,,,,,,,,,,,,,,,,,,,,,,,,,,,,,,,,,,,,,,
2869,59.0,2.0,4.0,180000.0,,1.0,1.0,1.0,,,,1.0,,,Tunis,Riadh El Andalous,Appartement,vente,36.8065,10.1815,3050.8474576271187,29.5,0.0,,,,,,,,,,,,,,,,,,,,,,,,,,,,,,,,,,,,,,,,,,,,,,,,,,,,,,,,,,,,,,,,,,,,,,,,,,,
2870,60.0,2.0,,187000.0,,,,,,,,,,,,L'Aouina,Appartement,vente,,,3116.6666666666665,30.0,0.0,,,,,,,,,,,,,,,,,,,,,,,,,,,,,,,,,,,,,,,,,,,,,,,,,,,,,,,,,,,,,,,,,,,,,,,,,,,
2871,,2.0,,175000.0,,,,,,,,,,,,L'Aouina,Appartement,vente,,,,,0.0,,,,,,,,,,,,,,,,,,,,,,,,,,,,,,,,,,,,,,,,,,,,,,,,,,,,,,,,,,,,,,,,,,,,,,,,,,,
2872,127.0,3.0,,,,,,,,,,,,,Tunis,Hammamet,Appartement,vente,36.8065,10.1815,,42.333333333333336,0.0,,,,,,,,,,,,,,,,,,,,,,,,,,,,,,,,,,,,,,,,,,,,,,,,,,,,,,,,,,,,,,,,,,,,,,,,,,,
2873,88.0,2.0,0.0,,1.0,,,,,,1.0,1.0,,,Tunis,Carthage,Appartement,vente,36.8065,10.1815,,44.0,0.0,,,,,,,,,,,,,,,,,,,,,,,,,,,,,,,,,,,,,,,,,,,,,,,,,,,,,,,,,,,,,,,,,,,,,,,,,,,
2874,,2.0,,220000.0,,,,,,,,,,,Tunis,Hammamet,Appartement,vente,36.8065,10.1815,,,0.0,,,,,,,,,,,,,,,,,,,,,,,,,,,,,,,,,,,,,,,,,,,,,,,,,,,,,,,,,,,,,,,,,,,,,,,,,,,
2875,116.0,3.0,2.0,,1.0,1.0,1.0,1.0,,,,1.0,,,Tunis,Boumhal Ben Arous,Appartement,vente,36.8065,10.1815,,38.666666666666664,2.0,,,,,,,,,,,,,,,,,,,,,,,,,,,,,,,,,,,,,,,,,,,,,,,,,,,,,,,,,,,,,,,,,,,,,,,,,,,
2876,115.0,3.0,,650000.0,,1.0,1.0,1.0,,1.0,,1.0,,,Tunis,Gammarth,Appartement,vente,36.8065,10.1815,5652.173913043478,38.333333333333336,0.0,,,,,,,,,,,,,,,,,,,,,,,,,,,,,,,,,,,,,,,,,,,,,,,,,,,,,,,,,,,,,,,,,,,,,,,,,,,
2877,228.0,,,250000.0,,,,,,,,,,,Sousse,Akouda,Appartement,vente,35.8245,10.6346,1096.4912280701753,,0.0,,,,,,,,,,,,,,,,,,,,,,,,,,,,,,,,,,,,,,,,,,,,,,,,,,,,,,,,,,,,,,,,,,,,,,,,,,,
2878,70.0,3.0,0.0,,,,,,,,,,,,Tunis,Hammamet,Appartement,vente,36.8065,10.1815,,23.333333333333332,0.0,,,,,,,,,,,,,,,,,,,,,,,,,,,,,,,,,,,,,,,,,,,,,,,,,,,,,,,,,,,,,,,,,,,,,,,,,,,
2879,130.0,,,340000.0,,1.0,1.0,1.0,,,,1.0,,,,,Appartement,vente,,,2615.3846153846152,,0.0,,,,,,,,,,,,,,,,,,,,,,,,,,,,,,,,,,,,,,,,,,,,-0.24309649,0.21060763,-0.038451895,0.0735063,0.0071029817,0.0065107504,-0.12810698,-0.05148305,-0.06425741,-0.023221593,-0.012102735,-0.020769104,0.04620675,0.008904828,0.05107519,-0.08500311,-0.0001526054,0.043482646,-0.020113654,-0.034476366,-0.052010678,-0.021941112,-0.018559473,0.05709721,-0.029037388,-0.019703625,-0.0006709547,0.041115414,-0.009189545,0.009951717,-0.009733003,0.018206937
2880,70.0,2.0,1.0,388864.0,,,1.0,1.0,,,1.0,,,,Tunis,Carthage,Appartement,vente,36.8065,10.1815,5555.2,35.0,0.0,,,,,,,,,,,,,,,,,,,,,,,,,,,,,,,,,,,,,,,,,,,,,,,,,,,,,,,,,,,,,,,,,,,,,,,,,,,
2881,,,,220000.0,,,,,,,,,,,Tunis,Gremda,Appartement,vente,36.8065,10.1815,,,0.0,,,,,,,,,,,,,,,,,,,,,,,,,,,,,,,,,,,,,,,,,,,,,,,,,,,,,,,,,,,,,,,,,,,,,,,,,,,
2882,160.0,4.0,,,,,,,,,,,,,,,Appartement,vente,,,,40.0,0.0,,,,,,,,,,,,,,,,,,,,,,,,,,,,,,,,,,,,,,,,,,,,,,,,,,,,,,,,,,,,,,,,,,,,,,,,,,,
2883,105.0,,,300000.0,,,,,,,,,,,Tunis,Hammamet,Appartement,vente,36.8065,10.1815,2857.1428571428573,,0.0,,,,,,,,,,,,,,,,,,,,,,,,,,,,,,,,,,,,,,,,,,,,0.53064626,0.10561897,0.024719741,0.1433033,-0.0926295,0.0017422502,-0.08665148,0.07095127,0.010720159,0.0061413096,-0.064725414,0.017904533,-0.120125845,0.041180104,-0.009885205,-0.020579858,0.0012006386,-0.007590092,-0.050506007,0.04426082,-0.014957226,-0.024952,-9.059103e-05,-0.026176114,-0.025158286,-0.0103355525,-0.020704111,0.019719902,0.02389398,0.005356363,0.046437655,-0.006411986
2884,112.0,3.0,,335000.0,,1.0,1.0,1.0,,,,1.0,,,Tunis,Soukra,Appartement,vente,36.8065,10.1815,2991.0714285714284,37.333333333333336,0.0,,,,,,,,,,,,,,,,,,,,,,,,,,,,,,,,,,,,,,,,,,,,,,,,,,,,,,,,,,,,,,,,,,,,,,,,,,,
2885,160.0,4.0,,,,,,,,,,,,,,,Appartement,vente,,,,40.0,0.0,,,,,,,,,,,,,,,,,,,,,,,,,,,,,,,,,,,,,,,,,,,,,,,,,,,,,,,,,,,,,,,,,,,,,,,,,,,
2886,195.0,3.0,,,1.0,,1.0,1.0,,,,1.0,,,Sousse,Citer Caserne,Appartement,vente,35.8245,10.6346,,65.0,0.0,,,,,,,,,,,,,,,,,,,,,,,,,,,,,,,,,,,,,,,,,,,,,,,,,,,,,,,,,,,,,,,,,,,,,,,,,,,
2887,72.0,2.0,,,,,,,,1.0,,,,,Tunis,Laouina,Appartement,vente,36.8065,10.1815,,36.0,0.0,,,,,,,,,,,,,,,,,,,,,,,,,,,,,,,,,,,,,,,,,,,,,,,,,,,,,,,,,,,,,,,,,,,,,,,,,,,
2888,85.0,2.0,,178000.0,,,,,,,,,,,Tunis,Hamem Laghzez,Appartement,vente,36.8065,10.1815,2094.1176470588234,42.5,0.0,,,,,,,,,,,,,,,,,,,,,,,,,,,,,,,,,,,,,,,,,,,,,,,,,,,,,,,,,,,,,,,,,,,,,,,,,,,
2889,120.0,,,385000.0,1.0,,,,,,,1.0,,1.0,Tunis,Soukra,Appartement,vente,36.8065,10.1815,3208.3333333333335,,0.0,,,,,,,,,,,,,,,,,,,,,,,,,,,,,,,,,,,,,,,,,,,,,,,,,,,,,,,,,,,,,,,,,,,,,,,,,,,
2890,160.0,3.0,1.0,380000.0,1.0,,1.0,1.0,1.0,,,1.0,1.0,1.0,,Cité El Wafa Mrezga,Appartement,vente,,,2375.0,53.333333333333336,1.0,,,,,,,,,,,,,,,,,,,,,,,,,,,,,,,,,,,,,,,,,,,,,,,,,,,,,,,,,,,,,,,,,,,,,,,,,,,
2891,130.0,3.0,1.0,270000.0,,,,,,,,,,,Tunis,Hammamet,Appartement,vente,36.8065,10.1815,2076.923076923077,43.333333333333336,0.0,,,,,,,,,,,,,,,,,,,,,,,,,,,,,,,,,,,,,,,,,,,,,,,,,,,,,,,,,,,,,,,,,,,,,,,,,,,
2892,120.0,3.0,,150000.0,,,,,,,,,,,,,Appartement,vente,,,1250.0,40.0,0.0,,,,,,,,,,,,,,,,,,,,,,,,,,,,,,,,,,,,,,,,,,,,,,,,,,,,,,,,,,,,,,,,,,,,,,,,,,,
2893,87.0,,0.0,490000.0,,,,,,,1.0,1.0,,,Tunis,Carthage,Appartement,vente,36.8065,10.1815,5632.183908045977,,0.0,,,,,,,,,,,,,,,,,,,,,,,,,,,,,,,,,,,,,,,,,,,,,,,,,,,,,,,,,,,,,,,,,,,,,,,,,,,
2894,,,4.0,398000.0,1.0,,,1.0,,,,,,,Tunis,El Ain,Appartement,vente,36.8065,10.1815,,,4.0,,,,,,,,,,,,,,,,,,,,,,,,,,,,,,,,,,,,,,,,,,,,,,,,,,,,,,,,,,,,,,,,,,,,,,,,,,,
2895,80.0,4.0,,90000.0,1.0,1.0,,,,,,1.0,,,Bizerte,Sahel,Appartement,vente,37.2744,9.8739,1125.0,20.0,0.0,,,,,,,,,,,,,,,,,,,,,,,,,,,,,,,,,,,,,,,,,,,,,,,,,,,,,,,,,,,,,,,,,,,,,,,,,,,
2896,117.0,3.0,6.0,180000.0,,,,,,,,,,,Tunis,Nkhilette,Appartement,vente,36.8065,10.1815,1538.4615384615386,39.0,0.0,,,,,,,,,,,,,,,,,,,,,,,,,,,,,,,,,,,,,,,,,,,,,,,,,,,,,,,,,,,,,,,,,,,,,,,,,,,
2897,213.0,4.0,0.0,,,,,,,,,,,,Tunis,Hammamet,Appartement,vente,36.8065,10.1815,,53.25,0.0,,,,,,,,,,,,,,,,,,,,,,,,,,,,,,,,,,,,,,,,,,,,,,,,,,,,,,,,,,,,,,,,,,,,,,,,,,,
2898,50.0,3.0,,,,,,,,,,,,,Nabeul,Kélibia,Appartement,vente,36.4561,10.7376,,16.666666666666668,0.0,,,,,,,,,,,,,,,,,,,,,,,,,,,,,,,,,,,,,,,,,,,,,,,,,,,,,,,,,,,,,,,,,,,,,,,,,,,
2899,,,,160000.0,,,,,,,,,,,Ben Arous,Ezzahra,Appartement,vente,36.753,10.228,,,0.0,,,,,,,,,,,,,,,,,,,,,,,,,,,,,,,,,,,,,,,,,,,,,,,,,,,,,,,,,,,,,,,,,,,,,,,,,,,
2900,151.0,2.0,0.0,230000.0,,,1.0,1.0,,,1.0,,,,Tunis,Hammamet Nord,Appartement,vente,36.8065,10.1815,1523.1788079470198,75.5,0.0,,,,,,,,,,,,,,,,,,,,,,,,,,,,,,,,,,,,,,,,,,,,,,,,,,,,,,,,,,,,,,,,,,,,,,,,,,,
2901,90.0,3.0,,215000.0,,,,,,,,,,,,,Appartement,vente,,,2388.8888888888887,30.0,0.0,,,,,,,,,,,,,,,,,,,,,,,,,,,,,,,,,,,,,,,,,,,,,,,,,,,,,,,,,,,,,,,,,,,,,,,,,,,
2902,110.0,3.0,0.0,350000.0,,,,,,,,1.0,,,Tunis,Hammamet Nord,Appartement,vente,36.8065,10.1815,3181.818181818182,36.666666666666664,0.0,,,,,,,,,,,,,,,,,,,,,,,,,,,,,,,,,,,,,,,,,,,,,,,,,,,,,,,,,,,,,,,,,,,,,,,,,,,
2903,51.0,2.0,,115000.0,,,,,,,,,,,Tunis,Kelibia,Appartement,vente,36.8065,10.1815,2254.901960784314,25.5,0.0,,,,,,,,,,,,,,,,,,,,,,,,,,,,,,,,,,,,,,,,,,,,,,,,,,,,,,,,,,,,,,,,,,,,,,,,,,,
2904,,3.0,,260000.0,,1.0,,,,,,,,,Tunis,Rades,Appartement,vente,36.8065,10.1815,,,0.0,,,,,,,,,,,,,,,,,,,,,,,,,,,,,,,,,,,,,,,,,,,,,,,,,,,,,,,,,,,,,,,,,,,,,,,,,,,
2905,150.0,,0.0,260000.0,,,,,,,,,,1.0,Tunis,Marsa,Appartement,vente,36.8065,10.1815,1733.3333333333333,,0.0,,,,,,,,,,,,,,,,,,,,,,,,,,,,,,,,,,,,,,,,,,,,,,,,,,,,,,,,,,,,,,,,,,,,,,,,,,,
2906,,3.0,2.0,380000.0,1.0,,,0.0,1.0,,0.0,1.0,0.0,0.0,,,Appartement,vente,,,,,2.0,,,,,,,,,,,,,,,,,,,,,,,,,,,,,,,,,,,,,,,,,,,,,,,,,,,,,,,,,,,,,,,,,,,,,,,,,,,
2907,77.0,2.0,,,1.0,,1.0,1.0,,,,,,1.0,Tunis,Soukra,Appartement,vente,36.8065,10.1815,,38.5,0.0,,,,,,,,,,,,,,,,,,,,,,,,,,,,,,,,,,,,,,,,,,,,,,,,,,,,,,,,,,,,,,,,,,,,,,,,,,,
2908,139.0,3.0,3.0,486500.0,1.0,,1.0,1.0,1.0,1.0,1.0,,,1.0,,Cité Taieb Mhiri,Appartement,vente,,,3500.0,46.333333333333336,3.0,,,,,,,,,,,,,,,,,,,,,,,,,,,,,,,,,,,,,,,,,,,,,,,,,,,,,,,,,,,,,,,,,,,,,,,,,,,
2909,,,,98000.0,,1.0,,,,,,,,,Tunis,Hammamet,Appartement,vente,36.8065,10.1815,,,0.0,,,,,,,,,,,,,,,,,,,,,,,,,,,,,,,,,,,,,,,,,,,,,,,,,,,,,,,,,,,,,,,,,,,,,,,,,,,
2910,119.0,,,245000.0,,1.0,1.0,1.0,,,,1.0,,1.0,Tunis,Hammamet,Appartement,vente,36.8065,10.1815,2058.823529411765,,0.0,,,,,,,,,,,,,,,,,,,,,,,,,,,,,,,,,,,,,,,,,,,,,,,,,,,,,,,,,,,,,,,,,,,,,,,,,,,
2911,,,,235000.0,,,,,,,,1.0,,1.0,Tunis,Nabeul,Appartement,vente,36.8065,10.1815,,,0.0,,,,,,,,,,,,,,,,,,,,,,,,,,,,,,,,,,,,,,,,,,,,,,,,,,,,,,,,,,,,,,,,,,,,,,,,,,,
2912,77.0,1.0,,291100.0,1.0,,1.0,1.0,,1.0,1.0,1.0,,1.0,Tunis,La Soukra,Appartement,vente,36.8065,10.1815,3780.5194805194806,77.0,0.0,,,,,,,,,,,,,,,,,,,,,,,,,,,,,,,,,,,,,,,,,,,,,,,,,,,,,,,,,,,,,,,,,,,,,,,,,,,
2913,,2.0,,360000.0,,1.0,,,,,,,,,Tunis,Ain Zaghouan,Appartement,vente,36.8065,10.1815,,,0.0,,,,,,,,,,,,,,,,,,,,,,,,,,,,,,,,,,,,,,,,,,,,,,,,,,,,,,,,,,,,,,,,,,,,,,,,,,,
2914,59.0,2.0,,255000.0,1.0,,,,,,,,,,,Cité El Wafa Mrezga,Appartement,vente,,,4322.033898305085,29.5,0.0,,,,,,,,,,,,,,,,,,,,,,,,,,,,,,,,,,,,,,,,,,,,,,,,,,,,,,,,,,,,,,,,,,,,,,,,,,,
2915,50.0,2.0,2.0,115000.0,1.0,,,,,,,,,1.0,Tunis,Hammamet Nord,Appartement,vente,36.8065,10.1815,2300.0,25.0,2.0,,,,,,,,,,,,,,,,,,,,,,,,,,,,,,,,,,,,,,,,,,,,,,,,,,,,,,,,,,,,,,,,,,,,,,,,,,,
2916,95.0,2.0,4.0,,,,,,,,,,,,,Ezahra Hammem El Ghzez,Appartement,vente,,,,47.5,0.0,,,,,,,,,,,,,,,,,,,,,,,,,,,,,,,,,,,,,,,,,,,,,,,,,,,,,,,,,,,,,,,,,,,,,,,,,,,
2917,,3.0,,,1.0,,,,,1.0,,1.0,,,Tunis,Skanes Kobba,Appartement,vente,36.8065,10.1815,,,0.0,,,,,,,,,,,,,,,,,,,,,,,,,,,,,,,,,,,,,,,,,,,,-0.07556033,-0.06455701,-0.049304277,-0.110634565,0.028752664,-0.1491832,0.06588013,-0.044413872,0.04354143,0.0416866,-0.0016792555,0.06011411,-0.13122264,-0.13042319,-0.0007505946,-0.034555677,-0.0822394,0.0043261643,0.07116631,-0.018608505,0.06079553,0.033815827,-0.008214755,0.09608936,-0.060176045,0.083361976,-0.06508643,0.061521124,0.030925095,-0.05637776,0.04125179,-0.08730533
2918,,,,350000.0,,1.0,1.0,1.0,,,,,,,,,Appartement,vente,,,,,0.0,,,,,,,,,,,,,,,,,,,,,,,,,,,,,,,,,,,,,,,,,,,,-0.07051908,-0.0070989616,0.073292725,0.05018049,0.049411334,-0.025276894,-0.116784796,-0.09080453,-0.10137309,-0.019342577,0.010850403,0.05662485,-0.034709297,0.02219621,-0.07035191,-0.032443386,0.020414233,0.049720094,0.01681974,0.00244182,0.08693633,-0.004595267,0.032849904,-0.048366617,-0.014071927,-0.01392822,0.0112984935,0.010899722,-0.021909771,-0.028571045,-0.07695882,0.04498441
2919,160.0,4.0,,,,,,,,,,,,,Tunis,Hammamet,Appartement,vente,36.8065,10.1815,,40.0,0.0,,,,,,,,,,,,,,,,,,,,,,,,,,,,,,,,,,,,,,,,,,,,,,,,,,,,,,,,,,,,,,,,,,,,,,,,,,,
2920,,,,,,,,,,,,,,,Tunis,La Marsa,Appartement,vente,36.8065,10.1815,,,0.0,,,,,,,,,,,,,,,,,,,,,,,,,,,,,,,,,,,,,,,,,,,,,,,,,,,,,,,,,,,,,,,,,,,,,,,,,,,
2921,,2.0,1.0,,1.0,,,,,,,,,,Tunis,Paris,Appartement,vente,36.8065,10.1815,,,1.0,,,,,,,,,,,,,,,,,,,,,,,,,,,,,,,,,,,,,,,,,,,,,,,,,,,,,,,,,,,,,,,,,,,,,,,,,,,
2922,,2.0,,,,,,,,,,,,,Tunis,Hammamet,Appartement,vente,36.8065,10.1815,,,0.0,,,,,,,,,,,,,,,,,,,,,,,,,,,,,,,,,,,,,,,,,,,,,,,,,,,,,,,,,,,,,,,,,,,,,,,,,,,
2923,,,,,,,,,,,,1.0,,1.0,,,Appartement,vente,,,,,0.0,,,,,,,,,,,,,,,,,,,,,,,,,,,,,,,,,,,,,,,,,,,,,,,,,,,,,,,,,,,,,,,,,,,,,,,,,,,
2924,,2.0,,170000.0,,,,,,,,,,,Tunis,Carthage,Appartement,vente,36.8065,10.1815,,,0.0,,,,,,,,,,,,,,,,,,,,,,,,,,,,,,,,,,,,,,,,,,,,,,,,,,,,,,,,,,,,,,,,,,,,,,,,,,,
2925,123.0,3.0,3.0,180000.0,,1.0,,,,,,,,,Tunis,Morneg,Appartement,vente,36.8065,10.1815,1463.4146341463415,41.0,0.0,,,,,,,,,,,,,,,,,,,,,,,,,,,,,,,,,,,,,,,,,,,,,,,,,,,,,,,,,,,,,,,,,,,,,,,,,,,
2926,,,,,,,,,,,,,,,Nabeul,Hammamet,Appartement,vente,36.4561,10.7376,,,0.0,,,,,,,,,,,,,,,,,,,,,,,,,,,,,,,,,,,,,,,,,,,,,,,,,,,,,,,,,,,,,,,,,,,,,,,,,,,
2927,71.0,2.0,,340000.0,,1.0,,,,,1.0,1.0,,,Tunis,Carthage,Appartement,vente,36.8065,10.1815,4788.732394366197,35.5,0.0,,,,,,,,,,,,,,,,,,,,,,,,,,,,,,,,,,,,,,,,,,,,,,,,,,,,,,,,,,,,,,,,,,,,,,,,,,,
2928,,,5.0,250000.0,,,,1.0,,,,,,,,,Appartement,vente,,,,,0.0,,,,,,,,,,,,,,,,,,,,,,,,,,,,,,,,,,,,,,,,,,,,,,,,,,,,,,,,,,,,,,,,,,,,,,,,,,,
2929,156.0,3.0,,390000.0,,,,,,,,1.0,,,Ariana,Ennasr,Appartement,vente,36.8625,10.1956,2500.0,52.0,0.0,,,,,,,,,,,,,,,,,,,,,,,,,,,,,,,,,,,,,,,,,,,,,,,,,,,,,,,,,,,,,,,,,,,,,,,,,,,
2930,106.0,3.0,0.0,,,,1.0,,,,,,,,Tunis,Carthage,Appartement,vente,36.8065,10.1815,,35.333333333333336,0.0,,,,,,,,,,,,,,,,,,,,,,,,,,,,,,,,,,,,,,,,,,,,,,,,,,,,,,,,,,,,,,,,,,,,,,,,,,,
2931,140.0,,,,,,,,,,,,,,Tunis,Kelibia,Appartement,vente,36.8065,10.1815,,,0.0,,,,,,,,,,,,,,,,,,,,,,,,,,,,,,,,,,,,,,,,,,,,0.4693692,0.12434855,0.063287236,0.1540861,-0.07999328,0.034758136,-0.015378083,0.1004868,0.041113757,-0.004009752,0.0047141477,0.01852659,-0.050819963,-0.0048223785,0.11221221,-0.06675615,-0.038430035,-0.02630491,-0.055070516,0.059237946,0.010810919,0.071292736,0.020694857,0.038561307,-0.065743186,-0.018113013,-0.00346702,-0.0020841171,0.010039531,0.028220251,-0.02348422,-0.017415432
2932,100.0,3.0,,,,,,,,,,,,,,Cité El Wafa Mrezga,Appartement,vente,,,,33.333333333333336,0.0,,,,,,,,,,,,,,,,,,,,,,,,,,,,,,,,,,,,,,,,,,,,,,,,,,,,,,,,,,,,,,,,,,,,,,,,,,,
2933,235.0,,,216200.0,,,,,,,,,,,Tunis,Ariana Essoghra,Appartement,vente,36.8065,10.1815,920.0,,0.0,,,,,,,,,,,,,,,,,,,,,,,,,,,,,,,,,,,,,,,,,,,,,,,,,,,,,,,,,,,,,,,,,,,,,,,,,,,
2934,85.0,,2.0,160000.0,,,,,,,,,,,Tunis,Hammamet,Appartement,vente,36.8065,10.1815,1882.3529411764705,,0.0,,,,,,,,,,,,,,,,,,,,,,,,,,,,,,,,,,,,,,,,,,,,,,,,,,,,,,,,,,,,,,,,,,,,,,,,,,,
2935,117.0,3.0,6.0,180000.0,,,,,,,,,,,Tunis,Nkhilette,Appartement,vente,36.8065,10.1815,1538.4615384615386,39.0,0.0,,,,,,,,,,,,,,,,,,,,,,,,,,,,,,,,,,,,,,,,,,,,,,,,,,,,,,,,,,,,,,,,,,,,,,,,,,,
2936,,3.0,2.0,270000.0,1.0,1.0,1.0,1.0,,,,,,,Tunis,Menzah,Appartement,vente,36.8065,10.1815,,,2.0,,,,,,,,,,,,,,,,,,,,,,,,,,,,,,,,,,,,,,,,,,,,,,,,,,,,,,,,,,,,,,,,,,,,,,,,,,,
2937,112.0,4.0,3.0,420000.0,1.0,,1.0,,,,,,,,,,Appartement,vente,,,3750.0,28.0,3.0,,,,,,,,,,,,,,,,,,,,,,,,,,,,,,,,,,,,,,,,,,,,,,,,,,,,,,,,,,,,,,,,,,,,,,,,,,,
2938,,,,,,,,,,,,,,,Tunis,Nabeul,Appartement,vente,36.8065,10.1815,,,0.0,,,,,,,,,,,,,,,,,,,,,,,,,,,,,,,,,,,,,,,,,,,,,,,,,,,,,,,,,,,,,,,,,,,,,,,,,,,
2939,160.0,4.0,,,,,,,,,,,,,,,Appartement,vente,,,,40.0,0.0,,,,,,,,,,,,,,,,,,,,,,,,,,,,,,,,,,,,,,,,,,,,,,,,,,,,,,,,,,,,,,,,,,,,,,,,,,,
2940,89.0,2.0,,,,,,,,,,,1.0,,Tunis,Hammamet,Appartement,vente,36.8065,10.1815,,44.5,0.0,,,,,,,,,,,,,,,,,,,,,,,,,,,,,,,,,,,,,,,,,,,,,,,,,,,,,,,,,,,,,,,,,,,,,,,,,,,
2941,220.0,,,125000.0,0.0,,,0.0,0.0,,1.0,,0.0,0.0,Tunis,Hammamet,Appartement,vente,36.8065,10.1815,568.1818181818181,,0.0,,,,,,,,,,,,,,,,,,,,,,,,,,,,,,,,,,,,,,,,,,,,,,,,,,,,,,,,,,,,,,,,,,,,,,,,,,,
2942,60.0,2.0,0.0,230000.0,,,,,,,,1.0,,,Tunis,Ariana Essoghra,Appartement,vente,36.8065,10.1815,3833.3333333333335,30.0,0.0,,,,,,,,,,,,,,,,,,,,,,,,,,,,,,,,,,,,,,,,,,,,,,,,,,,,,,,,,,,,,,,,,,,,,,,,,,,
2943,160.0,,,490000.0,,1.0,,,,,,,,1.0,Tunis,Hammamet,Appartement,vente,36.8065,10.1815,3062.5,,0.0,,,,,,,,,,,,,,,,,,,,,,,,,,,,,,,,,,,,,,,,,,,,,,,,,,,,,,,,,,,,,,,,,,,,,,,,,,,
2944,202.0,2.0,0.0,175000.0,,,,,,,1.0,1.0,,1.0,,,Appartement,vente,,,866.3366336633663,101.0,0.0,,,,,,,,,,,,,,,,,,,,,,,,,,,,,,,,,,,,,,,,,,,,,,,,,,,,,,,,,,,,,,,,,,,,,,,,,,,
2945,86.0,,0.0,180000.0,,,,,,,,,,,Sousse,Sousse,Appartement,vente,35.8245,10.6346,2093.0232558139537,,0.0,,,,,,,,,,,,,,,,,,,,,,,,,,,,,,,,,,,,,,,,,,,,,,,,,,,,,,,,,,,,,,,,,,,,,,,,,,,
2946,105.0,4.0,,145000.0,1.0,,,,,,,,,,Tunis,Carthage,Appartement,vente,36.8065,10.1815,1380.952380952381,26.25,0.0,,,,,,,,,,,,,,,,,,,,,,,,,,,,,,,,,,,,,,,,,,,,0.23746583,-0.010908327,-0.09529227,0.037685458,0.035644222,0.033531774,-0.07218337,0.05184858,0.06871377,0.009382354,-0.03025862,0.012110009,-0.1677435,0.0491587,0.06553931,0.018290376,0.058658715,-0.014247859,-0.023770722,0.109716885,-0.038611826,0.038158935,0.004368904,0.028323406,0.0033216132,-0.112334065,-0.0844613,-0.05004215,0.042064283,0.014115484,-0.022988183,-0.004769798
2947,120.0,3.0,,290000.0,,,,,,,,,,,Tunis,Hammamet,Appartement,vente,36.8065,10.1815,2416.6666666666665,40.0,0.0,,,,,,,,,,,,,,,,,,,,,,,,,,,,,,,,,,,,,,,,,,,,,,,,,,,,,,,,,,,,,,,,,,,,,,,,,,,
2948,,2.0,,250000.0,,,,,,,,,,,Tunis,Laouina,Appartement,vente,36.8065,10.1815,,,0.0,,,,,,,,,,,,,,,,,,,,,,,,,,,,,,,,,,,,,,,,,,,,,,,,,,,,,,,,,,,,,,,,,,,,,,,,,,,
2949,143.0,,0.0,250000.0,,,,,,,,,,,Tunis,Gremda,Appartement,vente,36.8065,10.1815,1748.2517482517483,,0.0,,,,,,,,,,,,,,,,,,,,,,,,,,,,,,,,,,,,,,,,,,,,,,,,,,,,,,,,,,,,,,,,,,,,,,,,,,,
2950,,,,230000.0,,,,,,,,,,,Tunis,Hammamet,Appartement,vente,36.8065,10.1815,,,0.0,,,,,,,,,,,,,,,,,,,,,,,,,,,,,,,,,,,,,,,,,,,,,,,,,,,,,,,,,,,,,,,,,,,,,,,,,,,
2951,,,,130000.0,,,,,,,,,,,Tunis,Ben Zert,Appartement,vente,36.8065,10.1815,,,0.0,,,,,,,,,,,,,,,,,,,,,,,,,,,,,,,,,,,,,,,,,,,,,,,,,,,,,,,,,,,,,,,,,,,,,,,,,,,
2952,,,,240000.0,,,,,,,,,,,,Yasmine,Appartement,vente,,,,,0.0,,,,,,,,,,,,,,,,,,,,,,,,,,,,,,,,,,,,,,,,,,,,,,,,,,,,,,,,,,,,,,,,,,,,,,,,,,,
2953,89.0,3.0,,,1.0,1.0,1.0,1.0,,1.0,1.0,1.0,,,Tunis,Carthage,Appartement,vente,36.8065,10.1815,,29.666666666666668,0.0,,,,,,,,,,,,,,,,,,,,,,,,,,,,,,,,,,,,,,,,,,,,,,,,,,,,,,,,,,,,,,,,,,,,,,,,,,,
2954,212.0,,,169000.0,,,,,,,,,,,,Baraket Essahel,Appartement,vente,,,797.1698113207547,,0.0,,,,,,,,,,,,,,,,,,,,,,,,,,,,,,,,,,,,,,,,,,,,,,,,,,,,,,,,,,,,,,,,,,,,,,,,,,,
2955,90.0,,,320000.0,,,,,,,1.0,1.0,,1.0,Tunis,Hammamet Nord,Appartement,vente,36.8065,10.1815,3555.5555555555557,,0.0,,,,,,,,,,,,,,,,,,,,,,,,,,,,,,,,,,,,,,,,,,,,,,,,,,,,,,,,,,,,,,,,,,,,,,,,,,,
2956,79.0,2.0,,,,,,,,,,,,,Tunis,Hammamet,Appartement,vente,36.8065,10.1815,,39.5,0.0,,,,,,,,,,,,,,,,,,,,,,,,,,,,,,,,,,,,,,,,,,,,,,,,,,,,,,,,,,,,,,,,,,,,,,,,,,,
2957,130.0,,,360000.0,,1.0,1.0,1.0,,,1.0,,,,Tunis,Jardin D'El Menzah,Appartement,vente,36.8065,10.1815,2769.230769230769,,0.0,,,,,,,,,,,,,,,,,,,,,,,,,,,,,,,,,,,,,,,,,,,,,,,,,,,,,,,,,,,,,,,,,,,,,,,,,,,
2958,90.0,3.0,1.0,125000.0,,,,,,,,,,,Tunis,Kelibia,Appartement,vente,36.8065,10.1815,1388.888888888889,30.0,0.0,,,,,,,,,,,,,,,,,,,,,,,,,,,,,,,,,,,,,,,,,,,,,,,,,,,,,,,,,,,,,,,,,,,,,,,,,,,
2959,117.0,3.0,1.0,386100.0,1.0,,,,,1.0,,1.0,,,Tunis,Ain Zaghouan,Appartement,vente,36.8065,10.1815,3300.0,39.0,1.0,,,,,,,,,,,,,,,,,,,,,,,,,,,,,,,,,,,,,,,,,,,,,,,,,,,,,,,,,,,,,,,,,,,,,,,,,,,
2960,55.0,2.0,0.0,190000.0,,,,,,,,,,,Tunis,Hammamet,Appartement,vente,36.8065,10.1815,3454.5454545454545,27.5,0.0,,,,,,,,,,,,,,,,,,,,,,,,,,,,,,,,,,,,,,,,,,,,,,,,,,,,,,,,,,,,,,,,,,,,,,,,,,,
2961,115.0,4.0,,240000.0,1.0,,,,,,,,,,Tunis,Menzah,Appartement,vente,36.8065,10.1815,2086.9565217391305,28.75,0.0,,,,,,,,,,,,,,,,,,,,,,,,,,,,,,,,,,,,,,,,,,,,,,,,,,,,,,,,,,,,,,,,,,,,,,,,,,,
2962,,,,240000.0,,1.0,,,,,,,,,,Yasmine,Appartement,vente,,,,,0.0,,,,,,,,,,,,,,,,,,,,,,,,,,,,,,,,,,,,,,,,,,,,,,,,,,,,,,,,,,,,,,,,,,,,,,,,,,,
2963,70.0,,,130000.0,1.0,,,,,,,,,,,,Appartement,vente,,,1857.142857142857,,0.0,,,,,,,,,,,,,,,,,,,,,,,,,,,,,,,,,,,,,,,,,,,,,,,,,,,,,,,,,,,,,,,,,,,,,,,,,,,
2964,,2.0,,270000.0,,,,,,,,,,,Nabeul,Hammamet,Appartement,vente,36.4561,10.7376,,,0.0,,,,,,,,,,,,,,,,,,,,,,,,,,,,,,,,,,,,,,,,,,,,,,,,,,,,,,,,,,,,,,,,,,,,,,,,,,,
2965,,4.0,,180000.0,,,,,,,,,,,,,Appartement,vente,,,,,0.0,,,,,,,,,,,,,,,,,,,,,,,,,,,,,,,,,,,,,,,,,,,,,,,,,,,,,,,,,,,,,,,,,,,,,,,,,,,
2966,,,,350000.0,,,,,,,,,,,,,Appartement,vente,,,,,0.0,,,,,,,,,,,,,,,,,,,,,,,,,,,,,,,,,,,,,,,,,,,,,,,,,,,,,,,,,,,,,,,,,,,,,,,,,,,
2967,,3.0,,180000.0,,1.0,,,,,,,,,Tunis,Morneg,Appartement,vente,36.8065,10.1815,,,0.0,,,,,,,,,,,,,,,,,,,,,,,,,,,,,,,,,,,,,,,,,,,,,,,,,,,,,,,,,,,,,,,,,,,,,,,,,,,
2968,200.0,2.0,,,,,,,1.0,,,,,,Tunis,Carthage,Appartement,vente,36.8065,10.1815,,100.0,0.0,,,,,,,,,,,,,,,,,,,,,,,,,,,,,,,,,,,,,,,,,,,,,,,,,,,,,,,,,,,,,,,,,,,,,,,,,,,
2969,130.0,3.0,,,,,,,,,,,,1.0,Tunis,Hammamet,Appartement,vente,36.8065,10.1815,,43.333333333333336,0.0,,,,,,,,,,,,,,,,,,,,,,,,,,,,,,,,,,,,,,,,,,,,,,,,,,,,,,,,,,,,,,,,,,,,,,,,,,,
2970,,4.0,1.0,,,,,,,,,,,,Nabeul,Kelibia,Appartement,vente,36.4561,10.7376,,,0.0,,,,,,,,,,,,,,,,,,,,,,,,,,,,,,,,,,,,,,,,,,,,,,,,,,,,,,,,,,,,,,,,,,,,,,,,,,,
2971,90.0,3.0,,,,,,,,,,,,,Tunis,Carthage,Appartement,vente,36.8065,10.1815,,30.0,0.0,,,,,,,,,,,,,,,,,,,,,,,,,,,,,,,,,,,,,,,,,,,,,,,,,,,,,,,,,,,,,,,,,,,,,,,,,,,
2972,,3.0,,,,,,,,,,,,,,Yasmine,Appartement,vente,,,,,0.0,,,,,,,,,,,,,,,,,,,,,,,,,,,,,,,,,,,,,,,,,,,,,,,,,,,,,,,,,,,,,,,,,,,,,,,,,,,
2973,86.0,,0.0,180000.0,,,,,,,,,,,Tunis,Bhelwan,Appartement,vente,36.8065,10.1815,2093.0232558139537,,0.0,,,,,,,,,,,,,,,,,,,,,,,,,,,,,,,,,,,,,,,,,,,,,,,,,,,,,,,,,,,,,,,,,,,,,,,,,,,
2974,76.0,,,205000.0,1.0,1.0,,,,,,1.0,,,,Lac,Appartement,vente,,,2697.3684210526317,,0.0,,,,,,,,,,,,,,,,,,,,,,,,,,,,,,,,,,,,,,,,,,,,,,,,,,,,,,,,,,,,,,,,,,,,,,,,,,,
2975,100.0,,,85000.0,,,,,1.0,,,,,,,,Appartement,vente,,,850.0,,0.0,,,,,,,,,,,,,,,,,,,,,,,,,,,,,,,,,,,,,,,,,,,,,,,,,,,,,,,,,,,,,,,,,,,,,,,,,,,
2976,135.0,4.0,,215000.0,,1.0,,,,,,,,,,Cité El Merdes,Appartement,vente,,,1592.5925925925926,33.75,0.0,,,,,,,,,,,,,,,,,,,,,,,,,,,,,,,,,,,,,,,,,,,,,,,,,,,,,,,,,,,,,,,,,,,,,,,,,,,
2977,,3.0,,,0.0,,,0.0,0.0,,0.0,,0.0,0.0,Tunis,Kelibia,Appartement,vente,36.8065,10.1815,,,0.0,,,,,,,,,,,,,,,,,,,,,,,,,,,,,,,,,,,,,,,,,,,,,,,,,,,,,,,,,,,,,,,,,,,,,,,,,,,
2978,160.0,4.0,1.0,,,,,,,,,,,1.0,,,Appartement,vente,,,,40.0,0.0,,,,,,,,,,,,,,,,,,,,,,,,,,,,,,,,,,,,,,,,,,,,,,,,,,,,,,,,,,,,,,,,,,,,,,,,,,,
2979,160.0,3.0,1.0,200000.0,,,,,,,,,,1.0,Tunis,El Haouria,Appartement,vente,36.8065,10.1815,1250.0,53.333333333333336,0.0,,,,,,,,,,,,,,,,,,,,,,,,,,,,,,,,,,,,,,,,,,,,,,,,,,,,,,,,,,,,,,,,,,,,,,,,,,,
2980,,3.0,,350000.0,,,,,,,,,,,Nabeul,Hammamet,Appartement,vente,36.4561,10.7376,,,0.0,,,,,,,,,,,,,,,,,,,,,,,,,,,,,,,,,,,,,,,,,,,,,,,,,,,,,,,,,,,,,,,,,,,,,,,,,,,
2981,87.0,3.0,,90000.0,,,,,,,,1.0,,,Tunis,Manouba,Appartement,vente,36.8065,10.1815,1034.4827586206898,29.0,0.0,,,,,,,,,,,,,,,,,,,,,,,,,,,,,,,,,,,,,,,,,,,,,,,,,,,,,,,,,,,,,,,,,,,,,,,,,,,
2982,80.0,,,350000.0,,,,,,,1.0,,1.0,,,Yasmine,Appartement,vente,,,4375.0,,0.0,,,,,,,,,,,,,,,,,,,,,,,,,,,,,,,,,,,,,,,,,,,,,,,,,,,,,,,,,,,,,,,,,,,,,,,,,,,
2983,90.0,3.0,1.0,250000.0,,,,,,,,,,,Tunis,Hamem Laghzez,Appartement,vente,36.8065,10.1815,2777.777777777778,30.0,0.0,,,,,,,,,,,,,,,,,,,,,,,,,,,,,,,,,,,,,,,,,,,,,,,,,,,,,,,,,,,,,,,,,,,,,,,,,,,
2984,118.0,3.0,,400000.0,,1.0,,,,,,1.0,,,,Hedi Nouira,Appartement,vente,,,3389.830508474576,39.333333333333336,0.0,,,,,,,,,,,,,,,,,,,,,,,,,,,,,,,,,,,,,,,,,,,,,,,,,,,,,,,,,,,,,,,,,,,,,,,,,,,
2985,114.0,,,205061.0,,,,,,,,,,,Tunis,Kelibia,Appartement,vente,36.8065,10.1815,1798.780701754386,,0.0,,,,,,,,,,,,,,,,,,,,,,,,,,,,,,,,,,,,,,,,,,,,,,,,,,,,,,,,,,,,,,,,,,,,,,,,,,,
2986,77.0,,3.0,150000.0,,,,,,,,,,,Tunis,Carthage,Appartement,vente,36.8065,10.1815,1948.051948051948,,0.0,,,,,,,,,,,,,,,,,,,,,,,,,,,,,,,,,,,,,,,,,,,,,,,,,,,,,,,,,,,,,,,,,,,,,,,,,,,
2987,100.0,3.0,,180000.0,,1.0,1.0,,,,,1.0,,,,Hedi Nouira,Appartement,vente,,,1800.0,33.333333333333336,0.0,,,,,,,,,,,,,,,,,,,,,,,,,,,,,,,,,,,,,,,,,,,,,,,,,,,,,,,,,,,,,,,,,,,,,,,,,,,
2988,160.0,3.0,1.0,380000.0,1.0,1.0,1.0,1.0,,,,1.0,1.0,1.0,,Cité El Wafa,Appartement,vente,,,2375.0,53.333333333333336,1.0,,,,,,,,,,,,,,,,,,,,,,,,,,,,,,,,,,,,,,,,,,,,,,,,,,,,,,,,,,,,,,,,,,,,,,,,,,,
2989,,,,250000.0,,,,,,,,,,,,,Appartement,vente,,,,,0.0,,,,,,,,,,,,,,,,,,,,,,,,,,,,,,,,,,,,,,,,,,,,,,,,,,,,,,,,,,,,,,,,,,,,,,,,,,,
2990,80.0,2.0,,125000.0,1.0,,,,,,,1.0,,,Tunis,Kantaoui,Appartement,vente,36.8065,10.1815,1562.5,40.0,0.0,,,,,,,,,,,,,,,,,,,,,,,,,,,,,,,,,,,,,,,,,,,,,,,,,,,,,,,,,,,,,,,,,,,,,,,,,,,
2991,185.0,4.0,,,,,,,,,,1.0,,,Tunis,Hammamet Nord,Appartement,vente,36.8065,10.1815,,46.25,0.0,,,,,,,,,,,,,,,,,,,,,,,,,,,,,,,,,,,,,,,,,,,,,,,,,,,,,,,,,,,,,,,,,,,,,,,,,,,
2992,,2.0,,,1.0,1.0,,,,1.0,,,,,,,Appartement,vente,,,,,0.0,,,,,,,,,,,,,,,,,,,,,,,,,,,,,,,,,,,,,,,,,,,,,,,,,,,,,,,,,,,,,,,,,,,,,,,,,,,
2993,104.0,3.0,,420000.0,,,1.0,1.0,,,,1.0,,1.0,Tunis,Kelibia,Appartement,vente,36.8065,10.1815,4038.4615384615386,34.666666666666664,0.0,,,,,,,,,,,,,,,,,,,,,,,,,,,,,,,,,,,,,,,,,,,,,,,,,,,,,,,,,,,,,,,,,,,,,,,,,,,
2994,98.0,3.0,,314560.0,1.0,,1.0,1.0,,,,1.0,1.0,,Tunis,Kelibia,Appartement,vente,36.8065,10.1815,3209.795918367347,32.666666666666664,0.0,,,,,,,,,,,,,,,,,,,,,,,,,,,,,,,,,,,,,,,,,,,,,,,,,,,,,,,,,,,,,,,,,,,,,,,,,,,
2995,140.0,,,290000.0,,,,,,,,,,1.0,Tunis,Laouina,Appartement,vente,36.8065,10.1815,2071.4285714285716,,0.0,,,,,,,,,,,,,,,,,,,,,,,,,,,,,,,,,,,,,,,,,,,,,,,,,,,,,,,,,,,,,,,,,,,,,,,,,,,
2996,,4.0,1.0,170000.0,,,,,,,,,,,,,Appartement,vente,,,,,0.0,,,,,,,,,,,,,,,,,,,,,,,,,,,,,,,,,,,,,,,,,,,,,,,,,,,,,,,,,,,,,,,,,,,,,,,,,,,
2997,,3.0,0.0,,1.0,,,,,,,1.0,,,Manouba,Manouba,Appartement,vente,36.8095,10.098,,,0.0,,,,,,,,,,,,,,,,,,,,,,,,,,,,,,,,,,,,,,,,,,,,,,,,,,,,,,,,,,,,,,,,,,,,,,,,,,,
2998,,,,610000.0,,,,,,,,,,,Tunis,Gammarth,Appartement,vente,36.8065,10.1815,,,0.0,,,,,,,,,,,,,,,,,,,,,,,,,,,,,,,,,,,,,,,,,,,,,,,,,,,,,,,,,,,,,,,,,,,,,,,,,,,
2999,114.0,3.0,2.0,,,1.0,,,,,,,,,Tunis,Borj Cedria,Appartement,vente,36.8065,10.1815,,38.0,0.0,,,,,,,,,,,,,,,,,,,,,,,,,,,,,,,,,,,,,,,,,,,,,,,,,,,,,,,,,,,,,,,,,,,,,,,,,,,
3000,,,,160000.0,,,,,,,,,,,Nabeul,Kelibia,Appartement,vente,36.4561,10.7376,,,0.0,,,,,,,,,,,,,,,,,,,,,,,,,,,,,,,,,,,,,,,,,,,,,,,,,,,,,,,,,,,,,,,,,,,,,,,,,,,
3001,,,1.0,90000.0,,,,,,,,,,,Tunis,Ksar Said,Appartement,vente,36.8065,10.1815,,,0.0,,,,,,,,,,,,,,,,,,,,,,,,,,,,,,,,,,,,,,,,,,,,,,,,,,,,,,,,,,,,,,,,,,,,,,,,,,,
3002,89.0,2.0,,,,,,,,,,,,,Tunis,Hammamet Nord,Appartement,vente,36.8065,10.1815,,44.5,0.0,,,,,,,,,,,,,,,,,,,,,,,,,,,,,,,,,,,,,,,,,,,,,,,,,,,,,,,,,,,,,,,,,,,,,,,,,,,
3003,80.0,2.0,2.0,210000.0,,,,,,,,,,,Tunis,Kelibia,Appartement,vente,36.8065,10.1815,2625.0,40.0,0.0,,,,,,,,,,,,,,,,,,,,,,,,,,,,,,,,,,,,,,,,,,,,,,,,,,,,,,,,,,,,,,,,,,,,,,,,,,,
3004,,3.0,2.0,250000.0,,,,,,,,,,,Tunis,Kerkouane,Appartement,vente,36.8065,10.1815,,,0.0,,,,,,,,,,,,,,,,,,,,,,,,,,,,,,,,,,,,,,,,,,,,,,,,,,,,,,,,,,,,,,,,,,,,,,,,,,,
3005,100.0,2.0,6.0,250000.0,1.0,,,,,,,,,,Tunis,Hamam Rimi,Appartement,vente,36.8065,10.1815,2500.0,50.0,6.0,,,,,,,,,,,,,,,,,,,,,,,,,,,,,,,,,,,,,,,,,,,,,,,,,,,,,,,,,,,,,,,,,,,,,,,,,,,
3006,100.0,2.0,,,,,,,,,,,,,,Cité El Wafa Mrezga,Appartement,vente,,,,50.0,0.0,,,,,,,,,,,,,,,,,,,,,,,,,,,,,,,,,,,,,,,,,,,,,,,,,,,,,,,,,,,,,,,,,,,,,,,,,,,
3007,160.0,4.0,,,,,,,,,,,,,,,Appartement,vente,,,,40.0,0.0,,,,,,,,,,,,,,,,,,,,,,,,,,,,,,,,,,,,,,,,,,,,,,,,,,,,,,,,,,,,,,,,,,,,,,,,,,,
3008,160.0,4.0,,,,,,,,,,,,,,,Appartement,vente,,,,40.0,0.0,,,,,,,,,,,,,,,,,,,,,,,,,,,,,,,,,,,,,,,,,,,,,,,,,,,,,,,,,,,,,,,,,,,,,,,,,,,
3009,180.0,,,117000.0,,,,,,,,,,,Tunis,Carthage,Appartement,vente,36.8065,10.1815,650.0,,0.0,,,,,,,,,,,,,,,,,,,,,,,,,,,,,,,,,,,,,,,,,,,,,,,,,,,,,,,,,,,,,,,,,,,,,,,,,,,
3010,105.0,3.0,2.0,200000.0,1.0,,1.0,,,,,,,,Tunis,Gremda,Appartement,vente,36.8065,10.1815,1904.7619047619048,35.0,2.0,,,,,,,,,,,,,,,,,,,,,,,,,,,,,,,,,,,,,,,,,,,,,,,,,,,,,,,,,,,,,,,,,,,,,,,,,,,
3011,,3.0,,240000.0,,,,1.0,,,,1.0,,,,,Appartement,vente,,,,,0.0,,,,,,,,,,,,,,,,,,,,,,,,,,,,,,,,,,,,,,,,,,,,,,,,,,,,,,,,,,,,,,,,,,,,,,,,,,,
3012,,,,180000.0,,,1.0,1.0,,,,,,,Tunis,Carthage,Appartement,vente,36.8065,10.1815,,,0.0,,,,,,,,,,,,,,,,,,,,,,,,,,,,,,,,,,,,,,,,,,,,,,,,,,,,,,,,,,,,,,,,,,,,,,,,,,,
3013,150.0,,0.0,300000.0,,,,,,,,,,,Tunis,Hammamet,Appartement,vente,36.8065,10.1815,2000.0,,0.0,,,,,,,,,,,,,,,,,,,,,,,,,,,,,,,,,,,,,,,,,,,,,,,,,,,,,,,,,,,,,,,,,,,,,,,,,,,
3014,,2.0,,,,,,,,,,,,1.0,Nabeul,Kelibia,Appartement,vente,36.4561,10.7376,,,0.0,,,,,,,,,,,,,,,,,,,,,,,,,,,,,,,,,,,,,,,,,,,,,,,,,,,,,,,,,,,,,,,,,,,,,,,,,,,
3015,153.0,4.0,0.0,574000.0,,,1.0,1.0,,,1.0,,,,,,Appartement,vente,,,3751.6339869281046,38.25,0.0,,,,,,,,,,,,,,,,,,,,,,,,,,,,,,,,,,,,,,,,,,,,,,,,,,,,,,,,,,,,,,,,,,,,,,,,,,,
3016,72.0,2.0,,,,,,,,,,,,,Tunis,Hammamet Nord,Appartement,vente,36.8065,10.1815,,36.0,0.0,,,,,,,,,,,,,,,,,,,,,,,,,,,,,,,,,,,,,,,,,,,,,,,,,,,,,,,,,,,,,,,,,,,,,,,,,,,
3017,,2.0,,150000.0,,,,,,,,1.0,,,Tunis,El Mourouj,Appartement,vente,36.8065,10.1815,,,0.0,,,,,,,,,,,,,,,,,,,,,,,,,,,,,,,,,,,,,,,,,,,,,,,,,,,,,,,,,,,,,,,,,,,,,,,,,,,
3018,45.0,2.0,3.0,210000.0,1.0,,,0.0,0.0,,0.0,,0.0,0.0,Tunis,Hammamet,Appartement,vente,36.8065,10.1815,4666.666666666667,22.5,3.0,,,,,,,,,,,,,,,,,,,,,,,,,,,,,,,,,,,,,,,,,,,,,,,,,,,,,,,,,,,,,,,,,,,,,,,,,,,
3019,133.0,,,325000.0,,,,,,,,,,,Tunis,Laouina,Appartement,vente,36.8065,10.1815,2443.6090225563908,,0.0,,,,,,,,,,,,,,,,,,,,,,,,,,,,,,,,,,,,,,,,,,,,,,,,,,,,,,,,,,,,,,,,,,,,,,,,,,,
3020,90.0,3.0,1.0,,,,,,,,,,,,,Cité El Wafa Mrezga,Appartement,vente,,,,30.0,0.0,,,,,,,,,,,,,,,,,,,,,,,,,,,,,,,,,,,,,,,,,,,,,,,,,,,,,,,,,,,,,,,,,,,,,,,,,,,
3021,,,,90000.0,,,,,,,,,,,Tunis,Hammamet Nord,Appartement,vente,36.8065,10.1815,,,0.0,,,,,,,,,,,,,,,,,,,,,,,,,,,,,,,,,,,,,,,,,,,,,,,,,,,,,,,,,,,,,,,,,,,,,,,,,,,
3022,,,,275000.0,,1.0,1.0,,,,,,,,Ariana,Ennasr,Appartement,vente,36.8625,10.1956,,,0.0,,,,,,,,,,,,,,,,,,,,,,,,,,,,,,,,,,,,,,,,,,,,,,,,,,,,,,,,,,,,,,,,,,,,,,,,,,,
3023,113.0,3.0,,,,,,,,,,1.0,,,Tunis,Nabeul,Appartement,vente,36.8065,10.1815,,37.666666666666664,0.0,,,,,,,,,,,,,,,,,,,,,,,,,,,,,,,,,,,,,,,,,,,,,,,,,,,,,,,,,,,,,,,,,,,,,,,,,,,
3024,104.0,2.0,1.0,320000.0,1.0,,,,,,,,1.0,,Tunis,Kelibia,Appartement,vente,36.8065,10.1815,3076.923076923077,52.0,1.0,,,,,,,,,,,,,,,,,,,,,,,,,,,,,,,,,,,,,,,,,,,,,,,,,,,,,,,,,,,,,,,,,,,,,,,,,,,
3025,120.0,,,,,,,,,,,,,,Tunis,Nabeul,Appartement,vente,36.8065,10.1815,,,0.0,,,,,,,,,,,,,,,,,,,,,,,,,,,,,,,,,,,,,,,,,,,,,,,,,,,,,,,,,,,,,,,,,,,,,,,,,,,
3026,,,,,,,,,,,,,,,Tunis,Djerba,Appartement,vente,36.8065,10.1815,,,0.0,,,,,,,,,,,,,,,,,,,,,,,,,,,,,,,,,,,,,,,,,,,,,,,,,,,,,,,,,,,,,,,,,,,,,,,,,,,
3027,110.0,3.0,,295000.0,,,,,,,,,,,Tunis,Kantaoui,Appartement,vente,36.8065,10.1815,2681.818181818182,36.666666666666664,0.0,,,,,,,,,,,,,,,,,,,,,,,,,,,,,,,,,,,,,,,,,,,,,,,,,,,,,,,,,,,,,,,,,,,,,,,,,,,
3028,80.0,2.0,,400000.0,,,,,,,,,,,Tunis,Kelibia,Appartement,vente,36.8065,10.1815,5000.0,40.0,0.0,,,,,,,,,,,,,,,,,,,,,,,,,,,,,,,,,,,,,,,,,,,,,,,,,,,,,,,,,,,,,,,,,,,,,,,,,,,
3029,,2.0,,179000.0,,,,,,,,,,,,L'Aouina,Appartement,vente,,,,,0.0,,,,,,,,,,,,,,,,,,,,,,,,,,,,,,,,,,,,,,,,,,,,,,,,,,,,,,,,,,,,,,,,,,,,,,,,,,,
3030,,,,260000.0,,,,,,,,1.0,,,Tunis,Soukra,Appartement,vente,36.8065,10.1815,,,0.0,,,,,,,,,,,,,,,,,,,,,,,,,,,,,,,,,,,,,,,,,,,,,,,,,,,,,,,,,,,,,,,,,,,,,,,,,,,
3031,103.0,,2.0,260000.0,,,,,,,,,,,,Cité El Wafa Mrezga,Appartement,vente,,,2524.2718446601943,,0.0,,,,,,,,,,,,,,,,,,,,,,,,,,,,,,,,,,,,,,,,,,,,,,,,,,,,,,,,,,,,,,,,,,,,,,,,,,,
3032,144.0,4.0,,360000.0,1.0,1.0,1.0,1.0,,1.0,,1.0,,,Ben Arous,Ezzahra,Appartement,vente,36.753,10.228,2500.0,36.0,0.0,,,,,,,,,,,,,,,,,,,,,,,,,,,,,,,,,,,,,,,,,,,,,,,,,,,,,,,,,,,,,,,,,,,,,,,,,,,
3033,60.0,3.0,1.0,160000.0,,,,,,,,,,,Tunis,Mourouj,Appartement,vente,36.8065,10.1815,2666.6666666666665,20.0,0.0,,,,,,,,,,,,,,,,,,,,,,,,,,,,,,,,,,,,,,,,,,,,,,,,,,,,,,,,,,,,,,,,,,,,,,,,,,,
3034,122.0,2.0,,218000.0,,,,,,,1.0,1.0,1.0,,Tunis,Soukra,Appartement,vente,36.8065,10.1815,1786.8852459016393,61.0,0.0,,,,,,,,,,,,,,,,,,,,,,,,,,,,,,,,,,,,,,,,,,,,,,,,,,,,,,,,,,,,,,,,,,,,,,,,,,,
3035,120.0,2.0,,400000.0,,,,,,,,1.0,,,Tunis,Soukra,Appartement,vente,36.8065,10.1815,3333.3333333333335,60.0,0.0,,,,,,,,,,,,,,,,,,,,,,,,,,,,,,,,,,,,,,,,,,,,,,,,,,,,,,,,,,,,,,,,,,,,,,,,,,,
3036,135.0,4.0,,365000.0,1.0,,,,,,,1.0,,,Tunis,Riadh El Andalous,Appartement,vente,36.8065,10.1815,2703.703703703704,33.75,0.0,,,,,,,,,,,,,,,,,,,,,,,,,,,,,,,,,,,,,,,,,,,,,,,,,,,,,,,,,,,,,,,,,,,,,,,,,,,
3037,70.0,,,,,,,,,,,1.0,1.0,,,Cité El Wafa Mrezga,Appartement,vente,,,,,0.0,,,,,,,,,,,,,,,,,,,,,,,,,,,,,,,,,,,,,,,,,,,,,,,,,,,,,,,,,,,,,,,,,,,,,,,,,,,
3038,,,,520000.0,,,,,,,,,,,Tunis,Hammamet,Appartement,vente,36.8065,10.1815,,,0.0,,,,,,,,,,,,,,,,,,,,,,,,,,,,,,,,,,,,,,,,,,,,,,,,,,,,,,,,,,,,,,,,,,,,,,,,,,,
3039,160.0,4.0,1.0,,,,,,,,,,,1.0,,,Appartement,vente,,,,40.0,0.0,,,,,,,,,,,,,,,,,,,,,,,,,,,,,,,,,,,,,,,,,,,,,,,,,,,,,,,,,,,,,,,,,,,,,,,,,,,
3040,185.0,3.0,,,,,,,,,,1.0,,,Tunis,Hammamet,Appartement,vente,36.8065,10.1815,,61.666666666666664,0.0,,,,,,,,,,,,,,,,,,,,,,,,,,,,,,,,,,,,,,,,,,,,,,,,,,,,,,,,,,,,,,,,,,,,,,,,,,,
3041,60.0,,,220000.0,,,1.0,1.0,,,,,,,,Cité Essalama Laouina,Appartement,vente,,,3666.6666666666665,,0.0,,,,,,,,,,,,,,,,,,,,,,,,,,,,,,,,,,,,,,,,,,,,,,,,,,,,,,,,,,,,,,,,,,,,,,,,,,,
3042,,6.0,,,,,,,,,,,,,,,Appartement,vente,,,,,0.0,,,,,,,,,,,,,,,,,,,,,,,,,,,,,,,,,,,,,,,,,,,,,,,,,,,,,,,,,,,,,,,,,,,,,,,,,,,
3043,90.0,,,155000.0,,,,,,,,,,,Nabeul,Kelibia,Appartement,vente,36.4561,10.7376,1722.2222222222222,,0.0,,,,,,,,,,,,,,,,,,,,,,,,,,,,,,,,,,,,,,,,,,,,0.23293042,-0.067110375,-0.07278369,0.063425384,-0.031784136,0.007691439,-0.024792423,0.036456686,0.048503816,-0.004688932,-0.11968545,-0.00379388,-0.06397032,0.06747219,0.0068503395,-0.120443776,0.009974602,-0.04910659,0.024688603,0.08451917,0.18607584,0.07875699,0.0003177691,-0.009650317,0.002487234,0.023221439,0.023034843,-0.017427532,0.013710759,-0.035662904,-0.029061077,0.106772214
3044,105.0,2.0,,155000.0,,,,,,,,,,,Tunis,Tunis,Appartement,vente,36.8065,10.1815,1476.1904761904761,52.5,0.0,,,,,,,,,,,,,,,,,,,,,,,,,,,,,,,,,,,,,,,,,,,,,,,,,,,,,,,,,,,,,,,,,,,,,,,,,,,
3045,100.0,4.0,3.0,415000.0,,1.0,1.0,,,,,1.0,,,Tunis,Boumhal Ben Arous,Appartement,vente,36.8065,10.1815,4150.0,25.0,0.0,,,,,,,,,,,,,,,,,,,,,,,,,,,,,,,,,,,,,,,,,,,,,,,,,,,,,,,,,,,,,,,,,,,,,,,,,,,
3046,176.0,5.0,,,,1.0,1.0,1.0,,,,1.0,,,,L'Aouina,Appartement,vente,,,,35.2,0.0,,,,,,,,,,,,,,,,,,,,,,,,,,,,,,,,,,,,,,,,,,,,,,,,,,,,,,,,,,,,,,,,,,,,,,,,,,,
3047,140.0,4.0,,420000.0,1.0,1.0,,,,,,1.0,,,,L'Aouina,Appartement,vente,,,3000.0,35.0,0.0,,,,,,,,,,,,,,,,,,,,,,,,,,,,,,,,,,,,,,,,,,,,,,,,,,,,,,,,,,,,,,,,,,,,,,,,,,,
3048,123.0,,,160000.0,,,,,,,,,,,Sfax,Tunis,Appartement,vente,34.74,10.76,1300.8130081300812,,0.0,,,,,,,,,,,,,,,,,,,,,,,,,,,,,,,,,,,,,,,,,,,,,,,,,,,,,,,,,,,,,,,,,,,,,,,,,,,
3049,,3.0,0.0,550000.0,,,,,,,,,,1.0,Tunis,Hammamet Nord,Appartement,vente,36.8065,10.1815,,,0.0,,,,,,,,,,,,,,,,,,,,,,,,,,,,,,,,,,,,,,,,,,,,0.07825301,-0.15048309,-0.14752898,-0.014976456,0.015643965,0.1248452,0.005465938,-0.012066653,0.015164822,0.07216451,-0.043254524,0.04654467,0.09505746,-0.0019751205,0.09376214,0.044919714,0.014766959,-0.1184105,0.04793285,-0.04747221,0.012881699,0.039411277,-0.14991763,-0.14271823,0.036924656,-0.0016240692,-0.018847674,0.07005046,0.0011699016,0.02338635,-0.033512585,-0.008872095
3050,200.0,4.0,0.0,240000.0,,,1.0,1.0,,,1.0,,,,,,Appartement,vente,,,1200.0,50.0,0.0,,,,,,,,,,,,,,,,,,,,,,,,,,,,,,,,,,,,,,,,,,,,,,,,,,,,,,,,,,,,,,,,,,,,,,,,,,,
3051,133.0,2.0,,400000.0,,,,,,,1.0,,,1.0,,,Appartement,vente,,,3007.5187969924814,66.5,0.0,,,,,,,,,,,,,,,,,,,,,,,,,,,,,,,,,,,,,,,,,,,,,,,,,,,,,,,,,,,,,,,,,,,,,,,,,,,
3052,133.0,2.0,,400000.0,,,,,,,1.0,,,1.0,,,Appartement,vente,,,3007.5187969924814,66.5,0.0,,,,,,,,,,,,,,,,,,,,,,,,,,,,,,,,,,,,,,,,,,,,,,,,,,,,,,,,,,,,,,,,,,,,,,,,,,,
3053,140.0,4.0,,,,,,,,,,,,,Tunis,Rades,Appartement,vente,36.8065,10.1815,,35.0,0.0,,,,,,,,,,,,,,,,,,,,,,,,,,,,,,,,,,,,,,,,,,,,,,,,,,,,,,,,,,,,,,,,,,,,,,,,,,,
3054,110.0,4.0,,,,,,,,,,,,,,,Appartement,vente,,,,27.5,0.0,,,,,,,,,,,,,,,,,,,,,,,,,,,,,,,,,,,,,,,,,,,,,,,,,,,,,,,,,,,,,,,,,,,,,,,,,,,
3055,202.0,2.0,0.0,175000.0,,,,,,,1.0,1.0,,1.0,,,Appartement,vente,,,866.3366336633663,101.0,0.0,,,,,,,,,,,,,,,,,,,,,,,,,,,,,,,,,,,,,,,,,,,,,,,,,,,,,,,,,,,,,,,,,,,,,,,,,,,
3056,,3.0,2.0,89000.0,,1.0,,,,,,,,,,,Appartement,vente,,,,,0.0,,,,,,,,,,,,,,,,,,,,,,,,,,,,,,,,,,,,,,,,,,,,,,,,,,,,,,,,,,,,,,,,,,,,,,,,,,,
3057,117.0,3.0,6.0,180000.0,,,,,,,,,,,Tunis,Nkhilette,Appartement,vente,36.8065,10.1815,1538.4615384615386,39.0,0.0,,,,,,,,,,,,,,,,,,,,,,,,,,,,,,,,,,,,,,,,,,,,,,,,,,,,,,,,,,,,,,,,,,,,,,,,,,,
3058,60.0,,,,,,,,1.0,,,,,,Tunis,Hammamet,Appartement,vente,36.8065,10.1815,,,0.0,,,,,,,,,,,,,,,,,,,,,,,,,,,,,,,,,,,,,,,,,,,,,,,,,,,,,,,,,,,,,,,,,,,,,,,,,,,
3059,156.0,3.0,0.0,430000.0,,,,,,,1.0,1.0,,,Monastir,Monastir,Appartement,vente,35.7643,10.8113,2756.4102564102564,52.0,0.0,,,,,,,,,,,,,,,,,,,,,,,,,,,,,,,,,,,,,,,,,,,,,,,,,,,,,,,,,,,,,,,,,,,,,,,,,,,
3060,165.0,3.0,,650000.0,,,1.0,1.0,,,1.0,1.0,,1.0,Tunis,Carthage,Appartement,vente,36.8065,10.1815,3939.3939393939395,55.0,0.0,,,,,,,,,,,,,,,,,,,,,,,,,,,,,,,,,,,,,,,,,,,,,,,,,,,,,,,,,,,,,,,,,,,,,,,,,,,
3061,120.0,,,,,,,,,,1.0,,1.0,,Tunis,Carthage,Appartement,vente,36.8065,10.1815,,,0.0,,,,,,,,,,,,,,,,,,,,,,,,,,,,,,,,,,,,,,,,,,,,,,,,,,,,,,,,,,,,,,,,,,,,,,,,,,,
3062,,,,165000.0,,,,,,,,,,,,,Appartement,vente,,,,,0.0,,,,,,,,,,,,,,,,,,,,,,,,,,,,,,,,,,,,,,,,,,,,,,,,,,,,,,,,,,,,,,,,,,,,,,,,,,,
3063,95.0,2.0,,,,,,,,,1.0,,1.0,1.0,Tunis,Hammamet Nord,Appartement,vente,36.8065,10.1815,,47.5,0.0,,,,,,,,,,,,,,,,,,,,,,,,,,,,,,,,,,,,,,,,,,,,,,,,,,,,,,,,,,,,,,,,,,,,,,,,,,,
3064,143.0,4.0,1.0,400000.0,,,1.0,1.0,,,,,,1.0,Tunis,Carthage,Appartement,vente,36.8065,10.1815,2797.2027972027972,35.75,0.0,,,,,,,,,,,,,,,,,,,,,,,,,,,,,,,,,,,,,,,,,,,,,,,,,,,,,,,,,,,,,,,,,,,,,,,,,,,
3065,,3.0,1.0,130000.0,1.0,1.0,,,,,,,,,Tunis,Boumhal Ben Arous,Appartement,vente,36.8065,10.1815,,,1.0,,,,,,,,,,,,,,,,,,,,,,,,,,,,,,,,,,,,,,,,,,,,,,,,,,,,,,,,,,,,,,,,,,,,,,,,,,,
3066,48.0,,4.0,185000.0,1.0,,,0.0,1.0,,0.0,1.0,0.0,0.0,,L'Aouina,Appartement,vente,,,3854.1666666666665,,4.0,,,,,,,,,,,,,,,,,,,,,,,,,,,,,,,,,,,,,,,,,,,,,,,,,,,,,,,,,,,,,,,,,,,,,,,,,,,
3067,,3.0,,290000.0,1.0,1.0,1.0,,,1.0,,1.0,,,Ariana,Ennasr,Appartement,vente,36.8625,10.1956,,,0.0,,,,,,,,,,,,,,,,,,,,,,,,,,,,,,,,,,,,,,,,,,,,,,,,,,,,,,,,,,,,,,,,,,,,,,,,,,,
3068,90.0,,,200000.0,,,,,,,,,,1.0,,Cité El Wafa Mrezga,Appartement,vente,,,2222.222222222222,,0.0,,,,,,,,,,,,,,,,,,,,,,,,,,,,,,,,,,,,,,,,,,,,,,,,,,,,,,,,,,,,,,,,,,,,,,,,,,,
3069,,3.0,,327000.0,,1.0,,,,,,1.0,,,Tunis,Soukra,Appartement,vente,36.8065,10.1815,,,0.0,,,,,,,,,,,,,,,,,,,,,,,,,,,,,,,,,,,,,,,,,,,,,,,,,,,,,,,,,,,,,,,,,,,,,,,,,,,
3070,139.0,,,486000.0,,1.0,,,,,,1.0,,,Tunis,Soukra,Appartement,vente,36.8065,10.1815,3496.4028776978416,,0.0,,,,,,,,,,,,,,,,,,,,,,,,,,,,,,,,,,,,,,,,,,,,,,,,,,,,,,,,,,,,,,,,,,,,,,,,,,,
3071,87.0,2.0,5.0,435000.0,1.0,,1.0,1.0,,1.0,1.0,1.0,,,Tunis,Carthage,Appartement,vente,36.8065,10.1815,5000.0,43.5,5.0,,,,,,,,,,,,,,,,,,,,,,,,,,,,,,,,,,,,,,,,,,,,,,,,,,,,,,,,,,,,,,,,,,,,,,,,,,,
3072,200.0,3.0,0.0,480000.0,,,,,,,,1.0,,,Tunis,La Soukra,Appartement,vente,36.8065,10.1815,2400.0,66.66666666666667,0.0,,,,,,,,,,,,,,,,,,,,,,,,,,,,,,,,,,,,,,,,,,,,,,,,,,,,,,,,,,,,,,,,,,,,,,,,,,,
3073,120.0,,,380000.0,,1.0,1.0,,,,,,,,Ariana,Ennasr,Appartement,vente,36.8625,10.1956,3166.6666666666665,,0.0,,,,,,,,,,,,,,,,,,,,,,,,,,,,,,,,,,,,,,,,,,,,,,,,,,,,,,,,,,,,,,,,,,,,,,,,,,,
3074,120.0,3.0,1.0,320000.0,,,,,,,,,,,Tunis,Kantaoui,Appartement,vente,36.8065,10.1815,2666.6666666666665,40.0,0.0,,,,,,,,,,,,,,,,,,,,,,,,,,,,,,,,,,,,,,,,,,,,,,,,,,,,,,,,,,,,,,,,,,,,,,,,,,,
3075,171.0,4.0,6.0,478800.0,1.0,,1.0,1.0,,1.0,,,,1.0,,,Appartement,vente,,,2800.0,42.75,6.0,,,,,,,,,,,,,,,,,,,,,,,,,,,,,,,,,,,,,,,,,,,,,,,,,,,,,,,,,,,,,,,,,,,,,,,,,,,
3076,166.0,,,470000.0,,1.0,1.0,1.0,,,,1.0,,,Tunis,Riadh El Andalous,Appartement,vente,36.8065,10.1815,2831.3253012048194,,0.0,,,,,,,,,,,,,,,,,,,,,,,,,,,,,,,,,,,,,,,,,,,,,,,,,,,,,,,,,,,,,,,,,,,,,,,,,,,
3077,184.0,,,138000.0,,,,,,,,,,,Tunis,Borj Cedria,Appartement,vente,36.8065,10.1815,750.0,,0.0,,,,,,,,,,,,,,,,,,,,,,,,,,,,,,,,,,,,,,,,,,,,,,,,,,,,,,,,,,,,,,,,,,,,,,,,,,,
3078,94.0,2.0,,306748.0,1.0,,,,,1.0,1.0,1.0,,1.0,Tunis,Chotrana,Appartement,vente,36.8065,10.1815,3263.276595744681,47.0,0.0,,,,,,,,,,,,,,,,,,,,,,,,,,,,,,,,,,,,,,,,,,,,,,,,,,,,,,,,,,,,,,,,,,,,,,,,,,,
3079,,2.0,,254000.0,,,,,,,,,,,Tunis,Hammamet,Appartement,vente,36.8065,10.1815,,,0.0,,,,,,,,,,,,,,,,,,,,,,,,,,,,,,,,,,,,,,,,,,,,,,,,,,,,,,,,,,,,,,,,,,,,,,,,,,,
3080,70.0,,,225000.0,,1.0,1.0,1.0,,,,,,,Ariana,Ennasr,Appartement,vente,36.8625,10.1956,3214.285714285714,,0.0,,,,,,,,,,,,,,,,,,,,,,,,,,,,,,,,,,,,,,,,,,,,,,,,,,,,,,,,,,,,,,,,,,,,,,,,,,,
3081,213.0,4.0,1.0,330000.0,,,,,,,,1.0,1.0,,Tunis,Hammamet Nord,Appartement,vente,36.8065,10.1815,1549.2957746478874,53.25,0.0,,,,,,,,,,,,,,,,,,,,,,,,,,,,,,,,,,,,,,,,,,,,,,,,,,,,,,,,,,,,,,,,,,,,,,,,,,,
3082,100.0,4.0,3.0,,1.0,1.0,1.0,1.0,,,,1.0,,,Tunis,El Mourouj,Appartement,vente,36.8065,10.1815,,25.0,3.0,,,,,,,,,,,,,,,,,,,,,,,,,,,,,,,,,,,,,,,,,,,,,,,,,,,,,,,,,,,,,,,,,,,,,,,,,,,
3083,89.0,3.0,1.0,155000.0,,,,1.0,,,,,,,,,Appartement,vente,,,1741.573033707865,29.666666666666668,0.0,,,,,,,,,,,,,,,,,,,,,,,,,,,,,,,,,,,,,,,,,,,,,,,,,,,,,,,,,,,,,,,,,,,,,,,,,,,
3084,75.0,2.0,,270000.0,1.0,1.0,1.0,1.0,,,,,,,Tunis,Carthage,Appartement,vente,36.8065,10.1815,3600.0,37.5,0.0,,,,,,,,,,,,,,,,,,,,,,,,,,,,,,,,,,,,,,,,,,,,,,,,,,,,,,,,,,,,,,,,,,,,,,,,,,,
3085,106.0,3.0,,155000.0,1.0,,,,,,,,,,Kébili,Kebili,Appartement,vente,33.7053,8.971,1462.2641509433963,35.333333333333336,0.0,,,,,,,,,,,,,,,,,,,,,,,,,,,,,,,,,,,,,,,,,,,,,,,,,,,,,,,,,,,,,,,,,,,,,,,,,,,
3086,211.0,4.0,,690000.0,1.0,,,,,,1.0,1.0,,,Tunis,La Soukra,Appartement,vente,36.8065,10.1815,3270.142180094787,52.75,0.0,,,,,,,,,,,,,,,,,,,,,,,,,,,,,,,,,,,,,,,,,,,,,,,,,,,,,,,,,,,,,,,,,,,,,,,,,,,
3087,106.0,,,360000.0,1.0,,,,,1.0,,1.0,,1.0,Tunis,Soukra,Appartement,vente,36.8065,10.1815,3396.2264150943397,,0.0,,,,,,,,,,,,,,,,,,,,,,,,,,,,,,,,,,,,,,,,,,,,,,,,,,,,,,,,,,,,,,,,,,,,,,,,,,,
3088,180.0,,,430000.0,,,,,1.0,,,,,,Tunis,Carthage,Appartement,vente,36.8065,10.1815,2388.8888888888887,,0.0,,,,,,,,,,,,,,,,,,,,,,,,,,,,,,,,,,,,,,,,,,,,,,,,,,,,,,,,,,,,,,,,,,,,,,,,,,,
3089,,1.0,,135000.0,,,,,,,,,,,,L'Aouina,Appartement,vente,,,,,0.0,,,,,,,,,,,,,,,,,,,,,,,,,,,,,,,,,,,,,,,,,,,,,,,,,,,,,,,,,,,,,,,,,,,,,,,,,,,
3090,180.0,,,150000.0,,,,,,,,,,,,Naasen,Appartement,vente,,,833.3333333333334,,0.0,,,,,,,,,,,,,,,,,,,,,,,,,,,,,,,,,,,,,,,,,,,,,,,,,,,,,,,,,,,,,,,,,,,,,,,,,,,
3091,,,,190000.0,1.0,,,,,,,,,,,,Appartement,vente,,,,,0.0,,,,,,,,,,,,,,,,,,,,,,,,,,,,,,,,,,,,,,,,,,,,,,,,,,,,,,,,,,,,,,,,,,,,,,,,,,,
3092,171.0,4.0,,390000.0,,,1.0,1.0,,1.0,1.0,1.0,,1.0,Tunis,Soukra,Appartement,vente,36.8065,10.1815,2280.7017543859647,42.75,0.0,,,,,,,,,,,,,,,,,,,,,,,,,,,,,,,,,,,,,,,,,,,,,,,,,,,,,,,,,,,,,,,,,,,,,,,,,,,
3093,,,,120000.0,,,,,,,,,,,Tunis,Béni Khiar,Appartement,vente,36.8065,10.1815,,,0.0,,,,,,,,,,,,,,,,,,,,,,,,,,,,,,,,,,,,,,,,,,,,,,,,,,,,,,,,,,,,,,,,,,,,,,,,,,,
3094,106.0,,,155000.0,1.0,,,,,,,,,,,,Appartement,vente,,,1462.2641509433963,,0.0,,,,,,,,,,,,,,,,,,,,,,,,,,,,,,,,,,,,,,,,,,,,,,,,,,,,,,,,,,,,,,,,,,,,,,,,,,,
3095,118.0,3.0,,,1.0,1.0,1.0,1.0,,,,,,,Tunis,Soukra,Appartement,vente,36.8065,10.1815,,39.333333333333336,0.0,,,,,,,,,,,,,,,,,,,,,,,,,,,,,,,,,,,,,,,,,,,,,,,,,,,,,,,,,,,,,,,,,,,,,,,,,,,
3096,138.0,4.0,1.0,295000.0,1.0,,,,,,,,,,,,Appartement,vente,,,2137.68115942029,34.5,1.0,,,,,,,,,,,,,,,,,,,,,,,,,,,,,,,,,,,,,,,,,,,,,,,,,,,,,,,,,,,,,,,,,,,,,,,,,,,
3097,120.0,4.0,,370000.0,,,,,,,,,,,,Sahloul,Appartement,vente,,,3083.3333333333335,30.0,0.0,,,,,,,,,,,,,,,,,,,,,,,,,,,,,,,,,,,,,,,,,,,,,,,,,,,,,,,,,,,,,,,,,,,,,,,,,,,
3098,70.0,2.0,,80000.0,1.0,,,,,,,,,,Tunis,Carthage,Appartement,vente,36.8065,10.1815,1142.857142857143,35.0,0.0,,,,,,,,,,,,,,,,,,,,,,,,,,,,,,,,,,,,,,,,,,,,,,,,,,,,,,,,,,,,,,,,,,,,,,,,,,,
3099,68.0,3.0,4.0,134000.0,1.0,1.0,,,,1.0,,,,,Tunis,Olfa Cité Nour Jaefer Ariena,Appartement,vente,36.8065,10.1815,1970.5882352941176,22.666666666666668,4.0,,,,,,,,,,,,,,,,,,,,,,,,,,,,,,,,,,,,,,,,,,,,,,,,,,,,,,,,,,,,,,,,,,,,,,,,,,,
3100,50.0,3.0,3.0,,,,,,,,1.0,,,,Tunis,Bardo,Appartement,vente,36.8065,10.1815,,16.666666666666668,0.0,,,,,,,,,,,,,,,,,,,,,,,,,,,,,,,,,,,,,,,,,,,,,,,,,,,,,,,,,,,,,,,,,,,,,,,,,,,
3101,125.0,,,410000.0,,,1.0,,,,,1.0,,,Tunis,La Soukra,Appartement,vente,36.8065,10.1815,3280.0,,0.0,,,,,,,,,,,,,,,,,,,,,,,,,,,,,,,,,,,,,,,,,,,,,,,,,,,,,,,,,,,,,,,,,,,,,,,,,,,
3102,,3.0,,200000.0,1.0,1.0,1.0,1.0,,1.0,,1.0,,,Sousse,Sousse,Appartement,vente,35.8245,10.6346,,,0.0,,,,,,,,,,,,,,,,,,,,,,,,,,,,,,,,,,,,,,,,,,,,,,,,,,,,,,,,,,,,,,,,,,,,,,,,,,,
3103,72.0,2.0,,,,,,,,1.0,,,,,Tunis,Laouina,Appartement,vente,36.8065,10.1815,,36.0,0.0,,,,,,,,,,,,,,,,,,,,,,,,,,,,,,,,,,,,,,,,,,,,-0.053313836,0.0032990917,0.009019735,-0.16419639,0.015642699,-0.1266261,0.054738093,-0.042126,0.058333144,0.10133465,0.046122998,0.06620095,-0.050856967,-0.015389098,-0.0053609516,0.20854823,-0.05525564,-0.010301105,-0.09057649,-0.0030519993,-0.03095251,-0.04041797,0.0014869586,-0.05483566,0.01888874,-0.03277548,-0.06860453,0.021975778,0.019542823,0.00855051,-0.038558453,-0.006385032
3104,127.0,3.0,0.0,,,,1.0,1.0,,,,,,1.0,Tunis,Ain Zaghouan,Appartement,vente,36.8065,10.1815,,42.333333333333336,0.0,,,,,,,,,,,,,,,,,,,,,,,,,,,,,,,,,,,,,,,,,,,,,,,,,,,,,,,,,,,,,,,,,,,,,,,,,,,
3105,145.0,,,330000.0,,,,,,,,,,,Tunis,La Soukra,Appartement,vente,36.8065,10.1815,2275.862068965517,,0.0,,,,,,,,,,,,,,,,,,,,,,,,,,,,,,,,,,,,,,,,,,,,,,,,,,,,,,,,,,,,,,,,,,,,,,,,,,,
3106,99.0,,,315000.0,,,,,,,1.0,,,,,L'Aouina,Appartement,vente,,,3181.818181818182,,0.0,,,,,,,,,,,,,,,,,,,,,,,,,,,,,,,,,,,,,,,,,,,,,,,,,,,,,,,,,,,,,,,,,,,,,,,,,,,
3107,100.0,4.0,,165000.0,1.0,1.0,1.0,1.0,,,,,,,Tunis,Rades,Appartement,vente,36.8065,10.1815,1650.0,25.0,0.0,,,,,,,,,,,,,,,,,,,,,,,,,,,,,,,,,,,,,,,,,,,,,,,,,,,,,,,,,,,,,,,,,,,,,,,,,,,
3108,171.0,3.0,,380000.0,,,1.0,1.0,,,,,,,Tunis,Carthage,Appartement,vente,36.8065,10.1815,2222.222222222222,57.0,0.0,,,,,,,,,,,,,,,,,,,,,,,,,,,,,,,,,,,,,,,,,,,,,,,,,,,,,,,,,,,,,,,,,,,,,,,,,,,
3109,74.0,2.0,,295000.0,,,1.0,1.0,,,,,,,Tunis,Hergla,Appartement,vente,36.8065,10.1815,3986.4864864864867,37.0,0.0,,,,,,,,,,,,,,,,,,,,,,,,,,,,,,,,,,,,,,,,,,,,,,,,,,,,,,,,,,,,,,,,,,,,,,,,,,,
3110,73.0,3.0,1.0,155000.0,,,,,,,,,,,Nabeul,Kelibia,Appartement,vente,36.4561,10.7376,2123.2876712328766,24.333333333333332,0.0,,,,,,,,,,,,,,,,,,,,,,,,,,,,,,,,,,,,,,,,,,,,,,,,,,,,,,,,,,,,,,,,,,,,,,,,,,,
3111,98.0,3.0,,190000.0,,,,,,,,,,,Nabeul,Kelibia,Appartement,vente,36.4561,10.7376,1938.7755102040817,32.666666666666664,0.0,,,,,,,,,,,,,,,,,,,,,,,,,,,,,,,,,,,,,,,,,,,,,,,,,,,,,,,,,,,,,,,,,,,,,,,,,,,
3112,,3.0,5.0,324000.0,1.0,,,,,1.0,,,,,Tunis,Soukra,Appartement,vente,36.8065,10.1815,,,5.0,,,,,,,,,,,,,,,,,,,,,,,,,,,,,,,,,,,,,,,,,,,,,,,,,,,,,,,,,,,,,,,,,,,,,,,,,,,
3113,,3.0,,235000.0,,,,,,,,,,,Monastir,Carthage,Appartement,vente,35.7643,10.8113,,,0.0,,,,,,,,,,,,,,,,,,,,,,,,,,,,,,,,,,,,,,,,,,,,,,,,,,,,,,,,,,,,,,,,,,,,,,,,,,,
3114,,3.0,,,1.0,1.0,1.0,,,,,1.0,,,,,Appartement,vente,,,,,0.0,,,,,,,,,,,,,,,,,,0.0,,,,,,,0.0,,True,,,0.05,,,,,,,,,,,,,,-0.26204827,0.09736393,0.020156719,-0.05555149,0.0009395017,-0.14529113,-0.019027384,0.12125554,-0.041575205,0.05951513,-0.07728794,0.049875334,-0.027171671,-0.028965047,0.015826676,-0.024194377,0.01199166,0.017423932,0.0023305905,-0.042393964,-0.033396028,-0.00065293093,0.008381316,-0.02104407,-0.056760147,-0.03156137,0.035629828,0.021292556,-0.014238418,0.023161571,0.025859624,-0.050329555
3115,145.0,4.0,3.0,320000.0,1.0,1.0,1.0,1.0,,,,1.0,,,Tunis,Carthage,Appartement,vente,36.8065,10.1815,2206.896551724138,36.25,3.0,,,,,,,,,,,,,,,,,,,,,,,,,,,,,,,,,,,,,,,,,,,,,,,,,,,,,,,,,,,,,,,,,,,,,,,,,,,
3116,136.0,4.0,2.0,320000.0,,,,,,,,,,,Tunis,Marsa,Appartement,vente,36.8065,10.1815,2352.9411764705883,34.0,0.0,,,,,,,,,,,,,,,,,,,,,,,,,,,,,,,,,,,,,,,,,,,,,,,,,,,,,,,,,,,,,,,,,,,,,,,,,,,
3117,,,,,,,,,,,,,,,Tunis,Kélibia,Appartement,vente,36.8065,10.1815,,,0.0,,,,,,,,,,,,,,,,,,,,,,,,,,,,,,,,,,,,,,,,,,,,,,,,,,,,,,,,,,,,,,,,,,,,,,,,,,,
3118,,,0.0,215000.0,,1.0,,,,,,,,,Tunis,Hammamet Nord,Appartement,vente,36.8065,10.1815,,,0.0,,,,,,,,,,,,,,,,,,,,,,,,,,,,,,,,,,,,,,,,,,,,,,,,,,,,,,,,,,,,,,,,,,,,,,,,,,,
3119,69.0,2.0,1.0,365000.0,1.0,,1.0,1.0,,1.0,1.0,1.0,,,Tunis,Carthage,Appartement,vente,36.8065,10.1815,5289.855072463768,34.5,1.0,,,,,,,,,,,,,,,,,,,,,,,,,,,,,,,,,,,,,,,,,,,,,,,,,,,,,,,,,,,,,,,,,,,,,,,,,,,
3120,210.0,,,147000.0,,,,,,,,,,,Tunis,Ellil,Appartement,vente,36.8065,10.1815,700.0,,0.0,,,,,,,,,,,,,,,,,,,,,,,,,,,,,,,,,,,,,,,,,,,,,,,,,,,,,,,,,,,,,,,,,,,,,,,,,,,
3121,65.0,2.0,0.0,365000.0,1.0,,1.0,1.0,,1.0,1.0,1.0,,,Tunis,Carthage,Appartement,vente,36.8065,10.1815,5615.384615384615,32.5,0.0,,,,,,,,,,,,,,,,,,,,,,,,,,,,,,,,,,,,,,,,,,,,,,,,,,,,,,,,,,,,,,,,,,,,,,,,,,,
3122,135.0,3.0,1.0,365000.0,1.0,,1.0,1.0,,1.0,1.0,1.0,,,Tunis,Carthage,Appartement,vente,36.8065,10.1815,2703.703703703704,45.0,1.0,,,,,,,,,,,,,,,,,,,,,,,,,,,,,,,,,,,,,,,,,,,,,,,,,,,,,,,,,,,,,,,,,,,,,,,,,,,
3123,106.0,3.0,,365000.0,1.0,,1.0,1.0,,1.0,1.0,1.0,,,Tunis,Carthage,Appartement,vente,36.8065,10.1815,3443.396226415094,35.333333333333336,0.0,,,,,,,,,,,,,,,,,,,,,,,,,,,,,,,,,,,,,,,,,,,,,,,,,,,,,,,,,,,,,,,,,,,,,,,,,,,
3124,120.0,,,,1.0,,,,,,,1.0,1.0,1.0,,Lac,Appartement,vente,,,,,0.0,,,,,,,,,,,,,,,,,,,,,,,,,,,,,,,,,,,,,,,,,,,,,,,,,,,,,,,,,,,,,,,,,,,,,,,,,,,
3125,92.0,3.0,,365000.0,1.0,,1.0,1.0,,1.0,1.0,1.0,,,Tunis,Carthage,Appartement,vente,36.8065,10.1815,3967.391304347826,30.666666666666668,0.0,,,,,,,,,,,,,,,,,,,,,,,,,,,,,,,,,,,,,,,,,,,,,,,,,,,,,,,,,,,,,,,,,,,,,,,,,,,
3126,,,,275000.0,,,1.0,1.0,,1.0,,1.0,1.0,,,Cité El Wafa Mrezga,Appartement,vente,,,,,0.0,,,,,,,,,,,,,,,,,,,,,,,,,,,,,,,,,,,,,,,,,,,,-0.037560135,-0.098690584,-0.16346458,-0.04991633,-0.10285268,0.03831653,-0.043118518,-0.067566276,0.008462816,0.0727222,0.16020389,0.04451436,-0.092509255,0.10432686,-0.057361323,-0.08470463,-0.05526095,0.10655661,0.060106333,-0.04879152,-0.015104496,-0.06690004,-0.0045474237,0.044888303,-0.075605415,-0.06374736,-0.023543911,0.019429468,0.019540235,-0.0341729,-0.057794366,0.06820768
3127,176.0,4.0,1.0,365000.0,1.0,,1.0,1.0,,1.0,1.0,1.0,,,Tunis,Carthage,Appartement,vente,36.8065,10.1815,2073.8636363636365,44.0,1.0,,,,,,,,,,,,,,,,,,,,,,,,,,,,,,,,,,,,,,,,,,,,,,,,,,,,,,,,,,,,,,,,,,,,,,,,,,,
3128,75.0,,2.0,125000.0,,,,,,,,,,,Tunis,Hammamet,Appartement,vente,36.8065,10.1815,1666.6666666666667,,0.0,,,,,,,,,,,,,,,,,,,,,,,,,,,,,,,,,,,,,,,,,,,,,,,,,,,,,,,,,,,,,,,,,,,,,,,,,,,
3129,120.0,,,250000.0,,,,,,,,,,,Tunis,Hammamet Nord,Appartement,vente,36.8065,10.1815,2083.3333333333335,,0.0,,,,,,,,,,,,,,,,,,,,,,,,,,,,,,,,,,,,,,,,,,,,,,,,,,,,,,,,,,,,,,,,,,,,,,,,,,,
3130,,,,130000.0,,,,,,,,,,,,,Appartement,vente,,,,,0.0,,,,,,,,,,,,,,,,,,,,,,,,,,,,,,,,,,,,,,,,,,,,,,,,,,,,,,,,,,,,,,,,,,,,,,,,,,,
3131,162.0,,1.0,380000.0,,1.0,,,,,1.0,,,,Ariana,Ariana,Appartement,vente,36.8625,10.1956,2345.679012345679,,0.0,,,,,,,,,,,,,,,,,,,,,,,,,,,,,,,,,,,,,,,,,,,,,,,,,,,,,,,,,,,,,,,,,,,,,,,,,,,
3132,147.0,4.0,1.0,353000.0,,,1.0,1.0,,1.0,,1.0,,,Tunis,La Nouvelle Medina,Appartement,vente,36.8065,10.1815,2401.360544217687,36.75,0.0,,,,,,,,,,,,,,,,,,,,,,,,,,,,,,,,,,,,,,,,,,,,,,,,,,,,,,,,,,,,,,,,,,,,,,,,,,,
3133,,4.0,2.0,,,,,,,,,,,1.0,Tunis,Carthage,Appartement,vente,36.8065,10.1815,,,0.0,,,,,,,,,,,,,,,,,,,,,,,,,,,,,,,,,,,,,,,,,,,,,,,,,,,,,,,,,,,,,,,,,,,,,,,,,,,
3134,,2.0,,100000.0,,,,,,,,,,,Tunis,Kelibia,Appartement,vente,36.8065,10.1815,,,0.0,,,,,,,,,,,,,,,,,,,,,,,,,,,,,,,,,,,,,,,,,,,,,,,,,,,,,,,,,,,,,,,,,,,,,,,,,,,
3135,,,,215000.0,,,,,,,,,,,Tunis,Manouba,Appartement,vente,36.8065,10.1815,,,0.0,,,,,,,,,,,,,,,,,,,,,,,,,,,,,,,,,,,,,,,,,,,,,,,,,,,,,,,,,,,,,,,,,,,,,,,,,,,
3136,107.0,,0.0,195000.0,,1.0,1.0,,,,,,,,Tunis,Essaha,Appartement,vente,36.8065,10.1815,1822.4299065420562,,0.0,,,,,,,,,,,,,,,,,,,,,,,,,,,,,,,,,,,,,,,,,,,,,,,,,,,,,,,,,,,,,,,,,,,,,,,,,,,
3137,,3.0,2.0,195000.0,,,,,,,,,,1.0,Tunis,Carthage,Appartement,vente,36.8065,10.1815,,,0.0,,,,,,,,,,,,,,,,,,,,,,,,,,,,,,,,,,,,,,,,,,,,,,,,,,,,,,,,,,,,,,,,,,,,,,,,,,,
3138,120.0,,0.0,400000.0,,1.0,,,1.0,,,,,1.0,Tunis,Olfa Cité Nour Jaefer Ariena,Appartement,vente,36.8065,10.1815,3333.3333333333335,,0.0,,,,,,,,,,,,,,,,,,,,,,,,,,,,,,,,,,,,,,,,,,,,,,,,,,,,,,,,,,,,,,,,,,,,,,,,,,,
3139,130.0,4.0,,295000.0,,,1.0,1.0,,,,1.0,,,,L'Aouina,Appartement,vente,,,2269.230769230769,32.5,0.0,,,,,,,,,,,,,,,,,,,,,,,,,,,,,,,,,,,,,,,,,,,,,,,,,,,,,,,,,,,,,,,,,,,,,,,,,,,
3140,116.0,2.0,,345000.0,,1.0,1.0,1.0,,,,,,,,L'Aouina,Appartement,vente,,,2974.137931034483,58.0,0.0,,,,,,,,,,,,,,,,,,,,,,,,,,,,,,,,,,,,,,,,,,,,,,,,,,,,,,,,,,,,,,,,,,,,,,,,,,,
3141,59.0,3.0,,200000.0,1.0,,1.0,1.0,,1.0,,1.0,,,Tunis,Carthage,Appartement,vente,36.8065,10.1815,3389.830508474576,19.666666666666668,0.0,,,,,,,,,,,,,,,,,,,,,,,,,,,,,,,,,,,,,,,,,,,,,,,,,,,,,,,,,,,,,,,,,,,,,,,,,,,
3142,83.0,3.0,,355000.0,1.0,,,,,,,,,,,Cité El Wafa Mrezga,Appartement,vente,,,4277.108433734939,27.666666666666668,0.0,,,,,,,,,,,,,,,,,,,,,,,,,,,,,,,,,,,,,,,,,,,,,,,,,,,,,,,,,,,,,,,,,,,,,,,,,,,
3143,63.0,,2.0,215000.0,,,,,,,,,,,Tunis,Ain Zaghouan,Appartement,vente,36.8065,10.1815,3412.6984126984125,,0.0,,,,,,,,,,,,,,,,,,,,,,,,,,,,,,,,,,,,,,,,,,,,,,,,,,,,,,,,,,,,,,,,,,,,,,,,,,,
3144,175.0,4.0,0.0,400000.0,,1.0,1.0,1.0,,,,1.0,,,Tunis,Ariana Ville,Appartement,vente,36.8065,10.1815,2285.714285714286,43.75,0.0,,,,,,,,,,,,,,,,,,,,,,,,,,,,,,,,,,,,,,,,,,,,,,,,,,,,,,,,,,,,,,,,,,,,,,,,,,,
3145,,,,315000.0,,,,,,,,1.0,,,,L'Aouina,Appartement,vente,,,,,0.0,,,,,,,,,,,,,,,,,,,,,,,,,,,,,,,,,,,,,,,,,,,,,,,,,,,,,,,,,,,,,,,,,,,,,,,,,,,
3146,170.0,4.0,1.0,305000.0,,,1.0,1.0,,,,,,1.0,Tunis,Hammamet Nord,Appartement,vente,36.8065,10.1815,1794.1176470588234,42.5,0.0,,,,,,,,,,,,,,,,,,,,,,,,,,,,,,,,,,,,,,,,,,,,,,,,,,,,,,,,,,,,,,,,,,,,,,,,,,,
3147,,2.0,,215000.0,,,1.0,1.0,,,,1.0,,,Tunis,Soukra,Appartement,vente,36.8065,10.1815,,,0.0,,,,,,,,,,,,,,,,,,,,,,,,,,,,,,,,,,,,,,,,,,,,,,,,,,,,,,,,,,,,,,,,,,,,,,,,,,,
3148,,2.0,,179000.0,,,,,,,,,,,,,Appartement,vente,,,,,0.0,,,,,,,,,,,,,,,,,,,,,,,,,,,,,,,,,,,,,,,,,,,,,,,,,,,,,,,,,,,,,,,,,,,,,,,,,,,
3149,,4.0,,,,,1.0,1.0,,,,1.0,,,Tunis,Centre Urbain Nord,Appartement,vente,36.8065,10.1815,,,0.0,,,,,,,,,,,,,,,,,,,,,,,,,,,,,,,,,,,,,,,,,,,,,,,,,,,,,,,,,,,,,,,,,,,,,,,,,,,
3150,165.0,,,280000.0,,1.0,1.0,1.0,,,,1.0,,,Tunis,Midoun,Appartement,vente,36.8065,10.1815,1696.969696969697,,0.0,,,,,,,,,,,,,,,,,,,,,,,,,,,,,,,,,,,,,,,,,,,,,,,,,,,,,,,,,,,,,,,,,,,,,,,,,,,
3151,111.0,2.0,,,1.0,,1.0,1.0,,1.0,,,,,,,Appartement,vente,,,,55.5,0.0,,,,,,,,,,,,,,,,,,,,,,,,,,,,,,,,,,,,,,,,,,,,-0.06498756,0.034407597,-0.051489558,-0.12159904,0.065203026,-0.023027034,0.06655432,0.036747236,0.08655763,0.09478963,0.042499606,-0.08540991,-0.07866608,-0.04510654,0.020360934,0.011105796,-0.09574209,-0.0434585,0.017918956,0.038997672,0.056308534,-0.07330872,-0.02536286,0.07336962,-0.051250175,0.05556039,-0.017993879,-0.025181388,0.09796177,-0.015268061,-0.013560219,0.0035598192
3152,70.0,2.0,,220000.0,,,,,,1.0,1.0,1.0,1.0,,Tunis,Hammamet,Appartement,vente,36.8065,10.1815,3142.8571428571427,35.0,0.0,,,,,,,,,,,,,,,,,,,,,,,,,,,,,,,,,,,,,,,,,,,,,,,,,,,,,,,,,,,,,,,,,,,,,,,,,,,
3153,60.0,2.0,2.0,225000.0,1.0,1.0,1.0,1.0,,1.0,,,,,Ariana,Ennasr,Appartement,vente,36.8625,10.1956,3750.0,30.0,2.0,,,,,,,,,,,,,,,,,,,,,,,,,,,,,,,,,,,,,,,,,,,,,,,,,,,,,,,,,,,,,,,,,,,,,,,,,,,
3154,111.0,2.0,,,1.0,,1.0,1.0,,1.0,,,,,,,Appartement,vente,,,,55.5,0.0,,,,,,,,,,,,,,,,,,,,,,,,,,,,,,,,,,,,,,,,,,,,,,,,,,,,,,,,,,,,,,,,,,,,,,,,,,,
3155,111.0,2.0,,,1.0,,1.0,1.0,,1.0,,,,,,,Appartement,vente,,,,55.5,0.0,,,,,,,,,,,,,,,,,,,,,,,,,,,,,,,,,,,,,,,,,,,,,,,,,,,,,,,,,,,,,,,,,,,,,,,,,,,
3156,111.0,2.0,,,1.0,,1.0,1.0,,1.0,,,,,,,Appartement,vente,,,,55.5,0.0,,,,,,,,,,,,,,,,,,,,,,,,,,,,,,,,,,,,,,,,,,,,,,,,,,,,,,,,,,,,,,,,,,,,,,,,,,,
3157,111.0,2.0,,,1.0,,1.0,1.0,,1.0,,,,,,,Appartement,vente,,,,55.5,0.0,,,,,,,,,,,,,,,,,,,,,,,,,,,,,,,,,,,,,,,,,,,,,,,,,,,,,,,,,,,,,,,,,,,,,,,,,,,
3158,61.0,2.0,1.0,200000.0,,,,,,,,,,,Tunis,Ain Zaghouan,Appartement,vente,36.8065,10.1815,3278.688524590164,30.5,0.0,,,,,,,,,,,,,,,,,,,,,,,,,,,,,,,,,,,,,,,,,,,,,,,,,,,,,,,,,,,,,,,,,,,,,,,,,,,
3159,,3.0,,,,,,,,,,,,,Tunis,Hammamet Nord,Appartement,vente,36.8065,10.1815,,,0.0,,,,,,,,,,,,,,,,,,,,,,,,,,,,,,,,,,,,,,,,,,,,,,,,,,,,,,,,,,,,,,,,,,,,,,,,,,,
3160,85.0,,,280000.0,,,,,,,,,,,Sousse,Hammam Sousse,Appartement,vente,35.8245,10.6346,3294.1176470588234,,0.0,,,,,,,,,,,,,,,,,,,,,,,,,,,,,,,,,,,,,,,,,,,,,,,,,,,,,,,,,,,,,,,,,,,,,,,,,,,
3161,170.0,,,475000.0,,1.0,1.0,1.0,,,,,,1.0,Tunis,Nabeul,Appartement,vente,36.8065,10.1815,2794.1176470588234,,0.0,,,,,,,,,,,,,,,,,,,,,,,,,,,,,,,,,,,,,,,,,,,,,,,,,,,,,,,,,,,,,,,,,,,,,,,,,,,
3162,,2.0,,220000.0,1.0,1.0,,,1.0,,,1.0,,,Tunis,Soukra,Appartement,vente,36.8065,10.1815,,,0.0,,,,,,,,,,,,,,,,,,,,,,,,,,,,,,,,,,,,,,,,,,,,,,,,,,,,,,,,,,,,,,,,,,,,,,,,,,,
3163,200.0,,,250000.0,,,,,,,,,,,,,Appartement,vente,,,1250.0,,0.0,,,,,,,,,,,,,,,,,,,,,,,,,,,,,,,,,,,,,,,,,,,,,,,,,,,,,,,,,,,,,,,,,,,,,,,,,,,
3164,125.0,,0.0,,,,1.0,,,,1.0,,,,Tunis,Sourrour,Appartement,vente,36.8065,10.1815,,,0.0,,,,,,,,,,,,,,,,,,,,,,,,,,,,,,,,,,,,,,,,,,,,,,,,,,,,,,,,,,,,,,,,,,,,,,,,,,,
3165,,,,420000.0,,,,,,,,,,,,Baraket Essahel,Appartement,vente,,,,,0.0,,,,,,,,,,,,,,,,,,,,,,,,,,,,,,,,,,,,,,,,,,,,,,,,,,,,,,,,,,,,,,,,,,,,,,,,,,,
3166,,,,350000.0,,,,,,,,,,,,Manar,Appartement,vente,,,,,0.0,,,,,,,,,,,,,,,,,,,,,,,,,,,,,,,,,,,,,,,,,,,,,,,,,,,,,,,,,,,,,,,,,,,,,,,,,,,
3167,123.0,3.0,,450000.0,,1.0,,,,,,1.0,,,Tunis,Marsa,Appartement,vente,36.8065,10.1815,3658.5365853658536,41.0,0.0,,,,,,,,,,,,,,,,,,,,,,,,,,,,,,,,,,,,,,,,,,,,,,,,,,,,,,,,,,,,,,,,,,,,,,,,,,,
3168,62.0,2.0,,230000.0,,,,,,,,,,,Tunis,Soukra,Appartement,vente,36.8065,10.1815,3709.6774193548385,31.0,0.0,,,,,,,,,,,,,,,,,,,,,,,,,,,,,,,,,,,,,,,,,,,,,,,,,,,,,,,,,,,,,,,,,,,,,,,,,,,
3169,,3.0,6.0,330000.0,1.0,,1.0,1.0,,,,1.0,,1.0,Tunis,Laouina,Appartement,vente,36.8065,10.1815,,,6.0,,,,,,,,,,,,,,,,,,,,,,,,,,,,,,,,,,,,,,,,,,,,,,,,,,,,,,,,,,,,,,,,,,,,,,,,,,,
3170,153.0,2.0,,260000.0,,,1.0,1.0,,1.0,1.0,1.0,,1.0,Tunis,Soukra,Appartement,vente,36.8065,10.1815,1699.3464052287582,76.5,0.0,,,,,,,,,,,,,,,,,,,,,,,,,,,,,,,,,,,,,,,,,,,,,,,,,,,,,,,,,,,,,,,,,,,,,,,,,,,
3171,202.0,2.0,0.0,175000.0,,,,,,,1.0,1.0,,1.0,,,Appartement,vente,,,866.3366336633663,101.0,0.0,,,,,,,,,,,,,,,,,,,,,,,,,,,,,,,,,,,,,,,,,,,,-0.025729893,0.0054584676,-0.0025490264,-0.14786014,0.09542577,0.017060166,0.042337757,-0.09612717,0.105810374,0.047883898,0.06281006,0.13635784,-0.05284878,-0.071099944,-0.05364288,-0.08585019,-0.0025151982,-0.06501257,0.012981707,0.04487733,-0.09746202,0.007511075,-0.019838823,-0.025036145,-0.0010840032,0.03452086,-0.022813529,-0.0046781274,0.033106577,-0.023760537,-0.036715474,0.074730605
3172,,,,,,,,,,,,,,,,Yesmine,Appartement,vente,,,,,0.0,,,,,,,,,,,,,,,,,,,,,,,,,,,,,,,,,,,,,,,,,,,,,,,,,,,,,,,,,,,,,,,,,,,,,,,,,,,
3173,135.0,2.0,0.0,490000.0,,,,,,,1.0,1.0,,,Tunis,Hammamet Nord,Appartement,vente,36.8065,10.1815,3629.6296296296296,67.5,0.0,,,,,,,,,,,,,,,,,,,,,,,,,,,,,,,,,,,,,,,,,,,,,,,,,,,,,,,,,,,,,,,,,,,,,,,,,,,
3174,120.0,,,380000.0,,,1.0,1.0,,,,1.0,,,Tunis,Khzema,Appartement,vente,36.8065,10.1815,3166.6666666666665,,0.0,,,,,,,,,,,,,,,,,,,,,,,,,,,,,,,,,,,,,,,,,,,,,,,,,,,,,,,,,,,,,,,,,,,,,,,,,,,
3175,160.0,4.0,,,,,,,,,,,,,,,Appartement,vente,,,,40.0,0.0,,,,,,,,,,,,,,,,,,,,,,,,,,,,,,,,,,,,,,,,,,,,,,,,,,,,,,,,,,,,,,,,,,,,,,,,,,,
3176,63.0,2.0,0.0,490000.0,,,,,,,,1.0,1.0,,Tunis,Hammamet Nord,Appartement,vente,36.8065,10.1815,7777.777777777777,31.5,0.0,,,,,,,,,,,,,,,,,,,,,,,,,,,,,,,,,,,,,,,,,,,,,,,,,,,,,,,,,,,,,,,,,,,,,,,,,,,
3177,140.0,4.0,,430000.0,,,,,,,,,,,Tunis,Hammamet,Appartement,vente,36.8065,10.1815,3071.4285714285716,35.0,0.0,,,,,,,,,,,,,,,,,,,,,,,,,,,,,,,,,,,,,,,,,,,,,,,,,,,,,,,,,,,,,,,,,,,,,,,,,,,
3178,,,,205000.0,,,,,,,,,,,,,Appartement,vente,,,,,0.0,,,,,,,,,,,,,,,,,,,,,,,,,,,,,,,,,,,,,,,,,,,,,,,,,,,,,,,,,,,,,,,,,,,,,,,,,,,
3179,,3.0,,165000.0,,,,,,,,,,,Tunis,Kelibia,Appartement,vente,36.8065,10.1815,,,0.0,,,,,,,,,,,,,,,,,,,,,,,,,,,,,,,,,,,,,,,,,,,,,,,,,,,,,,,,,,,,,,,,,,,,,,,,,,,
3180,75.0,2.0,,130000.0,,,,,,,,,,,Tunis,Olfa Cité Nour Jaefer Ariena,Appartement,vente,36.8065,10.1815,1733.3333333333333,37.5,0.0,,,,,,,,,,,,,,,,,,,,,,,,,,,,,,,,,,,,,,,,,,,,,,,,,,,,,,,,,,,,,,,,,,,,,,,,,,,
3181,,3.0,,,,,,,,,,,,,,,Appartement,vente,,,,,0.0,,,,,,,,,,,,,,,,,,,,,,,,,,,,,,,,,,,,,,,,,,,,,,,,,,,,,,,,,,,,,,,,,,,,,,,,,,,
3182,54.0,,,206000.0,,,,,,,1.0,1.0,,1.0,Tunis,Soukra,Appartement,vente,36.8065,10.1815,3814.814814814815,,0.0,,,,,,,,,,,,,,,,,,,,,,,,,,,,,,,,,,,,,,,,,,,,,,,,,,,,,,,,,,,,,,,,,,,,,,,,,,,
3183,117.0,3.0,6.0,180000.0,,,,,,,,,,,Tunis,Nkhilette,Appartement,vente,36.8065,10.1815,1538.4615384615386,39.0,0.0,,,,,,,,,,,,,,,,,,,,,,,,,,,,,,,,,,,,,,,,,,,,,,,,,,,,,,,,,,,,,,,,,,,,,,,,,,,
3184,107.0,3.0,,126000.0,,,,,,,,,,,Sousse,Sousse,Appartement,vente,35.8245,10.6346,1177.5700934579438,35.666666666666664,0.0,,,,,,,,,,,,,,,,,,,,,,,,,,,,,,,,,,,,,,,,,,,,,,,,,,,,,,,,,,,,,,,,,,,,,,,,,,,
3185,90.0,3.0,,97000.0,,,,,,,,,,,Sousse,Sousse,Appartement,vente,35.8245,10.6346,1077.7777777777778,30.0,0.0,,,,,,,,,,,,,,,,,,,,,,,,,,,,,,,,,,,,,,,,,,,,,,,,,,,,,,,,,,,,,,,,,,,,,,,,,,,
3186,180.0,3.0,,380000.0,,,,1.0,,,,,1.0,,Tunis,Khzema,Appartement,vente,36.8065,10.1815,2111.1111111111113,60.0,0.0,,,,,,,,,,,,,,,,,,,,,,,,,,,,,,,,,,,,,,,,,,,,,,,,,,,,,,,,,,,,,,,,,,,,,,,,,,,
3187,108.0,3.0,4.0,287000.0,1.0,,1.0,1.0,,,,1.0,,,Manouba,Manouba,Appartement,vente,36.8095,10.098,2657.4074074074074,36.0,4.0,,,,,,,,,,,,,,,,,,,,,,,,,,,,,,,,,,,,,,,,,,,,,,,,,,,,,,,,,,,,,,,,,,,,,,,,,,,
3188,132.0,3.0,3.0,324000.0,1.0,,1.0,1.0,,,,1.0,,,Manouba,Manouba,Appartement,vente,36.8095,10.098,2454.5454545454545,44.0,3.0,,,,,,,,,,,,,,,,,,,,,,,,,,,,,,,,,,,,,,,,,,,,,,,,,,,,,,,,,,,,,,,,,,,,,,,,,,,
3189,160.0,4.0,,260000.0,1.0,,,,1.0,,,,,,Tunis,Sahloul,Appartement,vente,36.8065,10.1815,1625.0,40.0,0.0,,,,,,,,,,,,,,,,,,,,,,,,,,,,,,,,,,,,,,,,,,,,,,,,,,,,,,,,,,,,,,,,,,,,,,,,,,,
3190,,,,234000.0,,,,,,,,,,,Tunis,Khzema,Appartement,vente,36.8065,10.1815,,,0.0,,,,,,,,,,,,,,,,,,,,,,,,,,,,,,,,,,,,,,,,,,,,,,,,,,,,,,,,,,,,,,,,,,,,,,,,,,,
3191,180.0,3.0,,325000.0,,,,,,,,1.0,,1.0,Sousse,Citer Caserne,Appartement,vente,35.8245,10.6346,1805.5555555555557,60.0,0.0,,,,,,,,,,,,,,,,,,,,,,,,,,,,,,,,,,,,,,,,,,,,,,,,,,,,,,,,,,,,,,,,,,,,,,,,,,,
3192,,,,93000.0,,,,,,,,,,,Tunis,Fouchana,Appartement,vente,36.8065,10.1815,,,0.0,,,,,,,,,,,,,,,,,,,,,,,,,,,,,,,,,,,,,,,,,,,,,,,,,,,,,,,,,,,,,,,,,,,,,,,,,,,
3193,111.0,2.0,,,1.0,,1.0,1.0,,1.0,,,,,,,Appartement,vente,,,,55.5,0.0,,,,,,,,,,,,,,,,,,,,,,,,,,,,,,,,,,,,,,,,,,,,,,,,,,,,,,,,,,,,,,,,,,,,,,,,,,,
3194,92.0,,,135000.0,,,,,,,,,,,Tunis,Carthage,Appartement,vente,36.8065,10.1815,1467.391304347826,,0.0,,,,,,,,,,,,,,,,,,,,,,,,,,,,,,,,,,,,,,,,,,,,,,,,,,,,,,,,,,,,,,,,,,,,,,,,,,,
3195,160.0,,0.0,550000.0,,,,,1.0,,1.0,,,,Tunis,Montfleury,Appartement,vente,36.8065,10.1815,3437.5,,0.0,,,,,,,,,,,,,,,,,,,,,,,,,,,,,,,,,,,,,,,,,,,,,,,,,,,,,,,,,,,,,,,,,,,,,,,,,,,
3196,,2.0,,159000.0,,,,,,,,,,,,Ezahra Hammem El Ghzez,Appartement,vente,,,,,0.0,,,,,,,,,,,,,,,,,,,,,,,,,,,,,,,,,,,,,,,,,,,,,,,,,,,,,,,,,,,,,,,,,,,,,,,,,,,
3197,81.0,2.0,1.0,,,,,,,,,1.0,,,Tunis,Carthage,Appartement,vente,36.8065,10.1815,,40.5,0.0,,,,,,,,,,,,,,,,,,,,,,,,,,,,,,,,,,,,,,,,,,,,,,,,,,,,,,,,,,,,,,,,,,,,,,,,,,,
3198,111.0,2.0,,,1.0,,1.0,1.0,,1.0,,,,,,,Appartement,vente,,,,55.5,0.0,,,,,,,,,,,,,,,,,,,,,,,,,,,,,,,,,,,,,,,,,,,,,,,,,,,,,,,,,,,,,,,,,,,,,,,,,,,
3199,124.0,,4.0,395000.0,,,,,,,,1.0,,1.0,Tunis,Soukra,Appartement,vente,36.8065,10.1815,3185.483870967742,,0.0,,,,,,,,,,,,,,,,,,,,,,,,,,,,,,,,,,,,,,,,,,,,-0.1587448,0.03222731,0.004857386,-0.04326554,0.044190563,-0.105033964,0.04508117,-0.017331537,-0.11317319,0.036252275,0.030491088,0.17258917,0.07829889,-0.023207303,0.12490984,-0.033608064,0.016358802,0.052721962,-0.029407503,0.060747832,-0.043583047,-0.06415358,-0.0015421149,-0.02850654,0.013279649,-0.0128086405,0.024970617,-0.031178331,-0.11953854,0.037414808,0.06591228,-0.015584223
3200,110.0,4.0,2.0,230000.0,,1.0,,,,,,,,1.0,Tunis,Nabeul,Appartement,vente,36.8065,10.1815,2090.909090909091,27.5,0.0,,,,,,,,,,,,,,,,,,,,,,,,,,,,,,,,,,,,,,,,,,,,,,,,,,,,,,,,,,,,,,,,,,,,,,,,,,,
3201,47.0,,,265000.0,,1.0,1.0,1.0,,,1.0,1.0,,,Tunis,La Soukra,Appartement,vente,36.8065,10.1815,5638.297872340426,,0.0,,,,,,,,,,,,,,,,,,,,,,,,,,,,,,,,,,,,,,,,,,,,,,,,,,,,,,,,,,,,,,,,,,,,,,,,,,,
3202,130.0,3.0,,270000.0,,,,,,,,,,,Tunis,Hammamet,Appartement,vente,36.8065,10.1815,2076.923076923077,43.333333333333336,0.0,,,,,,,,,,,,,,,,,,,,,,,,,,,,,,,,,,,,,,,,,,,,,,,,,,,,,,,,,,,,,,,,,,,,,,,,,,,
3203,,,,185000.0,,,,1.0,,,,,,,Tunis,Ain Zaghouan,Appartement,vente,36.8065,10.1815,,,0.0,,,,,,,,,,,,,,,,,,,,,,,,,,,,,,,,,,,,,,,,,,,,,,,,,,,,,,,,,,,,,,,,,,,,,,,,,,,
3204,70.0,,0.0,130000.0,,1.0,1.0,,,,,,,,Tunis,Ariana,Appartement,vente,36.8065,10.1815,1857.142857142857,,0.0,,,,,,,,,,,,,,,,,,,,,,,,,,,,,,,,,,,,,,,,,,,,,,,,,,,,,,,,,,,,,,,,,,,,,,,,,,,
3205,84.0,2.0,,145000.0,,1.0,,,,,,,,,Tunis,Hammamet,Appartement,vente,36.8065,10.1815,1726.1904761904761,42.0,0.0,,,,,,,,,,,,,,,,,,,,,,,,,,,,,,,,,,,,,,,,,,,,,,,,,,,,,,,,,,,,,,,,,,,,,,,,,,,
3206,,3.0,,,,,,,,,,,,,,Cité El Wafa Mrezga,Appartement,vente,,,,,0.0,,,,,,,,,,,,,,,,,,,,,,,,,,,,,,,,,,,,,,,,,,,,,,,,,,,,,,,,,,,,,,,,,,,,,,,,,,,
3207,107.0,,,350000.0,1.0,1.0,1.0,1.0,,,,1.0,1.0,,,Cité El Wafa,Appartement,vente,,,3271.0280373831774,,0.0,,,,,,,,,,,,,,,,,,,,,,,,,,,,,,,,,,,,,,,,,,,,,,,,,,,,,,,,,,,,,,,,,,,,,,,,,,,
3208,141.0,,,340000.0,1.0,1.0,,,,,,,,,Ariana,Ennasr,Appartement,vente,36.8625,10.1956,2411.3475177304963,,0.0,,,,,,,,,,,,,,,,,,,,,,,,,,,,,,,,,,,,,,,,,,,,,,,,,,,,,,,,,,,,,,,,,,,,,,,,,,,
3209,,,,312000.0,,1.0,,,,,1.0,1.0,1.0,1.0,Tunis,Ain Zaghouen Nord,Appartement,vente,36.8065,10.1815,,,0.0,,,,,,,,,,,,,,,,,,,,,,,,,,,,,,,,,,,,,,,,,,,,,,,,,,,,,,,,,,,,,,,,,,,,,,,,,,,
3210,161.0,3.0,0.0,465000.0,1.0,,,,,,1.0,,,1.0,,,Appartement,vente,,,2888.198757763975,53.666666666666664,0.0,,,,,,,,,,,,,,,,,,,,,,,,,,,,,,,,,,,,,,,,,,,,,,,,,,,,,,,,,,,,,,,,,,,,,,,,,,,
3211,85.0,3.0,,325000.0,1.0,1.0,1.0,1.0,,,1.0,1.0,1.0,,,Cité El Wafa Mrezga,Appartement,vente,,,3823.529411764706,28.333333333333332,0.0,,,,,,,,,,,,,,,,,,,,,,,,,,,,,,,,,,,,,,,,,,,,,,,,,,,,,,,,,,,,,,,,,,,,,,,,,,,
3212,,,,265000.0,,1.0,1.0,,,,,,,,Ariana,Ennasr,Appartement,vente,36.8625,10.1956,,,0.0,,,,,,,,,,,,,,,,,,,,,,,,,,,,,,,,,,,,,,,,,,,,,,,,,,,,,,,,,,,,,,,,,,,,,,,,,,,
3213,50.0,3.0,,265000.0,,,,,,,,,,,Tunis,Hamem Laghzez,Appartement,vente,36.8065,10.1815,5300.0,16.666666666666668,0.0,,,,,,,,,,,,,,,,,,,,,,,,,,,,,,,,,,,,,,,,,,,,,,,,,,,,,,,,,,,,,,,,,,,,,,,,,,,
3214,91.0,,,350000.0,1.0,1.0,1.0,1.0,,,,1.0,1.0,,,Cité El Wafa,Appartement,vente,,,3846.153846153846,,0.0,,,,,,,,,,,,,,,,,,,,,,,,,,,,,,,,,,,,,,,,,,,,,,,,,,,,,,,,,,,,,,,,,,,,,,,,,,,
3215,90.0,,,150000.0,,,,,,,,,,,,,Appartement,vente,,,1666.6666666666667,,0.0,,,,,,,,,,,,,,,,,,,,,,,,,,,,,,,,,,,,,,,,,,,,,,,,,,,,,,,,,,,,,,,,,,,,,,,,,,,
3216,120.0,3.0,,170000.0,,1.0,,,,,,,,,Tunis,Kram,Appartement,vente,36.8065,10.1815,1416.6666666666667,40.0,0.0,,,,,,,,,,,,,,,,,,,,,,,,,,,,,,,,,,,,,,,,,,,,,,,,,,,,,,,,,,,,,,,,,,,,,,,,,,,
3217,82.0,,0.0,,,,,,,,,,,,Sfax,Tunis,Appartement,vente,34.74,10.76,,,0.0,,,,,,,,,,,,,,,,,,,,,,,,,,,,,,,,,,,,,,,,,,,,,,,,,,,,,,,,,,,,,,,,,,,,,,,,,,,
3218,100.0,,7.0,240000.0,1.0,,,,,,,1.0,,,Tunis,Bhelwan,Appartement,vente,36.8065,10.1815,2400.0,,7.0,,,,,,,,,,,,,,,,,,,,,,,,,,,,,,,,,,,,,,,,,,,,,,,,,,,,,,,,,,,,,,,,,,,,,,,,,,,
3219,70.0,2.0,0.0,500000.0,,,,,,,,,,1.0,Tunis,Hammamet Nord,Appartement,vente,36.8065,10.1815,7142.857142857143,35.0,0.0,,,,,,,,,,,,,,,,,,,,,,,,,,,,,,,,,,,,,,,,,,,,,,,,,,,,,,,,,,,,,,,,,,,,,,,,,,,
3220,185.0,2.0,0.0,350000.0,,,,,,,,1.0,1.0,1.0,Tunis,Hammamet Nord,Appartement,vente,36.8065,10.1815,1891.8918918918919,92.5,0.0,,,,,,,,,,,,,,,,,,,,,,,,,,,,,,,,,,,,,,,,,,,,,,,,,,,,,,,,,,,,,,,,,,,,,,,,,,,
3221,90.0,3.0,,100000.0,,1.0,,,,,,,,,,Cité El Merdes,Appartement,vente,,,1111.111111111111,30.0,0.0,,,,,,,,,,,,,,,,,,,,,,,,,,,,,,,,,,,,,,,,,,,,,,,,,,,,,,,,,,,,,,,,,,,,,,,,,,,
3222,,3.0,3.0,170000.0,1.0,1.0,,,,,,,,,,Manar,Appartement,vente,,,,,3.0,,,,,,,,,,,,,,,,,,,,,,,,,,,,,,,,,,,,,,,,,,,,,,,,,,,,,,,,,,,,,,,,,,,,,,,,,,,
3223,,,,130000.0,,,,,,,,,,1.0,Tunis,Kélibia,Appartement,vente,36.8065,10.1815,,,0.0,,,,,,,,,,,,,,,,,,,,,,,,,,,,,,,,,,,,,,,,,,,,,,,,,,,,,,,,,,,,,,,,,,,,,,,,,,,
3224,43.0,,,255000.0,,,,,,,,,,,Tunis,Ain Zaghouen Nord,Appartement,vente,36.8065,10.1815,5930.232558139535,,0.0,,,,,,,,,,,,,,,,,,,,,,,,,,,,,,,,,,,,,,,,,,,,,,,,,,,,,,,,,,,,,,,,,,,,,,,,,,,
3225,112.0,,1.0,245000.0,,,1.0,1.0,,,,,,,Tunis,Hammamet Nord,Appartement,vente,36.8065,10.1815,2187.5,,0.0,,,,,,,,,,,,,,,,,,,,,,,,,,,,,,,,,,,,,,,,,,,,,,,,,,,,,,,,,,,,,,,,,,,,,,,,,,,
3226,60.0,,,245072.0,,,,,,,,,,,,Cité El Wafa Mrezga,Appartement,vente,,,4084.5333333333333,,0.0,,,,,,,,,,,,,,,,,,,,,,,,,,,,,,,,,,,,,,,,,,,,,,,,,,,,,,,,,,,,,,,,,,,,,,,,,,,
3227,170.0,,,,,,,,,,,,,1.0,,Cité El Wafa Mrezga,Appartement,vente,,,,,0.0,,,,,,,,,,,,,,,,,,,,,,,,,,,,,,,,,,,,,,,,,,,,,,,,,,,,,,,,,,,,,,,,,,,,,,,,,,,
3228,,2.0,,320000.0,,,,,,,,,,,Nabeul,Hammamet,Appartement,vente,36.4561,10.7376,,,0.0,,,,,,,,,,,,,,,,,,,,,,,,,,,,,,,,,,,,,,,,,,,,,,,,,,,,,,,,,,,,,,,,,,,,,,,,,,,
3229,100.0,3.0,,,1.0,,,,,,,1.0,,,Tunis,Hammamet,Appartement,vente,36.8065,10.1815,,33.333333333333336,0.0,,,,,,,,,,,,,,,,,,,,,,,,,,,,,,,,,,,,,,,,,,,,0.24512112,0.024740418,0.07988633,-0.10570935,-0.038877405,0.053945087,0.022643827,0.10897069,0.06106273,0.06829412,-0.04569616,-0.038878463,0.0563583,-0.05976753,-0.00061152596,0.005476922,0.006370062,-0.09562024,-0.011021951,-0.037066616,0.060750205,0.03908114,-0.018221494,0.0076762564,-0.025279138,0.009325556,0.008707648,-0.06044961,-0.061452277,0.005351476,-0.05949588,-0.011668144
3230,62.0,3.0,1.0,,,,,,,,,,,,Tunis,Hammamet,Appartement,vente,36.8065,10.1815,,20.666666666666668,0.0,,,,,,,,,,,,,,,,,,,,,,,,,,,,,,,,,,,,,,,,,,,,,,,,,,,,,,,,,,,,,,,,,,,,,,,,,,,
3231,,2.0,,210000.0,,,,,,,,,,,,Yasmine,Appartement,vente,,,,,0.0,,,,,,,,,,,,,,,,,,,,,,,,,,,,,,,,,,,,,,,,,,,,,,,,,,,,,,,,,,,,,,,,,,,,,,,,,,,
3232,69.0,,,210000.0,1.0,,1.0,,,,1.0,1.0,,1.0,Tunis,Hammamet,Appartement,vente,36.8065,10.1815,3043.478260869565,,0.0,,,,,,,,,,,,,,,,,,,,,,,,,,,,,,,,,,,,,,,,,,,,,,,,,,,,,,,,,,,,,,,,,,,,,,,,,,,
3233,202.0,2.0,0.0,175000.0,,,,,,,1.0,1.0,,1.0,,,Appartement,vente,,,866.3366336633663,101.0,0.0,,,,,,,,,,,,,,,,,,,,,,,,,,,,,,,,,,,,,,,,,,,,-0.026432028,0.0042299186,-0.00242027,-0.14799027,0.095784135,0.017291503,0.04198475,-0.09600051,0.10557059,0.047683246,0.06282931,0.13673761,-0.05281822,-0.071193695,-0.053844802,-0.085873246,-0.0025636014,-0.065608025,0.012435182,0.04504905,-0.09745017,0.00782242,-0.01996143,-0.025092792,-0.0012574474,0.034493223,-0.023120461,-0.005095382,0.03345013,-0.023982363,-0.03730832,0.075157814
3234,170.0,4.0,2.0,420000.0,1.0,,,,,,,,,,,,Appartement,vente,,,2470.5882352941176,42.5,2.0,,,,,,,,,,,,,,,,,,,,,,,,,,,,,,,,,,,,,,,,,,,,,,,,,,,,,,,,,,,,,,,,,,,,,,,,,,,
3235,,,,300000.0,,1.0,1.0,1.0,,,,,,,Ariana,Ennasr,Appartement,vente,36.8625,10.1956,,,0.0,,,,,,,,,,,,,,,,,,,,,,,,,,,,,,,,,,,,,,,,,,,,,,,,,,,,,,,,,,,,,,,,,,,,,,,,,,,
3236,,2.0,,120000.0,,,,,1.0,,,,,,Tunis,Carthage,Appartement,vente,36.8065,10.1815,,,0.0,,,,,,,,,,,,,,,,,,,,,,,,,,,,,,,,,,,,,,,,,,,,,,,,,,,,,,,,,,,,,,,,,,,,,,,,,,,
3237,112.0,4.0,,360000.0,,,,,,,,,,,Tunis,Marsa,Appartement,vente,36.8065,10.1815,3214.285714285714,28.0,0.0,,,,,,,,,,,,,,,,,,,,,,,,,,,,,,,,,,,,,,,,,,,,,,,,,,,,,,,,,,,,,,,,,,,,,,,,,,,
3238,,,0.0,210000.0,,,,,,,1.0,1.0,,,Tunis,Jardin D'El Menzah,Appartement,vente,36.8065,10.1815,,,0.0,,,,,,,,,,,,,,,,,,,,,,,,,,,,,,,,,,,,,,,,,,,,,,,,,,,,,,,,,,,,,,,,,,,,,,,,,,,
3239,138.0,,,,,1.0,1.0,1.0,,1.0,1.0,,,1.0,Tunis,La Soukra,Appartement,vente,36.8065,10.1815,,,0.0,,,,,,,,,,,,,,,,,,,,,,,,,,,,,,,,,,,,,,,,,,,,,,,,,,,,,,,,,,,,,,,,,,,,,,,,,,,
3240,114.0,3.0,0.0,305000.0,1.0,,1.0,1.0,,1.0,,1.0,,,Tunis,La Nouvelle Medina,Appartement,vente,36.8065,10.1815,2675.438596491228,38.0,0.0,,,,,,,,,,,,,,,,,,,,,,,,,,,,,,,,,,,,,,,,,,,,,,,,,,,,,,,,,,,,,,,,,,,,,,,,,,,
3241,100.0,3.0,5.0,245000.0,,,,,,,1.0,1.0,,,,L'Aouina,Appartement,vente,,,2450.0,33.333333333333336,0.0,,,,,,,,,,,,,,,,,,,,,,,,,,,,,,,,,,,,,,,,,,,,,,,,,,,,,,,,,,,,,,,,,,,,,,,,,,,
3242,,2.0,,150000.0,,,,,,,,,,,Tunis,Hammamet,Appartement,vente,36.8065,10.1815,,,0.0,,,,,,,,,,,,,,,,,,,,,,,,,,,,,,,,,,,,,,,,,,,,,,,,,,,,,,,,,,,,,,,,,,,,,,,,,,,
3243,,3.0,,420000.0,,,1.0,1.0,,,,,1.0,,,,Appartement,vente,,,,,0.0,,,,,,,,,,,,,,,,,,,,,,,,,,,,,,,,,,,,,,,,,,,,,,,,,,,,,,,,,,,,,,,,,,,,,,,,,,,
3244,160.0,,2.0,350000.0,,1.0,,,,,,,,,Tunis,Montfleury,Appartement,vente,36.8065,10.1815,2187.5,,0.0,,,,,,,,,,,,,,,,,,,,,,,,,,,,,,,,,,,,,,,,,,,,,,,,,,,,,,,,,,,,,,,,,,,,,,,,,,,
3245,47.0,,,175000.0,,,,,,,,,,,,L'Aouina,Appartement,vente,,,3723.404255319149,,0.0,,,,,,,,,,,,,,,,,,,,,,,,,,,,,,,,,,,,,,,,,,,,,,,,,,,,,,,,,,,,,,,,,,,,,,,,,,,
3246,71.0,,0.0,190000.0,,,1.0,1.0,,,,,,,,L'Aouina,Appartement,vente,,,2676.056338028169,,0.0,,,,,,,,,,,,,,,,,,,,,,,,,,,,,,,,,,,,,,,,,,,,,,,,,,,,,,,,,,,,,,,,,,,,,,,,,,,
3247,,4.0,,320000.0,,,1.0,1.0,,,,1.0,,,Tunis,Makni,Appartement,vente,36.8065,10.1815,,,0.0,,,,,,,,,,,,,,,,,,,,,,,,,,,,,,,,,,,,,,,,,,,,,,,,,,,,,,,,,,,,,,,,,,,,,,,,,,,
3248,80.0,,2.0,180000.0,,1.0,1.0,1.0,,,,1.0,,1.0,Tunis,Nkhilette,Appartement,vente,36.8065,10.1815,2250.0,,0.0,,,,,,,,,,,,,,,,,,,,,,,,,,,,,,,,,,,,,,,,,,,,,,,,,,,,,,,,,,,,,,,,,,,,,,,,,,,
3249,70.0,2.0,5.0,330000.0,,1.0,,,,,,,,,Sousse,Hammam Sousse,Appartement,vente,35.8245,10.6346,4714.285714285715,35.0,0.0,,,,,,,,,,,,,,,,,,,,,,,,,,,,,,,,,,,,,,,,,,,,,,,,,,,,,,,,,,,,,,,,,,,,,,,,,,,
3250,202.0,2.0,0.0,175000.0,,,,,,,1.0,1.0,,1.0,,,Appartement,vente,,,866.3366336633663,101.0,0.0,,,,,,,,,,,,,,,,,,,,,,,,,,,,,,,,,,,,,,,,,,,,,,,,,,,,,,,,,,,,,,,,,,,,,,,,,,,
3251,160.0,4.0,1.0,,,,,,,,,,,1.0,,,Appartement,vente,,,,40.0,0.0,,,,,,,,,,,,,,,,,,,,,,,,,,,,,,,,,,,,,,,,,,,,,,,,,,,,,,,,,,,,,,,,,,,,,,,,,,,
3252,141.0,4.0,1.0,420000.0,,,1.0,1.0,,,,,,1.0,Tunis,La Soukra,Appartement,vente,36.8065,10.1815,2978.723404255319,35.25,0.0,,,,,,,,,,,,,,,,,,,,,,,,,,,,,,,,,,,,,,,,,,,,,,,,,,,,,,,,,,,,,,,,,,,,,,,,,,,
3253,220.0,4.0,,530000.0,,,,,,,,1.0,,,Tunis,Menzah,Appartement,vente,36.8065,10.1815,2409.090909090909,55.0,0.0,,,,,,,,,,,,,,,,,,,,,,,,,,,,,,,,,,,,,,,,,,,,,,,,,,,,,,,,,,,,,,,,,,,,,,,,,,,
3254,160.0,4.0,,,,,,,,,,,,,,,Appartement,vente,,,,40.0,0.0,,,,,,,,,,,,,,,,,,,,,,,,,,,,,,,,,,,,,,,,,,,,0.18078066,-0.0015989859,0.1205839,-0.051675823,0.0042684413,0.021010809,-0.038450114,-0.14908722,0.13866669,0.05803079,0.019555662,-0.013245664,0.15535648,-0.03493639,0.018655106,-0.10345124,-0.073262736,-0.050325718,-0.01560433,-0.017473456,0.016078189,-0.029364094,0.045931004,0.024486624,-0.006450726,0.004678675,-0.12944196,-0.0297356,-0.0072578336,0.0011317915,-0.03147372,-0.02363361
3255,60.0,,,,,1.0,1.0,1.0,,,,,,,Tunis,Mahdia,Appartement,vente,36.8065,10.1815,,,0.0,,,,,,,,,,,,,,,,,,,,,,,,,,,,,,,,,,,,,,,,,,,,,,,,,,,,,,,,,,,,,,,,,,,,,,,,,,,
3256,143.0,3.0,,320000.0,,,,,,,,,,,Tunis,Hammamet,Appartement,vente,36.8065,10.1815,2237.762237762238,47.666666666666664,0.0,,,,,,,,,,,,,,,,,,,,,,,,,,,,,,,,,,,,,,,,,,,,,,,,,,,,,,,,,,,,,,,,,,,,,,,,,,,
3257,120.0,3.0,,450000.0,,1.0,,,,,,,,1.0,Sousse,Sousse,Appartement,vente,35.8245,10.6346,3750.0,40.0,0.0,,,,,,,,,,,,,,,,,,,,,,,,,,,,,,,,,,,,,,,,,,,,,,,,,,,,,,,,,,,,,,,,,,,,,,,,,,,
3258,118.0,,4.0,350000.0,,,,,,,,,,,Tunis,La Soukra,Appartement,vente,36.8065,10.1815,2966.101694915254,,0.0,,,,,,,,,,,,,,,,,,,,,,,,,,,,,,,,,,,,,,,,,,,,,,,,,,,,,,,,,,,,,,,,,,,,,,,,,,,
3259,120.0,,,390000.0,,,1.0,1.0,,,,1.0,,,,Cité El Wafa Mrezga,Appartement,vente,,,3250.0,,0.0,,,,,,,,,,,,,,,,,,,,,,,,,,,,,,,,,,,,,,,,,,,,,,,,,,,,,,,,,,,,,,,,,,,,,,,,,,,
3260,110.0,4.0,,350000.0,,1.0,,,,,,,,,,,Appartement,vente,,,3181.818181818182,27.5,0.0,,,,,,,,,,,,,,,,,,,,,,,,,,,,,,,,,,,,,,,,,,,,,,,,,,,,,,,,,,,,,,,,,,,,,,,,,,,
3261,162.0,3.0,,395000.0,1.0,,1.0,1.0,,1.0,,1.0,,1.0,Tunis,Riadh El Andalous,Appartement,vente,36.8065,10.1815,2438.2716049382716,54.0,0.0,,,,,,,,,,,,,,,,,,,,,,,,,,,,,,,,,,,,,,,,,,,,,,,,,,,,,,,,,,,,,,,,,,,,,,,,,,,
3262,80.0,,,330000.0,,,,,,,,1.0,,,Tunis,Kantaoui,Appartement,vente,36.8065,10.1815,4125.0,,0.0,,,,,,,,,,,,,,,,,,,,,,,,,,,,,,,,,,,,,,,,,,,,,,,,,,,,,,,,,,,,,,,,,,,,,,,,,,,
3263,70.0,2.0,,450000.0,,,1.0,1.0,,,,1.0,,,Tunis,Gammarth,Appartement,vente,36.8065,10.1815,6428.571428571428,35.0,0.0,,,,,,,,,,,,,,,,,,,,,,,,,,,,,,,,,,,,,,,,,,,,,,,,,,,,,,,,,,,,,,,,,,,,,,,,,,,
3264,220.0,4.0,,240000.0,,,,,,,,,,,Tunis,Kelibia,Appartement,vente,36.8065,10.1815,1090.909090909091,55.0,0.0,,,,,,,,,,,,,,,,,,,,,,,,,,,,,,,,,,,,,,,,,,,,,,,,,,,,,,,,,,,,,,,,,,,,,,,,,,,
3265,100.0,3.0,,315000.0,,1.0,,,,,,,,,Tunis,Ain Zaghouan,Appartement,vente,36.8065,10.1815,3150.0,33.333333333333336,0.0,,,,,,,,,,,,,,,,,,,,,,,,,,,,,,,,,,,,,,,,,,,,,,,,,,,,,,,,,,,,,,,,,,,,,,,,,,,
3266,160.0,4.0,1.0,,,,,,,,,,,1.0,,,Appartement,vente,,,,40.0,0.0,,,,,,,,,,,,,,,,,,,,,,,,,,,,,,,,,,,,,,,,,,,,,,,,,,,,,,,,,,,,,,,,,,,,,,,,,,,
3267,95.0,3.0,,,,,,,,,,,,,,,Appartement,vente,,,,31.666666666666668,0.0,,,,,,,,,,,,,,,,,,,,,,,,,,,,,,,,,,,,,,,,,,,,,,,,,,,,,,,,,,,,,,,,,,,,,,,,,,,
3268,120.0,,0.0,486000.0,,,1.0,1.0,,,,1.0,1.0,1.0,,Yasmine,Appartement,vente,,,4050.0,,0.0,,,,,,,,,,,,,,,,,,,,,,,,,,,,,,,,,,,,,,,,,,,,,,,,,,,,,,,,,,,,,,,,,,,,,,,,,,,
3269,109.0,2.0,,600000.0,1.0,1.0,1.0,1.0,,1.0,,,,1.0,Tunis,Chott Mariem,Appartement,vente,36.8065,10.1815,5504.587155963302,54.5,0.0,,,,,,,,,,,,,,,,,,,,,,,,,,,,,,,,,,,,,,,,,,,,,,,,,,,,,,,,,,,,,,,,,,,,,,,,,,,
3270,,4.0,,200000.0,,,,,,,,,,,Tunis,Kelibia,Appartement,vente,36.8065,10.1815,,,0.0,,,,,,,,,,,,,,,,,,,,,,,,,,,,,,,,,,,,,,,,,,,,,,,,,,,,,,,,,,,,,,,,,,,,,,,,,,,
3271,141.0,4.0,0.0,370000.0,,,,,,,,,,1.0,Tunis,La Nouvelle Medina,Appartement,vente,36.8065,10.1815,2624.113475177305,35.25,0.0,,,,,,,,,,,,,,,,,,,,,,,,,,,,,,,,,,,,,,,,,,,,,,,,,,,,,,,,,,,,,,,,,,,,,,,,,,,
3272,131.0,,0.0,500000.0,,,,,1.0,,,,,,Tunis,Carthage,Appartement,vente,36.8065,10.1815,3816.793893129771,,0.0,,,,,,,,,,,,,,,,,,,,,,,,,,,,,,,,,,,,,,,,,,,,,,,,,,,,,,,,,,,,,,,,,,,,,,,,,,,
3273,56.0,,1.0,490000.0,,,1.0,1.0,,,,,,1.0,Tunis,Nabeul,Appartement,vente,36.8065,10.1815,8750.0,,0.0,,,,,,,,,,,,,,,,,,,,,,,,,,,,,,,,,,,,,,,,,,,,,,,,,,,,,,,,,,,,,,,,,,,,,,,,,,,
3274,111.0,,,245000.0,,1.0,,1.0,,1.0,,1.0,,,,Ezahra Hammem El Ghzez,Appartement,vente,,,2207.2072072072074,,0.0,,,,,,,,,,,,,,,,,,,,,,,,,,,,,,,,,,,,,,,,,,,,,,,,,,,,,,,,,,,,,,,,,,,,,,,,,,,
3275,145.0,3.0,6.0,385000.0,1.0,,,,,,,1.0,,,,,Appartement,vente,,,2655.1724137931033,48.333333333333336,6.0,,,,,,,,,,,,,,,,,,,,,,,,,,,,,,,,,,,,,,,,,,,,,,,,,,,,,,,,,,,,,,,,,,,,,,,,,,,
3276,168.0,4.0,5.0,380000.0,1.0,1.0,1.0,1.0,,1.0,,1.0,,,Tunis,Ennasser,Appartement,vente,36.8065,10.1815,2261.904761904762,42.0,5.0,,,,,,,,,,,,,,,,,,,,,,,,,,,,,,,,,,,,,,,,,,,,,,,,,,,,,,,,,,,,,,,,,,,,,,,,,,,
3277,116.0,3.0,,533600.0,1.0,,1.0,1.0,,,,,,,Tunis,Ain Zaghouen Nord,Appartement,vente,36.8065,10.1815,4600.0,38.666666666666664,0.0,,,,,,,,,,,,,,,,,,,,,,,,,,,,,,,,,,,,,,,,,,,,,,,,,,,,,,,,,,,,,,,,,,,,,,,,,,,
3278,125.0,3.0,,400000.0,,,1.0,1.0,,,,,,,Tunis,Nabeul,Appartement,vente,36.8065,10.1815,3200.0,41.666666666666664,0.0,,,,,,,,,,,,,,,,,,,,,,,,,,,,,,,,,,,,,,,,,,,,,,,,,,,,,,,,,,,,,,,,,,,,,,,,,,,
3279,160.0,4.0,,,,,,,,,,,,,,,Appartement,vente,,,,40.0,0.0,,,,,,,,,,,,,,,,,,,,,,,,,,,,,,,,,,,,,,,,,,,,,,,,,,,,,,,,,,,,,,,,,,,,,,,,,,,
3280,112.0,3.0,,220000.0,,,,,,,,,,,,,Appartement,vente,,,1964.2857142857142,37.333333333333336,0.0,,,,,,,,,,,,,,,,,,,,,,,,,,,,,,,,,,,,,,,,,,,,,,,,,,,,,,,,,,,,,,,,,,,,,,,,,,,
3281,,3.0,4.0,195000.0,1.0,1.0,1.0,,,,,1.0,,,,Manar,Appartement,vente,,,,,4.0,,,,,,,,,,,,,,,,,,,,,,,,,,,,,,,,,,,,,,,,,,,,,,,,,,,,,,,,,,,,,,,,,,,,,,,,,,,
3282,65.0,2.0,,239000.0,,,,,,1.0,,1.0,,,Tunis,Ain Zaghouan,Appartement,vente,36.8065,10.1815,3676.923076923077,32.5,0.0,,,,,,,,,,,,,,,,,,,,,,,,,,,,,,,,,,,,,,,,,,,,,,,,,,,,,,,,,,,,,,,,,,,,,,,,,,,
3283,234.0,,,124020.0,,,,,,,,,,,Tunis,Hammamet,Appartement,vente,36.8065,10.1815,530.0,,0.0,,,,,,,,,,,,,,,,,,,,,,,,,,,,,,,,,,,,,,,,,,,,,,,,,,,,,,,,,,,,,,,,,,,,,,,,,,,
3284,116.0,3.0,1.0,210000.0,1.0,1.0,,,,,,1.0,,,Sousse,Akouda,Appartement,vente,35.8245,10.6346,1810.344827586207,38.666666666666664,1.0,,,,,,,,,,,,,,,,,,,,,,,,,,,,,,,,,,,,,,,,,,,,,,,,,,,,,,,,,,,,,,,,,,,,,,,,,,,
3285,125.0,,0.0,300000.0,,1.0,1.0,1.0,,1.0,,1.0,,,Ariana,Soukra,Appartement,vente,36.8625,10.1956,2400.0,,0.0,,,,,,,,,,,,,,,,,,,,,,,,,,,,,,,,,,,,,,,,,,,,,,,,,,,,,,,,,,,,,,,,,,,,,,,,,,,
3286,68.0,,,,,,,,,,,,,,Tunis,Carthage,Appartement,vente,36.8065,10.1815,,,0.0,,,,,,,,,,,,,,,,,,,,,,,,,,,,,,,,,,,,,,,,,,,,,,,,,,,,,,,,,,,,,,,,,,,,,,,,,,,
3287,,3.0,,105000.0,1.0,,,,,,,,,,Tunis,Manouba,Appartement,vente,36.8065,10.1815,,,0.0,,,,,,,,,,,,,,,,,,,,,,,,,,,,,,,,,,,,,,,,,,,,,,,,,,,,,,,,,,,,,,,,,,,,,,,,,,,
3288,47.0,,,170000.0,,,,,,,,,,,Tunis,Tunis,Appartement,vente,36.8065,10.1815,3617.021276595745,,0.0,,,,,,,,,,,,,,,,,,,,,,,,,,,,,,,,,,,,,,,,,,,,,,,,,,,,,,,,,,,,,,,,,,,,,,,,,,,
3289,162.0,4.0,,550000.0,,1.0,,,,,,1.0,,,Tunis,Soukra,Appartement,vente,36.8065,10.1815,3395.061728395062,40.5,0.0,,,,,,,,,,,,,,,,,,,,,,,,,,,,,,,,,,,,,,,,,,,,,,,,,,,,,,,,,,,,,,,,,,,,,,,,,,,
3290,89.0,2.0,,120000.0,1.0,,,,,,,,,1.0,Tunis,El Ain,Appartement,vente,36.8065,10.1815,1348.314606741573,44.5,0.0,,,,,,,,,,,,,,,,,,,,,,,,,,,,,,,,,,,,,,,,,,,,,,,,,,,,,,,,,,,,,,,,,,,,,,,,,,,
3291,49.0,,0.0,169000.0,,,,,,,1.0,,,,Ariana,Ennasr,Appartement,vente,36.8625,10.1956,3448.9795918367345,,0.0,,,,,,,,,,,,,,,,,,,,,,,,,,,,,,,,,,,,,,,,,,,,,,,,,,,,,,,,,,,,,,,,,,,,,,,,,,,
3292,168.0,,,215000.0,,1.0,,,1.0,,,,,,Tunis,Hammamet Nord,Appartement,vente,36.8065,10.1815,1279.7619047619048,,0.0,,,,,,,,,,,,,,,,,,,,,,,,,,,,,,,,,,,,,,,,,,,,,,,,,,,,,,,,,,,,,,,,,,,,,,,,,,,
3293,,2.0,,300000.0,,1.0,1.0,1.0,,,,,,,Ariana,Ennasr,Appartement,vente,36.8625,10.1956,,,0.0,,,,,,,,,,,,,,,,,,,,,,,,,,,,,,,,,,,,,,,,,,,,,,,,,,,,,,,,,,,,,,,,,,,,,,,,,,,
3294,,3.0,,230000.0,1.0,,,,,,,1.0,,,Sousse,Sousse,Appartement,vente,35.8245,10.6346,,,0.0,,,,,,,,,,,,,,,,,,,,,,,,,,,,,,,,,,,,,,,,,,,,,,,,,,,,,,,,,,,,,,,,,,,,,,,,,,,
3295,100.0,,,245000.0,,,,,,,1.0,,,,Tunis,Hergla,Appartement,vente,36.8065,10.1815,2450.0,,0.0,,,,,,,,,,,,,,,,,,,,,,,,,,,,,,,,,,,,,,,,,,,,,,,,,,,,,,,,,,,,,,,,,,,,,,,,,,,
3296,113.0,3.0,,,,,,,,,,1.0,,,Tunis,Nabeul,Appartement,vente,36.8065,10.1815,,37.666666666666664,0.0,,,,,,,,,,,,,,,,,,,,,,,,,,,,,,,,,,,,,,,,,,,,,,,,,,,,,,,,,,,,,,,,,,,,,,,,,,,
3297,,2.0,,320000.0,,,,,,,,,,,Nabeul,Hammamet,Appartement,vente,36.4561,10.7376,,,0.0,,,,,,,,,,,,,,,,,,,,,,,,,,,,,,,,,,,,,,,,,,,,,,,,,,,,,,,,,,,,,,,,,,,,,,,,,,,
3298,98.0,3.0,,490000.0,,,,,,,,1.0,,,Tunis,Kantaoui,Appartement,vente,36.8065,10.1815,5000.0,32.666666666666664,0.0,,,,,,,,,,,,,,,,,,,,,,,,,,,,,,,,,,,,,,,,,,,,,,,,,,,,,,,,,,,,,,,,,,,,,,,,,,,
3299,160.0,4.0,,,,,,,,,,,,,,,Appartement,vente,,,,40.0,0.0,,,,,,,,,,,,,,,,,,,,,,,,,,,,,,,,,,,,,,,,,,,,,,,,,,,,,,,,,,,,,,,,,,,,,,,,,,,
3300,117.0,3.0,6.0,180000.0,,,,,,,,,,,Tunis,Nkhilette,Appartement,vente,36.8065,10.1815,1538.4615384615386,39.0,0.0,,,,,,,,,,,,,,,,,,,,,,,,,,,,,,,,,,,,,,,,,,,,,,,,,,,,,,,,,,,,,,,,,,,,,,,,,,,
3301,78.0,2.0,,220000.0,,1.0,,1.0,,,,,,,,Cité El Wafa Mrezga,Appartement,vente,,,2820.5128205128203,39.0,0.0,,,,,,,,,,,,,,,,,,,,,,,,,,,,,,,,,,,,,,,,,,,,,,,,,,,,,,,,,,,,,,,,,,,,,,,,,,,
3302,180.0,,0.0,250000.0,,,1.0,,,,1.0,,,,Tunis,Hammamet,Appartement,vente,36.8065,10.1815,1388.888888888889,,0.0,,,,,,,,,,,,,,,,,,,,,,,,,,,,,,,,,,,,,,,,,,,,,,,,,,,,,,,,,,,,,,,,,,,,,,,,,,,
3303,200.0,,,125000.0,,,,,1.0,,,,,,,Yasmine,Appartement,vente,,,625.0,,0.0,,,,,,,,,,,,,,,,,,,,,,,,,,,,,,,,,,,,,,,,,,,,,,,,,,,,,,,,,,,,,,,,,,,,,,,,,,,
3304,130.0,3.0,0.0,410000.0,,,1.0,1.0,,,,1.0,,1.0,,,Appartement,vente,,,3153.846153846154,43.333333333333336,0.0,,,,,,,,,,,,,,,,,,,,,,,,,,,,,,,,,,,,,,,,,,,,,,,,,,,,,,,,,,,,,,,,,,,,,,,,,,,
3305,72.0,2.0,,,,,,,,1.0,,,,,Tunis,Laouina,Appartement,vente,36.8065,10.1815,,36.0,0.0,,,,,,,,,,,,,,,,,,,,,,,,,,,,,,,,,,,,,,,,,,,,,,,,,,,,,,,,,,,,,,,,,,,,,,,,,,,
3306,150.0,3.0,,250000.0,,,,,,,,,,,Tunis,Kelibia,Appartement,vente,36.8065,10.1815,1666.6666666666667,50.0,0.0,,,,,,,,,,,,,,,,,,,,,,,,,,,,,,,,,,,,,,,,,,,,,,,,,,,,,,,,,,,,,,,,,,,,,,,,,,,
3307,75.0,,,210000.0,,,1.0,1.0,,,,1.0,,,,Yasmine,Appartement,vente,,,2800.0,,0.0,,,,,,,,,,,,,,,,,,,,,,,,,,,,,,,,,,,,,,,,,,,,,,,,,,,,,,,,,,,,,,,,,,,,,,,,,,,
3308,100.0,3.0,,440000.0,,,,,,,,,,,Tunis,Kantaoui,Appartement,vente,36.8065,10.1815,4400.0,33.333333333333336,0.0,,,,,,,,,,,,,,,,,,,,,,,,,,,,,,,,,,,,,,,,,,,,,,,,,,,,,,,,,,,,,,,,,,,,,,,,,,,
3309,84.0,2.0,,145000.0,,1.0,,,,,,,1.0,,Nabeul,Hammamet,Appartement,vente,36.4561,10.7376,1726.1904761904761,42.0,0.0,,,,,,,,,,,,,,,,,,,,,,,,,,,,,,,,,,,,,,,,,,,,,,,,,,,,,,,,,,,,,,,,,,,,,,,,,,,
3310,202.0,,,320000.0,,,,,,,,,,1.0,,Cité El Wafa Mrezga,Appartement,vente,,,1584.1584158415842,,0.0,,,,,,,,,,,,,,,,,,,,,,,,,,,,,,,,,,,,,,,,,,,,,,,,,,,,,,,,,,,,,,,,,,,,,,,,,,,
3311,77.0,2.0,,239000.0,,,1.0,1.0,,,,,,,,L'Aouina,Appartement,vente,,,3103.896103896104,38.5,0.0,,,,,,,,,,,,,,,,,,,,,,,,,,,,,,,,,,,,,,,,,,,,,,,,,,,,,,,,,,,,,,,,,,,,,,,,,,,
3312,100.0,3.0,,250000.0,,,1.0,1.0,,,,,,,Tunis,Hammamet,Appartement,vente,36.8065,10.1815,2500.0,33.333333333333336,0.0,,,,,,,,,,,,,,,,,,,,,,,,,,,,,,,,,,,,,,,,,,,,,,,,,,,,,,,,,,,,,,,,,,,,,,,,,,,
3313,98.0,3.0,,320000.0,1.0,,1.0,1.0,,,,1.0,,,Tunis,Soukra,Appartement,vente,36.8065,10.1815,3265.3061224489797,32.666666666666664,0.0,,,,,,,,,,,,,,,,,,,,,,,,,,,,,,,,,,,,,,,,,,,,,,,,,,,,,,,,,,,,,,,,,,,,,,,,,,,
3314,124.0,2.0,,350000.0,,1.0,1.0,1.0,,,,1.0,,,Tunis,Soukra,Appartement,vente,36.8065,10.1815,2822.5806451612902,62.0,0.0,,,,,,,,,,,,,,,,,,,,,,,,,,,,,,,,,,,,,,,,,,,,,,,,,,,,,,,,,,,,,,,,,,,,,,,,,,,
3315,,,,,,,,,,,,,,,Tunis,Kélibia,Appartement,vente,36.8065,10.1815,,,0.0,,,,,,,,,,,,,,,,,,,,,,,,,,,,,,,,,,,,,,,,,,,,,,,,,,,,,,,,,,,,,,,,,,,,,,,,,,,
3316,,,,,,1.0,,,,,,,,,,,Appartement,vente,,,,,0.0,,,,,,,,,,,,,,,,,,,,,,,,,,,,,,,,,,,,,,,,,,,,,,,,,,,,,,,,,,,,,,,,,,,,,,,,,,,
3317,,4.0,,155000.0,,,,,,,,,,,Tunis,Kram,Appartement,vente,36.8065,10.1815,,,0.0,,,,,,,,,,,,,,,,,,,,,,,,,,,,,,,,,,,,,,,,,,,,,,,,,,,,,,,,,,,,,,,,,,,,,,,,,,,
3318,183.0,4.0,,,,1.0,,,1.0,,1.0,,,,Tunis,Ennasser,Appartement,vente,36.8065,10.1815,,45.75,0.0,,,,,,,,,,,,,,,,,,,,,,,,,,,,,,,,,,,,,,,,,,,,,,,,,,,,,,,,,,,,,,,,,,,,,,,,,,,
3319,,,,331000.0,1.0,,,,,,,,,,,Cité El Wafa Mrezga,Appartement,vente,,,,,0.0,,,,,,,,,,,,,,,,,,,,,,,,,,,,,,,,,,,,,,,,,,,,,,,,,,,,,,,,,,,,,,,,,,,,,,,,,,,
3320,190.0,4.0,,480000.0,,1.0,,,,,,,,,Tunis,Ain Zaghouan,Appartement,vente,36.8065,10.1815,2526.315789473684,47.5,0.0,,,,,,,,,,,,,,,,,,,,,,,,,,,,,,,,,,,,,,,,,,,,,,,,,,,,,,,,,,,,,,,,,,,,,,,,,,,
3321,,,,,,,,,,,,,,,Sousse,Sousse,Appartement,vente,35.8245,10.6346,,,0.0,,,,,,,,,,,,,,,,,,,,,,,,,,,,,,,,,,,,,,,,,,,,,,,,,,,,,,,,,,,,,,,,,,,,,,,,,,,
3322,,,,129000.0,,,,,,,,,,,Tunis,El Mourouj,Appartement,vente,36.8065,10.1815,,,0.0,,,,,,,,,,,,,,,,,,,,,,,,,,,,,,,,,,,,,,,,,,,,,,,,,,,,,,,,,,,,,,,,,,,,,,,,,,,
3323,109.0,3.0,,220000.0,,,1.0,,,,,,,,Tunis,Soukra,Appartement,vente,36.8065,10.1815,2018.348623853211,36.333333333333336,0.0,,,,,,,,,,,,,,,,,,,,,,,,,,,,,,,,,,,,,,,,,,,,,,,,,,,,,,,,,,,,,,,,,,,,,,,,,,,
3324,189.0,5.0,6.0,450000.0,1.0,,1.0,1.0,,1.0,,1.0,,1.0,Tunis,Laouina,Appartement,vente,36.8065,10.1815,2380.9523809523807,37.8,6.0,,,,,,,,,,,,,,,,,,,,,,,,,,,,,,,,,,,,,,,,,,,,,,,,,,,,,,,,,,,,,,,,,,,,,,,,,,,
3325,145.0,4.0,,450000.0,1.0,1.0,,,,,,1.0,,,Tunis,Laouina,Appartement,vente,36.8065,10.1815,3103.448275862069,36.25,0.0,,,,,,,,,,,,,,,,,,,,,,,,,,,,,,,,,,,,,,,,,,,,,,,,,,,,,,,,,,,,,,,,,,,,,,,,,,,
3326,,4.0,,,,,,1.0,,1.0,,,1.0,,Tunis,Khzema,Appartement,vente,36.8065,10.1815,,,0.0,,,,,,,,,,,,,,,,,,,,,,,,,,,,,,,,,,,,,,,,,,,,,,,,,,,,,,,,,,,,,,,,,,,,,,,,,,,
3327,95.0,,,128000.0,,1.0,,,,,,,,,Tunis,Carthage,Appartement,vente,36.8065,10.1815,1347.3684210526317,,0.0,,,,,,,,,,,,,,,,,,,,,,,,,,,,,,,,,,,,,,,,,,,,,,,,,,,,,,,,,,,,,,,,,,,,,,,,,,,
3328,154.0,,5.0,380000.0,1.0,,,,,,,,,,,L'Aouina,Appartement,vente,,,2467.5324675324673,,5.0,,,,,,,,,,,,,,,,,,,,,,,,,,,,,,,,,,,,,,,,,,,,,,,,,,,,,,,,,,,,,,,,,,,,,,,,,,,
3329,,3.0,,550000.0,,,,,,,,,,,Tunis,Khzema,Appartement,vente,36.8065,10.1815,,,0.0,,,,,,,,,,,,,,,,,,,,,,,,,,,,,,,,,,,,,,,,,,,,,,,,,,,,,,,,,,,,,,,,,,,,,,,,,,,
3330,200.0,2.0,,155000.0,,,,,,,,,,,Tunis,Kantaoui,Appartement,vente,36.8065,10.1815,775.0,100.0,0.0,,,,,,,,,,,,,,,,,,,,,,,,,,,,,,,,,,,,,,,,,,,,,,,,,,,,,,,,,,,,,,,,,,,,,,,,,,,
3331,170.0,3.0,,380000.0,,,,,,,,,,,Tunis,Kelibia,Appartement,vente,36.8065,10.1815,2235.294117647059,56.666666666666664,0.0,,,,,,,,,,,,,,,,,,,,,,,,,,,,,,,,,,,,,,,,,,,,,,,,,,,,,,,,,,,,,,,,,,,,,,,,,,,
3332,150.0,4.0,,550000.0,,,,,,,,1.0,,,,Lac,Appartement,vente,,,3666.6666666666665,37.5,0.0,,,,,,,,,,,,,,,,,,,,,,,,,,,,,,,,,,,,,,,,,,,,,,,,,,,,,,,,,,,,,,,,,,,,,,,,,,,
3333,88.0,2.0,,165000.0,,,,,,,,,,,Tunis,Carthage,Appartement,vente,36.8065,10.1815,1875.0,44.0,0.0,,,,,,,,,,,,,,,,,,,,,,,,,,,,,,,,,,,,,,,,,,,,,,,,,,,,,,,,,,,,,,,,,,,,,,,,,,,
3334,95.0,,,128000.0,,1.0,,,,,,,,,Tunis,Rades,Appartement,vente,36.8065,10.1815,1347.3684210526317,,0.0,,,,,,,,,,,,,,,,,,,,,,,,,,,,,,,,,,,,,,,,,,,,,,,,,,,,,,,,,,,,,,,,,,,,,,,,,,,
3335,80.0,2.0,,105000.0,,1.0,,,,,,,,,Tunis,Hammamet Nord,Appartement,vente,36.8065,10.1815,1312.5,40.0,0.0,,,,,,,,,,,,,,,,,,,,,,,,,,,,,,,,,,,,,,,,,,,,,,,,,,,,,,,,,,,,,,,,,,,,,,,,,,,
3336,40.0,2.0,,160000.0,,1.0,,,,,,,,,Tunis,Chott Mariem,Appartement,vente,36.8065,10.1815,4000.0,20.0,0.0,,,,,,,,,,,,,,,,,,,,,,,,,,,,,,,,,,,,,,,,,,,,,,,,,,,,,,,,,,,,,,,,,,,,,,,,,,,
3337,,5.0,3.0,325000.0,,,,,,,,,,,Tunis,Hamam Rimi,Appartement,vente,36.8065,10.1815,,,0.0,,,,,,,,,,,,,,,,,,,,,,,,,,,,,,,,,,,,,,,,,,,,,,,,,,,,,,,,,,,,,,,,,,,,,,,,,,,
3338,,,,255075.0,,,,,,,,,,,,Cité El Wafa Mrezga,Appartement,vente,,,,,0.0,,,,,,,,,,,,,,,,,,,,,,,,,,,,,,,,,,,,,,,,,,,,0.4137112,0.119532414,0.08897085,0.00028786968,-0.025397625,-0.063741505,-0.027200423,-0.07311464,0.042673957,-0.020886162,0.06563721,-0.06872283,-0.0062722643,-0.029676475,-0.00096100976,0.04582783,0.07830822,-0.06516248,0.06584716,-0.09592414,0.016311385,-0.03531586,-0.07623076,-0.014012155,0.051804446,0.029878892,0.16748784,-0.028697915,0.064997934,-0.087323494,0.006582671,-0.017347917
3339,,4.0,,,,,,,,,,,,,Tunis,Kantaoui,Appartement,vente,36.8065,10.1815,,,0.0,,,,,,,,,,,,,,,,,,,,,,,,,,,,,,,,,,,,,,,,,,,,,,,,,,,,,,,,,,,,,,,,,,,,,,,,,,,
3340,111.0,,,295000.0,1.0,1.0,,,,,,1.0,,,Ariana,Ariana,Appartement,vente,36.8625,10.1956,2657.6576576576576,,0.0,,,,,,,,,,,,,,,,,,,,,,,,,,,,,,,,,,,,,,,,,,,,,,,,,,,,,,,,,,,,,,,,,,,,,,,,,,,
3341,130.0,3.0,,330000.0,1.0,,,,,,,1.0,,,Tunis,Carthage,Appartement,vente,36.8065,10.1815,2538.4615384615386,43.333333333333336,0.0,,,,,,,,,,,,,,,,,,,,,,,,,,,,,,,,,,,,,,,,,,,,,,,,,,,,,,,,,,,,,,,,,,,,,,,,,,,
3342,80.0,4.0,1.0,139000.0,,,,,,,,,,,,,Appartement,vente,,,1737.5,20.0,0.0,,,,,,,,,,,,,,,,,,,,,,,,,,,,,,,,,,,,,,,,,,,,,,,,,,,,,,,,,,,,,,,,,,,,,,,,,,,
3343,,,,165000.0,,,,,,,,,,,Tunis,Kelibia,Appartement,vente,36.8065,10.1815,,,0.0,,,,,,,,,,,,,,,,,,,,,,,,,,,,,,,,,,,,,,,,,,,,,,,,,,,,,,,,,,,,,,,,,,,,,,,,,,,
3344,200.0,,,125000.0,,,,,1.0,,,,,,,Yesmine,Appartement,vente,,,625.0,,0.0,,,,,,,,,,,,,,,,,,,,,,,,,,,,,,,,,,,,,,,,,,,,,,,,,,,,,,,,,,,,,,,,,,,,,,,,,,,
3345,,3.0,0.0,,,,,,,,,,,,,,Appartement,vente,,,,,0.0,,,,,,,,,,,,,,,,,,,,,,,,,,,,,,,,,,,,,,,,,,,,,,,,,,,,,,,,,,,,,,,,,,,,,,,,,,,
3346,165.0,3.0,0.0,,,,,,,,1.0,,,,Ariana,Ennasr,Appartement,vente,36.8625,10.1956,,55.0,0.0,,,,,,,,,,,,,,,,,,,,,,,,,,,,,,,,,,,,,,,,,,,,,,,,,,,,,,,,,,,,,,,,,,,,,,,,,,,
3347,,3.0,,,,,,,,,,,,,Tunis,Bardo,Appartement,vente,36.8065,10.1815,,,0.0,,,,,,,,,,,,,,,,,,,,,,,,,,,,,,,,,,,,,,,,,,,,,,,,,,,,,,,,,,,,,,,,,,,,,,,,,,,
3348,135.0,,1.0,350000.0,,,1.0,1.0,,,,,,1.0,,Cité El Wafa Mrezga,Appartement,vente,,,2592.5925925925926,,0.0,,,,,,,,,,,,,,,,,,,,,,,,,,,,,,,,,,,,,,,,,,,,,,,,,,,,,,,,,,,,,,,,,,,,,,,,,,,
3349,120.0,4.0,,,,,,,,,,,,,Tunis,Hammamet Nord,Appartement,vente,36.8065,10.1815,,30.0,0.0,,,,,,,,,,,,,,,,,,,,,,,,,,,,,,,,,,,,,,,,,,,,0.20713371,-0.025917847,0.01718794,-0.15435193,-0.04127513,0.05599882,-0.12020015,-0.017964369,0.020292168,0.036820244,-0.036911402,0.07519694,0.104349546,-0.026936144,-0.06493757,0.12268044,0.04064195,-0.021742426,0.08095348,-0.016247291,0.0007643366,0.003989892,-0.010355891,0.027564097,0.011278558,0.00819953,-0.040647138,-0.01659647,-0.04773639,-0.03594331,-0.035667345,0.015425531
3350,,,,,,,,,,,,,,,Tunis,Hammamet Nord,Appartement,vente,36.8065,10.1815,,,0.0,,,,,,,,,,,,,,,,,,,,,,,,,,,,,,,,,,,,,,,,,,,,,,,,,,,,,,,,,,,,,,,,,,,,,,,,,,,
3351,,3.0,,260000.0,,,1.0,,,,,,,,Sousse,Hammam Sousse,Appartement,vente,35.8245,10.6346,,,0.0,,,,,,,,,,,,,,,,,,,,,,,,,,,,,,,,,,,,,,,,,,,,,,,,,,,,,,,,,,,,,,,,,,,,,,,,,,,
3352,130.0,3.0,0.0,420000.0,,,1.0,1.0,,,,1.0,,,,,Appartement,vente,,,3230.769230769231,43.333333333333336,0.0,,,,,,,,,,,,,,,,,,,,,,,,,,,,,,,,,,,,,,,,,,,,,,,,,,,,,,,,,,,,,,,,,,,,,,,,,,,
3353,138.0,3.0,,400000.0,,,,,,,,1.0,,,Tunis,Khzema,Appartement,vente,36.8065,10.1815,2898.550724637681,46.0,0.0,,,,,,,,,,,,,,,,,,,,,,,,,,,,,,,,,,,,,,,,,,,,,,,,,,,,,,,,,,,,,,,,,,,,,,,,,,,
3354,72.0,2.0,,298000.0,1.0,,1.0,1.0,,,,1.0,1.0,,Tunis,Kantaoui,Appartement,vente,36.8065,10.1815,4138.888888888889,36.0,0.0,,,,,,,,,,,,,,,,,,,,,,,,,,,,,,,,,,,,,,,,,,,,,,,,,,,,,,,,,,,,,,,,,,,,,,,,,,,
3355,130.0,,,450000.0,1.0,1.0,1.0,1.0,,,,,,,Sousse,Corniche,Appartement,vente,35.8245,10.6346,3461.5384615384614,,0.0,,,,,,,,,,,,,,,,,,,,,,,,,,,,,,,,,,,,,,,,,,,,,,,,,,,,,,,,,,,,,,,,,,,,,,,,,,,
3356,180.0,,,280000.0,,1.0,,,,,,,,,,,Appartement,vente,,,1555.5555555555557,,0.0,,,,,,,,,,,,,,,,,,,,,,,,,,,,,,,,,,,,,,,,,,,,,,,,,,,,,,,,,,,,,,,,,,,,,,,,,,,
3357,70.0,2.0,1.0,239000.0,,1.0,1.0,1.0,,,,,,,Tunis,Chotrana,Appartement,vente,36.8065,10.1815,3414.285714285714,35.0,0.0,,,,,,,,,,,,,,,,,,,,,,,,,,,,,,,,,,,,,,,,,,,,,,,,,,,,,,,,,,,,,,,,,,,,,,,,,,,
3358,83.0,3.0,0.0,,,,,,,,,,,,,Cité El Wafa Mrezga,Appartement,vente,,,,27.666666666666668,0.0,,,,,,,,,,,,,,,,,,,,,,,,,,,,,,,,,,,,,,,,,,,,,,,,,,,,,,,,,,,,,,,,,,,,,,,,,,,
3359,147.0,3.0,,245000.0,,,,,,,,1.0,,,Tunis,Carthage,Appartement,vente,36.8065,10.1815,1666.6666666666667,49.0,0.0,,,,,,,,,,,,,,,,,,,,,,,,,,,,,,,,,,,,,,,,,,,,,,,,,,,,,,,,,,,,,,,,,,,,,,,,,,,
3360,130.0,3.0,,,,,,,,,,,,,Tunis,Khzema,Appartement,vente,36.8065,10.1815,,43.333333333333336,0.0,,,,,,,,,,,,,,,,,,,,,,,,,,,,,,,,,,,,,,,,,,,,,,,,,,,,,,,,,,,,,,,,,,,,,,,,,,,
3361,,,,,,1.0,,,,,,,,,,,Appartement,vente,,,,,0.0,,,,,,,,,,,,,,,,,,,,,,,,,,,,,,,,,,,,,,,,,,,,,,,,,,,,,,,,,,,,,,,,,,,,,,,,,,,
3362,,4.0,,330000.0,1.0,,,,1.0,,,,,,Ariana,Ennasr,Appartement,vente,36.8625,10.1956,,,0.0,,,,,,,,,,,,,,,,,,,,,,,,,,,,,,,,,,,,,,,,,,,,,,,,,,,,,,,,,,,,,,,,,,,,,,,,,,,
3363,113.0,3.0,0.0,,1.0,,,,,,1.0,1.0,,1.0,Tunis,Carthage,Appartement,vente,36.8065,10.1815,,37.666666666666664,0.0,,,,,,,,,,,,,,,,,,,,,,,,,,,,,,,,,,,,,,,,,,,,,,,,,,,,,,,,,,,,,,,,,,,,,,,,,,,
3364,90.0,,,225000.0,,1.0,,1.0,,,,,,,Tunis,Mahdia,Appartement,vente,36.8065,10.1815,2500.0,,0.0,,,,,,,,,,,,,,,,,,,,,,,,,,,,,,,,,,,,,,,,,,,,,,,,,,,,,,,,,,,,,,,,,,,,,,,,,,,
3365,120.0,3.0,7.0,450000.0,1.0,,,,,,,,,,Tunis,Laouina,Appartement,vente,36.8065,10.1815,3750.0,40.0,7.0,,,,,,,,,,,,,,,,,,,,,,,,,,,,,,,,,,,,,,,,,,,,,,,,,,,,,,,,,,,,,,,,,,,,,,,,,,,
3366,200.0,,0.0,650000.0,,,,,1.0,,,,,,Tunis,Carthage,Appartement,vente,36.8065,10.1815,3250.0,,0.0,,,,,,,,,,,,,,,,,,,,,,,,,,,,,,,,,,,,,,,,,,,,,,,,,,,,,,,,,,,,,,,,,,,,,,,,,,,
3367,115.0,,,135000.0,,,,,,,,,,,Tunis,El Agba,Appartement,vente,36.8065,10.1815,1173.9130434782608,,0.0,,,,,,,,,,,,,,,,,,,,,,,,,,,,,,,,,,,,,,,,,,,,,,,,,,,,,,,,,,,,,,,,,,,,,,,,,,,
3368,95.0,3.0,0.0,220000.0,,,1.0,,,,,1.0,,,Tunis,Nkhilette,Appartement,vente,36.8065,10.1815,2315.7894736842104,31.666666666666668,0.0,,,,,,,,,,,,,,,,,,,,,,,,,,,,,,,,,,,,,,,,,,,,,,,,,,,,,,,,,,,,,,,,,,,,,,,,,,,
3369,140.0,4.0,,420000.0,,,1.0,,,1.0,,,,,Ariana,Ennasr,Appartement,vente,36.8625,10.1956,3000.0,35.0,0.0,,,,,,,,,,,,,,,,,,,,,,,,,,,,,,,,,,,,,,,,,,,,,,,,,,,,,,,,,,,,,,,,,,,,,,,,,,,
3370,,2.0,,265000.0,,,1.0,1.0,,,,,,,Tunis,Ain Zaghouen Nord,Appartement,vente,36.8065,10.1815,,,0.0,,,,,,,,,,,,,,,,,,,,,,,,,,,,,,,,,,,,,,,,,,,,,,,,,,,,,,,,,,,,,,,,,,,,,,,,,,,
3371,171.0,3.0,,392000.0,,,,,,,,,,1.0,,,Appartement,vente,,,2292.3976608187136,57.0,0.0,,,,,,,,,,,,,,,,,,,,,,,,,,,,,,,,,,,,,,,,,,,,,,,,,,,,,,,,,,,,,,,,,,,,,,,,,,,
3372,,3.0,,190000.0,,,,,,,,,,,Tunis,Kelibia,Appartement,vente,36.8065,10.1815,,,0.0,,,,,,,,,,,,,,,,,,,,,,,,,,,,,,,,,,,,,,,,,,,,,,,,,,,,,,,,,,,,,,,,,,,,,,,,,,,
3373,141.0,3.0,,435000.0,1.0,1.0,1.0,1.0,1.0,1.0,,1.0,1.0,,,Cité El Wafa Mrezga,Appartement,vente,,,3085.1063829787236,47.0,0.0,,,,,,,,,,,,,,,,,,,,,,,,,,,,,,,,,,,,,,,,,,,,,,,,,,,,,,,,,,,,,,,,,,,,,,,,,,,
3374,163.0,,,530000.0,,1.0,1.0,1.0,,1.0,,1.0,1.0,1.0,Ariana,El Menzah,Appartement,vente,36.8625,10.1956,3251.5337423312885,,0.0,,,,,,,,,,,,,,,,,,,,,,,,,,,,,,,,,,,,,,,,,,,,,,,,,,,,,,,,,,,,,,,,,,,,,,,,,,,
3375,200.0,,,125000.0,,,,,1.0,,,,,,,Yesmine,Appartement,vente,,,625.0,,0.0,,,,,,,,,,,,,,,,,,,,,,,,,,,,,,,,,,,,,,,,,,,,,,,,,,,,,,,,,,,,,,,,,,,,,,,,,,,
3376,58.0,2.0,,220000.0,,1.0,,,,,,1.0,,,,,Appartement,vente,,,3793.103448275862,29.0,0.0,,,,,,,,,,,,,,,,,,,,,,,,,,,,,,,,,,,,,,,,,,,,,,,,,,,,,,,,,,,,,,,,,,,,,,,,,,,
3377,,4.0,0.0,198000.0,,,,,,,,,,,Sfax,Tunis,Appartement,vente,34.74,10.76,,,0.0,,,,,,,,,,,,,,,,,,,,,,,,,,,,,,,,,,,,,,,,,,,,,,,,,,,,,,,,,,,,,,,,,,,,,,,,,,,
3378,120.0,3.0,3.0,250000.0,,1.0,1.0,,,,,1.0,,,Manouba,Manouba,Appartement,vente,36.8095,10.098,2083.3333333333335,40.0,0.0,,,,,,,,,,,,,,,,,,,,,,,,,,,,,,,,,,,,,,,,,,,,,,,,,,,,,,,,,,,,,,,,,,,,,,,,,,,
3379,,,,650000.0,,,,,,,1.0,,,,Tunis,Carthage,Appartement,vente,36.8065,10.1815,,,0.0,,,,,,,,,,,,,,,,,,,,,,,,,,,,,,,,,,,,,,,,,,,,,,,,,,,,,,,,,,,,,,,,,,,,,,,,,,,
3380,74.0,,,165000.0,,,,,,,,,,,,Cité El Wafa Mrezga,Appartement,vente,,,2229.7297297297296,,0.0,,,,,,,,,,,,,,,,,,,,,,,,,,,,,,,,,,,,,,,,,,,,,,,,,,,,,,,,,,,,,,,,,,,,,,,,,,,
3381,66.0,3.0,,110000.0,,,,,,,,,,,Tunis,Carthage,Appartement,vente,36.8065,10.1815,1666.6666666666667,22.0,0.0,,,,,,,,,,,,,,,,,,,,,,,,,,,,,,,,,,,,,,,,,,,,,,,,,,,,,,,,,,,,,,,,,,,,,,,,,,,
3382,55.0,2.0,,100000.0,,,,,,,,,,,Tunis,Carthage,Appartement,vente,36.8065,10.1815,1818.1818181818182,27.5,0.0,,,,,,,,,,,,,,,,,,,,,,,,,,,,,,,,,,,,,,,,,,,,,,,,,,,,,,,,,,,,,,,,,,,,,,,,,,,
3383,80.0,,0.0,240000.0,,,,,,,,1.0,1.0,,,Yasmine,Appartement,vente,,,3000.0,,0.0,,,,,,,,,,,,,,,,,,,,,,,,,,,,,,,,,,,,,,,,,,,,,,,,,,,,,,,,,,,,,,,,,,,,,,,,,,,
3384,143.0,4.0,4.0,220000.0,1.0,1.0,,,,,,,,,Tunis,Tunis,Appartement,vente,36.8065,10.1815,1538.4615384615386,35.75,4.0,,,,,,,,,,,,,,,,,,,,,,,,,,,,,,,,,,,,,,,,,,,,,,,,,,,,,,,,,,,,,,,,,,,,,,,,,,,
3385,105.0,,,480000.0,1.0,,1.0,1.0,,,,1.0,1.0,,Tunis,Hammamet,Appartement,vente,36.8065,10.1815,4571.428571428572,,0.0,,,,,,,,,,,,,,,,,,,,,,,,,,,,,,,,,,,,,,,,,,,,,,,,,,,,,,,,,,,,,,,,,,,,,,,,,,,
3386,80.0,3.0,,,,1.0,,,,,,,,,Tunis,Rafeha,Appartement,vente,36.8065,10.1815,,26.666666666666668,0.0,,,,,,,,,,,,,,,,,,,,,,,,,,,,,,,,,,,,,,,,,,,,,,,,,,,,,,,,,,,,,,,,,,,,,,,,,,,
3387,105.0,3.0,,480000.0,1.0,,1.0,1.0,,,,1.0,1.0,,Tunis,Hammamet,Appartement,vente,36.8065,10.1815,4571.428571428572,35.0,0.0,,,,,,,,,,,,,,,,,,,,,,,,,,,,,,,,,,,,,,,,,,,,,,,,,,,,,,,,,,,,,,,,,,,,,,,,,,,
3388,160.0,4.0,,,,,,,,,,,,,,,Appartement,vente,,,,40.0,0.0,,,,,,,,,,,,,,,,,,,,,,,,,,,,,,,,,,,,,,,,,,,,,,,,,,,,,,,,,,,,,,,,,,,,,,,,,,,
3389,85.0,2.0,,195000.0,,,,,,,,,,,Tunis,Hamem Laghzez,Appartement,vente,36.8065,10.1815,2294.1176470588234,42.5,0.0,,,,,,,,,,,,,,,,,,,,,,,,,,,,,,,,,,,,,,,,,,,,,,,,,,,,,,,,,,,,,,,,,,,,,,,,,,,
3390,,3.0,,120000.0,1.0,,1.0,1.0,,,,,,,Tunis,Ezzahra,Appartement,vente,36.8065,10.1815,,,0.0,,,,,,,,,,,,,,,,,,,,,,,,,,,,,,,,,,,,,,,,,,,,,,,,,,,,,,,,,,,,,,,,,,,,,,,,,,,
3391,75.0,1.0,6.0,240000.0,1.0,1.0,1.0,1.0,,,,,,,Tunis,Carthage,Appartement,vente,36.8065,10.1815,3200.0,75.0,6.0,,,,,,,,,,,,,,,,,,,,,,,,,,,,,,,,,,,,,,,,,,,,,,,,,,,,,,,,,,,,,,,,,,,,,,,,,,,
3392,68.0,,,280000.0,,,1.0,1.0,,,,1.0,,1.0,Tunis,Soukra,Appartement,vente,36.8065,10.1815,4117.64705882353,,0.0,,,,,,,,,,,,,,,,,,,,,,,,,,,,,,,,,,,,,,,,,,,,,,,,,,,,,,,,,,,,,,,,,,,,,,,,,,,
3393,130.0,,3.0,225000.0,,1.0,,,,,,,,1.0,Tunis,Tunis,Appartement,vente,36.8065,10.1815,1730.7692307692307,,0.0,,,,,,,,,,,,,,,,,,,,,,,,,,,,,,,,,,,,,,,,,,,,,,,,,,,,,,,,,,,,,,,,,,,,,,,,,,,
3394,109.0,2.0,1.0,360000.0,1.0,1.0,1.0,1.0,,,,,,,Tunis,Kantaoui,Appartement,vente,36.8065,10.1815,3302.7522935779816,54.5,1.0,,,,,,,,,,,,,,,,,,,,,,,,,,,,,,,,,,,,,,,,,,,,,,,,,,,,,,,,,,,,,,,,,,,,,,,,,,,
3395,93.0,3.0,,170000.0,,,,,,,,,,1.0,Tunis,Carthage,Appartement,vente,36.8065,10.1815,1827.9569892473119,31.0,0.0,,,,,,,,,,,,,,,,,,,,,,,,,,,,,,,,,,,,,,,,,,,,,,,,,,,,,,,,,,,,,,,,,,,,,,,,,,,
3396,123.0,3.0,2.0,,1.0,,1.0,,,,,,,,Sfax,Sfax,Appartement,vente,34.74,10.76,,41.0,2.0,,,,,,,,,,,,,,,,,,,,,,,,,,,,,,,,,,,,,,,,,,,,,,,,,,,,,,,,,,,,,,,,,,,,,,,,,,,
3397,190.0,,0.0,200000.0,,,,,,,,,,,Tunis,Tunis,Appartement,vente,36.8065,10.1815,1052.6315789473683,,0.0,,,,,,,,,,,,,,,,,,,,,,,,,,,,,,,,,,,,,,,,,,,,,,,,,,,,,,,,,,,,,,,,,,,,,,,,,,,
3398,,4.0,,,,,,,,,,,,,,,Appartement,vente,,,,,0.0,,,,,,,,,,,,,,,,,,,,,,,,,,,,,,,,,,,,,,,,,,,,,,,,,,,,,,,,,,,,,,,,,,,,,,,,,,,
3399,,4.0,,,,,,,,,,,,,,,Appartement,vente,,,,,0.0,,,,,,,,,,,,,,,,,,,,,,,,,,,,,,,,,,,,,,,,,,,,,,,,,,,,,,,,,,,,,,,,,,,,,,,,,,,
3400,200.0,3.0,1.0,,,,,,,,,,,,Tunis,Carthage,Appartement,vente,36.8065,10.1815,,66.66666666666667,0.0,,,,,,,,,,,,,,,,,,,,,,,,,,,,,,,,,,,,,,,,,,,,0.08793539,0.089166224,-0.009020444,-0.080980554,-0.06017537,-0.088232026,0.062642954,0.003541875,0.08441326,0.06149759,-0.07016093,0.07981579,0.070943095,0.005246633,0.07233424,0.032687336,0.09279115,0.017472602,0.021583514,0.0016826435,-0.046389103,-0.05033699,0.12518325,0.12607709,0.04548192,-0.023786401,0.07547215,-0.006702627,0.020871086,0.105610415,0.04399821,-0.018839262
3401,115.0,4.0,0.0,320000.0,,1.0,1.0,,,,,1.0,,,Tunis,Ennasser,Appartement,vente,36.8065,10.1815,2782.608695652174,28.75,0.0,,,,,,,,,,,,,,,,,,,,,,,,,,,,,,,,,,,,,,,,,,,,,,,,,,,,,,,,,,,,,,,,,,,,,,,,,,,
3402,75.0,1.0,2.0,110000.0,,1.0,1.0,1.0,,,,,,,,Cité El Wafa Mrezga,Appartement,vente,,,1466.6666666666667,75.0,0.0,,,,,,,,,,,,,,,,,,,,,,,,,,,,,,,,,,,,,,,,,,,,,,,,,,,,,,,,,,,,,,,,,,,,,,,,,,,
3403,125.0,4.0,1.0,350000.0,,,1.0,1.0,,,,1.0,,,Tunis,Soukra,Appartement,vente,36.8065,10.1815,2800.0,31.25,0.0,,,,,,,,,,,,,,,,,,,,,,,,,,,,,,,,,,,,,,,,,,,,,,,,,,,,,,,,,,,,,,,,,,,,,,,,,,,
3404,10000.0,2.0,,,,,,,,,1.0,1.0,,,Tunis,Carthage,Appartement,vente,36.8065,10.1815,,5000.0,0.0,,,,,,,,,,,,,,,,,,,,,,,,,,,,,,,,,,,,,,,,,,,,,,,,,,,,,,,,,,,,,,,,,,,,,,,,,,,
3405,88.0,,0.0,230000.0,,,1.0,1.0,,,,,1.0,1.0,Tunis,Hammamet,Appartement,vente,36.8065,10.1815,2613.6363636363635,,0.0,,,,,,,,,,,,,,,,,,,,,,,,,,,,,,,,,,,,,,,,,,,,,,,,,,,,,,,,,,,,,,,,,,,,,,,,,,,
3406,,5.0,,395000.0,,,1.0,,,,,,,1.0,Tunis,Menzah,Appartement,vente,36.8065,10.1815,,,0.0,,,,,,,,,,,,,,,,,,,,,,,,,,,,,,,,,,,,,,,,,,,,,,,,,,,,,,,,,,,,,,,,,,,,,,,,,,,
3407,150.0,2.0,,265000.0,1.0,1.0,,,,,,,,,Tunis,Carthage,Appartement,vente,36.8065,10.1815,1766.6666666666667,75.0,0.0,,,,,,,,,,,,,,,,,,,,,,,,,,,,,,,,,,,,,,,,,,,,,,,,,,,,,,,,,,,,,,,,,,,,,,,,,,,
3408,47.0,,1.0,92000.0,,1.0,,,,,,,,,Sousse,Sousse,Appartement,vente,35.8245,10.6346,1957.4468085106382,,0.0,,,,,,,,,,,,,,,,,,,,,,,,,,,,,,,,,,,,,,,,,,,,,,,,,,,,,,,,,,,,,,,,,,,,,,,,,,,
3409,62.0,,,232500.0,1.0,1.0,1.0,1.0,,,,,,,,L'Aouina,Appartement,vente,,,3750.0,,0.0,,,,,,,,,,,,,,,,,,,,,,,,,,,,,,,,,,,,,,,,,,,,,,,,,,,,,,,,,,,,,,,,,,,,,,,,,,,
3410,164.0,,,620000.0,,1.0,,,,,,1.0,,1.0,Tunis,La Soukra,Appartement,vente,36.8065,10.1815,3780.487804878049,,0.0,,,,,,,,,,,,,,,,,,,,,,,,,,,,,,,,,,,,,,,,,,,,,,,,,,,,,,,,,,,,,,,,,,,,,,,,,,,
3411,60.0,,,250000.0,,,,1.0,,,,1.0,1.0,,,Yasmine,Appartement,vente,,,4166.666666666667,,0.0,,,,,,,,,,,,,,,,,,,,,,,,,,,,,,,,,,,,,,,,,,,,,,,,,,,,,,,,,,,,,,,,,,,,,,,,,,,
3412,63.0,2.0,0.0,250000.0,,,,,,,,1.0,1.0,,Tunis,Hammamet Nord,Appartement,vente,36.8065,10.1815,3968.253968253968,31.5,0.0,,,,,,,,,,,,,,,,,,,,,,,,,,,,,,,,,,,,,,,,,,,,,,,,,,,,,,,,,,,,,,,,,,,,,,,,,,,
3413,,,,320000.0,,1.0,1.0,1.0,,,,1.0,,,Tunis,Hammamet,Appartement,vente,36.8065,10.1815,,,0.0,,,,,,,,,,,,,,,,,,,,,,,,,,,,,,,,,,,,,,,,,,,,,,,,,,,,,,,,,,,,,,,,,,,,,,,,,,,
3414,69.0,2.0,,190000.0,,,,,,,,,,,Tunis,Hammamet,Appartement,vente,36.8065,10.1815,2753.623188405797,34.5,0.0,,,,,,,,,,,,,,,,,,,,,,,,,,,,,,,,,,,,,,,,,,,,,,,,,,,,,,,,,,,,,,,,,,,,,,,,,,,
3415,,,,,,,,,,,,,,,Tunis,Cité Zouhour,Appartement,vente,36.8065,10.1815,,,0.0,,,,,,,,,,,,,,,,,,,,,,,,,,,,,,,,,,,,,,,,,,,,,,,,,,,,,,,,,,,,,,,,,,,,,,,,,,,
3416,,2.0,2.0,160000.0,1.0,,,,,,,,,,Tunis,Hammamet,Appartement,vente,36.8065,10.1815,,,2.0,,,,,,,,,,,,,,,,,,,,,,,,,,,,,,,,,,,,,,,,,,,,,,,,,,,,,,,,,,,,,,,,,,,,,,,,,,,
3417,160.0,4.0,,,,,,,,,,,,,,,Appartement,vente,,,,40.0,0.0,,,,,,,,,,,,,,,,,,,,,,,,,,,,,,,,,,,,,,,,,,,,,,,,,,,,,,,,,,,,,,,,,,,,,,,,,,,
3418,,,,170000.0,,,,,,,,,,,Tunis,Mégrine Coteaux,Appartement,vente,36.8065,10.1815,,,0.0,,,,,,,,,,,,,,,,,,,,,,,,,,,,,,,,,,,,,,,,,,,,,,,,,,,,,,,,,,,,,,,,,,,,,,,,,,,
3419,117.0,3.0,6.0,180000.0,,,,,,,,,,,Tunis,Nkhilette,Appartement,vente,36.8065,10.1815,1538.4615384615386,39.0,0.0,,,,,,,,,,,,,,,,,,,,,,,,,,,,,,,,,,,,,,,,,,,,,,,,,,,,,,,,,,,,,,,,,,,,,,,,,,,
3420,100.0,4.0,,160000.0,,,,,,,,,,1.0,Tunis,Carthage,Appartement,vente,36.8065,10.1815,1600.0,25.0,0.0,,,,,,,,,,,,,,,,,,,,,,,,,,,,,,,,,,,,,,,,,,,,,,,,,,,,,,,,,,,,,,,,,,,,,,,,,,,
3421,,,,,,,,,,,,,,,Tunis,Hamem Laghzez,Appartement,vente,36.8065,10.1815,,,0.0,,,,,,,,,,,,,,,,,,,,,,,,,,,,,,,,,,,,,,,,,,,,,,,,,,,,,,,,,,,,,,,,,,,,,,,,,,,
3422,,4.0,,195000.0,,,,,,,,,,,,Hiboun,Appartement,vente,,,,,0.0,,,,,,,,,,,,,,,,,,,,,,,,,,,,,,,,,,,,,,,,,,,,,,,,,,,,,,,,,,,,,,,,,,,,,,,,,,,
3423,111.0,,0.0,,,,,,,,,,,,,Cité El Wafa Mrezga,Appartement,vente,,,,,0.0,,,,,,,,,,,,,,,,,,,,,,,,,,,,,,,,,,,,,,,,,,,,,,,,,,,,,,,,,,,,,,,,,,,,,,,,,,,
3424,54.0,2.0,0.0,290000.0,,,1.0,1.0,,,,1.0,1.0,1.0,Tunis,Ain Zaghouen Nord,Appartement,vente,36.8065,10.1815,5370.37037037037,27.0,0.0,,,,,,,,,,,,,,,,,,,,,,,,,,,,,,,,,,,,,,,,,,,,,,,,,,,,,,,,,,,,,,,,,,,,,,,,,,,
3425,164.0,,,280000.0,,,,,,,,,,,Tunis,Hammamet,Appartement,vente,36.8065,10.1815,1707.3170731707316,,0.0,,,,,,,,,,,,,,,,,,,,,,,,,,,,,,,,,,,,,,,,,,,,,,,,,,,,,,,,,,,,,,,,,,,,,,,,,,,
3426,,,,,,,,,,,,,,,Tunis,Matar,Appartement,vente,36.8065,10.1815,,,0.0,,,,,,,,,,,,,,,,,,,,,,,,,,,,,,,,,,,,,,,,,,,,,,,,,,,,,,,,,,,,,,,,,,,,,,,,,,,
3427,111.0,2.0,,,1.0,,1.0,1.0,,1.0,,,,,,,Appartement,vente,,,,55.5,0.0,,,,,,,,,,,,,,,,,,,,,,,,,,,,,,,,,,,,,,,,,,,,,,,,,,,,,,,,,,,,,,,,,,,,,,,,,,,
3428,111.0,2.0,,,1.0,,1.0,1.0,,1.0,,,,,,,Appartement,vente,,,,55.5,0.0,,,,,,,,,,,,,,,,,,,,,,,,,,,,,,,,,,,,,,,,,,,,,,,,,,,,,,,,,,,,,,,,,,,,,,,,,,,
3429,111.0,2.0,,,1.0,,1.0,1.0,,1.0,,,,,,,Appartement,vente,,,,55.5,0.0,,,,,,,,,,,,,,,,,,,,,,,,,,,,,,,,,,,,,,,,,,,,,,,,,,,,,,,,,,,,,,,,,,,,,,,,,,,
3430,111.0,2.0,,,1.0,,1.0,1.0,,1.0,,,,,,,Appartement,vente,,,,55.5,0.0,,,,,,,,,,,,,,,,,,,,,,,,,,,,,,,,,,,,,,,,,,,,,,,,,,,,,,,,,,,,,,,,,,,,,,,,,,,
3431,111.0,2.0,,,1.0,,1.0,1.0,,1.0,,,,,,,Appartement,vente,,,,55.5,0.0,,,,,,,,,,,,,,,,,,,,,,,,,,,,,,,,,,,,,,,,,,,,,,,,,,,,,,,,,,,,,,,,,,,,,,,,,,,
3432,111.0,2.0,,,1.0,,1.0,1.0,,1.0,,,,,,,Appartement,vente,,,,55.5,0.0,,,,,,,,,,,,,,,,,,,,,,,,,,,,,,,,,,,,,,,,,,,,,,,,,,,,,,,,,,,,,,,,,,,,,,,,,,,
3433,111.0,2.0,,,1.0,,1.0,1.0,,1.0,,,,,,,Appartement,vente,,,,55.5,0.0,,,,,,,,,,,,,,,,,,,,,,,,,,,,,,,,,,,,,,,,,,,,,,,,,,,,,,,,,,,,,,,,,,,,,,,,,,,
3434,111.0,2.0,,,1.0,,1.0,1.0,,1.0,,,,,,,Appartement,vente,,,,55.5,0.0,,,,,,,,,,,,,,,,,,,,,,,,,,,,,,,,,,,,,,,,,,,,,,,,,,,,,,,,,,,,,,,,,,,,,,,,,,,
3435,170.0,4.0,,607000.0,,1.0,,,,,,,,,Tunis,Riadh El Andalous,Appartement,vente,36.8065,10.1815,3570.5882352941176,42.5,0.0,,,,,,,,,,,,,,,,,,,,,,,,,,,,,,,,,,,,,,,,,,,,,,,,,,,,,,,,,,,,,,,,,,,,,,,,,,,
3436,,3.0,0.0,120000.0,,,,,,,,,,,Tunis,Carthage,Appartement,vente,36.8065,10.1815,,,0.0,,,,,,,,,,,,,,,,,,,,,,,,,,,,,,,,,,,,,,,,,,,,,,,,,,,,,,,,,,,,,,,,,,,,,,,,,,,
3437,147.0,,0.0,450000.0,,,,,,,,1.0,,1.0,Tunis,La Soukra,Appartement,vente,36.8065,10.1815,3061.2244897959185,,0.0,,,,,,,,,,,,,,,,,,,,,,,,,,,,,,,,,,,,,,,,,,,,,,,,,,,,,,,,,,,,,,,,,,,,,,,,,,,
3438,153.0,,,190000.0,,,,,,,,,,,,Cité El Wafa Mrezga,Appartement,vente,,,1241.8300653594772,,0.0,,,,,,,,,,,,,,,,,,,,,,,,,,,,,,,,,,,,,,,,,,,,,,,,,,,,,,,,,,,,,,,,,,,,,,,,,,,
3439,72.0,2.0,,216000.0,,,,,,,,,,,Tunis,Kélibia,Appartement,vente,36.8065,10.1815,3000.0,36.0,0.0,,,,,,,,,,,,,,,,,,,,,,,,,,,,,,,,,,,,,,,,,,,,,,,,,,,,,,,,,,,,,,,,,,,,,,,,,,,
3440,,4.0,,220000.0,,,,,,,,,,,,Ezahra Hammem El Ghzez,Appartement,vente,,,,,0.0,,,,,,,,,,,,,,,,,,,,,,,,,,,,,,,,,,,,,,,,,,,,,,,,,,,,,,,,,,,,,,,,,,,,,,,,,,,
3441,113.0,,1.0,450000.0,1.0,1.0,,,,,,1.0,,,Tunis,Nabeul,Appartement,vente,36.8065,10.1815,3982.3008849557523,,1.0,,,,,,,,,,,,,,,,,,,,,,,,,,,,,,,,,,,,,,,,,,,,,,,,,,,,,,,,,,,,,,,,,,,,,,,,,,,
3442,120.0,3.0,,280000.0,,,,,,,,,,,Sousse,Sousse,Appartement,vente,35.8245,10.6346,2333.3333333333335,40.0,0.0,,,,,,,,,,,,,,,,,,,,,,,,,,,,,,,,,,,,,,,,,,,,,,,,,,,,,,,,,,,,,,,,,,,,,,,,,,,
3443,88.0,,,285000.0,,,,,1.0,,,1.0,1.0,1.0,Tunis,Carthage,Appartement,vente,36.8065,10.1815,3238.6363636363635,,0.0,,,,,,,,,,,,,,,,,,,,,,,,,,,,,,,,,,,,,,,,,,,,,,,,,,,,,,,,,,,,,,,,,,,,,,,,,,,
3444,,,0.0,285380.0,,,,,,,,,,1.0,,,Appartement,vente,,,,,0.0,,,,,,,,,,,,,,,,,,,,,,,,,,,,,,,,,,,,,,,,,,,,,,,,,,,,,,,,,,,,,,,,,,,,,,,,,,,
3445,222.0,,,,,,,,,,,,,,,Cité El Wafa Mrezga,Appartement,vente,,,,,0.0,,,,,,,,,,,,,,,,,,,,,,,,,,,,,,,,,,,,,,,,,,,,,,,,,,,,,,,,,,,,,,,,,,,,,,,,,,,
3446,80.0,3.0,,206000.0,,,,1.0,,,,,,1.0,Tunis,Chotrana,Appartement,vente,36.8065,10.1815,2575.0,26.666666666666668,0.0,,,,,,,,,,,,,,,,,,,,,,,,,,,,,,,,,,,,,,,,,,,,,,,,,,,,,,,,,,,,,,,,,,,,,,,,,,,
3447,63.0,,,340000.0,,,1.0,1.0,,,,1.0,,,Tunis,Ain Zaghouen Nord,Appartement,vente,36.8065,10.1815,5396.825396825397,,0.0,,,,,,,,,,,,,,,,,,,,,,,,,,,,,,,,,,,,,,,,,,,,,,,,,,,,,,,,,,,,,,,,,,,,,,,,,,,
3448,125.0,3.0,1.0,412500.0,1.0,,1.0,1.0,,,,1.0,,,Tunis,Ain Zaghouen Nord,Appartement,vente,36.8065,10.1815,3300.0,41.666666666666664,1.0,,,,,,,,,,,,,,,,,,,,,,,,,,,,,,,,,,,,,,,,,,,,,,,,,,,,,,,,,,,,,,,,,,,,,,,,,,,
3449,156.0,4.0,3.0,330000.0,1.0,1.0,1.0,1.0,,,,1.0,,,Tunis,Ain Zaghouen Nord,Appartement,vente,36.8065,10.1815,2115.3846153846152,39.0,3.0,,,,,,,,,,,,,,,,,,,,,,,,,,,,,,,,,,,,,,,,,,,,,,,,,,,,,,,,,,,,,,,,,,,,,,,,,,,
3450,118.0,,,244000.0,1.0,,,,,,1.0,1.0,,,Tunis,Chotrana,Appartement,vente,36.8065,10.1815,2067.7966101694915,,0.0,,,,,,,,,,,,,,,,,,,,,,,,,,,,,,,,,,,,,,,,,,,,,,,,,,,,,,,,,,,,,,,,,,,,,,,,,,,
3451,45.0,,,250000.0,,,1.0,1.0,,,,,,,Tunis,Ain Zaghouen Nord,Appartement,vente,36.8065,10.1815,5555.555555555556,,0.0,,,,,,,,,,,,,,,,,,,,,,,,,,,,,,,,,,,,,,,,,,,,,,,,,,,,,,,,,,,,,,,,,,,,,,,,,,,
3452,220.0,6.0,,330000.0,1.0,,,,,,,,,,Tunis,Tunis,Appartement,vente,36.8065,10.1815,1500.0,36.666666666666664,0.0,,,,,,,,,,,,,,,,,,,,,,,,,,,,,,,,,,,,,,,,,,,,,,,,,,,,,,,,,,,,,,,,,,,,,,,,,,,
3453,87.0,3.0,1.0,180000.0,,1.0,,,,,,,,1.0,Tunis,Nabeul,Appartement,vente,36.8065,10.1815,2068.9655172413795,29.0,0.0,,,,,,,,,,,,,,,,,,,,,,,,,,,,,,,,,,,,,,,,,,,,,,,,,,,,,,,,,,,,,,,,,,,,,,,,,,,
3454,,4.0,,280000.0,,,,,,,,,,,,L'Aouina,Appartement,vente,,,,,0.0,,,,,,,,,,,,,,,,,,,,,,,,,,,,,,,,,,,,,,,,,,,,,,,,,,,,,,,,,,,,,,,,,,,,,,,,,,,
3455,,3.0,1.0,250000.0,,,,,,,,,,1.0,,,Appartement,vente,,,,,0.0,,,,,,,,,,,,,,,,,,,,,,,,,,,,,,,,,,,,,,,,,,,,,,,,,,,,,,,,,,,,,,,,,,,,,,,,,,,
3456,,,,260000.0,,,,,,,,,,,Tunis,Carthage,Appartement,vente,36.8065,10.1815,,,0.0,,,,,,,,,,,,,,,,,,,,,,,,,,,,,,,,,,,,,,,,,,,,,,,,,,,,,,,,,,,,,,,,,,,,,,,,,,,
3457,62.0,2.0,,165000.0,1.0,,1.0,1.0,,,,1.0,,,,Nasseriyah,Appartement,vente,,,2661.2903225806454,31.0,0.0,,,,,,,,,,,,,,,,,,,,,,,,,,,,,,,,,,,,,,,,,,,,,,,,,,,,,,,,,,,,,,,,,,,,,,,,,,,
3458,170.0,2.0,,200000.0,,,,,,,1.0,,,1.0,,,Appartement,vente,,,1176.4705882352941,85.0,0.0,,,,,,,,,,,,,,,,,,,,,,,,,,,,,,,,,,,,,,,,,,,,,,,,,,,,,,,,,,,,,,,,,,,,,,,,,,,
3459,,2.0,,130000.0,,,,,,,,1.0,,,Tunis,Soukra,Appartement,vente,36.8065,10.1815,,,0.0,,,,,,,,,,,,,,,,,,,,,,,,,,,,,,,,,,,,,,,,,,,,,,,,,,,,,,,,,,,,,,,,,,,,,,,,,,,
3460,105.0,,0.0,355000.0,,,,,,,,,,,,,Appartement,vente,,,3380.9523809523807,,0.0,,,,,,,,,,,,,,,,,,,,,,,,,,,,,,,,,,,,,,,,,,,,,,,,,,,,,,,,,,,,,,,,,,,,,,,,,,,
3461,123.0,3.0,1.0,495000.0,1.0,1.0,1.0,1.0,,,,1.0,,,Tunis,Ain Zaghouen Nord,Appartement,vente,36.8065,10.1815,4024.390243902439,41.0,1.0,,,,,,,,,,,,,,,,,,,,,,,,,,,,,,,,,,,,,,,,,,,,,,,,,,,,,,,,,,,,,,,,,,,,,,,,,,,
3462,86.0,,,220000.0,,,,,,,,,,1.0,Monastir,El-Agba,Appartement,vente,35.7643,10.8113,2558.139534883721,,0.0,,,,,,,,,,,,,,,,,,,,,,,,,,,,,,,,,,,,,,,,,,,,,,,,,,,,,,,,,,,,,,,,,,,,,,,,,,,
3463,186.0,4.0,1.0,613800.0,1.0,,1.0,1.0,,,,1.0,,,Tunis,Ain Zaghouen Nord,Appartement,vente,36.8065,10.1815,3300.0,46.5,1.0,,,,,,,,,,,,,,,,,,,,,,,,,,,,,,,,,,,,,,,,,,,,,,,,,,,,,,,,,,,,,,,,,,,,,,,,,,,
3464,,3.0,,355000.0,,,,,,,,,,,,Cité El Wafa Mrezga,Appartement,vente,,,,,0.0,,,,,,,,,,,,,,,,,,,,,,,,,,,,,,,,,,,,,,,,,,,,,,,,,,,,,,,,,,,,,,,,,,,,,,,,,,,
3465,,2.0,,320000.0,,,,,,,,,,,Nabeul,Hammamet,Appartement,vente,36.4561,10.7376,,,0.0,,,,,,,,,,,,,,,,,,,,,,,,,,,,,,,,,,,,,,,,,,,,,,,,,,,,,,,,,,,,,,,,,,,,,,,,,,,
3466,132.0,4.0,3.0,,1.0,1.0,1.0,,,,,,,,Tunis,Ain Zaghouan,Appartement,vente,36.8065,10.1815,,33.0,3.0,,,,,,,,,,,,,,,,,,,,,,,,,,,,,,,,,,,,,,,,,,,,,,,,,,,,,,,,,,,,,,,,,,,,,,,,,,,
3467,154.0,4.0,,316000.0,1.0,1.0,1.0,1.0,,1.0,,1.0,,,,L'Aouina,Appartement,vente,,,2051.948051948052,38.5,0.0,,,,,,,,,,,,,,,,,,,,,,,,,,,,,,,,,,,,,,,,,,,,,,,,,,,,,,,,,,,,,,,,,,,,,,,,,,,
3468,240.0,3.0,,110000.0,,,,,,,1.0,,,,Tunis,Hammamet,Appartement,vente,36.8065,10.1815,458.3333333333333,80.0,0.0,,,,,,,,,,,,,,,,,,,,,,,,,,,,,,,,,,,,,,,,,,,,,,,,,,,,,,,,,,,,,,,,,,,,,,,,,,,
3469,63.0,2.0,0.0,250000.0,,,,,,,,1.0,1.0,,Tunis,Hammamet Nord,Appartement,vente,36.8065,10.1815,3968.253968253968,31.5,0.0,,,,,,,,,,,,,,,,,,,,,,,,,,,,,,,,,,,,,,,,,,,,,,,,,,,,,,,,,,,,,,,,,,,,,,,,,,,
3470,131.0,3.0,,590000.0,,,,,,,1.0,1.0,,,Tunis,La Soukra,Appartement,vente,36.8065,10.1815,4503.81679389313,43.666666666666664,0.0,,,,,,,,,,,,,,,,,,,,,,,,,,,,,,,,,,,,,,,,,,,,,,,,,,,,,,,,,,,,,,,,,,,,,,,,,,,
3471,100.0,3.0,1.0,290000.0,,,,,,,,,,,,Cité El Wafa Mrezga,Appartement,vente,,,2900.0,33.333333333333336,0.0,,,,,,,,,,,,,,,,,,,,,,,,,,,,,,,,,,,,,,,,,,,,,,,,,,,,,,,,,,,,,,,,,,,,,,,,,,,
3472,85.0,3.0,,185000.0,,,,,,,,,,,Tunis,Hamem Laghzez,Appartement,vente,36.8065,10.1815,2176.470588235294,28.333333333333332,0.0,,,,,,,,,,,,,,,,,,,,,,,,,,,,,,,,,,,,,,,,,,,,,,,,,,,,,,,,,,,,,,,,,,,,,,,,,,,
3473,90.0,3.0,,320000.0,1.0,,,,,,,,,,Tunis,Chott Mariem,Appartement,vente,36.8065,10.1815,3555.5555555555557,30.0,0.0,,,,,,,,,,,,,,,,,,,,,,,,,,,,,,,,,,,,,,,,,,,,,,,,,,,,,,,,,,,,,,,,,,,,,,,,,,,
3474,96.0,,,250000.0,,,,,,,,,,,Sousse,Hammam Sousse,Appartement,vente,35.8245,10.6346,2604.1666666666665,,0.0,,,,,,,,,,,,,,,,,,,,,,,,,,,,,,,,,,,,,,,,,,,,,,,,,,,,,,,,,,,,,,,,,,,,,,,,,,,
3475,150.0,,2.0,350000.0,1.0,,,,,,,1.0,,,Tunis,Carthage,Appartement,vente,36.8065,10.1815,2333.3333333333335,,2.0,,,,,,,,,,,,,,,,,,,,,,,,,,,,,,,,,,,,,,,,,,,,,,,,,,,,,,,,,,,,,,,,,,,,,,,,,,,
3476,,,,100000.0,,,,,,,,,,,Tunis,Gremda,Appartement,vente,36.8065,10.1815,,,0.0,,,,,,,,,,,,,,,,,,,,,,,,,,,,,,,,,,,,,,,,,,,,,,,,,,,,,,,,,,,,,,,,,,,,,,,,,,,
3477,120.0,3.0,,400000.0,1.0,,1.0,1.0,,,,1.0,,,Ariana,El Menzah,Appartement,vente,36.8625,10.1956,3333.3333333333335,40.0,0.0,,,,,,,,,,,,,,,,,,,,,,,,,,,,,,,,,,,,,,,,,,,,,,,,,,,,,,,,,,,,,,,,,,,,,,,,,,,
3478,117.0,3.0,6.0,180000.0,,,,,,,,,,,Tunis,Nkhilette,Appartement,vente,36.8065,10.1815,1538.4615384615386,39.0,0.0,,,,,,,,,,,,,,,,,,,,,,,,,,,,,,,,,,,,,,,,,,,,,,,,,,,,,,,,,,,,,,,,,,,,,,,,,,,
3479,77.0,2.0,,,,,,,,,1.0,,,1.0,Tunis,Soukra,Appartement,vente,36.8065,10.1815,,38.5,0.0,,,,,,,,,,,,,,,,,,,,,,,,,,,,,,,,,,,,,,,,,,,,,,,,,,,,,,,,,,,,,,,,,,,,,,,,,,,
3480,135.0,4.0,4.0,250000.0,1.0,,,,,,,,,,Ben Arous,Ben Arous,Appartement,vente,36.753,10.228,1851.851851851852,33.75,4.0,,,,,,,,,,,,,,,,,,,,,,,,,,,,,,,,,,,,,,,,,,,,,,,,,,,,,,,,,,,,,,,,,,,,,,,,,,,
3481,,3.0,,245000.0,,1.0,1.0,,,,,1.0,,,Tunis,El Mourouj,Appartement,vente,36.8065,10.1815,,,0.0,,,,,,,,,,,,,,,,,,,,,,,,,,,,,,,,,,,,,,,,,,,,,,,,,,,,,,,,,,,,,,,,,,,,,,,,,,,
3482,180.0,2.0,0.0,200000.0,,,,,,,1.0,,,,Tunis,Kelibia,Appartement,vente,36.8065,10.1815,1111.111111111111,90.0,0.0,,,,,,,,,,,,,,,,,,,,,,,,,,,,,,,,,,,,,,,,,,,,,,,,,,,,,,,,,,,,,,,,,,,,,,,,,,,
3483,100.0,,,290000.0,,,,,,,,,,,Tunis,Carthage,Appartement,vente,36.8065,10.1815,2900.0,,0.0,,,,,,,,,,,,,,,,,,,,,,,,,,,,,,,,,,,,,,,,,,,,,,,,,,,,,,,,,,,,,,,,,,,,,,,,,,,
3484,,,,110000.0,,,,,,,,,,,,Cité El Wafa Mrezga,Appartement,vente,,,,,0.0,,,,,,,,,,,,,,,,,,,,,,,,,,,,,,,,,,,,,,,,,,,,,,,,,,,,,,,,,,,,,,,,,,,,,,,,,,,
3485,117.0,3.0,6.0,180000.0,,,,,,,,,,,Tunis,Nkhilette,Appartement,vente,36.8065,10.1815,1538.4615384615386,39.0,0.0,,,,,,,,,,,,,,,,,,,,,,,,,,,,,,,,,,,,,,,,,,,,,,,,,,,,,,,,,,,,,,,,,,,,,,,,,,,
3486,93.0,4.0,2.0,200000.0,1.0,1.0,1.0,,,,,,,1.0,Tunis,Rades Plage,Appartement,vente,36.8065,10.1815,2150.537634408602,23.25,2.0,,,,,,,,,,,,,,,,,,,,,,,,,,,,,,,,,,,,,,,,,,,,,,,,,,,,,,,,,,,,,,,,,,,,,,,,,,,
3487,135.0,3.0,,442000.0,,1.0,1.0,1.0,,,1.0,,,,Tunis,Carthage,Appartement,vente,36.8065,10.1815,3274.074074074074,45.0,0.0,,,,,,,,,,,,,,,,,,,,,,,,,,,,,,,,,,,,,,,,,,,,,,,,,,,,,,,,,,,,,,,,,,,,,,,,,,,
3488,174.0,,0.0,174000.0,,,,,,,,1.0,,,,Cité El Wafa,Appartement,vente,,,1000.0,,0.0,,,,,,,,,,,,,,,,,,,,,,,,,,,,,,,,,,,,,,,,,,,,,,,,,,,,,,,,,,,,,,,,,,,,,,,,,,,
3489,89.0,2.0,,236000.0,1.0,,1.0,1.0,,1.0,1.0,1.0,,,,,Appartement,vente,,,2651.6853932584268,44.5,0.0,,,,,,,,,,,,,,,,,,,,,,,,,,,,,,,,,,,,,,,,,,,,,,,,,,,,,,,,,,,,,,,,,,,,,,,,,,,
3490,50.0,,,420000.0,,1.0,,1.0,,,,1.0,1.0,,Tunis,Chott Mariem,Appartement,vente,36.8065,10.1815,8400.0,,0.0,,,,,,,,,,,,,,,,,,,,,,,,,,,,,,,,,,,,,,,,,,,,,,,,,,,,,,,,,,,,,,,,,,,,,,,,,,,
3491,194.0,,,,,,,,,,,,,,Ben Arous,Hammam Lif,Appartement,vente,36.753,10.228,,,0.0,,,,,,,,,,,,,,,,,,,,,,,,,,,,,,,,,,,,,,,,,,,,,,,,,,,,,,,,,,,,,,,,,,,,,,,,,,,
3492,,,4.0,125000.0,,,,,,,,,,,Tunis,Rades,Appartement,vente,36.8065,10.1815,,,0.0,,,,,,,,,,,,,,,,,,,,,,,,,,,,,,,,,,,,,,,,,,,,,,,,,,,,,,,,,,,,,,,,,,,,,,,,,,,
3493,160.0,4.0,,,,,,,,,,,,,,,Appartement,vente,,,,40.0,0.0,,,,,,,,,,,,,,,,,,,,,,,,,,,,,,,,,,,,,,,,,,,,,,,,,,,,,,,,,,,,,,,,,,,,,,,,,,,
3494,174.0,,3.0,487200.0,1.0,1.0,1.0,1.0,,,,,,,,,Appartement,vente,,,2800.0,,3.0,,,,,,,,,,,,,,,,,,,,,,,,,,,,,,,,,,,,,,,,,,,,,,,,,,,,,,,,,,,,,,,,,,,,,,,,,,,
3495,160.0,4.0,1.0,,,,,,,,,,,1.0,,,Appartement,vente,,,,40.0,0.0,,,,,,,,,,,,,,,,,,,,,,,,,,,,,,,,,,,,,,,,,,,,,,,,,,,,,,,,,,,,,,,,,,,,,,,,,,,
3496,160.0,,1.0,490000.0,,1.0,1.0,,,,,,,1.0,Tunis,Hammamet,Appartement,vente,36.8065,10.1815,3062.5,,0.0,,,,,,,,,,,,,,,,,,,,,,,,,,,,,,,,,,,,,,,,,,,,,,,,,,,,,,,,,,,,,,,,,,,,,,,,,,,
3497,,4.0,,,,,,,,,,,,,,,Appartement,vente,,,,,0.0,,,,,,,,,,,,,,,,,,,,,,,,,,,,,,,,,,,,,,,,,,,,,,,,,,,,,,,,,,,,,,,,,,,,,,,,,,,
3498,160.0,4.0,1.0,,,,,,,,,,,,,,Appartement,vente,,,,40.0,0.0,,,,,,,,,,,,,,,,,,,,,,,,,,,,,,,,,,,,,,,,,,,,,,,,,,,,,,,,,,,,,,,,,,,,,,,,,,,
3499,,3.0,0.0,280000.0,,,,,,,,,,,Tunis,Carthage Salambo,Appartement,vente,36.8065,10.1815,,,0.0,,,,,,,,,,,,,,,,,,,,,,,,,,,,,,,,,,,,,,,,,,,,,,,,,,,,,,,,,,,,,,,,,,,,,,,,,,,
3500,80.0,3.0,,185000.0,,,,,,,,,,,,Baraket Essahel,Appartement,vente,,,2312.5,26.666666666666668,0.0,,,,,,,,,,,,,,,,,,,,,,,,,,,,,,,,,,,,,,,,,,,,,,,,,,,,,,,,,,,,,,,,,,,,,,,,,,,
3501,115.0,3.0,,306000.0,1.0,1.0,1.0,1.0,,,,,,1.0,Tunis,Soukra,Appartement,vente,36.8065,10.1815,2660.8695652173915,38.333333333333336,0.0,,,,,,,,,,,,,,,,,,,,,,,,,,,,,,,,,,,,,,,,,,,,,,,,,,,,,,,,,,,,,,,,,,,,,,,,,,,
3502,133.0,,,370000.0,,1.0,,,,1.0,,1.0,,,Ariana,Ariana,Appartement,vente,36.8625,10.1956,2781.9548872180453,,0.0,,,,,,,,,,,,,,,,,,,,,,,,,,,,,,,,,,,,,,,,,,,,,,,,,,,,,,,,,,,,,,,,,,,,,,,,,,,
3503,123.0,,,425000.0,,1.0,,,,,,,,,Tunis,Carthage,Appartement,vente,36.8065,10.1815,3455.2845528455287,,0.0,,,,,,,,,,,,,,,,,,,,,,,,,,,,,,,,,,,,,,,,,,,,,,,,,,,,,,,,,,,,,,,,,,,,,,,,,,,
3504,85.0,4.0,3.0,180000.0,1.0,,1.0,,,,,,,,Tunis,Rades Plage,Appartement,vente,36.8065,10.1815,2117.6470588235293,21.25,3.0,,,,,,,,,,,,,,,,,,,,,,,,,,,,,,,,,,,,,,,,,,,,,,,,,,,,,,,,,,,,,,,,,,,,,,,,,,,
3505,,,,320000.0,,1.0,,,,,1.0,1.0,,,Tunis,Carthage,Appartement,vente,36.8065,10.1815,,,0.0,,,,,,,,,,,,,,,,,,,,,,,,,,,,,,,,,,,,,,,,,,,,,,,,,,,,,,,,,,,,,,,,,,,,,,,,,,,
3506,60.0,2.0,2.0,,,,,,,,,,,,Tunis,Soukra,Appartement,vente,36.8065,10.1815,,30.0,0.0,,,,,,,,,,,,,,,,,,,,,,,,,,,,,,,,,,,,,,,,,,,,,,,,,,,,,,,,,,,,,,,,,,,,,,,,,,,
3507,67.0,,7.0,175000.0,1.0,1.0,1.0,1.0,,,,,,,,L'Aouina,Appartement,vente,,,2611.9402985074626,,7.0,,,,,,,,,,,,,,,,,,,,,,,,,,,,,,,,,,,,,,,,,,,,,,,,,,,,,,,,,,,,,,,,,,,,,,,,,,,
3508,150.0,,2.0,395000.0,,,1.0,1.0,,,1.0,1.0,1.0,1.0,,Yasmine,Appartement,vente,,,2633.3333333333335,,0.0,,,,,,,,,,,,,,,,,,,,,,,,,,,,,,,,,,,,,,,,,,,,,,,,,,,,,,,,,,,,,,,,,,,,,,,,,,,
3509,155.0,,,650000.0,1.0,,,,,,,1.0,,,Tunis,Carthage,Appartement,vente,36.8065,10.1815,4193.548387096775,,0.0,,,,,,,,,,,,,,,,,,,,,,,,,,,,,,,,,,,,,,,,,,,,,,,,,,,,,,,,,,,,,,,,,,,,,,,,,,,
3510,110.0,,,265000.0,,1.0,,,,,,,,,Tunis,Carthage,Appartement,vente,36.8065,10.1815,2409.090909090909,,0.0,,,,,,,,,,,,,,,,,,,,,,,,,,,,,,,,,,,,,,,,,,,,,,,,,,,,,,,,,,,,,,,,,,,,,,,,,,,
3511,154.0,,,355000.0,1.0,,,,,,,,,,Ben Arous,Ezzahra,Appartement,vente,36.753,10.228,2305.194805194805,,0.0,,,,,,,,,,,,,,,,,,,,,,,,,,,,,,,,,,,,,,,,,,,,,,,,,,,,,,,,,,,,,,,,,,,,,,,,,,,
3512,165.0,4.0,5.0,561000.0,1.0,,1.0,1.0,,,,1.0,,1.0,Tunis,Soukra,Appartement,vente,36.8065,10.1815,3400.0,41.25,5.0,,,,,,,,,,,,,,,,,,,,,,,,,,,,,,,,,,,,,,,,,,,,,,,,,,,,,,,,,,,,,,,,,,,,,,,,,,,
3513,100.0,3.0,5.0,350000.0,1.0,,1.0,1.0,,,,1.0,,1.0,Tunis,Soukra,Appartement,vente,36.8065,10.1815,3500.0,33.333333333333336,5.0,,,,,,,,,,,,,,,,,,,,,,,,,,,,,,,,,,,,,,,,,,,,,,,,,,,,,,,,,,,,,,,,,,,,,,,,,,,
3514,112.0,3.0,4.0,392000.0,1.0,,1.0,1.0,,,,1.0,,1.0,Tunis,Soukra,Appartement,vente,36.8065,10.1815,3500.0,37.333333333333336,4.0,,,,,,,,,,,,,,,,,,,,,,,,,,,,,,,,,,,,,,,,,,,,,,,,,,,,,,,,,,,,,,,,,,,,,,,,,,,
3515,77.0,2.0,1.0,312000.0,,1.0,,,,,,,,,Tunis,La Soukra,Appartement,vente,36.8065,10.1815,4051.948051948052,38.5,0.0,,,,,,,,,,,,,,,,,,,,,,,,,,,,,,,,,,,,,,,,,,,,,,,,,,,,,,,,,,,,,,,,,,,,,,,,,,,
3516,90.0,3.0,,165000.0,,,,,,,,,,,Nabeul,Kelibia,Appartement,vente,36.4561,10.7376,1833.3333333333333,30.0,0.0,,,,,,,,,,,,,,,,,,,,,,,,,,,,,,,,,,,,,,,,,,,,,,,,,,,,,,,,,,,,,,,,,,,,,,,,,,,
3517,90.0,,,315000.0,1.0,1.0,1.0,1.0,,,,1.0,,1.0,Tunis,Sourrour,Appartement,vente,36.8065,10.1815,3500.0,,0.0,,,,,,,,,,,,,,,,,,,,,,,,,,,,,,,,,,,,,,,,,,,,,,,,,,,,,,,,,,,,,,,,,,,,,,,,,,,
3518,90.0,3.0,,165000.0,,,,,,,,,,,Tunis,Kelibia,Appartement,vente,36.8065,10.1815,1833.3333333333333,30.0,0.0,,,,,,,,,,,,,,,,,,,,,,,,,,,,,,,,,,,,,,,,,,,,,,,,,,,,,,,,,,,,,,,,,,,,,,,,,,,
3519,,,,390000.0,,1.0,1.0,,,,,,,,Ariana,Ennasr,Appartement,vente,36.8625,10.1956,,,0.0,,,,,,,,,,,,,,,,,,,,,,,,,,,,,,,,,,,,,,,,,,,,,,,,,,,,,,,,,,,,,,,,,,,,,,,,,,,
3520,140.0,4.0,,300000.0,1.0,,,,,,,1.0,,1.0,Ariana,Ennasr,Appartement,vente,36.8625,10.1956,2142.8571428571427,35.0,0.0,,,,,,,,,,,,,,,,,,,,,,,,,,,,,,,,,,,,,,,,,,,,,,,,,,,,,,,,,,,,,,,,,,,,,,,,,,,
3521,130.0,3.0,0.0,165000.0,,,,,,,,,,,Tunis,Kelibia,Appartement,vente,36.8065,10.1815,1269.2307692307693,43.333333333333336,0.0,,,,,,,,,,,,,,,,,,,,,,,,,,,,,,,,,,,,,,,,,,,,,,,,,,,,,,,,,,,,,,,,,,,,,,,,,,,
3522,138.0,4.0,,440000.0,1.0,1.0,,,,,,1.0,,,,,Appartement,vente,,,3188.4057971014495,34.5,0.0,,,,,,,,,,,,,,,,,,,,,,,,,,,,,,,,,,,,,,,,,,,,,,,,,,,,,,,,,,,,,,,,,,,,,,,,,,,
3523,,,,,,1.0,,,,,,,,,,,Appartement,vente,,,,,0.0,,,,,,,,,,,,,,,,,,,,,,,,,,,,,,,,,,,,,,,,,,,,,,,,,,,,,,,,,,,,,,,,,,,,,,,,,,,
3524,210.0,,,178500.0,,,,,,,,,,,Tunis,Kélibia,Appartement,vente,36.8065,10.1815,850.0,,0.0,,,,,,,,,,,,,,,,,,,,,,,,,,,,,,,,,,,,,,,,,,,,,,,,,,,,,,,,,,,,,,,,,,,,,,,,,,,
3525,130.0,4.0,,205000.0,1.0,,,,,,,,,,Ariana,Ariana,Appartement,vente,36.8625,10.1956,1576.923076923077,32.5,0.0,,,,,,,,,,,,,,,,,,,,,,,,,,,,,,,,,,,,,,,,,,,,,,,,,,,,,,,,,,,,,,,,,,,,,,,,,,,
3526,171.0,3.0,,392000.0,,,,,,,,,,1.0,,,Appartement,vente,,,2292.3976608187136,57.0,0.0,,,,,,,,,,,,,,,,,,,,,,,,,,,,,,,,,,,,,,,,,,,,,,,,,,,,,,,,,,,,,,,,,,,,,,,,,,,
3527,103.0,2.0,,,,,,,,,,1.0,,,Tunis,Soukra,Appartement,vente,36.8065,10.1815,,51.5,0.0,,,,,,,,,,,,,,,,,,,,,,,,,,,,,,,,,,,,,,,,,,,,,,,,,,,,,,,,,,,,,,,,,,,,,,,,,,,
3528,80.0,,,340000.0,,,,,,,,,,,Tunis,Riadh El Andalous,Appartement,vente,36.8065,10.1815,4250.0,,0.0,,,,,,,,,,,,,,,,,,,,,,,,,,,,,,,,,,,,,,,,,,,,,,,,,,,,,,,,,,,,,,,,,,,,,,,,,,,
3529,60.0,,,,,,,,1.0,,,,,,Tunis,Hammamet Nord,Appartement,vente,36.8065,10.1815,,,0.0,,,,,,,,,,,,,,,,,,,,,,,,,,,,,,,,,,,,,,,,,,,,,,,,,,,,,,,,,,,,,,,,,,,,,,,,,,,
3530,107.0,,,350000.0,1.0,1.0,,,1.0,,,1.0,,1.0,Tunis,Nabeul,Appartement,vente,36.8065,10.1815,3271.0280373831774,,0.0,,,,,,,,,,,,,,,,,,,,,,,,,,,,,,,,,,,,,,,,,,,,,,,,,,,,,,,,,,,,,,,,,,,,,,,,,,,
3531,56.0,2.0,,228980.0,,,,,,,,,,,Tunis,Chotrana,Appartement,vente,36.8065,10.1815,4088.9285714285716,28.0,0.0,,,,,,,,,,,,,,,,,,,,,,,,,,,,,,,,,,,,,,,,,,,,,,,,,,,,,,,,,,,,,,,,,,,,,,,,,,,
3532,54.0,2.0,,190000.0,,,,,,,,,,,,L'Aouina,Appartement,vente,,,3518.5185185185187,27.0,0.0,,,,,,,,,,,,,,,,,,,,,,,,,,,,,,,,,,,,,,,,,,,,,,,,,,,,,,,,,,,,,,,,,,,,,,,,,,,
3533,90.0,3.0,,120000.0,1.0,1.0,,,,,,,,,Tunis,Sfax,Appartement,vente,36.8065,10.1815,1333.3333333333333,30.0,0.0,,,,,,,,,,,,,,,,,,,,,,,,,,,,,,,,,,,,,,,,,,,,,,,,,,,,,,,,,,,,,,,,,,,,,,,,,,,
3534,95.0,3.0,,190000.0,,,,,,,,1.0,,,Tunis,Khzema,Appartement,vente,36.8065,10.1815,2000.0,31.666666666666668,0.0,,,,,,,,,,,,,,,,,,,,,,,,,,,,,,,,,,,,,,,,,,,,,,,,,,,,,,,,,,,,,,,,,,,,,,,,,,,
3535,202.0,2.0,0.0,175000.0,,,,,,,1.0,1.0,,1.0,,,Appartement,vente,,,866.3366336633663,101.0,0.0,,,,,,,,,,,,,,,,,,,,,,,,,,,,,,,,,,,,,,,,,,,,,,,,,,,,,,,,,,,,,,,,,,,,,,,,,,,
3536,155.0,,,330000.0,,,,,,,,,,,Tunis,Kerkouane,Appartement,vente,36.8065,10.1815,2129.032258064516,,0.0,,,,,,,,,,,,,,,,,,0.0,,,,,,,0.0,,True,,,0.05,,,,,,,,,,,,,,0.44871914,0.15558107,0.07828407,0.011852506,-0.058069043,-0.12648852,-0.023243086,-0.13970037,0.0621483,0.06415223,0.03533045,0.029494697,0.048837405,-0.095239855,0.025214281,0.05144503,0.012923445,0.092487164,0.022351228,-0.07062713,-0.015340666,-0.0007117515,0.05687735,0.00048373663,-0.02922897,0.028612684,0.10044954,0.001580857,-0.005067041,-0.032831207,0.020099875,-0.038421344
3537,60.0,,6.0,165000.0,1.0,,1.0,1.0,,,,,,1.0,Tunis,Carthage,Appartement,vente,36.8065,10.1815,2750.0,,6.0,,,,,,,,,,,,,,,,,,,,,,,,,,,,,,,,,,,,,,,,,,,,,,,,,,,,,,,,,,,,,,,,,,,,,,,,,,,
3538,147.0,4.0,,200000.0,,,,,,,,,,,Nabeul,Kelibia,Appartement,vente,36.4561,10.7376,1360.544217687075,36.75,0.0,,,,,,,,,,,,,,,,,,,,,,,,,,,,,,,,,,,,,,,,,,,,,,,,,,,,,,,,,,,,,,,,,,,,,,,,,,,
3539,120.0,4.0,,,,,,,,,,1.0,,,Monastir,Monastir,Appartement,vente,35.7643,10.8113,,30.0,0.0,,,,,,,,,,,,,,,,,,,,,,,,,,,,,,,,,,,,,,,,,,,,,,,,,,,,,,,,,,,,,,,,,,,,,,,,,,,
3540,120.0,1.0,,300000.0,,,,,,,,,,1.0,Tunis,Carthage,Appartement,vente,36.8065,10.1815,2500.0,120.0,0.0,,,,,,,,,,,,,,,,,,,,,,,,,,,,,,,,,,,,,,,,,,,,,,,,,,,,,,,,,,,,,,,,,,,,,,,,,,,
3541,128.0,,,527000.0,,,,,,,,1.0,,1.0,Ariana,Ennasr,Appartement,vente,36.8625,10.1956,4117.1875,,0.0,,,,,,,,,,,,,,,,,,,,,,,,,,,,,,,,,,,,,,,,,,,,,,,,,,,,,,,,,,,,,,,,,,,,,,,,,,,
3542,139.0,,,,,,,,,,,,,,Tunis,Montplaisir,Appartement,vente,36.8065,10.1815,,,0.0,,,,,,,,,,,,,,,,,,,,,,,,,,,,,,,,,,,,,,,,,,,,,,,,,,,,,,,,,,,,,,,,,,,,,,,,,,,
3543,75.0,,,285000.0,1.0,,,1.0,,,,,1.0,,,Cité El Wafa Mrezga,Appartement,vente,,,3800.0,,0.0,,,,,,,,,,,,,,,,,,,,,,,,,,,,,,,,,,,,,,,,,,,,,,,,,,,,,,,,,,,,,,,,,,,,,,,,,,,
3544,,,,390000.0,,,,,1.0,,,,,,,,Appartement,vente,,,,,0.0,,,,,,,,,,,,,,,,,,,,,,,,,,,,,,,,,,,,,,,,,,,,,,,,,,,,,,,,,,,,,,,,,,,,,,,,,,,
3545,138.0,,,405000.0,,,,,,,,,,,Tunis,Boumhal Ben Arous,Appartement,vente,36.8065,10.1815,2934.782608695652,,0.0,,,,,,,,,,,,,,,,,,,,,,,,,,,,,,,,,,,,,,,,,,,,,,,,,,,,,,,,,,,,,,,,,,,,,,,,,,,
3546,160.0,,1.0,490000.0,,,1.0,1.0,,,,,,1.0,Tunis,Hammamet,Appartement,vente,36.8065,10.1815,3062.5,,0.0,,,,,,,,,,,,,,,,,,,,,,,,,,,,,,,,,,,,,,,,,,,,,,,,,,,,,,,,,,,,,,,,,,,,,,,,,,,
3547,100.0,3.0,,254500.0,,,,,,,1.0,,,,Tunis,Hammamet,Appartement,vente,36.8065,10.1815,2545.0,33.333333333333336,0.0,,,,,,,,,,,,,,,,,,,,,,,,,,,,,,,,,,,,,,,,,,,,,,,,,,,,,,,,,,,,,,,,,,,,,,,,,,,
3548,230.0,,0.0,580000.0,,,,,,,,,1.0,,Tunis,Carthage,Appartement,vente,36.8065,10.1815,2521.7391304347825,,0.0,,,,,,,,,,,,,,,,,,,,,,,,,,,,,,,,,,,,,,,,,,,,,,,,,,,,,,,,,,,,,,,,,,,,,,,,,,,
3549,88.0,3.0,,331000.0,1.0,1.0,1.0,1.0,,,1.0,1.0,1.0,,,Cité El Wafa Mrezga,Appartement,vente,,,3761.3636363636365,29.333333333333332,0.0,,,,,,,,,,,,,,,,,,,,,,,,,,,,,,,,,,,,,,,,,,,,,,,,,,,,,,,,,,,,,,,,,,,,,,,,,,,
3550,110.0,4.0,,250000.0,1.0,,,,,,,1.0,,,Manouba,Manouba,Appartement,vente,36.8095,10.098,2272.7272727272725,27.5,0.0,,,,,,,,,,,,,,,,,,,,,,,,,,,,,,,,,,,,,,,,,,,,,,,,,,,,,,,,,,,,,,,,,,,,,,,,,,,
3551,,2.0,,185000.0,,,1.0,1.0,,,,,,,Tunis,Makni,Appartement,vente,36.8065,10.1815,,,0.0,,,,,,,,,,,,,,,,,,,,,,,,,,,,,,,,,,,,,,,,,,,,,,,,,,,,,,,,,,,,,,,,,,,,,,,,,,,
3552,,,,160000.0,,,,,,,,,,,Nabeul,Kelibia,Appartement,vente,36.4561,10.7376,,,0.0,,,,,,,,,,,,,,,,,,,,,,,,,,,,,,,,,,,,,,,,,,,,,,,,,,,,,,,,,,,,,,,,,,,,,,,,,,,
3553,155.0,,,,,,,,,,,,,,Tunis,Ain Zaghouen Nord,Appartement,vente,36.8065,10.1815,,,0.0,,,,,,,,,,,,,,,,,,,,,,,,,,,,,,,,,,,,,,,,,,,,,,,,,,,,,,,,,,,,,,,,,,,,,,,,,,,
3554,160.0,4.0,,,,,,,,,,,,,,,Appartement,vente,,,,40.0,0.0,,,,,,,,,,,,,,,,,,,,,,,,,,,,,,,,,,,,,,,,,,,,,,,,,,,,,,,,,,,,,,,,,,,,,,,,,,,
3555,,,,118000.0,,1.0,,,,,,,,1.0,Tunis,Hammamet,Appartement,vente,36.8065,10.1815,,,0.0,,,,,,,,,,,,,,,,,,,,,,,,,,,,,,,,,,,,,,,,,,,,,,,,,,,,,,,,,,,,,,,,,,,,,,,,,,,
3556,69.0,2.0,,293000.0,,,1.0,1.0,,1.0,,1.0,,1.0,Tunis,La Soukra,Appartement,vente,36.8065,10.1815,4246.376811594203,34.5,0.0,,,,,,,,,,,,,,,,,,,,,,,,,,,,,,,,,,,,,,,,,,,,,,,,,,,,,,,,,,,,,,,,,,,,,,,,,,,
3557,130.0,2.0,1.0,395000.0,,1.0,1.0,1.0,,,,,,,Tunis,Carthage,Appartement,vente,36.8065,10.1815,3038.4615384615386,65.0,0.0,,,,,,,,,,,,,,,,,,,,,,,,,,,,,,,,,,,,,,,,,,,,,,,,,,,,,,,,,,,,,,,,,,,,,,,,,,,
3558,,3.0,,,,,,,,,,,,,,,Appartement,vente,,,,,0.0,,,,,,,,,,,,,,,,,,,,,,,,,,,,,,,,,,,,,,,,,,,,,,,,,,,,,,,,,,,,,,,,,,,,,,,,,,,
3559,65.0,3.0,,260000.0,1.0,,,,,,,,,,Tunis,Khzema,Appartement,vente,36.8065,10.1815,4000.0,21.666666666666668,0.0,,,,,,,,,,,,,,,,,,,,,,,,,,,,,,,,,,,,,,,,,,,,,,,,,,,,,,,,,,,,,,,,,,,,,,,,,,,
3560,100.0,,,320000.0,,,1.0,1.0,,,,1.0,,,,Gammarth,Appartement,vente,,,3200.0,,0.0,,,,,,,,,,,,,,,,,,,,,,,,,,,,,,,,,,,,,,,,,,,,,,,,,,,,,,,,,,,,,,,,,,,,,,,,,,,
3561,172.0,,0.0,,1.0,,,,,,1.0,1.0,,1.0,,Cité El Wafa Mrezga,Appartement,vente,,,,,0.0,,,,,,,,,,,,,,,,,,,,,,,,,,,,,,,,,,,,,,,,,,,,,,,,,,,,,,,,,,,,,,,,,,,,,,,,,,,
3562,87.0,,0.0,235000.0,,,,,,,,,,,Tunis,Ain Zaghouan,Appartement,vente,36.8065,10.1815,2701.1494252873563,,0.0,,,,,,,,,,,,,,,,,,,,,,,,,,,,,,,,,,,,,,,,,,,,,,,,,,,,,,,,,,,,,,,,,,,,,,,,,,,
3563,157.0,,,340000.0,,,,,,,,,,,Tunis,Ennasser,Appartement,vente,36.8065,10.1815,2165.605095541401,,0.0,,,,,,,,,,,,,,,,,,,,,,,,,,,,,,,,,,,,,,,,,,,,,,,,,,,,,,,,,,,,,,,,,,,,,,,,,,,
3564,72.0,2.0,,,,,,,,1.0,,,,,Tunis,Laouina,Appartement,vente,36.8065,10.1815,,36.0,0.0,,,,,,,,,,,,,,,,,,,,,,,,,,,,,,,,,,,,,,,,,,,,,,,,,,,,,,,,,,,,,,,,,,,,,,,,,,,
3565,145.0,4.0,5.0,550000.0,,,1.0,1.0,,,1.0,1.0,,,Tunis,Carthage,Appartement,vente,36.8065,10.1815,3793.103448275862,36.25,0.0,,,,,,,,,,,,,,,,,,,,,,,,,,,,,,,,,,,,,,,,,,,,,,,,,,,,,,,,,,,,,,,,,,,,,,,,,,,
3566,114.0,,,280000.0,,1.0,1.0,1.0,,,,1.0,,,Manouba,,Appartement,vente,36.8095,10.098,2456.1403508771928,,0.0,,,,,,,,,,,,,,,,,,,,,,,,,,,,,,,,,,,,,,,,,,,,,,,,,,,,,,,,,,,,,,,,,,,,,,,,,,,
3567,79.0,2.0,2.0,,,,,,,,,,,,Tunis,Hammamet Nord,Appartement,vente,36.8065,10.1815,,39.5,0.0,,,,,,,,,,,,,,,,,,,,,,,,,,,,,,,,,,,,,,,,,,,,,,,,,,,,,,,,,,,,,,,,,,,,,,,,,,,
3568,169.0,,,395000.0,,,,1.0,,,,1.0,,,Ariana,Ennasr,Appartement,vente,36.8625,10.1956,2337.2781065088757,,0.0,,,,,,,,,,,,,,,,,,,,,,,,,,,,,,,,,,,,,,,,,,,,,,,,,,,,,,,,,,,,,,,,,,,,,,,,,,,
3569,68.0,2.0,,176000.0,,,,,,,,,,,,L'Aouina,Appartement,vente,,,2588.235294117647,34.0,0.0,,,,,,,,,,,,,,,,,,,,,,,,,,,,,,,,,,,,,,,,,,,,,,,,,,,,,,,,,,,,,,,,,,,,,,,,,,,
3570,100.0,2.0,5.0,295000.0,1.0,,,1.0,,,,,,,Tunis,Chott Mariem,Appartement,vente,36.8065,10.1815,2950.0,50.0,5.0,,,,,,,,,,,,,,,,,,,,,,,,,,,,,,,,,,,,,,,,,,,,,,,,,,,,,,,,,,,,,,,,,,,,,,,,,,,
3571,97.0,3.0,1.0,165000.0,,,,,,,,,,,Tunis,Kelibia,Appartement,vente,36.8065,10.1815,1701.0309278350514,32.333333333333336,0.0,,,,,,,,,,,,,,,,,,,,,,,,,,,,,,,,,,,,,,,,,,,,0.1294332,-0.031188795,-0.10259225,-0.10593873,0.016663441,-0.22032422,0.04965129,-0.08328923,-0.0016408279,0.08365745,-0.064780004,0.113123514,0.026047405,-0.015535743,-0.06046399,0.087698415,-0.028590955,0.04948186,0.012975603,-0.023388723,-0.01570388,0.029740287,0.0051841694,0.009859126,-0.047322325,-0.028421463,0.040383987,0.088354036,-0.015082537,-0.04674754,0.009842215,-0.014549468
3572,113.0,,,430000.0,,,,,,,,1.0,,1.0,Tunis,Soukra,Appartement,vente,36.8065,10.1815,3805.309734513274,,0.0,,,,,,,,,,,,,,,,,,,,,,,,,,,,,,,,,,,,,,,,,,,,,,,,,,,,,,,,,,,,,,,,,,,,,,,,,,,
3573,90.0,,,279000.0,,,,,,,,,,,,L'Aouina,Appartement,vente,,,3100.0,,0.0,,,,,,,,,,,,,,,,,,,,,,,,,,,,,,,,,,,,,,,,,,,,,,,,,,,,,,,,,,,,,,,,,,,,,,,,,,,
3574,90.0,3.0,,343000.0,1.0,1.0,1.0,1.0,,,1.0,1.0,1.0,,,Cité El Wafa Mrezga,Appartement,vente,,,3811.1111111111113,30.0,0.0,,,,,,,,,,,,,,,,,,,,,,,,,,,,,,,,,,,,,,,,,,,,,,,,,,,,,,,,,,,,,,,,,,,,,,,,,,,
3575,160.0,4.0,,,,,,,,,,,,,,,Appartement,vente,,,,40.0,0.0,,,,,,,,,,,,,,,,,,,,,,,,,,,,,,,,,,,,,,,,,,,,,,,,,,,,,,,,,,,,,,,,,,,,,,,,,,,
3576,160.0,4.0,1.0,,,,,,,,,,,1.0,,,Appartement,vente,,,,40.0,0.0,,,,,,,,,,,,,,,,,,,,,,,,,,,,,,,,,,,,,,,,,,,,,,,,,,,,,,,,,,,,,,,,,,,,,,,,,,,
3577,80.0,3.0,4.0,,,1.0,,,,,,,,,,Hiboun,Appartement,vente,,,,26.666666666666668,0.0,,,,,,,,,,,,,,,,,,,,,,,,,,,,,,,,,,,,,,,,,,,,,,,,,,,,,,,,,,,,,,,,,,,,,,,,,,,
3578,118.0,3.0,,545000.0,1.0,,1.0,1.0,,,1.0,,,,Tunis,Soukra,Appartement,vente,36.8065,10.1815,4618.64406779661,39.333333333333336,0.0,,,,,,,,,,,,,,,,,,,,,,,,,,,,,,,,,,,,,,,,,,,,,,,,,,,,,,,,,,,,,,,,,,,,,,,,,,,
3579,150.0,,0.0,,,,,,,,,,,,Tunis,La Goulette,Appartement,vente,36.8065,10.1815,,,0.0,,,,,,,,,,,,,,,,,,,,,,,,,,,,,,,,,,,,,,,,,,,,,,,,,,,,,,,,,,,,,,,,,,,,,,,,,,,
3580,138.0,3.0,,410000.0,1.0,1.0,1.0,,,,,1.0,,1.0,Tunis,Rades,Appartement,vente,36.8065,10.1815,2971.014492753623,46.0,0.0,,,,,,,,,,,,,,,,,,,,,,,,,,,,,,,,,,,,,,,,,,,,,,,,,,,,,,,,,,,,,,,,,,,,,,,,,,,
3581,144.0,4.0,0.0,230000.0,,,,,,,,,,,Ben Arous,Ezzahra,Appartement,vente,36.753,10.228,1597.2222222222222,36.0,0.0,,,,,,,,,,,,,,,,,,,,,,,,,,,,,,,,,,,,,,,,,,,,,,,,,,,,,,,,,,,,,,,,,,,,,,,,,,,
3582,4200.0,5.0,,550000.0,,,,,,,,,,,Tunis,Sonede Bardo,Appartement,vente,36.8065,10.1815,130.95238095238096,840.0,0.0,,,,,,,,,,,,,,,,,,,,,,,,,,,,,,,,,,,,,,,,,,,,,,,,,,,,,,,,,,,,,,,,,,,,,,,,,,,
3583,160.0,4.0,1.0,,,,,,,,,,,1.0,,,Appartement,vente,,,,40.0,0.0,,,,,,,,,,,,,,,,,,,,,,,,,,,,,,,,,,,,,,,,,,,,,,,,,,,,,,,,,,,,,,,,,,,,,,,,,,,
3584,117.0,3.0,6.0,180000.0,,,,,,,,,,,Tunis,Nkhilette,Appartement,vente,36.8065,10.1815,1538.4615384615386,39.0,0.0,,,,,,,,,,,,,,,,,,,,,,,,,,,,,,,,,,,,,,,,,,,,,,,,,,,,,,,,,,,,,,,,,,,,,,,,,,,
3585,57.0,,,227000.0,,,1.0,1.0,,,,1.0,,,Tunis,Soukra,Appartement,vente,36.8065,10.1815,3982.4561403508774,,0.0,,,,,,,,,,,,,,,,,,,,,,,,,,,,,,,,,,,,,,,,,,,,,,,,,,,,,,,,,,,,,,,,,,,,,,,,,,,
3586,160.0,4.0,,,,,,,,,,,,,,,Appartement,vente,,,,40.0,0.0,,,,,,,,,,,,,,,,,,,,,,,,,,,,,,,,,,,,,,,,,,,,,,,,,,,,,,,,,,,,,,,,,,,,,,,,,,,
3587,103.0,3.0,,389000.0,,,,,,,,,,,Tunis,Soukra,Appartement,vente,36.8065,10.1815,3776.6990291262136,34.333333333333336,0.0,,,,,,,,,,,,,,,,,,,,,,,,,,,,,,,,,,,,,,,,,,,,,,,,,,,,,,,,,,,,,,,,,,,,,,,,,,,
3588,,3.0,1.0,355000.0,,,,,,,,,,,Tunis,Hammamet,Appartement,vente,36.8065,10.1815,,,0.0,,,,,,,,,,,,,,,,,,,,,,,,,,,,,,,,,,,,,,,,,,,,,,,,,,,,,,,,,,,,,,,,,,,,,,,,,,,
3589,,2.0,,178000.0,,,,,,,,,,,Tunis,Denden,Appartement,vente,36.8065,10.1815,,,0.0,,,,,,,,,,,,,,,,,,,,,,,,,,,,,,,,,,,,,,,,,,,,,,,,,,,,,,,,,,,,,,,,,,,,,,,,,,,
3590,74.0,,0.0,290000.0,,,,,,,,1.0,1.0,1.0,Tunis,Ain Zaghouan,Appartement,vente,36.8065,10.1815,3918.9189189189187,,0.0,,,,,,,,,,,,,,,,,,,,,,,,,,,,,,,,,,,,,,,,,,,,,,,,,,,,,,,,,,,,,,,,,,,,,,,,,,,
3591,100.0,3.0,,180000.0,,,,,,,,,,,Nabeul,Kelibia,Appartement,vente,36.4561,10.7376,1800.0,33.333333333333336,0.0,,,,,,,,,,,,,,,,,,,,,,,,,,,,,,,,,,,,,,,,,,,,,,,,,,,,,,,,,,,,,,,,,,,,,,,,,,,
3592,76.0,2.0,,255000.0,1.0,1.0,1.0,1.0,,,,,,1.0,Tunis,Hergla,Appartement,vente,36.8065,10.1815,3355.2631578947367,38.0,0.0,,,,,,,,,,,,,,,,,,,,,,,,,,,,,,,,,,,,,,,,,,,,,,,,,,,,,,,,,,,,,,,,,,,,,,,,,,,
3593,126.0,3.0,,280000.0,1.0,,,,,,,,,,Tunis,Chott Mariem,Appartement,vente,36.8065,10.1815,2222.222222222222,42.0,0.0,,,,,,,,,,,,,,,,,,,,,,,,,,,,,,,,,,,,,,,,,,,,,,,,,,,,,,,,,,,,,,,,,,,,,,,,,,,
3594,,,,,,,,,,,,,,,Tunis,Kelibia,Appartement,vente,36.8065,10.1815,,,0.0,,,,,,,,,,,,,,,,,,,,,,,,,,,,,,,,,,,,,,,,,,,,,,,,,,,,,,,,,,,,,,,,,,,,,,,,,,,
3595,75.0,1.0,,200000.0,,,,,,,1.0,1.0,,,Tunis,Midoun Djerba,Appartement,vente,36.8065,10.1815,2666.6666666666665,75.0,0.0,,,,,,,,,,,,,,,,,,,,,,,,,,,,,,,,,,,,,,,,,,,,,,,,,,,,,,,,,,,,,,,,,,,,,,,,,,,
3596,176.0,,,300000.0,,,,,,,,1.0,1.0,,Tunis,Carthage,Appartement,vente,36.8065,10.1815,1704.5454545454545,,0.0,,,,,,,,,,,,,,,,,,,,,,,,,,,,,,,,,,,,,,,,,,,,,,,,,,,,,,,,,,,,,,,,,,,,,,,,,,,
3597,75.0,3.0,,170000.0,,,1.0,,,,,,,,Sousse,Hammam Sousse,Appartement,vente,35.8245,10.6346,2266.6666666666665,25.0,0.0,,,,,,,,,,,,,,,,,,,,,,,,,,,,,,,,,,,,,,,,,,,,,,,,,,,,,,,,,,,,,,,,,,,,,,,,,,,
3598,100.0,2.0,,380000.0,,,,,,,,,,,Tunis,Hammamet Nord,Appartement,vente,36.8065,10.1815,3800.0,50.0,0.0,,,,,,,,,,,,,,,,,,,,,,,,,,,,,,,,,,,,,,,,,,,,,,,,,,,,,,,,,,,,,,,,,,,,,,,,,,,
3599,168.0,4.0,,,,,,,,1.0,,,,,Tunis,Carthage,Appartement,vente,36.8065,10.1815,,42.0,0.0,,,,,,,,,,,,,,,,,,,,,,,,,,,,,,,,,,,,,,,,,,,,,,,,,,,,,,,,,,,,,,,,,,,,,,,,,,,
3600,82.0,2.0,0.0,,,,,,,,,,,,Tunis,Hammamet,Appartement,vente,36.8065,10.1815,,41.0,0.0,,,,,,,,,,,,,,,,,,,,,,,,,,,,,,,,,,,,,,,,,,,,,,,,,,,,,,,,,,,,,,,,,,,,,,,,,,,
3601,108.0,3.0,,399000.0,1.0,1.0,1.0,1.0,,,1.0,1.0,1.0,,,Cité El Wafa Mrezga,Appartement,vente,,,3694.4444444444443,36.0,0.0,,,,,,,,,,,,,,,,,,,,,,,,,,,,,,,,,,,,,,,,,,,,,,,,,,,,,,,,,,,,,,,,,,,,,,,,,,,
3602,146.0,,4.0,450000.0,1.0,,,,,,,1.0,,,Tunis,Khzema,Appartement,vente,36.8065,10.1815,3082.1917808219177,,4.0,,,,,,,,,,,,,,,,,,,,,,,,,,,,,,,,,,,,,,,,,,,,,,,,,,,,,,,,,,,,,,,,,,,,,,,,,,,
3603,,,,290000.0,,,,,,,,,1.0,,,,Appartement,vente,,,,,0.0,,,,,,,,,,,,,,,,,,,,,,,,,,,,,,,,,,,,,,,,,,,,,,,,,,,,,,,,,,,,,,,,,,,,,,,,,,,
3604,,,,440000.0,,,,,,,1.0,1.0,,,Tunis,Carthage,Appartement,vente,36.8065,10.1815,,,0.0,,,,,,,,,,,,,,,,,,,,,,,,,,,,,,,,,,,,,,,,,,,,,,,,,,,,,,,,,,,,,,,,,,,,,,,,,,,
3605,,3.0,,170000.0,,1.0,,,,,,,,,Tunis,Carthage,Appartement,vente,36.8065,10.1815,,,0.0,,,,,,,,,,,,,,,,,,,,,,,,,,,,,,,,,,,,,,,,,,,,,,,,,,,,,,,,,,,,,,,,,,,,,,,,,,,
3606,,4.0,,512000.0,,,,,,,,,,,Tunis,Soukra,Appartement,vente,36.8065,10.1815,,,0.0,,,,,,,,,,,,,,,,,,,,,,,,,,,,,,,,,,,,,,,,,,,,,,,,,,,,,,,,,,,,,,,,,,,,,,,,,,,
3607,90.0,2.0,0.0,420000.0,,,,,,,1.0,,,,Tunis,Carthage,Appartement,vente,36.8065,10.1815,4666.666666666667,45.0,0.0,,,,,,,,,,,,,,,,,,,,,,,,,,,,,,,,,,,,,,,,,,,,,,,,,,,,,,,,,,,,,,,,,,,,,,,,,,,
3608,140.0,3.0,,270000.0,,,1.0,,,,,,,,Tunis,El Mourouj,Appartement,vente,36.8065,10.1815,1928.5714285714287,46.666666666666664,0.0,,,,,,,,,,,,,,,,,,,,,,,,,,,,,,,,,,,,,,,,,,,,,,,,,,,,,,,,,,,,,,,,,,,,,,,,,,,
3609,,3.0,0.0,350000.0,,,,,,,,,,,,,Appartement,vente,,,,,0.0,,,,,,,,,,,,,,,,,,,,,,,,,,,,,,,,,,,,,,,,,,,,,,,,,,,,,,,,,,,,,,,,,,,,,,,,,,,
3610,58.0,2.0,,220000.0,,,,,,,,,,,Tunis,Soukra,Appartement,vente,36.8065,10.1815,3793.103448275862,29.0,0.0,,,,,,,,,,,,,,,,,,,,,,,,,,,,,,,,,,,,,,,,,,,,,,,,,,,,,,,,,,,,,,,,,,,,,,,,,,,
3611,160.0,4.0,,,,,,,,,,,,,,,Appartement,vente,,,,40.0,0.0,,,,,,,,,,,,,,,,,,,,,,,,,,,,,,,,,,,,,,,,,,,,,,,,,,,,,,,,,,,,,,,,,,,,,,,,,,,
3612,,3.0,3.0,180000.0,,,,,,,,,,,,,Appartement,vente,,,,,0.0,,,,,,,,,,,,,,,,,,,,,,,,,,,,,,,,,,,,,,,,,,,,,,,,,,,,,,,,,,,,,,,,,,,,,,,,,,,
3613,150.0,4.0,,350000.0,,1.0,1.0,,,,,,,,Tunis,La Marsa,Appartement,vente,36.8065,10.1815,2333.3333333333335,37.5,0.0,,,,,,,,,,,,,,,,,,,,,,,,,,,,,,,,,,,,,,,,,,,,,,,,,,,,,,,,,,,,,,,,,,,,,,,,,,,
3614,70.0,,,140000.0,,,,,,,,,,,Tunis,Ezzahrouni,Appartement,vente,36.8065,10.1815,2000.0,,0.0,,,,,,,,,,,,,,,,,,,,,,,,,,,,,,,,,,,,,,,,,,,,,,,,,,,,,,,,,,,,,,,,,,,,,,,,,,,
3615,135.0,4.0,,450000.0,,,1.0,1.0,,,,1.0,1.0,,,Cité El Wafa Mrezga,Appartement,vente,,,3333.3333333333335,33.75,0.0,,,,,,,,,,,,,,,,,,,,,,,,,,,,,,,,,,,,,,,,,,,,,,,,,,,,,,,,,,,,,,,,,,,,,,,,,,,
3616,,2.0,,120000.0,,,,,1.0,,,,,,Tunis,Carthage,Appartement,vente,36.8065,10.1815,,,0.0,,,,,,,,,,,,,,,,,,,,,,,,,,,,,,,,,,,,,,,,,,,,,,,,,,,,,,,,,,,,,,,,,,,,,,,,,,,
3617,160.0,4.0,,,,,,,,,,,,,,,Appartement,vente,,,,40.0,0.0,,,,,,,,,,,,,,,,,,,,,,,,,,,,,,,,,,,,,,,,,,,,,,,,,,,,,,,,,,,,,,,,,,,,,,,,,,,
3618,,2.0,,80000.0,,,,,,,,,,,Tunis,Ben Zert,Appartement,vente,36.8065,10.1815,,,0.0,,,,,,,,,,,,,,,,,,,,,,,,,,,,,,,,,,,,,,,,,,,,,,,,,,,,,,,,,,,,,,,,,,,,,,,,,,,
3619,235.0,5.0,,495000.0,1.0,,1.0,1.0,,,,1.0,,1.0,Tunis,Makni,Appartement,vente,36.8065,10.1815,2106.3829787234044,47.0,0.0,,,,,,,,,,,,,,,,,,,,,,,,,,,,,,,,,,,,,,,,,,,,,,,,,,,,,,,,,,,,,,,,,,,,,,,,,,,
3620,210.0,6.0,,250000.0,,,,,,,,,,,Tunis,Carthage,Appartement,vente,36.8065,10.1815,1190.4761904761904,35.0,0.0,,,,,,,,,,,,,,,,,,,,,,,,,,,,,,,,,,,,,,,,,,,,,,,,,,,,,,,,,,,,,,,,,,,,,,,,,,,
3621,,,,,1.0,,,,,,,,,,Tunis,Kantaoui,Appartement,vente,36.8065,10.1815,,,0.0,,,,,,,,,,,,,,,,,,,,,,,,,,,,,,,,,,,,,,,,,,,,,,,,,,,,,,,,,,,,,,,,,,,,,,,,,,,
3622,155.0,4.0,,,,,,,,,,,,,Tunis,Khzema,Appartement,vente,36.8065,10.1815,,38.75,0.0,,,,,,,,,,,,,,,,,,,,,,,,,,,,,,,,,,,,,,,,,,,,,,,,,,,,,,,,,,,,,,,,,,,,,,,,,,,
3623,144.0,3.0,,650000.0,,1.0,,,,,,1.0,,,Tunis,Kantaoui,Appartement,vente,36.8065,10.1815,4513.888888888889,48.0,0.0,,,,,,,,,,,,,,,,,,,,,,,,,,,,,,,,,,,,,,,,,,,,,,,,,,,,,,,,,,,,,,,,,,,,,,,,,,,
3624,,,,,,,,,,,,,,,Tunis,Hammamet Nord,Appartement,vente,36.8065,10.1815,,,0.0,,,,,,,,,,,,,,,,,,,,,,,,,,,,,,,,,,,,,,,,,,,,,,,,,,,,,,,,,,,,,,,,,,,,,,,,,,,
3625,72.0,2.0,,,,,,,,1.0,,,,,Tunis,Laouina,Appartement,vente,36.8065,10.1815,,36.0,0.0,,,,,,,,,,,,,,,,,,,,,,,,,,,,,,,,,,,,,,,,,,,,,,,,,,,,,,,,,,,,,,,,,,,,,,,,,,,
3626,107.0,,,300000.0,,,,,,,,,,,Tunis,Marsa,Appartement,vente,36.8065,10.1815,2803.7383177570096,,0.0,,,,,,,,,,,,,,,,,,,,,,,,,,,,,,,,,,,,,,,,,,,,,,,,,,,,,,,,,,,,,,,,,,,,,,,,,,,
3627,122.0,2.0,,428000.0,1.0,1.0,1.0,1.0,,1.0,,1.0,,,Tunis,La Soukra,Appartement,vente,36.8065,10.1815,3508.1967213114754,61.0,0.0,,,,,,,,,,,,,,,,,,,,,,,,,,,,,,,,,,,,,,,,,,,,,,,,,,,,,,,,,,,,,,,,,,,,,,,,,,,
3628,210.0,,0.0,530000.0,,,,,1.0,,,,,1.0,Tunis,El Menzah,Appartement,vente,36.8065,10.1815,2523.809523809524,,0.0,,,,,,,,,,,,,,,,,,,,,,,,,,,,,,,,,,,,,,,,,,,,,,,,,,,,,,,,,,,,,,,,,,,,,,,,,,,
3629,80.0,,,260000.0,,,,,,,,,,,Tunis,Carthage,Appartement,vente,36.8065,10.1815,3250.0,,0.0,,,,,,,,,,,,,,,,,,,,,,,,,,,,,,,,,,,,,,,,,,,,,,,,,,,,,,,,,,,,,,,,,,,,,,,,,,,
3630,124.0,3.0,0.0,430000.0,,1.0,,,,,1.0,,,,Tunis,La Soukra,Appartement,vente,36.8065,10.1815,3467.7419354838707,41.333333333333336,0.0,,,,,,,,,,,,,,,,,,,,,,,,,,,,,,,,,,,,,,,,,,,,,,,,,,,,,,,,,,,,,,,,,,,,,,,,,,,
3631,50.0,2.0,,150000.0,,,,,,,,,,,,Manar,Appartement,vente,,,3000.0,25.0,0.0,,,,,,,,,,,,,,,,,,,,,,,,,,,,,,,,,,,,,,,,,,,,,,,,,,,,,,,,,,,,,,,,,,,,,,,,,,,
3632,107.0,,,180000.0,1.0,,,,,,,,,,Sfax,Sfax,Appartement,vente,34.74,10.76,1682.2429906542056,,0.0,,,,,,,,,,,,,,,,,,,,,,,,,,,,,,,,,,,,,,,,,,,,,,,,,,,,,,,,,,,,,,,,,,,,,,,,,,,
3633,90.0,,,320000.0,,1.0,,,,,,1.0,,,,Cité El Wafa Mrezga,Appartement,vente,,,3555.5555555555557,,0.0,,,,,,,,,,,,,,,,,,,,,,,,,,,,,,,,,,,,,,,,,,,,,,,,,,,,,,,,,,,,,,,,,,,,,,,,,,,
3634,,1.0,,135000.0,,,,,,,,,,,,L'Aouina,Appartement,vente,,,,,0.0,,,,,,,,,,,,,,,,,,,,,,,,,,,,,,,,,,,,,,,,,,,,,,,,,,,,,,,,,,,,,,,,,,,,,,,,,,,
3635,156.0,2.0,,580000.0,1.0,1.0,,,1.0,,1.0,1.0,,1.0,Tunis,Carthage,Appartement,vente,36.8065,10.1815,3717.948717948718,78.0,0.0,,,,,,,,,,,,,,,,,,,,,,,,,,,,,,,,,,,,,,,,,,,,,,,,,,,,,,,,,,,,,,,,,,,,,,,,,,,
3636,100.0,2.0,2.0,310000.0,,1.0,1.0,1.0,,,,1.0,,,Tunis,Nabeul,Appartement,vente,36.8065,10.1815,3100.0,50.0,0.0,,,,,,,,,,,,,,,,,,,,,,,,,,,,,,,,,,,,,,,,,,,,,,,,,,,,,,,,,,,,,,,,,,,,,,,,,,,
3637,,,,380000.0,,,,,1.0,,,,,,Tunis,Chott Mariem,Appartement,vente,36.8065,10.1815,,,0.0,,,,,,,,,,,,,,,,,,,,,,,,,,,,,,,,,,,,,,,,,,,,,,,,,,,,,,,,,,,,,,,,,,,,,,,,,,,
3638,,,,540000.0,,1.0,,,,,,1.0,,,,,Appartement,vente,,,,,0.0,,,,,,,,,,,,,,,,,,,,,,,,,,,,,,,,,,,,,,,,,,,,,,,,,,,,,,,,,,,,,,,,,,,,,,,,,,,
3639,,,,175000.0,,,,,,,,,,,Tunis,Kélibia,Appartement,vente,36.8065,10.1815,,,0.0,,,,,,,,,,,,,,,,,,,,,,,,,,,,,,,,,,,,,,,,,,,,,,,,,,,,,,,,,,,,,,,,,,,,,,,,,,,
3640,100.0,3.0,,350000.0,1.0,1.0,1.0,1.0,1.0,,,1.0,,1.0,Tunis,Hammamet Nord,Appartement,vente,36.8065,10.1815,3500.0,33.333333333333336,0.0,,,,,,,,,,,,,,,,,,,,,,,,,,,,,,,,,,,,,,,,,,,,,,,,,,,,,,,,,,,,,,,,,,,,,,,,,,,
3641,117.0,3.0,6.0,180000.0,,,,,,,,,,,Tunis,Nkhilette,Appartement,vente,36.8065,10.1815,1538.4615384615386,39.0,0.0,,,,,,,,,,,,,,,,,,,,,,,,,,,,,,,,,,,,,,,,,,,,,,,,,,,,,,,,,,,,,,,,,,,,,,,,,,,
3642,161.0,,,560000.0,,1.0,,,,1.0,,1.0,,,Tunis,Carthage,Appartement,vente,36.8065,10.1815,3478.2608695652175,,0.0,,,,,,,,,,,,,,,,,,,,,,,,,,,,,,,,,,,,,,,,,,,,,,,,,,,,,,,,,,,,,,,,,,,,,,,,,,,
3643,160.0,4.0,,,,,,,,,,,,,,,Appartement,vente,,,,40.0,0.0,,,,,,,,,,,,,,,,,,,,,,,,,,,,,,,,,,,,,,,,,,,,,,,,,,,,,,,,,,,,,,,,,,,,,,,,,,,
3644,100.0,2.0,,160000.0,1.0,1.0,,,,,,,,,Tunis,Carthage,Appartement,vente,36.8065,10.1815,1600.0,50.0,0.0,,,,,,,,,,,,,,,,,,,,,,,,,,,,,,,,,,,,,,,,,,,,,,,,,,,,,,,,,,,,,,,,,,,,,,,,,,,
3645,80.0,,,125000.0,,1.0,,,,,,,,,,,Appartement,vente,,,1562.5,,0.0,,,,,,,,,,,,,,,,,,,,,,,,,,,,,,,,,,,,,,,,,,,,,,,,,,,,,,,,,,,,,,,,,,,,,,,,,,,
3646,120.0,3.0,,,,,,,,,,1.0,1.0,,Tunis,Hammamet,Appartement,vente,36.8065,10.1815,,40.0,0.0,,,,,,,,,,,,,,,,,,,,,,,,,,,,,,,,,,,,,,,,,,,,,,,,,,,,,,,,,,,,,,,,,,,,,,,,,,,
3647,,4.0,5.0,380000.0,1.0,,,,,,,1.0,,,Tunis,Menzah,Appartement,vente,36.8065,10.1815,,,5.0,,,,,,,,,,,,,,,,,,,,,,,,,,,,,,,,,,,,,,,,,,,,,,,,,,,,,,,,,,,,,,,,,,,,,,,,,,,
3648,100.0,4.0,,370000.0,,,,,1.0,,,1.0,,,Tunis,Kantaoui,Appartement,vente,36.8065,10.1815,3700.0,25.0,0.0,,,,,,,,,,,,,,,,,,,,,,,,,,,,,,,,,,,,,,,,,,,,,,,,,,,,,,,,,,,,,,,,,,,,,,,,,,,
3649,,2.0,,115000.0,,,,,,,,,,,Nabeul,Kelibia,Appartement,vente,36.4561,10.7376,,,0.0,,,,,,,,,,,,,,,,,,,,,,,,,,,,,,,,,,,,,,,,,,,,,,,,,,,,,,,,,,,,,,,,,,,,,,,,,,,
3650,,2.0,,140000.0,,1.0,,,,,1.0,,,,Tunis,Riadh El Andalous,Appartement,vente,36.8065,10.1815,,,0.0,,,,,,,,,,,,,,,,,,,,,,,,,,,,,,,,,,,,,,,,,,,,,,,,,,,,,,,,,,,,,,,,,,,,,,,,,,,
3651,100.0,2.0,,220000.0,,,,,,,,,,,Tunis,Hammamet,Appartement,vente,36.8065,10.1815,2200.0,50.0,0.0,,,,,,,,,,,,,,,,,,,,,,,,,,,,,,,,,,,,,,,,,,,,,,,,,,,,,,,,,,,,,,,,,,,,,,,,,,,
3652,,3.0,0.0,,,,1.0,1.0,,,,,,1.0,,,Appartement,vente,,,,,0.0,,,,,,,,,,,,,,,,,,,,,,,,,,,,,,,,,,,,,,,,,,,,,,,,,,,,,,,,,,,,,,,,,,,,,,,,,,,
3653,,2.0,,258000.0,,,1.0,1.0,,,1.0,,,,Tunis,Soukra,Appartement,vente,36.8065,10.1815,,,0.0,,,,,,,,,,,,,,,,,,,,,,,,,,,,,,,,,,,,,,,,,,,,,,,,,,,,,,,,,,,,,,,,,,,,,,,,,,,
3654,,4.0,2.0,,,,1.0,,,,,,,,,,Appartement,vente,,,,,0.0,,,,,,,,,,,,,,,,,,,,,,,,,,,,,,,,,,,,,,,,,,,,,,,,,,,,,,,,,,,,,,,,,,,,,,,,,,,
3655,127.0,3.0,,,,,,,,,,,,,Tunis,Hammamet,Appartement,vente,36.8065,10.1815,,42.333333333333336,0.0,,,,,,,,,,,,,,,,,,,,,,,,,,,,,,,,,,,,,,,,,,,,,,,,,,,,,,,,,,,,,,,,,,,,,,,,,,,
3656,98.0,2.0,1.0,,,1.0,,,,,,1.0,,,Ariana,Ariana,Appartement,vente,36.8625,10.1956,,49.0,0.0,,,,,,,,,,,,,,,,,,,,,,,,,,,,,,,,,,,,,,,,,,,,,,,,,,,,,,,,,,,,,,,,,,,,,,,,,,,
3657,53.0,2.0,,239000.0,1.0,,1.0,1.0,,,,1.0,1.0,1.0,Tunis,Chotrana,Appartement,vente,36.8065,10.1815,4509.433962264151,26.5,0.0,,,,,,,,,,,,,,,,,,,,,,,,,,,,,,,,,,,,,,,,,,,,-0.24526705,0.1566718,-0.05267008,-0.0289808,-0.035355706,0.015755257,-0.012260478,0.007397666,0.0710455,0.07586997,0.14352588,-0.01749645,-0.061096318,0.049177058,-0.036569998,-0.073230155,0.017847179,-0.02236928,-0.02694765,0.017482163,0.057553157,0.023322156,-0.030436197,0.0029255804,-0.004553144,-0.06508329,0.02346994,0.099986695,-0.034052342,-0.009834186,0.096080296,0.020862984
3658,90.0,,,320000.0,,1.0,,,,1.0,1.0,,,,Tunis,Menzah,Appartement,vente,36.8065,10.1815,3555.5555555555557,,0.0,,,,,,,,,,,,,,,,,,,,,,,,,,,,,,,,,,,,,,,,,,,,,,,,,,,,,,,,,,,,,,,,,,,,,,,,,,,
3659,65.0,2.0,,250000.0,,,,,,,,1.0,,,,Cité El Wafa Mrezga,Appartement,vente,,,3846.153846153846,32.5,0.0,,,,,,,,,,,,,,,,,,,,,,,,,,,,,,,,,,,,,,,,,,,,,,,,,,,,,,,,,,,,,,,,,,,,,,,,,,,
3660,110.0,,4.0,310000.0,,,1.0,1.0,,,,1.0,,,,L'Aouina,Appartement,vente,,,2818.181818181818,,0.0,,,,,,,,,,,,,,,,,,,,,,,,,,,,,,,,,,,,,,,,,,,,,,,,,,,,,,,,,,,,,,,,,,,,,,,,,,,
3661,100.0,4.0,0.0,,,,,,,,,,,,Sousse,Sousse,Appartement,vente,35.8245,10.6346,,25.0,0.0,,,,,,,,,,,,,,,,,,,,,,,,,,,,,,,,,,,,,,,,,,,,-0.04793879,0.07349577,-0.08805278,-0.009997757,0.15733774,-0.09365792,-0.025374204,-0.016911363,-0.043940548,0.025344018,-0.046920914,-0.14674039,-0.005875194,-0.082068786,0.03416128,0.08683031,-0.061783075,-0.036385577,-0.031776574,-0.022345042,0.09160317,-0.06484046,-0.12140604,0.14161511,-0.018584345,0.010336738,0.00523019,-0.03748169,0.016104372,-0.0153633095,-0.031435993,0.016966902
3662,120.0,2.0,,159900.0,,1.0,,,,,,,,1.0,Tunis,Sahafa,Appartement,vente,36.8065,10.1815,1332.5,60.0,0.0,,,,,,,,,,,,,,,,,,,,,,,,,,,,,,,,,,,,,,,,,,,,,,,,,,,,,,,,,,,,,,,,,,,,,,,,,,,
3663,93.0,,,280000.0,1.0,1.0,1.0,1.0,,,,1.0,,,,L'Aouina,Appartement,vente,,,3010.7526881720432,,0.0,,,,,,,,,,,,,,,,,,,,,,,,,,,,,,,,,,,,,,,,,,,,,,,,,,,,,,,,,,,,,,,,,,,,,,,,,,,
3664,160.0,4.0,,420000.0,,1.0,,,,1.0,,1.0,,,Tunis,Carthage,Appartement,vente,36.8065,10.1815,2625.0,40.0,0.0,,,,,,,,,,,,,,,,,,,,,,,,,,,,,,,,,,,,,,,,,,,,,,,,,,,,,,,,,,,,,,,,,,,,,,,,,,,
3665,70.0,,,195000.0,,,,,,,,,,,Tunis,Hammamet Nord,Appartement,vente,36.8065,10.1815,2785.714285714286,,0.0,,,,,,,,,,,,,,,,,,,,,,,,,,,,,,,,,,,,,,,,,,,,,,,,,,,,,,,,,,,,,,,,,,,,,,,,,,,
3666,,3.0,,280000.0,,,,,,,,,,,,,Appartement,vente,,,,,0.0,,,,,,,,,,,,,,,,,,,,,,,,,,,,,,,,,,,,,,,,,,,,,,,,,,,,,,,,,,,,,,,,,,,,,,,,,,,
3667,145.0,,,480000.0,,,,,,,,,,,Tunis,La Soukra,Appartement,vente,36.8065,10.1815,3310.344827586207,,0.0,,,,,,,,,,,,,,,,,,,,,,,,,,,,,,,,,,,,,,,,,,,,,,,,,,,,,,,,,,,,,,,,,,,,,,,,,,,
3668,100.0,,0.0,320000.0,,,,,,,,,,,,Cité El Wafa Mrezga,Appartement,vente,,,3200.0,,0.0,,,,,,,,,,,,,,,,,,,,,,,,,,,,,,,,,,,,,,,,,,,,,,,,,,,,,,,,,,,,,,,,,,,,,,,,,,,
3669,127.0,3.0,,444000.0,,,,,,,,,,,Tunis,Hammamet Nord,Appartement,vente,36.8065,10.1815,3496.0629921259842,42.333333333333336,0.0,,,,,,,,,,,,,,,,,,,,,,,,,,,,,,,,,,,,,,,,,,,,,,,,,,,,,,,,,,,,,,,,,,,,,,,,,,,
3670,,4.0,,300000.0,,1.0,,,,,,1.0,,,,,Appartement,vente,,,,,0.0,,,,,,,,,,,,,,,,,,,,,,,,,,,,,,,,,,,,,,,,,,,,,,,,,,,,,,,,,,,,,,,,,,,,,,,,,,,
3671,146.0,,,450000.0,1.0,1.0,1.0,1.0,,1.0,,1.0,,,Tunis,Hammam Chatt,Appartement,vente,36.8065,10.1815,3082.1917808219177,,0.0,,,,,,,,,,,,,,,,,,,,,,,,,,,,,,,,,,,,,,,,,,,,,,,,,,,,,,,,,,,,,,,,,,,,,,,,,,,
3672,102.0,4.0,5.0,320000.0,1.0,1.0,1.0,1.0,,1.0,,1.0,,,,L'Aouina,Appartement,vente,,,3137.2549019607845,25.5,5.0,,,,,,,,,,,,,,,,,,,,,,,,,,,,,,,,,,,,,,,,,,,,,,,,,,,,,,,,,,,,,,,,,,,,,,,,,,,
3673,160.0,,,490000.0,,,,,,,,,,1.0,Tunis,Hammamet,Appartement,vente,36.8065,10.1815,3062.5,,0.0,,,,,,,,,,,,,,,,,,,,,,,,,,,,,,,,,,,,,,,,,,,,,,,,,,,,,,,,,,,,,,,,,,,,,,,,,,,
3674,,4.0,,,,,,,,,,,,,Tunis,Kelibia,Appartement,vente,36.8065,10.1815,,,0.0,,,,,,,,,,,,,,,,,,,,,,,,,,,,,,,,,,,,,,,,,,,,,,,,,,,,,,,,,,,,,,,,,,,,,,,,,,,
3675,160.0,4.0,,,,,,,,,,,,,,,Appartement,vente,,,,40.0,0.0,,,,,,,,,,,,,,,,,,,,,,,,,,,,,,,,,,,,,,,,,,,,,,,,,,,,,,,,,,,,,,,,,,,,,,,,,,,
3676,160.0,4.0,,,,,,,,,,,,,,,Appartement,vente,,,,40.0,0.0,,,,,,,,,,,,,,,,,,,,,,,,,,,,,,,,,,,,,,,,,,,,,,,,,,,,,,,,,,,,,,,,,,,,,,,,,,,
3677,75.0,,,110000.0,,,,,,,,,,,,,Appartement,vente,,,1466.6666666666667,,0.0,,,,,,,,,,,,,,,,,,,,,,,,,,,,,,,,,,,,,,,,,,,,,,,,,,,,,,,,,,,,,,,,,,,,,,,,,,,
3678,,,,319000.0,,,1.0,1.0,,,,,,,,Cité El Wafa Mrezga,Appartement,vente,,,,,0.0,,,,,,,,,,,,,,,,,,,,,,,,,,,,,,,,,,,,,,,,,,,,,,,,,,,,,,,,,,,,,,,,,,,,,,,,,,,
3679,78.0,,,250000.0,1.0,,1.0,1.0,,,,1.0,,,Tunis,Zahra Hammem Leghzez,Appartement,vente,36.8065,10.1815,3205.128205128205,,0.0,,,,,,,,,,,,,,,,,,,,,,,,,,,,,,,,,,,,,,,,,,,,,,,,,,,,,,,,,,,,,,,,,,,,,,,,,,,
3680,75.0,,4.0,220000.0,1.0,,1.0,1.0,,,,,,,,,Appartement,vente,,,2933.3333333333335,,4.0,,,,,,,,,,,,,,,,,,,,,,,,,,,,,,,,,,,,,,,,,,,,,,,,,,,,,,,,,,,,,,,,,,,,,,,,,,,
3681,67.0,,,275950.0,1.0,,1.0,1.0,,,,1.0,,1.0,Ariana,Ennasr,Appartement,vente,36.8625,10.1956,4118.6567164179105,,0.0,,,,,,,,,,,,,,,,,,,,,,,,,,,,,,,,,,,,,,,,,,,,,,,,,,,,,,,,,,,,,,,,,,,,,,,,,,,
3682,70.0,2.0,,250000.0,,1.0,,,,,,1.0,,1.0,Tunis,Ben Zert,Appartement,vente,36.8065,10.1815,3571.4285714285716,35.0,0.0,,,,,,,,,,,,,,,,,,,,,,,,,,,,,,,,,,,,,,,,,,,,,,,,,,,,,,,,,,,,,,,,,,,,,,,,,,,
3683,62.0,3.0,1.0,,,,,,,,,,,,Tunis,Hammamet,Appartement,vente,36.8065,10.1815,,20.666666666666668,0.0,,,,,,,,,,,,,,,,,,,,,,,,,,,,,,,,,,,,,,,,,,,,,,,,,,,,,,,,,,,,,,,,,,,,,,,,,,,
3684,87.0,,,,,,1.0,1.0,,,1.0,,,,Tunis,Carthage,Appartement,vente,36.8065,10.1815,,,0.0,,,,,,,,,,,,,,,,,,,,,,,,,,,,,,,,,,,,,,,,,,,,,,,,,,,,,,,,,,,,,,,,,,,,,,,,,,,
3685,90.0,3.0,2.0,,,,,,,,,,,,,Cité El Wafa Mrezga,Appartement,vente,,,,30.0,0.0,,,,,,,,,,,,,,,,,,,,,,,,,,,,,,,,,,,,,,,,,,,,,,,,,,,,,,,,,,,,,,,,,,,,,,,,,,,
3686,51.0,,,327000.0,1.0,,1.0,1.0,,1.0,,1.0,1.0,1.0,Tunis,Nabeul,Appartement,vente,36.8065,10.1815,6411.764705882353,,0.0,,,,,,,,,,,,,,,,,,,,,,,,,,,,,,,,,,,,,,,,,,,,,,,,,,,,,,,,,,,,,,,,,,,,,,,,,,,
3687,122.0,4.0,,427600.0,,,1.0,1.0,,,1.0,1.0,,,Tunis,La Soukra,Appartement,vente,36.8065,10.1815,3504.9180327868853,30.5,0.0,,,,,,,,,,,,,,,,,,,,,,,,,,,,,,,,,,,,,,,,,,,,,,,,,,,,,,,,,,,,,,,,,,,,,,,,,,,
3688,173.0,,,487000.0,1.0,1.0,1.0,1.0,,,,1.0,,,,Cité El Wafa Mrezga,Appartement,vente,,,2815.0289017341042,,0.0,,,,,,,,,,,,,,,,,,,,,,,,,,,,,,,,,,,,,,,,,,,,,,,,,,,,,,,,,,,,,,,,,,,,,,,,,,,
3689,132.0,3.0,,330000.0,,,,,,,,,,,Tunis,Kelibia,Appartement,vente,36.8065,10.1815,2500.0,44.0,0.0,,,,,,,,,,,,,,,,,,,,,,,,,,,,,,,,,,,,,,,,,,,,,,,,,,,,,,,,,,,,,,,,,,,,,,,,,,,
3690,96.0,3.0,,315000.0,,,,,,,,1.0,,,,Cité El Wafa,Appartement,vente,,,3281.25,32.0,0.0,,,,,,,,,,,,,,,,,,,,,,,,,,,,,,,,,,,,,,,,,,,,,,,,,,,,,,,,,,,,,,,,,,,,,,,,,,,
3691,,4.0,,320000.0,,1.0,,,,,,,,,,,Appartement,vente,,,,,0.0,,,,,,,,,,,,,,,,,,,,,,,,,,,,,,,,,,,,,,,,,,,,,,,,,,,,,,,,,,,,,,,,,,,,,,,,,,,
3692,118.0,,,340000.0,,,,,,,,,,,Tunis,Soukra,Appartement,vente,36.8065,10.1815,2881.35593220339,,0.0,,,,,,,,,,,,,,,,,,,,,,,,,,,,,,,,,,,,,,,,,,,,0.11453193,-0.013009111,0.058274757,-0.060389973,0.0651522,0.005218458,0.024795655,-0.0073314505,0.04373379,0.11003088,0.050373048,0.073972955,0.10344199,0.03479549,-0.030373145,-0.032837644,-0.02718377,0.0015904084,-0.025178285,0.0043927156,0.008097898,-0.07498559,-0.08441119,-0.030006275,0.054199405,0.015155802,0.0037607064,0.08078925,-0.05308599,-0.024526682,0.015643617,-0.086304225
3693,,4.0,0.0,690000.0,,,,,,,,,1.0,,Tunis,Hammamet,Appartement,vente,36.8065,10.1815,,,0.0,,,,,,,,,,,,,,,,,,,,,,,,,,,,,,,,,,,,,,,,,,,,,,,,,,,,,,,,,,,,,,,,,,,,,,,,,,,
3694,64.0,,,265000.0,,1.0,1.0,1.0,,,,1.0,,,,Cité El Wafa Mrezga,Appartement,vente,,,4140.625,,0.0,,,,,,,,,,,,,,,,,,,,,,,,,,,,,,,,,,,,,,,,,,,,,,,,,,,,,,,,,,,,,,,,,,,,,,,,,,,
3695,,2.0,,135000.0,,1.0,,,,,,,,,Ben Arous,Hammam Lif,Appartement,vente,36.753,10.228,,,0.0,,,,,,,,,,,,,,,,,,,,,,,,,,,,,,,,,,,,,,,,,,,,,,,,,,,,,,,,,,,,,,,,,,,,,,,,,,,
3696,136.0,,,380000.0,,,1.0,1.0,,,,1.0,,,Tunis,La Soukra,Appartement,vente,36.8065,10.1815,2794.1176470588234,,0.0,,,,,,,,,,,,,,,,,,,,,,,,,,,,,,,,,,,,,,,,,,,,,,,,,,,,,,,,,,,,,,,,,,,,,,,,,,,
3697,169.0,5.0,,582700.0,,,1.0,1.0,,,,1.0,,,Tunis,La Soukra,Appartement,vente,36.8065,10.1815,3447.9289940828403,33.8,0.0,,,,,,,,,,,,,,,,,,,,,,,,,,,,,,,,,,,,,,,,,,,,,,,,,,,,,,,,,,,,,,,,,,,,,,,,,,,
3698,129.0,,,330000.0,1.0,1.0,1.0,1.0,,,,1.0,,,Tunis,Riadh El Andalous,Appartement,vente,36.8065,10.1815,2558.139534883721,,0.0,,,,,,,,,,,,,,,,,,,,,,,,,,,,,,,,,,,,,,,,,,,,,,,,,,,,,,,,,,,,,,,,,,,,,,,,,,,
3699,138.0,2.0,5.0,360000.0,1.0,1.0,,,,,,1.0,,,Tunis,El Mourouj,Appartement,vente,36.8065,10.1815,2608.695652173913,69.0,5.0,,,,,,,,,,,,,,,,,,,,,,,,,,,,,,,,,,,,,,,,,,,,,,,,,,,,,,,,,,,,,,,,,,,,,,,,,,,
3700,101.0,,,355000.0,,1.0,1.0,1.0,,1.0,,1.0,1.0,,,Cité El Wafa Mrezga,Appartement,vente,,,3514.8514851485147,,0.0,,,,,,,,,,,,,,,,,,,,,,,,,,,,,,,,,,,,,,,,,,,,,,,,,,,,,,,,,,,,,,,,,,,,,,,,,,,
3701,110.0,4.0,2.0,250000.0,,1.0,,,,,,1.0,,,,,Appartement,vente,,,2272.7272727272725,27.5,0.0,,,,,,,,,,,,,,,,,,,,,,,,,,,,,,,,,,,,,,,,,,,,,,,,,,,,,,,,,,,,,,,,,,,,,,,,,,,
3702,160.0,4.0,,,,,,,,,,,,,,,Appartement,vente,,,,40.0,0.0,,,,,,,,,,,,,,,,,,,,,,,,,,,,,,,,,,,,,,,,,,,,,,,,,,,,,,,,,,,,,,,,,,,,,,,,,,,
3703,,,,100000.0,,,,,,,,,,,,,Appartement,vente,,,,,0.0,,,,,,,,,,,,,,,,,,,,,,,,,,,,,,,,,,,,,,,,,,,,,,,,,,,,,,,,,,,,,,,,,,,,,,,,,,,
3704,127.0,3.0,,,,,,,,,,,,,Tunis,Hammamet,Appartement,vente,36.8065,10.1815,,42.333333333333336,0.0,,,,,,,,,,,,,,,,,,,,,,,,,,,,,,,,,,,,,,,,,,,,,,,,,,,,,,,,,,,,,,,,,,,,,,,,,,,
3705,180.0,5.0,,690000.0,,1.0,1.0,1.0,,,1.0,1.0,,,Tunis,Carthage,Appartement,vente,36.8065,10.1815,3833.3333333333335,36.0,0.0,,,,,,,,,,,,,,,,,,,,,,,,,,,,,,,,,,,,,,,,,,,,,,,,,,,,,,,,,,,,,,,,,,,,,,,,,,,
3706,,,,190000.0,,,,,,,,,,,Tunis,Kelibia,Appartement,vente,36.8065,10.1815,,,0.0,,,,,,,,,,,,,,,,,,,,,,,,,,,,,,,,,,,,,,,,,,,,,,,,,,,,,,,,,,,,,,,,,,,,,,,,,,,
3707,72.0,2.0,,,,,,,,1.0,,,,,Tunis,Laouina,Appartement,vente,36.8065,10.1815,,36.0,0.0,,,,,,,,,,,,,,,,,,,,,,,,,,,,,,,,,,,,,,,,,,,,,,,,,,,,,,,,,,,,,,,,,,,,,,,,,,,
3708,180.0,,,,,,,,,,,,,,Tunis,Zahra Hammem Leghzez,Appartement,vente,36.8065,10.1815,,,0.0,,,,,,,,,,,,,,,,,,,,,,,,,,,,,,,,,,,,,,,,,,,,,,,,,,,,,,,,,,,,,,,,,,,,,,,,,,,
3709,120.0,3.0,0.0,310000.0,,,,,,,,,,,,Ezahra Hammem El Ghzez,Appartement,vente,,,2583.3333333333335,40.0,0.0,,,,,,,,,,,,,,,,,,,,,,,,,,,,,,,,,,,,,,,,,,,,,,,,,,,,,,,,,,,,,,,,,,,,,,,,,,,
3710,72.0,2.0,,270000.0,1.0,1.0,1.0,1.0,,,,1.0,,,,L'Aouina,Appartement,vente,,,3750.0,36.0,0.0,,,,,,,,,,,,,,,,,,,,,,,,,,,,,,,,,,,,,,,,,,,,,,,,,,,,,,,,,,,,,,,,,,,,,,,,,,,
3711,100.0,3.0,,310000.0,,,,,,,,,,,,Ezahra Hammem El Ghzez,Appartement,vente,,,3100.0,33.333333333333336,0.0,,,,,,,,,,,,,,,,,,,,,,,,,,,,,,,,,,,,,,,,,,,,,,,,,,,,,,,,,,,,,,,,,,,,,,,,,,,
3712,100.0,,,320000.0,,,1.0,1.0,,1.0,,,,,Monastir,Carthage,Appartement,vente,35.7643,10.8113,3200.0,,0.0,,,,,,,,,,,,,,,,,,,,,,,,,,,,,,,,,,,,,,,,,,,,,,,,,,,,,,,,,,,,,,,,,,,,,,,,,,,
3713,,2.0,,130000.0,,,,,,,,,,,,Cité El Merdes,Appartement,vente,,,,,0.0,,,,,,,,,,,,,,,,,,,,,,,,,,,,,,,,,,,,,,,,,,,,,,,,,,,,,,,,,,,,,,,,,,,,,,,,,,,
3714,75.0,,,110000.0,,,,,,,,,,,,,Appartement,vente,,,1466.6666666666667,,0.0,,,,,,,,,,,,,,,,,,,,,,,,,,,,,,,,,,,,,,,,,,,,,,,,,,,,,,,,,,,,,,,,,,,,,,,,,,,
3715,75.0,,,110000.0,,,,,,,,,,,,,Appartement,vente,,,1466.6666666666667,,0.0,,,,,,,,,,,,,,,,,,,,,,,,,,,,,,,,,,,,,,,,,,,,,,,,,,,,,,,,,,,,,,,,,,,,,,,,,,,
3716,107.0,,,380000.0,,1.0,1.0,1.0,,,,1.0,1.0,,Tunis,Hammamet Nord,Appartement,vente,36.8065,10.1815,3551.4018691588785,,0.0,,,,,,,,,,,,,,,,,,,,,,,,,,,,,,,,,,,,,,,,,,,,,,,,,,,,,,,,,,,,,,,,,,,,,,,,,,,
3717,107.0,,,380000.0,,1.0,1.0,1.0,,,,1.0,1.0,,Tunis,Hammamet Nord,Appartement,vente,36.8065,10.1815,3551.4018691588785,,0.0,,,,,,,,,,,,,,,,,,,,,,,,,,,,,,,,,,,,,,,,,,,,,,,,,,,,,,,,,,,,,,,,,,,,,,,,,,,
3718,,,,320000.0,,1.0,1.0,1.0,,,,1.0,,,Tunis,Hammamet,Appartement,vente,36.8065,10.1815,,,0.0,,,,,,,,,,,,,,,,,,,,,,,,,,,,,,,,,,,,,,,,,,,,,,,,,,,,,,,,,,,,,,,,,,,,,,,,,,,
3719,80.0,3.0,1.0,190000.0,1.0,1.0,,,,,,,,,Tunis,Bhelwan,Appartement,vente,36.8065,10.1815,2375.0,26.666666666666668,1.0,,,,,,,,,,,,,,,,,,,,,,,,,,,,,,,,,,,,,,,,,,,,,,,,,,,,,,,,,,,,,,,,,,,,,,,,,,,
3720,130.0,3.0,,370000.0,,1.0,1.0,1.0,,1.0,,1.0,,,Ariana,Ennasr,Appartement,vente,36.8625,10.1956,2846.153846153846,43.333333333333336,0.0,,,,,,,,,,,,,,,,,,,,,,,,,,,,,,,,,,,,,,,,,,,,,,,,,,,,,,,,,,,,,,,,,,,,,,,,,,,
3721,80.0,,,190000.0,1.0,,,,,,,,,1.0,Sousse,Sousse,Appartement,vente,35.8245,10.6346,2375.0,,0.0,,,,,,,,,,,,,,,,,,,,,,,,,,,,,,,,,,,,,,,,,,,,,,,,,,,,,,,,,,,,,,,,,,,,,,,,,,,
3722,178.0,,,120000.0,,,,,1.0,,,,,,Tunis,Carthage,Appartement,vente,36.8065,10.1815,674.1573033707865,,0.0,,,,,,,,,,,,,,,,,,,,,,,,,,,,,,,,,,,,,,,,,,,,,,,,,,,,,,,,,,,,,,,,,,,,,,,,,,,
3723,,4.0,,,,,,,,,,,,,Tunis,Carthage,Appartement,vente,36.8065,10.1815,,,0.0,,,,,,,,,,,,,,,,,,,,,,,,,,,,,,,,,,,,,,,,,,,,,,,,,,,,,,,,,,,,,,,,,,,,,,,,,,,
3724,,2.0,,120000.0,,,,,1.0,,,,,,Tunis,Carthage,Appartement,vente,36.8065,10.1815,,,0.0,,,,,,,,,,,,,,,,,,,,,,,,,,,,,,,,,,,,,,,,,,,,,,,,,,,,,,,,,,,,,,,,,,,,,,,,,,,
3725,84.0,2.0,,193800.0,,,,,,,,,,,,L'Aouina,Appartement,vente,,,2307.1428571428573,42.0,0.0,,,,,,,,,,,,,,,,,,,,,,,,,,,,,,,,,,,,,,,,,,,,,,,,,,,,,,,,,,,,,,,,,,,,,,,,,,,
3726,70.0,2.0,,170000.0,1.0,,1.0,1.0,,,,,,,Tunis,Nkhilette,Appartement,vente,36.8065,10.1815,2428.5714285714284,35.0,0.0,,,,,,,,,,,,,,,,,,,,,,,,,,,,,,,,,,,,,,,,,,,,,,,,,,,,,,,,,,,,,,,,,,,,,,,,,,,
3727,200.0,2.0,,220000.0,,,,,1.0,,,,,,Tunis,Carthage,Appartement,vente,36.8065,10.1815,1100.0,100.0,0.0,,,,,,,,,,,,,,,,,,,,,,,,,,,,,,,,,,,,,,,,,,,,,,,,,,,,,,,,,,,,,,,,,,,,,,,,,,,
3728,120.0,4.0,,285000.0,1.0,,1.0,,,,,,,,Tunis,Menzah,Appartement,vente,36.8065,10.1815,2375.0,30.0,0.0,,,,,,,,,,,,,,,,,,,,,,,,,,,,,,,,,,,,,,,,,,,,,,,,,,,,,,,,,,,,,,,,,,,,,,,,,,,
3729,,,,,,,,,,,,,,,Tunis,Carthage,Appartement,vente,36.8065,10.1815,,,0.0,,,,,,,,,,,,,,,,,,,,,,,,,,,,,,,,,,,,,,,,,,,,,,,,,,,,,,,,,,,,,,,,,,,,,,,,,,,
3730,119.0,3.0,,,1.0,,,,,,,,1.0,,Tunis,Chott Mariem,Appartement,vente,36.8065,10.1815,,39.666666666666664,0.0,,,,,,,,,,,,,,,,,,,,,,,,,,,,,,,,,,,,,,,,,,,,,,,,,,,,,,,,,,,,,,,,,,,,,,,,,,,
3731,92.0,2.0,3.0,265000.0,1.0,1.0,1.0,,,,,1.0,,,,Jawhara,Appartement,vente,,,2880.4347826086955,46.0,3.0,,,,,,,,,,,,,,,,,,,,,,,,,,,,,,,,,,,,,,,,,,,,,,,,,,,,,,,,,,,,,,,,,,,,,,,,,,,
3732,,3.0,,320000.0,,,,,,,,,,,,Cité El Wafa Mrezga,Appartement,vente,,,,,0.0,,,,,,,,,,,,,,,,,,,,,,,,,,,,,,,,,,,,,,,,,,,,,,,,,,,,,,,,,,,,,,,,,,,,,,,,,,,
3733,,,,,,,,,,,,,,,Tunis,Dar Fadhal,Appartement,vente,36.8065,10.1815,,,0.0,,,,,,,,,,,,,,,,,,,,,,,,,,,,,,,,,,,,,,,,,,,,,,,,,,,,,,,,,,,,,,,,,,,,,,,,,,,
3734,110.0,,,250000.0,,,,,,,,,,1.0,Nabeul,Kelibia,Appartement,vente,36.4561,10.7376,2272.7272727272725,,0.0,,,,,,,,,,,,,,,,,,,,,,,,,,,,,,,,,,,,,,,,,,,,,,,,,,,,,,,,,,,,,,,,,,,,,,,,,,,
3735,110.0,3.0,,248000.0,1.0,,1.0,1.0,,,,1.0,,,Tunis,Sahloul,Appartement,vente,36.8065,10.1815,2254.5454545454545,36.666666666666664,0.0,,,,,,,,,,,,,,,,,,,,,,,,,,,,,,,,,,,,,,,,,,,,,,,,,,,,,,,,,,,,,,,,,,,,,,,,,,,
3736,200.0,2.0,,120000.0,,,,,1.0,,,,,,Tunis,Carthage,Appartement,vente,36.8065,10.1815,600.0,100.0,0.0,,,,,,,,,,,,,,,,,,,,,,,,,,,,,,,,,,,,,,,,,,,,,,,,,,,,,,,,,,,,,,,,,,,,,,,,,,,
3737,104.0,3.0,,155000.0,,1.0,,,,,,1.0,,,Tunis,El Mourouj,Appartement,vente,36.8065,10.1815,1490.3846153846155,34.666666666666664,0.0,,,,,,,,,,,,,,,,,,,,,,,,,,,,,,,,,,,,,,,,,,,,,,,,,,,,,,,,,,,,,,,,,,,,,,,,,,,
3738,160.0,4.0,,,,,,,,,,,,,,,Appartement,vente,,,,40.0,0.0,,,,,,,,,,,,,,,,,,,,,,,,,,,,,,,,,,,,,,,,,,,,,,,,,,,,,,,,,,,,,,,,,,,,,,,,,,,
3739,96.0,,,190000.0,,1.0,1.0,1.0,,,,1.0,,,Ariana,Ariana,Appartement,vente,36.8625,10.1956,1979.1666666666667,,0.0,,,,,,,,,,,,,,,,,,,,,,,,,,,,,,,,,,,,,,,,,,,,,,,,,,,,,,,,,,,,,,,,,,,,,,,,,,,
3740,120.0,,,259000.0,,,,,,,,1.0,,,Tunis,Hergla,Appartement,vente,36.8065,10.1815,2158.3333333333335,,0.0,,,,,,,,,,,,,,,,,,,,,,,,,,,,,,,,,,,,,,,,,,,,,,,,,,,,,,,,,,,,,,,,,,,,,,,,,,,
3741,100.0,3.0,,,,,,,,,,,,,,Cité El Wafa Mrezga,Appartement,vente,,,,33.333333333333336,0.0,,,,,,,,,,,,,,,,,,,,,,,,,,,,,,,,,,,,,,,,,,,,,,,,,,,,,,,,,,,,,,,,,,,,,,,,,,,
3742,200.0,2.0,,,,,,,1.0,,,,,,Tunis,Carthage,Appartement,vente,36.8065,10.1815,,100.0,0.0,,,,,,,,,,,,,,,,,,,,,,,,,,,,,,,,,,,,,,,,,,,,,,,,,,,,,,,,,,,,,,,,,,,,,,,,,,,
3743,75.0,3.0,2.0,100000.0,1.0,,,,,,,,,,Manouba,Manouba,Appartement,vente,36.8095,10.098,1333.3333333333333,25.0,2.0,,,,,,,,,,,,,,,,,,,,,,,,,,,,,,,,,,,,,,,,,,,,0.10426591,0.08187395,-0.038255535,0.05384005,0.01295504,-0.076313354,0.08859944,0.14884129,-0.13357767,-0.09880452,-0.06801161,-0.047188945,-0.082583055,-0.04782809,0.050305497,-0.0019356033,-0.05972671,-0.045137353,0.007819024,0.01491406,-0.011768487,0.008046527,-0.0074039917,0.04907374,-0.03554976,-0.05021892,-0.06504882,0.009310869,-0.055689823,-0.06529168,-0.07855551,-0.005576125
3744,90.0,3.0,3.0,220000.0,1.0,1.0,,,,,,,,,Sousse,Corniche,Appartement,vente,35.8245,10.6346,2444.4444444444443,30.0,3.0,,,,,,,,,,,,,,,,,,,,,,,,,,,,,,,,,,,,,,,,,,,,,,,,,,,,,,,,,,,,,,,,,,,,,,,,,,,
3745,75.0,2.0,,375000.0,,1.0,1.0,1.0,,,1.0,,,,Tunis,Carthage,Appartement,vente,36.8065,10.1815,5000.0,37.5,0.0,,,,,,,,,,,,,,,,,,,,,,,,,,,,,,,,,,,,,,,,,,,,,,,,,,,,,,,,,,,,,,,,,,,,,,,,,,,
3746,103.0,3.0,,340000.0,,1.0,,,,,,1.0,,,Tunis,Ain Zaghouan,Appartement,vente,36.8065,10.1815,3300.970873786408,34.333333333333336,0.0,,,,,,,,,,,,,,,,,,,,,,,,,,,,,,,,,,,,,,,,,,,,,,,,,,,,,,,,,,,,,,,,,,,,,,,,,,,
3747,,3.0,4.0,130000.0,,1.0,,,,,,,,,Tunis,Ezzahra,Appartement,vente,36.8065,10.1815,,,0.0,,,,,,,,,,,,,,,,,,,,,,,,,,,,,,,,,,,,,,,,,,,,,,,,,,,,,,,,,,,,,,,,,,,,,,,,,,,
3748,,3.0,,,,,,,,,,,,,,Yasmine,Appartement,vente,,,,,0.0,,,,,,,,,,,,,,,,,,,,,,,,,,,,,,,,,,,,,,,,,,,,,,,,,,,,,,,,,,,,,,,,,,,,,,,,,,,
3749,125.0,3.0,,,,,,,,,,,,,Tunis,Khzema,Appartement,vente,36.8065,10.1815,,41.666666666666664,0.0,,,,,,,,,,,,,,,,,,,,,,,,,,,,,,,,,,,,,,,,,,,,,,,,,,,,,,,,,,,,,,,,,,,,,,,,,,,
3750,113.0,3.0,,,,,,,,,,1.0,,,Tunis,Nabeul,Appartement,vente,36.8065,10.1815,,37.666666666666664,0.0,,,,,,,,,,,,,,,,,,,,,,,,,,,,,,,,,,,,,,,,,,,,,,,,,,,,,,,,,,,,,,,,,,,,,,,,,,,
3751,,4.0,,,,1.0,,,,,,,,,,,Appartement,vente,,,,,0.0,,,,,,,,,,,,,,,,,,,,,,,,,,,,,,,,,,,,,,,,,,,,,,,,,,,,,,,,,,,,,,,,,,,,,,,,,,,
3752,200.0,2.0,,,,,,,1.0,,,,,,Tunis,Carthage,Appartement,vente,36.8065,10.1815,,100.0,0.0,,,,,,,,,,,,,,,,,,,,,,,,,,,,,,,,,,,,,,,,,,,,,,,,,,,,,,,,,,,,,,,,,,,,,,,,,,,
3753,202.0,2.0,0.0,175000.0,,,,,,,1.0,1.0,,1.0,,,Appartement,vente,,,866.3366336633663,101.0,0.0,,,,,,,,,,,,,,,,,,,,,,,,,,,,,,,,,,,,,,,,,,,,,,,,,,,,,,,,,,,,,,,,,,,,,,,,,,,
3754,200.0,2.0,,,,,,,1.0,,,,,,Tunis,Carthage,Appartement,vente,36.8065,10.1815,,100.0,0.0,,,,,,,,,,,,,,,,,,,,,,,,,,,,,,,,,,,,,,,,,,,,,,,,,,,,,,,,,,,,,,,,,,,,,,,,,,,
3755,116.0,3.0,1.0,240000.0,1.0,1.0,,,,,,1.0,,1.0,Sousse,Akouda,Appartement,vente,35.8245,10.6346,2068.9655172413795,38.666666666666664,1.0,,,,,,,,,,,,,,,,,,,,,,,,,,,,,,,,,,,,,,,,,,,,,,,,,,,,,,,,,,,,,,,,,,,,,,,,,,,
3756,102.0,2.0,,180000.0,,,,,,,,,,,,L'Aouina,Appartement,vente,,,1764.7058823529412,51.0,0.0,,,,,,,,,,,,,,,,,,,,,,,,,,,,,,,,,,,,,,,,,,,,,,,,,,,,,,,,,,,,,,,,,,,,,,,,,,,
3757,200.0,2.0,,,,,,,1.0,,,,,,Tunis,Carthage,Appartement,vente,36.8065,10.1815,,100.0,0.0,,,,,,,,,,,,,,,,,,,,,,,,,,,,,,,,,,,,,,,,,,,,,,,,,,,,,,,,,,,,,,,,,,,,,,,,,,,
3758,117.0,3.0,6.0,180000.0,,,,,,,,,,,Tunis,Nkhilette,Appartement,vente,36.8065,10.1815,1538.4615384615386,39.0,0.0,,,,,,,,,,,,,,,,,,,,,,,,,,,,,,,,,,,,,,,,,,,,,,,,,,,,,,,,,,,,,,,,,,,,,,,,,,,
3759,142.0,4.0,1.0,,1.0,1.0,1.0,1.0,,,,1.0,,,Tunis,El Mourouj,Appartement,vente,36.8065,10.1815,,35.5,1.0,,,,,,,,,,,,,,,,,,,,,,,,,,,,,,,,,,,,,,,,,,,,,,,,,,,,,,,,,,,,,,,,,,,,,,,,,,,
3760,,,,175000.0,,,,,,,,1.0,,,Tunis,Maryem,Appartement,vente,36.8065,10.1815,,,0.0,,,,,,,,,,,,,,,,,,,,,,,,,,,,,,,,,,,,,,,,,,,,,,,,,,,,,,,,,,,,,,,,,,,,,,,,,,,
3761,,3.0,,,1.0,,,,,,,1.0,,,,Lac,Appartement,vente,,,,,0.0,,,,,,,,,,,,,,,,,,,,,,,,,,,,,,,,,,,,,,,,,,,,,,,,,,,,,,,,,,,,,,,,,,,,,,,,,,,
3762,200.0,2.0,,,,,,,1.0,,,,,,Tunis,Carthage,Appartement,vente,36.8065,10.1815,,100.0,0.0,,,,,,,,,,,,,,,,,,,,,,,,,,,,,,,,,,,,,,,,,,,,,,,,,,,,,,,,,,,,,,,,,,,,,,,,,,,
3763,,3.0,2.0,255000.0,1.0,1.0,,,,,,,,,Tunis,Carthage,Appartement,vente,36.8065,10.1815,,,2.0,,,,,,,,,,,,,,,,,,,,,,,,,,,,,,,,,,,,,,,,,,,,,,,,,,,,,,,,,,,,,,,,,,,,,,,,,,,
3764,75.0,2.0,,210000.0,,,,,,,,,,,,Yasmine,Appartement,vente,,,2800.0,37.5,0.0,,,,,,,,,,,,,,,,,,,,,,,,,,,,,,,,,,,,,,,,,,,,,,,,,,,,,,,,,,,,,,,,,,,,,,,,,,,
3765,200.0,2.0,,,,,,,1.0,,,,,,Tunis,Carthage,Appartement,vente,36.8065,10.1815,,100.0,0.0,,,,,,,,,,,,,,,,,,,,,,,,,,,,,,,,,,,,,,,,,,,,,,,,,,,,,,,,,,,,,,,,,,,,,,,,,,,
3766,86.0,,,190000.0,,,,,,,,,,,Tunis,El Mourouj,Appartement,vente,36.8065,10.1815,2209.3023255813955,,0.0,,,,,,,,,,,,,,,,,,,,,,,,,,,,,,,,,,,,,,,,,,,,,,,,,,,,,,,,,,,,,,,,,,,,,,,,,,,
3767,113.0,3.0,,,,,,,,,,1.0,,,Tunis,Nabeul,Appartement,vente,36.8065,10.1815,,37.666666666666664,0.0,,,,,,,,,,,,,,,,,,,,,,,,,,,,,,,,,,,,,,,,,,,,,,,,,,,,,,,,,,,,,,,,,,,,,,,,,,,
3768,200.0,2.0,,,,,,,1.0,,,,,,Tunis,Carthage,Appartement,vente,36.8065,10.1815,,100.0,0.0,,,,,,,,,,,,,,,,,,,,,,,,,,,,,,,,,,,,,,,,,,,,,,,,,,,,,,,,,,,,,,,,,,,,,,,,,,,
3769,96.0,,0.0,290000.0,,,1.0,1.0,,,,1.0,1.0,,,Cité El Wafa,Appartement,vente,,,3020.8333333333335,,0.0,,,,,,,,,,,,,,,,,,,,,,,,,,,,,,,,,,,,,,,,,,,,,,,,,,,,,,,,,,,,,,,,,,,,,,,,,,,
3770,,,,,,,,,,,,,,,,,Appartement,vente,,,,,0.0,,,,,,,,,,,,,,,,,,,,,,,,,,,,,,,,,,,,,,,,,,,,,,,,,,,,,,,,,,,,,,,,,,,,,,,,,,,
3771,74.0,,,165000.0,,,,,,,,,,,,Cité El Wafa Mrezga,Appartement,vente,,,2229.7297297297296,,0.0,,,,,,,,,,,,,,,,,,,,,,,,,,,,,,,,,,,,,,,,,,,,,,,,,,,,,,,,,,,,,,,,,,,,,,,,,,,
3772,80.0,3.0,,170000.0,,,,,,,,,,,,Ezahra Hammem El Ghzez,Appartement,vente,,,2125.0,26.666666666666668,0.0,,,,,,,,,,,,,,,,,,,,,,,,,,,,,,,,,,,,,,,,,,,,,,,,,,,,,,,,,,,,,,,,,,,,,,,,,,,
3773,64.0,2.0,0.0,,,,,,,,,,1.0,,Tunis,Hammamet,Appartement,vente,36.8065,10.1815,,32.0,0.0,,,,,,,,,,,,,,,,,,,,,,,,,,,,,,,,,,,,,,,,,,,,,,,,,,,,,,,,,,,,,,,,,,,,,,,,,,,
3774,200.0,,,250000.0,,,,,,,,,,,,,Appartement,vente,,,1250.0,,0.0,,,,,,,,,,,,,,,,,,,,,,,,,,,,,,,,,,,,,,,,,,,,,,,,,,,,,,,,,,,,,,,,,,,,,,,,,,,
3775,200.0,3.0,1.0,,,,,,,,,,,,Tunis,Carthage,Appartement,vente,36.8065,10.1815,,66.66666666666667,0.0,,,,,,,,,,,,,,,,,,,,,,,,,,,,,,,,,,,,,,,,,,,,,,,,,,,,,,,,,,,,,,,,,,,,,,,,,,,
3776,200.0,3.0,0.0,190000.0,,,,,1.0,,,,,1.0,Tunis,Carthage,Appartement,vente,36.8065,10.1815,950.0,66.66666666666667,0.0,,,,,,,,,,,,,,,,,,,,,,,,,,,,,,,,,,,,,,,,,,,,0.1162427,-0.0032689832,0.037410673,0.08191565,-0.049724463,0.048842352,0.031481903,-0.021307651,-0.1987069,0.08884477,-0.030028904,0.001897329,0.01380959,-0.09009201,0.05953809,-0.079435386,0.05261736,-0.11728639,-0.109112285,0.109915905,0.013025694,0.028887227,0.069646426,0.05066748,-0.011169671,-0.06689985,-0.036731858,0.03910265,-0.06258418,0.057205785,-0.046444353,-0.024079898
3777,,3.0,,240000.0,,,,,,,,,,,,Yasmine,Appartement,vente,,,,,0.0,,,,,,,,,,,,,,,,,,,,,,,,,,,,,,,,,,,,,,,,,,,,,,,,,,,,,,,,,,,,,,,,,,,,,,,,,,,
3778,113.0,3.0,,,,,,,,,,1.0,,,Tunis,Nabeul,Appartement,vente,36.8065,10.1815,,37.666666666666664,0.0,,,,,,,,,,,,,,,,,,,,,,,,,,,,,,,,,,,,,,,,,,,,,,,,,,,,,,,,,,,,,,,,,,,,,,,,,,,
3779,115.0,3.0,,,,,,,,,,,,,,Cité El Wafa Mrezga,Appartement,vente,,,,38.333333333333336,0.0,,,,,,,,,,,,,,,,,,,,,,,,,,,,,,,,,,,,,,,,,,,,,,,,,,,,,,,,,,,,,,,,,,,,,,,,,,,
3780,200.0,2.0,,,,,,,1.0,,,,,,Tunis,Carthage,Appartement,vente,36.8065,10.1815,,100.0,0.0,,,,,,,,,,,,,,,,,,,,,,,,,,,,,,,,,,,,,,,,,,,,,,,,,,,,,,,,,,,,,,,,,,,,,,,,,,,
3781,,3.0,,273000.0,1.0,,,,,,,1.0,1.0,,,Cité El Wafa Mrezga,Appartement,vente,,,,,0.0,,,,,,,,,,,,,,,,,,,,,,,,,,,,,,,,,,,,,,,,,,,,,,,,,,,,,,,,,,,,,,,,,,,,,,,,,,,
3782,,2.0,,,,,,,,,,,,,Tunis,Marsa,Appartement,vente,36.8065,10.1815,,,0.0,,,,,,,,,,,,,,,,,,,,,,,,,,,,,,,,,,,,,,,,,,,,,,,,,,,,,,,,,,,,,,,,,,,,,,,,,,,
3783,200.0,2.0,,,,,,,1.0,,,,,,Tunis,Carthage,Appartement,vente,36.8065,10.1815,,100.0,0.0,,,,,,,,,,,,,,,,,,,,,,,,,,,,,,,,,,,,,,,,,,,,,,,,,,,,,,,,,,,,,,,,,,,,,,,,,,,
3784,200.0,3.0,1.0,,,,,,,,,,,,Tunis,Carthage,Appartement,vente,36.8065,10.1815,,66.66666666666667,0.0,,,,,,,,,,,,,,,,,,,,,,,,,,,,,,,,,,,,,,,,,,,,,,,,,,,,,,,,,,,,,,,,,,,,,,,,,,,
3785,76.0,,,195000.0,1.0,1.0,,,,,,,,,,L'Aouina,Appartement,vente,,,2565.7894736842104,,0.0,,,,,,,,,,,,,,,,,,,,,,,,,,,,,,,,,,,,,,,,,,,,,,,,,,,,,,,,,,,,,,,,,,,,,,,,,,,
3786,200.0,3.0,1.0,,,,,,,,,,,,Tunis,Carthage,Appartement,vente,36.8065,10.1815,,66.66666666666667,0.0,,,,,,,,,,,,,,,,,,,,,,,,,,,,,,,,,,,,,,,,,,,,,,,,,,,,,,,,,,,,,,,,,,,,,,,,,,,
3787,,,,120000.0,,,,,,,,,,,,,Appartement,vente,,,,,0.0,,,,,,,,,,,,,,,,,,,,,,,,,,,,,,,,,,,,,,,,,,,,,,,,,,,,,,,,,,,,,,,,,,,,,,,,,,,
3788,117.0,3.0,0.0,287000.0,1.0,,1.0,1.0,,,,1.0,,,Ben Arous,Ezzahra,Appartement,vente,36.753,10.228,2452.991452991453,39.0,0.0,,,,,,,,,,,,,,,,,,,,,,,,,,,,,,,,,,,,,,,,,,,,,,,,,,,,,,,,,,,,,,,,,,,,,,,,,,,
3789,120.0,3.0,0.0,,1.0,1.0,1.0,1.0,,,1.0,,1.0,,Tunis,Chotrana,Appartement,vente,36.8065,10.1815,,40.0,0.0,,,,,,,,,,,,,,,,,,,,,,,,,,,,,,,,,,,,,,,,,,,,,,,,,,,,,,,,,,,,,,,,,,,,,,,,,,,
3790,120.0,,,315000.0,,,,,,,,1.0,,,,Cité El Wafa Mrezga,Appartement,vente,,,2625.0,,0.0,,,,,,,,,,,,,,,,,,,,,,,,,,,,,,,,,,,,,,,,,,,,,,,,,,,,,,,,,,,,,,,,,,,,,,,,,,,
3791,,,,160000.0,,,,,,,,,,,Tunis,Hammamet,Appartement,vente,36.8065,10.1815,,,0.0,,,,,,,,,,,,,,,,,,,,,,,,,,,,,,,,,,,,,,,,,,,,,,,,,,,,,,,,,,,,,,,,,,,,,,,,,,,
3792,104.0,,,385000.0,,,,,,,,,,,,Cité El Wafa Mrezga,Appartement,vente,,,3701.923076923077,,0.0,,,,,,,,,,,,,,,,,,,,,,,,,,,,,,,,,,,,,,,,,,,,,,,,,,,,,,,,,,,,,,,,,,,,,,,,,,,
3793,154.0,3.0,,380000.0,,,,,,,,,,,,Cité El Wafa Mrezga,Appartement,vente,,,2467.5324675324673,51.333333333333336,0.0,,,,,,,,,,,,,,,,,,,,,,,,,,,,,,,,,,,,,,,,,,,,,,,,,,,,,,,,,,,,,,,,,,,,,,,,,,,
3794,100.0,,,120000.0,,,,,,,,,,,Sfax,Tunis,Appartement,vente,34.74,10.76,1200.0,,0.0,,,,,,,,,,,,,,,,,,,,,,,,,,,,,,,,,,,,,,,,,,,,,,,,,,,,,,,,,,,,,,,,,,,,,,,,,,,
3795,97.0,3.0,7.0,350000.0,1.0,,1.0,1.0,,,,1.0,,,Tunis,Ain Zaghouan,Appartement,vente,36.8065,10.1815,3608.2474226804125,32.333333333333336,7.0,,,,,,,,,,,,,,,,,,,,,,,,,,,,,,,,,,,,,,,,,,,,,,,,,,,,,,,,,,,,,,,,,,,,,,,,,,,
3796,150.0,4.0,2.0,,,,,,,,,,,,Ben Arous,Ezzahra,Appartement,vente,36.753,10.228,,37.5,0.0,,,,,,,,,,,,,,,,,,,,,,,,,,,,,,,,,,,,,,,,,,,,,,,,,,,,,,,,,,,,,,,,,,,,,,,,,,,
3797,,3.0,,240000.0,,,,,,,,,,,,,Appartement,vente,,,,,0.0,,,,,,,,,,,,,,,,,,,,,,,,,,,,,,,,,,,,,,,,,,,,,,,,,,,,,,,,,,,,,,,,,,,,,,,,,,,
3798,64.0,2.0,,560000.0,,,,,,1.0,1.0,1.0,,1.0,Tunis,Soukra,Appartement,vente,36.8065,10.1815,8750.0,32.0,0.0,,,,,,,,,,,,,,,,,,,,,,,,,,,,,,,,,,,,,,,,,,,,,,,,,,,,,,,,,,,,,,,,,,,,,,,,,,,
3799,,2.0,,,,,,,,,,,1.0,,,Cité El Wafa Mrezga,Appartement,vente,,,,,0.0,,,,,,,,,,,,,,,,,,,,,,,,,,,,,,,,,,,,,,,,,,,,,,,,,,,,,,,,,,,,,,,,,,,,,,,,,,,
3800,160.0,4.0,2.0,,,,,,,,,,,,,,Appartement,vente,,,,40.0,0.0,,,,,,,,,,,,,,,,,,,,,,,,,,,,,,,,,,,,,,,,,,,,,,,,,,,,,,,,,,,,,,,,,,,,,,,,,,,
3801,200.0,3.0,1.0,,,,,,,,,,,,Tunis,Carthage,Appartement,vente,36.8065,10.1815,,66.66666666666667,0.0,,,,,,,,,,,,,,,,,,,,,,,,,,,,,,,,,,,,,,,,,,,,,,,,,,,,,,,,,,,,,,,,,,,,,,,,,,,
3802,93.0,3.0,,320000.0,,,,,,,,1.0,,,,L'Aouina,Appartement,vente,,,3440.8602150537636,31.0,0.0,,,,,,,,,,,,,,,,,,,,,,,,,,,,,,,,,,,,,,,,,,,,,,,,,,,,,,,,,,,,,,,,,,,,,,,,,,,
3803,200.0,2.0,,,,,,,1.0,,,,,,Tunis,Carthage,Appartement,vente,36.8065,10.1815,,100.0,0.0,,,,,,,,,,,,,,,,,,,,,,,,,,,,,,,,,,,,,,,,,,,,,,,,,,,,,,,,,,,,,,,,,,,,,,,,,,,
3804,70.0,1.0,0.0,250000.0,,,,1.0,,,1.0,,,,Tunis,Khaireddine,Appartement,vente,36.8065,10.1815,3571.4285714285716,70.0,0.0,,,,,,,,,,,,,,,,,,,,,,,,,,,,,,,,,,,,,,,,,,,,,,,,,,,,,,,,,,,,,,,,,,,,,,,,,,,
3805,160.0,4.0,,435000.0,,,,,,,,,,,,,Appartement,vente,,,2718.75,40.0,0.0,,,,,,,,,,,,,,,,,,,,,,,,,,,,,,,,,,,,,,,,,,,,-0.016091552,-0.0033554172,0.09446311,-0.06487219,0.0114376815,-0.06743748,-0.16495773,-0.06347973,-0.051163282,0.015902631,-0.17824464,-0.02566123,-0.008715669,-0.015936393,-0.08429796,0.0027631908,0.02383683,-0.05158941,-0.032098595,0.0010949898,0.0051293275,-0.026926527,0.0023527828,-0.028205428,-0.033012148,-0.021733591,-0.07847488,-0.028378075,-0.09507107,-0.08128436,0.07056744,0.03758921
3806,200.0,2.0,,,,,,,1.0,,,,,,Tunis,Carthage,Appartement,vente,36.8065,10.1815,,100.0,0.0,,,,,,,,,,,,,,,,,,,,,,,,,,,,,,,,,,,,,,,,,,,,,,,,,,,,,,,,,,,,,,,,,,,,,,,,,,,
3807,,2.0,,,,,,,,,,,,,Nabeul,Kelibia,Appartement,vente,36.4561,10.7376,,,0.0,,,,,,,,,,,,,,,,,,,,,,,,,,,,,,,,,,,,,,,,,,,,,,,,,,,,,,,,,,,,,,,,,,,,,,,,,,,
3808,200.0,3.0,1.0,,,,,,,,,,,,Tunis,Carthage,Appartement,vente,36.8065,10.1815,,66.66666666666667,0.0,,,,,,,,,,,,,,,,,,,,,,,,,,,,,,,,,,,,,,,,,,,,,,,,,,,,,,,,,,,,,,,,,,,,,,,,,,,
3809,,3.0,,205000.0,,,1.0,,,,,1.0,,,,,Appartement,vente,,,,,0.0,,,,,,,,,,,,,,,,,,,,,,,,,,,,,,,,,,,,,,,,,,,,,,,,,,,,,,,,,,,,,,,,,,,,,,,,,,,
3810,,3.0,,200000.0,,,,,,,,,,,Tunis,Kelibia,Appartement,vente,36.8065,10.1815,,,0.0,,,,,,,,,,,,,,,,,,,,,,,,,,,,,,,,,,,,,,,,,,,,,,,,,,,,,,,,,,,,,,,,,,,,,,,,,,,
3811,,3.0,,170000.0,,,,,,,,,,,Tunis,Kélibia,Appartement,vente,36.8065,10.1815,,,0.0,,,,,,,,,,,,,,,,,,,,,,,,,,,,,,,,,,,,,,,,,,,,,,,,,,,,,,,,,,,,,,,,,,,,,,,,,,,
3812,240.0,,,450000.0,,,1.0,,,,,,,1.0,Tunis,Carthage,Appartement,vente,36.8065,10.1815,1875.0,,0.0,,,,,,,,,,,,,,,,,,,,,,,,,,,,,,,,,,,,,,,,,,,,,,,,,,,,,,,,,,,,,,,,,,,,,,,,,,,
3813,120.0,,,145000.0,,,,,,,,,,,Tunis,Carthage,Appartement,vente,36.8065,10.1815,1208.3333333333333,,0.0,,,,,,,,,,,,,,,,,,,,,,,,,,,,,,,,,,,,,,,,,,,,,,,,,,,,,,,,,,,,,,,,,,,,,,,,,,,
3814,200.0,2.0,,,,,,,1.0,,,,,,Tunis,Carthage,Appartement,vente,36.8065,10.1815,,100.0,0.0,,,,,,,,,,,,,,,,,,,,,,,,,,,,,,,,,,,,,,,,,,,,,,,,,,,,,,,,,,,,,,,,,,,,,,,,,,,
3815,100.0,3.0,,175000.0,,,,,,,,,,,Tunis,Kelibia,Appartement,vente,36.8065,10.1815,1750.0,33.333333333333336,0.0,,,,,,,,,,,,,,,,,,,,,,,,,,,,,,,,,,,,,,,,,,,,,,,,,,,,,,,,,,,,,,,,,,,,,,,,,,,
3816,200.0,2.0,,,,,,,1.0,,,,,,Tunis,Carthage,Appartement,vente,36.8065,10.1815,,100.0,0.0,,,,,,,,,,,,,,,,,,,,,,,,,,,,,,,,,,,,,,,,,,,,,,,,,,,,,,,,,,,,,,,,,,,,,,,,,,,
3817,90.0,,1.0,340000.0,1.0,,,,,,,,,,Tunis,Kantaoui,Appartement,vente,36.8065,10.1815,3777.777777777778,,1.0,,,,,,,,,,,,,,,,,,,,,,,,,,,,,,,,,,,,,,,,,,,,,,,,,,,,,,,,,,,,,,,,,,,,,,,,,,,
3818,132.0,4.0,,435000.0,,,1.0,1.0,,,1.0,1.0,,1.0,Tunis,Soukra,Appartement,vente,36.8065,10.1815,3295.4545454545455,33.0,0.0,,,,,,,,,,,,,,,,,,,,,,,,,,,,,,,,,,,,,,,,,,,,,,,,,,,,,,,,,,,,,,,,,,,,,,,,,,,
3819,135.0,3.0,,400000.0,1.0,,,,,,,1.0,1.0,1.0,,Cité El Wafa Mrezga,Appartement,vente,,,2962.962962962963,45.0,0.0,,,,,,,,,,,,,,,,,,,,,,,,,,,,,,,,,,,,,,,,,,,,,,,,,,,,,,,,,,,,,,,,,,,,,,,,,,,
3820,90.0,3.0,,170000.0,,,,,,,,,,,Nabeul,Kelibia,Appartement,vente,36.4561,10.7376,1888.888888888889,30.0,0.0,,,,,,,,,,,,,,,,,,,,,,,,,,,,,,,,,,,,,,,,,,,,,,,,,,,,,,,,,,,,,,,,,,,,,,,,,,,
3821,72.0,2.0,,198000.0,,1.0,,,,,,,,,,L'Aouina,Appartement,vente,,,2750.0,36.0,0.0,,,,,,,,,,,,,,,,,,,,,,,,,,,,,,,,,,,,,,,,,,,,,,,,,,,,,,,,,,,,,,,,,,,,,,,,,,,
3822,105.0,,,150000.0,,,,,,,,,,,Sousse,Hammam Sousse,Appartement,vente,35.8245,10.6346,1428.5714285714287,,0.0,,,,,,,,,,,,,,,,,,,,,,,,,,,,,,,,,,,,,,,,,,,,0.38374874,0.07885067,-0.13137132,0.12031446,0.034115326,0.021409445,-0.15107006,-0.015176049,-0.05864071,-0.046404526,0.042680643,0.07886296,0.01963629,-0.06730343,0.08682252,-0.009152736,-0.016164191,0.10010873,0.0010690736,-0.0065645524,0.052028526,0.10241629,-0.024089625,-0.026583904,-0.009602524,-0.013879992,-0.039365925,-0.014398761,0.03958358,0.0018259377,-0.041729208,0.019053197
3823,,3.0,,160000.0,,,,,,,,,,,Tunis,Carthage,Appartement,vente,36.8065,10.1815,,,0.0,,,,,,,,,,,,,,,,,,,,,,,,,,,,,,,,,,,,,,,,,,,,,,,,,,,,,,,,,,,,,,,,,,,,,,,,,,,
3824,115.0,3.0,0.0,250000.0,,,1.0,,,,,,,1.0,Tunis,Hammamet,Appartement,vente,36.8065,10.1815,2173.913043478261,38.333333333333336,0.0,,,,,,,,,,,,,,,,,,,,,,,,,,,,,,,,,,,,,,,,,,,,,,,,,,,,,,,,,,,,,,,,,,,,,,,,,,,
3825,70.0,,,408000.0,,,,,,,1.0,,,,Tunis,Carthage,Appartement,vente,36.8065,10.1815,5828.571428571428,,0.0,,,,,,,,,,,,,,,,,,,,,,,,,,,,,,,,,,,,,,,,,,,,,,,,,,,,,,,,,,,,,,,,,,,,,,,,,,,
3826,200.0,2.0,,,,,,,1.0,,,,,,Tunis,Carthage,Appartement,vente,36.8065,10.1815,,100.0,0.0,,,,,,,,,,,,,,,,,,,,,,,,,,,,,,,,,,,,,,,,,,,,,,,,,,,,,,,,,,,,,,,,,,,,,,,,,,,
3827,,,,150000.0,,,,,,1.0,,,,,Tunis,Enfidha,Appartement,vente,36.8065,10.1815,,,0.0,,,,,,,,,,,,,,,,,,,,,,,,,,,,,,,,,,,,,,,,,,,,,,,,,,,,,,,,,,,,,,,,,,,,,,,,,,,
3828,,,0.0,175000.0,,,1.0,1.0,,,,1.0,,,Tunis,Carthage,Appartement,vente,36.8065,10.1815,,,0.0,,,,,,,,,,,,,,,,,,,,,,,,,,,,,,,,,,,,,,,,,,,,,,,,,,,,,,,,,,,,,,,,,,,,,,,,,,,
3829,146.0,4.0,0.0,255000.0,,,,,,,,,,,Tunis,Ariana,Appartement,vente,36.8065,10.1815,1746.5753424657535,36.5,0.0,,,,,,,,,,,,,,,,,,,,,,,,,,,,,,,,,,,,,,,,,,,,,,,,,,,,,,,,,,,,,,,,,,,,,,,,,,,
3830,200.0,2.0,,,,,,,1.0,,,,,,Tunis,Carthage,Appartement,vente,36.8065,10.1815,,100.0,0.0,,,,,,,,,,,,,,,,,,,,,,,,,,,,,,,,,,,,,,,,,,,,,,,,,,,,,,,,,,,,,,,,,,,,,,,,,,,
3831,200.0,2.0,,,,,,,1.0,,,,,,Tunis,Carthage,Appartement,vente,36.8065,10.1815,,100.0,0.0,,,,,,,,,,,,,,,,,,,,,,,,,,,,,,,,,,,,,,,,,,,,,,,,,,,,,,,,,,,,,,,,,,,,,,,,,,,
3832,120.0,5.0,,390000.0,,,1.0,1.0,,,,,,,Tunis,Chott Mariem,Appartement,vente,36.8065,10.1815,3250.0,24.0,0.0,,,,,,,,,,,,,,,,,,,,,,,,,,,,,,,,,,,,,,,,,,,,,,,,,,,,,,,,,,,,,,,,,,,,,,,,,,,
3833,200.0,2.0,,,,,,,1.0,,,,,,Tunis,Carthage,Appartement,vente,36.8065,10.1815,,100.0,0.0,,,,,,,,,,,,,,,,,,,,,,,,,,,,,,,,,,,,,,,,,,,,,,,,,,,,,,,,,,,,,,,,,,,,,,,,,,,
3834,133.0,4.0,,650000.0,,,1.0,1.0,,1.0,1.0,,,1.0,Tunis,Gammarth,Appartement,vente,36.8065,10.1815,4887.2180451127815,33.25,0.0,,,,,,,,,,,,,,,,,,,,,,,,,,,,,,,,,,,,,,,,,,,,,,,,,,,,,,,,,,,,,,,,,,,,,,,,,,,
3835,,3.0,3.0,260000.0,,,,,,,,,,,Tunis,Carthage,Appartement,vente,36.8065,10.1815,,,0.0,,,,,,,,,,,,,,,,,,,,,,,,,,,,,,,,,,,,,,,,,,,,,,,,,,,,,,,,,,,,,,,,,,,,,,,,,,,
3836,79.0,3.0,1.0,85000.0,,,,,,,,,,,Tunis,Carthage,Appartement,vente,36.8065,10.1815,1075.9493670886077,26.333333333333332,0.0,,,,,,,,,,,,,,,,,,,,,,,,,,,,,,,,,,,,,,,,,,,,,,,,,,,,,,,,,,,,,,,,,,,,,,,,,,,
3837,158.0,4.0,0.0,680000.0,,,,,,,,1.0,,1.0,Tunis,Gammarth Foret,Appartement,vente,36.8065,10.1815,4303.797468354431,39.5,0.0,,,,,,,,,,,,,,,,,,,,,,,,,,,,,,,,,,,,,,,,,,,,,,,,,,,,,,,,,,,,,,,,,,,,,,,,,,,
3838,218.0,4.0,,470000.0,1.0,1.0,1.0,,,,,1.0,,,Tunis,Menzah,Appartement,vente,36.8065,10.1815,2155.9633027522937,54.5,0.0,,,,,,,,,,,,,,,,,,,,,,,,,,,,,,,,,,,,,,,,,,,,,,,,,,,,,,,,,,,,,,,,,,,,,,,,,,,
3839,,3.0,,175000.0,,,,,,,,,,,,,Appartement,vente,,,,,0.0,,,,,,,,,,,,,,,,,,,,,,,,,,,,,,,,,,,,,,,,,,,,,,,,,,,,,,,,,,,,,,,,,,,,,,,,,,,
3840,52.0,2.0,0.0,150000.0,,,,,,,1.0,1.0,,,Tunis,Kerkouane,Appartement,vente,36.8065,10.1815,2884.6153846153848,26.0,0.0,,,,,,,,,,,,,,,,,,,,,,,,,,,,,,,,,,,,,,,,,,,,,,,,,,,,,,,,,,,,,,,,,,,,,,,,,,,
3841,70.0,,1.0,300000.0,,1.0,,,,,,1.0,,,Tunis,Chotrana,Appartement,vente,36.8065,10.1815,4285.714285714285,,0.0,,,,,,,,,,,,,,,,,,,,,,,,,,,,,,,,,,,,,,,,,,,,,,,,,,,,,,,,,,,,,,,,,,,,,,,,,,,
3842,82.0,3.0,1.0,90000.0,,1.0,,,,,,1.0,,,Tunis,Carthage,Appartement,vente,36.8065,10.1815,1097.560975609756,27.333333333333332,0.0,,,,,,,,,,,,,,,,,,,,,,,,,,,,,,,,,,,,,,,,,,,,,,,,,,,,,,,,,,,,,,,,,,,,,,,,,,,
3843,110.0,3.0,,220000.0,,,,,,,,,,,,Ezahra Hammem El Ghzez,Appartement,vente,,,2000.0,36.666666666666664,0.0,,,,,,,,,,,,,,,,,,,,,,,,,,,,,,,,,,,,,,,,,,,,,,,,,,,,,,,,,,,,,,,,,,,,,,,,,,,
3844,160.0,4.0,,,,,,,,,,,,,,,Appartement,vente,,,,40.0,0.0,,,,,,,,,,,,,,,,,,,,,,,,,,,,,,,,,,,,,,,,,,,,,,,,,,,,,,,,,,,,,,,,,,,,,,,,,,,
3845,60.0,2.0,0.0,177000.0,,,,,,,,,,,Tunis,Carthage,Appartement,vente,36.8065,10.1815,2950.0,30.0,0.0,,,,,,,,,,,,,,,,,,,,,,,,,,,,,,,,,,,,,,,,,,,,,,,,,,,,,,,,,,,,,,,,,,,,,,,,,,,
3846,200.0,3.0,1.0,,,,,,,,,,,,Tunis,Carthage,Appartement,vente,36.8065,10.1815,,66.66666666666667,0.0,,,,,,,,,,,,,,,,,,,,,,,,,,,,,,,,,,,,,,,,,,,,,,,,,,,,,,,,,,,,,,,,,,,,,,,,,,,
3847,65.0,3.0,,190000.0,,,,,,,,,,,Tunis,Hammamet Nord,Appartement,vente,36.8065,10.1815,2923.076923076923,21.666666666666668,0.0,,,,,,,,,,,,,,,,,,,,,,,,,,,,,,,,,,,,,,,,,,,,,,,,,,,,,,,,,,,,,,,,,,,,,,,,,,,
3848,63.0,2.0,,340000.0,1.0,,1.0,1.0,,,,1.0,1.0,,Tunis,Ain Zaghouen Nord,Appartement,vente,36.8065,10.1815,5396.825396825397,31.5,0.0,,,,,,,,,,,,,,,,,,,,,,,,,,,,,,,,,,,,,,,,,,,,,,,,,,,,,,,,,,,,,,,,,,,,,,,,,,,
3849,,,0.0,130000.0,,,,,,,,,,,Tunis,Carthage,Appartement,vente,36.8065,10.1815,,,0.0,,,,,,,,,,,,,,,,,,,,,,,,,,,,,,,,,,,,,,,,,,,,,,,,,,,,,,,,,,,,,,,,,,,,,,,,,,,
3850,,3.0,,335000.0,1.0,,1.0,1.0,,,,1.0,,,Tunis,Carthage,Appartement,vente,36.8065,10.1815,,,0.0,,,,,,,,,,,,,,,,,,,,,,,,,,,,,,,,,,,,,,,,,,,,,,,,,,,,,,,,,,,,,,,,,,,,,,,,,,,
3851,138.0,4.0,,435000.0,,,,,,,,1.0,,,,L'Aouina,Appartement,vente,,,3152.1739130434785,34.5,0.0,,,,,,,,,,,,,,,,,,,,,,,,,,,,,,,,,,,,,,,,,,,,,,,,,,,,,,,,,,,,,,,,,,,,,,,,,,,
3852,,3.0,,395000.0,,,,,,,,,,,,Cité El Wafa Mrezga,Appartement,vente,,,,,0.0,,,,,,,,,,,,,,,,,,,,,,,,,,,,,,,,,,,,,,,,,,,,,,,,,,,,,,,,,,,,,,,,,,,,,,,,,,,
3853,82.0,3.0,2.0,170000.0,,,,,,,,,,,Sousse,Sousse,Appartement,vente,35.8245,10.6346,2073.170731707317,27.333333333333332,0.0,,,,,,,,,,,,,,,,,,,,,,,,,,,,,,,,,,,,,,,,,,,,,,,,,,,,,,,,,,,,,,,,,,,,,,,,,,,
3854,70.0,,,313250.0,1.0,,1.0,1.0,1.0,,1.0,1.0,1.0,,,Cité El Wafa Mrezga,Appartement,vente,,,4475.0,,0.0,,,,,,,,,,,,,,,,,,,,,,,,,,,,,,,,,,,,,,,,,,,,,,,,,,,,,,,,,,,,,,,,,,,,,,,,,,,
3855,,,,250000.0,,,,,,,,,,,,,Appartement,vente,,,,,0.0,,,,,,,,,,,,,,,,,,,,,,,,,,,,,,,,,,,,,,,,,,,,,,,,,,,,,,,,,,,,,,,,,,,,,,,,,,,
3856,115.0,4.0,,265000.0,,,1.0,,1.0,,,,,,Tunis,Hammamet Nord,Appartement,vente,36.8065,10.1815,2304.3478260869565,28.75,0.0,,,,,,,,,,,,,,,,,,,,,,,,,,,,,,,,,,,,,,,,,,,,0.09585494,-0.19018756,-0.16959526,-0.13369565,0.0039460245,0.10267616,-0.015431181,0.028937932,-0.10767572,0.0355724,-0.044776537,0.028322922,0.06646137,0.0798391,0.056103513,0.12615222,-0.012594079,-0.057910267,0.14315312,-0.019002374,0.004799566,0.08929785,0.0003505101,-0.0195095,-0.0014292334,0.09133764,0.02700666,0.02029568,-0.013603632,-0.089070536,0.015704956,-0.090152755
3857,140.0,,,275000.0,,,1.0,,,,,,,,Tunis,Khzema,Appartement,vente,36.8065,10.1815,1964.2857142857142,,0.0,,,,,,,,,,,,,,,,,,,,,,,,,,,,,,,,,,,,,,,,,,,,,,,,,,,,,,,,,,,,,,,,,,,,,,,,,,,
3858,60.0,3.0,,,,,,,1.0,,,,,,Tunis,Hammamet Nord,Appartement,vente,36.8065,10.1815,,20.0,0.0,,,,,,,,,,,,,,,,,,,,,,,,,,,,,,,,,,,,,,,,,,,,,,,,,,,,,,,,,,,,,,,,,,,,,,,,,,,
3859,200.0,2.0,,,,,,,1.0,,,,,,Tunis,Carthage,Appartement,vente,36.8065,10.1815,,100.0,0.0,,,,,,,,,,,,,,,,,,,,,,,,,,,,,,,,,,,,,,,,,,,,,,,,,,,,,,,,,,,,,,,,,,,,,,,,,,,
3860,,2.0,,,,,,,,,,1.0,,,Tunis,Menzah,Appartement,vente,36.8065,10.1815,,,0.0,,,,,,,,,,,,,,,,,,,,,,,,,,,,,,,,,,,,,,,,,,,,,,,,,,,,,,,,,,,,,,,,,,,,,,,,,,,
3861,,,,,,,,,,,,,,,Tunis,Hamam Rimi,Appartement,vente,36.8065,10.1815,,,0.0,,,,,,,,,,,,,,,,,,,,,,,,,,,,,,,,,,,,,,,,,,,,,,,,,,,,,,,,,,,,,,,,,,,,,,,,,,,
3862,100.0,3.0,,650000.0,1.0,,,,,,,,,,Tunis,Khzema,Appartement,vente,36.8065,10.1815,6500.0,33.333333333333336,0.0,,,,,,,,,,,,,,,,,,,,,,,,,,,,,,,,,,,,,,,,,,,,,,,,,,,,,,,,,,,,,,,,,,,,,,,,,,,
3863,128.0,4.0,5.0,300000.0,1.0,1.0,1.0,1.0,,,,1.0,,,Tunis,Carthage,Appartement,vente,36.8065,10.1815,2343.75,32.0,5.0,,,,,,,,,,,,,,,,,,,,,,,,,,,,,,,,,,,,,,,,,,,,,,,,,,,,,,,,,,,,,,,,,,,,,,,,,,,
3864,62.0,3.0,0.0,,,,,,,,,,,,Tunis,Hammamet,Appartement,vente,36.8065,10.1815,,20.666666666666668,0.0,,,,,,,,,,,,,,,,,,,,,,,,,,,,,,,,,,,,,,,,,,,,,,,,,,,,,,,,,,,,,,,,,,,,,,,,,,,
3865,,,,190000.0,,1.0,,,,,,,,,Tunis,El Mourouj,Appartement,vente,36.8065,10.1815,,,0.0,,,,,,,,,,,,,,,,,,,,,,,,,,,,,,,,,,,,,,,,,,,,,,,,,,,,,,,,,,,,,,,,,,,,,,,,,,,
3866,,,,150000.0,,,,,,,,,,,Tunis,Kelibia,Appartement,vente,36.8065,10.1815,,,0.0,,,,,,,,,,,,,,,,,,,,,,,,,,,,,,,,,,,,,,,,,,,,,,,,,,,,,,,,,,,,,,,,,,,,,,,,,,,
3867,213.0,,,202350.0,,,,,,,,,,,Tunis,Riadh El Andalous,Appartement,vente,36.8065,10.1815,950.0,,0.0,,,,,,,,,,,,,,,,,,,,,,,,,,,,,,,,,,,,,,,,,,,,,,,,,,,,,,,,,,,,,,,,,,,,,,,,,,,
3868,,,,,,,,,,,,,,,,Cité El Wafa Mrezga,Appartement,vente,,,,,0.0,,,,,,,,,,,,,,,,,,,,,,,,,,,,,,,,,,,,,,,,,,,,,,,,,,,,,,,,,,,,,,,,,,,,,,,,,,,
3869,51.0,2.0,1.0,80000.0,,,,,,,,1.0,,,Tunis,Carthage,Appartement,vente,36.8065,10.1815,1568.6274509803923,25.5,0.0,,,,,,,,,,,,,,,,,,,,,,,,,,,,,,,,,,,,,,,,,,,,,,,,,,,,,,,,,,,,,,,,,,,,,,,,,,,
3870,97.0,4.0,,230000.0,,1.0,,,,,,,,,Monastir,Monastir,Appartement,vente,35.7643,10.8113,2371.134020618557,24.25,0.0,,,,,,,,,,,,,,,,,,,,,,,,,,,,,,,,,,,,,,,,,,,,,,,,,,,,,,,,,,,,,,,,,,,,,,,,,,,
3871,172.0,4.0,0.0,430000.0,,1.0,,,,,,1.0,,,,,Appartement,vente,,,2500.0,43.0,0.0,,,,,,,,,,,,,,,,,,,,,,,,,,,,,,,,,,,,,,,,,,,,,,,,,,,,,,,,,,,,,,,,,,,,,,,,,,,
3872,55.0,2.0,,168000.0,1.0,,1.0,1.0,,,,,,,,L'Aouina,Appartement,vente,,,3054.5454545454545,27.5,0.0,,,,,,,,,,,,,,,,,,,,,,,,,,,,,,,,,,,,,,,,,,,,,,,,,,,,,,,,,,,,,,,,,,,,,,,,,,,
3873,134.0,4.0,,280000.0,,1.0,1.0,1.0,,,1.0,1.0,,,Tunis,Laouina,Appartement,vente,36.8065,10.1815,2089.5522388059703,33.5,0.0,,,,,,,,,,,,,,,,,,,,,,,,,,,,,,,,,,,,,,,,,,,,,,,,,,,,,,,,,,,,,,,,,,,,,,,,,,,
3874,55.0,,,,,,,,,,,,,,Tunis,Kerkouane,Appartement,vente,36.8065,10.1815,,,0.0,,,,,,,,,,,,,,,,,,,,,,,,,,,,,,,,,,,,,,,,,,,,,,,,,,,,,,,,,,,,,,,,,,,,,,,,,,,
3875,122.0,3.0,,460000.0,,1.0,1.0,1.0,,,,,,,Tunis,Marsa,Appartement,vente,36.8065,10.1815,3770.4918032786886,40.666666666666664,0.0,,,,,,,,,,,,,,,,,,,,,,,,,,,,,,,,,,,,,,,,,,,,,,,,,,,,,,,,,,,,,,,,,,,,,,,,,,,
3876,118.0,2.0,,244000.0,1.0,,,,,,1.0,1.0,,,Tunis,La Soukra,Appartement,vente,36.8065,10.1815,2067.7966101694915,59.0,0.0,,,,,,,,,,,,,,,,,,,,,,,,,,,,,,,,,,,,,,,,,,,,,,,,,,,,,,,,,,,,,,,,,,,,,,,,,,,
3877,60.0,,,290000.0,,,1.0,1.0,,,,1.0,,,Tunis,Ain Zaghouan,Appartement,vente,36.8065,10.1815,4833.333333333333,,0.0,,,,,,,,,,,,,,,,,,,,,,,,,,,,,,,,,,,,,,,,,,,,,,,,,,,,,,,,,,,,,,,,,,,,,,,,,,,
3878,191.0,,0.0,560000.0,,,,,,,1.0,1.0,,1.0,Monastir,El-Agba,Appartement,vente,35.7643,10.8113,2931.937172774869,,0.0,,,,,,,,,,,,,,,,,,,,,,,,,,,,,,,,,,,,,,,,,,,,-0.18798211,0.18039154,-0.04679018,0.06233177,0.05396897,0.0006747474,-0.10044947,-0.04959195,-0.05966608,-0.011042829,0.033270158,0.00800668,0.023281,0.021656932,0.030070847,-0.08518214,0.02302992,0.06926782,-0.038648646,0.025379693,0.06436634,0.047760967,-0.08540366,0.06780553,0.029220236,-0.012194763,-0.012200445,0.057803594,0.06671182,-0.020676088,-0.07496565,0.012994397
3879,100.0,3.0,,250000.0,,,,,,,,,,,,Ezahra Hammem El Ghzez,Appartement,vente,,,2500.0,33.333333333333336,0.0,,,,,,,,,,,,,,,,,,,,,,,,,,,,,,,,,,,,,,,,,,,,,,,,,,,,,,,,,,,,,,,,,,,,,,,,,,,
3880,95.0,3.0,,200000.0,,,,,,,,1.0,,1.0,Bizerte,Bizerte,Appartement,vente,37.2744,9.8739,2105.2631578947367,31.666666666666668,0.0,,,,,,,,,,,,,,,,,,,,,,,,,,,,,,,,,,,,,,,,,,,,,,,,,,,,,,,,,,,,,,,,,,,,,,,,,,,
3881,135.0,,,430000.0,,,,,,,,1.0,,1.0,Tunis,Hammamet Nord,Appartement,vente,36.8065,10.1815,3185.185185185185,,0.0,,,,,,,,,,,,,,,,,,,,,,,,,,,,,,,,,,,,,,,,,,,,,,,,,,,,,,,,,,,,,,,,,,,,,,,,,,,
3882,300.0,2.0,,95000.0,,,,,,,,,,,Tunis,Hammamet Nord,Appartement,vente,36.8065,10.1815,316.6666666666667,150.0,0.0,,,,,,,,,,,,,,,,,,,,,,,,,,,,,,,,,,,,,,,,,,,,,,,,,,,,,,,,,,,,,,,,,,,,,,,,,,,
3883,80.0,,1.0,170000.0,,,,,,,,,,1.0,Tunis,Hammamet,Appartement,vente,36.8065,10.1815,2125.0,,0.0,,,,,,,,,,,,,,,,,,,,,,,,,,,,,,,,,,,,,,,,,,,,,,,,,,,,,,,,,,,,,,,,,,,,,,,,,,,
3884,108.0,,,275000.0,1.0,,,,,,,1.0,,,,Sahloul,Appartement,vente,,,2546.296296296296,,0.0,,,,,,,,,,,,,,,,,,,,,,,,,,,,,,,,,,,,,,,,,,,,,,,,,,,,,,,,,,,,,,,,,,,,,,,,,,,
3885,85.0,2.0,,110000.0,,,,,,,,,,,Tunis,Hammamet,Appartement,vente,36.8065,10.1815,1294.1176470588234,42.5,0.0,,,,,,,,,,,,,,,,,,,,,,,,,,,,,,,,,,,,,,,,,,,,,,,,,,,,,,,,,,,,,,,,,,,,,,,,,,,
3886,210.0,,,520000.0,,,,,,,1.0,,,,Tunis,Ennasser,Appartement,vente,36.8065,10.1815,2476.190476190476,,0.0,,,,,,,,,,,,,,,,,,,,,,,,,,,,,,,,,,,,,,,,,,,,,,,,,,,,,,,,,,,,,,,,,,,,,,,,,,,
3887,149.0,4.0,,335000.0,,1.0,,,,,,1.0,,,,L'Aouina,Appartement,vente,,,2248.3221476510066,37.25,0.0,,,,,,,,,,,,,,,,,,,,,,,,,,,,,,,,,,,,,,,,,,,,,,,,,,,,,,,,,,,,,,,,,,,,,,,,,,,
3888,121.0,4.0,,320000.0,,,,,,,,,,,Tunis,Soukra,Appartement,vente,36.8065,10.1815,2644.628099173554,30.25,0.0,,,,,,,,,,,,,,,,,,,,,,,,,,,,,,,,,,,,,,,,,,,,,,,,,,,,,,,,,,,,,,,,,,,,,,,,,,,
3889,,3.0,0.0,,,1.0,,1.0,,,1.0,1.0,,,Tunis,Soukra,Appartement,vente,36.8065,10.1815,,,0.0,,,,,,,,,,,,,,,,,,,,,,,,,,,,,,,,,,,,,,,,,,,,,,,,,,,,,,,,,,,,,,,,,,,,,,,,,,,
3890,80.0,3.0,,260000.0,,,,,,,,,,,Tunis,Hammamet,Appartement,vente,36.8065,10.1815,3250.0,26.666666666666668,0.0,,,,,,,,,,,,,,,,,,,,,,,,,,,,,,,,,,,,,,,,,,,,,,,,,,,,,,,,,,,,,,,,,,,,,,,,,,,
3891,110.0,3.0,,160000.0,,,,,,,,1.0,,1.0,Tunis,Gremda,Appartement,vente,36.8065,10.1815,1454.5454545454545,36.666666666666664,0.0,,,,,,,,,,,,,,,,,,,,,,,,,,,,,,,,,,,,,,,,,,,,,,,,,,,,,,,,,,,,,,,,,,,,,,,,,,,
3892,60.0,2.0,2.0,140000.0,,,,,,,,1.0,,,,Manar,Appartement,vente,,,2333.3333333333335,30.0,0.0,,,,,,,,,,,,,,,,,,,,,,,,,,,,,,,,,,,,,,,,,,,,,,,,,,,,,,,,,,,,,,,,,,,,,,,,,,,
3893,60.0,1.0,1.0,80000.0,,,,,,,,,,1.0,Tunis,El Haouria,Appartement,vente,36.8065,10.1815,1333.3333333333333,60.0,0.0,,,,,,,,,,,,,,,,,,,,,,,,,,,,,,,,,,,,,,,,,,,,,,,,,,,,,,,,,,,,,,,,,,,,,,,,,,,
3894,115.0,4.0,,,,,,,,,,,,,,,Appartement,vente,,,,28.75,0.0,,,,,,,,,,,,,,,,,,,,,,,,,,,,,,,,,,,,,,,,,,,,,,,,,,,,,,,,,,,,,,,,,,,,,,,,,,,
3895,77.0,2.0,,250000.0,,,,,,,,,,,Tunis,Soukra,Appartement,vente,36.8065,10.1815,3246.753246753247,38.5,0.0,,,,,,,,,,,,,,,,,,,,,,,,,,,,,,,,,,,,,,,,,,,,,,,,,,,,,,,,,,,,,,,,,,,,,,,,,,,
3896,125.0,4.0,0.0,510000.0,,,1.0,1.0,,,1.0,,,,Tunis,Ennasser,Appartement,vente,36.8065,10.1815,4080.0,31.25,0.0,,,,,,,,,,,,,,,,,,,,,,,,,,,,,,,,,,,,,,,,,,,,,,,,,,,,,,,,,,,,,,,,,,,,,,,,,,,
3897,100.0,,0.0,240000.0,,1.0,,,,,,,,,Bizerte,Cité El Hana,Appartement,vente,37.2744,9.8739,2400.0,,0.0,,,,,,,,,,,,,,,,,,,,,,,,,,,,,,,,,,,,,,,,,,,,,,,,,,,,,,,,,,,,,,,,,,,,,,,,,,,
3898,223.0,4.0,,690000.0,,,,,,,1.0,1.0,,,Tunis,Soukra,Appartement,vente,36.8065,10.1815,3094.170403587444,55.75,0.0,,,,,,,,,,,,,,,,,,,,,,,,,,,,,,,,,,,,,,,,,,,,,,,,,,,,,,,,,,,,,,,,,,,,,,,,,,,
3899,169.0,3.0,,410000.0,,,1.0,1.0,,,,,,,,,Appartement,vente,,,2426.03550295858,56.333333333333336,0.0,,,,,,,,,,,,,,,,,,,,,,,,,,,,,,,,,,,,,,,,,,,,,,,,,,,,,,,,,,,,,,,,,,,,,,,,,,,
3900,125.0,,,500000.0,,1.0,1.0,1.0,,,,1.0,,,Tunis,Ain Zaghouen Nord,Appartement,vente,36.8065,10.1815,4000.0,,0.0,,,,,,,,,,,,,,,,,,,,,,,,,,,,,,,,,,,,,,,,,,,,,,,,,,,,,,,,,,,,,,,,,,,,,,,,,,,
3901,113.0,3.0,,395000.0,,,,,,,,,,1.0,,,Appartement,vente,,,3495.575221238938,37.666666666666664,0.0,,,,,,,,,,,,,,,,,,,,,,,,,,,,,,,,,,,,,,,,,,,,0.18054819,0.13098806,0.0101163555,-0.081008166,-0.005380004,-0.052882876,0.011743194,0.022738243,-0.08372903,-0.019421902,0.017894963,-0.11528467,0.101632394,-0.07906405,0.066829726,-0.0027034187,-0.09301694,-0.039043378,-0.044954494,0.020776523,0.0031156323,-0.024252536,0.055830013,-0.09613884,0.02302655,-0.006376257,0.015690215,0.022149583,-0.016309723,0.04370698,-0.005547079,0.031474855
3902,80.0,2.0,,360000.0,,,,,,,,,,,,,Appartement,vente,,,4500.0,40.0,0.0,,,,,,,,,,,,,,,,,,,,,,,,,,,,,,,,,,,,,,,,,,,,,,,,,,,,,,,,,,,,,,,,,,,,,,,,,,,
3903,85.0,2.0,,99000.0,,,,,,,,,,,Tunis,Kelibia,Appartement,vente,36.8065,10.1815,1164.7058823529412,42.5,0.0,,,,,,,,,,,,,,,,,,,,,,,,,,,,,,,,,,,,,,,,,,,,,,,,,,,,,,,,,,,,,,,,,,,,,,,,,,,
3904,105.0,3.0,,260000.0,1.0,,,,,,,,,,,Cité El Wafa Mrezga,Appartement,vente,,,2476.190476190476,35.0,0.0,,,,,,,,,,,,,,,,,,,,,,,,,,,,,,,,,,,,,,,,,,,,,,,,,,,,,,,,,,,,,,,,,,,,,,,,,,,
3905,,,,350000.0,,,,,,,,,,,Tunis,La Marsa,Appartement,vente,36.8065,10.1815,,,0.0,,,,,,,,,,,,,,,,,,,,,,,,,,,,,,,,,,,,,,,,,,,,,,,,,,,,,,,,,,,,,,,,,,,,,,,,,,,
3906,90.0,3.0,,260000.0,1.0,1.0,,,,,,,,,,L'Aouina,Appartement,vente,,,2888.8888888888887,30.0,0.0,,,,,,,,,,,,,,,,,,,,,,,,,,,,,,,,,,,,,,,,,,,,,,,,,,,,,,,,,,,,,,,,,,,,,,,,,,,
3907,160.0,4.0,1.0,,,,,,,,,,,,,,Appartement,vente,,,,40.0,0.0,,,,,,,,,,,,,,,,,,,,,,,,,,,,,,,,,,,,,,,,,,,,,,,,,,,,,,,,,,,,,,,,,,,,,,,,,,,
3908,117.0,3.0,6.0,180000.0,,,,,,,,,,,Tunis,Nkhilette,Appartement,vente,36.8065,10.1815,1538.4615384615386,39.0,0.0,,,,,,,,,,,,,,,,,,,,,,,,,,,,,,,,,,,,,,,,,,,,,,,,,,,,,,,,,,,,,,,,,,,,,,,,,,,
3909,90.0,3.0,1.0,,,,,,,,,,,,Tunis,Carthage,Appartement,vente,36.8065,10.1815,,30.0,0.0,,,,,,,,,,,,,,,,,,,,,,,,,,,,,,,,,,,,,,,,,,,,,,,,,,,,,,,,,,,,,,,,,,,,,,,,,,,
3910,86.0,,,140000.0,,1.0,,,,,,,,,Tunis,Carthage,Appartement,vente,36.8065,10.1815,1627.906976744186,,0.0,,,,,,,,,,,,,,,,,,,,,,,,,,,,,,,,,,,,,,,,,,,,,,,,,,,,,,,,,,,,,,,,,,,,,,,,,,,
3911,122.0,4.0,,,,,,,,,,,1.0,,,Cité El Wafa Mrezga,Appartement,vente,,,,30.5,0.0,,,,,,,,,,,,,,,,,,,,,,,,,,,,,,,,,,,,,,,,,,,,,,,,,,,,,,,,,,,,,,,,,,,,,,,,,,,
3912,149.0,,,360000.0,,1.0,,,,,,,,,Tunis,Laouina,Appartement,vente,36.8065,10.1815,2416.1073825503354,,0.0,,,,,,,,,,,,,,,,,,,,,,,,,,,,,,,,,,,,,,,,,,,,,,,,,,,,,,,,,,,,,,,,,,,,,,,,,,,
3913,175.0,,,400000.0,,1.0,,1.0,,,,1.0,,,Tunis,Ennasser,Appartement,vente,36.8065,10.1815,2285.714285714286,,0.0,,,,,,,,,,,,,,,,,,,,,,,,,,,,,,,,,,,,,,,,,,,,,,,,,,,,,,,,,,,,,,,,,,,,,,,,,,,
3914,88.0,,1.0,300000.0,,,,,,,,1.0,1.0,,Tunis,Carthage,Appartement,vente,36.8065,10.1815,3409.090909090909,,0.0,,,,,,,,,,,,,,,,,,,,,,,,,,,,,,,,,,,,,,,,,,,,,,,,,,,,,,,,,,,,,,,,,,,,,,,,,,,
3915,71.0,2.0,,235507.0,,,,,,1.0,,1.0,,,,,Appartement,vente,,,3317.0,35.5,0.0,,,,,,,,,,,,,,,,,,,,,,,,,,,,,,,,,,,,,,,,,,,,,,,,,,,,,,,,,,,,,,,,,,,,,,,,,,,
3916,98.0,,0.0,300000.0,,,,,,,,,,,Tunis,Hammamet,Appartement,vente,36.8065,10.1815,3061.2244897959185,,0.0,,,,,,,,,,,,,,,,,,,,,,,,,,,,,,,,,,,,,,,,,,,,,,,,,,,,,,,,,,,,,,,,,,,,,,,,,,,
3917,,,0.0,165000.0,,,,,,,,,,,Tunis,Ariana,Appartement,vente,36.8065,10.1815,,,0.0,,,,,,,,,,,,,,,,,,,,,,,,,,,,,,,,,,,,,,,,,,,,,,,,,,,,,,,,,,,,,,,,,,,,,,,,,,,
3918,,,,256000.0,1.0,,,,,,,,,1.0,Tunis,Ain Zaghouen Nord,Appartement,vente,36.8065,10.1815,,,0.0,,,,,,,,,,,,,,,,,,,,,,,,,,,,,,,,,,,,,,,,,,,,,,,,,,,,,,,,,,,,,,,,,,,,,,,,,,,
3919,,2.0,,370000.0,1.0,,,,,,,1.0,,,Tunis,Tunis,Appartement,vente,36.8065,10.1815,,,0.0,,,,,,,,,,,,,,,,,,,,,,,,,,,,,,,,,,,,,,,,,,,,,,,,,,,,,,,,,,,,,,,,,,,,,,,,,,,
3920,134.0,4.0,,340000.0,1.0,,,,,,,,,,,L'Aouina,Appartement,vente,,,2537.313432835821,33.5,0.0,,,,,,,,,,,,,,,,,,,,,,,,,,,,,,,,,,,,,,,,,,,,,,,,,,,,,,,,,,,,,,,,,,,,,,,,,,,
3921,,3.0,,240000.0,1.0,1.0,,,,,,,,,Sousse,Sousse,Appartement,vente,35.8245,10.6346,,,0.0,,,,,,,,,,,,,,,,,,,,,,,,,,,,,,,,,,,,,,,,,,,,,,,,,,,,,,,,,,,,,,,,,,,,,,,,,,,
3922,95.0,2.0,0.0,220000.0,,1.0,,,,,,,,1.0,,,Appartement,vente,,,2315.7894736842104,47.5,0.0,,,,,,,,,,,,,,,,,,,,,,,,,,,,,,,,,,,,,,,,,,,,,,,,,,,,,,,,,,,,,,,,,,,,,,,,,,,
3923,180.0,3.0,5.0,350000.0,1.0,,,,,,,1.0,,,,Sahloul,Appartement,vente,,,1944.4444444444443,60.0,5.0,,,,,,,,,,,,,,,,,,,,,,,,,,,,,,,,,,,,,,,,,,,,,,,,,,,,,,,,,,,,,,,,,,,,,,,,,,,
3924,51.0,,,,,,,,,,,,,,Tunis,Ain Zaghouan,Appartement,vente,36.8065,10.1815,,,0.0,,,,,,,,,,,,,,,,,,,,,,,,,,,,,,,,,,,,,,,,,,,,,,,,,,,,,,,,,,,,,,,,,,,,,,,,,,,
3925,166.0,,1.0,590000.0,1.0,1.0,1.0,1.0,,1.0,,1.0,,,Tunis,La Soukra,Appartement,vente,36.8065,10.1815,3554.2168674698796,,1.0,,,,,,,,,,,,,,,,,,,,,,,,,,,,,,,,,,,,,,,,,,,,,,,,,,,,,,,,,,,,,,,,,,,,,,,,,,,
3926,51.0,,,190000.0,,,,,,,,,,,,L'Aouina,Appartement,vente,,,3725.4901960784314,,0.0,,,,,,,,,,,,,,,,,,,,,,,,,,,,,,,,,,,,,,,,,,,,,,,,,,,,,,,,,,,,,,,,,,,,,,,,,,,
3927,108.0,3.0,4.0,380000.0,1.0,1.0,1.0,1.0,1.0,1.0,,1.0,1.0,1.0,Tunis,Carthage,Appartement,vente,36.8065,10.1815,3518.5185185185187,36.0,4.0,,,,,,,,,,,,,,,,,,,,,,,,,,,,,,,,,,,,,,,,,,,,,,,,,,,,,,,,,,,,,,,,,,,,,,,,,,,
3928,178.0,,,390000.0,,1.0,1.0,1.0,,,,1.0,,,,,Appartement,vente,,,2191.0112359550562,,0.0,,,,,,,,,,,,,,,,,,,,,,,,,,,,,,,,,,,,,,,,,,,,,,,,,,,,,,,,,,,,,,,,,,,,,,,,,,,
3929,224.0,5.0,1.0,,,,,,,,,,,,,,Appartement,vente,,,,44.8,0.0,,,,,,,,,,,,,,,,,,,,,,,,,,,,,,,,,,,,,,,,,,,,,,,,,,,,,,,,,,,,,,,,,,,,,,,,,,,
3930,139.0,3.0,0.0,634500.0,,,,,,,1.0,,,,Tunis,Hammamet,Appartement,vente,36.8065,10.1815,4564.748201438849,46.333333333333336,0.0,,,,,,,,,,,,,,,,,,,,,,,,,,,,,,,,,,,,,,,,,,,,,,,,,,,,,,,,,,,,,,,,,,,,,,,,,,,
3931,70.0,,1.0,300000.0,,,,,,,,,,,Tunis,Carthage,Appartement,vente,36.8065,10.1815,4285.714285714285,,0.0,,,,,,,,,,,,,,,,,,,,,,,,,,,,,,,,,,,,,,,,,,,,,,,,,,,,,,,,,,,,,,,,,,,,,,,,,,,
3932,160.0,4.0,,,,,,,,,,,,,Tunis,Hammamet,Appartement,vente,36.8065,10.1815,,40.0,0.0,,,,,,,,,,,,,,,,,,,,,,,,,,,,,,,,,,,,,,,,,,,,,,,,,,,,,,,,,,,,,,,,,,,,,,,,,,,
3933,130.0,,2.0,,1.0,,,,,,,1.0,,,,L'Aouina,Appartement,vente,,,,,2.0,,,,,,,,,,,,,,,,,,,,,,,,,,,,,,,,,,,,,,,,,,,,,,,,,,,,,,,,,,,,,,,,,,,,,,,,,,,
3934,,,,150000.0,,,,,,,,,,,Tunis,Chotrana,Appartement,vente,36.8065,10.1815,,,0.0,,,,,,,,,,,,,,,,,,,,,,,,,,,,,,,,,,,,,,,,,,,,,,,,,,,,,,,,,,,,,,,,,,,,,,,,,,,
3935,171.0,3.0,,392000.0,,,,,,,,,,1.0,,,Appartement,vente,,,2292.3976608187136,57.0,0.0,,,,,,,,,,,,,,,,,,,,,,,,,,,,,,,,,,,,,,,,,,,,,,,,,,,,,,,,,,,,,,,,,,,,,,,,,,,
3936,120.0,3.0,,,,,,,,,,1.0,1.0,,,,Appartement,vente,,,,40.0,0.0,,,,,,,,,,,,,,,,,,,,,,,,,,,,,,,,,,,,,,,,,,,,,,,,,,,,,,,,,,,,,,,,,,,,,,,,,,,
3937,151.0,4.0,1.0,430000.0,1.0,,1.0,1.0,,1.0,,1.0,,1.0,Tunis,Riadh El Andalous,Appartement,vente,36.8065,10.1815,2847.682119205298,37.75,1.0,,,,,,,,,,,,,,,,,,,,,,,,,,,,,,,,,,,,,,,,,,,,,,,,,,,,,,,,,,,,,,,,,,,,,,,,,,,
3938,104.0,3.0,,270400.0,,,,,,,,,,,Tunis,El Mourouj,Appartement,vente,36.8065,10.1815,2600.0,34.666666666666664,0.0,,,,,,,,,,,,,,,,,,,,,,,,,,,,,,,,,,,,,,,,,,,,,,,,,,,,,,,,,,,,,,,,,,,,,,,,,,,
3939,,4.0,,,,,,,,,1.0,,,,,,Appartement,vente,,,,,0.0,,,,,,,,,,,,,,,,,,,,,,,,,,,,,,,,,,,,,,,,,,,,,,,,,,,,,,,,,,,,,,,,,,,,,,,,,,,
3940,124.0,4.0,2.0,190000.0,,,,,,,,1.0,,,Sfax,Sfax,Appartement,vente,34.74,10.76,1532.258064516129,31.0,0.0,,,,,,,,,,,,,,,,,,,,,,,,,,,,,,,,,,,,,,,,,,,,0.15983677,0.039751273,-0.03774571,-0.13678057,0.0950252,-0.13198644,-0.0514855,-0.11613449,-0.03709175,0.0059495005,0.0010571264,-0.07522297,-0.0146887805,-0.04754633,0.005249096,-0.03655918,-0.07245646,0.05696465,0.06051835,0.08892054,0.054069176,0.03650894,-0.06732637,-0.039731007,0.02775485,0.05483524,0.045581557,-0.04356209,0.022122037,-0.02834126,-0.010217463,-0.0057613496
3941,81.0,2.0,1.0,250000.0,1.0,,,,,,,1.0,,,Tunis,Hammamet Nord,Appartement,vente,36.8065,10.1815,3086.41975308642,40.5,1.0,,,,,,,,,,,,,,,,,,,,,,,,,,,,,,,,,,,,,,,,,,,,,,,,,,,,,,,,,,,,,,,,,,,,,,,,,,,
3942,62.0,2.0,,235600.0,,,1.0,1.0,,,,,1.0,,,Cité El Wafa Mrezga,Appartement,vente,,,3800.0,31.0,0.0,,,,,,,,,,,,,,,,,,,,,,,,,,,,,,,,,,,,,,,,,,,,,,,,,,,,,,,,,,,,,,,,,,,,,,,,,,,
3943,100.0,3.0,,190000.0,,,,,,,,,,,Sousse,Hammam Sousse,Appartement,vente,35.8245,10.6346,1900.0,33.333333333333336,0.0,,,,,,,,,,,,,,,,,,,,,,,,,,,,,,,,,,,,,,,,,,,,,,,,,,,,,,,,,,,,,,,,,,,,,,,,,,,
3944,105.0,3.0,,160000.0,,,,,,,,,,,Nabeul,Kelibia,Appartement,vente,36.4561,10.7376,1523.8095238095239,35.0,0.0,,,,,,,,,,,,,,,,,,,,,,,,,,,,,,,,,,,,,,,,,,,,,,,,,,,,,,,,,,,,,,,,,,,,,,,,,,,
3945,60.0,,,155000.0,,,,,,,,,,,Tunis,Hammamet,Appartement,vente,36.8065,10.1815,2583.3333333333335,,0.0,,,,,,,,,,,,,,,,,,,,,,,,,,,,,,,,,,,,,,,,,,,,0.38637036,0.05393268,0.011646277,-0.054599773,-0.074090205,0.019898808,-0.011310251,-0.05055466,-0.031011064,-0.0652739,0.12994385,0.05057841,0.03294971,0.020354774,-0.015516313,0.045926943,0.09406879,0.11698323,0.10754711,-0.076119125,-0.07758986,0.04716732,-0.14238547,0.041393604,-0.008485603,-0.07338228,0.08671904,-0.046774723,-0.010676258,-0.03740134,0.062379487,0.028107129
3946,157.0,4.0,,280000.0,,1.0,,,,,,,,,Tunis,Nabeul,Appartement,vente,36.8065,10.1815,1783.43949044586,39.25,0.0,,,,,,,,,,,,,,,,,,,,,,,,,,,,,,,,,,,,,,,,,,,,,,,,,,,,,,,,,,,,,,,,,,,,,,,,,,,
3947,145.0,,2.0,490000.0,,,1.0,1.0,,,,,,1.0,Tunis,Hammamet Nord,Appartement,vente,36.8065,10.1815,3379.310344827586,,0.0,,,,,,,,,,,,,,,,,,,,,,,,,,,,,,,,,,,,,,,,,,,,,,,,,,,,,,,,,,,,,,,,,,,,,,,,,,,
3948,174.0,3.0,,250000.0,,,,,,,,,,1.0,Tunis,Nabeul,Appartement,vente,36.8065,10.1815,1436.7816091954023,58.0,0.0,,,,,,,,,,,,,,,,,,,,,,,,,,,,,,,,,,,,,,,,,,,,,,,,,,,,,,,,,,,,,,,,,,,,,,,,,,,
3949,120.0,,1.0,170000.0,,,,,,,,,,,Tunis,Tunis,Appartement,vente,36.8065,10.1815,1416.6666666666667,,0.0,,,,,,,,,,,,,,,,,,0.0,,,,,,,0.0,,True,,,0.05,,,,,,,,,,,,,,-0.02866775,-0.06687079,-0.13827685,0.08751122,0.30191937,0.12578744,-0.050978526,0.038374815,0.055198506,0.066936396,-0.08850157,0.028693201,0.037563294,-0.006003516,0.018056044,0.015418256,0.077723816,0.0520643,-0.0004919264,-0.034952223,0.002922863,-0.040923655,-0.042242967,0.058839645,0.03268836,0.006578927,-0.03182646,0.008695238,0.02727788,0.018859,-0.0029265722,0.023893228
3950,,,,,,,,,,,,,,,,,Appartement,vente,,,,,0.0,,,,,,,,,,,,,,,,,,,,,,,,,,,,,,,,,,,,,,,,,,,,,,,,,,,,,,,,,,,,,,,,,,,,,,,,,,,
3951,160.0,4.0,1.0,,,,,,,,,,,1.0,,,Appartement,vente,,,,40.0,0.0,,,,,,,,,,,,,,,,,,,,,,,,,,,,,,,,,,,,,,,,,,,,,,,,,,,,,,,,,,,,,,,,,,,,,,,,,,,
3952,135.0,3.0,,650000.0,1.0,,1.0,1.0,,,,1.0,,1.0,Nabeul,Nabeul,Appartement,vente,36.4561,10.7376,4814.814814814815,45.0,0.0,,,,,,,,,,,,,,,,,,,,,,,,,,,,,,,,,,,,,,,,,,,,,,,,,,,,,,,,,,,,,,,,,,,,,,,,,,,
3953,140.0,,,160000.0,,,,,,,,,,,Tunis,Kelibia,Appartement,vente,36.8065,10.1815,1142.857142857143,,0.0,,,,,,,,,,,,,,,,,,,,,,,,,,,,,,,,,,,,,,,,,,,,0.50634336,0.11583923,0.032357924,0.16518852,-0.11948225,-0.013136429,-0.09406235,0.051446926,0.012382065,0.007311012,-0.062621556,0.040732313,-0.088978596,0.015554609,-0.000887108,-0.02999258,-0.006928464,0.0071301735,-0.030259037,0.062764786,-0.018227214,0.0064838226,0.021124182,-0.010227734,-0.021407401,0.0040179403,-0.0051703868,0.013065858,0.011276315,-0.0024615102,0.042794615,-0.011248973
3954,,4.0,0.0,580000.0,,,,,,,1.0,,,,,,Appartement,vente,,,,,0.0,,,,,,,,,,,,,,,,,,,,,,,,,,,,,,,,,,,,,,,,,,,,,,,,,,,,,,,,,,,,,,,,,,,,,,,,,,,
3955,126.0,,4.0,315000.0,1.0,1.0,1.0,,,,,1.0,,1.0,Tunis,Bardo,Appartement,vente,36.8065,10.1815,2500.0,,4.0,,,,,,,,,,,,,,,,,,,,,,,,,,,,,,,,,,,,,,,,,,,,-0.12634952,0.030984143,-0.0923058,0.06302123,0.10758292,-0.040494487,-0.15192509,-0.051149983,-0.049927782,-0.032569252,0.035740435,0.09168443,0.0071924515,0.04569037,0.03782738,-0.03825918,0.0038360911,-0.013005827,0.034758486,0.00025308545,0.1078821,-0.028288702,0.018108577,0.012837947,-0.0037246412,-0.01957271,-0.04612285,-0.0040269275,0.04054335,-0.018458787,-0.022610685,0.027018892
3956,115.0,3.0,0.0,320000.0,,,,,,,,,,,Nabeul,Nabeul,Appartement,vente,36.4561,10.7376,2782.608695652174,38.333333333333336,0.0,,,,,,,,,,,,,,,,,,,,,,,,,,,,,,,,,,,,,,,,,,,,,,,,,,,,,,,,,,,,,,,,,,,,,,,,,,,
3957,113.0,3.0,,245000.0,,,,,,,,,,,Tunis,El Mourouj,Appartement,vente,36.8065,10.1815,2168.141592920354,37.666666666666664,0.0,,,,,,,,,,,,,,,,,,,,,,,,,,,,,,,,,,,,,,,,,,,,,,,,,,,,,,,,,,,,,,,,,,,,,,,,,,,
3958,202.0,2.0,0.0,175000.0,,,,,,,1.0,1.0,,1.0,,,Appartement,vente,,,866.3366336633663,101.0,0.0,,,,,,,,,,,,,,,,,,,,,,,,,,,,,,,,,,,,,,,,,,,,,,,,,,,,,,,,,,,,,,,,,,,,,,,,,,,
3959,75.0,1.0,1.0,299000.0,1.0,1.0,,1.0,,1.0,,1.0,,,Sousse,Sousse,Appartement,vente,35.8245,10.6346,3986.6666666666665,75.0,1.0,,,,,,,,,,,,,,,,,,,,,,,,,,,,,,,,,,,,,,,,,,,,,,,,,,,,,,,,,,,,,,,,,,,,,,,,,,,
3960,,2.0,,220000.0,,,,,,,,,,,Nabeul,Kelibia,Appartement,vente,36.4561,10.7376,,,0.0,,,,,,,,,,,,,,,,,,,,,,,,,,,,,,,,,,,,,,,,,,,,,,,,,,,,,,,,,,,,,,,,,,,,,,,,,,,
3961,90.0,,,200000.0,,,,,,,,,,,,Cité El Wafa Mrezga,Appartement,vente,,,2222.222222222222,,0.0,,,,,,,,,,,,,,,,,,,,,,,,,,,,,,,,,,,,,,,,,,,,,,,,,,,,,,,,,,,,,,,,,,,,,,,,,,,
3962,117.0,3.0,,,,,,,,,,,,,Tunis,Nkhilette,Appartement,vente,36.8065,10.1815,,39.0,0.0,,,,,,,,,,,,,,,,,,,,,,,,,,,,,,,,,,,,,,,,,,,,,,,,,,,,,,,,,,,,,,,,,,,,,,,,,,,
3963,114.0,2.0,0.0,340000.0,,,,,,,,,,,Tunis,Tunis,Appartement,vente,36.8065,10.1815,2982.4561403508774,57.0,0.0,,,,,,,,,,,,,,,,,,,,,,,,,,,,,,,,,,,,,,,,,,,,,,,,,,,,,,,,,,,,,,,,,,,,,,,,,,,
3964,,3.0,2.0,160000.0,,,,,,,,,,,Tunis,Souk La Had,Appartement,vente,36.8065,10.1815,,,0.0,,,,,,,,,,,,,,,,,,,,,,,,,,,,,,,,,,,,,,,,,,,,,,,,,,,,,,,,,,,,,,,,,,,,,,,,,,,
3965,105.0,2.0,,150000.0,,,,,,,,,,,Nabeul,Kelibia,Appartement,vente,36.4561,10.7376,1428.5714285714287,52.5,0.0,,,,,,,,,,,,,,,,,,,,,,,,,,,,,,,,,,,,,,,,,,,,0.26618037,-0.03014828,0.026349792,0.009910824,0.03408528,0.04166361,0.054722242,0.036688443,0.08969378,-0.06780824,-0.047217354,-0.045888145,-0.014547912,0.07584964,0.06514899,-0.0703667,-0.03352972,-0.058997378,0.018723086,0.07190107,0.039757106,0.098995686,-0.02732992,-0.039803695,0.030884966,-0.12470365,-0.04397557,-0.041619692,-0.0021684528,0.042778056,-0.0010766416,0.04063091
3966,89.0,2.0,,310000.0,1.0,,1.0,,,,,1.0,,,Tunis,Soukra,Appartement,vente,36.8065,10.1815,3483.14606741573,44.5,0.0,,,,,,,,,,,,,,,,,,,,,,,,,,,,,,,,,,,,,,,,,,,,,,,,,,,,,,,,,,,,,,,,,,,,,,,,,,,
3967,,3.0,,350000.0,,,,,,,,,,,Nabeul,Hammamet,Appartement,vente,36.4561,10.7376,,,0.0,,,,,,,,,,,,,,,,,,,,,,,,,,,,,,,,,,,,,,,,,,,,,,,,,,,,,,,,,,,,,,,,,,,,,,,,,,,
3968,,2.0,,250000.0,,,,,,,,,,,Tunis,Soukra,Appartement,vente,36.8065,10.1815,,,0.0,,,,,,,,,,,,,,,,,,,,,,,,,,,,,,,,,,,,,,,,,,,,,,,,,,,,,,,,,,,,,,,,,,,,,,,,,,,
3969,160.0,4.0,1.0,,,,,,,,,,,,,,Appartement,vente,,,,40.0,0.0,,,,,,,,,,,,,,,,,,,,,,,,,,,,,,,,,,,,,,,,,,,,,,,,,,,,,,,,,,,,,,,,,,,,,,,,,,,
3970,,3.0,5.0,,,,,,,,,,,,Tunis,Chott Mariem,Appartement,vente,36.8065,10.1815,,,0.0,,,,,,,,,,,,,,,,,,,,,,,,,,,,,,,,,,,,,,,,,,,,,,,,,,,,,,,,,,,,,,,,,,,,,,,,,,,
3971,100.0,3.0,,,,,,,,,,,,,,Cité El Wafa Mrezga,Appartement,vente,,,,33.333333333333336,0.0,,,,,,,,,,,,,,,,,,,,,,,,,,,,,,,,,,,,,,,,,,,,,,,,,,,,,,,,,,,,,,,,,,,,,,,,,,,
3972,110.0,3.0,0.0,,,,,,,,,,,,Tunis,Hammamet,Appartement,vente,36.8065,10.1815,,36.666666666666664,0.0,,,,,,,,,,,,,,,,,,,,,,,,,,,,,,,,,,,,,,,,,,,,,,,,,,,,,,,,,,,,,,,,,,,,,,,,,,,
3973,90.0,3.0,,,,,,,,,,,,,,Cité El Wafa Mrezga,Appartement,vente,,,,30.0,0.0,,,,,,,,,,,,,,,,,,,,,,,,,,,,,,,,,,,,,,,,,,,,,,,,,,,,,,,,,,,,,,,,,,,,,,,,,,,
3974,88.0,,4.0,250000.0,,,1.0,1.0,,,,1.0,,,Tunis,Laouina,Appartement,vente,36.8065,10.1815,2840.909090909091,,0.0,,,,,,,,,,,,,,,,,,,,,,,,,,,,,,,,,,,,,,,,,,,,,,,,,,,,,,,,,,,,,,,,,,,,,,,,,,,
3975,100.0,,,340000.0,,,,,,,,,,1.0,Tunis,Nabeul,Appartement,vente,36.8065,10.1815,3400.0,,0.0,,,,,,,,,,,,,,,,,,,,,,,,,,,,,,,,,,,,,,,,,,,,,,,,,,,,,,,,,,,,,,,,,,,,,,,,,,,
3976,160.0,4.0,1.0,,,,,,,,,,,,,,Appartement,vente,,,,40.0,0.0,,,,,,,,,,,,,,,,,,,,,,,,,,,,,,,,,,,,,,,,,,,,,,,,,,,,,,,,,,,,,,,,,,,,,,,,,,,
3977,202.0,2.0,0.0,175000.0,,,,,,,1.0,1.0,,1.0,,,Appartement,vente,,,866.3366336633663,101.0,0.0,,,,,,,,,,,,,,,,,,,,,,,,,,,,,,,,,,,,,,,,,,,,,,,,,,,,,,,,,,,,,,,,,,,,,,,,,,,
3978,80.0,3.0,2.0,140000.0,,,,,,,,,,,Tunis,Mourouj,Appartement,vente,36.8065,10.1815,1750.0,26.666666666666668,0.0,,,,,,,,,,,,,,,,,,,,,,,,,,,,,,,,,,,,,,,,,,,,,,,,,,,,,,,,,,,,,,,,,,,,,,,,,,,
3979,,,1.0,110000.0,,,,,,,,,,,Tunis,Tunis,Appartement,vente,36.8065,10.1815,,,0.0,,,,,,,,,,,,,,,,,,,,,,,,,,,,,,,,,,,,,,,,,,,,,,,,,,,,,,,,,,,,,,,,,,,,,,,,,,,
3980,202.0,2.0,0.0,175000.0,,,,,,,1.0,1.0,,1.0,,,Appartement,vente,,,866.3366336633663,101.0,0.0,,,,,,,,,,,,,,,,,,,,,,,,,,,,,,,,,,,,,,,,,,,,,,,,,,,,,,,,,,,,,,,,,,,,,,,,,,,
3981,85.0,3.0,0.0,300000.0,,,1.0,1.0,,,,,,,Tunis,Laouina,Appartement,vente,36.8065,10.1815,3529.4117647058824,28.333333333333332,0.0,,,,,,,,,,,,,,,,,,,,,,,,,,,,,,,,,,,,,,,,,,,,,,,,,,,,,,,,,,,,,,,,,,,,,,,,,,,
3982,162.0,,,560000.0,,,1.0,1.0,,,,,,,Tunis,Gammarth,Appartement,vente,36.8065,10.1815,3456.7901234567903,,0.0,,,,,,,,,,,,,,,,,,,,,,,,,,,,,,,,,,,,,,,,,,,,,,,,,,,,,,,,,,,,,,,,,,,,,,,,,,,
3983,,2.0,,,,,,,,,,,,,Tunis,Carthage,Appartement,vente,36.8065,10.1815,,,0.0,,,,,,,,,,,,,,,,,,,,,,,,,,,,,,,,,,,,,,,,,,,,,,,,,,,,,,,,,,,,,,,,,,,,,,,,,,,
3984,215.0,4.0,,240000.0,,,1.0,1.0,,,,,,1.0,Tunis,Borj Ghorbel Yasminette Ben Arouns,Appartement,vente,36.8065,10.1815,1116.2790697674418,53.75,0.0,,,,,,,,,,,,,,,,,,,,,,,,,,,,,,,,,,,,,,,,,,,,-0.0266364,0.06704762,-0.022417644,-0.02715927,0.049138986,-0.06825043,-0.11599568,-0.10240662,-0.10671727,-0.06381976,-0.028158596,-0.111120276,-0.057095803,-0.033074383,-0.011478279,0.0319637,-0.015353118,-0.18451042,0.103827804,0.048164718,-0.051469255,-0.025476543,-0.018777596,0.038556833,0.050153792,-0.0030287043,-0.00019759785,0.016076064,-0.048229635,0.06702601,0.0317057,0.048177335
3985,129.0,4.0,4.0,495000.0,,1.0,1.0,1.0,,,,1.0,,,,,Appartement,vente,,,3837.2093023255816,32.25,0.0,,,,,,,,,,,,,,,,,,,,,,,,,,,,,,,,,,,,,,,,,,,,,,,,,,,,,,,,,,,,,,,,,,,,,,,,,,,
3986,64.0,,,260000.0,,1.0,1.0,1.0,,,,1.0,,,,Cité El Wafa,Appartement,vente,,,4062.5,,0.0,,,,,,,,,,,,,,,,,,,,,,,,,,,,,,,,,,,,,,,,,,,,,,,,,,,,,,,,,,,,,,,,,,,,,,,,,,,
3987,,2.0,,385000.0,,,,,,,,,,,Tunis,Ain Zaghouen Nord,Appartement,vente,36.8065,10.1815,,,0.0,,,,,,,,,,,,,,,,,,,,,,,,,,,,,,,,,,,,,,,,,,,,,,,,,,,,,,,,,,,,,,,,,,,,,,,,,,,
3988,70.0,3.0,,285000.0,1.0,,,,,,,,,,Tunis,Carthage,Appartement,vente,36.8065,10.1815,4071.4285714285716,23.333333333333332,0.0,,,,,,,,,,,,,,,,,,,,,,,,,,,,,,,,,,,,,,,,,,,,,,,,,,,,,,,,,,,,,,,,,,,,,,,,,,,
3989,105.0,,,480000.0,1.0,,1.0,1.0,,,,1.0,1.0,,Tunis,Hammamet,Appartement,vente,36.8065,10.1815,4571.428571428572,,0.0,,,,,,,,,,,,,,,,,,,,,,,,,,,,,,,,,,,,,,,,,,,,,,,,,,,,,,,,,,,,,,,,,,,,,,,,,,,
3990,72.0,2.0,,,,,,,,1.0,,,,,Tunis,Laouina,Appartement,vente,36.8065,10.1815,,36.0,0.0,,,,,,,,,,,,,,,,,,,,,,,,,,,,,,,,,,,,,,,,,,,,,,,,,,,,,,,,,,,,,,,,,,,,,,,,,,,
3991,68.0,2.0,0.0,150000.0,,,,,,,1.0,1.0,,,Tunis,Kerkouane,Appartement,vente,36.8065,10.1815,2205.8823529411766,34.0,0.0,,,,,,,,,,,,,,,,,,,,,,,,,,,,,,,,,,,,,,,,,,,,,,,,,,,,,,,,,,,,,,,,,,,,,,,,,,,
3992,170.0,,,200000.0,,,,,,,,,,,Ben Arous,Ezzahra,Appartement,vente,36.753,10.228,1176.4705882352941,,0.0,,,,,,,,,,,,,,,,,,,,,,,,,,,,,,,,,,,,,,,,,,,,0.40529618,0.008946029,-0.09489499,0.12868066,-0.0055780984,-0.07099882,0.058486156,-0.1533726,-0.078287825,0.036276188,0.029323896,-0.015551072,-0.034755267,0.020359136,0.06824187,-0.060066853,0.013909049,0.05568552,-0.0011711515,0.042594887,-0.052606266,0.033366602,0.10228066,-0.05880161,-0.022217294,-0.03900024,-0.03249795,0.10934059,0.07499484,0.001536638,0.018635433,-0.030521365
3993,95.0,,,190000.0,,,,,,,,,,,Tunis,Kelibia,Appartement,vente,36.8065,10.1815,2000.0,,0.0,,,,,,,,,,,,,,,,,,,,,,,,,,,,,,,,,,,,,,,,,,,,,,,,,,,,,,,,,,,,,,,,,,,,,,,,,,,
3994,146.0,,2.0,315000.0,1.0,1.0,1.0,,,,,1.0,,,Tunis,Ain Zaghouan,Appartement,vente,36.8065,10.1815,2157.5342465753424,,2.0,,,,,,,,,,,,,,,,,,,,,,,,,,,,,,,,,,,,,,,,,,,,,,,,,,,,,,,,,,,,,,,,,,,,,,,,,,,
3995,90.0,3.0,,160000.0,,1.0,,,,,,1.0,,,Tunis,Ksar Said,Appartement,vente,36.8065,10.1815,1777.7777777777778,30.0,0.0,,,,,,,,,,,,,,,,,,,,,,,,,,,,,,,,,,,,,,,,,,,,,,,,,,,,,,,,,,,,,,,,,,,,,,,,,,,
3996,134.0,,1.0,590000.0,1.0,1.0,,,,,1.0,1.0,,,Tunis,Carthage,Appartement,vente,36.8065,10.1815,4402.985074626866,,1.0,,,,,,,,,,,,,,,,,,,,,,,,,,,,,,,,,,,,,,,,,,,,,,,,,,,,,,,,,,,,,,,,,,,,,,,,,,,
3997,145.0,4.0,0.0,510000.0,,,1.0,1.0,,,1.0,,,,Ariana,Ennasr,Appartement,vente,36.8625,10.1956,3517.2413793103447,36.25,0.0,,,,,,,,,,,,,,,,,,,,,,,,,,,,,,,,,,,,,,,,,,,,,,,,,,,,,,,,,,,,,,,,,,,,,,,,,,,
3998,,4.0,,620000.0,,,,,,,1.0,,,,Tunis,Carthage,Appartement,vente,36.8065,10.1815,,,0.0,,,,,,,,,,,,,,,,,,,,,,,,,,,,,,,,,,,,,,,,,,,,,,,,,,,,,,,,,,,,,,,,,,,,,,,,,,,
3999,75.0,,,310000.0,,,,,,,,,,,,Cité El Wafa Mrezga,Appartement,vente,,,4133.333333333333,,0.0,,,,,,,,,,,,,,,,,,,,,,,,,,,,,,,,,,,,,,,,,,,,,,,,,,,,,,,,,,,,,,,,,,,,,,,,,,,
4000,77.0,3.0,,,,,,,,,,,,,Tunis,Soukra,Appartement,vente,36.8065,10.1815,,25.666666666666668,0.0,,,,,,,,,,,,,,,,,,,,,,,,,,,,,,,,,,,,,,,,,,,,,,,,,,,,,,,,,,,,,,,,,,,,,,,,,,,
4001,95.0,2.0,4.0,,,,,,,,,,,,Ben Arous,Ezzahra,Appartement,vente,36.753,10.228,,47.5,0.0,,,,,,,,,,,,,,,,,,,,,,,,,,,,,,,,,,,,,,,,,,,,,,,,,,,,,,,,,,,,,,,,,,,,,,,,,,,
4002,,,,250000.0,,,,,,,,,,,Tunis,Hammamet Nord,Appartement,vente,36.8065,10.1815,,,0.0,,,,,,,,,,,,,,,,,,,,,,,,,,,,,,,,,,,,,,,,,,,,,,,,,,,,,,,,,,,,,,,,,,,,,,,,,,,
4003,185.0,,,590000.0,,,,,,,,1.0,,,Tunis,Chotrana,Appartement,vente,36.8065,10.1815,3189.189189189189,,0.0,,,,,,,,,,,,,,,,,,,,,,,,,,,,,,,,,,,,,,,,,,,,,,,,,,,,,,,,,,,,,,,,,,,,,,,,,,,
4004,,3.0,3.0,150000.0,1.0,,,1.0,,,1.0,,,,Manouba,Manouba,Appartement,vente,36.8095,10.098,,,3.0,,,,,,,,,,,,,,,,,,,,,,,,,,,,,,,,,,,,,,,,,,,,,,,,,,,,,,,,,,,,,,,,,,,,,,,,,,,
4005,,4.0,,640000.0,,,,,,,1.0,,,,Tunis,Chotrana,Appartement,vente,36.8065,10.1815,,,0.0,,,,,,,,,,,,,,,,,,,,,,,,,,,,,,,,,,,,,,,,,,,,,,,,,,,,,,,,,,,,,,,,,,,,,,,,,,,
4006,75.0,,,110000.0,,,,,,,,,,,,,Appartement,vente,,,1466.6666666666667,,0.0,,,,,,,,,,,,,,,,,,,,,,,,,,,,,,,,,,,,,,,,,,,,,,,,,,,,,,,,,,,,,,,,,,,,,,,,,,,
4007,,,,180000.0,,,,,,,,,,,,,Appartement,vente,,,,,0.0,,,,,,,,,,,,,,,,,,,,,,,,,,,,,,,,,,,,,,,,,,,,,,,,,,,,,,,,,,,,,,,,,,,,,,,,,,,
4008,68.0,3.0,,130000.0,,,,,,,,1.0,,,Tunis,Mourouj,Appartement,vente,36.8065,10.1815,1911.764705882353,22.666666666666668,0.0,,,,,,,,,,,,,,,,,,,,,,,,,,,,,,,,,,,,,,,,,,,,,,,,,,,,,,,,,,,,,,,,,,,,,,,,,,,
4009,127.0,4.0,0.0,280000.0,,1.0,,,,,,,,,Tunis,Qulaylah,Appartement,vente,36.8065,10.1815,2204.7244094488187,31.75,0.0,,,,,,,,,,,,,,,,,,,,,,,,,,,,,,,,,,,,,,,,,,,,,,,,,,,,,,,,,,,,,,,,,,,,,,,,,,,
4010,,3.0,1.0,420000.0,1.0,,,,,,,,,,Sousse,Corniche,Appartement,vente,35.8245,10.6346,,,1.0,,,,,,,,,,,,,,,,,,,,,,,,,,,,,,,,,,,,,,,,,,,,,,,,,,,,,,,,,,,,,,,,,,,,,,,,,,,
4011,120.0,4.0,,,,,,,,,,,,,Tunis,Hammamet Nord,Appartement,vente,36.8065,10.1815,,30.0,0.0,,,,,,,,,,,,,,,,,,,,,,,,,,,,,,,,,,,,,,,,,,,,,,,,,,,,,,,,,,,,,,,,,,,,,,,,,,,
4012,117.0,3.0,6.0,180000.0,,,,,,,,,,,Tunis,Nkhilette,Appartement,vente,36.8065,10.1815,1538.4615384615386,39.0,0.0,,,,,,,,,,,,,,,,,,,,,,,,,,,,,,,,,,,,,,,,,,,,,,,,,,,,,,,,,,,,,,,,,,,,,,,,,,,
4013,200.0,3.0,1.0,120000.0,,,,,,,,,,,Tunis,Carthage,Appartement,vente,36.8065,10.1815,600.0,66.66666666666667,0.0,,,,,,,,,,,,,,,,,,,,,,,,,,,,,,,,,,,,,,,,,,,,,,,,,,,,,,,,,,,,,,,,,,,,,,,,,,,
4014,,,,250000.0,1.0,,,,,,,,,,Ben Arous,Ezzahra,Appartement,vente,36.753,10.228,,,0.0,,,,,,,,,,,,,,,,,,,,,,,,,,,,,,,,,,,,,,,,,,,,,,,,,,,,,,,,,,,,,,,,,,,,,,,,,,,
4015,147.0,,,338000.0,,,,,,,,,,,,,Appartement,vente,,,2299.3197278911566,,0.0,,,,,,,,,,,,,,,,,,,,,,,,,,,,,,,,,,,,,,,,,,,,,,,,,,,,,,,,,,,,,,,,,,,,,,,,,,,
4016,,,,135000.0,,,,,,,1.0,,,1.0,,Benzert,Appartement,vente,,,,,0.0,,,,,,,,,,,,,,,,,,,,,,,,,,,,,,,,,,,,,,,,,,,,,,,,,,,,,,,,,,,,,,,,,,,,,,,,,,,
4017,80.0,,,,,,1.0,1.0,,,1.0,,,1.0,Tunis,Carthage,Appartement,vente,36.8065,10.1815,,,0.0,,,,,,,,,,,,,,,,,,,,,,,,,,,,,,,,,,,,,,,,,,,,,,,,,,,,,,,,,,,,,,,,,,,,,,,,,,,
4018,,,,,1.0,,,,,,,,,,,Ezahra Hammem El Ghzez,Appartement,vente,,,,,0.0,,,,,,,,,,,,,,,,,,,,,,,,,,,,,,,,,,,,,,,,,,,,,,,,,,,,,,,,,,,,,,,,,,,,,,,,,,,
4019,160.0,4.0,,,,,,,,,,,,,,,Appartement,vente,,,,40.0,0.0,,,,,,,,,,,,,,,,,,,,,,,,,,,,,,,,,,,,,,,,,,,,,,,,,,,,,,,,,,,,,,,,,,,,,,,,,,,
4020,,3.0,0.0,138000.0,,,,,,,,,,,Tunis,Hammamet,Appartement,vente,36.8065,10.1815,,,0.0,,,,,,,,,,,,,,,,,,,,,,,,,,,,,,,,,,,,,,,,,,,,,,,,,,,,,,,,,,,,,,,,,,,,,,,,,,,
4021,,3.0,,240000.0,,,,,,,,,,,Nabeul,Kelibia,Appartement,vente,36.4561,10.7376,,,0.0,,,,,,,,,,,,,,,,,,,,,,,,,,,,,,,,,,,,,,,,,,,,,,,,,,,,,,,,,,,,,,,,,,,,,,,,,,,
4022,130.0,2.0,4.0,480000.0,,1.0,,,,,,,,,Sousse,Hammam Sousse,Appartement,vente,35.8245,10.6346,3692.3076923076924,65.0,0.0,,,,,,,,,,,,,,,,,,,,,,,,,,,,,,,,,,,,,,,,,,,,,,,,,,,,,,,,,,,,,,,,,,,,,,,,,,,
4023,,2.0,,185000.0,1.0,,,,,,,1.0,,,Tunis,Menzah,Appartement,vente,36.8065,10.1815,,,0.0,,,,,,,,,,,,,,,,,,,,,,,,,,,,,,,,,,,,,,,,,,,,,,,,,,,,,,,,,,,,,,,,,,,,,,,,,,,
4024,75.0,2.0,,165000.0,,,,,,,,,,1.0,Tunis,Hammamet,Appartement,vente,36.8065,10.1815,2200.0,37.5,0.0,,,,,,,,,,,,,,,,,,,,,,,,,,,,,,,,,,,,,,,,,,,,,,,,,,,,,,,,,,,,,,,,,,,,,,,,,,,
4025,100.0,,,280000.0,,,,,,,,,,,,Yasmine,Appartement,vente,,,2800.0,,0.0,,,,,,,,,,,,,,,,,,,,,,,,,,,,,,,,,,,,,,,,,,,,,,,,,,,,,,,,,,,,,,,,,,,,,,,,,,,
4026,160.0,4.0,1.0,,,,,,,,,,,1.0,,,Appartement,vente,,,,40.0,0.0,,,,,,,,,,,,,,,,,,,,,,,,,,,,,,,,,,,,,,,,,,,,,,,,,,,,,,,,,,,,,,,,,,,,,,,,,,,
4027,100.0,3.0,,170000.0,,,,,,,,,,,,Ezahra Hammem El Ghzez,Appartement,vente,,,1700.0,33.333333333333336,0.0,,,,,,,,,,,,,,,,,,,,,,,,,,,,,,,,,,,,,,,,,,,,,,,,,,,,,,,,,,,,,,,,,,,,,,,,,,,
4028,74.0,,3.0,,,,,,,,1.0,1.0,,,,L'Aouina,Appartement,vente,,,,,0.0,,,,,,,,,,,,,,,,,,,,,,,,,,,,,,,,,,,,,,,,,,,,,,,,,,,,,,,,,,,,,,,,,,,,,,,,,,,
4029,160.0,4.0,1.0,,,,,,,,,,,1.0,,,Appartement,vente,,,,40.0,0.0,,,,,,,,,,,,,,,,,,,,,,,,,,,,,,,,,,,,,,,,,,,,0.15991351,0.02367527,0.0651597,-0.07621916,-0.005287451,0.048727714,0.009980058,-0.091864415,0.0765575,-0.008696847,0.009711222,0.005536657,0.1606391,-0.021713994,0.0990816,-0.13568547,0.020817904,-0.17576207,0.009082185,-0.011537958,-0.032639947,-0.041396778,0.017804153,-0.0074159927,-0.054194156,0.011180329,-0.09136536,-0.06401131,-0.019974405,-0.04306941,0.01826714,-0.034751166
4030,75.0,,0.0,200000.0,1.0,,1.0,1.0,,,,1.0,,1.0,Tunis,Carthage,Appartement,vente,36.8065,10.1815,2666.6666666666665,,0.0,,,,,,,,,,,,,,,,,,,,,,,,,,,,,,,,,,,,,,,,,,,,,,,,,,,,,,,,,,,,,,,,,,,,,,,,,,,
4031,110.0,,,380000.0,,1.0,1.0,1.0,,,,1.0,,,,Cité El Wafa,Appartement,vente,,,3454.5454545454545,,0.0,,,,,,,,,,,,,,,,,,,,,,,,,,,,,,,,,,,,,,,,,,,,,,,,,,,,,,,,,,,,,,,,,,,,,,,,,,,
4032,170.0,4.0,,345000.0,,,1.0,1.0,,,,1.0,,,,Sahloul,Appartement,vente,,,2029.4117647058824,42.5,0.0,,,,,,,,,,,,,,,,,,,,,,,,,,,,,,,,,,,,,,,,,,,,,,,,,,,,,,,,,,,,,,,,,,,,,,,,,,,
4033,82.0,2.0,,,,,,,,,,,1.0,,Tunis,Hammamet Nord,Appartement,vente,36.8065,10.1815,,41.0,0.0,,,,,,,,,,,,,,,,,,,,,,,,,,,,,,,,,,,,,,,,,,,,,,,,,,,,,,,,,,,,,,,,,,,,,,,,,,,
4034,109.0,3.0,2.0,270000.0,1.0,1.0,1.0,1.0,,,,1.0,,,Tunis,La Soukra,Appartement,vente,36.8065,10.1815,2477.064220183486,36.333333333333336,2.0,,,,,,,,,,,,,,,,,,,,,,,,,,,,,,,,,,,,,,,,,,,,,,,,,,,,,,,,,,,,,,,,,,,,,,,,,,,
4035,,3.0,2.0,195000.0,,,,,,,,,,,,Baraket Essahel,Appartement,vente,,,,,0.0,,,,,,,,,,,,,,,,,,,,,,,,,,,,,,,,,,,,,,,,,,,,,,,,,,,,,,,,,,,,,,,,,,,,,,,,,,,
4036,,,,160000.0,,,,,,,,,,,Tunis,Gremda,Appartement,vente,36.8065,10.1815,,,0.0,,,,,,,,,,,,,,,,,,,,,,,,,,,,,,,,,,,,,,,,,,,,,,,,,,,,,,,,,,,,,,,,,,,,,,,,,,,
4037,85.0,,,270000.0,,1.0,1.0,1.0,,,,,,,Tunis,Tunis,Appartement,vente,36.8065,10.1815,3176.470588235294,,0.0,,,,,,,,,,,,,,,,,,,,,,,,,,,,,,,,,,,,,,,,,,,,,,,,,,,,,,,,,,,,,,,,,,,,,,,,,,,
4038,,3.0,2.0,150000.0,,,,,,,,1.0,,,,,Appartement,vente,,,,,0.0,,,,,,,,,,,,,,,,,,,,,,,,,,,,,,,,,,,,,,,,,,,,,,,,,,,,,,,,,,,,,,,,,,,,,,,,,,,
4039,,2.0,,203000.0,,,,,,,1.0,,,,Tunis,Soukra,Appartement,vente,36.8065,10.1815,,,0.0,,,,,,,,,,,,,,,,,,,,,,,,,,,,,,,,,,,,,,,,,,,,,,,,,,,,,,,,,,,,,,,,,,,,,,,,,,,
4040,100.0,,,250000.0,,,,,,,,,,,Tunis,Hammamet,Appartement,vente,36.8065,10.1815,2500.0,,0.0,,,,,,,,,,,,,,,,,,,,,,,,,,,,,,,,,,,,,,,,,,,,,,,,,,,,,,,,,,,,,,,,,,,,,,,,,,,
4041,151.0,4.0,,350000.0,,,1.0,,,,,,,,Tunis,Hammamet Nord,Appartement,vente,36.8065,10.1815,2317.880794701987,37.75,0.0,,,,,,,,,,,,,,,,,,,,,,,,,,,,,,,,,,,,,,,,,,,,,,,,,,,,,,,,,,,,,,,,,,,,,,,,,,,
4042,90.0,2.0,,320000.0,,,,,,,,,,,,Cité El Wafa Mrezga,Appartement,vente,,,3555.5555555555557,45.0,0.0,,,,,,,,,,,,,,,,,,,,,,,,,,,,,,,,,,,,,,,,,,,,,,,,,,,,,,,,,,,,,,,,,,,,,,,,,,,
4043,160.0,4.0,,,,,,,,,,,,,,,Appartement,vente,,,,40.0,0.0,,,,,,,,,,,,,,,,,,,,,,,,,,,,,,,,,,,,,,,,,,,,,,,,,,,,,,,,,,,,,,,,,,,,,,,,,,,
4044,,3.0,,350000.0,,,,,,,,,,,Tunis,Hammamet,Appartement,vente,36.8065,10.1815,,,0.0,,,,,,,,,,,,,,,,,,,,,,,,,,,,,,,,,,,,,,,,,,,,,,,,,,,,,,,,,,,,,,,,,,,,,,,,,,,
4045,91.0,3.0,,195000.0,,,,,,,,,,,,Ezahra Hammem El Ghzez,Appartement,vente,,,2142.8571428571427,30.333333333333332,0.0,,,,,,,,,,,,,,,,,,,,,,,,,,,,,,,,,,,,,,,,,,,,,,,,,,,,,,,,,,,,,,,,,,,,,,,,,,,
4046,,,,160000.0,,,,,,,,,,,Tunis,Manouba,Appartement,vente,36.8065,10.1815,,,0.0,,,,,,,,,,,,,,,,,,,,,,,,,,,,,,,,,,,,,,,,,,,,,,,,,,,,,,,,,,,,,,,,,,,,,,,,,,,
4047,80.0,3.0,,260000.0,,,,,,,,,,,Tunis,Hammamet,Appartement,vente,36.8065,10.1815,3250.0,26.666666666666668,0.0,,,,,,,,,,,,,,,,,,,,,,,,,,,,,,,,,,,,,,,,,,,,,,,,,,,,,,,,,,,,,,,,,,,,,,,,,,,
4048,,,3.0,200000.0,1.0,,,,,,,1.0,,,Tunis,Marsa,Appartement,vente,36.8065,10.1815,,,3.0,,,,,,,,,,,,,,,,,,,,,,,,,,,,,,,,,,,,,,,,,,,,,,,,,,,,,,,,,,,,,,,,,,,,,,,,,,,
4049,110.0,3.0,2.0,,,1.0,1.0,,,,,,,,Tunis,Carthage,Appartement,vente,36.8065,10.1815,,36.666666666666664,0.0,,,,,,,,,,,,,,,,,,,,,,,,,,,,,,,,,,,,,,,,,,,,,,,,,,,,,,,,,,,,,,,,,,,,,,,,,,,
4050,130.0,,,390000.0,,,1.0,1.0,,,1.0,1.0,,,Tunis,Ain Zaghouan,Appartement,vente,36.8065,10.1815,3000.0,,0.0,,,,,,,,,,,,,,,,,,,,,,,,,,,,,,,,,,,,,,,,,,,,,,,,,,,,,,,,,,,,,,,,,,,,,,,,,,,
4051,102.0,,,350000.0,,,1.0,,,,,,,,Tunis,Chott Mariem,Appartement,vente,36.8065,10.1815,3431.372549019608,,0.0,,,,,,,,,,,,,,,,,,,,,,,,,,,,,,,,,,,,,,,,,,,,,,,,,,,,,,,,,,,,,,,,,,,,,,,,,,,
4052,142.0,,,500000.0,,,1.0,,,,,,,,Tunis,Chott Mariem,Appartement,vente,36.8065,10.1815,3521.1267605633802,,0.0,,,,,,,,,,,,,,,,,,,,,,,,,,,,,,,,,,,,,,,,,,,,,,,,,,,,,,,,,,,,,,,,,,,,,,,,,,,
4053,139.0,4.0,9.0,284000.0,,1.0,1.0,,,,,1.0,,,Tunis,Carthage,Appartement,vente,36.8065,10.1815,2043.1654676258993,34.75,0.0,,,,,,,,,,,,,,,,,,,,,,,,,,,,,,,,,,,,,,,,,,,,,,,,,,,,,,,,,,,,,,,,,,,,,,,,,,,
4054,,,,,1.0,,,,,1.0,,1.0,,,Tunis,Soukra,Appartement,vente,36.8065,10.1815,,,0.0,,,,,,,,,,,,,,,,,,,,,,,,,,,,,,,,,,,,,,,,,,,,,,,,,,,,,,,,,,,,,,,,,,,,,,,,,,,
4055,173.0,4.0,,650000.0,,1.0,1.0,1.0,,,,1.0,,,Tunis,Ain Zaghouen Nord,Appartement,vente,36.8065,10.1815,3757.225433526012,43.25,0.0,,,,,,,,,,,,,,,,,,,,,,,,,,,,,,,,,,,,,,,,,,,,,,,,,,,,,,,,,,,,,,,,,,,,,,,,,,,
4056,,3.0,,200000.0,,1.0,,,,,,,,,Tunis,Hammamet,Appartement,vente,36.8065,10.1815,,,0.0,,,,,,,,,,,,,,,,,,,,,,,,,,,,,,,,,,,,,,,,,,,,,,,,,,,,,,,,,,,,,,,,,,,,,,,,,,,
4057,133.0,2.0,0.0,650000.0,,,,,,,1.0,1.0,1.0,1.0,Tunis,Nabeul,Appartement,vente,36.8065,10.1815,4887.2180451127815,66.5,0.0,,,,,,,,,,,,,,,,,,,,,,,,,,,,,,,,,,,,,,,,,,,,,,,,,,,,,,,,,,,,,,,,,,,,,,,,,,,
4058,170.0,4.0,,495000.0,,1.0,1.0,1.0,,,,,,1.0,,,Appartement,vente,,,2911.764705882353,42.5,0.0,,,,,,,,,,,,,,,,,,,,,,,,,,,,,,,,,,,,,,,,,,,,,,,,,,,,,,,,,,,,,,,,,,,,,,,,,,,
4059,,3.0,3.0,,1.0,,,,,,,,,,,Sahloul,Appartement,vente,,,,,3.0,,,,,,,,,,,,,,,,,,,,,,,,,,,,,,,,,,,,,,,,,,,,,,,,,,,,,,,,,,,,,,,,,,,,,,,,,,,
4060,140.0,4.0,,180000.0,,,,,,,,,,,Tunis,Ellil,Appartement,vente,36.8065,10.1815,1285.7142857142858,35.0,0.0,,,,,,,,,,,,,,,,,,,,,,,,,,,,,,,,,,,,,,,,,,,,,,,,,,,,,,,,,,,,,,,,,,,,,,,,,,,
4061,62.0,2.0,,240000.0,,,,,,,,,1.0,,,Cité El Wafa Mrezga,Appartement,vente,,,3870.967741935484,31.0,0.0,,,,,,,,,,,,,,,,,,,,,,,,,,,,,,,,,,,,,,,,,,,,,,,,,,,,,,,,,,,,,,,,,,,,,,,,,,,
4062,75.0,,0.0,300000.0,1.0,,,,,,1.0,1.0,1.0,1.0,,Cité El Wafa Mrezga,Appartement,vente,,,4000.0,,0.0,,,,,,,,,,,,,,,,,,,,,,,,,,,,,,,,,,,,,,,,,,,,,,,,,,,,,,,,,,,,,,,,,,,,,,,,,,,
4063,83.0,2.0,3.0,275311.0,1.0,,1.0,1.0,,1.0,,1.0,,,,,Appartement,vente,,,3317.0,41.5,3.0,,,,,,,,,,,,,,,,,,,,,,,,,,,,,,,,,,,,,,,,,,,,,,,,,,,,,,,,,,,,,,,,,,,,,,,,,,,
4064,85.0,2.0,1.0,281945.0,1.0,,1.0,1.0,,1.0,,1.0,,,,,Appartement,vente,,,3317.0,42.5,1.0,,,,,,,,,,,,,,,,,,,,,,,,,,,,,,,,,,,,,,,,,,,,,,,,,,,,,,,,,,,,,,,,,,,,,,,,,,,
4065,190.0,,,399000.0,,,,,,,,,,,Tunis,Tunis,Appartement,vente,36.8065,10.1815,2100.0,,0.0,,,,,,,,,,,,,,,,,,,,,,,,,,,,,,,,,,,,,,,,,,,,,,,,,,,,,,,,,,,,,,,,,,,,,,,,,,,
4066,60.0,2.0,,250000.0,,,,,,,,1.0,,,,Cité El Wafa Mrezga,Appartement,vente,,,4166.666666666667,30.0,0.0,,,,,,,,,,,,,,,,,,,,,,,,,,,,,,,,,,,,,,,,,,,,,,,,,,,,,,,,,,,,,,,,,,,,,,,,,,,
4067,145.0,,,350000.0,1.0,,1.0,1.0,,,,1.0,,1.0,Tunis,Carthage,Appartement,vente,36.8065,10.1815,2413.793103448276,,0.0,,,,,,,,,,,,,,,,,,,,,,,,,,,,,,,,,,,,,,,,,,,,,,,,,,,,,,,,,,,,,,,,,,,,,,,,,,,
4068,230.0,4.0,,450000.0,,,1.0,,,,,,,1.0,Tunis,Ben Zert,Appartement,vente,36.8065,10.1815,1956.5217391304348,57.5,0.0,,,,,,,,,,,,,,,,,,,,,,,,,,,,,,,,,,,,,,,,,,,,,,,,,,,,,,,,,,,,,,,,,,,,,,,,,,,
4069,112.0,3.0,0.0,,,,,,,,1.0,1.0,,,,Cité El Wafa Mrezga,Appartement,vente,,,,37.333333333333336,0.0,,,,,,,,,,,,,,,,,,,,,,,,,,,,,,,,,,,,,,,,,,,,,,,,,,,,,,,,,,,,,,,,,,,,,,,,,,,
4070,,2.0,,203000.0,,,,,,,1.0,,,,Tunis,Soukra,Appartement,vente,36.8065,10.1815,,,0.0,,,,,,,,,,,,,,,,,,,,,,,,,,,,,,,,,,,,,,,,,,,,,,,,,,,,,,,,,,,,,,,,,,,,,,,,,,,
4071,,2.0,,197000.0,,,,,,,,,,,Tunis,Soukra,Appartement,vente,36.8065,10.1815,,,0.0,,,,,,,,,,,,,,,,,,,,,,,,,,,,,,,,,,,,,,,,,,,,,,,,,,,,,,,,,,,,,,,,,,,,,,,,,,,
4072,90.0,,,230000.0,,1.0,1.0,,,,,,,1.0,Tunis,Gremda,Appartement,vente,36.8065,10.1815,2555.5555555555557,,0.0,,,,,,,,,,,,,,,,,,,,,,,,,,,,,,,,,,,,,,,,,,,,,,,,,,,,,,,,,,,,,,,,,,,,,,,,,,,
4073,,,,370000.0,1.0,,,1.0,,,,1.0,,,,,Appartement,vente,,,,,0.0,,,,,,,,,,,,,,,,,,,,,,,,,,,,,,,,,,,,,,,,,,,,,,,,,,,,,,,,,,,,,,,,,,,,,,,,,,,
4074,64.0,,1.0,180000.0,1.0,,1.0,1.0,,,,,,,Tunis,Dar Fadhal,Appartement,vente,36.8065,10.1815,2812.5,,1.0,,,,,,,,,,,,,,,,,,,,,,,,,,,,,,,,,,,,,,,,,,,,,,,,,,,,,,,,,,,,,,,,,,,,,,,,,,,
4075,202.0,2.0,0.0,175000.0,,,,,,,1.0,1.0,,1.0,,,Appartement,vente,,,866.3366336633663,101.0,0.0,,,,,,,,,,,,,,,,,,,,,,,,,,,,,,,,,,,,,,,,,,,,,,,,,,,,,,,,,,,,,,,,,,,,,,,,,,,
4076,110.0,,,635000.0,,,,,,,1.0,,,,Tunis,Carthage,Appartement,vente,36.8065,10.1815,5772.727272727273,,0.0,,,,,,,,,,,,,,,,,,,,,,,,,,,,,,,,,,,,,,,,,,,,,,,,,,,,,,,,,,,,,,,,,,,,,,,,,,,
4077,101.0,,,606000.0,,1.0,1.0,1.0,,,1.0,1.0,,,Tunis,Carthage,Appartement,vente,36.8065,10.1815,6000.0,,0.0,,,,,,,,,,,,,,,,,,,,,,,,,,,,,,,,,,,,,,,,,,,,,,,,,,,,,,,,,,,,,,,,,,,,,,,,,,,
4078,74.0,2.0,,,,,,,,,,1.0,,,Tunis,Hammamet,Appartement,vente,36.8065,10.1815,,37.0,0.0,,,,,,,,,,,,,,,,,,,,,,,,,,,,,,,,,,,,,,,,,,,,,,,,,,,,,,,,,,,,,,,,,,,,,,,,,,,
4079,80.0,,2.0,,,1.0,,,,,,,,,Manouba,Manouba,Appartement,vente,36.8095,10.098,,,0.0,,,,,,,,,,,,,,,,,,,,,,,,,,,,,,,,,,,,,,,,,,,,,,,,,,,,,,,,,,,,,,,,,,,,,,,,,,,
4080,145.0,,,350000.0,1.0,1.0,,,,,,,,,,L'Aouina,Appartement,vente,,,2413.793103448276,,0.0,,,,,,,,,,,,,,,,,,,,,,,,,,,,,,,,,,,,,,,,,,,,,,,,,,,,,,,,,,,,,,,,,,,,,,,,,,,
4081,165.0,,0.0,600000.0,,,,1.0,,,1.0,1.0,1.0,,Tunis,Hammamet,Appartement,vente,36.8065,10.1815,3636.3636363636365,,0.0,,,,,,,,,,,,,,,,,,,,,,,,,,,,,,,,,,,,,,,,,,,,,,,,,,,,,,,,,,,,,,,,,,,,,,,,,,,
4082,120.0,3.0,,500000.0,1.0,,,,,,,1.0,,,Tunis,Kantaoui,Appartement,vente,36.8065,10.1815,4166.666666666667,40.0,0.0,,,,,,,,,,,,,,,,,,,,,,,,,,,,,,,,,,,,,,,,,,,,,,,,,,,,,,,,,,,,,,,,,,,,,,,,,,,
4083,,2.0,,240000.0,,,,,,,,,,,Tunis,Hammamet,Appartement,vente,36.8065,10.1815,,,0.0,,,,,,,,,,,,,,,,,,,,,,,,,,,,,,,,,,,,,,,,,,,,,,,,,,,,,,,,,,,,,,,,,,,,,,,,,,,
4084,,,,115000.0,,,,,,,,,,,Tunis,Kélibia,Appartement,vente,36.8065,10.1815,,,0.0,,,,,,,,,,,,,,,,,,,,,,,,,,,,,,,,,,,,,,,,,,,,,,,,,,,,,,,,,,,,,,,,,,,,,,,,,,,
4085,200.0,2.0,,,,,,,1.0,,,,,,Tunis,Carthage,Appartement,vente,36.8065,10.1815,,100.0,0.0,,,,,,,,,,,,,,,,,,,,,,,,,,,,,,,,,,,,,,,,,,,,,,,,,,,,,,,,,,,,,,,,,,,,,,,,,,,
4086,166.0,4.0,,600000.0,1.0,1.0,,,,,,1.0,,,Tunis,Marsa,Appartement,vente,36.8065,10.1815,3614.4578313253014,41.5,0.0,,,,,,,,,,,,,,,,,,,,,,,,,,,,,,,,,,,,,,,,,,,,,,,,,,,,,,,,,,,,,,,,,,,,,,,,,,,
4087,160.0,4.0,1.0,,,,,,,,,,,1.0,,,Appartement,vente,,,,40.0,0.0,,,,,,,,,,,,,,,,,,,,,,,,,,,,,,,,,,,,,,,,,,,,,,,,,,,,,,,,,,,,,,,,,,,,,,,,,,,
4088,141.0,,,535000.0,,,1.0,,,,,1.0,,,Tunis,Mégrine Coteaux,Appartement,vente,36.8065,10.1815,3794.326241134752,,0.0,,,,,,,,,,,,,,,,,,,,,,,,,,,,,,,,,,,,,,,,,,,,,,,,,,,,,,,,,,,,,,,,,,,,,,,,,,,
4089,77.0,3.0,,,,1.0,,,,,,1.0,,,Tunis,El Mourouj,Appartement,vente,36.8065,10.1815,,25.666666666666668,0.0,,,,,,,,,,,,,,,,,,,,,,,,,,,,,,,,,,,,,,,,,,,,,,,,,,,,,,,,,,,,,,,,,,,,,,,,,,,
4090,60.0,2.0,,250000.0,,,,,,,,,,,Tunis,Hammamet,Appartement,vente,36.8065,10.1815,4166.666666666667,30.0,0.0,,,,,,,,,,,,,,,,,,,,,,,,,,,,,,,,,,,,,,,,,,,,,,,,,,,,,,,,,,,,,,,,,,,,,,,,,,,
4091,110.0,,,160000.0,,,,,1.0,,,,,,Tunis,Carthage,Appartement,vente,36.8065,10.1815,1454.5454545454545,,0.0,,,,,,,,,,,,,,,,,,,,,,,,,,,,,,,,,,,,,,,,,,,,,,,,,,,,,,,,,,,,,,,,,,,,,,,,,,,
4092,160.0,4.0,2.0,490000.0,,,,,,,,,,,Tunis,Hammamet,Appartement,vente,36.8065,10.1815,3062.5,40.0,0.0,,,,,,,,,,,,,,,,,,,,,,,,,,,,,,,,,,,,,,,,,,,,,,,,,,,,,,,,,,,,,,,,,,,,,,,,,,,
4093,230.0,5.0,,400000.0,,1.0,1.0,1.0,,,,1.0,,,,L'Aouina,Appartement,vente,,,1739.1304347826087,46.0,0.0,,,,,,,,,,,,,,,,,,,,,,,,,,,,,,,,,,,,,,,,,,,,,,,,,,,,,,,,,,,,,,,,,,,,,,,,,,,
4094,65.0,2.0,5.0,175000.0,,,,,,,,1.0,,,Ariana,Raoued,Appartement,vente,36.8625,10.1956,2692.3076923076924,32.5,0.0,,,,,,,,,,,,,,,,,,,,,,,,,,,,,,,,,,,,,,,,,,,,,,,,,,,,,,,,,,,,,,,,,,,,,,,,,,,
4095,100.0,,,132000.0,1.0,,,,,,,,,,Tunis,Mourouj,Appartement,vente,36.8065,10.1815,1320.0,,0.0,,,,,,,,,,,,,,,,,,,,,,,,,,,,,,,,,,,,,,,,,,,,,,,,,,,,,,,,,,,,,,,,,,,,,,,,,,,
4096,,2.0,1.0,105000.0,,,,,,,,,,,Tunis,Gremda,Appartement,vente,36.8065,10.1815,,,0.0,,,,,,,,,,,,,,,,,,,,,,,,,,,,,,,,,,,,,,,,,,,,,,,,,,,,,,,,,,,,,,,,,,,,,,,,,,,
4097,100.0,,,210000.0,,,,,,,,,,,Tunis,Carthage,Appartement,vente,36.8065,10.1815,2100.0,,0.0,,,,,,,,,,,,,,,,,,,,,,,,,,,,,,,,,,,,,,,,,,,,,,,,,,,,,,,,,,,,,,,,,,,,,,,,,,,
4098,74.0,2.0,,,,,,,,,,1.0,,,Tunis,Hammamet,Appartement,vente,36.8065,10.1815,,37.0,0.0,,,,,,,,,,,,,,,,,,,,,,,,,,,,,,,,,,,,,,,,,,,,,,,,,,,,,,,,,,,,,,,,,,,,,,,,,,,
4099,156.0,4.0,,650000.0,,1.0,,1.0,,,,1.0,,,Tunis,La Soukra,Appartement,vente,36.8065,10.1815,4166.666666666667,39.0,0.0,,,,,,,,,,,,,,,,,,,,,,,,,,,,,,,,,,,,,,,,,,,,,,,,,,,,,,,,,,,,,,,,,,,,,,,,,,,
4100,195.0,,,249600.0,,,,,,,,,,,Tunis,Nabeul,Appartement,vente,36.8065,10.1815,1280.0,,0.0,,,,,,,,,,,,,,,,,,,,,,,,,,,,,,,,,,,,,,,,,,,,,,,,,,,,,,,,,,,,,,,,,,,,,,,,,,,
4101,,,,275000.0,1.0,,1.0,1.0,,,,,,,Tunis,Menzah,Appartement,vente,36.8065,10.1815,,,0.0,,,,,,,,,,,,,,,,,,,,,,,,,,,,,,,,,,,,,,,,,,,,,,,,,,,,,,,,,,,,,,,,,,,,,,,,,,,
4102,,2.0,,,,,,,,,,1.0,,,Tunis,Ain Zaghouen Nord,Appartement,vente,36.8065,10.1815,,,0.0,,,,,,,,,,,,,,,,,,,,,,,,,,,,,,,,,,,,,,,,,,,,,,,,,,,,,,,,,,,,,,,,,,,,,,,,,,,
4103,48.0,,5.0,160000.0,,,,,,,,1.0,,,Ariana,Ennasr,Appartement,vente,36.8625,10.1956,3333.3333333333335,,0.0,,,,,,,,,,,,,,,,,,,,,,,,,,,,,,,,,,,,,,,,,,,,,,,,,,,,,,,,,,,,,,,,,,,,,,,,,,,
4104,90.0,,,,,,,,,,,,,1.0,Tunis,Hammamet Nord,Appartement,vente,36.8065,10.1815,,,0.0,,,,,,,,,,,,,,,,,,,,,,,,,,,,,,,,,,,,,,,,,,,,,,,,,,,,,,,,,,,,,,,,,,,,,,,,,,,
4105,120.0,4.0,,300000.0,,,,,,,,,,,Tunis,Riadh El Andalous,Appartement,vente,36.8065,10.1815,2500.0,30.0,0.0,,,,,,,,,,,,,,,,,,,,,,,,,,,,,,,,,,,,,,,,,,,,,,,,,,,,,,,,,,,,,,,,,,,,,,,,,,,
4106,57.0,2.0,,175000.0,1.0,1.0,1.0,1.0,,,,,,,Tunis,Riadh El Andalous,Appartement,vente,36.8065,10.1815,3070.1754385964914,28.5,0.0,,,,,,,,,,,,,,,,,,,,,,,,,,,,,,,,,,,,,,,,,,,,,,,,,,,,,,,,,,,,,,,,,,,,,,,,,,,
4107,116.0,,2.0,240000.0,,1.0,1.0,1.0,,,,1.0,,,Ariana,Ariana,Appartement,vente,36.8625,10.1956,2068.9655172413795,,0.0,,,,,,,,,,,,,,,,,,,,,,,,,,,,,,,,,,,,,,,,,,,,,,,,,,,,,,,,,,,,,,,,,,,,,,,,,,,
4108,,,,200000.0,,,,,,,,,,,Tunis,Hammamet,Appartement,vente,36.8065,10.1815,,,0.0,,,,,,,,,,,,,,,,,,,,,,,,,,,,,,,,,,,,,,,,,,,,,,,,,,,,,,,,,,,,,,,,,,,,,,,,,,,
4109,75.0,,,247000.0,1.0,,,,,,,,,,Tunis,Nabeul,Appartement,vente,36.8065,10.1815,3293.3333333333335,,0.0,,,,,,,,,,,,,,,,,,,,,,,,,,,,,,,,,,,,,,,,,,,,,,,,,,,,,,,,,,,,,,,,,,,,,,,,,,,
4110,100.0,,,195000.0,,,,,,,,,,,,Baraket Essahel,Appartement,vente,,,1950.0,,0.0,,,,,,,,,,,,,,,,,,,,,,,,,,,,,,,,,,,,,,,,,,,,,,,,,,,,,,,,,,,,,,,,,,,,,,,,,,,
4111,75.0,2.0,6.0,258405.0,1.0,,1.0,1.0,,1.0,,1.0,,,,,Appartement,vente,,,3445.4,37.5,6.0,,,,,,,,,,,,,,,,,,,,,,,,,,,,,,,,,,,,,,,,,,,,,,,,,,,,,,,,,,,,,,,,,,,,,,,,,,,
4112,105.0,3.0,,160000.0,,,,,,,,,,,Tunis,Kelibia,Appartement,vente,36.8065,10.1815,1523.8095238095239,35.0,0.0,,,,,,,,,,,,,,,,,,,,,,,,,,,,,,,,,,,,,,,,,,,,,,,,,,,,,,,,,,,,,,,,,,,,,,,,,,,
4113,78.0,2.0,5.0,265146.0,1.0,,1.0,1.0,,1.0,,1.0,,1.0,,,Appartement,vente,,,3399.3076923076924,39.0,5.0,,,,,,,,,,,,,,,,,,,,,,,,,,,,,,,,,,,,,,,,,,,,,,,,,,,,,,,,,,,,,,,,,,,,,,,,,,,
4114,135.0,3.0,,426930.0,1.0,,1.0,1.0,,1.0,,1.0,,,,,Appartement,vente,,,3162.4444444444443,45.0,0.0,,,,,,,,,,,,,,,,,,,,,,,,,,,,,,,,,,,,,,,,,,,,,,,,,,,,,,,,,,,,,,,,,,,,,,,,,,,
4115,120.0,3.0,,450000.0,,,,,,,,,,,Tunis,Chott Mariem,Appartement,vente,36.8065,10.1815,3750.0,40.0,0.0,,,,,,,,,,,,,,,,,,,,,,,,,,,,,,,,,,,,,,,,,,,,,,,,,,,,,,,,,,,,,,,,,,,,,,,,,,,
4116,133.0,3.0,1.0,426930.0,1.0,,1.0,1.0,,1.0,,1.0,,,,,Appartement,vente,,,3210.0,44.333333333333336,1.0,,,,,,,,,,,,,,,,,,,,,,,,,,,,,,,,,,,,,,,,,,,,,,,,,,,,,,,,,,,,,,,,,,,,,,,,,,,
4117,122.0,3.0,,398040.0,1.0,,1.0,1.0,,1.0,,1.0,,1.0,,,Appartement,vente,,,3262.622950819672,40.666666666666664,0.0,,,,,,,,,,,,,,,,,,,,,,,,,,,,,,,,,,,,,,,,,,,,,,,,,,,,,,,,,,,,,,,,,,,,,,,,,,,
4118,93.0,3.0,0.0,198000.0,,,,,,,1.0,1.0,,,Tunis,Manar,Appartement,vente,36.8065,10.1815,2129.032258064516,31.0,0.0,,,,,,,,,,,,,,,,,,,,,,,,,,,,,,,,,,,,,,,,,,,,,,,,,,,,,,,,,,,,,,,,,,,,,,,,,,,
4119,,2.0,6.0,185000.0,1.0,,1.0,1.0,,,,,,1.0,Tunis,Khzema,Appartement,vente,36.8065,10.1815,,,6.0,,,,,,,,,,,,,,,,,,,,,,,,,,,,,,,,,,,,,,,,,,,,,,,,,,,,,,,,,,,,,,,,,,,,,,,,,,,
4120,,,,129000.0,,,,,,,,,,,,,Appartement,vente,,,,,0.0,,,,,,,,,,,,,,,,,,,,,,,,,,,,,,,,,,,,,,,,,,,,0.026514145,-0.07741261,0.07128478,0.23020765,0.052716073,0.081023745,0.12736036,-0.094857864,-0.15363166,0.095821224,-0.02666124,-0.1334137,-0.048104644,-0.087732084,-0.18160976,0.032474656,-0.06459179,-0.028106531,0.024907045,-8.131136e-05,0.02998947,-0.0393272,-0.008913082,0.15485387,-0.009519052,-0.061433557,0.052553575,-0.041064397,-0.11624511,-0.014870729,0.057310417,-0.034354337
4121,,2.0,,160000.0,,,,1.0,,,,,,,Sousse,Hammam Sousse,Appartement,vente,35.8245,10.6346,,,0.0,,,,,,,,,,,,,,,,,,,,,,,,,,,,,,,,,,,,,,,,,,,,,,,,,,,,,,,,,,,,,,,,,,,,,,,,,,,
4122,163.0,4.0,,540000.0,,1.0,1.0,1.0,,,,,1.0,,,,Appartement,vente,,,3312.883435582822,40.75,0.0,,,,,,,,,,,,,,,,,,,,,,,,,,,,,,,,,,,,,,,,,,,,,,,,,,,,,,,,,,,,,,,,,,,,,,,,,,,
4123,173.0,4.0,,597023.0,1.0,,1.0,1.0,,1.0,,1.0,,,,,Appartement,vente,,,3451.0,43.25,0.0,,,,,,,,,,,,,,,,,,,,,,,,,,,,,,,,,,,,,,,,,,,,,,,,,,,,,,,,,,,,,,,,,,,,,,,,,,,
4124,,4.0,,,,,,,,,,,,,Tunis,Soukra,Appartement,vente,36.8065,10.1815,,,0.0,,,,,,,,,,,,,,,,,,,,,,,,,,,,,,,,,,,,,,,,,,,,,,,,,,,,,,,,,,,,,,,,,,,,,,,,,,,
4125,171.0,3.0,,392000.0,,,,,,,,,,1.0,,,Appartement,vente,,,2292.3976608187136,57.0,0.0,,,,,,,,,,,,,,,,,,,,,,,,,,,,,,,,,,,,,,,,,,,,,,,,,,,,,,,,,,,,,,,,,,,,,,,,,,,
4126,,,,,1.0,,,,,1.0,,1.0,,,Tunis,Soukra,Appartement,vente,36.8065,10.1815,,,0.0,,,,,,,,,,,,,,,,,,,,,,,,,,,,,,,,,,,,,,,,,,,,,,,,,,,,,,,,,,,,,,,,,,,,,,,,,,,
4127,100.0,,,,,,,,,,,,,,Tunis,Kélibia,Appartement,vente,36.8065,10.1815,,,0.0,,,,,,,,,,,,,,,,,,,,,,,,,,,,,,,,,,,,,,,,,,,,,,,,,,,,,,,,,,,,,,,,,,,,,,,,,,,
4128,110.0,3.0,,,,,,,,,,,,,Sfax,Sfax,Appartement,vente,34.74,10.76,,36.666666666666664,0.0,,,,,,,,,,,,,,,,,,,,,,,,,,,,,,,,,,,,,,,,,,,,,,,,,,,,,,,,,,,,,,,,,,,,,,,,,,,
4129,,3.0,,280000.0,,,,,,,,,,,,,Appartement,vente,,,,,0.0,,,,,,,,,,,,,,,,,,,,,,,,,,,,,,,,,,,,,,,,,,,,,,,,,,,,,,,,,,,,,,,,,,,,,,,,,,,
4130,160.0,,,490000.0,,1.0,,1.0,,,,,,,Tunis,Hammamet,Appartement,vente,36.8065,10.1815,3062.5,,0.0,,,,,,,,,,,,,,,,,,,,,,,,,,,,,,,,,,,,,,,,,,,,,,,,,,,,,,,,,,,,,,,,,,,,,,,,,,,
4131,,,,120000.0,,,,,,,,,,,Sousse,Sousse,Appartement,vente,35.8245,10.6346,,,0.0,,,,,,,,,,,,,,,,,,,,,,,,,,,,,,,,,,,,,,,,,,,,,,,,,,,,,,,,,,,,,,,,,,,,,,,,,,,
4132,160.0,4.0,1.0,,,,,,,,,,,1.0,,,Appartement,vente,,,,40.0,0.0,,,,,,,,,,,,,,,,,,,,,,,,,,,,,,,,,,,,,,,,,,,,0.11040792,-0.020830376,0.043209713,-0.10789414,-0.012044881,0.032400593,0.0015270208,-0.07557021,0.10541725,0.0028893694,-0.030813558,0.014165867,0.14171824,-0.0057752114,0.09454398,-0.12867409,0.036824077,-0.17415662,0.007716242,0.00249562,-0.023383465,-0.050772697,0.0267179,0.0017132313,-0.046084475,0.010343872,-0.090172686,-0.06533076,-0.020268401,-0.039130382,0.021962255,-0.024519151
4133,80.0,2.0,,195000.0,,,,,,,,,,,Tunis,Hammamet,Appartement,vente,36.8065,10.1815,2437.5,40.0,0.0,,,,,,,,,,,,,,,,,,,,,,,,,,,,,,,,,,,,,,,,,,,,,,,,,,,,,,,,,,,,,,,,,,,,,,,,,,,
4134,70.0,,,177000.0,,,,,,,1.0,,,,,L'Aouina,Appartement,vente,,,2528.5714285714284,,0.0,,,,,,,,,,,,,,,,,,,,,,,,,,,,,,,,,,,,,,,,,,,,,,,,,,,,,,,,,,,,,,,,,,,,,,,,,,,
4135,112.0,3.0,,396435.0,1.0,,1.0,1.0,,1.0,,1.0,,,,,Appartement,vente,,,3539.598214285714,37.333333333333336,0.0,,,,,,,,,,,,,,,,,,,,,,,,,,,,,,,,,,,,,,,,,,,,,,,,,,,,,,,,,,,,,,,,,,,,,,,,,,,
4136,76.0,,,260000.0,,,,,,,,,,,,Yasmine,Appartement,vente,,,3421.0526315789475,,0.0,,,,,,,,,,,,,,,,,,,,,,,,,,,,,,,,,,,,,,,,,,,,,,,,,,,,,,,,,,,,,,,,,,,,,,,,,,,
4137,,,,90000.0,,,,,,,,,,,Tunis,Kelibia,Appartement,vente,36.8065,10.1815,,,0.0,,,,,,,,,,,,,,,,,,,,,,,,,,,,,,,,,,,,,,,,,,,,,,,,,,,,,,,,,,,,,,,,,,,,,,,,,,,
4138,65.0,2.0,,360000.0,,,1.0,1.0,,,1.0,,,,Tunis,Carthage,Appartement,vente,36.8065,10.1815,5538.461538461538,32.5,0.0,,,,,,,,,,,,,,,,,,,,,,,,,,,,,,,,,,,,,,,,,,,,,,,,,,,,,,,,,,,,,,,,,,,,,,,,,,,
4139,111.0,2.0,,,1.0,,1.0,1.0,,1.0,,,,,,,Appartement,vente,,,,55.5,0.0,,,,,,,,,,,,,,,,,,,,,,,,,,,,,,,,,,,,,,,,,,,,,,,,,,,,,,,,,,,,,,,,,,,,,,,,,,,
4140,130.0,2.0,0.0,,,,,,,,,,1.0,1.0,Tunis,Hammamet Nord,Appartement,vente,36.8065,10.1815,,65.0,0.0,,,,,,,,,,,,,,,,,,,,,,,,,,,,,,,,,,,,,,,,,,,,,,,,,,,,,,,,,,,,,,,,,,,,,,,,,,,
4141,127.0,3.0,,,,,,,,,,,,,Tunis,Hammamet,Appartement,vente,36.8065,10.1815,,42.333333333333336,0.0,,,,,,,,,,,,,,,,,,,,,,,,,,,,,,,,,,,,,,,,,,,,,,,,,,,,,,,,,,,,,,,,,,,,,,,,,,,
4142,80.0,3.0,3.0,95000.0,,,,,,,,,,,Tunis,Carthage,Appartement,vente,36.8065,10.1815,1187.5,26.666666666666668,0.0,,,,,,,,,,,,,,,,,,,,,,,,,,,,,,,,,,,,,,,,,,,,,,,,,,,,,,,,,,,,,,,,,,,,,,,,,,,
4143,,,,,,,,,,,1.0,,,,,,Appartement,vente,,,,,0.0,,,,,,,,,,,,,,,,,,,,,,,,,,,,,,,,,,,,,,,,,,,,,,,,,,,,,,,,,,,,,,,,,,,,,,,,,,,
4144,,2.0,,,,,,,,,,,,,Nabeul,Hammamet,Appartement,vente,36.4561,10.7376,,,0.0,,,,,,,,,,,,,,,,,,,,,,,,,,,,,,,,,,,,,,,,,,,,,,,,,,,,,,,,,,,,,,,,,,,,,,,,,,,
4145,113.0,3.0,,395000.0,1.0,,1.0,1.0,,,,1.0,,1.0,Tunis,Soukra,Appartement,vente,36.8065,10.1815,3495.575221238938,37.666666666666664,0.0,,,,,,,,,,,,,,,,,,,,,,,,,,,,,,,,,,,,,,,,,,,,,,,,,,,,,,,,,,,,,,,,,,,,,,,,,,,
4146,189.0,5.0,6.0,450000.0,1.0,,1.0,1.0,,1.0,,1.0,,1.0,,L'Aouina,Appartement,vente,,,2380.9523809523807,37.8,6.0,,,,,,,,,,,,,,,,,,,,,,,,,,,,,,,,,,,,,,,,,,,,,,,,,,,,,,,,,,,,,,,,,,,,,,,,,,,
4147,63.0,2.0,0.0,314000.0,1.0,,1.0,1.0,,,1.0,1.0,,,Tunis,La Soukra,Appartement,vente,36.8065,10.1815,4984.126984126984,31.5,0.0,,,,,,,,,,,,,,,,,,,,,,,,,,,,,,,,,,,,,,,,,,,,,,,,,,,,,,,,,,,,,,,,,,,,,,,,,,,
4148,101.0,3.0,0.0,690000.0,1.0,,1.0,1.0,,,1.0,1.0,,,Tunis,La Soukra,Appartement,vente,36.8065,10.1815,6831.683168316832,33.666666666666664,0.0,,,,,,,,,,,,,,,,,,,,,,,,,,,,,,,,,,,,,,,,,,,,,,,,,,,,,,,,,,,,,,,,,,,,,,,,,,,
4149,127.0,4.0,,536000.0,1.0,,1.0,1.0,,,,1.0,,,Tunis,La Soukra,Appartement,vente,36.8065,10.1815,4220.472440944882,31.75,0.0,,,,,,,,,,,,,,,,,,,,,,,,,,,,,,,,,,,,,,,,,,,,,,,,,,,,,,,,,,,,,,,,,,,,,,,,,,,
4150,97.0,3.0,1.0,388400.0,1.0,,1.0,1.0,,,,1.0,,,Tunis,La Soukra,Appartement,vente,36.8065,10.1815,4004.1237113402062,32.333333333333336,1.0,,,,,,,,,,,,,,,,,,,,,,,,,,,,,,,,,,,,,,,,,,,,,,,,,,,,,,,,,,,,,,,,,,,,,,,,,,,
4151,94.0,,,355000.0,,,,,,,,1.0,,,Tunis,La Soukra,Appartement,vente,36.8065,10.1815,3776.595744680851,,0.0,,,,,,,,,,,,,,,,,,,,,,,,,,,,,,,,,,,,,,,,,,,,,,,,,,,,,,,,,,,,,,,,,,,,,,,,,,,
4152,50.0,2.0,1.0,220000.0,1.0,,1.0,1.0,,,,1.0,,,Tunis,La Soukra,Appartement,vente,36.8065,10.1815,4400.0,25.0,1.0,,,,,,,,,,,,,,,,,,,,,,,,,,,,,,,,,,,,,,,,,,,,,,,,,,,,,,,,,,,,,,,,,,,,,,,,,,,
4153,51.0,2.0,,246000.0,1.0,,1.0,1.0,,,,1.0,,1.0,Tunis,La Soukra,Appartement,vente,36.8065,10.1815,4823.529411764706,25.5,0.0,,,,,,,,,,,,,,,,,,,,,,,,,,,,,,,,,,,,,,,,,,,,,,,,,,,,,,,,,,,,,,,,,,,,,,,,,,,
4154,,3.0,,,,1.0,,,,,,,,,,Sahloul,Appartement,vente,,,,,0.0,,,,,,,,,,,,,,,,,,,,,,,,,,,,,,,,,,,,,,,,,,,,,,,,,,,,,,,,,,,,,,,,,,,,,,,,,,,
4155,105.0,3.0,,415000.0,,,,,,1.0,,1.0,,,,Baraket Essahel,Appartement,vente,,,3952.3809523809523,35.0,0.0,,,,,,,,,,,,,,,,,,,,,,,,,,,,,,,,,,,,,,,,,,,,,,,,,,,,,,,,,,,,,,,,,,,,,,,,,,,
4156,102.0,3.0,5.0,260000.0,1.0,,1.0,1.0,,,,1.0,,,,L'Aouina,Appartement,vente,,,2549.0196078431372,34.0,5.0,,,,,,,,,,,,,,,,,,,,,,,,,,,,,,,,,,,,,,,,,,,,,,,,,,,,,,,,,,,,,,,,,,,,,,,,,,,
4157,117.0,3.0,6.0,180000.0,,,,,,,,,,,Tunis,Nkhilette,Appartement,vente,36.8065,10.1815,1538.4615384615386,39.0,0.0,,,,,,,,,,,,,,,,,,,,,,,,,,,,,,,,,,,,,,,,,,,,,,,,,,,,,,,,,,,,,,,,,,,,,,,,,,,
4158,111.0,2.0,,,1.0,,1.0,1.0,,1.0,,,,,,,Appartement,vente,,,,55.5,0.0,,,,,,,,,,,,,,,,,,,,,,,,,,,,,,,,,,,,,,,,,,,,,,,,,,,,,,,,,,,,,,,,,,,,,,,,,,,
4159,223.0,2.0,,236000.0,1.0,,1.0,1.0,,1.0,1.0,1.0,,,,,Appartement,vente,,,1058.2959641255604,111.5,0.0,,,,,,,,,,,,,,,,,,,,,,,,,,,,,,,,,,,,,,,,,,,,,,,,,,,,,,,,,,,,,,,,,,,,,,,,,,,
4160,51.0,2.0,3.0,180000.0,,,,,,,,,,1.0,,Cité El Wafa Mrezga,Appartement,vente,,,3529.4117647058824,25.5,0.0,,,,,,,,,,,,,,,,,,,,,,,,,,,,,,,,,,,,,,,,,,,,,,,,,,,,,,,,,,,,,,,,,,,,,,,,,,,
4161,102.0,,,340000.0,,1.0,,1.0,,,,1.0,1.0,,,Cité El Wafa,Appartement,vente,,,3333.3333333333335,,0.0,,,,,,,,,,,,,,,,,,,,,,,,,,,,,,,,,,,,,,,,,,,,,,,,,,,,,,,,,,,,,,,,,,,,,,,,,,,
4162,60.0,,,135000.0,,,,,,,,,,,Tunis,Hamem Laghzez,Appartement,vente,36.8065,10.1815,2250.0,,0.0,,,,,,,,,,,,,,,,,,,,,,,,,,,,,,,,,,,,,,,,,,,,,,,,,,,,,,,,,,,,,,,,,,,,,,,,,,,
4163,58.0,2.0,,180000.0,1.0,1.0,1.0,1.0,,,,,,,,L'Aouina,Appartement,vente,,,3103.448275862069,29.0,0.0,,,,,,,,,,,,,,,,,,,,,,,,,,,,,,,,,,,,,,,,,,,,,,,,,,,,,,,,,,,,,,,,,,,,,,,,,,,
4164,,4.0,,420000.0,1.0,,,,1.0,,,,,,Tunis,Nabeul,Appartement,vente,36.8065,10.1815,,,0.0,,,,,,,,,,,,,,,,,,,,,,,,,,,,,,,,,,,,,,,,,,,,,,,,,,,,,,,,,,,,,,,,,,,,,,,,,,,
4165,,,4.0,120000.0,1.0,,,,,,,,,,Tunis,Carthage,Appartement,vente,36.8065,10.1815,,,4.0,,,,,,,,,,,,,,,,,,,,,,,,,,,,,,,,,,,,,,,,,,,,,,,,,,,,,,,,,,,,,,,,,,,,,,,,,,,
4166,,2.0,,320000.0,,,,,,,,1.0,,,,,Appartement,vente,,,,,0.0,,,,,,,,,,,,,,,,,,,,,,,,,,,,,,,,,,,,,,,,,,,,,,,,,,,,,,,,,,,,,,,,,,,,,,,,,,,
4167,,1.0,,320000.0,,,,,,,,1.0,,,,,Appartement,vente,,,,,0.0,,,,,,,,,,,,,,,,,,,,,,,,,,,,,,,,,,,,,,,,,,,,,,,,,,,,,,,,,,,,,,,,,,,,,,,,,,,
4168,120.0,3.0,,160000.0,,,,,,,,,,,Tunis,Hammamet,Appartement,vente,36.8065,10.1815,1333.3333333333333,40.0,0.0,,,,,,,,,,,,,,,,,,,,,,,,,,,,,,,,,,,,,,,,,,,,,,,,,,,,,,,,,,,,,,,,,,,,,,,,,,,
4169,,2.0,2.0,180000.0,1.0,,,,,,,,,,Manouba,Manouba,Appartement,vente,36.8095,10.098,,,2.0,,,,,,,,,,,,,,,,,,,,,,,,,,,,,,,,,,,,,,,,,,,,,,,,,,,,,,,,,,,,,,,,,,,,,,,,,,,
4170,120.0,3.0,,,,,,,,,,1.0,1.0,,,,Appartement,vente,,,,40.0,0.0,,,,,,,,,,,,,,,,,,,,,,,,,,,,,,,,,,,,,,,,,,,,,,,,,,,,,,,,,,,,,,,,,,,,,,,,,,,
4171,65.0,2.0,0.0,195000.0,,,1.0,1.0,,,,1.0,,1.0,Tunis,Menzah,Appartement,vente,36.8065,10.1815,3000.0,32.5,0.0,,,,,,,,,,,,,,,,,,,,,,,,,,,,,,,,,,,,,,,,,,,,,,,,,,,,,,,,,,,,,,,,,,,,,,,,,,,
4172,200.0,,,250000.0,,,,,,,,,,,,Gammarth,Appartement,vente,,,1250.0,,0.0,,,,,,,,,,,,,,,,,,,,,,,,,,,,,,,,,,,,,,,,,,,,,,,,,,,,,,,,,,,,,,,,,,,,,,,,,,,
4173,147.0,,,595000.0,,1.0,1.0,1.0,,,1.0,1.0,,,Tunis,Carthage,Appartement,vente,36.8065,10.1815,4047.6190476190477,,0.0,,,,,,,,,,,,,,,,,,,,,,,,,,,,,,,,,,,,,,,,,,,,,,,,,,,,,,,,,,,,,,,,,,,,,,,,,,,
4174,140.0,2.0,,420000.0,1.0,,1.0,1.0,,1.0,,,1.0,,Tunis,Chott Mariem,Appartement,vente,36.8065,10.1815,3000.0,70.0,0.0,,,,,,,,,,,,,,,,,,,,,,,,,,,,,,,,,,,,,,,,,,,,,,,,,,,,,,,,,,,,,,,,,,,,,,,,,,,
4175,100.0,,3.0,230000.0,,,1.0,,,,,1.0,,1.0,,Sahloul,Appartement,vente,,,2300.0,,0.0,,,,,,,,,,,,,,,,,,,,,,,,,,,,,,,,,,,,,,,,,,,,,,,,,,,,,,,,,,,,,,,,,,,,,,,,,,,
4176,109.0,,,473800.0,,,,,,,,,,,Sousse,Sousse,Appartement,vente,35.8245,10.6346,4346.788990825688,,0.0,,,,,,,,,,,,,,,,,,,,,,,,,,,,,,,,,,,,,,,,,,,,,,,,,,,,,,,,,,,,,,,,,,,,,,,,,,,
4177,,,,120000.0,,,,,,,,,,,Tunis,Kelibia,Appartement,vente,36.8065,10.1815,,,0.0,,,,,,,,,,,,,,,,,,,,,,,,,,,,,,,,,,,,,,,,,,,,,,,,,,,,,,,,,,,,,,,,,,,,,,,,,,,
4178,112.0,,,280000.0,,,1.0,1.0,,,,1.0,,1.0,Manouba,Manouba,Appartement,vente,36.8095,10.098,2500.0,,0.0,,,,,,,,,,,,,,,,,,,,,,,,,,,,,,,,,,,,,,,,,,,,,,,,,,,,,,,,,,,,,,,,,,,,,,,,,,,
4179,,2.0,,595000.0,,,,,,,,1.0,,,,,Appartement,vente,,,,,0.0,,,,,,,,,,,,,,,,,,,,,,,,,,,,,,,,,,,,,,,,,,,,,,,,,,,,,,,,,,,,,,,,,,,,,,,,,,,
4180,,2.0,,350000.0,,,,,,,,,,,Tunis,Soukra,Appartement,vente,36.8065,10.1815,,,0.0,,,,,,,,,,,,,,,,,,,,,,,,,,,,,,,,,,,,,,,,,,,,,,,,,,,,,,,,,,,,,,,,,,,,,,,,,,,
4181,100.0,,,365000.0,,,1.0,,,,1.0,1.0,,,,Yasmine,Appartement,vente,,,3650.0,,0.0,,,,,,,,,,,,,,,,,,,,,,,,,,,,,,,,,,,,,,,,,,,,,,,,,,,,,,,,,,,,,,,,,,,,,,,,,,,
4182,,3.0,0.0,,,,1.0,,,,1.0,1.0,,1.0,Tunis,Ain Zaghouan,Appartement,vente,36.8065,10.1815,,,0.0,,,,,,,,,,,,,,,,,,,,,,,,,,,,,,,,,,,,,,,,,,,,,,,,,,,,,,,,,,,,,,,,,,,,,,,,,,,
4183,,3.0,,,,,,,,,,1.0,,,,,Appartement,vente,,,,,0.0,,,,,,,,,,,,,,,,,,,,,,,,,,,,,,,,,,,,,,,,,,,,,,,,,,,,,,,,,,,,,,,,,,,,,,,,,,,
4184,80.0,,1.0,260000.0,,,,,,,,,,,,Yasmine,Appartement,vente,,,3250.0,,0.0,,,,,,,,,,,,,,,,,,,,,,,,,,,,,,,,,,,,,,,,,,,,,,,,,,,,,,,,,,,,,,,,,,,,,,,,,,,
4185,148.0,2.0,,260000.0,1.0,1.0,,,,,,,,,Tunis,Carthage,Appartement,vente,36.8065,10.1815,1756.7567567567567,74.0,0.0,,,,,,,,,,,,,,,,,,,,,,,,,,,,,,,,,,,,,,,,,,,,,,,,,,,,,,,,,,,,,,,,,,,,,,,,,,,
4186,97.0,3.0,1.0,160000.0,,1.0,1.0,,,,,1.0,,,Tunis,Essaha,Appartement,vente,36.8065,10.1815,1649.4845360824743,32.333333333333336,0.0,,,,,,,,,,,,,,,,,,,,,,,,,,,,,,,,,,,,,,,,,,,,,,,,,,,,,,,,,,,,,,,,,,,,,,,,,,,
4187,200.0,,0.0,320000.0,,,,,,,,,,,Tunis,Hammamet Nord,Appartement,vente,36.8065,10.1815,1600.0,,0.0,,,,,,,,,,,,,,,,,,,,,,,,,,,,,,,,,,,,,,,,,,,,,,,,,,,,,,,,,,,,,,,,,,,,,,,,,,,
4188,,2.0,0.0,130000.0,,,,,,,,,,,Tunis,Khzema,Appartement,vente,36.8065,10.1815,,,0.0,,,,,,,,,,,,,,,,,,,,,,,,,,,,,,,,,,,,,,,,,,,,,,,,,,,,,,,,,,,,,,,,,,,,,,,,,,,
4189,117.0,3.0,6.0,180000.0,,,,,,,,,,,Tunis,Nkhilette,Appartement,vente,36.8065,10.1815,1538.4615384615386,39.0,0.0,,,,,,,,,,,,,,,,,,,,,,,,,,,,,,,,,,,,,,,,,,,,,,,,,,,,,,,,,,,,,,,,,,,,,,,,,,,
4190,160.0,5.0,2.0,540000.0,1.0,1.0,1.0,1.0,,,,1.0,,,Ariana,Ennasr,Appartement,vente,36.8625,10.1956,3375.0,32.0,2.0,,,,,,,,,,,,,,,,,,,,,,,,,,,,,,,,,,,,,,,,,,,,,,,,,,,,,,,,,,,,,,,,,,,,,,,,,,,
4191,,3.0,2.0,150000.0,,,,,,,,,,,,,Appartement,vente,,,,,0.0,,,,,,,,,,,,,,,,,,,,,,,,,,,,,,,,,,,,,,,,,,,,0.1439728,0.006267563,0.088157676,-0.018037694,0.019950302,-0.13513525,0.04947799,-0.023565723,-0.012404374,0.1412716,-0.017503414,-0.07859765,0.03128307,-0.062973775,-0.01980458,0.021792293,-0.12990075,0.012521269,0.018445797,-0.010127189,0.062928855,0.028751688,0.02170094,-0.100712314,0.04696309,-0.0075195115,0.015752947,0.002228459,-0.07316438,-0.004420971,0.0031070104,-0.018960116
4192,130.0,4.0,,195000.0,,,,,,,,,,,Nabeul,Kelibia,Appartement,vente,36.4561,10.7376,1500.0,32.5,0.0,,,,,,,,,,,,,,,,,,,,,,,,,,,,,,,,,,,,,,,,,,,,,,,,,,,,,,,,,,,,,,,,,,,,,,,,,,,
4193,57.0,2.0,,200000.0,,,,,,,1.0,,1.0,1.0,Tunis,Soukra,Appartement,vente,36.8065,10.1815,3508.7719298245615,28.5,0.0,,,,,,,,,,,,,,,,,,,,,,,,,,,,,,,,,,,,,,,,,,,,,,,,,,,,,,,,,,,,,,,,,,,,,,,,,,,
4194,80.0,3.0,,130000.0,,,,,,,,,,,Tunis,Ezzahra,Appartement,vente,36.8065,10.1815,1625.0,26.666666666666668,0.0,,,,,,,,,,,,,,,,,,,,,,,,,,,,,,,,,,,,,,,,,,,,,,,,,,,,,,,,,,,,,,,,,,,,,,,,,,,
4195,113.0,3.0,7.0,352100.0,1.0,,1.0,1.0,,,1.0,1.0,,,Tunis,Laouina,Appartement,vente,36.8065,10.1815,3115.929203539823,37.666666666666664,7.0,,,,,,,,,,,,,,,,,,,,,,,,,,,,,,,,,,,,,,,,,,,,,,,,,,,,,,,,,,,,,,,,,,,,,,,,,,,
4196,170.0,2.0,0.0,320000.0,,,,,,,,,,,Tunis,Boumhal Ben Arous,Appartement,vente,36.8065,10.1815,1882.3529411764705,85.0,0.0,,,,,,,,,,,,,,,,,,,,,,,,,,,,,,,,,,,,,,,,,,,,,,,,,,,,,,,,,,,,,,,,,,,,,,,,,,,
4197,,,3.0,400117.0,,,,,,,,,,,,Yasmine,Appartement,vente,,,,,0.0,,,,,,,,,,,,,,,,,,,,,,,,,,,,,,,,,,,,,,,,,,,,,,,,,,,,,,,,,,,,,,,,,,,,,,,,,,,
4198,84.0,,1.0,220000.0,1.0,,,,,,,,,,Tunis,Kantaoui,Appartement,vente,36.8065,10.1815,2619.0476190476193,,1.0,,,,,,,,,,,,,,,,,,,,,,,,,,,,,,,,,,,,,,,,,,,,0.17440076,0.07100662,0.045810934,-0.10114162,0.12912951,-0.15770273,0.16539283,0.032793127,-0.104337364,-0.014039417,0.042473946,-0.013491067,0.16554224,-0.057376202,-0.039655067,0.0010733095,-0.044799834,0.019529099,0.028390817,-0.022090528,-0.0602839,0.103248514,-0.014798265,-0.06029012,-0.0019164078,-0.033591222,-0.058748342,0.03343605,-0.053029902,0.02774183,0.0058857827,0.046837416
4199,202.0,2.0,0.0,175000.0,,,,,,,1.0,1.0,,1.0,,,Appartement,vente,,,866.3366336633663,101.0,0.0,,,,,,,,,,,,,,,,,,,,,,,,,,,,,,,,,,,,,,,,,,,,,,,,,,,,,,,,,,,,,,,,,,,,,,,,,,,
4200,,3.0,1.0,,1.0,1.0,1.0,,,,,1.0,,,Tunis,Carthage,Appartement,vente,36.8065,10.1815,,,1.0,,,,,,,,,,,,,,,,,,,,,,,,,,,,,,,,,,,,,,,,,,,,0.0070700306,-0.096319094,0.048069213,-0.0934144,0.03162699,-0.110373534,0.019361869,-0.085804656,0.07890533,0.23877046,-0.048345916,-0.107608944,-0.14609984,0.051286094,0.03866466,0.0073006675,-0.01400342,0.017244685,0.055014145,-0.0049128165,0.042523343,0.0065901224,0.01946877,-0.04676125,-0.015204568,-0.020682886,-0.004816978,0.020545878,-0.07179206,0.0063866153,-0.026243394,0.015076024
4201,147.0,4.0,,407000.0,,,,,,,,,,,,,Appartement,vente,,,2768.707482993197,36.75,0.0,,,,,,,,,,,,,,,,,,,,,,,,,,,,,,,,,,,,,,,,,,,,,,,,,,,,,,,,,,,,,,,,,,,,,,,,,,,
4202,136.0,4.0,1.0,396000.0,1.0,,,,,,,1.0,,,,,Appartement,vente,,,2911.764705882353,34.0,1.0,,,,,,,,,,,,,,,,,,,,,,,,,,,,,,,,,,,,,,,,,,,,,,,,,,,,,,,,,,,,,,,,,,,,,,,,,,,
4203,127.0,4.0,,369170.0,,,,,,,,,,,,,Appartement,vente,,,2906.850393700787,31.75,0.0,,,,,,,,,,,,,,,,,,,,,,,,,,,,,,,,,,,,,,,,,,,,,,,,,,,,,,,,,,,,,,,,,,,,,,,,,,,
4204,141.0,3.0,0.0,407700.0,,,1.0,,,,,1.0,,,,,Appartement,vente,,,2891.4893617021276,47.0,0.0,,,,,,,,,,,,,,,,,,,,,,,,,,,,,,,,,,,,,,,,,,,,,,,,,,,,,,,,,,,,,,,,,,,,,,,,,,,
4205,,4.0,1.0,255000.0,,,1.0,1.0,,,,,,,Tunis,Dar Fadhal,Appartement,vente,36.8065,10.1815,,,0.0,,,,,,,,,,,,,,,,,,,,,,,,,,,,,,,,,,,,,,,,,,,,,,,,,,,,,,,,,,,,,,,,,,,,,,,,,,,
4206,202.0,2.0,0.0,175000.0,,,,,,,1.0,1.0,,1.0,,,Appartement,vente,,,866.3366336633663,101.0,0.0,,,,,,,,,,,,,,,,,,,,,,,,,,,,,,,,,,,,,,,,,,,,,,,,,,,,,,,,,,,,,,,,,,,,,,,,,,,
4207,100.0,,,320000.0,,,,,,,,,,,Tunis,Nabeul,Appartement,vente,36.8065,10.1815,3200.0,,0.0,,,,,,,,,,,,,,,,,,,,,,,,,,,,,,,,,,,,,,,,,,,,,,,,,,,,,,,,,,,,,,,,,,,,,,,,,,,
4208,74.0,2.0,,,,,,,,,,1.0,,,Tunis,Hammamet,Appartement,vente,36.8065,10.1815,,37.0,0.0,,,,,,,,,,,,,,,,,,,,,,,,,,,,,,,,,,,,,,,,,,,,,,,,,,,,,,,,,,,,,,,,,,,,,,,,,,,
4209,132.0,3.0,3.0,400000.0,1.0,,,,,,,1.0,,,Tunis,Carthage,Appartement,vente,36.8065,10.1815,3030.3030303030305,44.0,3.0,,,,,,,,,,,,,,,,,,,,,,,,,,,,,,,,,,,,,,,,,,,,,,,,,,,,,,,,,,,,,,,,,,,,,,,,,,,
4210,118.0,3.0,,420000.0,,,1.0,1.0,,,,1.0,,1.0,Tunis,Soukra,Appartement,vente,36.8065,10.1815,3559.322033898305,39.333333333333336,0.0,,,,,,,,,,,,,,,,,,,,,,,,,,,,,,,,,,,,,,,,,,,,,,,,,,,,,,,,,,,,,,,,,,,,,,,,,,,
4211,70.0,3.0,0.0,170000.0,,,,,,,,,,,Tunis,Kelibia,Appartement,vente,36.8065,10.1815,2428.5714285714284,23.333333333333332,0.0,,,,,,,,,,,,,,,,,,,,,,,,,,,,,,,,,,,,,,,,,,,,,,,,,,,,,,,,,,,,,,,,,,,,,,,,,,,
4212,72.0,2.0,,,,,,,,1.0,,,,,Tunis,Laouina,Appartement,vente,36.8065,10.1815,,36.0,0.0,,,,,,,,,,,,,,,,,,,,,,,,,,,,,,,,,,,,,,,,,,,,,,,,,,,,,,,,,,,,,,,,,,,,,,,,,,,
4213,,,,200000.0,,,,,,,,,,,Tunis,Hamem Laghzez,Appartement,vente,36.8065,10.1815,,,0.0,,,,,,,,,,,,,,,,,,,,,,,,,,,,,,,,,,,,,,,,,,,,,,,,,,,,,,,,,,,,,,,,,,,,,,,,,,,
4214,75.0,3.0,,185000.0,,,,,,,,,,,Tunis,Hamem Laghzez,Appartement,vente,36.8065,10.1815,2466.6666666666665,25.0,0.0,,,,,,,,,,,,,,,,,,,,,,,,,,,,,,,,,,,,,,,,,,,,,,,,,,,,,,,,,,,,,,,,,,,,,,,,,,,
4215,150.0,5.0,,380000.0,,,,,,,,,,,Tunis,Ben Zert,Appartement,vente,36.8065,10.1815,2533.3333333333335,30.0,0.0,,,,,,,,,,,,,,,,,,,,,,,,,,,,,,,,,,,,,,,,,,,,,,,,,,,,,,,,,,,,,,,,,,,,,,,,,,,
4216,134.0,4.0,0.0,389354.0,,,,,,,,,,,,,Appartement,vente,,,2905.626865671642,33.5,0.0,,,,,,,,,,,,,,,,,,,,,,,,,,,,,,,,,,,,,,,,,,,,,,,,,,,,,,,,,,,,,,,,,,,,,,,,,,,
4217,129.0,3.0,,,,,,,,,,,,,,,Appartement,vente,,,,43.0,0.0,,,,,,,,,,,,,,,,,,,,,,,,,,,,,,,,,,,,,,,,,,,,,,,,,,,,,,,,,,,,,,,,,,,,,,,,,,,
4218,142.0,4.0,,407000.0,,,,,,,,,,,,,Appartement,vente,,,2866.1971830985917,35.5,0.0,,,,,,,,,,,,,,,,,,,,,,,,,,,,,,,,,,,,,,,,,,,,,,,,,,,,,,,,,,,,,,,,,,,,,,,,,,,
4219,100.0,,,120000.0,,,,,1.0,,,,,,Tunis,Kélibia,Appartement,vente,36.8065,10.1815,1200.0,,0.0,,,,,,,,,,,,,,,,,,,,,,,,,,,,,,,,,,,,,,,,,,,,,,,,,,,,,,,,,,,,,,,,,,,,,,,,,,,
4220,,3.0,,,1.0,,,,,,,1.0,,,Tunis,Kantaoui,Appartement,vente,36.8065,10.1815,,,0.0,,,,,,,,,,,,,,,,,,,,,,,,,,,,,,,,,,,,,,,,,,,,,,,,,,,,,,,,,,,,,,,,,,,,,,,,,,,
4221,78.0,2.0,,110000.0,,,,,,,,,1.0,,Tunis,Hammamet Nord,Appartement,vente,36.8065,10.1815,1410.2564102564102,39.0,0.0,,,,,,,,,,,,,,,,,,,,,,,,,,,,,,,,,,,,,,,,,,,,,,,,,,,,,,,,,,,,,,,,,,,,,,,,,,,
4222,150.0,4.0,,450000.0,1.0,,,,,,,1.0,,,Tunis,Carthage,Appartement,vente,36.8065,10.1815,3000.0,37.5,0.0,,,,,,,,,,,,,,,,,,,,,,,,,,,,,,,,,,,,,,,,,,,,,,,,,,,,,,,,,,,,,,,,,,,,,,,,,,,
4223,82.0,3.0,,80000.0,,,,,,,,,,,Tunis,Carthage,Appartement,vente,36.8065,10.1815,975.609756097561,27.333333333333332,0.0,,,,,,,,,,,,,,,,,,,,,,,,,,,,,,,,,,,,,,,,,,,,,,,,,,,,,,,,,,,,,,,,,,,,,,,,,,,
4224,,2.0,,239400.0,1.0,,,,,,,1.0,1.0,,,Cité El Wafa,Appartement,vente,,,,,0.0,,,,,,,,,,,,,,,,,,,,,,,,,,,,,,,,,,,,,,,,,,,,,,,,,,,,,,,,,,,,,,,,,,,,,,,,,,,
4225,115.0,,,,,,,,,,,1.0,,,,L'Aouina,Appartement,vente,,,,,0.0,,,,,,,,,,,,,,,,,,,,,,,,,,,,,,,,,,,,,,,,,,,,,,,,,,,,,,,,,,,,,,,,,,,,,,,,,,,
4226,64.0,,3.0,,,,1.0,1.0,,,,1.0,,,Tunis,Soukra,Appartement,vente,36.8065,10.1815,,,0.0,,,,,,,,,,,,,,,,,,,,,,,,,,,,,,,,,,,,,,,,,,,,,,,,,,,,,,,,,,,,,,,,,,,,,,,,,,,
4227,78.0,3.0,2.0,255000.0,1.0,,,,,,,1.0,,,Tunis,Kantaoui,Appartement,vente,36.8065,10.1815,3269.230769230769,26.0,2.0,,,,,,,,,,,,,,,,,,,,,,,,,,,,,,,,,,,,,,,,,,,,,,,,,,,,,,,,,,,,,,,,,,,,,,,,,,,
4228,,2.0,,198000.0,,,,,,,1.0,1.0,,,Tunis,Soukra,Appartement,vente,36.8065,10.1815,,,0.0,,,,,,,,,,,,,,,,,,,,,,,,,,,,,,,,,,,,,,,,,,,,,,,,,,,,,,,,,,,,,,,,,,,,,,,,,,,
4229,162.0,4.0,,480000.0,,,,,,,1.0,1.0,,,Tunis,El Manzah,Appartement,vente,36.8065,10.1815,2962.962962962963,40.5,0.0,,,,,,,,,,,,,,,,,,,,,,,,,,,,,,,,,,,,,,,,,,,,0.009765317,0.07210725,-0.045601014,-0.092658706,0.09204136,-0.037435506,-0.07143388,0.06665869,-0.017618177,-0.032472484,0.00030483812,-0.0067654843,-0.028415585,0.08113586,0.056529265,0.019118244,0.11841906,0.014685876,0.07539437,0.08714257,0.011416664,-0.08593122,0.059657328,-0.0031221418,0.112864606,0.089501284,0.005216244,0.077953875,-0.053219814,0.008654712,-0.060377896,-0.05619088
4230,85.0,,,190000.0,,,,,,,,,,,Tunis,Hamem Laghzez,Appartement,vente,36.8065,10.1815,2235.294117647059,,0.0,,,,,,,,,,,,,,,,,,,,,,,,,,,,,,,,,,,,,,,,,,,,,,,,,,,,,,,,,,,,,,,,,,,,,,,,,,,
4231,,3.0,,,,,,,,,,,,,Tunis,Carthage,Appartement,vente,36.8065,10.1815,,,0.0,,,,,,,,,,,,,,,,,,,,,,,,,,,,,,,,,,,,,,,,,,,,,,,,,,,,,,,,,,,,,,,,,,,,,,,,,,,
4232,140.0,,1.0,220000.0,,,,,,,,,,,,,Appartement,vente,,,1571.4285714285713,,0.0,,,,,,,,,,,,,,,,,,,,,,,,,,,,,,,,,,,,,,,,,,,,,,,,,,,,,,,,,,,,,,,,,,,,,,,,,,,
4233,100.0,,0.0,320000.0,,,,,,,,,,,,,Appartement,vente,,,3200.0,,0.0,,,,,,,,,,,,,,,,,,,,,,,,,,,,,,,,,,,,,,,,,,,,,,,,,,,,,,,,,,,,,,,,,,,,,,,,,,,
4234,160.0,4.0,2.0,490000.0,,1.0,1.0,1.0,,,,,,,Nabeul,Hammamet,Appartement,vente,36.4561,10.7376,3062.5,40.0,0.0,,,,,,,,,,,,,,,,,,,,,,,,,,,,,,,,,,,,,,,,,,,,,,,,,,,,,,,,,,,,,,,,,,,,,,,,,,,
4235,120.0,3.0,4.0,490000.0,,1.0,1.0,1.0,,,1.0,1.0,,,Tunis,Carthage,Appartement,vente,36.8065,10.1815,4083.3333333333335,40.0,0.0,,,,,,,,,,,,,,,,,,,,,,,,,,,,,,,,,,,,,,,,,,,,,,,,,,,,,,,,,,,,,,,,,,,,,,,,,,,
4236,,2.0,,270000.0,,,1.0,1.0,,,,1.0,,,,,Appartement,vente,,,,,0.0,,,,,,,,,,,,,,,,,,,,,,,,,,,,,,,,,,,,,,,,,,,,,,,,,,,,,,,,,,,,,,,,,,,,,,,,,,,
4237,,5.0,1.0,420000.0,,,,,,,,,,1.0,Tunis,Menzah,Appartement,vente,36.8065,10.1815,,,0.0,,,,,,,,,,,,,,,,,,,,,,,,,,,,,,,,,,,,,,,,,,,,,,,,,,,,,,,,,,,,,,,,,,,,,,,,,,,
4238,95.0,3.0,,360000.0,,,,,,,,,,,Tunis,Hammamet,Appartement,vente,36.8065,10.1815,3789.4736842105262,31.666666666666668,0.0,,,,,,,,,,,,,,,,,,,,,,,,,,,,,,,,,,,,,,,,,,,,,,,,,,,,,,,,,,,,,,,,,,,,,,,,,,,
4239,85.0,2.0,,170000.0,,,,,,,,,,,,,Appartement,vente,,,2000.0,42.5,0.0,,,,,,,,,,,,,,,,,,,,,,,,,,,,,,,,,,,,,,,,,,,,,,,,,,,,,,,,,,,,,,,,,,,,,,,,,,,
4240,,4.0,0.0,675000.0,,1.0,,1.0,,,1.0,1.0,,,Tunis,Carthage,Appartement,vente,36.8065,10.1815,,,0.0,,,,,,,,,,,,,,,,,,,,,,,,,,,,,,,,,,,,,,,,,,,,,,,,,,,,,,,,,,,,,,,,,,,,,,,,,,,
4241,,3.0,,360000.0,,,,,,,,,,,,Cité El Wafa Mrezga,Appartement,vente,,,,,0.0,,,,,,,,,,,,,,,,,,,,,,,,,,,,,,,,,,,,,,,,,,,,,,,,,,,,,,,,,,,,,,,,,,,,,,,,,,,
4242,123.0,3.0,,480000.0,,,,,,,,1.0,1.0,1.0,,,Appartement,vente,,,3902.439024390244,41.0,0.0,,,,,,,,,,,,,,,,,,,,,,,,,,,,,,,,,,,,,,,,,,,,,,,,,,,,,,,,,,,,,,,,,,,,,,,,,,,
4243,80.0,2.0,,336000.0,,1.0,1.0,1.0,,,,1.0,1.0,,,Cité El Wafa Mrezga,Appartement,vente,,,4200.0,40.0,0.0,,,,,,,,,,,,,,,,,,,,,,,,,,,,,,,,,,,,,,,,,,,,,,,,,,,,,,,,,,,,,,,,,,,,,,,,,,,
4244,83.0,4.0,1.0,90000.0,,,,,,,1.0,,,,Sfax,Carthage,Appartement,vente,34.74,10.76,1084.3373493975903,20.75,0.0,,,,,,,,,,,,,,,,,,,,,,,,,,,,,,,,,,,,,,,,,,,,,,,,,,,,,,,,,,,,,,,,,,,,,,,,,,,
4245,,3.0,,305000.0,1.0,1.0,1.0,1.0,,,,,,1.0,Tunis,Soukra,Appartement,vente,36.8065,10.1815,,,0.0,,,,,,,,,,,,,,,,,,,,,,,,,,,,,,,,,,,,,,,,,,,,,,,,,,,,,,,,,,,,,,,,,,,,,,,,,,,
4246,118.0,,,284000.0,,,,,,,,,,,Tunis,Carthage,Appartement,vente,36.8065,10.1815,2406.7796610169494,,0.0,,,,,,,,,,,,,,,,,,,,,,,,,,,,,,,,,,,,,,,,,,,,,,,,,,,,,,,,,,,,,,,,,,,,,,,,,,,
4247,102.0,4.0,1.0,,,,,,,,,,,,Tunis,Hammamet,Appartement,vente,36.8065,10.1815,,25.5,0.0,,,,,,,,,,,,,,,,,,,,,,,,,,,,,,,,,,,,,,,,,,,,,,,,,,,,,,,,,,,,,,,,,,,,,,,,,,,
4248,75.0,3.0,,360000.0,,1.0,,,,,,1.0,1.0,,,Yasmine,Appartement,vente,,,4800.0,25.0,0.0,,,,,,,,,,,,,,,,,,,,,,,,,,,,,,,,,,,,,,,,,,,,,,,,,,,,,,,,,,,,,,,,,,,,,,,,,,,
4249,99.0,3.0,,396000.0,,1.0,1.0,1.0,,1.0,,1.0,,,Tunis,La Soukra,Appartement,vente,36.8065,10.1815,4000.0,33.0,0.0,,,,,,,,,,,,,,,,,,,,,,,,,,,,,,,,,,,,,,,,,,,,,,,,,,,,,,,,,,,,,,,,,,,,,,,,,,,
4250,,2.0,,,,,,,,,,,,,,Yasmine,Appartement,vente,,,,,0.0,,,,,,,,,,,,,,,,,,,,,,,,,,,,,,,,,,,,,,,,,,,,,,,,,,,,,,,,,,,,,,,,,,,,,,,,,,,
4251,130.0,4.0,2.0,340000.0,,1.0,,,,,1.0,,,,Tunis,La Soukra,Appartement,vente,36.8065,10.1815,2615.3846153846152,32.5,0.0,,,,,,,,,,,,,,,,,,,,,,,,,,,,,,,,,,,,,,,,,,,,,,,,,,,,,,,,,,,,,,,,,,,,,,,,,,,
4252,160.0,4.0,1.0,,,,,,,,,,,,,,Appartement,vente,,,,40.0,0.0,,,,,,,,,,,,,,,,,,,,,,,,,,,,,,,,,,,,,,,,,,,,,,,,,,,,,,,,,,,,,,,,,,,,,,,,,,,
4253,96.0,2.0,,220000.0,,,,,,,,,,,Tunis,Soukra,Appartement,vente,36.8065,10.1815,2291.6666666666665,48.0,0.0,,,,,,,,,,,,,,,,,,,,,,,,,,,,,,,,,,,,,,,,,,,,,,,,,,,,,,,,,,,,,,,,,,,,,,,,,,,
4254,76.0,2.0,0.0,,1.0,,1.0,1.0,,,1.0,1.0,,,Tunis,Carthage,Appartement,vente,36.8065,10.1815,,38.0,0.0,,,,,,,,,,,,,,,,,,,,,,,,,,,,,,,,,,,,,,,,,,,,,,,,,,,,,,,,,,,,,,,,,,,,,,,,,,,
4255,148.0,,0.0,260000.0,1.0,,,,,,,1.0,,,Bizerte,Sahel,Appartement,vente,37.2744,9.8739,1756.7567567567567,,0.0,,,,,,,,,,,,,,,,,,,,,,,,,,,,,,,,,,,,,,,,,,,,,,,,,,,,,,,,,,,,,,,,,,,,,,,,,,,
4256,120.0,2.0,,236000.0,1.0,1.0,1.0,1.0,,,,1.0,,,Tunis,Chott Mariem,Appartement,vente,36.8065,10.1815,1966.6666666666667,60.0,0.0,,,,,,,,,,,,,,,,,,,,,,,,,,,,,,,,,,,,,,,,,,,,,,,,,,,,,,,,,,,,,,,,,,,,,,,,,,,
4257,,2.0,,255000.0,,,,,,,,,,,,Hiboun,Appartement,vente,,,,,0.0,,,,,,,,,,,,,,,,,,,,,,,,,,,,,,,,,,,,,,,,,,,,,,,,,,,,,,,,,,,,,,,,,,,,,,,,,,,
4258,85.0,3.0,,190000.0,,,,,,,,,,,Tunis,Kelibia,Appartement,vente,36.8065,10.1815,2235.294117647059,28.333333333333332,0.0,,,,,,,,,,,,,,,,,,,,,,,,,,,,,,,,,,,,,,,,,,,,,,,,,,,,,,,,,,,,,,,,,,,,,,,,,,,
4259,100.0,,0.0,320000.0,,,,,,,,,,,,,Appartement,vente,,,3200.0,,0.0,,,,,,,,,,,,,,,,,,,,,,,,,,,,,,,,,,,,,,,,,,,,,,,,,,,,,,,,,,,,,,,,,,,,,,,,,,,
4260,80.0,,,160000.0,,,1.0,1.0,,,,,,,Tunis,Nabeul,Appartement,vente,36.8065,10.1815,2000.0,,0.0,,,,,,,,,,,,,,,,,,,,,,,,,,,,,,,,,,,,,,,,,,,,,,,,,,,,,,,,,,,,,,,,,,,,,,,,,,,
4261,,3.0,,140000.0,,,,,,,,,,,Sfax,Tunis,Appartement,vente,34.74,10.76,,,0.0,,,,,,,,,,,,,,,,,,,,,,,,,,,,,,,,,,,,,,,,,,,,,,,,,,,,,,,,,,,,,,,,,,,,,,,,,,,
4262,,3.0,,200000.0,,,,,,,,,,,Tunis,Kelibia,Appartement,vente,36.8065,10.1815,,,0.0,,,,,,,,,,,,,,,,,,,,,,,,,,,,,,,,,,,,,,,,,,,,,,,,,,,,,,,,,,,,,,,,,,,,,,,,,,,
4263,142.0,,,450000.0,,,1.0,1.0,,,,,,1.0,Tunis,Chott Mariem,Appartement,vente,36.8065,10.1815,3169.0140845070423,,0.0,,,,,,,,,,,,,,,,,,,,,,,,,,,,,,,,,,,,,,,,,,,,,,,,,,,,,,,,,,,,,,,,,,,,,,,,,,,
4264,125.0,,3.0,680000.0,,,1.0,1.0,,,1.0,1.0,,1.0,Tunis,Carthage,Appartement,vente,36.8065,10.1815,5440.0,,0.0,,,,,,,,,,,,,,,,,,,,,,,,,,,,,,,,,,,,,,,,,,,,,,,,,,,,,,,,,,,,,,,,,,,,,,,,,,,
4265,54.0,2.0,0.0,210000.0,1.0,1.0,1.0,1.0,,,,,1.0,,,Cité El Wafa Mrezga,Appartement,vente,,,3888.8888888888887,27.0,0.0,,,,,,,,,,,,,,,,,,,,,,,,,,,,,,,,,,,,,,,,,,,,,,,,,,,,,,,,,,,,,,,,,,,,,,,,,,,
4266,125.0,,,250000.0,,1.0,1.0,1.0,,1.0,,1.0,,,Tunis,Carthage,Appartement,vente,36.8065,10.1815,2000.0,,0.0,,,,,,,,,,,,,,,,,,,,,,,,,,,,,,,,,,,,,,,,,,,,,,,,,,,,,,,,,,,,,,,,,,,,,,,,,,,
4267,160.0,4.0,1.0,,,,,,,,,,,1.0,,,Appartement,vente,,,,40.0,0.0,,,,,,,,,,,,,,,,,,,,,,,,,,,,,,,,,,,,,,,,,,,,,,,,,,,,,,,,,,,,,,,,,,,,,,,,,,,
4268,,3.0,,350000.0,,,,,,,,,,,,Cité El Wafa Mrezga,Appartement,vente,,,,,0.0,,,,,,,,,,,,,,,,,,,,,,,,,,,,,,,,,,,,,,,,,,,,0.45342115,0.08174988,0.006017946,0.13198619,-0.03409091,-0.07838104,-0.04734241,0.10975134,-0.071830235,0.020452473,-0.03871727,0.06304771,-0.08541247,0.09967209,-0.03502869,-0.053427342,-0.011732523,0.016490689,-0.003731906,-0.006948872,-0.052171096,-0.0626847,-0.012909674,-0.0033557662,-0.03394499,0.02276386,0.01728549,-0.027080609,-0.027341884,0.01058057,-0.054744855,0.024978869
4269,95.0,2.0,0.0,,,,,,,,,,1.0,,Tunis,Hammamet Nord,Appartement,vente,36.8065,10.1815,,47.5,0.0,,,,,,,,,,,,,,,,,,,,,,,,,,,,,,,,,,,,,,,,,,,,,,,,,,,,,,,,,,,,,,,,,,,,,,,,,,,
4270,55.0,2.0,,190000.0,,,,,,,,,,,Tunis,Kelibia,Appartement,vente,36.8065,10.1815,3454.5454545454545,27.5,0.0,,,,,,,,,,,,,,,,,,,,,,,,,,,,,,,,,,,,,,,,,,,,,,,,,,,,,,,,,,,,,,,,,,,,,,,,,,,
4271,,,,451000.0,,,,,,,,1.0,,,Tunis,Carthage,Appartement,vente,36.8065,10.1815,,,0.0,,,,,,,,,,,,,,,,,,,,,,,,,,,,,,,,,,,,,,,,,,,,,,,,,,,,,,,,,,,,,,,,,,,,,,,,,,,
4272,67.0,,,335000.0,,,,,,,,,,,Tunis,Carthage,Appartement,vente,36.8065,10.1815,5000.0,,0.0,,,,,,,,,,,,,,,,,,,,,,,,,,,,,,,,,,,,,,,,,,,,,,,,,,,,,,,,,,,,,,,,,,,,,,,,,,,
4273,71.0,,,237000.0,1.0,1.0,1.0,1.0,,,,,1.0,,Tunis,Mahdia,Appartement,vente,36.8065,10.1815,3338.0281690140846,,0.0,,,,,,,,,,,,,,,,,,,,,,,,,,,,,,,,,,,,,,,,,,,,,,,,,,,,,,,,,,,,,,,,,,,,,,,,,,,
4274,120.0,,,240000.0,,1.0,,1.0,,,,,,1.0,,Hiboun,Appartement,vente,,,2000.0,,0.0,,,,,,,,,,,,,,,,,,,,,,,,,,,,,,,,,,,,,,,,,,,,,,,,,,,,,,,,,,,,,,,,,,,,,,,,,,,
4275,80.0,2.0,,125000.0,,,,,,,,1.0,,,Tunis,Carthage,Appartement,vente,36.8065,10.1815,1562.5,40.0,0.0,,,,,,,,,,,,,,,,,,,,,,,,,,,,,,,,,,,,,,,,,,,,,,,,,,,,,,,,,,,,,,,,,,,,,,,,,,,
4276,,2.0,,300000.0,1.0,1.0,1.0,1.0,,,,1.0,1.0,,Tunis,Hammamet,Appartement,vente,36.8065,10.1815,,,0.0,,,,,,,,,,,,,,,,,,,,,,,,,,,,,,,,,,,,,,,,,,,,,,,,,,,,,,,,,,,,,,,,,,,,,,,,,,,
4277,,,,165000.0,,,,,,,,,,,Nabeul,Kelibia,Appartement,vente,36.4561,10.7376,,,0.0,,,,,,,,,,,,,,,,,,,,,,,,,,,,,,,,,,,,,,,,,,,,,,,,,,,,,,,,,,,,,,,,,,,,,,,,,,,
4278,130.0,4.0,1.0,220000.0,,1.0,,,,,,1.0,,,Tunis,Chott Mariem,Appartement,vente,36.8065,10.1815,1692.3076923076924,32.5,0.0,,,,,,,,,,,,,,,,,,,,,,,,,,,,,,,,,,,,,,,,,,,,,,,,,,,,,,,,,,,,,,,,,,,,,,,,,,,
4279,,4.0,,430000.0,,,,,,,1.0,1.0,,1.0,Tunis,El Manzah,Appartement,vente,36.8065,10.1815,,,0.0,,,,,,,,,,,,,,,,,,,,,,,,,,,,,,,,,,,,,,,,,,,,,,,,,,,,,,,,,,,,,,,,,,,,,,,,,,,
4280,,4.0,,190000.0,,,,,,,,1.0,,,,,Appartement,vente,,,,,0.0,,,,,,,,,,,,,,,,,,,,,,,,,,,,,,,,,,,,,,,,,,,,,,,,,,,,,,,,,,,,,,,,,,,,,,,,,,,
4281,136.0,2.0,,510000.0,,,,,,,,,,,Tunis,Laouina,Appartement,vente,36.8065,10.1815,3750.0,68.0,0.0,,,,,,,,,,,,,,,,,,,,,,,,,,,,,,,,,,,,,,,,,,,,,,,,,,,,,,,,,,,,,,,,,,,,,,,,,,,
4282,117.0,2.0,,285000.0,,1.0,,,,,,1.0,,,Tunis,Soukra,Appartement,vente,36.8065,10.1815,2435.897435897436,58.5,0.0,,,,,,,,,,,,,,,,,,,,,,,,,,,,,,,,,,,,,,,,,,,,,,,,,,,,,,,,,,,,,,,,,,,,,,,,,,,
4283,,,,230000.0,,,,,,,,,,,Nabeul,Nabeul,Appartement,vente,36.4561,10.7376,,,0.0,,,,,,,,,,,,,,,,,,,,,,,,,,,,,,,,,,,,,,,,,,,,,,,,,,,,,,,,,,,,,,,,,,,,,,,,,,,
4284,54.0,,5.0,220000.0,1.0,,,,,,,,,,Tunis,La Goulette,Appartement,vente,36.8065,10.1815,4074.074074074074,,5.0,,,,,,,,,,,,,,,,,,,,,,,,,,,,,,,,,,,,,,,,,,,,,,,,,,,,,,,,,,,,,,,,,,,,,,,,,,,
4285,,2.0,,87000.0,,,,,,,,,,,,Soliman,Appartement,vente,,,,,0.0,,,,,,,,,,,,,,,,,,,,,,,,,,,,,,,,,,,,,,,,,,,,,,,,,,,,,,,,,,,,,,,,,,,,,,,,,,,
4286,,3.0,0.0,620000.0,,,,,,,,,,1.0,,,Appartement,vente,,,,,0.0,,,,,,,,,,,,,,,,,,,,,,,,,,,,,,,,,,,,,,,,,,,,,,,,,,,,,,,,,,,,,,,,,,,,,,,,,,,
4287,68.0,,2.0,230000.0,1.0,,1.0,1.0,,,,1.0,,,Tunis,La Soukra,Appartement,vente,36.8065,10.1815,3382.3529411764707,,2.0,,,,,,,,,,,,,,,,,,,,,,,,,,,,,,,,,,,,,,,,,,,,,,,,,,,,,,,,,,,,,,,,,,,,,,,,,,,
4288,,3.0,,185000.0,,,,,,,,,,,Tunis,Hamem Laghzez,Appartement,vente,36.8065,10.1815,,,0.0,,,,,,,,,,,,,,,,,,,,,,,,,,,,,,,,,,,,,,,,,,,,,,,,,,,,,,,,,,,,,,,,,,,,,,,,,,,
4289,100.0,3.0,,155000.0,,,,,,,,,,,Nabeul,Kelibia,Appartement,vente,36.4561,10.7376,1550.0,33.333333333333336,0.0,,,,,,,,,,,,,,,,,,,,,,,,,,,,,,,,,,,,,,,,,,,,,,,,,,,,,,,,,,,,,,,,,,,,,,,,,,,
4290,212.0,,,,,,,,,,,,,,,Yasmine,Appartement,vente,,,,,0.0,,,,,,,,,,,,,,,,,,,,,,,,,,,,,,,,,,,,,,,,,,,,,,,,,,,,,,,,,,,,,,,,,,,,,,,,,,,
4291,70.0,3.0,,160000.0,,1.0,,,,,,,,,Tunis,Kerkouane,Appartement,vente,36.8065,10.1815,2285.714285714286,23.333333333333332,0.0,,,,,,,,,,,,,,,,,,,,,,,,,,,,,,,,,,,,,,,,,,,,,,,,,,,,,,,,,,,,,,,,,,,,,,,,,,,
4292,130.0,,,500000.0,,,1.0,1.0,,,,1.0,,1.0,Tunis,Soukra,Appartement,vente,36.8065,10.1815,3846.153846153846,,0.0,,,,,,,,,,,,,,,,,,,,,,,,,,,,,,,,,,,,,,,,,,,,,,,,,,,,,,,,,,,,,,,,,,,,,,,,,,,
4293,100.0,2.0,1.0,270000.0,,,,1.0,,,,,,,Tunis,Chott Mariem,Appartement,vente,36.8065,10.1815,2700.0,50.0,0.0,,,,,,,,,,,,,,,,,,,,,,,,,,,,,,,,,,,,,,,,,,,,,,,,,,,,,,,,,,,,,,,,,,,,,,,,,,,
4294,73.0,,,188000.0,,,,,,,,,,,Tunis,Carthage,Appartement,vente,36.8065,10.1815,2575.3424657534247,,0.0,,,,,,,,,,,,,,,,,,,,,,,,,,,,,,,,,,,,,,,,,,,,,,,,,,,,,,,,,,,,,,,,,,,,,,,,,,,
4295,,5.0,,335000.0,,1.0,1.0,1.0,,,,1.0,,,,,Appartement,vente,,,,,0.0,,,,,,,,,,,,,,,,,,,,,,,,,,,,,,,,,,,,,,,,,,,,,,,,,,,,,,,,,,,,,,,,,,,,,,,,,,,
