,surface,pieces,etage,has_ascenseur,has_balcon,has_chaffage,has_climatisation,has_gardien,has_jardin,has_parking,has_piscine,has_terrasse,latitude,longitude,price_per_m2,surface_per_piece,etage_x_ascenseur,type,contrat,gouvernerat
3142,83.0,3.0,1.0,1.0,1.0,1.0,1.0,1.0,1.0,1.0,1.0,1.0,36.8065,10.188232,4277.108433734939,27.666666666666668,0.0,285532.6189391474,285532.6189391474,277143.4970760234
2488,107.0,2.0,1.0,1.0,1.0,1.0,1.0,1.0,1.0,1.0,1.0,1.0,36.8065,10.1815,2537.88748564868,37.75,0.0,285532.6189391474,285532.6189391474,293441.4203821656
433,70.0,2.0,1.0,1.0,1.0,1.0,1.0,1.0,1.0,1.0,1.0,1.0,36.6267742,10.1550439,1142.857142857143,35.0,0.0,285532.6189391474,285532.6189391474,218196.17024373435
2046,138.0,4.0,1.0,1.0,1.0,1.0,1.0,1.0,1.0,1.0,1.0,1.0,36.854801741136,10.15862150003819,3188.4057971014495,34.5,1.0,285532.6189391474,285532.6189391474,293441.4203821656
371,64.0,2.0,1.0,1.0,1.0,1.0,1.0,1.0,1.0,1.0,1.0,1.0,36.4512897,10.7355915,3500.0,32.0,1.0,285532.6189391474,285532.6189391474,300305.12820512813
3411,60.0,3.0,1.0,1.0,1.0,1.0,1.0,1.0,1.0,1.0,1.0,1.0,36.8065,10.188232,4166.666666666667,37.75,0.0,285532.6189391474,285532.6189391474,277143.4970760234
3926,51.0,3.0,1.0,1.0,1.0,1.0,1.0,1.0,1.0,1.0,1.0,1.0,36.8065,10.188232,3725.4901960784314,37.75,0.0,285532.6189391474,285532.6189391474,277143.4970760234
2009,90.0,3.0,2.0,1.0,1.0,1.0,1.0,1.0,1.0,1.0,1.0,1.0,36.80890174113605,10.176921547123952,1222.2222222222222,30.0,2.0,285532.6189391474,285532.6189391474,293441.4203821656
700,115.0,4.0,1.0,1.0,1.0,1.0,1.0,1.0,1.0,1.0,1.0,1.0,36.8749751,10.2454267,3217.391304347826,28.75,0.0,285532.6189391474,285532.6189391474,320375.0034842321
3967,107.0,3.0,1.0,1.0,1.0,1.0,1.0,1.0,1.0,1.0,1.0,1.0,36.4561,10.7376,2537.88748564868,37.75,0.0,285532.6189391474,285532.6189391474,300305.12820512813
644,107.0,4.0,1.0,1.0,1.0,1.0,1.0,1.0,1.0,1.0,1.0,1.0,35.8245,10.6346,2537.88748564868,37.75,0.0,285532.6189391474,285532.6189391474,281505.570214618
3832,120.0,5.0,1.0,1.0,1.0,1.0,1.0,1.0,1.0,1.0,1.0,1.0,36.8065,10.1815,3250.0,24.0,0.0,285532.6189391474,285532.6189391474,293441.4203821656
4100,195.0,3.0,1.0,1.0,1.0,1.0,1.0,1.0,1.0,1.0,1.0,1.0,36.8065,10.1815,1280.0,37.75,0.0,285532.6189391474,285532.6189391474,293441.4203821656
1444,90.0,3.0,1.0,1.0,1.0,1.0,1.0,1.0,1.0,1.0,1.0,1.0,36.7992041,10.1756221,2222.222222222222,30.0,0.0,285532.6189391474,285532.6189391474,293441.4203821656
1508,98.0,3.0,3.0,1.0,1.0,1.0,1.0,1.0,1.0,1.0,1.0,1.0,36.7992041,10.1756221,2551.0204081632655,32.666666666666664,0.0,285532.6189391474,285532.6189391474,293441.4203821656
949,80.0,4.0,1.0,1.0,1.0,1.0,1.0,1.0,1.0,1.0,1.0,1.0,36.8170699,10.1784812,2125.0,20.0,0.0,285532.6189391474,285532.6189391474,293441.4203821656
3252,141.0,4.0,1.0,1.0,1.0,1.0,1.0,1.0,1.0,1.0,1.0,1.0,36.8065,10.1815,2978.723404255319,35.25,0.0,285532.6189391474,285532.6189391474,293441.4203821656
3812,240.0,3.0,1.0,1.0,1.0,1.0,1.0,1.0,1.0,1.0,1.0,1.0,36.8065,10.1815,1875.0,37.75,0.0,285532.6189391474,285532.6189391474,293441.4203821656
246,120.0,4.0,1.0,1.0,1.0,1.0,1.0,1.0,1.0,1.0,1.0,1.0,36.4512897,10.7355915,3916.6666666666665,30.0,0.0,285532.6189391474,285532.6189391474,300305.12820512813
3231,107.0,2.0,1.0,1.0,1.0,1.0,1.0,1.0,1.0,1.0,1.0,1.0,36.8065,10.188232,2537.88748564868,37.75,0.0,285532.6189391474,285532.6189391474,277143.4970760234
734,91.0,1.0,1.0,1.0,1.0,1.0,1.0,1.0,1.0,1.0,1.0,1.0,35.8913101,10.5852113,2967.032967032967,91.0,0.0,285532.6189391474,285532.6189391474,281505.570214618
505,150.0,4.0,6.0,1.0,1.0,1.0,1.0,1.0,1.0,1.0,1.0,1.0,36.8507178,10.2829345,3000.0,37.5,0.0,285532.6189391474,285532.6189391474,293441.4203821656
3447,63.0,3.0,1.0,1.0,1.0,1.0,1.0,1.0,1.0,1.0,1.0,1.0,36.8065,10.1815,5396.825396825397,37.75,0.0,285532.6189391474,285532.6189391474,293441.4203821656
807,100.0,4.0,1.0,1.0,1.0,1.0,1.0,1.0,1.0,1.0,1.0,1.0,36.719825,10.2192362,1600.0,25.0,0.0,285532.6189391474,285532.6189391474,218196.17024373435
2258,167.0,2.0,3.0,1.0,1.0,1.0,1.0,1.0,1.0,1.0,1.0,1.0,35.7178,10.5707,1257.4850299401198,83.5,3.0,285532.6189391474,285532.6189391474,281505.570214618
3610,58.0,2.0,1.0,1.0,1.0,1.0,1.0,1.0,1.0,1.0,1.0,1.0,36.8065,10.1815,3793.103448275862,29.0,0.0,285532.6189391474,285532.6189391474,293441.4203821656
2892,120.0,3.0,1.0,1.0,1.0,1.0,1.0,1.0,1.0,1.0,1.0,1.0,36.8065,10.188232,1250.0,40.0,0.0,285532.6189391474,285532.6189391474,277143.4970760234
978,56.0,2.0,1.0,1.0,1.0,1.0,1.0,1.0,1.0,1.0,1.0,1.0,36.8599292,10.1531585,3392.839285714286,28.0,0.0,285532.6189391474,285532.6189391474,320375.0034842321
108,145.0,2.0,1.0,1.0,1.0,1.0,1.0,1.0,1.0,1.0,1.0,1.0,36.8002068,10.1857757,3689.655172413793,72.5,0.0,285532.6189391474,285532.6189391474,293441.4203821656
4055,173.0,4.0,1.0,1.0,1.0,1.0,1.0,1.0,1.0,1.0,1.0,1.0,36.8065,10.1815,3757.225433526012,43.25,0.0,285532.6189391474,285532.6189391474,293441.4203821656
1740,85.0,3.0,2.0,1.0,1.0,1.0,1.0,1.0,1.0,1.0,1.0,1.0,36.8456561,11.0935701,2176.470588235294,28.333333333333332,0.0,285532.6189391474,285532.6189391474,300305.12820512813
3691,107.0,4.0,1.0,1.0,1.0,1.0,1.0,1.0,1.0,1.0,1.0,1.0,36.8065,10.188232,2537.88748564868,37.75,0.0,285532.6189391474,285532.6189391474,277143.4970760234
3059,156.0,3.0,0.0,1.0,1.0,1.0,1.0,1.0,1.0,1.0,1.0,1.0,35.7643,10.8113,2756.4102564102564,52.0,0.0,285532.6189391474,285532.6189391474,309845.8833033952
4007,107.0,3.0,1.0,1.0,1.0,1.0,1.0,1.0,1.0,1.0,1.0,1.0,36.8065,10.188232,2537.88748564868,37.75,0.0,285532.6189391474,285532.6189391474,277143.4970760234
543,140.0,5.0,0.0,1.0,1.0,1.0,1.0,1.0,1.0,1.0,1.0,1.0,36.8065,10.1815,2857.1428571428573,28.0,0.0,285532.6189391474,285532.6189391474,293441.4203821656
1625,131.0,4.0,1.0,1.0,1.0,1.0,1.0,1.0,1.0,1.0,1.0,1.0,36.719825,10.2192362,2458.0152671755727,32.75,0.0,285532.6189391474,285532.6189391474,218196.17024373435
2444,80.0,3.0,1.0,1.0,1.0,1.0,1.0,1.0,1.0,1.0,1.0,1.0,36.4077838,10.6169649,4375.0,26.666666666666668,0.0,285532.6189391474,285532.6189391474,277143.4970760234
1944,124.0,4.0,1.0,1.0,1.0,1.0,1.0,1.0,1.0,1.0,1.0,1.0,36.8054,10.0919,2983.8709677419356,31.0,1.0,285532.6189391474,285532.6189391474,293441.4203821656
259,75.0,2.0,1.0,1.0,1.0,1.0,1.0,1.0,1.0,1.0,1.0,1.0,35.8288284,10.6405254,2933.3333333333335,37.5,0.0,285532.6189391474,285532.6189391474,281505.570214618
811,67.0,1.0,1.0,1.0,1.0,1.0,1.0,1.0,1.0,1.0,1.0,1.0,36.8479251,10.2611996,3731.3432835820895,67.0,0.0,285532.6189391474,285532.6189391474,293441.4203821656
2061,160.0,4.0,4.0,1.0,1.0,1.0,1.0,1.0,1.0,1.0,1.0,1.0,36.79980174113605,10.18522155644635,1825.0,40.0,4.0,285532.6189391474,285532.6189391474,293441.4203821656
1721,80.0,2.0,1.0,1.0,1.0,1.0,1.0,1.0,1.0,1.0,1.0,1.0,36.764815,10.2880423,2312.5,40.0,0.0,285532.6189391474,285532.6189391474,218196.17024373435
612,85.0,2.0,1.0,1.0,1.0,1.0,1.0,1.0,1.0,1.0,1.0,1.0,36.719825,10.2192362,1764.7058823529412,42.5,0.0,285532.6189391474,285532.6189391474,218196.17024373435
1221,54.0,2.0,1.0,1.0,1.0,1.0,1.0,1.0,1.0,1.0,1.0,1.0,36.8479251,10.2611996,3333.3333333333335,27.0,0.0,285532.6189391474,285532.6189391474,293441.4203821656
2212,75.0,2.0,2.0,1.0,1.0,1.0,1.0,1.0,1.0,1.0,1.0,1.0,35.8927,10.5976,6000.0,37.5,0.0,285532.6189391474,285532.6189391474,281505.570214618
1001,116.0,2.0,1.0,1.0,1.0,1.0,1.0,1.0,1.0,1.0,1.0,1.0,36.7575659,10.244981,2413.793103448276,58.0,0.0,285532.6189391474,285532.6189391474,218196.17024373435
485,154.0,4.0,1.0,1.0,1.0,1.0,1.0,1.0,1.0,1.0,1.0,1.0,36.8479251,10.2611996,2207.7922077922076,38.5,0.0,285532.6189391474,285532.6189391474,293441.4203821656
2229,89.0,3.0,2.0,1.0,1.0,1.0,1.0,1.0,1.0,1.0,1.0,1.0,35.8832,10.599,3651.6853932584268,29.666666666666668,0.0,285532.6189391474,285532.6189391474,281505.570214618
3705,180.0,5.0,1.0,1.0,1.0,1.0,1.0,1.0,1.0,1.0,1.0,1.0,36.8065,10.1815,3833.3333333333335,36.0,0.0,285532.6189391474,285532.6189391474,293441.4203821656
3865,107.0,3.0,1.0,1.0,1.0,1.0,1.0,1.0,1.0,1.0,1.0,1.0,36.8065,10.1815,2537.88748564868,37.75,0.0,285532.6189391474,285532.6189391474,293441.4203821656
258,170.0,2.0,0.0,1.0,1.0,1.0,1.0,1.0,1.0,1.0,1.0,1.0,36.8548083,10.3309924,1764.7058823529412,85.0,0.0,285532.6189391474,285532.6189391474,293441.4203821656
386,200.0,4.0,0.0,1.0,1.0,1.0,1.0,1.0,1.0,1.0,1.0,1.0,36.8625,10.1956,2400.0,50.0,0.0,285532.6189391474,285532.6189391474,320375.0034842321
2554,55.0,2.0,1.0,1.0,1.0,1.0,1.0,1.0,1.0,1.0,1.0,1.0,36.8065,10.1815,3454.5454545454545,27.5,0.0,285532.6189391474,285532.6189391474,293441.4203821656
1736,106.0,1.0,1.0,1.0,1.0,1.0,1.0,1.0,1.0,1.0,1.0,1.0,36.4512897,10.7355915,2641.509433962264,106.0,0.0,285532.6189391474,285532.6189391474,300305.12820512813
2836,156.0,4.0,1.0,1.0,1.0,1.0,1.0,1.0,1.0,1.0,1.0,1.0,36.8065,10.188232,2147.4358974358975,39.0,0.0,285532.6189391474,285532.6189391474,277143.4970760234
1661,106.0,3.0,1.0,1.0,1.0,1.0,1.0,1.0,1.0,1.0,1.0,1.0,35.8245,10.6346,3490.566037735849,35.333333333333336,0.0,285532.6189391474,285532.6189391474,281505.570214618
2906,107.0,3.0,2.0,1.0,1.0,1.0,0.0,1.0,0.0,1.0,0.0,0.0,36.8065,10.188232,2537.88748564868,37.75,2.0,285532.6189391474,285532.6189391474,277143.4970760234
1547,124.0,1.0,1.0,1.0,1.0,1.0,1.0,1.0,1.0,1.0,1.0,1.0,36.8065,10.1815,5241.935483870968,124.0,0.0,285532.6189391474,285532.6189391474,293441.4203821656
209,166.0,3.0,0.0,1.0,1.0,1.0,1.0,1.0,1.0,1.0,1.0,1.0,36.8002068,10.1857757,1506.0240963855422,55.333333333333336,0.0,285532.6189391474,285532.6189391474,293441.4203821656
3849,107.0,3.0,0.0,1.0,1.0,1.0,1.0,1.0,1.0,1.0,1.0,1.0,36.8065,10.1815,2537.88748564868,37.75,0.0,285532.6189391474,285532.6189391474,293441.4203821656
2935,117.0,3.0,6.0,1.0,1.0,1.0,1.0,1.0,1.0,1.0,1.0,1.0,36.8065,10.1815,1538.4615384615386,39.0,0.0,285532.6189391474,285532.6189391474,293441.4203821656
1584,58.0,1.0,1.0,1.0,1.0,1.0,1.0,1.0,1.0,1.0,1.0,1.0,36.4561,10.7376,5517.241379310345,58.0,0.0,285532.6189391474,285532.6189391474,300305.12820512813
2683,107.0,2.0,1.0,1.0,1.0,1.0,1.0,1.0,1.0,1.0,1.0,1.0,36.8065,10.1815,2537.88748564868,37.75,0.0,285532.6189391474,285532.6189391474,293441.4203821656
2489,107.0,3.0,1.0,1.0,1.0,1.0,1.0,1.0,1.0,1.0,1.0,1.0,36.8065,10.1815,2537.88748564868,37.75,0.0,285532.6189391474,285532.6189391474,293441.4203821656
596,100.0,2.0,1.0,1.0,1.0,1.0,1.0,1.0,1.0,1.0,1.0,1.0,36.873986,11.1082328,2300.0,50.0,0.0,285532.6189391474,285532.6189391474,300305.12820512813
1802,200.0,4.0,1.0,1.0,1.0,1.0,1.0,1.0,1.0,1.0,1.0,1.0,36.44200174113639,10.72612191968656,3000.0,50.0,1.0,285532.6189391474,285532.6189391474,300305.12820512813
2107,99.0,4.0,2.0,1.0,1.0,1.0,1.0,1.0,1.0,1.0,1.0,1.0,35.557901741137194,11.02492279017205,3131.313131313131,24.75,0.0,285532.6189391474,285532.6189391474,276683.9253054531
296,170.0,2.0,1.0,1.0,1.0,1.0,1.0,1.0,1.0,1.0,1.0,1.0,36.7516855,10.2245072,1620.0,85.0,0.0,285532.6189391474,285532.6189391474,218196.17024373435
1600,75.0,1.0,1.0,1.0,1.0,1.0,1.0,1.0,1.0,1.0,1.0,1.0,36.4012665,10.5572827,3800.0,75.0,1.0,285532.6189391474,285532.6189391474,300305.12820512813
507,143.0,3.0,7.0,1.0,1.0,1.0,1.0,1.0,1.0,1.0,1.0,1.0,36.8749751,10.2454267,2587.4125874125875,47.666666666666664,0.0,285532.6189391474,285532.6189391474,320375.0034842321
7,400.0,2.0,0.0,1.0,1.0,1.0,1.0,1.0,1.0,1.0,1.0,1.0,36.4512897,10.7355915,1050.0,200.0,0.0,285532.6189391474,285532.6189391474,300305.12820512813
3746,103.0,3.0,1.0,1.0,1.0,1.0,1.0,1.0,1.0,1.0,1.0,1.0,36.8065,10.1815,3300.970873786408,34.333333333333336,0.0,285532.6189391474,285532.6189391474,293441.4203821656
3144,175.0,4.0,0.0,1.0,1.0,1.0,1.0,1.0,1.0,1.0,1.0,1.0,36.8065,10.1815,2285.714285714286,43.75,0.0,285532.6189391474,285532.6189391474,293441.4203821656
2703,60.0,2.0,1.0,1.0,1.0,1.0,1.0,1.0,1.0,1.0,1.0,1.0,36.8065,10.188232,1616.6666666666667,30.0,0.0,285532.6189391474,285532.6189391474,277143.4970760234
2063,100.0,2.0,1.0,1.0,1.0,1.0,1.0,1.0,1.0,1.0,1.0,1.0,36.88330174113597,10.249321470748106,4184.0,50.0,1.0,285532.6189391474,285532.6189391474,293441.4203821656
3309,84.0,2.0,1.0,1.0,1.0,1.0,1.0,1.0,1.0,1.0,1.0,1.0,36.4561,10.7376,1726.1904761904761,42.0,0.0,285532.6189391474,285532.6189391474,300305.12820512813
3222,107.0,3.0,3.0,1.0,1.0,1.0,1.0,1.0,1.0,1.0,1.0,1.0,36.8065,10.188232,2537.88748564868,37.75,3.0,285532.6189391474,285532.6189391474,277143.4970760234
2859,110.0,3.0,1.0,1.0,1.0,1.0,1.0,1.0,1.0,1.0,1.0,1.0,36.8065,10.188232,2181.818181818182,36.666666666666664,0.0,285532.6189391474,285532.6189391474,277143.4970760234
1513,146.0,4.0,1.0,1.0,1.0,1.0,1.0,1.0,1.0,1.0,1.0,1.0,37.2720905,9.8708565,2328.7671232876714,36.5,0.0,285532.6189391474,285532.6189391474,243467.8477263652
4130,160.0,3.0,1.0,1.0,1.0,1.0,1.0,1.0,1.0,1.0,1.0,1.0,36.8065,10.1815,3062.5,37.75,0.0,285532.6189391474,285532.6189391474,293441.4203821656
2795,93.0,3.0,3.0,1.0,1.0,1.0,1.0,1.0,1.0,1.0,1.0,1.0,36.8065,10.1815,4086.021505376344,37.75,0.0,285532.6189391474,285532.6189391474,293441.4203821656
790,100.0,3.0,4.0,1.0,1.0,1.0,1.0,1.0,1.0,1.0,1.0,1.0,36.75305,10.2656845,1400.0,33.333333333333336,0.0,285532.6189391474,285532.6189391474,218196.17024373435
3336,40.0,2.0,1.0,1.0,1.0,1.0,1.0,1.0,1.0,1.0,1.0,1.0,36.8065,10.1815,4000.0,20.0,0.0,285532.6189391474,285532.6189391474,293441.4203821656
3572,113.0,3.0,1.0,1.0,1.0,1.0,1.0,1.0,1.0,1.0,1.0,1.0,36.8065,10.1815,3805.309734513274,37.75,0.0,285532.6189391474,285532.6189391474,293441.4203821656
2018,136.0,4.0,7.0,1.0,1.0,1.0,1.0,1.0,1.0,1.0,1.0,1.0,36.8586,10.2522,2389.705882352941,34.0,0.0,285532.6189391474,285532.6189391474,293441.4203821656
1104,104.0,1.0,1.0,1.0,1.0,1.0,1.0,1.0,1.0,1.0,1.0,1.0,36.4561,10.7376,5057.692307692308,104.0,0.0,285532.6189391474,285532.6189391474,300305.12820512813
2745,105.0,3.0,3.0,1.0,1.0,1.0,1.0,1.0,1.0,1.0,1.0,1.0,36.8065,10.1815,1714.2857142857142,35.0,0.0,285532.6189391474,285532.6189391474,293441.4203821656
96,60.0,2.0,0.0,1.0,1.0,1.0,1.0,1.0,1.0,1.0,1.0,1.0,36.4512897,10.7355915,1750.0,30.0,0.0,285532.6189391474,285532.6189391474,300305.12820512813
43,172.0,3.0,1.0,1.0,1.0,1.0,1.0,1.0,1.0,1.0,1.0,1.0,36.4512897,10.7355915,1075.5813953488373,57.333333333333336,0.0,285532.6189391474,285532.6189391474,300305.12820512813
1094,50.0,1.0,1.0,1.0,1.0,1.0,1.0,1.0,1.0,1.0,1.0,1.0,36.8599292,10.1531585,4200.0,50.0,1.0,285532.6189391474,285532.6189391474,320375.0034842321
969,120.0,3.0,1.0,1.0,1.0,1.0,1.0,1.0,1.0,1.0,1.0,1.0,36.8479251,10.2611996,3458.3333333333335,40.0,0.0,285532.6189391474,285532.6189391474,293441.4203821656
903,69.0,2.0,1.0,1.0,1.0,1.0,1.0,1.0,1.0,1.0,1.0,1.0,36.8133756,10.2930588,2391.304347826087,34.5,0.0,285532.6189391474,285532.6189391474,293441.4203821656
1363,73.0,2.0,2.0,1.0,1.0,1.0,1.0,1.0,1.0,1.0,1.0,1.0,36.7516855,10.2245072,1917.8082191780823,36.5,0.0,285532.6189391474,285532.6189391474,218196.17024373435
25,90.0,2.0,1.0,1.0,1.0,1.0,1.0,1.0,1.0,1.0,1.0,1.0,36.7516855,10.2245072,1655.5555555555557,45.0,0.0,285532.6189391474,285532.6189391474,218196.17024373435
2215,120.0,3.0,0.0,1.0,1.0,1.0,1.0,1.0,1.0,1.0,1.0,1.0,35.8842,10.5972,2833.3333333333335,40.0,0.0,285532.6189391474,285532.6189391474,281505.570214618
2230,100.0,2.0,2.0,1.0,1.0,1.0,1.0,1.0,1.0,1.0,1.0,1.0,35.8681,10.5933,1600.0,50.0,0.0,285532.6189391474,285532.6189391474,281505.570214618
679,120.0,3.0,0.0,1.0,1.0,1.0,1.0,1.0,1.0,1.0,1.0,1.0,36.8134113,10.1321911,1833.3333333333333,40.0,0.0,285532.6189391474,285532.6189391474,293441.4203821656
2095,100.0,4.0,1.0,1.0,1.0,1.0,1.0,1.0,1.0,1.0,1.0,1.0,35.505701741137244,11.077922840389771,1500.0,25.0,0.0,285532.6189391474,285532.6189391474,276683.9253054531
781,156.0,2.0,0.0,1.0,1.0,1.0,1.0,1.0,1.0,1.0,1.0,1.0,36.8606537,10.2087006,1923.076923076923,78.0,0.0,285532.6189391474,285532.6189391474,320375.0034842321
2914,59.0,2.0,1.0,1.0,1.0,1.0,1.0,1.0,1.0,1.0,1.0,1.0,36.8065,10.188232,4322.033898305085,29.5,0.0,285532.6189391474,285532.6189391474,277143.4970760234
3854,70.0,3.0,1.0,1.0,1.0,1.0,1.0,1.0,1.0,1.0,1.0,1.0,36.8065,10.188232,4475.0,37.75,0.0,285532.6189391474,285532.6189391474,277143.4970760234
1322,178.0,3.0,1.0,1.0,1.0,1.0,1.0,1.0,1.0,1.0,1.0,1.0,36.7992041,10.1756221,2808.9887640449438,59.333333333333336,0.0,285532.6189391474,285532.6189391474,293441.4203821656
1251,149.0,2.0,1.0,1.0,1.0,1.0,1.0,1.0,1.0,1.0,1.0,1.0,36.8599292,10.1531585,2550.3355704697988,74.5,0.0,285532.6189391474,285532.6189391474,320375.0034842321
1157,80.0,3.0,1.0,1.0,1.0,1.0,1.0,1.0,1.0,1.0,1.0,1.0,36.7992041,10.1756221,2000.0,26.666666666666668,0.0,285532.6189391474,285532.6189391474,293441.4203821656
3050,200.0,4.0,0.0,1.0,1.0,1.0,1.0,1.0,1.0,1.0,1.0,1.0,36.8065,10.188232,1200.0,50.0,0.0,285532.6189391474,285532.6189391474,277143.4970760234
3043,90.0,3.0,1.0,1.0,1.0,1.0,1.0,1.0,1.0,1.0,1.0,1.0,36.4561,10.7376,1722.2222222222222,37.75,0.0,285532.6189391474,285532.6189391474,300305.12820512813
965,108.0,4.0,0.0,1.0,1.0,1.0,1.0,1.0,1.0,1.0,1.0,1.0,36.8095,10.098,2222.222222222222,27.0,0.0,285532.6189391474,285532.6189391474,240180.81353797184
4012,117.0,3.0,6.0,1.0,1.0,1.0,1.0,1.0,1.0,1.0,1.0,1.0,36.8065,10.1815,1538.4615384615386,39.0,0.0,285532.6189391474,285532.6189391474,293441.4203821656
3836,79.0,3.0,1.0,1.0,1.0,1.0,1.0,1.0,1.0,1.0,1.0,1.0,36.8065,10.1815,1075.9493670886077,26.333333333333332,0.0,285532.6189391474,285532.6189391474,293441.4203821656
67,95.0,2.0,1.0,1.0,1.0,1.0,1.0,1.0,1.0,1.0,1.0,1.0,36.7516855,10.2245072,1347.3684210526317,47.5,0.0,285532.6189391474,285532.6189391474,218196.17024373435
2776,148.0,4.0,1.0,1.0,1.0,1.0,1.0,1.0,1.0,1.0,1.0,1.0,36.4561,10.7376,1283.7837837837837,37.0,0.0,285532.6189391474,285532.6189391474,300305.12820512813
3900,125.0,3.0,1.0,1.0,1.0,1.0,1.0,1.0,1.0,1.0,1.0,1.0,36.8065,10.1815,4000.0,37.75,0.0,285532.6189391474,285532.6189391474,293441.4203821656
1928,78.0,3.0,1.0,1.0,1.0,1.0,1.0,1.0,1.0,1.0,1.0,1.0,36.8106,10.1099,2282.051282051282,26.0,0.0,285532.6189391474,285532.6189391474,293441.4203821656
1538,70.0,2.0,0.0,1.0,1.0,1.0,1.0,1.0,1.0,1.0,1.0,1.0,36.4012665,10.5572827,4571.428571428572,35.0,0.0,285532.6189391474,285532.6189391474,300305.12820512813
2363,120.0,4.0,1.0,1.0,1.0,1.0,1.0,1.0,1.0,1.0,1.0,1.0,35.8288284,10.6405254,2250.0,30.0,0.0,285532.6189391474,285532.6189391474,281505.570214618
31,120.0,2.0,1.0,1.0,1.0,1.0,1.0,1.0,1.0,1.0,1.0,1.0,36.8065,10.188232,2916.6666666666665,60.0,0.0,285532.6189391474,285532.6189391474,277143.4970760234
2116,201.0,5.0,0.0,1.0,1.0,1.0,1.0,1.0,1.0,1.0,1.0,1.0,35.778201741137,10.802422576806473,2437.8109452736317,40.2,0.0,285532.6189391474,285532.6189391474,309845.8833033952
1064,135.0,2.0,1.0,1.0,1.0,1.0,1.0,1.0,1.0,1.0,1.0,1.0,36.4561,10.7376,4222.222222222223,67.5,0.0,285532.6189391474,285532.6189391474,300305.12820512813
2915,50.0,2.0,2.0,1.0,1.0,1.0,1.0,1.0,1.0,1.0,1.0,1.0,36.8065,10.1815,2300.0,25.0,2.0,285532.6189391474,285532.6189391474,293441.4203821656
1034,130.0,3.0,1.0,1.0,1.0,1.0,1.0,1.0,1.0,1.0,1.0,1.0,36.8065,10.1815,3230.769230769231,43.333333333333336,0.0,285532.6189391474,285532.6189391474,293441.4203821656
610,100.0,2.0,0.0,1.0,1.0,1.0,1.0,1.0,1.0,1.0,1.0,1.0,36.9003542,11.0982607,2500.0,50.0,0.0,285532.6189391474,285532.6189391474,300305.12820512813
3562,87.0,3.0,0.0,1.0,1.0,1.0,1.0,1.0,1.0,1.0,1.0,1.0,36.8065,10.1815,2701.1494252873563,37.75,0.0,285532.6189391474,285532.6189391474,293441.4203821656
570,150.0,4.0,1.0,1.0,1.0,1.0,1.0,1.0,1.0,1.0,1.0,1.0,36.8749751,10.2454267,2633.3333333333335,37.5,0.0,285532.6189391474,285532.6189391474,320375.0034842321
3943,100.0,3.0,1.0,1.0,1.0,1.0,1.0,1.0,1.0,1.0,1.0,1.0,35.8245,10.6346,1900.0,33.333333333333336,0.0,285532.6189391474,285532.6189391474,281505.570214618
343,158.0,3.0,1.0,1.0,1.0,1.0,1.0,1.0,1.0,1.0,1.0,1.0,36.4512897,10.7355915,3164.5569620253164,52.666666666666664,0.0,285532.6189391474,285532.6189391474,300305.12820512813
1743,64.0,1.0,0.0,1.0,1.0,1.0,1.0,1.0,1.0,1.0,1.0,1.0,36.8599292,10.1531585,3984.375,64.0,0.0,285532.6189391474,285532.6189391474,320375.0034842321
3051,133.0,2.0,1.0,1.0,1.0,1.0,1.0,1.0,1.0,1.0,1.0,1.0,36.8065,10.188232,3007.5187969924814,66.5,0.0,285532.6189391474,285532.6189391474,277143.4970760234
678,137.0,4.0,5.0,1.0,1.0,1.0,1.0,1.0,1.0,1.0,1.0,1.0,35.8245,10.6346,2773.7226277372265,34.25,5.0,285532.6189391474,285532.6189391474,281505.570214618
4137,107.0,3.0,1.0,1.0,1.0,1.0,1.0,1.0,1.0,1.0,1.0,1.0,36.8065,10.1815,2537.88748564868,37.75,0.0,285532.6189391474,285532.6189391474,293441.4203821656
3129,120.0,3.0,1.0,1.0,1.0,1.0,1.0,1.0,1.0,1.0,1.0,1.0,36.8065,10.1815,2083.3333333333335,37.75,0.0,285532.6189391474,285532.6189391474,293441.4203821656
879,117.0,3.0,1.0,1.0,1.0,1.0,1.0,1.0,1.0,1.0,1.0,1.0,35.8245,10.6346,2735.042735042735,39.0,0.0,285532.6189391474,285532.6189391474,281505.570214618
3403,125.0,4.0,1.0,1.0,1.0,1.0,1.0,1.0,1.0,1.0,1.0,1.0,36.8065,10.1815,2800.0,31.25,0.0,285532.6189391474,285532.6189391474,293441.4203821656
2451,80.0,2.0,0.0,1.0,1.0,1.0,1.0,1.0,1.0,1.0,1.0,1.0,36.8742527,10.2436799,4000.0,40.0,0.0,285532.6189391474,285532.6189391474,293441.4203821656
3182,54.0,3.0,1.0,1.0,1.0,1.0,1.0,1.0,1.0,1.0,1.0,1.0,36.8065,10.1815,3814.814814814815,37.75,0.0,285532.6189391474,285532.6189391474,293441.4203821656
1863,69.0,2.0,7.0,1.0,1.0,1.0,1.0,1.0,1.0,1.0,1.0,1.0,36.8671,10.1513,2898.550724637681,34.5,7.0,285532.6189391474,285532.6189391474,293441.4203821656
56,133.0,2.0,0.0,1.0,1.0,1.0,1.0,1.0,1.0,1.0,1.0,1.0,36.4512897,10.7355915,2631.5789473684213,66.5,0.0,285532.6189391474,285532.6189391474,300305.12820512813
1516,116.0,2.0,1.0,1.0,1.0,1.0,1.0,1.0,1.0,1.0,1.0,1.0,36.71444,10.3112789,2413.793103448276,58.0,0.0,285532.6189391474,285532.6189391474,218196.17024373435
3957,113.0,3.0,1.0,1.0,1.0,1.0,1.0,1.0,1.0,1.0,1.0,1.0,36.8065,10.1815,2168.141592920354,37.666666666666664,0.0,285532.6189391474,285532.6189391474,293441.4203821656
2545,64.0,2.0,0.0,1.0,1.0,1.0,1.0,1.0,1.0,1.0,1.0,1.0,36.8511521,10.2820491,284.21875,32.0,0.0,285532.6189391474,285532.6189391474,293441.4203821656
3996,134.0,3.0,1.0,1.0,1.0,1.0,1.0,1.0,1.0,1.0,1.0,1.0,36.8065,10.1815,4402.985074626866,37.75,1.0,285532.6189391474,285532.6189391474,293441.4203821656
2127,105.0,1.0,0.0,1.0,1.0,1.0,1.0,1.0,1.0,1.0,1.0,1.0,35.7464,10.7148,1428.5714285714287,105.0,0.0,285532.6189391474,285532.6189391474,309845.8833033952
3689,132.0,3.0,1.0,1.0,1.0,1.0,1.0,1.0,1.0,1.0,1.0,1.0,36.8065,10.1815,2500.0,44.0,0.0,285532.6189391474,285532.6189391474,293441.4203821656
576,95.0,2.0,3.0,1.0,1.0,1.0,1.0,1.0,1.0,1.0,1.0,1.0,36.9003542,11.0982607,1842.1052631578948,47.5,3.0,285532.6189391474,285532.6189391474,300305.12820512813
915,115.0,1.0,1.0,1.0,1.0,1.0,1.0,1.0,1.0,1.0,1.0,1.0,36.4561,10.7376,2913.0434782608695,115.0,0.0,285532.6189391474,285532.6189391474,300305.12820512813
1056,95.0,2.0,1.0,1.0,1.0,1.0,1.0,1.0,1.0,1.0,1.0,1.0,33.77955,10.0525203,936.8421052631579,47.5,0.0,285532.6189391474,285532.6189391474,264748.4012505434
2494,120.0,3.0,1.0,1.0,1.0,1.0,1.0,1.0,1.0,1.0,1.0,1.0,36.8065,10.1815,2000.0,40.0,0.0,285532.6189391474,285532.6189391474,293441.4203821656
2485,162.0,4.0,4.0,1.0,1.0,1.0,1.0,1.0,1.0,1.0,1.0,1.0,33.8439408,9.400138,2800.0,40.5,4.0,285532.6189391474,285532.6189391474,277143.4970760234
528,122.0,3.0,1.0,1.0,1.0,1.0,1.0,1.0,1.0,1.0,1.0,1.0,36.8507178,10.2829345,2745.901639344262,40.666666666666664,0.0,285532.6189391474,285532.6189391474,293441.4203821656
176,143.0,2.0,1.0,1.0,1.0,1.0,1.0,1.0,1.0,1.0,1.0,1.0,36.8065,10.188232,2825.1748251748254,71.5,0.0,285532.6189391474,285532.6189391474,277143.4970760234
929,80.0,3.0,3.0,1.0,1.0,1.0,1.0,1.0,1.0,1.0,1.0,1.0,36.7516855,10.2245072,1500.0,26.666666666666668,0.0,285532.6189391474,285532.6189391474,218196.17024373435
422,80.0,4.0,3.0,1.0,1.0,1.0,1.0,1.0,1.0,1.0,1.0,1.0,36.8095,10.098,2375.0,20.0,3.0,285532.6189391474,285532.6189391474,240180.81353797184
680,88.0,3.0,3.0,1.0,1.0,1.0,1.0,1.0,1.0,1.0,1.0,1.0,35.8913101,10.5852113,3181.818181818182,29.333333333333332,3.0,285532.6189391474,285532.6189391474,281505.570214618
1237,106.0,4.0,2.0,1.0,1.0,1.0,1.0,1.0,1.0,1.0,1.0,1.0,36.8625,10.1956,3113.2075471698113,26.5,0.0,285532.6189391474,285532.6189391474,320375.0034842321
1864,150.0,4.0,2.0,1.0,1.0,1.0,1.0,1.0,1.0,1.0,1.0,1.0,36.7565,10.2796,2600.0,37.5,0.0,285532.6189391474,285532.6189391474,293441.4203821656
1706,90.0,2.0,1.0,1.0,1.0,1.0,1.0,1.0,1.0,1.0,1.0,1.0,36.8507178,10.2829345,3111.1111111111113,45.0,0.0,285532.6189391474,285532.6189391474,293441.4203821656
1011,86.0,3.0,1.0,1.0,1.0,1.0,1.0,1.0,1.0,1.0,1.0,1.0,35.8245,10.6346,3023.2558139534885,28.666666666666668,0.0,285532.6189391474,285532.6189391474,281505.570214618
572,120.0,3.0,1.0,1.0,1.0,1.0,1.0,1.0,1.0,1.0,1.0,1.0,36.84177,10.1301259,2291.6666666666665,40.0,0.0,285532.6189391474,285532.6189391474,293441.4203821656
3212,107.0,3.0,1.0,1.0,1.0,1.0,1.0,1.0,1.0,1.0,1.0,1.0,36.8625,10.1956,2537.88748564868,37.75,0.0,285532.6189391474,285532.6189391474,320375.0034842321
3410,164.0,3.0,1.0,1.0,1.0,1.0,1.0,1.0,1.0,1.0,1.0,1.0,36.8065,10.1815,3780.487804878049,37.75,0.0,285532.6189391474,285532.6189391474,293441.4203821656
288,30.0,2.0,0.0,1.0,1.0,1.0,1.0,1.0,1.0,1.0,1.0,1.0,36.4512897,10.7355915,2833.3333333333335,15.0,0.0,285532.6189391474,285532.6189391474,300305.12820512813
2338,107.0,3.0,1.0,1.0,1.0,1.0,1.0,1.0,1.0,1.0,1.0,1.0,36.8065,10.188232,2537.88748564868,37.75,0.0,285532.6189391474,285532.6189391474,277143.4970760234
2624,135.0,3.0,1.0,1.0,1.0,1.0,1.0,1.0,1.0,1.0,1.0,1.0,36.8065,10.188232,3333.3333333333335,45.0,0.0,285532.6189391474,285532.6189391474,277143.4970760234
1995,200.0,4.0,4.0,1.0,1.0,1.0,1.0,1.0,1.0,1.0,1.0,1.0,36.855201741136,10.169121499627389,3250.0,50.0,4.0,285532.6189391474,285532.6189391474,293441.4203821656
1991,65.0,5.0,3.0,1.0,1.0,1.0,1.0,1.0,1.0,1.0,1.0,1.0,36.74070174113612,10.22582161688875,2000.0,13.0,0.0,285532.6189391474,285532.6189391474,293441.4203821656
1501,120.0,4.0,1.0,1.0,1.0,1.0,1.0,1.0,1.0,1.0,1.0,1.0,36.8065,10.1815,1333.3333333333333,30.0,0.0,285532.6189391474,285532.6189391474,293441.4203821656
3645,80.0,3.0,1.0,1.0,1.0,1.0,1.0,1.0,1.0,1.0,1.0,1.0,36.8065,10.188232,1562.5,37.75,0.0,285532.6189391474,285532.6189391474,277143.4970760234
177,150.0,6.0,0.0,1.0,1.0,1.0,1.0,1.0,1.0,1.0,1.0,1.0,36.8587351,10.188232,2266.6666666666665,25.0,0.0,285532.6189391474,285532.6189391474,320375.0034842321
1804,80.0,3.0,1.0,1.0,1.0,1.0,1.0,1.0,1.0,1.0,1.0,1.0,36.45010174113639,10.75252191153426,2187.5,26.666666666666668,0.0,285532.6189391474,285532.6189391474,300305.12820512813
1268,92.0,2.0,1.0,1.0,1.0,1.0,1.0,1.0,1.0,1.0,1.0,1.0,36.8507178,10.2829345,3804.3478260869565,46.0,0.0,285532.6189391474,285532.6189391474,293441.4203821656
1594,60.0,3.0,1.0,1.0,1.0,1.0,1.0,1.0,1.0,1.0,1.0,1.0,37.0498089,11.0116492,4000.0,20.0,0.0,285532.6189391474,285532.6189391474,300305.12820512813
907,107.0,5.0,1.0,1.0,1.0,1.0,1.0,1.0,1.0,1.0,1.0,1.0,35.8359686,10.5995321,2537.88748564868,37.75,0.0,285532.6189391474,285532.6189391474,281505.570214618
1773,49.0,2.0,1.0,1.0,1.0,1.0,1.0,1.0,1.0,1.0,1.0,1.0,36.44530174113639,10.75382191636565,4387.755102040816,24.5,0.0,285532.6189391474,285532.6189391474,300305.12820512813
3203,107.0,3.0,1.0,1.0,1.0,1.0,1.0,1.0,1.0,1.0,1.0,1.0,36.8065,10.1815,2537.88748564868,37.75,0.0,285532.6189391474,285532.6189391474,293441.4203821656
2533,107.0,3.0,1.0,1.0,1.0,1.0,1.0,1.0,1.0,1.0,1.0,1.0,36.8514184,10.3088863,2537.88748564868,37.75,0.0,285532.6189391474,285532.6189391474,293441.4203821656
370,114.0,3.0,1.0,1.0,1.0,1.0,1.0,1.0,1.0,1.0,1.0,1.0,36.4512897,10.7355915,2543.8596491228072,38.0,0.0,285532.6189391474,285532.6189391474,300305.12820512813
3521,130.0,3.0,0.0,1.0,1.0,1.0,1.0,1.0,1.0,1.0,1.0,1.0,36.8065,10.1815,1269.2307692307693,43.333333333333336,0.0,285532.6189391474,285532.6189391474,293441.4203821656
1735,105.0,3.0,3.0,1.0,1.0,1.0,1.0,1.0,1.0,1.0,1.0,1.0,36.8456561,11.0935701,1714.2857142857142,35.0,0.0,285532.6189391474,285532.6189391474,300305.12820512813
932,95.0,3.0,1.0,1.0,1.0,1.0,1.0,1.0,1.0,1.0,1.0,1.0,36.8587351,10.188232,2263.157894736842,31.666666666666668,0.0,285532.6189391474,285532.6189391474,320375.0034842321
729,100.0,5.0,11.0,1.0,1.0,1.0,1.0,1.0,1.0,1.0,1.0,1.0,36.7992041,10.1756221,4000.0,20.0,0.0,285532.6189391474,285532.6189391474,293441.4203821656
598,185.0,4.0,1.0,1.0,1.0,1.0,1.0,1.0,1.0,1.0,1.0,1.0,36.8811985,10.211819,3243.2432432432433,46.25,0.0,285532.6189391474,285532.6189391474,320375.0034842321
4103,48.0,3.0,5.0,1.0,1.0,1.0,1.0,1.0,1.0,1.0,1.0,1.0,36.8625,10.1956,3333.3333333333335,37.75,0.0,285532.6189391474,285532.6189391474,320375.0034842321
1114,100.0,4.0,1.0,1.0,1.0,1.0,1.0,1.0,1.0,1.0,1.0,1.0,36.7992041,10.1756221,1600.0,25.0,0.0,285532.6189391474,285532.6189391474,293441.4203821656
2786,90.0,3.0,1.0,1.0,1.0,1.0,1.0,1.0,1.0,1.0,1.0,1.0,36.8065,10.1815,2000.0,30.0,0.0,285532.6189391474,285532.6189391474,293441.4203821656
4230,85.0,3.0,1.0,1.0,1.0,1.0,1.0,1.0,1.0,1.0,1.0,1.0,36.8065,10.1815,2235.294117647059,37.75,0.0,285532.6189391474,285532.6189391474,293441.4203821656
2832,75.0,2.0,0.0,1.0,1.0,1.0,1.0,1.0,1.0,1.0,1.0,1.0,36.8065,10.1815,1866.6666666666667,37.5,0.0,285532.6189391474,285532.6189391474,293441.4203821656
3439,72.0,2.0,1.0,1.0,1.0,1.0,1.0,1.0,1.0,1.0,1.0,1.0,36.8065,10.1815,3000.0,36.0,0.0,285532.6189391474,285532.6189391474,293441.4203821656
1833,66.0,3.0,2.0,1.0,1.0,1.0,1.0,1.0,1.0,1.0,1.0,1.0,36.91050174113595,10.293721442755537,4696.969696969697,22.0,0.0,285532.6189391474,285532.6189391474,293441.4203821656
141,231.0,6.0,0.0,1.0,1.0,1.0,1.0,1.0,1.0,1.0,1.0,1.0,36.7516855,10.2245072,1515.1515151515152,38.5,0.0,285532.6189391474,285532.6189391474,218196.17024373435
3508,150.0,3.0,2.0,1.0,1.0,1.0,1.0,1.0,1.0,1.0,1.0,1.0,36.8065,10.188232,2633.3333333333335,37.75,0.0,285532.6189391474,285532.6189391474,277143.4970760234
4153,51.0,2.0,1.0,1.0,1.0,1.0,1.0,1.0,1.0,1.0,1.0,1.0,36.8065,10.1815,4823.529411764706,25.5,0.0,285532.6189391474,285532.6189391474,293441.4203821656
491,146.0,5.0,1.0,1.0,1.0,1.0,1.0,1.0,1.0,1.0,1.0,1.0,36.7136861,10.3691813,3082.1917808219177,29.2,0.0,285532.6189391474,285532.6189391474,218196.17024373435
665,80.0,2.0,0.0,1.0,1.0,1.0,1.0,1.0,1.0,1.0,1.0,1.0,33.77955,10.0525203,3750.0,40.0,0.0,285532.6189391474,285532.6189391474,264748.4012505434
4119,107.0,2.0,6.0,1.0,1.0,1.0,1.0,1.0,1.0,1.0,1.0,1.0,36.8065,10.1815,2537.88748564868,37.75,6.0,285532.6189391474,285532.6189391474,293441.4203821656
1116,100.0,4.0,1.0,1.0,1.0,1.0,1.0,1.0,1.0,1.0,1.0,1.0,36.7404497,10.3029461,2500.0,25.0,0.0,285532.6189391474,285532.6189391474,218196.17024373435
198,125.0,4.0,1.0,1.0,1.0,1.0,1.0,1.0,1.0,1.0,1.0,1.0,36.4512897,10.7355915,3600.0,31.25,0.0,285532.6189391474,285532.6189391474,300305.12820512813
2902,110.0,3.0,0.0,1.0,1.0,1.0,1.0,1.0,1.0,1.0,1.0,1.0,36.8065,10.1815,3181.818181818182,36.666666666666664,0.0,285532.6189391474,285532.6189391474,293441.4203821656
654,50.0,2.0,0.0,1.0,1.0,1.0,1.0,1.0,1.0,1.0,1.0,1.0,36.8134113,10.1321911,2960.0,25.0,0.0,285532.6189391474,285532.6189391474,293441.4203821656
471,120.0,2.0,2.0,1.0,1.0,1.0,1.0,1.0,1.0,1.0,1.0,1.0,36.8479251,10.2611996,2333.3333333333335,60.0,2.0,285532.6189391474,285532.6189391474,293441.4203821656
1233,130.0,4.0,2.0,1.0,1.0,1.0,1.0,1.0,1.0,1.0,1.0,1.0,36.8065,10.1815,3461.5384615384614,32.5,2.0,285532.6189391474,285532.6189391474,293441.4203821656
3272,131.0,3.0,0.0,1.0,1.0,1.0,1.0,1.0,1.0,1.0,1.0,1.0,36.8065,10.1815,3816.793893129771,37.75,0.0,285532.6189391474,285532.6189391474,293441.4203821656
759,46.0,2.0,1.0,1.0,1.0,1.0,1.0,1.0,1.0,1.0,1.0,1.0,35.8245,10.6346,3586.9565217391305,23.0,0.0,285532.6189391474,285532.6189391474,281505.570214618
1295,100.0,4.0,1.0,1.0,1.0,1.0,1.0,1.0,1.0,1.0,1.0,1.0,36.7404497,10.3029461,2800.0,25.0,0.0,285532.6189391474,285532.6189391474,218196.17024373435
2187,134.0,4.0,3.0,1.0,1.0,1.0,1.0,1.0,1.0,1.0,1.0,1.0,35.9642,10.5348,1641.7910447761194,33.5,0.0,285532.6189391474,285532.6189391474,281505.570214618
3021,107.0,3.0,1.0,1.0,1.0,1.0,1.0,1.0,1.0,1.0,1.0,1.0,36.8065,10.1815,2537.88748564868,37.75,0.0,285532.6189391474,285532.6189391474,293441.4203821656
69,500.0,6.0,0.0,1.0,1.0,1.0,1.0,1.0,1.0,1.0,1.0,1.0,36.4512897,10.7355915,1300.0,83.33333333333333,0.0,285532.6189391474,285532.6189391474,300305.12820512813
2788,82.0,2.0,1.0,1.0,1.0,1.0,1.0,1.0,1.0,1.0,1.0,1.0,36.8065,10.1815,3902.439024390244,41.0,0.0,285532.6189391474,285532.6189391474,293441.4203821656
3237,112.0,4.0,1.0,1.0,1.0,1.0,1.0,1.0,1.0,1.0,1.0,1.0,36.8065,10.1815,3214.285714285714,28.0,0.0,285532.6189391474,285532.6189391474,293441.4203821656
2125,70.0,3.0,3.0,1.0,1.0,1.0,1.0,1.0,1.0,1.0,1.0,1.0,35.7275,10.8178,1357.142857142857,23.333333333333332,0.0,285532.6189391474,285532.6189391474,309845.8833033952
195,120.0,2.0,1.0,1.0,1.0,1.0,1.0,1.0,1.0,1.0,1.0,1.0,36.8587351,10.188232,1166.6666666666667,60.0,0.0,285532.6189391474,285532.6189391474,320375.0034842321
532,100.0,4.0,2.0,1.0,1.0,1.0,1.0,1.0,1.0,1.0,1.0,1.0,36.719825,10.2192362,1700.0,25.0,0.0,285532.6189391474,285532.6189391474,218196.17024373435
3703,107.0,3.0,1.0,1.0,1.0,1.0,1.0,1.0,1.0,1.0,1.0,1.0,36.8065,10.188232,2537.88748564868,37.75,0.0,285532.6189391474,285532.6189391474,277143.4970760234
874,122.0,3.0,1.0,1.0,1.0,1.0,1.0,1.0,1.0,1.0,1.0,1.0,37.2744,9.8739,1147.5409836065573,40.666666666666664,0.0,285532.6189391474,285532.6189391474,243467.8477263652
2365,107.0,3.0,1.0,1.0,1.0,1.0,1.0,1.0,1.0,1.0,1.0,1.0,36.8065,10.1815,2537.88748564868,37.75,0.0,285532.6189391474,285532.6189391474,293441.4203821656
2249,162.0,4.0,2.0,1.0,1.0,1.0,1.0,1.0,1.0,1.0,1.0,1.0,35.83180174113697,10.602322524541684,2592.5925925925926,40.5,0.0,285532.6189391474,285532.6189391474,281505.570214618
3673,160.0,3.0,1.0,1.0,1.0,1.0,1.0,1.0,1.0,1.0,1.0,1.0,36.8065,10.1815,3062.5,37.75,0.0,285532.6189391474,285532.6189391474,293441.4203821656
2830,140.0,2.0,1.0,1.0,1.0,1.0,1.0,1.0,1.0,1.0,1.0,1.0,36.8065,10.1815,214.28571428571428,70.0,0.0,285532.6189391474,285532.6189391474,293441.4203821656
3647,107.0,4.0,5.0,1.0,1.0,1.0,1.0,1.0,1.0,1.0,1.0,1.0,36.8065,10.1815,2537.88748564868,37.75,5.0,285532.6189391474,285532.6189391474,293441.4203821656
227,140.0,2.0,1.0,1.0,1.0,1.0,1.0,1.0,1.0,1.0,1.0,1.0,36.7516855,10.2245072,2500.0,70.0,0.0,285532.6189391474,285532.6189391474,218196.17024373435
812,60.0,2.0,1.0,1.0,1.0,1.0,1.0,1.0,1.0,1.0,1.0,1.0,36.8479251,10.2611996,4816.666666666667,30.0,0.0,285532.6189391474,285532.6189391474,293441.4203821656
840,95.0,2.0,1.0,1.0,1.0,1.0,1.0,1.0,1.0,1.0,1.0,1.0,36.8507178,10.2829345,3894.7368421052633,47.5,0.0,285532.6189391474,285532.6189391474,293441.4203821656
555,100.0,4.0,1.0,1.0,1.0,1.0,1.0,1.0,1.0,1.0,1.0,1.0,36.8587351,10.188232,2650.0,25.0,0.0,285532.6189391474,285532.6189391474,320375.0034842321
581,135.0,3.0,4.0,1.0,1.0,1.0,1.0,1.0,1.0,1.0,1.0,1.0,36.8507178,10.2829345,2703.703703703704,45.0,0.0,285532.6189391474,285532.6189391474,293441.4203821656
3090,180.0,3.0,1.0,1.0,1.0,1.0,1.0,1.0,1.0,1.0,1.0,1.0,36.8065,10.188232,833.3333333333334,37.75,0.0,285532.6189391474,285532.6189391474,277143.4970760234
2067,225.0,3.0,4.0,1.0,1.0,1.0,1.0,1.0,1.0,1.0,1.0,1.0,36.85350174113601,10.298721501373244,3022.222222222222,75.0,4.0,285532.6189391474,285532.6189391474,293441.4203821656
1797,130.0,3.0,4.0,1.0,1.0,1.0,1.0,1.0,1.0,1.0,1.0,1.0,36.404401741136425,10.586721957486626,3307.6923076923076,43.333333333333336,4.0,285532.6189391474,285532.6189391474,300305.12820512813
990,15.0,1.0,1.0,1.0,1.0,1.0,1.0,1.0,1.0,1.0,1.0,1.0,36.8336187,10.1471736,10000.0,15.0,0.0,285532.6189391474,285532.6189391474,293441.4203821656
1023,80.0,2.0,0.0,1.0,1.0,1.0,1.0,1.0,1.0,1.0,1.0,1.0,36.7575659,10.244981,2625.0,40.0,0.0,285532.6189391474,285532.6189391474,218196.17024373435
1334,140.0,3.0,1.0,1.0,1.0,1.0,1.0,1.0,1.0,1.0,1.0,1.0,36.4561,10.7376,2428.5714285714284,46.666666666666664,0.0,285532.6189391474,285532.6189391474,300305.12820512813
847,111.0,4.0,1.0,1.0,1.0,1.0,1.0,1.0,1.0,1.0,1.0,1.0,36.8095,10.098,1621.6216216216217,27.75,0.0,285532.6189391474,285532.6189391474,240180.81353797184
905,168.0,4.0,3.0,1.0,1.0,1.0,1.0,1.0,1.0,1.0,1.0,1.0,36.8423974,10.1571247,2321.4285714285716,42.0,0.0,285532.6189391474,285532.6189391474,293441.4203821656
631,117.0,1.0,3.0,1.0,1.0,1.0,1.0,1.0,1.0,1.0,1.0,1.0,36.8572699,10.2918693,5085.470085470086,117.0,0.0,285532.6189391474,285532.6189391474,293441.4203821656
3906,90.0,3.0,1.0,1.0,1.0,1.0,1.0,1.0,1.0,1.0,1.0,1.0,36.8065,10.188232,2888.8888888888887,30.0,0.0,285532.6189391474,285532.6189391474,277143.4970760234
1511,100.0,4.0,1.0,1.0,1.0,1.0,1.0,1.0,1.0,1.0,1.0,1.0,36.8599292,10.1531585,3200.0,25.0,0.0,285532.6189391474,285532.6189391474,320375.0034842321
2742,97.0,3.0,1.0,1.0,1.0,1.0,1.0,1.0,1.0,1.0,1.0,1.0,36.8065,10.1815,3268.041237113402,32.333333333333336,1.0,285532.6189391474,285532.6189391474,293441.4203821656
162,108.0,3.0,0.0,1.0,1.0,1.0,1.0,1.0,1.0,1.0,1.0,1.0,36.8587351,10.188232,2314.814814814815,36.0,0.0,285532.6189391474,285532.6189391474,320375.0034842321
1942,76.0,3.0,2.0,1.0,1.0,1.0,1.0,1.0,1.0,1.0,1.0,1.0,36.85360174113602,10.14892150127055,3486.842105263158,25.333333333333332,2.0,285532.6189391474,285532.6189391474,293441.4203821656
219,120.0,2.0,1.0,1.0,1.0,1.0,1.0,1.0,1.0,1.0,1.0,1.0,36.8002068,10.1857757,1416.6666666666667,60.0,0.0,285532.6189391474,285532.6189391474,293441.4203821656
1419,149.0,4.0,2.0,1.0,1.0,1.0,1.0,1.0,1.0,1.0,1.0,1.0,36.8749751,10.2454267,3489.93288590604,37.25,2.0,285532.6189391474,285532.6189391474,320375.0034842321
1916,152.0,4.0,2.0,1.0,1.0,1.0,1.0,1.0,1.0,1.0,1.0,1.0,36.863,10.1548,2085.5263157894738,38.0,2.0,285532.6189391474,285532.6189391474,293441.4203821656
2345,120.0,3.0,1.0,1.0,1.0,1.0,1.0,1.0,1.0,1.0,1.0,1.0,36.8479991,10.2943555,1000.0,37.75,0.0,285532.6189391474,285532.6189391474,293441.4203821656
3668,100.0,3.0,0.0,1.0,1.0,1.0,1.0,1.0,1.0,1.0,1.0,1.0,36.8065,10.188232,3200.0,37.75,0.0,285532.6189391474,285532.6189391474,277143.4970760234
1298,180.0,4.0,1.0,1.0,1.0,1.0,1.0,1.0,1.0,1.0,1.0,1.0,36.8065,10.1815,1444.4444444444443,45.0,0.0,285532.6189391474,285532.6189391474,293441.4203821656
925,80.0,3.0,3.0,1.0,1.0,1.0,1.0,1.0,1.0,1.0,1.0,1.0,36.7992041,10.1756221,1750.0,26.666666666666668,0.0,285532.6189391474,285532.6189391474,293441.4203821656
1692,81.0,1.0,1.0,1.0,1.0,1.0,1.0,1.0,1.0,1.0,1.0,1.0,36.4561,10.7376,5469.135802469136,81.0,0.0,285532.6189391474,285532.6189391474,300305.12820512813
547,177.0,3.0,1.0,1.0,1.0,1.0,1.0,1.0,1.0,1.0,1.0,1.0,36.8507178,10.2829345,3813.5593220338983,59.0,0.0,285532.6189391474,285532.6189391474,293441.4203821656
1185,100.0,3.0,1.0,1.0,1.0,1.0,1.0,1.0,1.0,1.0,1.0,1.0,36.8149179,10.1907702,2500.0,33.333333333333336,0.0,285532.6189391474,285532.6189391474,293441.4203821656
1075,103.0,2.0,2.0,1.0,1.0,1.0,1.0,1.0,1.0,1.0,1.0,1.0,36.8065,10.1815,5631.0679611650485,51.5,0.0,285532.6189391474,285532.6189391474,293441.4203821656
3436,107.0,3.0,0.0,1.0,1.0,1.0,1.0,1.0,1.0,1.0,1.0,1.0,36.8065,10.1815,2537.88748564868,37.75,0.0,285532.6189391474,285532.6189391474,293441.4203821656
4120,107.0,3.0,1.0,1.0,1.0,1.0,1.0,1.0,1.0,1.0,1.0,1.0,36.8065,10.188232,2537.88748564868,37.75,0.0,285532.6189391474,285532.6189391474,277143.4970760234
568,49.0,2.0,0.0,1.0,1.0,1.0,1.0,1.0,1.0,1.0,1.0,1.0,36.8585478,10.1682756,4285.714285714285,24.5,0.0,285532.6189391474,285532.6189391474,320375.0034842321
1097,76.0,2.0,1.0,1.0,1.0,1.0,1.0,1.0,1.0,1.0,1.0,1.0,36.753,10.228,1171.0526315789473,38.0,0.0,285532.6189391474,285532.6189391474,218196.17024373435
1450,120.0,4.0,1.0,1.0,1.0,1.0,1.0,1.0,1.0,1.0,1.0,1.0,36.7404497,10.3029461,2083.3333333333335,30.0,0.0,285532.6189391474,285532.6189391474,218196.17024373435
1499,160.0,5.0,5.0,1.0,1.0,1.0,1.0,1.0,1.0,1.0,1.0,1.0,36.8484562,10.1634244,2812.5,32.0,5.0,285532.6189391474,285532.6189391474,320375.0034842321
2008,57.0,2.0,1.0,1.0,1.0,1.0,1.0,1.0,1.0,1.0,1.0,1.0,36.84890174113602,10.139021506096595,3245.6140350877195,28.5,0.0,285532.6189391474,285532.6189391474,293441.4203821656
2618,55.0,1.0,1.0,1.0,1.0,1.0,1.0,1.0,1.0,1.0,1.0,1.0,36.8065,10.1815,2727.2727272727275,55.0,0.0,285532.6189391474,285532.6189391474,293441.4203821656
3143,63.0,3.0,2.0,1.0,1.0,1.0,1.0,1.0,1.0,1.0,1.0,1.0,36.8065,10.1815,3412.6984126984125,37.75,0.0,285532.6189391474,285532.6189391474,293441.4203821656
611,108.0,3.0,4.0,1.0,1.0,1.0,1.0,1.0,1.0,1.0,1.0,1.0,36.7019512,10.3964906,1712.962962962963,36.0,4.0,285532.6189391474,285532.6189391474,218196.17024373435
3293,107.0,2.0,1.0,1.0,1.0,1.0,1.0,1.0,1.0,1.0,1.0,1.0,36.8625,10.1956,2537.88748564868,37.75,0.0,285532.6189391474,285532.6189391474,320375.0034842321
3898,223.0,4.0,1.0,1.0,1.0,1.0,1.0,1.0,1.0,1.0,1.0,1.0,36.8065,10.1815,3094.170403587444,55.75,0.0,285532.6189391474,285532.6189391474,293441.4203821656
1396,122.0,3.0,4.0,1.0,1.0,1.0,1.0,1.0,1.0,1.0,1.0,1.0,36.7404497,10.3029461,2704.9180327868853,40.666666666666664,4.0,285532.6189391474,285532.6189391474,218196.17024373435
2626,85.0,3.0,1.0,1.0,1.0,1.0,1.0,1.0,1.0,1.0,1.0,1.0,36.8065,10.188232,3529.4117647058824,28.333333333333332,0.0,285532.6189391474,285532.6189391474,277143.4970760234
742,70.0,3.0,0.0,1.0,1.0,1.0,1.0,1.0,1.0,1.0,1.0,1.0,36.8625,10.1956,2000.0,23.333333333333332,0.0,285532.6189391474,285532.6189391474,320375.0034842321
637,89.0,1.0,1.0,1.0,1.0,1.0,1.0,1.0,1.0,1.0,1.0,1.0,36.4561,10.7376,2696.629213483146,89.0,1.0,285532.6189391474,285532.6189391474,300305.12820512813
3899,169.0,3.0,1.0,1.0,1.0,1.0,1.0,1.0,1.0,1.0,1.0,1.0,36.8065,10.188232,2426.03550295858,56.333333333333336,0.0,285532.6189391474,285532.6189391474,277143.4970760234
3344,200.0,3.0,1.0,1.0,1.0,1.0,1.0,1.0,1.0,1.0,1.0,1.0,36.8065,10.188232,625.0,37.75,0.0,285532.6189391474,285532.6189391474,277143.4970760234
1987,100.0,3.0,1.0,1.0,1.0,1.0,1.0,1.0,1.0,1.0,1.0,1.0,36.7364,10.2431,1280.0,33.333333333333336,0.0,285532.6189391474,285532.6189391474,293441.4203821656
1602,93.0,3.0,2.0,1.0,1.0,1.0,1.0,1.0,1.0,1.0,1.0,1.0,34.7361691,10.7662357,1344.0860215053763,31.0,0.0,285532.6189391474,285532.6189391474,245349.25277465454
48,40.0,2.0,1.0,1.0,1.0,1.0,1.0,1.0,1.0,1.0,1.0,1.0,36.4512897,10.7355915,9750.0,20.0,0.0,285532.6189391474,285532.6189391474,300305.12820512813
1782,80.0,3.0,1.0,1.0,1.0,1.0,1.0,1.0,1.0,1.0,1.0,1.0,36.8402,11.0788,2312.5,26.666666666666668,0.0,285532.6189391474,285532.6189391474,300305.12820512813
921,100.0,4.0,1.0,1.0,1.0,1.0,1.0,1.0,1.0,1.0,1.0,1.0,36.7404497,10.3029461,2000.0,25.0,0.0,285532.6189391474,285532.6189391474,218196.17024373435
3923,180.0,3.0,5.0,1.0,1.0,1.0,1.0,1.0,1.0,1.0,1.0,1.0,36.8065,10.188232,1944.4444444444443,60.0,5.0,285532.6189391474,285532.6189391474,277143.4970760234
756,42.0,1.0,0.0,1.0,1.0,1.0,1.0,1.0,1.0,1.0,1.0,1.0,35.8913101,10.5852113,5595.238095238095,42.0,0.0,285532.6189391474,285532.6189391474,281505.570214618
1558,130.0,1.0,1.0,1.0,1.0,1.0,1.0,1.0,1.0,1.0,1.0,1.0,36.8423974,10.1571247,2153.846153846154,130.0,0.0,285532.6189391474,285532.6189391474,293441.4203821656
2275,85.0,2.0,3.0,1.0,1.0,1.0,1.0,1.0,1.0,1.0,1.0,1.0,36.0117,10.516,2352.9411764705883,42.5,0.0,285532.6189391474,285532.6189391474,281505.570214618
3119,69.0,2.0,1.0,1.0,1.0,1.0,1.0,1.0,1.0,1.0,1.0,1.0,36.8065,10.1815,5289.855072463768,34.5,1.0,285532.6189391474,285532.6189391474,293441.4203821656
2214,140.0,3.0,2.0,1.0,1.0,1.0,1.0,1.0,1.0,1.0,1.0,1.0,35.81090174113697,10.612122544937504,2900.0,46.666666666666664,0.0,285532.6189391474,285532.6189391474,281505.570214618
1747,118.0,4.0,2.0,1.0,1.0,1.0,1.0,1.0,1.0,1.0,1.0,1.0,36.8811985,10.211819,3474.576271186441,29.5,0.0,285532.6189391474,285532.6189391474,320375.0034842321
1220,114.0,5.0,0.0,1.0,1.0,1.0,1.0,1.0,1.0,1.0,1.0,1.0,36.719825,10.2192362,2982.4561403508774,22.8,0.0,285532.6189391474,285532.6189391474,218196.17024373435
3839,107.0,3.0,1.0,1.0,1.0,1.0,1.0,1.0,1.0,1.0,1.0,1.0,36.8065,10.188232,2537.88748564868,37.75,0.0,285532.6189391474,285532.6189391474,277143.4970760234
1799,100.0,3.0,0.0,1.0,1.0,1.0,1.0,1.0,1.0,1.0,1.0,1.0,36.448101741136384,10.75382191354748,3000.0,33.333333333333336,0.0,285532.6189391474,285532.6189391474,300305.12820512813
3580,138.0,3.0,1.0,1.0,1.0,1.0,1.0,1.0,1.0,1.0,1.0,1.0,36.8065,10.1815,2971.014492753623,46.0,0.0,285532.6189391474,285532.6189391474,293441.4203821656
2359,140.0,3.0,1.0,1.0,1.0,1.0,1.0,1.0,1.0,1.0,1.0,1.0,36.8065,10.1815,3500.0,46.666666666666664,0.0,285532.6189391474,285532.6189391474,293441.4203821656
4219,100.0,3.0,1.0,1.0,1.0,1.0,1.0,1.0,1.0,1.0,1.0,1.0,36.8065,10.1815,1200.0,37.75,0.0,285532.6189391474,285532.6189391474,293441.4203821656
2576,107.0,3.0,1.0,1.0,1.0,1.0,1.0,1.0,1.0,1.0,1.0,1.0,36.8065,10.1815,2537.88748564868,37.75,0.0,285532.6189391474,285532.6189391474,293441.4203821656
2800,107.0,3.0,1.0,1.0,1.0,1.0,1.0,1.0,1.0,1.0,1.0,1.0,36.8065,10.1815,2537.88748564868,37.75,0.0,285532.6189391474,285532.6189391474,293441.4203821656
1228,122.0,1.0,1.0,1.0,1.0,1.0,1.0,1.0,1.0,1.0,1.0,1.0,36.719825,10.2192362,1557.377049180328,122.0,0.0,285532.6189391474,285532.6189391474,218196.17024373435
3921,107.0,3.0,1.0,1.0,1.0,1.0,1.0,1.0,1.0,1.0,1.0,1.0,35.8245,10.6346,2537.88748564868,37.75,0.0,285532.6189391474,285532.6189391474,281505.570214618
1837,95.0,3.0,2.0,1.0,1.0,1.0,1.0,1.0,1.0,1.0,1.0,1.0,36.81910174113604,10.179721536669682,3315.7894736842104,31.666666666666668,2.0,285532.6189391474,285532.6189391474,293441.4203821656
2368,107.0,3.0,1.0,1.0,1.0,1.0,1.0,1.0,1.0,1.0,1.0,1.0,36.8514184,10.3088863,2537.88748564868,37.75,0.0,285532.6189391474,285532.6189391474,293441.4203821656
3827,107.0,3.0,1.0,1.0,1.0,1.0,1.0,1.0,1.0,1.0,1.0,1.0,36.8065,10.1815,2537.88748564868,37.75,0.0,285532.6189391474,285532.6189391474,293441.4203821656
3109,74.0,2.0,1.0,1.0,1.0,1.0,1.0,1.0,1.0,1.0,1.0,1.0,36.8065,10.1815,3986.4864864864867,37.0,0.0,285532.6189391474,285532.6189391474,293441.4203821656
2216,125.0,3.0,4.0,1.0,1.0,1.0,1.0,1.0,1.0,1.0,1.0,1.0,35.8531,10.609,2320.0,41.666666666666664,4.0,285532.6189391474,285532.6189391474,281505.570214618
2913,107.0,2.0,1.0,1.0,1.0,1.0,1.0,1.0,1.0,1.0,1.0,1.0,36.8065,10.1815,2537.88748564868,37.75,0.0,285532.6189391474,285532.6189391474,293441.4203821656
3456,107.0,3.0,1.0,1.0,1.0,1.0,1.0,1.0,1.0,1.0,1.0,1.0,36.8065,10.1815,2537.88748564868,37.75,0.0,285532.6189391474,285532.6189391474,293441.4203821656
2142,90.0,3.0,4.0,1.0,1.0,1.0,1.0,1.0,1.0,1.0,1.0,1.0,35.767801741137006,10.805522586931383,2111.1111111111113,30.0,4.0,285532.6189391474,285532.6189391474,309845.8833033952
2597,156.0,4.0,2.0,1.0,1.0,1.0,1.0,1.0,1.0,1.0,1.0,1.0,36.8065,10.1815,3717.948717948718,39.0,0.0,285532.6189391474,285532.6189391474,293441.4203821656
3810,107.0,3.0,1.0,1.0,1.0,1.0,1.0,1.0,1.0,1.0,1.0,1.0,36.8065,10.1815,2537.88748564868,37.75,0.0,285532.6189391474,285532.6189391474,293441.4203821656
1407,125.0,1.0,1.0,1.0,1.0,1.0,1.0,1.0,1.0,1.0,1.0,1.0,36.8402748,10.1165802,4640.0,125.0,0.0,285532.6189391474,285532.6189391474,320375.0034842321
4201,147.0,4.0,1.0,1.0,1.0,1.0,1.0,1.0,1.0,1.0,1.0,1.0,36.8065,10.188232,2768.707482993197,36.75,0.0,285532.6189391474,285532.6189391474,277143.4970760234
3243,107.0,3.0,1.0,1.0,1.0,1.0,1.0,1.0,1.0,1.0,1.0,1.0,36.8065,10.188232,2537.88748564868,37.75,0.0,285532.6189391474,285532.6189391474,277143.4970760234
2285,120.0,4.0,5.0,1.0,1.0,1.0,1.0,1.0,1.0,1.0,1.0,1.0,35.85110174113694,10.58852250568857,2958.3333333333335,30.0,5.0,285532.6189391474,285532.6189391474,281505.570214618
3253,220.0,4.0,1.0,1.0,1.0,1.0,1.0,1.0,1.0,1.0,1.0,1.0,36.8065,10.1815,2409.090909090909,55.0,0.0,285532.6189391474,285532.6189391474,293441.4203821656
867,66.0,1.0,2.0,1.0,1.0,1.0,1.0,1.0,1.0,1.0,1.0,1.0,36.8749751,10.2454267,3606.060606060606,66.0,0.0,285532.6189391474,285532.6189391474,320375.0034842321
926,80.0,3.0,2.0,1.0,1.0,1.0,1.0,1.0,1.0,1.0,1.0,1.0,36.719825,10.2192362,1500.0,26.666666666666668,0.0,285532.6189391474,285532.6189391474,218196.17024373435
997,141.0,3.0,1.0,1.0,1.0,1.0,1.0,1.0,1.0,1.0,1.0,1.0,36.66721,10.2979439,2000.0,47.0,0.0,285532.6189391474,285532.6189391474,218196.17024373435
4255,148.0,3.0,0.0,1.0,1.0,1.0,1.0,1.0,1.0,1.0,1.0,1.0,37.2744,9.8739,1756.7567567567567,37.75,0.0,285532.6189391474,285532.6189391474,243467.8477263652
1235,63.0,1.0,1.0,1.0,1.0,1.0,1.0,1.0,1.0,1.0,1.0,1.0,35.8913101,10.5852113,3015.873015873016,63.0,0.0,285532.6189391474,285532.6189391474,281505.570214618
1421,214.0,3.0,0.0,1.0,1.0,1.0,1.0,1.0,1.0,1.0,1.0,1.0,36.8479991,10.2943555,1962.6168224299065,71.33333333333333,0.0,285532.6189391474,285532.6189391474,293441.4203821656
210,90.0,2.0,1.0,1.0,1.0,1.0,1.0,1.0,1.0,1.0,1.0,1.0,36.7516855,10.2245072,1833.3333333333333,45.0,0.0,285532.6189391474,285532.6189391474,218196.17024373435
1555,100.0,4.0,1.0,1.0,1.0,1.0,1.0,1.0,1.0,1.0,1.0,1.0,36.8065,10.1815,1650.0,25.0,0.0,285532.6189391474,285532.6189391474,293441.4203821656
59,100.0,2.0,1.0,1.0,1.0,1.0,1.0,1.0,1.0,1.0,1.0,1.0,36.8002068,10.1857757,1500.0,50.0,0.0,285532.6189391474,285532.6189391474,293441.4203821656
2251,119.0,3.0,3.0,1.0,1.0,1.0,1.0,1.0,1.0,1.0,1.0,1.0,36.013,10.5146,1596.638655462185,39.666666666666664,0.0,285532.6189391474,285532.6189391474,281505.570214618
1281,73.0,2.0,3.0,1.0,1.0,1.0,1.0,1.0,1.0,1.0,1.0,1.0,36.8749751,10.2454267,2534.246575342466,36.5,3.0,285532.6189391474,285532.6189391474,320375.0034842321
4179,107.0,2.0,1.0,1.0,1.0,1.0,1.0,1.0,1.0,1.0,1.0,1.0,36.8065,10.188232,2537.88748564868,37.75,0.0,285532.6189391474,285532.6189391474,277143.4970760234
1106,130.0,4.0,1.0,1.0,1.0,1.0,1.0,1.0,1.0,1.0,1.0,1.0,35.8245,10.6346,1538.4615384615386,32.5,0.0,285532.6189391474,285532.6189391474,281505.570214618
765,182.0,3.0,0.0,1.0,1.0,1.0,1.0,1.0,1.0,1.0,1.0,1.0,35.8913101,10.5852113,2362.6373626373625,60.666666666666664,0.0,285532.6189391474,285532.6189391474,281505.570214618
1996,172.0,3.0,7.0,1.0,1.0,1.0,1.0,1.0,1.0,1.0,1.0,1.0,36.8597,10.1621,2558.139534883721,57.333333333333336,0.0,285532.6189391474,285532.6189391474,293441.4203821656
1123,120.0,3.0,1.0,1.0,1.0,1.0,1.0,1.0,1.0,1.0,1.0,1.0,36.7992041,10.1756221,2916.6666666666665,40.0,0.0,285532.6189391474,285532.6189391474,293441.4203821656
1078,140.0,4.0,1.0,1.0,1.0,1.0,1.0,1.0,1.0,1.0,1.0,1.0,36.4012665,10.5572827,2035.7142857142858,35.0,0.0,285532.6189391474,285532.6189391474,300305.12820512813
2802,125.0,3.0,1.0,1.0,1.0,1.0,1.0,1.0,1.0,1.0,1.0,1.0,36.8065,10.1815,1000.0,37.75,0.0,285532.6189391474,285532.6189391474,293441.4203821656
1841,147.0,3.0,5.0,1.0,1.0,1.0,1.0,1.0,1.0,1.0,1.0,1.0,36.864,10.2903,2653.061224489796,49.0,0.0,285532.6189391474,285532.6189391474,293441.4203821656
1886,115.0,4.0,1.0,1.0,1.0,1.0,1.0,1.0,1.0,1.0,1.0,1.0,36.81360174113604,10.176821542307444,2173.913043478261,28.75,1.0,285532.6189391474,285532.6189391474,293441.4203821656
2693,75.0,2.0,1.0,1.0,1.0,1.0,1.0,1.0,1.0,1.0,1.0,1.0,36.8065,10.188232,3200.0,37.5,0.0,285532.6189391474,285532.6189391474,277143.4970760234
582,82.0,3.0,0.0,1.0,1.0,1.0,1.0,1.0,1.0,1.0,1.0,1.0,35.8657303,10.5678382,2439.0243902439024,27.333333333333332,0.0,285532.6189391474,285532.6189391474,281505.570214618
2841,75.0,2.0,0.0,1.0,1.0,1.0,1.0,1.0,1.0,1.0,1.0,1.0,36.8065,10.1815,2666.6666666666665,37.5,0.0,285532.6189391474,285532.6189391474,293441.4203821656
1446,75.0,3.0,0.0,1.0,1.0,1.0,1.0,1.0,1.0,1.0,1.0,1.0,36.7256,9.1817,2133.3333333333335,37.75,0.0,285532.6189391474,285532.6189391474,266419.2308660581
940,80.0,3.0,1.0,1.0,1.0,1.0,1.0,1.0,1.0,1.0,1.0,1.0,36.753,10.228,1812.5,26.666666666666668,0.0,285532.6189391474,285532.6189391474,218196.17024373435
1080,71.0,1.0,1.0,1.0,1.0,1.0,1.0,1.0,1.0,1.0,1.0,1.0,36.4561,10.7376,5281.69014084507,71.0,0.0,285532.6189391474,285532.6189391474,300305.12820512813
187,125.0,2.0,1.0,1.0,1.0,1.0,1.0,1.0,1.0,1.0,1.0,1.0,36.7516855,10.2245072,1480.0,62.5,0.0,285532.6189391474,285532.6189391474,218196.17024373435
2108,100.0,3.0,1.0,1.0,1.0,1.0,1.0,1.0,1.0,1.0,1.0,1.0,35.47680174113727,11.045022868136702,1700.0,33.333333333333336,0.0,285532.6189391474,285532.6189391474,276683.9253054531
3480,135.0,4.0,4.0,1.0,1.0,1.0,1.0,1.0,1.0,1.0,1.0,1.0,36.753,10.228,1851.851851851852,33.75,4.0,285532.6189391474,285532.6189391474,218196.17024373435
2678,171.0,3.0,1.0,1.0,1.0,1.0,1.0,1.0,1.0,1.0,1.0,1.0,36.8065,10.188232,2292.3976608187136,57.0,0.0,285532.6189391474,285532.6189391474,277143.4970760234
1309,85.0,2.0,1.0,1.0,1.0,1.0,1.0,1.0,1.0,1.0,1.0,1.0,36.9003542,11.0982607,2764.705882352941,42.5,0.0,285532.6189391474,285532.6189391474,300305.12820512813
2035,59.0,2.0,1.0,1.0,1.0,1.0,1.0,1.0,1.0,1.0,1.0,1.0,36.863,10.1505,5033.8983050847455,29.5,0.0,285532.6189391474,285532.6189391474,293441.4203821656
4066,60.0,2.0,1.0,1.0,1.0,1.0,1.0,1.0,1.0,1.0,1.0,1.0,36.8065,10.188232,4166.666666666667,30.0,0.0,285532.6189391474,285532.6189391474,277143.4970760234
226,98.0,2.0,1.0,1.0,1.0,1.0,1.0,1.0,1.0,1.0,1.0,1.0,36.8002068,10.1857757,1887.7551020408164,49.0,0.0,285532.6189391474,285532.6189391474,293441.4203821656
1490,120.0,4.0,1.0,1.0,1.0,1.0,1.0,1.0,1.0,1.0,1.0,1.0,36.8065,10.1815,1333.3333333333333,30.0,0.0,285532.6189391474,285532.6189391474,293441.4203821656
535,60.0,2.0,1.0,1.0,1.0,1.0,1.0,1.0,1.0,1.0,1.0,1.0,36.8599292,10.1531585,3666.6666666666665,30.0,0.0,285532.6189391474,285532.6189391474,320375.0034842321
1113,217.0,1.0,1.0,1.0,1.0,1.0,1.0,1.0,1.0,1.0,1.0,1.0,36.8865322,10.3011415,2626.7281105990783,217.0,0.0,285532.6189391474,285532.6189391474,293441.4203821656
2796,66.0,3.0,5.0,1.0,1.0,1.0,1.0,1.0,1.0,1.0,1.0,1.0,36.8065,10.1815,3560.6060606060605,37.75,0.0,285532.6189391474,285532.6189391474,293441.4203821656
697,105.0,4.0,1.0,1.0,1.0,1.0,1.0,1.0,1.0,1.0,1.0,1.0,36.8541206,10.1626718,2666.6666666666665,26.25,0.0,285532.6189391474,285532.6189391474,320375.0034842321
1504,75.0,1.0,1.0,1.0,1.0,1.0,1.0,1.0,1.0,1.0,1.0,1.0,36.4561,10.7376,3866.6666666666665,75.0,0.0,285532.6189391474,285532.6189391474,300305.12820512813
3416,107.0,2.0,2.0,1.0,1.0,1.0,1.0,1.0,1.0,1.0,1.0,1.0,36.8065,10.1815,2537.88748564868,37.75,2.0,285532.6189391474,285532.6189391474,293441.4203821656
3853,82.0,3.0,2.0,1.0,1.0,1.0,1.0,1.0,1.0,1.0,1.0,1.0,35.8245,10.6346,2073.170731707317,27.333333333333332,0.0,285532.6189391474,285532.6189391474,281505.570214618
1809,150.0,2.0,0.0,1.0,1.0,1.0,1.0,1.0,1.0,1.0,1.0,1.0,36.45010174113639,10.75252191153426,1600.0,75.0,0.0,285532.6189391474,285532.6189391474,300305.12820512813
1037,170.0,2.0,1.0,1.0,1.0,1.0,1.0,1.0,1.0,1.0,1.0,1.0,35.8359686,10.5995321,2047.0588235294117,85.0,0.0,285532.6189391474,285532.6189391474,281505.570214618
208,98.0,2.0,1.0,1.0,1.0,1.0,1.0,1.0,1.0,1.0,1.0,1.0,36.8587351,10.188232,2959.183673469388,49.0,0.0,285532.6189391474,285532.6189391474,320375.0034842321
2831,105.0,2.0,3.0,1.0,1.0,1.0,0.0,1.0,0.0,1.0,0.0,0.0,36.8065,10.1815,4000.0,52.5,3.0,285532.6189391474,285532.6189391474,293441.4203821656
565,120.0,5.0,1.0,1.0,1.0,1.0,1.0,1.0,1.0,1.0,1.0,1.0,36.7136861,10.3691813,2666.6666666666665,24.0,0.0,285532.6189391474,285532.6189391474,218196.17024373435
313,80.0,2.0,1.0,1.0,1.0,1.0,1.0,1.0,1.0,1.0,1.0,1.0,36.4512897,10.7355915,6250.0,40.0,0.0,285532.6189391474,285532.6189391474,300305.12820512813
601,130.0,3.0,0.0,1.0,1.0,1.0,1.0,1.0,1.0,1.0,1.0,1.0,36.8065,10.1815,4730.7692307692305,43.333333333333336,0.0,285532.6189391474,285532.6189391474,293441.4203821656
233,100.0,2.0,1.0,1.0,1.0,1.0,1.0,1.0,1.0,1.0,1.0,1.0,36.8065,10.188232,2700.0,50.0,0.0,285532.6189391474,285532.6189391474,277143.4970760234
1164,204.0,4.0,3.0,1.0,1.0,1.0,1.0,1.0,1.0,1.0,1.0,1.0,36.8457382,10.1317222,3186.274509803922,51.0,3.0,285532.6189391474,285532.6189391474,320375.0034842321
1911,146.0,4.0,1.0,1.0,1.0,1.0,1.0,1.0,1.0,1.0,1.0,1.0,36.84450174113601,10.166221510613576,2191.780821917808,36.5,0.0,285532.6189391474,285532.6189391474,293441.4203821656
3342,80.0,4.0,1.0,1.0,1.0,1.0,1.0,1.0,1.0,1.0,1.0,1.0,36.8065,10.188232,1737.5,20.0,0.0,285532.6189391474,285532.6189391474,277143.4970760234
1456,91.0,3.0,1.0,1.0,1.0,1.0,1.0,1.0,1.0,1.0,1.0,1.0,36.8599292,10.1531585,2637.3626373626375,30.333333333333332,0.0,285532.6189391474,285532.6189391474,320375.0034842321
111,62.0,2.0,1.0,1.0,1.0,1.0,1.0,1.0,1.0,1.0,1.0,1.0,36.4512897,10.7355915,4122.580645161291,31.0,0.0,285532.6189391474,285532.6189391474,300305.12820512813
2260,62.0,1.0,3.0,1.0,1.0,1.0,1.0,1.0,1.0,1.0,1.0,1.0,35.850601741136934,10.61422250617722,4596.774193548387,62.0,0.0,285532.6189391474,285532.6189391474,281505.570214618
1089,120.0,5.0,0.0,1.0,1.0,1.0,1.0,1.0,1.0,1.0,1.0,1.0,35.8137916,10.5208721,2666.6666666666665,24.0,0.0,285532.6189391474,285532.6189391474,281505.570214618
2747,107.0,4.0,1.0,1.0,1.0,1.0,1.0,1.0,1.0,1.0,1.0,1.0,36.8065,10.1815,2537.88748564868,37.75,0.0,285532.6189391474,285532.6189391474,293441.4203821656
1871,116.0,3.0,2.0,1.0,1.0,1.0,1.0,1.0,1.0,1.0,1.0,1.0,36.8642,10.268,2715.5172413793102,38.666666666666664,0.0,285532.6189391474,285532.6189391474,293441.4203821656
1171,42.0,2.0,1.0,1.0,1.0,1.0,1.0,1.0,1.0,1.0,1.0,1.0,36.8336187,10.1471736,3619.0476190476193,21.0,0.0,285532.6189391474,285532.6189391474,293441.4203821656
1413,170.0,1.0,0.0,1.0,1.0,1.0,1.0,1.0,1.0,1.0,1.0,1.0,36.8291875,10.1903688,1000.0,170.0,0.0,285532.6189391474,285532.6189391474,293441.4203821656
472,109.0,2.0,1.0,1.0,1.0,1.0,1.0,1.0,1.0,1.0,1.0,1.0,36.8479251,10.2611996,2293.577981651376,54.5,0.0,285532.6189391474,285532.6189391474,293441.4203821656
4173,147.0,3.0,1.0,1.0,1.0,1.0,1.0,1.0,1.0,1.0,1.0,1.0,36.8065,10.1815,4047.6190476190477,37.75,0.0,285532.6189391474,285532.6189391474,293441.4203821656
3862,100.0,3.0,1.0,1.0,1.0,1.0,1.0,1.0,1.0,1.0,1.0,1.0,36.8065,10.1815,6500.0,33.333333333333336,0.0,285532.6189391474,285532.6189391474,293441.4203821656
1733,120.0,1.0,0.0,1.0,1.0,1.0,1.0,1.0,1.0,1.0,1.0,1.0,36.7404497,10.3029461,2458.3333333333335,120.0,0.0,285532.6189391474,285532.6189391474,218196.17024373435
1634,75.0,1.0,1.0,1.0,1.0,1.0,1.0,1.0,1.0,1.0,1.0,1.0,36.8507178,10.2829345,3320.0,75.0,0.0,285532.6189391474,285532.6189391474,293441.4203821656
4233,100.0,3.0,0.0,1.0,1.0,1.0,1.0,1.0,1.0,1.0,1.0,1.0,36.8065,10.188232,3200.0,37.75,0.0,285532.6189391474,285532.6189391474,277143.4970760234
361,110.0,2.0,1.0,1.0,1.0,1.0,1.0,1.0,1.0,1.0,1.0,1.0,36.8587351,10.188232,2590.909090909091,55.0,0.0,285532.6189391474,285532.6189391474,320375.0034842321
135,70.0,2.0,1.0,1.0,1.0,1.0,1.0,1.0,1.0,1.0,1.0,1.0,36.4512897,10.7355915,1857.142857142857,35.0,0.0,285532.6189391474,285532.6189391474,300305.12820512813
1134,120.0,4.0,1.0,1.0,1.0,1.0,1.0,1.0,1.0,1.0,1.0,1.0,36.7408564,10.1211384,1000.0,30.0,0.0,285532.6189391474,285532.6189391474,293441.4203821656
2407,98.0,3.0,1.0,1.0,1.0,1.0,1.0,1.0,1.0,1.0,1.0,1.0,36.8790882,10.327678,4846.938775510204,37.75,0.0,285532.6189391474,285532.6189391474,293441.4203821656
1053,104.0,3.0,4.0,1.0,1.0,1.0,1.0,1.0,1.0,1.0,1.0,1.0,36.8479251,10.2611996,2355.769230769231,34.666666666666664,4.0,285532.6189391474,285532.6189391474,293441.4203821656
3463,186.0,4.0,1.0,1.0,1.0,1.0,1.0,1.0,1.0,1.0,1.0,1.0,36.8065,10.1815,3300.0,46.5,1.0,285532.6189391474,285532.6189391474,293441.4203821656
22,114.0,3.0,1.0,1.0,1.0,1.0,1.0,1.0,1.0,1.0,1.0,1.0,36.4512897,10.7355915,3201.754385964912,38.0,0.0,285532.6189391474,285532.6189391474,300305.12820512813
1707,160.0,3.0,1.0,1.0,1.0,1.0,1.0,1.0,1.0,1.0,1.0,1.0,36.7992041,10.1756221,1812.5,53.333333333333336,0.0,285532.6189391474,285532.6189391474,293441.4203821656
1288,120.0,3.0,0.0,1.0,1.0,1.0,1.0,1.0,1.0,1.0,1.0,1.0,36.8541206,10.1626718,3333.3333333333335,40.0,0.0,285532.6189391474,285532.6189391474,320375.0034842321
1458,109.0,4.0,1.0,1.0,1.0,1.0,1.0,1.0,1.0,1.0,1.0,1.0,36.8625,10.1956,1788.9908256880733,27.25,0.0,285532.6189391474,285532.6189391474,320375.0034842321
695,170.0,2.0,1.0,1.0,1.0,1.0,1.0,1.0,1.0,1.0,1.0,1.0,35.8749788,10.5935183,647.0588235294117,85.0,0.0,285532.6189391474,285532.6189391474,281505.570214618
420,50.0,2.0,1.0,1.0,1.0,1.0,1.0,1.0,1.0,1.0,1.0,1.0,35.8245,10.6346,8000.0,25.0,0.0,285532.6189391474,285532.6189391474,281505.570214618
2157,123.0,3.0,3.0,1.0,1.0,1.0,1.0,1.0,1.0,1.0,1.0,1.0,35.7824,10.6898,3902.439024390244,41.0,0.0,285532.6189391474,285532.6189391474,309845.8833033952
460,100.0,3.0,2.0,1.0,1.0,1.0,1.0,1.0,1.0,1.0,1.0,1.0,36.8215855,10.1778355,2100.0,33.333333333333336,2.0,285532.6189391474,285532.6189391474,293441.4203821656
1067,160.0,4.0,1.0,1.0,1.0,1.0,1.0,1.0,1.0,1.0,1.0,1.0,36.8599292,10.1531585,2062.5,40.0,0.0,285532.6189391474,285532.6189391474,320375.0034842321
87,168.0,2.0,1.0,1.0,1.0,1.0,1.0,1.0,1.0,1.0,1.0,1.0,36.8587351,10.188232,2261.904761904762,84.0,0.0,285532.6189391474,285532.6189391474,320375.0034842321
282,90.0,2.0,1.0,1.0,1.0,1.0,1.0,1.0,1.0,1.0,1.0,1.0,36.4512897,10.7355915,2666.6666666666665,45.0,0.0,285532.6189391474,285532.6189391474,300305.12820512813
3435,170.0,4.0,1.0,1.0,1.0,1.0,1.0,1.0,1.0,1.0,1.0,1.0,36.8065,10.1815,3570.5882352941176,42.5,0.0,285532.6189391474,285532.6189391474,293441.4203821656
1213,75.0,2.0,2.0,1.0,1.0,1.0,1.0,1.0,1.0,1.0,1.0,1.0,36.719825,10.2192362,2000.0,37.5,0.0,285532.6189391474,285532.6189391474,218196.17024373435
2508,55.0,2.0,1.0,1.0,1.0,1.0,1.0,1.0,1.0,1.0,1.0,1.0,36.8548083,10.3309924,4181.818181818182,27.5,0.0,285532.6189391474,285532.6189391474,293441.4203821656
4110,100.0,3.0,1.0,1.0,1.0,1.0,1.0,1.0,1.0,1.0,1.0,1.0,36.8065,10.188232,1950.0,37.75,0.0,285532.6189391474,285532.6189391474,277143.4970760234
1200,132.0,4.0,1.0,1.0,1.0,1.0,1.0,1.0,1.0,1.0,1.0,1.0,36.8479251,10.2611996,2424.242424242424,33.0,0.0,285532.6189391474,285532.6189391474,293441.4203821656
859,60.0,2.0,1.0,1.0,1.0,1.0,1.0,1.0,1.0,1.0,1.0,1.0,36.7992041,10.1756221,2283.3333333333335,30.0,0.0,285532.6189391474,285532.6189391474,293441.4203821656
533,140.0,5.0,0.0,1.0,1.0,1.0,1.0,1.0,1.0,1.0,1.0,1.0,36.8095,10.098,3214.285714285714,28.0,0.0,285532.6189391474,285532.6189391474,240180.81353797184
3631,50.0,2.0,1.0,1.0,1.0,1.0,1.0,1.0,1.0,1.0,1.0,1.0,36.8065,10.188232,3000.0,25.0,0.0,285532.6189391474,285532.6189391474,277143.4970760234
1476,162.0,3.0,0.0,1.0,1.0,1.0,1.0,1.0,1.0,1.0,1.0,1.0,36.4012665,10.5572827,2962.962962962963,54.0,0.0,285532.6189391474,285532.6189391474,300305.12820512813
1313,70.0,3.0,1.0,1.0,1.0,1.0,1.0,1.0,1.0,1.0,1.0,1.0,36.8507178,10.2829345,3571.4285714285716,37.75,0.0,285532.6189391474,285532.6189391474,293441.4203821656
3981,85.0,3.0,0.0,1.0,1.0,1.0,1.0,1.0,1.0,1.0,1.0,1.0,36.8065,10.1815,3529.4117647058824,28.333333333333332,0.0,285532.6189391474,285532.6189391474,293441.4203821656
3283,234.0,3.0,1.0,1.0,1.0,1.0,1.0,1.0,1.0,1.0,1.0,1.0,36.8065,10.1815,530.0,37.75,0.0,285532.6189391474,285532.6189391474,293441.4203821656
4146,189.0,5.0,6.0,1.0,1.0,1.0,1.0,1.0,1.0,1.0,1.0,1.0,36.8065,10.188232,2380.9523809523807,37.8,6.0,285532.6189391474,285532.6189391474,277143.4970760234
1941,155.0,4.0,1.0,1.0,1.0,1.0,1.0,1.0,1.0,1.0,1.0,1.0,36.863901741136,10.216421490690404,2064.516129032258,38.75,0.0,285532.6189391474,285532.6189391474,293441.4203821656
4227,78.0,3.0,2.0,1.0,1.0,1.0,1.0,1.0,1.0,1.0,1.0,1.0,36.8065,10.1815,3269.230769230769,26.0,2.0,285532.6189391474,285532.6189391474,293441.4203821656
2182,211.0,5.0,1.0,1.0,1.0,1.0,1.0,1.0,1.0,1.0,1.0,1.0,35.84480174113693,10.61112251184467,2298.5781990521327,42.2,0.0,285532.6189391474,285532.6189391474,281505.570214618
3856,115.0,4.0,1.0,1.0,1.0,1.0,1.0,1.0,1.0,1.0,1.0,1.0,36.8065,10.1815,2304.3478260869565,28.75,0.0,285532.6189391474,285532.6189391474,293441.4203821656
4021,107.0,3.0,1.0,1.0,1.0,1.0,1.0,1.0,1.0,1.0,1.0,1.0,36.4561,10.7376,2537.88748564868,37.75,0.0,285532.6189391474,285532.6189391474,300305.12820512813
4190,160.0,5.0,2.0,1.0,1.0,1.0,1.0,1.0,1.0,1.0,1.0,1.0,36.8625,10.1956,3375.0,32.0,2.0,285532.6189391474,285532.6189391474,320375.0034842321
3843,110.0,3.0,1.0,1.0,1.0,1.0,1.0,1.0,1.0,1.0,1.0,1.0,36.8065,10.188232,2000.0,36.666666666666664,0.0,285532.6189391474,285532.6189391474,277143.4970760234
942,80.0,3.0,1.0,1.0,1.0,1.0,1.0,1.0,1.0,1.0,1.0,1.0,36.7992041,10.1756221,2000.0,26.666666666666668,0.0,285532.6189391474,285532.6189391474,293441.4203821656
4116,133.0,3.0,1.0,1.0,1.0,1.0,1.0,1.0,1.0,1.0,1.0,1.0,36.8065,10.188232,3210.0,44.333333333333336,1.0,285532.6189391474,285532.6189391474,277143.4970760234
4235,120.0,3.0,4.0,1.0,1.0,1.0,1.0,1.0,1.0,1.0,1.0,1.0,36.8065,10.1815,4083.3333333333335,40.0,0.0,285532.6189391474,285532.6189391474,293441.4203821656
3012,107.0,3.0,1.0,1.0,1.0,1.0,1.0,1.0,1.0,1.0,1.0,1.0,36.8065,10.1815,2537.88748564868,37.75,0.0,285532.6189391474,285532.6189391474,293441.4203821656
3475,150.0,3.0,2.0,1.0,1.0,1.0,1.0,1.0,1.0,1.0,1.0,1.0,36.8065,10.1815,2333.3333333333335,37.75,2.0,285532.6189391474,285532.6189391474,293441.4203821656
887,139.0,4.0,1.0,1.0,1.0,1.0,1.0,1.0,1.0,1.0,1.0,1.0,36.8456561,11.0935701,1654.6762589928057,34.75,0.0,285532.6189391474,285532.6189391474,300305.12820512813
4048,107.0,3.0,3.0,1.0,1.0,1.0,1.0,1.0,1.0,1.0,1.0,1.0,36.8065,10.1815,2537.88748564868,37.75,3.0,285532.6189391474,285532.6189391474,293441.4203821656
685,125.0,3.0,1.0,1.0,1.0,1.0,1.0,1.0,1.0,1.0,1.0,1.0,35.8749788,10.5935183,2960.0,41.666666666666664,0.0,285532.6189391474,285532.6189391474,281505.570214618
413,107.0,3.0,1.0,1.0,1.0,1.0,1.0,1.0,1.0,1.0,1.0,1.0,36.8423974,10.1571247,2537.88748564868,37.75,0.0,285532.6189391474,285532.6189391474,293441.4203821656
789,90.0,3.0,1.0,1.0,1.0,1.0,1.0,1.0,1.0,1.0,1.0,1.0,36.8095,10.098,1500.0,30.0,0.0,285532.6189391474,285532.6189391474,240180.81353797184
3092,171.0,4.0,1.0,1.0,1.0,1.0,1.0,1.0,1.0,1.0,1.0,1.0,36.8065,10.1815,2280.7017543859647,42.75,0.0,285532.6189391474,285532.6189391474,293441.4203821656
1976,190.0,6.0,0.0,1.0,1.0,1.0,1.0,1.0,1.0,1.0,1.0,1.0,36.84130174113601,10.168221513898038,2578.9473684210525,31.666666666666668,0.0,285532.6189391474,285532.6189391474,293441.4203821656
2947,120.0,3.0,1.0,1.0,1.0,1.0,1.0,1.0,1.0,1.0,1.0,1.0,36.8065,10.1815,2416.6666666666665,40.0,0.0,285532.6189391474,285532.6189391474,293441.4203821656
3162,107.0,2.0,1.0,1.0,1.0,1.0,1.0,1.0,1.0,1.0,1.0,1.0,36.8065,10.1815,2537.88748564868,37.75,0.0,285532.6189391474,285532.6189391474,293441.4203821656
1603,104.0,4.0,2.0,1.0,1.0,1.0,1.0,1.0,1.0,1.0,1.0,1.0,36.8095,10.098,1875.0,26.0,0.0,285532.6189391474,285532.6189391474,240180.81353797184
2292,167.0,3.0,4.0,1.0,1.0,1.0,1.0,1.0,1.0,1.0,1.0,1.0,35.82760174113695,10.600522528642058,3233.5329341317365,55.666666666666664,0.0,285532.6189391474,285532.6189391474,281505.570214618
272,107.0,2.0,1.0,1.0,1.0,1.0,1.0,1.0,1.0,1.0,1.0,1.0,36.8002068,10.1857757,2537.88748564868,37.75,0.0,285532.6189391474,285532.6189391474,293441.4203821656
3852,107.0,3.0,1.0,1.0,1.0,1.0,1.0,1.0,1.0,1.0,1.0,1.0,36.8065,10.188232,2537.88748564868,37.75,0.0,285532.6189391474,285532.6189391474,277143.4970760234
521,140.0,3.0,1.0,1.0,1.0,1.0,1.0,1.0,1.0,1.0,1.0,1.0,36.8479251,10.2611996,2750.0,46.666666666666664,0.0,285532.6189391474,285532.6189391474,293441.4203821656
522,98.0,2.0,1.0,1.0,1.0,1.0,1.0,1.0,1.0,1.0,1.0,1.0,36.8065,10.1815,4846.938775510204,49.0,0.0,285532.6189391474,285532.6189391474,293441.4203821656
1768,70.0,3.0,2.0,1.0,1.0,1.0,1.0,1.0,1.0,1.0,1.0,1.0,36.44770174113639,10.7328219139501,3142.8571428571427,23.333333333333332,0.0,285532.6189391474,285532.6189391474,300305.12820512813
350,130.0,2.0,1.0,1.0,1.0,1.0,1.0,1.0,1.0,1.0,1.0,1.0,36.8002068,10.1857757,2961.5384615384614,65.0,0.0,285532.6189391474,285532.6189391474,293441.4203821656
4074,64.0,3.0,1.0,1.0,1.0,1.0,1.0,1.0,1.0,1.0,1.0,1.0,36.8065,10.1815,2812.5,37.75,1.0,285532.6189391474,285532.6189391474,293441.4203821656
2780,151.0,4.0,1.0,1.0,1.0,1.0,1.0,1.0,1.0,1.0,1.0,1.0,36.8065,10.1815,2317.880794701987,37.75,0.0,285532.6189391474,285532.6189391474,293441.4203821656
3210,161.0,3.0,0.0,1.0,1.0,1.0,1.0,1.0,1.0,1.0,1.0,1.0,36.8065,10.188232,2888.198757763975,53.666666666666664,0.0,285532.6189391474,285532.6189391474,277143.4970760234
3064,143.0,4.0,1.0,1.0,1.0,1.0,1.0,1.0,1.0,1.0,1.0,1.0,36.8065,10.1815,2797.2027972027972,35.75,0.0,285532.6189391474,285532.6189391474,293441.4203821656
651,90.0,3.0,1.0,1.0,1.0,1.0,1.0,1.0,1.0,1.0,1.0,1.0,36.8625,10.1956,1533.3333333333333,30.0,0.0,285532.6189391474,285532.6189391474,320375.0034842321
1340,180.0,5.0,0.0,1.0,1.0,1.0,1.0,1.0,1.0,1.0,1.0,1.0,36.719825,10.2192362,1333.3333333333333,36.0,0.0,285532.6189391474,285532.6189391474,218196.17024373435
3609,107.0,3.0,0.0,1.0,1.0,1.0,1.0,1.0,1.0,1.0,1.0,1.0,36.8065,10.188232,2537.88748564868,37.75,0.0,285532.6189391474,285532.6189391474,277143.4970760234
3944,105.0,3.0,1.0,1.0,1.0,1.0,1.0,1.0,1.0,1.0,1.0,1.0,36.4561,10.7376,1523.8095238095239,35.0,0.0,285532.6189391474,285532.6189391474,300305.12820512813
1338,167.0,4.0,5.0,1.0,1.0,1.0,1.0,1.0,1.0,1.0,1.0,1.0,36.8402748,10.1165802,2305.3892215568862,41.75,5.0,285532.6189391474,285532.6189391474,320375.0034842321
1940,68.0,2.0,5.0,1.0,1.0,1.0,1.0,1.0,1.0,1.0,1.0,1.0,36.741,10.2517,2794.1176470588234,34.0,5.0,285532.6189391474,285532.6189391474,293441.4203821656
2820,70.0,2.0,1.0,1.0,1.0,1.0,1.0,1.0,1.0,1.0,1.0,1.0,36.8065,10.1815,4642.857142857143,35.0,0.0,285532.6189391474,285532.6189391474,293441.4203821656
3511,154.0,3.0,1.0,1.0,1.0,1.0,1.0,1.0,1.0,1.0,1.0,1.0,36.753,10.228,2305.194805194805,37.75,0.0,285532.6189391474,285532.6189391474,218196.17024373435
168,109.0,3.0,1.0,1.0,1.0,1.0,1.0,1.0,1.0,1.0,1.0,1.0,36.4512897,10.7355915,3348.623853211009,36.333333333333336,0.0,285532.6189391474,285532.6189391474,300305.12820512813
3952,135.0,3.0,1.0,1.0,1.0,1.0,1.0,1.0,1.0,1.0,1.0,1.0,36.4561,10.7376,4814.814814814815,45.0,0.0,285532.6189391474,285532.6189391474,300305.12820512813
962,145.0,2.0,0.0,1.0,1.0,1.0,1.0,1.0,1.0,1.0,1.0,1.0,36.7571648,10.014927,2068.9655172413795,72.5,0.0,285532.6189391474,285532.6189391474,240180.81353797184
945,80.0,3.0,1.0,1.0,1.0,1.0,1.0,1.0,1.0,1.0,1.0,1.0,36.8291875,10.1903688,2250.0,26.666666666666668,0.0,285532.6189391474,285532.6189391474,293441.4203821656
462,132.0,4.0,4.0,1.0,1.0,1.0,1.0,1.0,1.0,1.0,1.0,1.0,36.8423974,10.1571247,2045.4545454545455,33.0,4.0,285532.6189391474,285532.6189391474,293441.4203821656
1902,174.0,4.0,3.0,1.0,1.0,1.0,1.0,1.0,1.0,1.0,1.0,1.0,36.8618,10.2658,2097.7011494252874,43.5,0.0,285532.6189391474,285532.6189391474,293441.4203821656
328,154.0,2.0,0.0,1.0,1.0,1.0,1.0,1.0,1.0,1.0,1.0,1.0,36.8587351,10.188232,1883.1168831168832,77.0,0.0,285532.6189391474,285532.6189391474,320375.0034842321
3820,90.0,3.0,1.0,1.0,1.0,1.0,1.0,1.0,1.0,1.0,1.0,1.0,36.4561,10.7376,1888.888888888889,30.0,0.0,285532.6189391474,285532.6189391474,300305.12820512813
2172,120.0,3.0,1.0,1.0,1.0,1.0,1.0,1.0,1.0,1.0,1.0,1.0,34.75450174113792,10.745223548913788,1791.6666666666667,40.0,0.0,285532.6189391474,285532.6189391474,245349.25277465454
367,110.0,3.0,1.0,1.0,1.0,1.0,1.0,1.0,1.0,1.0,1.0,1.0,36.4512897,10.7355915,1545.4545454545455,36.666666666666664,0.0,285532.6189391474,285532.6189391474,300305.12820512813
3619,235.0,5.0,1.0,1.0,1.0,1.0,1.0,1.0,1.0,1.0,1.0,1.0,36.8065,10.1815,2106.3829787234044,47.0,0.0,285532.6189391474,285532.6189391474,293441.4203821656
3101,125.0,3.0,1.0,1.0,1.0,1.0,1.0,1.0,1.0,1.0,1.0,1.0,36.8065,10.1815,3280.0,37.75,0.0,285532.6189391474,285532.6189391474,293441.4203821656
2102,78.0,3.0,1.0,1.0,1.0,1.0,1.0,1.0,1.0,1.0,1.0,1.0,35.3891,11.0366,2858.974358974359,26.0,0.0,285532.6189391474,285532.6189391474,276683.9253054531
2966,107.0,3.0,1.0,1.0,1.0,1.0,1.0,1.0,1.0,1.0,1.0,1.0,36.8065,10.188232,2537.88748564868,37.75,0.0,285532.6189391474,285532.6189391474,277143.4970760234
772,70.0,1.0,4.0,1.0,1.0,1.0,1.0,1.0,1.0,1.0,1.0,1.0,36.7575659,10.244981,1142.857142857143,70.0,4.0,285532.6189391474,285532.6189391474,218196.17024373435
2767,104.0,2.0,3.0,1.0,1.0,1.0,1.0,1.0,1.0,1.0,1.0,1.0,36.8065,10.188232,2307.6923076923076,52.0,0.0,285532.6189391474,285532.6189391474,277143.4970760234
3793,154.0,3.0,1.0,1.0,1.0,1.0,1.0,1.0,1.0,1.0,1.0,1.0,36.8065,10.188232,2467.5324675324673,51.333333333333336,0.0,285532.6189391474,285532.6189391474,277143.4970760234
3259,120.0,3.0,1.0,1.0,1.0,1.0,1.0,1.0,1.0,1.0,1.0,1.0,36.8065,10.188232,3250.0,37.75,0.0,285532.6189391474,285532.6189391474,277143.4970760234
498,107.0,4.0,1.0,1.0,1.0,1.0,1.0,1.0,1.0,1.0,1.0,1.0,35.8245,10.6346,2537.88748564868,37.75,0.0,285532.6189391474,285532.6189391474,281505.570214618
1586,61.0,2.0,1.0,1.0,1.0,1.0,1.0,1.0,1.0,1.0,1.0,1.0,36.8456561,11.0935701,2213.1147540983607,30.5,0.0,285532.6189391474,285532.6189391474,300305.12820512813
435,123.0,3.0,1.0,1.0,1.0,1.0,1.0,1.0,1.0,1.0,1.0,1.0,36.8479991,10.2943555,2601.6260162601625,41.0,0.0,285532.6189391474,285532.6189391474,293441.4203821656
365,95.0,3.0,1.0,1.0,1.0,1.0,1.0,1.0,1.0,1.0,1.0,1.0,36.4512897,10.7355915,1736.842105263158,31.666666666666668,0.0,285532.6189391474,285532.6189391474,300305.12820512813
1901,155.0,5.0,2.0,1.0,1.0,1.0,1.0,1.0,1.0,1.0,1.0,1.0,36.863,10.1541,2903.2258064516127,31.0,2.0,285532.6189391474,285532.6189391474,293441.4203821656
276,103.0,2.0,0.0,1.0,1.0,1.0,1.0,1.0,1.0,1.0,1.0,1.0,36.7516855,10.2245072,1553.3980582524273,51.5,0.0,285532.6189391474,285532.6189391474,218196.17024373435
3697,169.0,5.0,1.0,1.0,1.0,1.0,1.0,1.0,1.0,1.0,1.0,1.0,36.8065,10.1815,3447.9289940828403,33.8,0.0,285532.6189391474,285532.6189391474,293441.4203821656
2151,154.0,4.0,1.0,1.0,1.0,1.0,1.0,1.0,1.0,1.0,1.0,1.0,35.75640174113702,10.82802259802388,3798.7012987012986,38.5,0.0,285532.6189391474,285532.6189391474,309845.8833033952
1977,230.0,4.0,0.0,1.0,1.0,1.0,1.0,1.0,1.0,1.0,1.0,1.0,36.82370174113603,10.136421531953289,1478.2608695652175,57.5,0.0,285532.6189391474,285532.6189391474,293441.4203821656
407,77.0,3.0,4.0,1.0,1.0,1.0,1.0,1.0,1.0,1.0,1.0,1.0,36.719825,10.2192362,1363.6363636363637,25.666666666666668,0.0,285532.6189391474,285532.6189391474,218196.17024373435
1868,100.0,4.0,4.0,1.0,1.0,1.0,1.0,1.0,1.0,1.0,1.0,1.0,36.7554,10.2733,1550.0,25.0,0.0,285532.6189391474,285532.6189391474,293441.4203821656
3005,100.0,2.0,6.0,1.0,1.0,1.0,1.0,1.0,1.0,1.0,1.0,1.0,36.8065,10.1815,2500.0,50.0,6.0,285532.6189391474,285532.6189391474,293441.4203821656
2377,200.0,3.0,0.0,1.0,1.0,1.0,1.0,1.0,1.0,1.0,1.0,1.0,36.8548083,10.3309924,2100.0,66.66666666666667,0.0,285532.6189391474,285532.6189391474,293441.4203821656
844,80.0,3.0,1.0,1.0,1.0,1.0,1.0,1.0,1.0,1.0,1.0,1.0,36.719825,10.2192362,2000.0,26.666666666666668,0.0,285532.6189391474,285532.6189391474,218196.17024373435
2436,67.0,1.0,1.0,1.0,1.0,1.0,1.0,1.0,1.0,1.0,1.0,1.0,36.8596897,10.3051019,5000.0,67.0,0.0,285532.6189391474,285532.6189391474,293441.4203821656
2509,107.0,3.0,1.0,1.0,1.0,1.0,1.0,1.0,1.0,1.0,1.0,1.0,36.8065,10.1815,2537.88748564868,37.75,0.0,285532.6189391474,285532.6189391474,293441.4203821656
2117,130.0,2.0,1.0,1.0,1.0,1.0,1.0,1.0,1.0,1.0,1.0,1.0,35.780801741137,10.807922574274428,3346.153846153846,65.0,1.0,285532.6189391474,285532.6189391474,309845.8833033952
1427,100.0,2.0,1.0,1.0,1.0,1.0,1.0,1.0,1.0,1.0,1.0,1.0,36.873986,11.1082328,2500.0,50.0,0.0,285532.6189391474,285532.6189391474,300305.12820512813
2007,125.0,4.0,1.0,1.0,1.0,1.0,1.0,1.0,1.0,1.0,1.0,1.0,36.8374,10.1914,2560.0,31.25,0.0,285532.6189391474,285532.6189391474,293441.4203821656
3633,90.0,3.0,1.0,1.0,1.0,1.0,1.0,1.0,1.0,1.0,1.0,1.0,36.8065,10.188232,3555.5555555555557,37.75,0.0,285532.6189391474,285532.6189391474,277143.4970760234
1698,45.0,1.0,1.0,1.0,1.0,1.0,1.0,1.0,1.0,1.0,1.0,1.0,36.8826748,10.3304287,6000.0,45.0,0.0,285532.6189391474,285532.6189391474,293441.4203821656
3965,105.0,2.0,1.0,1.0,1.0,1.0,1.0,1.0,1.0,1.0,1.0,1.0,36.4561,10.7376,1428.5714285714287,52.5,0.0,285532.6189391474,285532.6189391474,300305.12820512813
855,160.0,4.0,1.0,1.0,1.0,1.0,1.0,1.0,1.0,1.0,1.0,1.0,36.8826682,10.3080504,3625.0,40.0,1.0,285532.6189391474,285532.6189391474,293441.4203821656
3559,65.0,3.0,1.0,1.0,1.0,1.0,1.0,1.0,1.0,1.0,1.0,1.0,36.8065,10.1815,4000.0,21.666666666666668,0.0,285532.6189391474,285532.6189391474,293441.4203821656
78,85.0,2.0,1.0,1.0,1.0,1.0,1.0,1.0,1.0,1.0,1.0,1.0,36.8587351,10.188232,2941.176470588235,42.5,0.0,285532.6189391474,285532.6189391474,320375.0034842321
944,95.0,4.0,3.0,1.0,1.0,1.0,1.0,1.0,1.0,1.0,1.0,1.0,36.7992041,10.1756221,2789.4736842105262,23.75,0.0,285532.6189391474,285532.6189391474,293441.4203821656
199,165.0,2.0,1.0,1.0,1.0,1.0,1.0,1.0,1.0,1.0,1.0,1.0,36.8002068,10.1857757,2333.3333333333335,82.5,0.0,285532.6189391474,285532.6189391474,293441.4203821656
3872,55.0,2.0,1.0,1.0,1.0,1.0,1.0,1.0,1.0,1.0,1.0,1.0,36.8065,10.188232,3054.5454545454545,27.5,0.0,285532.6189391474,285532.6189391474,277143.4970760234
1493,80.0,3.0,1.0,1.0,1.0,1.0,1.0,1.0,1.0,1.0,1.0,1.0,36.7404497,10.3029461,2250.0,26.666666666666668,0.0,285532.6189391474,285532.6189391474,218196.17024373435
801,110.0,3.0,1.0,1.0,1.0,1.0,1.0,1.0,1.0,1.0,1.0,1.0,36.8479251,10.2611996,2518.181818181818,36.666666666666664,0.0,285532.6189391474,285532.6189391474,293441.4203821656
2314,100.0,2.0,1.0,1.0,1.0,1.0,1.0,1.0,1.0,1.0,1.0,1.0,36.8065,10.188232,1600.0,50.0,0.0,285532.6189391474,285532.6189391474,277143.4970760234
2899,107.0,3.0,1.0,1.0,1.0,1.0,1.0,1.0,1.0,1.0,1.0,1.0,36.753,10.228,2537.88748564868,37.75,0.0,285532.6189391474,285532.6189391474,218196.17024373435
1628,71.0,2.0,1.0,1.0,1.0,1.0,1.0,1.0,1.0,1.0,1.0,1.0,36.719825,10.2192362,2600.0,35.5,0.0,285532.6189391474,285532.6189391474,218196.17024373435
231,100.0,2.0,0.0,1.0,1.0,1.0,1.0,1.0,1.0,1.0,1.0,1.0,36.8002068,10.1857757,2000.0,50.0,0.0,285532.6189391474,285532.6189391474,293441.4203821656
1579,73.0,3.0,1.0,1.0,1.0,1.0,1.0,1.0,1.0,1.0,1.0,1.0,36.8625,10.1956,1506.849315068493,24.333333333333332,0.0,285532.6189391474,285532.6189391474,320375.0034842321
1850,128.0,2.0,2.0,1.0,1.0,1.0,1.0,1.0,1.0,1.0,1.0,1.0,36.8491,10.2959,3789.0625,64.0,0.0,285532.6189391474,285532.6189391474,293441.4203821656
2743,150.0,3.0,1.0,1.0,1.0,1.0,1.0,1.0,1.0,1.0,1.0,1.0,36.8065,10.1815,1000.0,37.75,0.0,285532.6189391474,285532.6189391474,293441.4203821656
2585,80.0,3.0,1.0,1.0,1.0,1.0,1.0,1.0,1.0,1.0,1.0,1.0,36.8065,10.1815,1499.9875,37.75,0.0,285532.6189391474,285532.6189391474,293441.4203821656
2161,87.0,2.0,3.0,1.0,1.0,1.0,1.0,1.0,1.0,1.0,1.0,1.0,34.75700174113792,10.734023546599124,2045.9770114942528,43.5,0.0,285532.6189391474,285532.6189391474,245349.25277465454
1889,135.0,4.0,6.0,1.0,1.0,1.0,1.0,1.0,1.0,1.0,1.0,1.0,36.852601741136006,10.152221502297463,2666.6666666666665,33.75,6.0,285532.6189391474,285532.6189391474,293441.4203821656
3984,215.0,4.0,1.0,1.0,1.0,1.0,1.0,1.0,1.0,1.0,1.0,1.0,36.8065,10.1815,1116.2790697674418,53.75,0.0,285532.6189391474,285532.6189391474,293441.4203821656
1503,116.0,3.0,2.0,1.0,1.0,1.0,1.0,1.0,1.0,1.0,1.0,1.0,36.71444,10.3112789,2327.5862068965516,38.666666666666664,0.0,285532.6189391474,285532.6189391474,218196.17024373435
4086,166.0,4.0,1.0,1.0,1.0,1.0,1.0,1.0,1.0,1.0,1.0,1.0,36.8065,10.1815,3614.4578313253014,41.5,0.0,285532.6189391474,285532.6189391474,293441.4203821656
1143,100.0,4.0,1.0,1.0,1.0,1.0,1.0,1.0,1.0,1.0,1.0,1.0,36.7992041,10.1756221,1750.0,25.0,0.0,285532.6189391474,285532.6189391474,293441.4203821656
4210,118.0,3.0,1.0,1.0,1.0,1.0,1.0,1.0,1.0,1.0,1.0,1.0,36.8065,10.1815,3559.322033898305,39.333333333333336,0.0,285532.6189391474,285532.6189391474,293441.4203821656
191,150.0,3.0,0.0,1.0,1.0,1.0,1.0,1.0,1.0,1.0,1.0,1.0,36.8113307,10.0947037,4466.666666666667,50.0,0.0,285532.6189391474,285532.6189391474,240180.81353797184
104,40.0,2.0,1.0,1.0,1.0,1.0,1.0,1.0,1.0,1.0,1.0,1.0,36.4512897,10.7355915,9750.0,20.0,0.0,285532.6189391474,285532.6189391474,300305.12820512813
3049,107.0,3.0,0.0,1.0,1.0,1.0,1.0,1.0,1.0,1.0,1.0,1.0,36.8065,10.1815,2537.88748564868,37.75,0.0,285532.6189391474,285532.6189391474,293441.4203821656
3289,162.0,4.0,1.0,1.0,1.0,1.0,1.0,1.0,1.0,1.0,1.0,1.0,36.8065,10.1815,3395.061728395062,40.5,0.0,285532.6189391474,285532.6189391474,293441.4203821656
1278,120.0,4.0,1.0,1.0,1.0,1.0,1.0,1.0,1.0,1.0,1.0,1.0,36.7404497,10.3029461,2083.3333333333335,30.0,0.0,285532.6189391474,285532.6189391474,218196.17024373435
4286,107.0,3.0,0.0,1.0,1.0,1.0,1.0,1.0,1.0,1.0,1.0,1.0,36.8065,10.188232,2537.88748564868,37.75,0.0,285532.6189391474,285532.6189391474,277143.4970760234
1515,70.0,2.0,1.0,1.0,1.0,1.0,1.0,1.0,1.0,1.0,1.0,1.0,36.8625,10.1956,1571.4285714285713,35.0,0.0,285532.6189391474,285532.6189391474,320375.0034842321
2865,107.0,3.0,1.0,1.0,1.0,1.0,1.0,1.0,1.0,1.0,1.0,1.0,36.8065,10.188232,2537.88748564868,37.75,0.0,285532.6189391474,285532.6189391474,277143.4970760234
1509,80.0,2.0,1.0,1.0,1.0,1.0,1.0,1.0,1.0,1.0,1.0,1.0,36.8587351,10.188232,2062.5,40.0,0.0,285532.6189391474,285532.6189391474,320375.0034842321
1408,120.0,3.0,1.0,1.0,1.0,1.0,1.0,1.0,1.0,1.0,1.0,1.0,36.4012665,10.5572827,3000.0,40.0,0.0,285532.6189391474,285532.6189391474,300305.12820512813
3136,107.0,3.0,0.0,1.0,1.0,1.0,1.0,1.0,1.0,1.0,1.0,1.0,36.8065,10.1815,1822.4299065420562,37.75,0.0,285532.6189391474,285532.6189391474,293441.4203821656
3632,107.0,3.0,1.0,1.0,1.0,1.0,1.0,1.0,1.0,1.0,1.0,1.0,34.74,10.76,1682.2429906542056,37.75,0.0,285532.6189391474,285532.6189391474,245349.25277465454
2073,94.0,2.0,2.0,1.0,1.0,1.0,1.0,1.0,1.0,1.0,1.0,1.0,35.7016,10.1028,2500.0,47.0,2.0,285532.6189391474,285532.6189391474,264460.8237615568
2735,183.0,4.0,0.0,1.0,1.0,1.0,1.0,1.0,1.0,1.0,1.0,1.0,36.8065,10.188232,2595.6284153005463,45.75,0.0,285532.6189391474,285532.6189391474,277143.4970760234
2398,240.0,3.0,1.0,1.0,1.0,1.0,1.0,1.0,1.0,1.0,1.0,1.0,36.8065,10.1815,1200.0,37.75,0.0,285532.6189391474,285532.6189391474,293441.4203821656
1771,75.0,3.0,2.0,1.0,1.0,1.0,1.0,1.0,1.0,1.0,1.0,1.0,36.45840174113639,10.739621903177287,1333.3333333333333,25.0,0.0,285532.6189391474,285532.6189391474,300305.12820512813
4185,148.0,2.0,1.0,1.0,1.0,1.0,1.0,1.0,1.0,1.0,1.0,1.0,36.8065,10.1815,1756.7567567567567,74.0,0.0,285532.6189391474,285532.6189391474,293441.4203821656
2503,107.0,3.0,0.0,1.0,1.0,1.0,1.0,1.0,1.0,1.0,1.0,1.0,36.8548083,10.3309924,2537.88748564868,37.75,0.0,285532.6189391474,285532.6189391474,293441.4203821656
1519,85.0,2.0,0.0,1.0,1.0,1.0,1.0,1.0,1.0,1.0,1.0,1.0,36.719825,10.2192362,1705.8823529411766,42.5,0.0,285532.6189391474,285532.6189391474,218196.17024373435
3509,155.0,3.0,1.0,1.0,1.0,1.0,1.0,1.0,1.0,1.0,1.0,1.0,36.8065,10.1815,4193.548387096775,37.75,0.0,285532.6189391474,285532.6189391474,293441.4203821656
994,183.0,4.0,1.0,1.0,1.0,1.0,1.0,1.0,1.0,1.0,1.0,1.0,34.7646083,10.737978,2118.5792349726776,45.75,0.0,285532.6189391474,285532.6189391474,245349.25277465454
464,160.0,4.0,0.0,1.0,1.0,1.0,1.0,1.0,1.0,1.0,1.0,1.0,36.719825,10.2192362,2000.0,40.0,0.0,285532.6189391474,285532.6189391474,218196.17024373435
4115,120.0,3.0,1.0,1.0,1.0,1.0,1.0,1.0,1.0,1.0,1.0,1.0,36.8065,10.1815,3750.0,40.0,0.0,285532.6189391474,285532.6189391474,293441.4203821656
1361,87.0,1.0,0.0,1.0,1.0,1.0,1.0,1.0,1.0,1.0,1.0,1.0,36.8065,10.1815,4137.931034482759,87.0,0.0,285532.6189391474,285532.6189391474,293441.4203821656
3324,189.0,5.0,6.0,1.0,1.0,1.0,1.0,1.0,1.0,1.0,1.0,1.0,36.8065,10.1815,2380.9523809523807,37.8,6.0,285532.6189391474,285532.6189391474,293441.4203821656
2709,202.0,2.0,0.0,1.0,1.0,1.0,1.0,1.0,1.0,1.0,1.0,1.0,36.8065,10.188232,866.3366336633663,101.0,0.0,285532.6189391474,285532.6189391474,277143.4970760234
1236,155.0,5.0,1.0,1.0,1.0,1.0,1.0,1.0,1.0,1.0,1.0,1.0,36.8134113,10.1321911,3225.8064516129034,31.0,0.0,285532.6189391474,285532.6189391474,293441.4203821656
2326,122.0,3.0,2.0,1.0,1.0,1.0,1.0,1.0,1.0,1.0,1.0,1.0,35.8288284,10.6405254,1700.0,40.666666666666664,0.0,285532.6189391474,285532.6189391474,281505.570214618
1552,150.0,3.0,1.0,1.0,1.0,1.0,1.0,1.0,1.0,1.0,1.0,1.0,36.8749751,10.2454267,2666.6666666666665,50.0,0.0,285532.6189391474,285532.6189391474,320375.0034842321
212,50.0,2.0,1.0,1.0,1.0,1.0,1.0,1.0,1.0,1.0,1.0,1.0,36.8065,10.188232,2000.0,25.0,1.0,285532.6189391474,285532.6189391474,277143.4970760234
1036,100.0,1.0,0.0,1.0,1.0,1.0,1.0,1.0,1.0,1.0,1.0,1.0,35.8245,10.6346,2500.0,100.0,0.0,285532.6189391474,285532.6189391474,281505.570214618
4151,94.0,3.0,1.0,1.0,1.0,1.0,1.0,1.0,1.0,1.0,1.0,1.0,36.8065,10.1815,3776.595744680851,37.75,0.0,285532.6189391474,285532.6189391474,293441.4203821656
900,100.0,4.0,1.0,1.0,1.0,1.0,1.0,1.0,1.0,1.0,1.0,1.0,36.8170699,10.1784812,2000.0,25.0,0.0,285532.6189391474,285532.6189391474,293441.4203821656
3914,88.0,3.0,1.0,1.0,1.0,1.0,1.0,1.0,1.0,1.0,1.0,1.0,36.8065,10.1815,3409.090909090909,37.75,0.0,285532.6189391474,285532.6189391474,293441.4203821656
3369,140.0,4.0,1.0,1.0,1.0,1.0,1.0,1.0,1.0,1.0,1.0,1.0,36.8625,10.1956,3000.0,35.0,0.0,285532.6189391474,285532.6189391474,320375.0034842321
741,80.0,3.0,1.0,1.0,1.0,1.0,1.0,1.0,1.0,1.0,1.0,1.0,36.8085956,10.1590082,1500.0,26.666666666666668,0.0,285532.6189391474,285532.6189391474,293441.4203821656
3693,107.0,4.0,0.0,1.0,1.0,1.0,1.0,1.0,1.0,1.0,1.0,1.0,36.8065,10.1815,2537.88748564868,37.75,0.0,285532.6189391474,285532.6189391474,293441.4203821656
3189,160.0,4.0,1.0,1.0,1.0,1.0,1.0,1.0,1.0,1.0,1.0,1.0,36.8065,10.1815,1625.0,40.0,0.0,285532.6189391474,285532.6189391474,293441.4203821656
3743,75.0,3.0,2.0,1.0,1.0,1.0,1.0,1.0,1.0,1.0,1.0,1.0,36.8095,10.098,1333.3333333333333,25.0,2.0,285532.6189391474,285532.6189391474,240180.81353797184
1206,47.0,1.0,1.0,1.0,1.0,1.0,1.0,1.0,1.0,1.0,1.0,1.0,36.71444,10.3112789,2765.9574468085107,47.0,0.0,285532.6189391474,285532.6189391474,218196.17024373435
509,187.0,3.0,1.0,1.0,1.0,1.0,1.0,1.0,1.0,1.0,1.0,1.0,36.873986,11.1082328,2406.4171122994653,62.333333333333336,0.0,285532.6189391474,285532.6189391474,300305.12820512813
597,101.0,4.0,6.0,1.0,1.0,1.0,1.0,1.0,1.0,1.0,1.0,1.0,36.8599292,10.1531585,3465.3465346534654,25.25,0.0,285532.6189391474,285532.6189391474,320375.0034842321
2176,100.0,3.0,0.0,1.0,1.0,1.0,1.0,1.0,1.0,1.0,1.0,1.0,35.83820174113694,10.585122518291866,1800.0,33.333333333333336,0.0,285532.6189391474,285532.6189391474,281505.570214618
981,66.0,2.0,1.0,1.0,1.0,1.0,1.0,1.0,1.0,1.0,1.0,1.0,36.8653305,10.2425306,4318.181818181818,33.0,0.0,285532.6189391474,285532.6189391474,320375.0034842321
1367,60.0,2.0,1.0,1.0,1.0,1.0,1.0,1.0,1.0,1.0,1.0,1.0,36.8749751,10.2454267,4616.666666666667,30.0,0.0,285532.6189391474,285532.6189391474,320375.0034842321
3698,129.0,3.0,1.0,1.0,1.0,1.0,1.0,1.0,1.0,1.0,1.0,1.0,36.8065,10.1815,2558.139534883721,37.75,0.0,285532.6189391474,285532.6189391474,293441.4203821656
518,122.0,2.0,3.0,1.0,1.0,1.0,1.0,1.0,1.0,1.0,1.0,1.0,36.8599292,10.1531585,2581.967213114754,61.0,3.0,285532.6189391474,285532.6189391474,320375.0034842321
1970,114.0,2.0,2.0,1.0,1.0,1.0,1.0,1.0,1.0,1.0,1.0,1.0,36.716,10.3693,2105.2631578947367,57.0,2.0,285532.6189391474,285532.6189391474,293441.4203821656
767,137.0,4.0,1.0,1.0,1.0,1.0,1.0,1.0,1.0,1.0,1.0,1.0,36.4012665,10.5572827,3065.693430656934,34.25,0.0,285532.6189391474,285532.6189391474,300305.12820512813
2627,107.0,2.0,1.0,1.0,1.0,1.0,1.0,1.0,1.0,1.0,1.0,1.0,36.8065,10.188232,2537.88748564868,37.75,0.0,285532.6189391474,285532.6189391474,277143.4970760234
2751,113.0,4.0,1.0,1.0,1.0,1.0,1.0,1.0,1.0,1.0,1.0,1.0,36.8065,10.1815,3265.4867256637167,28.25,0.0,285532.6189391474,285532.6189391474,293441.4203821656
421,90.0,3.0,1.0,1.0,1.0,1.0,1.0,1.0,1.0,1.0,1.0,1.0,36.8507178,10.2829345,3422.222222222222,30.0,0.0,285532.6189391474,285532.6189391474,293441.4203821656
123,90.0,3.0,1.0,1.0,1.0,1.0,1.0,1.0,1.0,1.0,1.0,1.0,36.8002068,10.1857757,1944.4444444444443,30.0,0.0,285532.6189391474,285532.6189391474,293441.4203821656
1920,178.0,4.0,0.0,1.0,1.0,1.0,1.0,1.0,1.0,1.0,1.0,1.0,36.81360174113604,10.126421542307444,2780.8988764044943,44.5,0.0,285532.6189391474,285532.6189391474,293441.4203821656
2026,141.0,4.0,4.0,1.0,1.0,1.0,1.0,1.0,1.0,1.0,1.0,1.0,36.8115,10.0771,2496.45390070922,35.25,4.0,285532.6189391474,285532.6189391474,293441.4203821656
1659,100.0,3.0,1.0,1.0,1.0,1.0,1.0,1.0,1.0,1.0,1.0,1.0,36.753,10.228,2900.0,33.333333333333336,0.0,285532.6189391474,285532.6189391474,218196.17024373435
819,110.0,3.0,4.0,1.0,1.0,1.0,1.0,1.0,1.0,1.0,1.0,1.0,36.8507178,10.2829345,2681.818181818182,36.666666666666664,0.0,285532.6189391474,285532.6189391474,293441.4203821656
100,75.0,3.0,1.0,1.0,1.0,1.0,1.0,1.0,1.0,1.0,1.0,1.0,36.4512897,10.7355915,2466.6666666666665,25.0,0.0,285532.6189391474,285532.6189391474,300305.12820512813
3695,107.0,2.0,1.0,1.0,1.0,1.0,1.0,1.0,1.0,1.0,1.0,1.0,36.753,10.228,2537.88748564868,37.75,0.0,285532.6189391474,285532.6189391474,218196.17024373435
1283,74.0,2.0,1.0,1.0,1.0,1.0,1.0,1.0,1.0,1.0,1.0,1.0,36.719825,10.2192362,1621.6216216216217,37.0,0.0,285532.6189391474,285532.6189391474,218196.17024373435
3931,70.0,3.0,1.0,1.0,1.0,1.0,1.0,1.0,1.0,1.0,1.0,1.0,36.8065,10.1815,4285.714285714285,37.75,0.0,285532.6189391474,285532.6189391474,293441.4203821656
3127,176.0,4.0,1.0,1.0,1.0,1.0,1.0,1.0,1.0,1.0,1.0,1.0,36.8065,10.1815,2073.8636363636365,44.0,1.0,285532.6189391474,285532.6189391474,293441.4203821656
3667,145.0,3.0,1.0,1.0,1.0,1.0,1.0,1.0,1.0,1.0,1.0,1.0,36.8065,10.1815,3310.344827586207,37.75,0.0,285532.6189391474,285532.6189391474,293441.4203821656
1103,150.0,4.0,1.0,1.0,1.0,1.0,1.0,1.0,1.0,1.0,1.0,1.0,36.8749751,10.2454267,2666.6666666666665,37.5,0.0,285532.6189391474,285532.6189391474,320375.0034842321
2426,140.0,4.0,1.0,1.0,1.0,1.0,1.0,1.0,1.0,1.0,1.0,1.0,35.8473584,10.5796445,2428.5714285714284,35.0,0.0,285532.6189391474,285532.6189391474,277143.4970760234
3003,80.0,2.0,2.0,1.0,1.0,1.0,1.0,1.0,1.0,1.0,1.0,1.0,36.8065,10.1815,2625.0,40.0,0.0,285532.6189391474,285532.6189391474,293441.4203821656
3766,86.0,3.0,1.0,1.0,1.0,1.0,1.0,1.0,1.0,1.0,1.0,1.0,36.8065,10.1815,2209.3023255813955,37.75,0.0,285532.6189391474,285532.6189391474,293441.4203821656
1616,110.0,3.0,0.0,1.0,1.0,1.0,1.0,1.0,1.0,1.0,1.0,1.0,37.2720905,9.8708565,2090.909090909091,36.666666666666664,0.0,285532.6189391474,285532.6189391474,243467.8477263652
3811,107.0,3.0,1.0,1.0,1.0,1.0,1.0,1.0,1.0,1.0,1.0,1.0,36.8065,10.1815,2537.88748564868,37.75,0.0,285532.6189391474,285532.6189391474,293441.4203821656
3453,87.0,3.0,1.0,1.0,1.0,1.0,1.0,1.0,1.0,1.0,1.0,1.0,36.8065,10.1815,2068.9655172413795,29.0,0.0,285532.6189391474,285532.6189391474,293441.4203821656
3176,63.0,2.0,0.0,1.0,1.0,1.0,1.0,1.0,1.0,1.0,1.0,1.0,36.8065,10.1815,7777.777777777777,31.5,0.0,285532.6189391474,285532.6189391474,293441.4203821656
982,101.0,4.0,1.0,1.0,1.0,1.0,1.0,1.0,1.0,1.0,1.0,1.0,36.8134113,10.1321911,1980.1980198019803,25.25,0.0,285532.6189391474,285532.6189391474,293441.4203821656
456,78.0,3.0,1.0,1.0,1.0,1.0,1.0,1.0,1.0,1.0,1.0,1.0,36.8291875,10.1903688,1923.076923076923,26.0,0.0,285532.6189391474,285532.6189391474,293441.4203821656
3522,138.0,4.0,1.0,1.0,1.0,1.0,1.0,1.0,1.0,1.0,1.0,1.0,36.8065,10.188232,3188.4057971014495,34.5,0.0,285532.6189391474,285532.6189391474,277143.4970760234
3513,100.0,3.0,5.0,1.0,1.0,1.0,1.0,1.0,1.0,1.0,1.0,1.0,36.8065,10.1815,3500.0,33.333333333333336,5.0,285532.6189391474,285532.6189391474,293441.4203821656
2850,80.0,2.0,2.0,1.0,1.0,1.0,1.0,1.0,1.0,1.0,1.0,1.0,36.8065,10.1815,1625.0,40.0,0.0,285532.6189391474,285532.6189391474,293441.4203821656
381,3134.0,4.0,2.0,1.0,1.0,1.0,1.0,1.0,1.0,1.0,1.0,1.0,36.7516855,10.2245072,70.19783024888322,783.5,0.0,285532.6189391474,285532.6189391474,218196.17024373435
3975,100.0,3.0,1.0,1.0,1.0,1.0,1.0,1.0,1.0,1.0,1.0,1.0,36.8065,10.1815,3400.0,37.75,0.0,285532.6189391474,285532.6189391474,293441.4203821656
1949,124.0,3.0,1.0,1.0,1.0,1.0,1.0,1.0,1.0,1.0,1.0,1.0,36.879501741135975,10.225021474655836,2822.5806451612902,41.333333333333336,0.0,285532.6189391474,285532.6189391474,293441.4203821656
2371,87.0,2.0,5.0,1.0,1.0,1.0,1.0,1.0,1.0,1.0,1.0,1.0,36.8596897,10.3051019,5000.0,43.5,0.0,285532.6189391474,285532.6189391474,293441.4203821656
1010,220.0,3.0,1.0,1.0,1.0,1.0,1.0,1.0,1.0,1.0,1.0,1.0,36.7019512,10.3964906,1409.090909090909,73.33333333333333,0.0,285532.6189391474,285532.6189391474,218196.17024373435
2760,107.0,2.0,1.0,1.0,1.0,1.0,1.0,1.0,1.0,1.0,1.0,1.0,36.8065,10.1815,2537.88748564868,37.75,0.0,285532.6189391474,285532.6189391474,293441.4203821656
4284,54.0,3.0,5.0,1.0,1.0,1.0,1.0,1.0,1.0,1.0,1.0,1.0,36.8065,10.1815,4074.074074074074,37.75,5.0,285532.6189391474,285532.6189391474,293441.4203821656
662,80.0,1.0,1.0,1.0,1.0,1.0,1.0,1.0,1.0,1.0,1.0,1.0,36.8065,10.1815,3312.5,80.0,0.0,285532.6189391474,285532.6189391474,293441.4203821656
1560,103.0,3.0,1.0,1.0,1.0,1.0,1.0,1.0,1.0,1.0,1.0,1.0,35.8749788,10.5935183,1650.485436893204,34.333333333333336,0.0,285532.6189391474,285532.6189391474,281505.570214618
1485,95.0,3.0,2.0,1.0,1.0,1.0,1.0,1.0,1.0,1.0,1.0,1.0,36.4012665,10.5572827,1789.4736842105262,31.666666666666668,0.0,285532.6189391474,285532.6189391474,300305.12820512813
3848,63.0,2.0,1.0,1.0,1.0,1.0,1.0,1.0,1.0,1.0,1.0,1.0,36.8065,10.1815,5396.825396825397,31.5,0.0,285532.6189391474,285532.6189391474,293441.4203821656
1649,114.0,4.0,1.0,1.0,1.0,1.0,1.0,1.0,1.0,1.0,1.0,1.0,36.8587351,10.188232,2368.4210526315787,28.5,0.0,285532.6189391474,285532.6189391474,320375.0034842321
3200,110.0,4.0,2.0,1.0,1.0,1.0,1.0,1.0,1.0,1.0,1.0,1.0,36.8065,10.1815,2090.909090909091,27.5,0.0,285532.6189391474,285532.6189391474,293441.4203821656
3919,107.0,2.0,1.0,1.0,1.0,1.0,1.0,1.0,1.0,1.0,1.0,1.0,36.8065,10.1815,2537.88748564868,37.75,0.0,285532.6189391474,285532.6189391474,293441.4203821656
3910,86.0,3.0,1.0,1.0,1.0,1.0,1.0,1.0,1.0,1.0,1.0,1.0,36.8065,10.1815,1627.906976744186,37.75,0.0,285532.6189391474,285532.6189391474,293441.4203821656
2122,63.0,2.0,3.0,1.0,1.0,1.0,1.0,1.0,1.0,1.0,1.0,1.0,35.7239,10.8165,2063.4920634920636,31.5,0.0,285532.6189391474,285532.6189391474,309845.8833033952
845,107.0,3.0,1.0,1.0,1.0,1.0,1.0,1.0,1.0,1.0,1.0,1.0,36.8484562,10.1634244,2537.88748564868,37.75,0.0,285532.6189391474,285532.6189391474,320375.0034842321
542,95.0,3.0,1.0,1.0,1.0,1.0,1.0,1.0,1.0,1.0,1.0,1.0,36.8456561,11.0935701,2000.0,37.75,0.0,285532.6189391474,285532.6189391474,300305.12820512813
91,99.0,2.0,1.0,1.0,1.0,1.0,1.0,1.0,1.0,1.0,1.0,1.0,36.4512897,10.7355915,3737.373737373737,49.5,0.0,285532.6189391474,285532.6189391474,300305.12820512813
2515,107.0,3.0,1.0,1.0,1.0,1.0,1.0,1.0,1.0,1.0,1.0,1.0,36.8514184,10.3088863,2537.88748564868,37.75,0.0,285532.6189391474,285532.6189391474,293441.4203821656
2941,220.0,3.0,1.0,0.0,1.0,1.0,0.0,1.0,1.0,1.0,0.0,0.0,36.8065,10.1815,568.1818181818181,37.75,0.0,285532.6189391474,285532.6189391474,293441.4203821656
1196,40.0,2.0,1.0,1.0,1.0,1.0,1.0,1.0,1.0,1.0,1.0,1.0,36.8479251,10.2611996,3000.0,20.0,0.0,285532.6189391474,285532.6189391474,293441.4203821656
1102,100.0,3.0,1.0,1.0,1.0,1.0,1.0,1.0,1.0,1.0,1.0,1.0,36.8065,10.1815,3500.0,33.333333333333336,0.0,285532.6189391474,285532.6189391474,293441.4203821656
4150,97.0,3.0,1.0,1.0,1.0,1.0,1.0,1.0,1.0,1.0,1.0,1.0,36.8065,10.1815,4004.1237113402062,32.333333333333336,1.0,285532.6189391474,285532.6189391474,293441.4203821656
1623,120.0,3.0,1.0,1.0,1.0,1.0,1.0,1.0,1.0,1.0,1.0,1.0,37.1677871,10.1731345,1583.3333333333333,40.0,0.0,285532.6189391474,285532.6189391474,243467.8477263652
3536,155.0,3.0,1.0,1.0,1.0,1.0,1.0,1.0,1.0,1.0,1.0,1.0,36.8065,10.1815,2129.032258064516,37.75,0.0,285532.6189391474,285532.6189391474,293441.4203821656
2118,190.0,2.0,2.0,1.0,1.0,1.0,1.0,1.0,1.0,1.0,1.0,1.0,35.7685,10.8307,2210.5263157894738,95.0,0.0,285532.6189391474,285532.6189391474,309845.8833033952
2430,103.0,3.0,1.0,1.0,1.0,1.0,1.0,1.0,1.0,1.0,1.0,1.0,36.4561,10.7376,1796.116504854369,34.333333333333336,0.0,285532.6189391474,285532.6189391474,300305.12820512813
2033,144.0,3.0,0.0,1.0,1.0,1.0,1.0,1.0,1.0,1.0,1.0,1.0,36.86800174113599,10.221721486477389,3451.3888888888887,48.0,0.0,285532.6189391474,285532.6189391474,293441.4203821656
1048,132.0,3.0,1.0,1.0,1.0,1.0,1.0,1.0,1.0,1.0,1.0,1.0,36.7575659,10.244981,2810.6060606060605,44.0,0.0,285532.6189391474,285532.6189391474,218196.17024373435
2851,144.0,5.0,1.0,1.0,1.0,1.0,1.0,1.0,1.0,1.0,1.0,1.0,36.753,10.228,2638.8888888888887,28.8,0.0,285532.6189391474,285532.6189391474,218196.17024373435
2946,105.0,4.0,1.0,1.0,1.0,1.0,1.0,1.0,1.0,1.0,1.0,1.0,36.8065,10.1815,1380.952380952381,26.25,0.0,285532.6189391474,285532.6189391474,293441.4203821656
898,80.0,3.0,1.0,1.0,1.0,1.0,1.0,1.0,1.0,1.0,1.0,1.0,36.7992041,10.1756221,1625.0,26.666666666666668,0.0,285532.6189391474,285532.6189391474,293441.4203821656
1489,127.0,1.0,1.0,1.0,1.0,1.0,1.0,1.0,1.0,1.0,1.0,1.0,36.71444,10.3112789,2519.685039370079,127.0,0.0,285532.6189391474,285532.6189391474,218196.17024373435
237,140.0,2.0,1.0,1.0,1.0,1.0,1.0,1.0,1.0,1.0,1.0,1.0,36.8002068,10.1857757,3928.5714285714284,70.0,0.0,285532.6189391474,285532.6189391474,293441.4203821656
1819,116.0,2.0,2.0,1.0,1.0,1.0,1.0,1.0,1.0,1.0,1.0,1.0,36.4205,10.6644,3362.0689655172414,58.0,0.0,285532.6189391474,285532.6189391474,300305.12820512813
3949,120.0,3.0,1.0,1.0,1.0,1.0,1.0,1.0,1.0,1.0,1.0,1.0,36.8065,10.1815,1416.6666666666667,37.75,0.0,285532.6189391474,285532.6189391474,293441.4203821656
1133,112.0,2.0,1.0,1.0,1.0,1.0,1.0,1.0,1.0,1.0,1.0,1.0,36.4012665,10.5572827,3482.1428571428573,56.0,0.0,285532.6189391474,285532.6189391474,300305.12820512813
3394,109.0,2.0,1.0,1.0,1.0,1.0,1.0,1.0,1.0,1.0,1.0,1.0,36.8065,10.1815,3302.7522935779816,54.5,1.0,285532.6189391474,285532.6189391474,293441.4203821656
2721,117.0,3.0,0.0,1.0,1.0,1.0,1.0,1.0,1.0,1.0,1.0,1.0,36.8065,10.1815,2100.0,39.0,0.0,285532.6189391474,285532.6189391474,293441.4203821656
163,110.0,3.0,1.0,1.0,1.0,1.0,1.0,1.0,1.0,1.0,1.0,1.0,36.4512897,10.7355915,2090.909090909091,36.666666666666664,0.0,285532.6189391474,285532.6189391474,300305.12820512813
2553,147.0,4.0,1.0,1.0,1.0,1.0,1.0,1.0,1.0,1.0,1.0,1.0,36.4561,10.7376,1360.544217687075,36.75,0.0,285532.6189391474,285532.6189391474,300305.12820512813
1695,100.0,3.0,1.0,1.0,1.0,1.0,1.0,1.0,1.0,1.0,1.0,1.0,36.8456561,11.0935701,1750.0,33.333333333333336,0.0,285532.6189391474,285532.6189391474,300305.12820512813
252,65.0,2.0,1.0,1.0,1.0,1.0,1.0,1.0,1.0,1.0,1.0,1.0,36.8587351,10.188232,4200.0,32.5,0.0,285532.6189391474,285532.6189391474,320375.0034842321
3566,114.0,3.0,1.0,1.0,1.0,1.0,1.0,1.0,1.0,1.0,1.0,1.0,36.8095,10.098,2456.1403508771928,37.75,0.0,285532.6189391474,285532.6189391474,240180.81353797184
2296,143.0,3.0,1.0,1.0,1.0,1.0,1.0,1.0,1.0,1.0,1.0,1.0,36.0352,10.4911,2797.2027972027972,47.666666666666664,0.0,285532.6189391474,285532.6189391474,281505.570214618
1795,125.0,2.0,1.0,1.0,1.0,1.0,1.0,1.0,1.0,1.0,1.0,1.0,36.8402,11.1085,2280.0,62.5,0.0,285532.6189391474,285532.6189391474,300305.12820512813
930,76.0,2.0,2.0,1.0,1.0,1.0,1.0,1.0,1.0,1.0,1.0,1.0,36.81232,10.1263143,1118.421052631579,38.0,0.0,285532.6189391474,285532.6189391474,293441.4203821656
2713,107.0,3.0,1.0,1.0,1.0,1.0,1.0,1.0,1.0,1.0,1.0,1.0,36.8065,10.1815,2537.88748564868,37.75,0.0,285532.6189391474,285532.6189391474,293441.4203821656
1565,70.0,2.0,1.0,1.0,1.0,1.0,1.0,1.0,1.0,1.0,1.0,1.0,35.8137916,10.5208721,2428.5714285714284,35.0,0.0,285532.6189391474,285532.6189391474,281505.570214618
1914,60.0,3.0,1.0,1.0,1.0,1.0,1.0,1.0,1.0,1.0,1.0,1.0,36.81480174113604,10.178221541077516,2500.0,20.0,0.0,285532.6189391474,285532.6189391474,293441.4203821656
2852,117.0,3.0,6.0,1.0,1.0,1.0,1.0,1.0,1.0,1.0,1.0,1.0,36.8065,10.1815,1538.4615384615386,39.0,0.0,285532.6189391474,285532.6189391474,293441.4203821656
3481,107.0,3.0,1.0,1.0,1.0,1.0,1.0,1.0,1.0,1.0,1.0,1.0,36.8065,10.1815,2537.88748564868,37.75,0.0,285532.6189391474,285532.6189391474,293441.4203821656
2792,105.0,2.0,1.0,1.0,1.0,1.0,1.0,1.0,1.0,1.0,1.0,1.0,36.8625,10.1956,2857.1428571428573,52.5,0.0,285532.6189391474,285532.6189391474,320375.0034842321
4280,107.0,4.0,1.0,1.0,1.0,1.0,1.0,1.0,1.0,1.0,1.0,1.0,36.8065,10.188232,2537.88748564868,37.75,0.0,285532.6189391474,285532.6189391474,277143.4970760234
1090,120.0,3.0,1.0,1.0,1.0,1.0,1.0,1.0,1.0,1.0,1.0,1.0,36.4012665,10.5572827,3000.0,40.0,0.0,285532.6189391474,285532.6189391474,300305.12820512813
3545,138.0,3.0,1.0,1.0,1.0,1.0,1.0,1.0,1.0,1.0,1.0,1.0,36.8065,10.1815,2934.782608695652,37.75,0.0,285532.6189391474,285532.6189391474,293441.4203821656
2438,150.0,4.0,1.0,1.0,1.0,1.0,1.0,1.0,1.0,1.0,1.0,1.0,36.8065,10.1815,2800.0,37.5,0.0,285532.6189391474,285532.6189391474,293441.4203821656
1181,97.0,4.0,1.0,1.0,1.0,1.0,1.0,1.0,1.0,1.0,1.0,1.0,36.8065,10.1815,2268.041237113402,24.25,0.0,285532.6189391474,285532.6189391474,293441.4203821656
593,112.0,3.0,1.0,1.0,1.0,1.0,1.0,1.0,1.0,1.0,1.0,1.0,36.8267841,10.1939122,3678.5714285714284,37.333333333333336,0.0,285532.6189391474,285532.6189391474,293441.4203821656
677,117.0,3.0,0.0,1.0,1.0,1.0,1.0,1.0,1.0,1.0,1.0,1.0,36.8507178,10.2829345,3230.769230769231,39.0,0.0,285532.6189391474,285532.6189391474,293441.4203821656
41,160.0,3.0,1.0,1.0,1.0,1.0,1.0,1.0,1.0,1.0,1.0,1.0,36.4512897,10.7355915,2375.0,53.333333333333336,1.0,285532.6189391474,285532.6189391474,300305.12820512813
1500,158.0,1.0,1.0,1.0,1.0,1.0,1.0,1.0,1.0,1.0,1.0,1.0,36.4561,10.7376,3544.3037974683543,158.0,0.0,285532.6189391474,285532.6189391474,300305.12820512813
2297,79.0,4.0,1.0,1.0,1.0,1.0,1.0,1.0,1.0,1.0,1.0,1.0,35.9349,10.5439,2911.3924050632913,19.75,0.0,285532.6189391474,285532.6189391474,281505.570214618
1966,111.0,3.0,2.0,1.0,1.0,1.0,1.0,1.0,1.0,1.0,1.0,1.0,36.9018,10.1858,2657.6576576576576,37.0,2.0,285532.6189391474,285532.6189391474,293441.4203821656
1793,80.0,3.0,2.0,1.0,1.0,1.0,1.0,1.0,1.0,1.0,1.0,1.0,36.8345,11.0932,3375.0,26.666666666666668,0.0,285532.6189391474,285532.6189391474,300305.12820512813
243,110.0,2.0,1.0,1.0,1.0,1.0,1.0,1.0,1.0,1.0,1.0,1.0,36.7516855,10.2245072,2000.0,55.0,0.0,285532.6189391474,285532.6189391474,218196.17024373435
1124,89.0,2.0,1.0,1.0,1.0,1.0,1.0,1.0,1.0,1.0,1.0,1.0,36.7575659,10.244981,2921.3483146067415,44.5,0.0,285532.6189391474,285532.6189391474,218196.17024373435
1339,106.0,4.0,0.0,1.0,1.0,1.0,1.0,1.0,1.0,1.0,1.0,1.0,36.8149327,10.1675999,1933.9622641509434,26.5,0.0,285532.6189391474,285532.6189391474,293441.4203821656
3720,130.0,3.0,1.0,1.0,1.0,1.0,1.0,1.0,1.0,1.0,1.0,1.0,36.8625,10.1956,2846.153846153846,43.333333333333336,0.0,285532.6189391474,285532.6189391474,320375.0034842321
2716,107.0,2.0,1.0,1.0,1.0,1.0,1.0,1.0,1.0,1.0,1.0,1.0,36.8065,10.188232,2537.88748564868,37.75,0.0,285532.6189391474,285532.6189391474,277143.4970760234
1612,190.0,5.0,1.0,1.0,1.0,1.0,1.0,1.0,1.0,1.0,1.0,1.0,36.8599292,10.1531585,2578.9473684210525,38.0,0.0,285532.6189391474,285532.6189391474,320375.0034842321
261,128.0,2.0,1.0,1.0,1.0,1.0,1.0,1.0,1.0,1.0,1.0,1.0,36.7516855,10.2245072,1953.125,64.0,0.0,285532.6189391474,285532.6189391474,218196.17024373435
1470,196.0,4.0,1.0,1.0,1.0,1.0,1.0,1.0,1.0,1.0,1.0,1.0,36.8599292,10.1531585,2806.122448979592,49.0,0.0,285532.6189391474,285532.6189391474,320375.0034842321
3192,107.0,3.0,1.0,1.0,1.0,1.0,1.0,1.0,1.0,1.0,1.0,1.0,36.8065,10.1815,2537.88748564868,37.75,0.0,285532.6189391474,285532.6189391474,293441.4203821656
2647,107.0,4.0,1.0,1.0,1.0,1.0,1.0,1.0,1.0,1.0,1.0,1.0,36.8065,10.1815,2537.88748564868,37.75,0.0,285532.6189391474,285532.6189391474,293441.4203821656
834,84.0,2.0,0.0,1.0,1.0,1.0,1.0,1.0,1.0,1.0,1.0,1.0,36.8811985,10.211819,3547.6190476190477,42.0,0.0,285532.6189391474,285532.6189391474,320375.0034842321
3165,107.0,3.0,1.0,1.0,1.0,1.0,1.0,1.0,1.0,1.0,1.0,1.0,36.8065,10.188232,2537.88748564868,37.75,0.0,285532.6189391474,285532.6189391474,277143.4970760234
1535,153.0,4.0,1.0,1.0,1.0,1.0,1.0,1.0,1.0,1.0,1.0,1.0,35.8245,10.6346,1699.3464052287582,38.25,0.0,285532.6189391474,285532.6189391474,281505.570214618
3085,106.0,3.0,1.0,1.0,1.0,1.0,1.0,1.0,1.0,1.0,1.0,1.0,33.7053,8.971,1462.2641509433963,35.333333333333336,0.0,285532.6189391474,285532.6189391474,268549.21903436835
1482,135.0,3.0,4.0,1.0,1.0,1.0,1.0,1.0,1.0,1.0,1.0,1.0,36.73953,10.3094914,2740.740740740741,45.0,4.0,285532.6189391474,285532.6189391474,218196.17024373435
340,30.0,2.0,0.0,1.0,1.0,1.0,1.0,1.0,1.0,1.0,1.0,1.0,36.4512897,10.7355915,2833.3333333333335,15.0,0.0,285532.6189391474,285532.6189391474,300305.12820512813
1731,83.0,2.0,1.0,1.0,1.0,1.0,1.0,1.0,1.0,1.0,1.0,1.0,36.8587351,10.188232,2048.1927710843374,41.5,0.0,285532.6189391474,285532.6189391474,320375.0034842321
748,190.0,2.0,1.0,1.0,1.0,1.0,1.0,1.0,1.0,1.0,1.0,1.0,35.8749788,10.5935183,1157.8947368421052,95.0,0.0,285532.6189391474,285532.6189391474,281505.570214618
1749,73.0,2.0,3.0,1.0,1.0,1.0,1.0,1.0,1.0,1.0,1.0,1.0,36.7992041,10.1756221,1917.8082191780823,36.5,0.0,285532.6189391474,285532.6189391474,293441.4203821656
480,90.0,4.0,1.0,1.0,1.0,1.0,1.0,1.0,1.0,1.0,1.0,1.0,36.8065,10.1815,1222.2222222222222,22.5,0.0,285532.6189391474,285532.6189391474,293441.4203821656
2115,100.0,2.0,1.0,1.0,1.0,1.0,1.0,1.0,1.0,1.0,1.0,1.0,35.5585017411372,11.02502278959408,1750.0,50.0,0.0,285532.6189391474,285532.6189391474,276683.9253054531
3106,99.0,3.0,1.0,1.0,1.0,1.0,1.0,1.0,1.0,1.0,1.0,1.0,36.8065,10.188232,3181.818181818182,37.75,0.0,285532.6189391474,285532.6189391474,277143.4970760234
3592,76.0,2.0,1.0,1.0,1.0,1.0,1.0,1.0,1.0,1.0,1.0,1.0,36.8065,10.1815,3355.2631578947367,38.0,0.0,285532.6189391474,285532.6189391474,293441.4203821656
783,70.0,1.0,4.0,1.0,1.0,1.0,1.0,1.0,1.0,1.0,1.0,1.0,36.7575659,10.244981,1142.857142857143,70.0,4.0,285532.6189391474,285532.6189391474,218196.17024373435
4094,65.0,2.0,5.0,1.0,1.0,1.0,1.0,1.0,1.0,1.0,1.0,1.0,36.8625,10.1956,2692.3076923076924,32.5,0.0,285532.6189391474,285532.6189391474,320375.0034842321
1724,108.0,3.0,0.0,1.0,1.0,1.0,1.0,1.0,1.0,1.0,1.0,1.0,36.8625,10.1956,3935.185185185185,36.0,0.0,285532.6189391474,285532.6189391474,320375.0034842321
2593,107.0,3.0,1.0,1.0,1.0,1.0,1.0,1.0,1.0,1.0,1.0,1.0,36.8065,10.188232,2537.88748564868,37.75,0.0,285532.6189391474,285532.6189391474,277143.4970760234
3313,98.0,3.0,1.0,1.0,1.0,1.0,1.0,1.0,1.0,1.0,1.0,1.0,36.8065,10.1815,3265.3061224489797,32.666666666666664,0.0,285532.6189391474,285532.6189391474,293441.4203821656
1983,90.0,3.0,4.0,1.0,1.0,1.0,1.0,1.0,1.0,1.0,1.0,1.0,36.8385,10.1953,2333.3333333333335,30.0,0.0,285532.6189391474,285532.6189391474,293441.4203821656
3461,123.0,3.0,1.0,1.0,1.0,1.0,1.0,1.0,1.0,1.0,1.0,1.0,36.8065,10.1815,4024.390243902439,41.0,1.0,285532.6189391474,285532.6189391474,293441.4203821656
1590,240.0,5.0,0.0,1.0,1.0,1.0,1.0,1.0,1.0,1.0,1.0,1.0,36.8065,10.1815,1541.6666666666667,48.0,0.0,285532.6189391474,285532.6189391474,293441.4203821656
2636,55.0,1.0,1.0,1.0,1.0,1.0,1.0,1.0,1.0,1.0,1.0,1.0,36.8065,10.1815,3000.0,55.0,0.0,285532.6189391474,285532.6189391474,293441.4203821656
2609,151.0,4.0,1.0,1.0,1.0,1.0,1.0,1.0,1.0,1.0,1.0,1.0,36.8065,10.1815,2317.880794701987,37.75,0.0,285532.6189391474,285532.6189391474,293441.4203821656
3376,58.0,2.0,1.0,1.0,1.0,1.0,1.0,1.0,1.0,1.0,1.0,1.0,36.8065,10.188232,3793.103448275862,29.0,0.0,285532.6189391474,285532.6189391474,277143.4970760234
1644,63.0,1.0,1.0,1.0,1.0,1.0,1.0,1.0,1.0,1.0,1.0,1.0,36.719825,10.2192362,2698.4126984126983,63.0,0.0,285532.6189391474,285532.6189391474,218196.17024373435
1271,93.0,2.0,1.0,1.0,1.0,1.0,1.0,1.0,1.0,1.0,1.0,1.0,36.8479251,10.2611996,3010.7526881720432,46.5,0.0,285532.6189391474,285532.6189391474,293441.4203821656
1848,143.0,3.0,2.0,1.0,1.0,1.0,1.0,1.0,1.0,1.0,1.0,1.0,36.86600174113599,10.170521488532623,3006.993006993007,47.666666666666664,2.0,285532.6189391474,285532.6189391474,293441.4203821656
1127,147.0,1.0,1.0,1.0,1.0,1.0,1.0,1.0,1.0,1.0,1.0,1.0,36.4561,10.7376,3673.469387755102,147.0,0.0,285532.6189391474,285532.6189391474,300305.12820512813
626,100.0,3.0,3.0,1.0,1.0,1.0,1.0,1.0,1.0,1.0,1.0,1.0,36.8336187,10.1471736,1980.0,33.333333333333336,3.0,285532.6189391474,285532.6189391474,293441.4203821656
347,78.0,2.0,1.0,1.0,1.0,1.0,1.0,1.0,1.0,1.0,1.0,1.0,36.8065,10.188232,2653.846153846154,39.0,0.0,285532.6189391474,285532.6189391474,277143.4970760234
1701,78.0,3.0,1.0,1.0,1.0,1.0,1.0,1.0,1.0,1.0,1.0,1.0,36.8479251,10.2611996,3564.102564102564,26.0,0.0,285532.6189391474,285532.6189391474,293441.4203821656
2704,60.0,1.0,1.0,1.0,1.0,1.0,1.0,1.0,1.0,1.0,1.0,1.0,36.8065,10.1815,2416.6666666666665,60.0,0.0,285532.6189391474,285532.6189391474,293441.4203821656
2022,160.0,5.0,0.0,1.0,1.0,1.0,1.0,1.0,1.0,1.0,1.0,1.0,36.9025,10.1734,2812.5,32.0,0.0,285532.6189391474,285532.6189391474,293441.4203821656
979,128.0,3.0,1.0,1.0,1.0,1.0,1.0,1.0,1.0,1.0,1.0,1.0,36.4039793,10.5625495,781.25,37.75,0.0,285532.6189391474,285532.6189391474,300305.12820512813
1425,85.0,2.0,0.0,1.0,1.0,1.0,1.0,1.0,1.0,1.0,1.0,1.0,36.8085956,10.1590082,2000.0,42.5,0.0,285532.6189391474,285532.6189391474,293441.4203821656
4027,100.0,3.0,1.0,1.0,1.0,1.0,1.0,1.0,1.0,1.0,1.0,1.0,36.8065,10.188232,1700.0,33.333333333333336,0.0,285532.6189391474,285532.6189391474,277143.4970760234
3717,107.0,3.0,1.0,1.0,1.0,1.0,1.0,1.0,1.0,1.0,1.0,1.0,36.8065,10.1815,3551.4018691588785,37.75,0.0,285532.6189391474,285532.6189391474,293441.4203821656
911,116.0,2.0,0.0,1.0,1.0,1.0,1.0,1.0,1.0,1.0,1.0,1.0,36.7575659,10.244981,2413.793103448276,58.0,0.0,285532.6189391474,285532.6189391474,218196.17024373435
4166,107.0,2.0,1.0,1.0,1.0,1.0,1.0,1.0,1.0,1.0,1.0,1.0,36.8065,10.188232,2537.88748564868,37.75,0.0,285532.6189391474,285532.6189391474,277143.4970760234
632,180.0,3.0,1.0,1.0,1.0,1.0,1.0,1.0,1.0,1.0,1.0,1.0,36.8457382,10.1317222,2027.7777777777778,60.0,0.0,285532.6189391474,285532.6189391474,320375.0034842321
1611,100.0,4.0,1.0,1.0,1.0,1.0,1.0,1.0,1.0,1.0,1.0,1.0,36.8170699,10.1784812,3200.0,25.0,0.0,285532.6189391474,285532.6189391474,293441.4203821656
445,50.0,2.0,1.0,1.0,1.0,1.0,1.0,1.0,1.0,1.0,1.0,1.0,36.8599292,10.1531585,3800.0,25.0,0.0,285532.6189391474,285532.6189391474,320375.0034842321
617,131.0,2.0,0.0,1.0,1.0,1.0,1.0,1.0,1.0,1.0,1.0,1.0,36.8507178,10.2829345,4007.6335877862593,65.5,0.0,285532.6189391474,285532.6189391474,293441.4203821656
1997,149.0,3.0,0.0,1.0,1.0,1.0,1.0,1.0,1.0,1.0,1.0,1.0,36.8984,10.1816,2147.6510067114095,49.666666666666664,0.0,285532.6189391474,285532.6189391474,293441.4203821656
2381,100.0,3.0,1.0,1.0,1.0,1.0,1.0,1.0,1.0,1.0,1.0,1.0,36.8065,10.1815,1900.0,33.333333333333336,0.0,285532.6189391474,285532.6189391474,293441.4203821656
2495,57.0,2.0,0.0,1.0,1.0,1.0,1.0,1.0,1.0,1.0,1.0,1.0,36.8065,10.1815,2000.0,28.5,0.0,285532.6189391474,285532.6189391474,293441.4203821656
1853,127.0,3.0,2.0,1.0,1.0,1.0,1.0,1.0,1.0,1.0,1.0,1.0,36.7391,10.2528,2480.314960629921,42.333333333333336,2.0,285532.6189391474,285532.6189391474,293441.4203821656
3224,43.0,3.0,1.0,1.0,1.0,1.0,1.0,1.0,1.0,1.0,1.0,1.0,36.8065,10.1815,5930.232558139535,37.75,0.0,285532.6189391474,285532.6189391474,293441.4203821656
3544,107.0,3.0,1.0,1.0,1.0,1.0,1.0,1.0,1.0,1.0,1.0,1.0,36.8065,10.188232,2537.88748564868,37.75,0.0,285532.6189391474,285532.6189391474,277143.4970760234
1467,55.0,1.0,0.0,1.0,1.0,1.0,1.0,1.0,1.0,1.0,1.0,1.0,36.4561,10.7376,3000.0,55.0,0.0,285532.6189391474,285532.6189391474,300305.12820512813
2950,107.0,3.0,1.0,1.0,1.0,1.0,1.0,1.0,1.0,1.0,1.0,1.0,36.8065,10.1815,2537.88748564868,37.75,0.0,285532.6189391474,285532.6189391474,293441.4203821656
2134,77.0,3.0,3.0,1.0,1.0,1.0,1.0,1.0,1.0,1.0,1.0,1.0,35.7648,10.8095,2207.7922077922076,25.666666666666668,0.0,285532.6189391474,285532.6189391474,309845.8833033952
2041,108.0,3.0,2.0,1.0,1.0,1.0,1.0,1.0,1.0,1.0,1.0,1.0,36.8574,10.2528,3379.6296296296296,36.0,0.0,285532.6189391474,285532.6189391474,293441.4203821656
353,85.0,2.0,1.0,1.0,1.0,1.0,1.0,1.0,1.0,1.0,1.0,1.0,36.8002068,10.1857757,2529.4117647058824,42.5,0.0,285532.6189391474,285532.6189391474,293441.4203821656
1232,104.0,3.0,1.0,1.0,1.0,1.0,1.0,1.0,1.0,1.0,1.0,1.0,36.8237415,10.0960637,817.3076923076923,34.666666666666664,0.0,285532.6189391474,285532.6189391474,240180.81353797184
613,200.0,4.0,0.0,1.0,1.0,1.0,1.0,1.0,1.0,1.0,1.0,1.0,36.4012665,10.5572827,2750.0,50.0,0.0,285532.6189391474,285532.6189391474,300305.12820512813
2933,235.0,3.0,1.0,1.0,1.0,1.0,1.0,1.0,1.0,1.0,1.0,1.0,36.8065,10.1815,920.0,37.75,0.0,285532.6189391474,285532.6189391474,293441.4203821656
1925,44.0,2.0,3.0,1.0,1.0,1.0,1.0,1.0,1.0,1.0,1.0,1.0,36.7054,10.4113,2954.5454545454545,22.0,3.0,285532.6189391474,285532.6189391474,293441.4203821656
2256,117.0,3.0,1.0,1.0,1.0,1.0,1.0,1.0,1.0,1.0,1.0,1.0,35.7178,10.5707,1794.871794871795,39.0,1.0,285532.6189391474,285532.6189391474,281505.570214618
3960,107.0,2.0,1.0,1.0,1.0,1.0,1.0,1.0,1.0,1.0,1.0,1.0,36.4561,10.7376,2537.88748564868,37.75,0.0,285532.6189391474,285532.6189391474,300305.12820512813
2490,107.0,2.0,1.0,1.0,1.0,1.0,1.0,1.0,1.0,1.0,1.0,1.0,36.8065,10.188232,2537.88748564868,37.75,0.0,285532.6189391474,285532.6189391474,277143.4970760234
4013,200.0,3.0,1.0,1.0,1.0,1.0,1.0,1.0,1.0,1.0,1.0,1.0,36.8065,10.1815,600.0,66.66666666666667,0.0,285532.6189391474,285532.6189391474,293441.4203821656
57,57.0,2.0,1.0,1.0,1.0,1.0,1.0,1.0,1.0,1.0,1.0,1.0,36.4512897,10.7355915,5614.035087719299,28.5,0.0,285532.6189391474,285532.6189391474,300305.12820512813
1875,115.0,3.0,2.0,1.0,1.0,1.0,1.0,1.0,1.0,1.0,1.0,1.0,36.87820174113598,10.265521475992523,2434.782608695652,38.333333333333336,0.0,285532.6189391474,285532.6189391474,293441.4203821656
1982,105.0,4.0,0.0,1.0,1.0,1.0,1.0,1.0,1.0,1.0,1.0,1.0,36.775601741136086,10.075021581217388,3190.4761904761904,26.25,0.0,285532.6189391474,285532.6189391474,293441.4203821656
3180,75.0,2.0,1.0,1.0,1.0,1.0,1.0,1.0,1.0,1.0,1.0,1.0,36.8065,10.1815,1733.3333333333333,37.5,0.0,285532.6189391474,285532.6189391474,293441.4203821656
1253,73.0,3.0,5.0,1.0,1.0,1.0,1.0,1.0,1.0,1.0,1.0,1.0,36.8134113,10.1321911,2054.794520547945,24.333333333333332,5.0,285532.6189391474,285532.6189391474,293441.4203821656
3476,107.0,3.0,1.0,1.0,1.0,1.0,1.0,1.0,1.0,1.0,1.0,1.0,36.8065,10.1815,2537.88748564868,37.75,0.0,285532.6189391474,285532.6189391474,293441.4203821656
2462,80.0,2.0,2.0,1.0,1.0,1.0,1.0,1.0,1.0,1.0,1.0,1.0,36.8065,10.1815,4312.5,40.0,2.0,285532.6189391474,285532.6189391474,293441.4203821656
2246,108.0,3.0,1.0,1.0,1.0,1.0,1.0,1.0,1.0,1.0,1.0,1.0,35.831001741136944,10.604522525322771,3194.4444444444443,36.0,0.0,285532.6189391474,285532.6189391474,281505.570214618
2027,130.0,4.0,1.0,1.0,1.0,1.0,1.0,1.0,1.0,1.0,1.0,1.0,36.84730174113601,10.140821507739249,3780.0,32.5,0.0,285532.6189391474,285532.6189391474,293441.4203821656
2905,150.0,3.0,0.0,1.0,1.0,1.0,1.0,1.0,1.0,1.0,1.0,1.0,36.8065,10.1815,1733.3333333333333,37.75,0.0,285532.6189391474,285532.6189391474,293441.4203821656
4068,230.0,4.0,1.0,1.0,1.0,1.0,1.0,1.0,1.0,1.0,1.0,1.0,36.8065,10.1815,1956.5217391304348,57.5,0.0,285532.6189391474,285532.6189391474,293441.4203821656
1683,85.0,1.0,0.0,1.0,1.0,1.0,1.0,1.0,1.0,1.0,1.0,1.0,36.71444,10.3112789,1764.7058823529412,85.0,0.0,285532.6189391474,285532.6189391474,218196.17024373435
560,106.0,1.0,1.0,1.0,1.0,1.0,1.0,1.0,1.0,1.0,1.0,1.0,36.8826682,10.3080504,3018.867924528302,106.0,1.0,285532.6189391474,285532.6189391474,293441.4203821656
707,92.0,3.0,1.0,1.0,1.0,1.0,1.0,1.0,1.0,1.0,1.0,1.0,35.8512042,10.6062129,3858.695652173913,30.666666666666668,0.0,285532.6189391474,285532.6189391474,281505.570214618
3351,107.0,3.0,1.0,1.0,1.0,1.0,1.0,1.0,1.0,1.0,1.0,1.0,35.8245,10.6346,2537.88748564868,37.75,0.0,285532.6189391474,285532.6189391474,281505.570214618
424,80.0,4.0,4.0,1.0,1.0,1.0,1.0,1.0,1.0,1.0,1.0,1.0,36.8625,10.1956,1375.0,20.0,4.0,285532.6189391474,285532.6189391474,320375.0034842321
1093,79.0,1.0,4.0,1.0,1.0,1.0,1.0,1.0,1.0,1.0,1.0,1.0,36.8479251,10.2611996,3291.1392405063293,79.0,0.0,285532.6189391474,285532.6189391474,293441.4203821656
1377,84.0,2.0,1.0,1.0,1.0,1.0,1.0,1.0,1.0,1.0,1.0,1.0,36.8749751,10.2454267,6071.428571428572,42.0,0.0,285532.6189391474,285532.6189391474,320375.0034842321
647,136.0,3.0,1.0,1.0,1.0,1.0,1.0,1.0,1.0,1.0,1.0,1.0,35.8137916,10.5208721,3308.823529411765,45.333333333333336,0.0,285532.6189391474,285532.6189391474,281505.570214618
72,120.0,4.0,1.0,1.0,1.0,1.0,1.0,1.0,1.0,1.0,1.0,1.0,35.8288284,10.6405254,3000.0,30.0,0.0,285532.6189391474,285532.6189391474,281505.570214618
2541,118.0,4.0,0.0,1.0,1.0,1.0,1.0,1.0,1.0,1.0,1.0,1.0,36.8065,10.1815,2372.8813559322034,29.5,0.0,285532.6189391474,285532.6189391474,293441.4203821656
1744,140.0,1.0,0.0,1.0,1.0,1.0,1.0,1.0,1.0,1.0,1.0,1.0,36.8653305,10.2425306,2714.285714285714,140.0,0.0,285532.6189391474,285532.6189391474,320375.0034842321
3968,107.0,2.0,1.0,1.0,1.0,1.0,1.0,1.0,1.0,1.0,1.0,1.0,36.8065,10.1815,2537.88748564868,37.75,0.0,285532.6189391474,285532.6189391474,293441.4203821656
1005,120.0,3.0,1.0,1.0,1.0,1.0,1.0,1.0,1.0,1.0,1.0,1.0,37.0498089,11.0116492,1541.6666666666667,40.0,0.0,285532.6189391474,285532.6189391474,300305.12820512813
620,154.0,5.0,1.0,1.0,1.0,1.0,1.0,1.0,1.0,1.0,1.0,1.0,36.8479251,10.2611996,2240.2597402597403,30.8,0.0,285532.6189391474,285532.6189391474,293441.4203821656
2354,143.0,4.0,1.0,1.0,1.0,1.0,1.0,1.0,1.0,1.0,1.0,1.0,36.4561,10.7376,1328.6713286713286,35.75,0.0,285532.6189391474,285532.6189391474,300305.12820512813
3903,85.0,2.0,1.0,1.0,1.0,1.0,1.0,1.0,1.0,1.0,1.0,1.0,36.8065,10.1815,1164.7058823529412,42.5,0.0,285532.6189391474,285532.6189391474,293441.4203821656
553,155.0,3.0,1.0,1.0,1.0,1.0,1.0,1.0,1.0,1.0,1.0,1.0,36.8599292,10.1531585,2548.3870967741937,51.666666666666664,0.0,285532.6189391474,285532.6189391474,320375.0034842321
3958,202.0,2.0,0.0,1.0,1.0,1.0,1.0,1.0,1.0,1.0,1.0,1.0,36.8065,10.188232,866.3366336633663,101.0,0.0,285532.6189391474,285532.6189391474,277143.4970760234
2680,112.0,3.0,1.0,1.0,1.0,1.0,1.0,1.0,1.0,1.0,1.0,1.0,36.8065,10.1815,3392.8571428571427,37.333333333333336,0.0,285532.6189391474,285532.6189391474,293441.4203821656
3734,110.0,3.0,1.0,1.0,1.0,1.0,1.0,1.0,1.0,1.0,1.0,1.0,36.4561,10.7376,2272.7272727272725,37.75,0.0,285532.6189391474,285532.6189391474,300305.12820512813
2171,220.0,5.0,6.0,1.0,1.0,1.0,1.0,1.0,1.0,1.0,1.0,1.0,34.795301741137884,10.71432351110274,1568.1818181818182,44.0,0.0,285532.6189391474,285532.6189391474,245349.25277465454
2791,65.0,3.0,0.0,1.0,1.0,1.0,1.0,1.0,1.0,1.0,1.0,1.0,36.8065,10.1815,4738.461538461538,37.75,0.0,285532.6189391474,285532.6189391474,293441.4203821656
998,89.0,2.0,1.0,1.0,1.0,1.0,1.0,1.0,1.0,1.0,1.0,1.0,36.7575659,10.244981,2921.3483146067415,44.5,0.0,285532.6189391474,285532.6189391474,218196.17024373435
1999,158.0,4.0,3.0,1.0,1.0,1.0,1.0,1.0,1.0,1.0,1.0,1.0,36.852801741136005,10.132321502092084,2151.8987341772154,39.5,3.0,285532.6189391474,285532.6189391474,293441.4203821656
1559,70.0,3.0,0.0,1.0,1.0,1.0,1.0,1.0,1.0,1.0,1.0,1.0,36.8587351,10.188232,2214.285714285714,23.333333333333332,0.0,285532.6189391474,285532.6189391474,320375.0034842321
4016,107.0,3.0,1.0,1.0,1.0,1.0,1.0,1.0,1.0,1.0,1.0,1.0,36.8065,10.188232,2537.88748564868,37.75,0.0,285532.6189391474,285532.6189391474,277143.4970760234
1398,120.0,3.0,1.0,1.0,1.0,1.0,1.0,1.0,1.0,1.0,1.0,1.0,37.2720905,9.8708565,2000.0,40.0,0.0,285532.6189391474,285532.6189391474,243467.8477263652
3888,121.0,4.0,1.0,1.0,1.0,1.0,1.0,1.0,1.0,1.0,1.0,1.0,36.8065,10.1815,2644.628099173554,30.25,0.0,285532.6189391474,285532.6189391474,293441.4203821656
2075,98.0,2.0,2.0,1.0,1.0,1.0,1.0,1.0,1.0,1.0,1.0,1.0,35.7041,10.1066,2275.5102040816328,49.0,2.0,285532.6189391474,285532.6189391474,264460.8237615568
4272,67.0,3.0,1.0,1.0,1.0,1.0,1.0,1.0,1.0,1.0,1.0,1.0,36.8065,10.1815,5000.0,37.75,0.0,285532.6189391474,285532.6189391474,293441.4203821656
2234,137.0,3.0,1.0,1.0,1.0,1.0,1.0,1.0,1.0,1.0,1.0,1.0,35.83640174113694,10.630122520049824,4072.992700729927,45.666666666666664,0.0,285532.6189391474,285532.6189391474,281505.570214618
2739,138.0,4.0,5.0,1.0,1.0,1.0,1.0,1.0,1.0,1.0,1.0,1.0,36.8065,10.1815,2536.231884057971,34.5,5.0,285532.6189391474,285532.6189391474,293441.4203821656
440,53.0,2.0,1.0,1.0,1.0,1.0,1.0,1.0,1.0,1.0,1.0,1.0,35.8245,10.6346,2830.188679245283,26.5,0.0,285532.6189391474,285532.6189391474,281505.570214618
508,130.0,4.0,0.0,1.0,1.0,1.0,1.0,1.0,1.0,1.0,1.0,1.0,36.8811985,10.211819,5276.923076923077,32.5,0.0,285532.6189391474,285532.6189391474,320375.0034842321
1100,80.0,3.0,1.0,1.0,1.0,1.0,1.0,1.0,1.0,1.0,1.0,1.0,36.7575659,10.244981,2500.0,26.666666666666668,0.0,285532.6189391474,285532.6189391474,218196.17024373435
589,67.0,3.0,3.0,1.0,1.0,1.0,1.0,1.0,1.0,1.0,1.0,1.0,35.8245,10.6346,3880.597014925373,22.333333333333332,0.0,285532.6189391474,285532.6189391474,281505.570214618
1812,113.0,3.0,1.0,1.0,1.0,1.0,1.0,1.0,1.0,1.0,1.0,1.0,36.441701741136384,10.741321919988437,3982.3008849557523,37.666666666666664,1.0,285532.6189391474,285532.6189391474,300305.12820512813
649,148.0,3.0,1.0,1.0,1.0,1.0,1.0,1.0,1.0,1.0,1.0,1.0,36.8749751,10.2454267,3209.4594594594596,49.333333333333336,0.0,285532.6189391474,285532.6189391474,320375.0034842321
3875,122.0,3.0,1.0,1.0,1.0,1.0,1.0,1.0,1.0,1.0,1.0,1.0,36.8065,10.1815,3770.4918032786886,40.666666666666664,0.0,285532.6189391474,285532.6189391474,293441.4203821656
4202,136.0,4.0,1.0,1.0,1.0,1.0,1.0,1.0,1.0,1.0,1.0,1.0,36.8065,10.188232,2911.764705882353,34.0,1.0,285532.6189391474,285532.6189391474,277143.4970760234
2236,150.0,3.0,4.0,1.0,1.0,1.0,1.0,1.0,1.0,1.0,1.0,1.0,35.83070174113695,10.598722525615678,3400.0,50.0,0.0,285532.6189391474,285532.6189391474,281505.570214618
4133,80.0,2.0,1.0,1.0,1.0,1.0,1.0,1.0,1.0,1.0,1.0,1.0,36.8065,10.1815,2437.5,40.0,0.0,285532.6189391474,285532.6189391474,293441.4203821656
1933,112.0,3.0,1.0,1.0,1.0,1.0,1.0,1.0,1.0,1.0,1.0,1.0,36.833601741136015,10.308221521799142,5272.125,37.333333333333336,1.0,285532.6189391474,285532.6189391474,293441.4203821656
1457,200.0,2.0,0.0,1.0,1.0,1.0,1.0,1.0,1.0,1.0,1.0,1.0,36.4012665,10.5572827,1700.0,100.0,0.0,285532.6189391474,285532.6189391474,300305.12820512813
1957,150.0,4.0,2.0,1.0,1.0,1.0,1.0,1.0,1.0,1.0,1.0,1.0,36.86430174113599,10.208821490279414,2400.0,37.5,0.0,285532.6189391474,285532.6189391474,293441.4203821656
660,115.0,4.0,1.0,1.0,1.0,1.0,1.0,1.0,1.0,1.0,1.0,1.0,35.8913101,10.5852113,3478.2608695652175,28.75,0.0,285532.6189391474,285532.6189391474,281505.570214618
630,72.0,3.0,4.0,1.0,1.0,1.0,1.0,1.0,1.0,1.0,1.0,1.0,36.8625,10.1956,1805.5555555555557,24.0,0.0,285532.6189391474,285532.6189391474,320375.0034842321
672,100.0,3.0,1.0,1.0,1.0,1.0,1.0,1.0,1.0,1.0,1.0,1.0,35.8245,10.6346,2000.0,33.333333333333336,0.0,285532.6189391474,285532.6189391474,281505.570214618
1249,54.0,2.0,3.0,1.0,1.0,1.0,1.0,1.0,1.0,1.0,1.0,1.0,36.8479251,10.2611996,3333.3333333333335,27.0,3.0,285532.6189391474,285532.6189391474,293441.4203821656
2470,77.0,4.0,1.0,1.0,1.0,1.0,1.0,1.0,1.0,1.0,1.0,1.0,36.8710935,10.3490516,4220.779220779221,19.25,0.0,285532.6189391474,285532.6189391474,277143.4970760234
482,174.0,1.0,0.0,1.0,1.0,1.0,1.0,1.0,1.0,1.0,1.0,1.0,36.8625,10.1956,2873.5632183908046,174.0,0.0,285532.6189391474,285532.6189391474,320375.0034842321
2669,107.0,3.0,1.0,1.0,1.0,1.0,1.0,1.0,1.0,1.0,1.0,1.0,36.8065,10.188232,2537.88748564868,37.75,0.0,285532.6189391474,285532.6189391474,277143.4970760234
3568,169.0,3.0,1.0,1.0,1.0,1.0,1.0,1.0,1.0,1.0,1.0,1.0,36.8625,10.1956,2337.2781065088757,37.75,0.0,285532.6189391474,285532.6189391474,320375.0034842321
1790,170.0,3.0,2.0,1.0,1.0,1.0,1.0,1.0,1.0,1.0,1.0,1.0,36.8529,11.0897,1158.8235294117646,37.75,0.0,285532.6189391474,285532.6189391474,300305.12820512813
1464,120.0,4.0,1.0,1.0,1.0,1.0,1.0,1.0,1.0,1.0,1.0,1.0,36.8065,10.1815,1333.3333333333333,30.0,0.0,285532.6189391474,285532.6189391474,293441.4203821656
2781,107.0,3.0,1.0,1.0,1.0,1.0,1.0,1.0,1.0,1.0,1.0,1.0,36.8065,10.188232,2537.88748564868,37.75,0.0,285532.6189391474,285532.6189391474,277143.4970760234
3135,107.0,3.0,1.0,1.0,1.0,1.0,1.0,1.0,1.0,1.0,1.0,1.0,36.8065,10.1815,2537.88748564868,37.75,0.0,285532.6189391474,285532.6189391474,293441.4203821656
2288,140.0,3.0,1.0,1.0,1.0,1.0,1.0,1.0,1.0,1.0,1.0,1.0,35.8531,10.609,2657.1428571428573,37.75,0.0,285532.6189391474,285532.6189391474,281505.570214618
856,75.0,2.0,3.0,1.0,1.0,1.0,1.0,1.0,1.0,1.0,1.0,1.0,36.7575659,10.244981,2800.0,37.5,0.0,285532.6189391474,285532.6189391474,218196.17024373435
1225,168.0,5.0,1.0,1.0,1.0,1.0,1.0,1.0,1.0,1.0,1.0,1.0,36.8292941,10.1657647,2797.6190476190477,33.6,0.0,285532.6189391474,285532.6189391474,293441.4203821656
1190,40.0,1.0,0.0,1.0,1.0,1.0,1.0,1.0,1.0,1.0,1.0,1.0,36.8479251,10.2611996,3250.0,40.0,0.0,285532.6189391474,285532.6189391474,293441.4203821656
4268,107.0,3.0,1.0,1.0,1.0,1.0,1.0,1.0,1.0,1.0,1.0,1.0,36.8065,10.188232,2537.88748564868,37.75,0.0,285532.6189391474,285532.6189391474,277143.4970760234
530,100.0,2.0,1.0,1.0,1.0,1.0,1.0,1.0,1.0,1.0,1.0,1.0,36.9003542,11.0982607,2200.0,50.0,0.0,285532.6189391474,285532.6189391474,300305.12820512813
2653,100.0,3.0,0.0,1.0,1.0,1.0,1.0,1.0,1.0,1.0,1.0,1.0,36.8065,10.1815,2200.0,33.333333333333336,0.0,285532.6189391474,285532.6189391474,293441.4203821656
49,255.0,2.0,0.0,1.0,1.0,1.0,1.0,1.0,1.0,1.0,1.0,1.0,36.4512897,10.7355915,2705.8823529411766,127.5,0.0,285532.6189391474,285532.6189391474,300305.12820512813
1653,72.0,3.0,2.0,1.0,1.0,1.0,1.0,1.0,1.0,1.0,1.0,1.0,36.8625,10.1956,1944.4444444444443,24.0,2.0,285532.6189391474,285532.6189391474,320375.0034842321
858,95.0,2.0,4.0,1.0,1.0,1.0,1.0,1.0,1.0,1.0,1.0,1.0,36.7992041,10.1756221,2578.9473684210525,47.5,4.0,285532.6189391474,285532.6189391474,293441.4203821656
1658,68.0,4.0,1.0,1.0,1.0,1.0,1.0,1.0,1.0,1.0,1.0,1.0,36.8599292,10.1531585,3676.470588235294,17.0,0.0,285532.6189391474,285532.6189391474,320375.0034842321
1072,32.0,3.0,0.0,1.0,1.0,1.0,1.0,1.0,1.0,1.0,1.0,1.0,35.7707582,10.8280511,17656.25,10.666666666666666,0.0,285532.6189391474,285532.6189391474,309845.8833033952
719,95.0,4.0,1.0,1.0,1.0,1.0,1.0,1.0,1.0,1.0,1.0,1.0,36.8587351,10.188232,2105.2631578947367,23.75,0.0,285532.6189391474,285532.6189391474,320375.0034842321
1926,112.0,3.0,1.0,1.0,1.0,1.0,1.0,1.0,1.0,1.0,1.0,1.0,36.84040174113602,10.1345215148217,2366.0714285714284,37.333333333333336,0.0,285532.6189391474,285532.6189391474,293441.4203821656
2081,87.0,2.0,2.0,1.0,1.0,1.0,1.0,1.0,1.0,1.0,1.0,1.0,35.45520174113729,11.046022888849052,3218.390804597701,43.5,2.0,285532.6189391474,285532.6189391474,276683.9253054531
3066,48.0,3.0,4.0,1.0,1.0,1.0,0.0,1.0,0.0,1.0,0.0,0.0,36.8065,10.188232,3854.1666666666665,37.75,4.0,285532.6189391474,285532.6189391474,277143.4970760234
4121,107.0,2.0,1.0,1.0,1.0,1.0,1.0,1.0,1.0,1.0,1.0,1.0,35.8245,10.6346,2537.88748564868,37.75,0.0,285532.6189391474,285532.6189391474,281505.570214618
2225,115.0,3.0,4.0,1.0,1.0,1.0,1.0,1.0,1.0,1.0,1.0,1.0,35.799,10.584,852.1739130434783,38.333333333333336,0.0,285532.6189391474,285532.6189391474,281505.570214618
3010,105.0,3.0,2.0,1.0,1.0,1.0,1.0,1.0,1.0,1.0,1.0,1.0,36.8065,10.1815,1904.7619047619048,35.0,2.0,285532.6189391474,285532.6189391474,293441.4203821656
2087,64.0,1.0,3.0,1.0,1.0,1.0,1.0,1.0,1.0,1.0,1.0,1.0,35.5586017411372,11.025222789497754,1953.125,64.0,0.0,285532.6189391474,285532.6189391474,276683.9253054531
3033,60.0,3.0,1.0,1.0,1.0,1.0,1.0,1.0,1.0,1.0,1.0,1.0,36.8065,10.1815,2666.6666666666665,20.0,0.0,285532.6189391474,285532.6189391474,293441.4203821656
1729,52.0,1.0,1.0,1.0,1.0,1.0,1.0,1.0,1.0,1.0,1.0,1.0,36.4512897,10.7355915,1634.6153846153845,52.0,0.0,285532.6189391474,285532.6189391474,300305.12820512813
3018,45.0,2.0,3.0,1.0,1.0,1.0,0.0,1.0,0.0,1.0,0.0,0.0,36.8065,10.1815,4666.666666666667,22.5,3.0,285532.6189391474,285532.6189391474,293441.4203821656
3822,105.0,3.0,1.0,1.0,1.0,1.0,1.0,1.0,1.0,1.0,1.0,1.0,35.8245,10.6346,1428.5714285714287,37.75,0.0,285532.6189391474,285532.6189391474,281505.570214618
4050,130.0,3.0,1.0,1.0,1.0,1.0,1.0,1.0,1.0,1.0,1.0,1.0,36.8065,10.1815,3000.0,37.75,0.0,285532.6189391474,285532.6189391474,293441.4203821656
2028,206.0,4.0,2.0,1.0,1.0,1.0,1.0,1.0,1.0,1.0,1.0,1.0,36.853201741136,10.149021501681323,2572.8155339805826,51.5,2.0,285532.6189391474,285532.6189391474,293441.4203821656
1730,167.0,3.0,1.0,1.0,1.0,1.0,1.0,1.0,1.0,1.0,1.0,1.0,36.8065,10.1815,2275.4491017964074,55.666666666666664,0.0,285532.6189391474,285532.6189391474,293441.4203821656
1643,90.0,2.0,1.0,1.0,1.0,1.0,1.0,1.0,1.0,1.0,1.0,1.0,36.8587351,10.188232,2833.3333333333335,45.0,0.0,285532.6189391474,285532.6189391474,320375.0034842321
2867,125.0,4.0,1.0,1.0,1.0,1.0,1.0,1.0,1.0,1.0,1.0,1.0,36.8065,10.1815,1600.0,31.25,0.0,285532.6189391474,285532.6189391474,293441.4203821656
1386,207.0,4.0,0.0,1.0,1.0,1.0,1.0,1.0,1.0,1.0,1.0,1.0,36.3994751,10.1446349,1135.2657004830917,51.75,0.0,285532.6189391474,285532.6189391474,276182.4319085114
1400,120.0,4.0,1.0,1.0,1.0,1.0,1.0,1.0,1.0,1.0,1.0,1.0,36.7404497,10.3029461,2083.3333333333335,30.0,0.0,285532.6189391474,285532.6189391474,218196.17024373435
1195,130.0,4.0,1.0,1.0,1.0,1.0,1.0,1.0,1.0,1.0,1.0,1.0,36.8749751,10.2454267,2269.230769230769,32.5,0.0,285532.6189391474,285532.6189391474,320375.0034842321
4023,107.0,2.0,1.0,1.0,1.0,1.0,1.0,1.0,1.0,1.0,1.0,1.0,36.8065,10.1815,2537.88748564868,37.75,0.0,285532.6189391474,285532.6189391474,293441.4203821656
1477,100.0,2.0,1.0,1.0,1.0,1.0,1.0,1.0,1.0,1.0,1.0,1.0,36.9003542,11.0982607,2400.0,50.0,0.0,285532.6189391474,285532.6189391474,300305.12820512813
1870,81.0,2.0,1.0,1.0,1.0,1.0,1.0,1.0,1.0,1.0,1.0,1.0,36.7554,10.2484,3518.5185185185187,40.5,0.0,285532.6189391474,285532.6189391474,293441.4203821656
3672,102.0,4.0,5.0,1.0,1.0,1.0,1.0,1.0,1.0,1.0,1.0,1.0,36.8065,10.188232,3137.2549019607845,25.5,5.0,285532.6189391474,285532.6189391474,277143.4970760234
2237,72.0,3.0,2.0,1.0,1.0,1.0,1.0,1.0,1.0,1.0,1.0,1.0,35.7417,10.5853,2041.6666666666667,24.0,0.0,285532.6189391474,285532.6189391474,281505.570214618
297,85.0,2.0,1.0,1.0,1.0,1.0,1.0,1.0,1.0,1.0,1.0,1.0,36.8065,10.188232,3529.4117647058824,42.5,0.0,285532.6189391474,285532.6189391474,277143.4970760234
2846,107.0,3.0,1.0,1.0,1.0,1.0,1.0,1.0,1.0,1.0,1.0,1.0,36.8065,10.1815,2537.88748564868,37.75,0.0,285532.6189391474,285532.6189391474,293441.4203821656
1264,90.0,2.0,1.0,1.0,1.0,1.0,1.0,1.0,1.0,1.0,1.0,1.0,36.8507178,10.2829345,4777.777777777777,45.0,0.0,285532.6189391474,285532.6189391474,293441.4203821656
1954,48.0,1.0,0.0,1.0,1.0,1.0,1.0,1.0,1.0,1.0,1.0,1.0,36.860901741136,10.166421493772557,2916.6666666666665,48.0,0.0,285532.6189391474,285532.6189391474,293441.4203821656
958,185.0,5.0,1.0,1.0,1.0,1.0,1.0,1.0,1.0,1.0,1.0,1.0,34.8023823,10.7613107,2702.7027027027025,37.0,0.0,285532.6189391474,285532.6189391474,245349.25277465454
4025,100.0,3.0,1.0,1.0,1.0,1.0,1.0,1.0,1.0,1.0,1.0,1.0,36.8065,10.188232,2800.0,37.75,0.0,285532.6189391474,285532.6189391474,277143.4970760234
3597,75.0,3.0,1.0,1.0,1.0,1.0,1.0,1.0,1.0,1.0,1.0,1.0,35.8245,10.6346,2266.6666666666665,25.0,0.0,285532.6189391474,285532.6189391474,281505.570214618
1783,200.0,3.0,2.0,1.0,1.0,1.0,1.0,1.0,1.0,1.0,1.0,1.0,36.8475,11.1002,1750.0,37.75,0.0,285532.6189391474,285532.6189391474,300305.12820512813
2324,86.0,2.0,1.0,1.0,1.0,1.0,1.0,1.0,1.0,1.0,1.0,1.0,36.8065,10.1815,2906.9767441860463,43.0,0.0,285532.6189391474,285532.6189391474,293441.4203821656
1375,55.0,1.0,1.0,1.0,1.0,1.0,1.0,1.0,1.0,1.0,1.0,1.0,36.4561,10.7376,4181.818181818182,55.0,0.0,285532.6189391474,285532.6189391474,300305.12820512813
1286,78.0,3.0,1.0,1.0,1.0,1.0,1.0,1.0,1.0,1.0,1.0,1.0,36.8749751,10.2454267,3269.230769230769,26.0,0.0,285532.6189391474,285532.6189391474,320375.0034842321
4281,136.0,2.0,1.0,1.0,1.0,1.0,1.0,1.0,1.0,1.0,1.0,1.0,36.8065,10.1815,3750.0,68.0,0.0,285532.6189391474,285532.6189391474,293441.4203821656
349,50.0,2.0,1.0,1.0,1.0,1.0,1.0,1.0,1.0,1.0,1.0,1.0,36.8065,10.188232,2900.0,25.0,0.0,285532.6189391474,285532.6189391474,277143.4970760234
1369,100.0,5.0,0.0,1.0,1.0,1.0,1.0,1.0,1.0,1.0,1.0,1.0,36.719825,10.2192362,3700.0,20.0,0.0,285532.6189391474,285532.6189391474,218196.17024373435
3455,107.0,3.0,1.0,1.0,1.0,1.0,1.0,1.0,1.0,1.0,1.0,1.0,36.8065,10.188232,2537.88748564868,37.75,0.0,285532.6189391474,285532.6189391474,277143.4970760234
643,170.0,4.0,1.0,1.0,1.0,1.0,1.0,1.0,1.0,1.0,1.0,1.0,36.8457382,10.1317222,2352.9411764705883,42.5,0.0,285532.6189391474,285532.6189391474,320375.0034842321
1718,107.0,2.0,1.0,1.0,1.0,1.0,1.0,1.0,1.0,1.0,1.0,1.0,36.8065,10.1815,4018.691588785047,53.5,0.0,285532.6189391474,285532.6189391474,293441.4203821656
1884,130.0,3.0,1.0,1.0,1.0,1.0,1.0,1.0,1.0,1.0,1.0,1.0,36.8657,10.2943,3000.0,43.333333333333336,0.0,285532.6189391474,285532.6189391474,293441.4203821656
669,66.0,2.0,1.0,1.0,1.0,1.0,1.0,1.0,1.0,1.0,1.0,1.0,36.8507178,10.2829345,4318.181818181818,33.0,0.0,285532.6189391474,285532.6189391474,293441.4203821656
3851,138.0,4.0,1.0,1.0,1.0,1.0,1.0,1.0,1.0,1.0,1.0,1.0,36.8065,10.188232,3152.1739130434785,34.5,0.0,285532.6189391474,285532.6189391474,277143.4970760234
2029,125.0,4.0,5.0,1.0,1.0,1.0,1.0,1.0,1.0,1.0,1.0,1.0,36.70850174113614,10.2138216497459,2240.0,31.25,0.0,285532.6189391474,285532.6189391474,293441.4203821656
3391,75.0,1.0,6.0,1.0,1.0,1.0,1.0,1.0,1.0,1.0,1.0,1.0,36.8065,10.1815,3200.0,75.0,6.0,285532.6189391474,285532.6189391474,293441.4203821656
1676,75.0,2.0,2.0,1.0,1.0,1.0,1.0,1.0,1.0,1.0,1.0,1.0,35.8137916,10.5208721,2213.3333333333335,37.5,0.0,285532.6189391474,285532.6189391474,281505.570214618
1179,183.0,4.0,2.0,1.0,1.0,1.0,1.0,1.0,1.0,1.0,1.0,1.0,36.764815,10.2880423,2240.437158469945,45.75,0.0,285532.6189391474,285532.6189391474,218196.17024373435
4271,107.0,3.0,1.0,1.0,1.0,1.0,1.0,1.0,1.0,1.0,1.0,1.0,36.8065,10.1815,2537.88748564868,37.75,0.0,285532.6189391474,285532.6189391474,293441.4203821656
2123,96.0,3.0,0.0,1.0,1.0,1.0,1.0,1.0,1.0,1.0,1.0,1.0,35.773401741137,10.819122581480151,2760.4166666666665,32.0,0.0,285532.6189391474,285532.6189391474,309845.8833033952
1836,100.0,3.0,5.0,1.0,1.0,1.0,1.0,1.0,1.0,1.0,1.0,1.0,36.854301741136005,10.163121500551682,1490.0,33.333333333333336,5.0,285532.6189391474,285532.6189391474,293441.4203821656
1589,67.0,1.0,0.0,1.0,1.0,1.0,1.0,1.0,1.0,1.0,1.0,1.0,36.8443809,10.1819354,3731.3432835820895,67.0,0.0,285532.6189391474,285532.6189391474,293441.4203821656
3257,120.0,3.0,1.0,1.0,1.0,1.0,1.0,1.0,1.0,1.0,1.0,1.0,35.8245,10.6346,3750.0,40.0,0.0,285532.6189391474,285532.6189391474,281505.570214618
2168,86.0,2.0,2.0,1.0,1.0,1.0,1.0,1.0,1.0,1.0,1.0,1.0,34.729701741137944,10.73522357185978,1453.4883720930231,43.0,0.0,285532.6189391474,285532.6189391474,245349.25277465454
3794,100.0,3.0,1.0,1.0,1.0,1.0,1.0,1.0,1.0,1.0,1.0,1.0,34.74,10.76,1200.0,37.75,0.0,285532.6189391474,285532.6189391474,245349.25277465454
1358,77.0,2.0,1.0,1.0,1.0,1.0,1.0,1.0,1.0,1.0,1.0,1.0,36.8749751,10.2454267,3831.1688311688313,38.5,0.0,285532.6189391474,285532.6189391474,320375.0034842321
786,112.0,2.0,1.0,1.0,1.0,1.0,1.0,1.0,1.0,1.0,1.0,1.0,36.4012665,10.5572827,3482.1428571428573,56.0,0.0,285532.6189391474,285532.6189391474,300305.12820512813
3804,70.0,1.0,0.0,1.0,1.0,1.0,1.0,1.0,1.0,1.0,1.0,1.0,36.8065,10.1815,3571.4285714285716,70.0,0.0,285532.6189391474,285532.6189391474,293441.4203821656
140,150.0,2.0,5.0,1.0,1.0,1.0,1.0,1.0,1.0,1.0,1.0,1.0,36.4512897,10.7355915,4266.666666666667,75.0,5.0,285532.6189391474,285532.6189391474,300305.12820512813
788,120.0,4.0,1.0,1.0,1.0,1.0,1.0,1.0,1.0,1.0,1.0,1.0,36.8423974,10.1571247,2083.3333333333335,30.0,0.0,285532.6189391474,285532.6189391474,293441.4203821656
323,135.0,2.0,1.0,1.0,1.0,1.0,1.0,1.0,1.0,1.0,1.0,1.0,36.8002068,10.1857757,2074.074074074074,67.5,0.0,285532.6189391474,285532.6189391474,293441.4203821656
2691,48.0,2.0,1.0,1.0,1.0,1.0,1.0,1.0,1.0,1.0,1.0,1.0,36.8065,10.188232,3718.75,24.0,0.0,285532.6189391474,285532.6189391474,277143.4970760234
714,89.0,3.0,1.0,1.0,1.0,1.0,1.0,1.0,1.0,1.0,1.0,1.0,35.503642,11.0682429,3916.85393258427,29.666666666666668,0.0,285532.6189391474,285532.6189391474,276683.9253054531
2516,93.0,3.0,1.0,1.0,1.0,1.0,1.0,1.0,1.0,1.0,1.0,1.0,36.4561,10.7376,1989.247311827957,31.0,0.0,285532.6189391474,285532.6189391474,300305.12820512813
4064,85.0,2.0,1.0,1.0,1.0,1.0,1.0,1.0,1.0,1.0,1.0,1.0,36.8065,10.188232,3317.0,42.5,1.0,285532.6189391474,285532.6189391474,277143.4970760234
3928,178.0,3.0,1.0,1.0,1.0,1.0,1.0,1.0,1.0,1.0,1.0,1.0,36.8065,10.188232,2191.0112359550562,37.75,0.0,285532.6189391474,285532.6189391474,277143.4970760234
2250,93.0,2.0,2.0,1.0,1.0,1.0,1.0,1.0,1.0,1.0,1.0,1.0,36.0117,10.516,2000.0,46.5,0.0,285532.6189391474,285532.6189391474,281505.570214618
3512,165.0,4.0,5.0,1.0,1.0,1.0,1.0,1.0,1.0,1.0,1.0,1.0,36.8065,10.1815,3400.0,41.25,5.0,285532.6189391474,285532.6189391474,293441.4203821656
2622,135.0,4.0,1.0,1.0,1.0,1.0,1.0,1.0,1.0,1.0,1.0,1.0,36.8065,10.188232,3333.3333333333335,33.75,0.0,285532.6189391474,285532.6189391474,277143.4970760234
618,164.0,1.0,1.0,1.0,1.0,1.0,1.0,1.0,1.0,1.0,1.0,1.0,36.8479251,10.2611996,2195.121951219512,164.0,0.0,285532.6189391474,285532.6189391474,293441.4203821656
406,90.0,3.0,1.0,1.0,1.0,1.0,1.0,1.0,1.0,1.0,1.0,1.0,36.719825,10.2192362,1555.5555555555557,30.0,0.0,285532.6189391474,285532.6189391474,218196.17024373435
1898,61.0,2.0,2.0,1.0,1.0,1.0,1.0,1.0,1.0,1.0,1.0,1.0,36.86930174113599,10.186621485141377,1885.2459016393443,30.5,0.0,285532.6189391474,285532.6189391474,293441.4203821656
1880,81.0,2.0,1.0,1.0,1.0,1.0,1.0,1.0,1.0,1.0,1.0,1.0,36.8088,10.1026,1666.6666666666667,40.5,0.0,285532.6189391474,285532.6189391474,293441.4203821656
1751,90.0,3.0,1.0,1.0,1.0,1.0,1.0,1.0,1.0,1.0,1.0,1.0,35.8245,10.6346,2722.222222222222,30.0,0.0,285532.6189391474,285532.6189391474,281505.570214618
1865,80.0,3.0,4.0,1.0,1.0,1.0,1.0,1.0,1.0,1.0,1.0,1.0,36.7559,10.2742,1712.5,26.666666666666668,0.0,285532.6189391474,285532.6189391474,293441.4203821656
2333,125.0,3.0,3.0,1.0,1.0,1.0,1.0,1.0,1.0,1.0,1.0,1.0,36.8421942,10.1131594,2560.0,41.666666666666664,3.0,285532.6189391474,285532.6189391474,320375.0034842321
497,120.0,4.0,1.0,1.0,1.0,1.0,1.0,1.0,1.0,1.0,1.0,1.0,36.8170699,10.1784812,1500.0,30.0,0.0,285532.6189391474,285532.6189391474,293441.4203821656
2167,70.0,2.0,1.0,1.0,1.0,1.0,1.0,1.0,1.0,1.0,1.0,1.0,34.72710174113794,10.74212357426378,2214.285714285714,35.0,0.0,285532.6189391474,285532.6189391474,245349.25277465454
342,104.0,3.0,2.0,1.0,1.0,1.0,1.0,1.0,1.0,1.0,1.0,1.0,36.4512897,10.7355915,3298.076923076923,34.666666666666664,2.0,285532.6189391474,285532.6189391474,300305.12820512813
3537,60.0,3.0,6.0,1.0,1.0,1.0,1.0,1.0,1.0,1.0,1.0,1.0,36.8065,10.1815,2750.0,37.75,6.0,285532.6189391474,285532.6189391474,293441.4203821656
4223,82.0,3.0,1.0,1.0,1.0,1.0,1.0,1.0,1.0,1.0,1.0,1.0,36.8065,10.1815,975.609756097561,27.333333333333332,0.0,285532.6189391474,285532.6189391474,293441.4203821656
782,170.0,3.0,1.0,1.0,1.0,1.0,1.0,1.0,1.0,1.0,1.0,1.0,36.4512897,10.7355915,2323.529411764706,56.666666666666664,0.0,285532.6189391474,285532.6189391474,300305.12820512813
1323,82.0,2.0,1.0,1.0,1.0,1.0,1.0,1.0,1.0,1.0,1.0,1.0,36.8625,10.1956,1463.4146341463415,41.0,0.0,285532.6189391474,285532.6189391474,320375.0034842321
3496,160.0,3.0,1.0,1.0,1.0,1.0,1.0,1.0,1.0,1.0,1.0,1.0,36.8065,10.1815,3062.5,37.75,0.0,285532.6189391474,285532.6189391474,293441.4203821656
4241,107.0,3.0,1.0,1.0,1.0,1.0,1.0,1.0,1.0,1.0,1.0,1.0,36.8065,10.188232,2537.88748564868,37.75,0.0,285532.6189391474,285532.6189391474,277143.4970760234
303,110.0,3.0,1.0,1.0,1.0,1.0,1.0,1.0,1.0,1.0,1.0,1.0,36.8587351,10.188232,3090.909090909091,36.666666666666664,1.0,285532.6189391474,285532.6189391474,320375.0034842321
3380,74.0,3.0,1.0,1.0,1.0,1.0,1.0,1.0,1.0,1.0,1.0,1.0,36.8065,10.188232,2229.7297297297296,37.75,0.0,285532.6189391474,285532.6189391474,277143.4970760234
3644,100.0,2.0,1.0,1.0,1.0,1.0,1.0,1.0,1.0,1.0,1.0,1.0,36.8065,10.1815,1600.0,50.0,0.0,285532.6189391474,285532.6189391474,293441.4203821656
664,130.0,3.0,1.0,1.0,1.0,1.0,1.0,1.0,1.0,1.0,1.0,1.0,35.8913101,10.5852113,2915.3846153846152,43.333333333333336,0.0,285532.6189391474,285532.6189391474,281505.570214618
1177,80.0,1.0,2.0,1.0,1.0,1.0,1.0,1.0,1.0,1.0,1.0,1.0,37.2720905,9.8708565,2125.0,80.0,0.0,285532.6189391474,285532.6189391474,243467.8477263652
1244,90.0,3.0,1.0,1.0,1.0,1.0,1.0,1.0,1.0,1.0,1.0,1.0,35.8040805,10.6024567,1777.7777777777778,30.0,0.0,285532.6189391474,285532.6189391474,281505.570214618
2360,78.0,2.0,1.0,1.0,1.0,1.0,1.0,1.0,1.0,1.0,1.0,1.0,36.8514184,10.3088863,3205.128205128205,39.0,0.0,285532.6189391474,285532.6189391474,293441.4203821656
3514,112.0,3.0,4.0,1.0,1.0,1.0,1.0,1.0,1.0,1.0,1.0,1.0,36.8065,10.1815,3500.0,37.333333333333336,4.0,285532.6189391474,285532.6189391474,293441.4203821656
3091,107.0,3.0,1.0,1.0,1.0,1.0,1.0,1.0,1.0,1.0,1.0,1.0,36.8065,10.188232,2537.88748564868,37.75,0.0,285532.6189391474,285532.6189391474,277143.4970760234
3764,75.0,2.0,1.0,1.0,1.0,1.0,1.0,1.0,1.0,1.0,1.0,1.0,36.8065,10.188232,2800.0,37.5,0.0,285532.6189391474,285532.6189391474,277143.4970760234
3556,69.0,2.0,1.0,1.0,1.0,1.0,1.0,1.0,1.0,1.0,1.0,1.0,36.8065,10.1815,4246.376811594203,34.5,0.0,285532.6189391474,285532.6189391474,293441.4203821656
84,132.0,2.0,0.0,1.0,1.0,1.0,1.0,1.0,1.0,1.0,1.0,1.0,36.7516855,10.2245072,1174.2424242424242,66.0,0.0,285532.6189391474,285532.6189391474,218196.17024373435
3000,107.0,3.0,1.0,1.0,1.0,1.0,1.0,1.0,1.0,1.0,1.0,1.0,36.4561,10.7376,2537.88748564868,37.75,0.0,285532.6189391474,285532.6189391474,300305.12820512813
941,125.0,4.0,1.0,1.0,1.0,1.0,1.0,1.0,1.0,1.0,1.0,1.0,36.811565,10.1769871,1920.0,31.25,0.0,285532.6189391474,285532.6189391474,293441.4203821656
961,153.0,3.0,1.0,1.0,1.0,1.0,1.0,1.0,1.0,1.0,1.0,1.0,36.8443809,10.1819354,2941.176470588235,51.0,0.0,285532.6189391474,285532.6189391474,293441.4203821656
841,60.0,1.0,1.0,1.0,1.0,1.0,1.0,1.0,1.0,1.0,1.0,1.0,36.8507178,10.2829345,2666.6666666666665,60.0,0.0,285532.6189391474,285532.6189391474,293441.4203821656
2425,64.0,2.0,1.0,1.0,1.0,1.0,1.0,1.0,1.0,1.0,1.0,1.0,36.8065,10.1815,4812.5,32.0,0.0,285532.6189391474,285532.6189391474,293441.4203821656
2687,65.0,2.0,1.0,1.0,1.0,1.0,1.0,1.0,1.0,1.0,1.0,1.0,36.8065,10.188232,3615.3846153846152,32.5,0.0,285532.6189391474,285532.6189391474,277143.4970760234
3261,162.0,3.0,1.0,1.0,1.0,1.0,1.0,1.0,1.0,1.0,1.0,1.0,36.8065,10.1815,2438.2716049382716,54.0,0.0,285532.6189391474,285532.6189391474,293441.4203821656
1895,79.0,3.0,1.0,1.0,1.0,1.0,1.0,1.0,1.0,1.0,1.0,1.0,36.86430174113599,10.211921490279416,5063.291139240507,26.333333333333332,0.0,285532.6189391474,285532.6189391474,293441.4203821656
3728,120.0,4.0,1.0,1.0,1.0,1.0,1.0,1.0,1.0,1.0,1.0,1.0,36.8065,10.1815,2375.0,30.0,0.0,285532.6189391474,285532.6189391474,293441.4203821656
4215,150.0,5.0,1.0,1.0,1.0,1.0,1.0,1.0,1.0,1.0,1.0,1.0,36.8065,10.1815,2533.3333333333335,30.0,0.0,285532.6189391474,285532.6189391474,293441.4203821656
290,60.0,2.0,0.0,1.0,1.0,1.0,1.0,1.0,1.0,1.0,1.0,1.0,36.4512897,10.7355915,1750.0,30.0,0.0,285532.6189391474,285532.6189391474,300305.12820512813
3409,62.0,3.0,1.0,1.0,1.0,1.0,1.0,1.0,1.0,1.0,1.0,1.0,36.8065,10.188232,3750.0,37.75,0.0,285532.6189391474,285532.6189391474,277143.4970760234
3382,55.0,2.0,1.0,1.0,1.0,1.0,1.0,1.0,1.0,1.0,1.0,1.0,36.8065,10.1815,1818.1818181818182,27.5,0.0,285532.6189391474,285532.6189391474,293441.4203821656
1824,167.0,4.0,6.0,1.0,1.0,1.0,1.0,1.0,1.0,1.0,1.0,1.0,36.8671,10.1518,3952.0958083832334,41.75,6.0,285532.6189391474,285532.6189391474,293441.4203821656
3490,50.0,3.0,1.0,1.0,1.0,1.0,1.0,1.0,1.0,1.0,1.0,1.0,36.8065,10.1815,8400.0,37.75,0.0,285532.6189391474,285532.6189391474,293441.4203821656
3842,82.0,3.0,1.0,1.0,1.0,1.0,1.0,1.0,1.0,1.0,1.0,1.0,36.8065,10.1815,1097.560975609756,27.333333333333332,0.0,285532.6189391474,285532.6189391474,293441.4203821656
604,168.0,4.0,1.0,1.0,1.0,1.0,1.0,1.0,1.0,1.0,1.0,1.0,36.8292941,10.1657647,2916.6666666666665,42.0,0.0,285532.6189391474,285532.6189391474,293441.4203821656
2911,107.0,3.0,1.0,1.0,1.0,1.0,1.0,1.0,1.0,1.0,1.0,1.0,36.8065,10.1815,2537.88748564868,37.75,0.0,285532.6189391474,285532.6189391474,293441.4203821656
916,71.0,3.0,1.0,1.0,1.0,1.0,1.0,1.0,1.0,1.0,1.0,1.0,36.4012665,10.5572827,5915.492957746479,23.666666666666668,0.0,285532.6189391474,285532.6189391474,300305.12820512813
4147,63.0,2.0,0.0,1.0,1.0,1.0,1.0,1.0,1.0,1.0,1.0,1.0,36.8065,10.1815,4984.126984126984,31.5,0.0,285532.6189391474,285532.6189391474,293441.4203821656
2369,110.0,3.0,1.0,1.0,1.0,1.0,1.0,1.0,1.0,1.0,1.0,1.0,36.4561,10.7376,2363.6363636363635,36.666666666666664,0.0,285532.6189391474,285532.6189391474,300305.12820512813
1099,86.0,3.0,1.0,1.0,1.0,1.0,1.0,1.0,1.0,1.0,1.0,1.0,36.8606537,10.2087006,1744.1860465116279,28.666666666666668,0.0,285532.6189391474,285532.6189391474,320375.0034842321
1088,77.0,2.0,1.0,1.0,1.0,1.0,1.0,1.0,1.0,1.0,1.0,1.0,36.4012665,10.5572827,3376.6233766233768,38.5,0.0,285532.6189391474,285532.6189391474,300305.12820512813
4062,75.0,3.0,0.0,1.0,1.0,1.0,1.0,1.0,1.0,1.0,1.0,1.0,36.8065,10.188232,4000.0,37.75,0.0,285532.6189391474,285532.6189391474,277143.4970760234
2803,85.0,3.0,1.0,1.0,1.0,1.0,1.0,1.0,1.0,1.0,1.0,1.0,36.8065,10.1815,2941.176470588235,28.333333333333332,0.0,285532.6189391474,285532.6189391474,293441.4203821656
1626,95.0,3.0,1.0,1.0,1.0,1.0,1.0,1.0,1.0,1.0,1.0,1.0,36.873986,11.1082328,2526.315789473684,31.666666666666668,0.0,285532.6189391474,285532.6189391474,300305.12820512813
2476,107.0,6.0,1.0,1.0,1.0,1.0,1.0,1.0,1.0,1.0,1.0,1.0,36.8421942,10.1131594,2537.88748564868,37.75,0.0,285532.6189391474,285532.6189391474,320375.0034842321
821,120.0,5.0,0.0,1.0,1.0,1.0,1.0,1.0,1.0,1.0,1.0,1.0,36.873986,11.1082328,2666.6666666666665,24.0,0.0,285532.6189391474,285532.6189391474,300305.12820512813
2082,103.0,3.0,1.0,1.0,1.0,1.0,1.0,1.0,1.0,1.0,1.0,1.0,35.50800174113726,11.048022838179838,2427.1844660194174,34.333333333333336,0.0,285532.6189391474,285532.6189391474,276683.9253054531
2422,130.0,5.0,1.0,1.0,1.0,1.0,1.0,1.0,1.0,1.0,1.0,1.0,36.8548083,10.3309924,1769.2307692307693,26.0,0.0,285532.6189391474,285532.6189391474,293441.4203821656
4081,165.0,3.0,0.0,1.0,1.0,1.0,1.0,1.0,1.0,1.0,1.0,1.0,36.8065,10.1815,3636.3636363636365,37.75,0.0,285532.6189391474,285532.6189391474,293441.4203821656
3348,135.0,3.0,1.0,1.0,1.0,1.0,1.0,1.0,1.0,1.0,1.0,1.0,36.8065,10.188232,2592.5925925925926,37.75,0.0,285532.6189391474,285532.6189391474,277143.4970760234
3464,107.0,3.0,1.0,1.0,1.0,1.0,1.0,1.0,1.0,1.0,1.0,1.0,36.8065,10.188232,2537.88748564868,37.75,0.0,285532.6189391474,285532.6189391474,277143.4970760234
1302,160.0,1.0,3.0,1.0,1.0,1.0,1.0,1.0,1.0,1.0,1.0,1.0,36.8479251,10.2611996,3062.5,160.0,0.0,285532.6189391474,285532.6189391474,293441.4203821656
1000,116.0,2.0,1.0,1.0,1.0,1.0,1.0,1.0,1.0,1.0,1.0,1.0,36.71444,10.3112789,2413.793103448276,58.0,0.0,285532.6189391474,285532.6189391474,218196.17024373435
3422,107.0,4.0,1.0,1.0,1.0,1.0,1.0,1.0,1.0,1.0,1.0,1.0,36.8065,10.188232,2537.88748564868,37.75,0.0,285532.6189391474,285532.6189391474,277143.4970760234
1960,72.0,3.0,2.0,1.0,1.0,1.0,1.0,1.0,1.0,1.0,1.0,1.0,36.83250174113602,10.157521522927627,3888.8888888888887,24.0,0.0,285532.6189391474,285532.6189391474,293441.4203821656
1507,58.0,2.0,0.0,1.0,1.0,1.0,1.0,1.0,1.0,1.0,1.0,1.0,36.8572699,10.2918693,5667.568965517241,29.0,0.0,285532.6189391474,285532.6189391474,293441.4203821656
1479,76.0,2.0,1.0,1.0,1.0,1.0,1.0,1.0,1.0,1.0,1.0,1.0,36.82815,10.0572057,1144.7368421052631,38.0,0.0,285532.6189391474,285532.6189391474,240180.81353797184
18,255.0,2.0,0.0,1.0,1.0,1.0,1.0,1.0,1.0,1.0,1.0,1.0,36.4512897,10.7355915,2705.8823529411766,127.5,0.0,285532.6189391474,285532.6189391474,300305.12820512813
1639,100.0,2.0,1.0,1.0,1.0,1.0,1.0,1.0,1.0,1.0,1.0,1.0,36.7516855,10.2245072,800.0,50.0,0.0,285532.6189391474,285532.6189391474,218196.17024373435
1669,117.0,3.0,1.0,1.0,1.0,1.0,1.0,1.0,1.0,1.0,1.0,1.0,36.8443809,10.1819354,3076.923076923077,39.0,0.0,285532.6189391474,285532.6189391474,293441.4203821656
493,90.0,2.0,4.0,1.0,1.0,1.0,1.0,1.0,1.0,1.0,1.0,1.0,36.7354517,10.328818,1222.2222222222222,45.0,4.0,285532.6189391474,285532.6189391474,218196.17024373435
1125,70.0,2.0,1.0,1.0,1.0,1.0,1.0,1.0,1.0,1.0,1.0,1.0,36.8749751,10.2454267,4857.142857142857,35.0,0.0,285532.6189391474,285532.6189391474,320375.0034842321
1405,169.0,3.0,4.0,1.0,1.0,1.0,1.0,1.0,1.0,1.0,1.0,1.0,36.4012665,10.5572827,2307.6923076923076,56.333333333333336,0.0,285532.6189391474,285532.6189391474,300305.12820512813
3194,92.0,3.0,1.0,1.0,1.0,1.0,1.0,1.0,1.0,1.0,1.0,1.0,36.8065,10.1815,1467.391304347826,37.75,0.0,285532.6189391474,285532.6189391474,293441.4203821656
3056,107.0,3.0,2.0,1.0,1.0,1.0,1.0,1.0,1.0,1.0,1.0,1.0,36.8065,10.188232,2537.88748564868,37.75,0.0,285532.6189391474,285532.6189391474,277143.4970760234
2277,90.0,2.0,2.0,1.0,1.0,1.0,1.0,1.0,1.0,1.0,1.0,1.0,35.850601741136934,10.61422250617722,4533.333333333333,45.0,0.0,285532.6189391474,285532.6189391474,281505.570214618
2374,128.0,2.0,1.0,1.0,1.0,1.0,1.0,1.0,1.0,1.0,1.0,1.0,36.4561,10.7376,1484.375,64.0,0.0,285532.6189391474,285532.6189391474,300305.12820512813
3736,200.0,2.0,1.0,1.0,1.0,1.0,1.0,1.0,1.0,1.0,1.0,1.0,36.8065,10.1815,600.0,100.0,0.0,285532.6189391474,285532.6189391474,293441.4203821656
2833,80.0,3.0,3.0,1.0,1.0,1.0,1.0,1.0,1.0,1.0,1.0,1.0,36.8065,10.1815,1750.0,26.666666666666668,0.0,285532.6189391474,285532.6189391474,293441.4203821656
584,138.0,3.0,1.0,1.0,1.0,1.0,1.0,1.0,1.0,1.0,1.0,1.0,36.8055509,10.1457592,1739.1304347826087,46.0,0.0,285532.6189391474,285532.6189391474,293441.4203821656
2245,110.0,2.0,4.0,1.0,1.0,1.0,1.0,1.0,1.0,1.0,1.0,1.0,35.7989,10.5841,909.0909090909091,55.0,0.0,285532.6189391474,285532.6189391474,281505.570214618
687,100.0,2.0,1.0,1.0,1.0,1.0,1.0,1.0,1.0,1.0,1.0,1.0,35.8359686,10.5995321,3500.0,50.0,0.0,285532.6189391474,285532.6189391474,281505.570214618
3641,117.0,3.0,6.0,1.0,1.0,1.0,1.0,1.0,1.0,1.0,1.0,1.0,36.8065,10.1815,1538.4615384615386,39.0,0.0,285532.6189391474,285532.6189391474,293441.4203821656
2198,197.0,3.0,4.0,1.0,1.0,1.0,1.0,1.0,1.0,1.0,1.0,1.0,35.8142,10.6238,852.7918781725888,65.66666666666667,0.0,285532.6189391474,285532.6189391474,281505.570214618
3922,95.0,2.0,0.0,1.0,1.0,1.0,1.0,1.0,1.0,1.0,1.0,1.0,36.8065,10.188232,2315.7894736842104,47.5,0.0,285532.6189391474,285532.6189391474,277143.4970760234
1610,107.0,3.0,1.0,1.0,1.0,1.0,1.0,1.0,1.0,1.0,1.0,1.0,36.8443809,10.1819354,2537.88748564868,37.75,0.0,285532.6189391474,285532.6189391474,293441.4203821656
2674,107.0,3.0,1.0,1.0,1.0,1.0,1.0,1.0,1.0,1.0,1.0,1.0,36.8065,10.188232,2537.88748564868,37.75,0.0,285532.6189391474,285532.6189391474,277143.4970760234
3084,75.0,2.0,1.0,1.0,1.0,1.0,1.0,1.0,1.0,1.0,1.0,1.0,36.8065,10.1815,3600.0,37.5,0.0,285532.6189391474,285532.6189391474,293441.4203821656
1009,130.0,2.0,1.0,1.0,1.0,1.0,1.0,1.0,1.0,1.0,1.0,1.0,35.842005,10.6058083,1484.6153846153845,65.0,0.0,285532.6189391474,285532.6189391474,281505.570214618
3320,190.0,4.0,1.0,1.0,1.0,1.0,1.0,1.0,1.0,1.0,1.0,1.0,36.8065,10.1815,2526.315789473684,47.5,0.0,285532.6189391474,285532.6189391474,293441.4203821656
2220,67.0,3.0,0.0,1.0,1.0,1.0,1.0,1.0,1.0,1.0,1.0,1.0,35.9139,10.5769,3656.716417910448,22.333333333333332,0.0,285532.6189391474,285532.6189391474,281505.570214618
360,123.0,2.0,1.0,1.0,1.0,1.0,1.0,1.0,1.0,1.0,1.0,1.0,36.8002068,10.1857757,1910.5691056910568,61.5,0.0,285532.6189391474,285532.6189391474,293441.4203821656
3551,107.0,2.0,1.0,1.0,1.0,1.0,1.0,1.0,1.0,1.0,1.0,1.0,36.8065,10.1815,2537.88748564868,37.75,0.0,285532.6189391474,285532.6189391474,293441.4203821656
3879,100.0,3.0,1.0,1.0,1.0,1.0,1.0,1.0,1.0,1.0,1.0,1.0,36.8065,10.188232,2500.0,33.333333333333336,0.0,285532.6189391474,285532.6189391474,277143.4970760234
2522,75.0,3.0,1.0,1.0,1.0,1.0,1.0,1.0,1.0,1.0,1.0,1.0,36.8548083,10.3309924,2066.6666666666665,37.75,0.0,285532.6189391474,285532.6189391474,293441.4203821656
1679,125.0,3.0,1.0,1.0,1.0,1.0,1.0,1.0,1.0,1.0,1.0,1.0,36.8134113,10.1321911,2600.0,41.666666666666664,0.0,285532.6189391474,285532.6189391474,293441.4203821656
1310,107.0,2.0,2.0,1.0,1.0,1.0,1.0,1.0,1.0,1.0,1.0,1.0,36.811565,10.1769871,2537.88748564868,37.75,0.0,285532.6189391474,285532.6189391474,293441.4203821656
2828,104.0,3.0,1.0,1.0,1.0,1.0,1.0,1.0,1.0,1.0,1.0,1.0,36.8065,10.1815,1538.4615384615386,37.75,0.0,285532.6189391474,285532.6189391474,293441.4203821656
3383,80.0,3.0,0.0,1.0,1.0,1.0,1.0,1.0,1.0,1.0,1.0,1.0,36.8065,10.188232,3000.0,37.75,0.0,285532.6189391474,285532.6189391474,277143.4970760234
4245,107.0,3.0,1.0,1.0,1.0,1.0,1.0,1.0,1.0,1.0,1.0,1.0,36.8065,10.1815,2537.88748564868,37.75,0.0,285532.6189391474,285532.6189391474,293441.4203821656
2308,90.0,3.0,1.0,1.0,1.0,1.0,1.0,1.0,1.0,1.0,1.0,1.0,36.8398428,10.1851757,3000.0,30.0,0.0,285532.6189391474,285532.6189391474,293441.4203821656
344,90.0,2.0,0.0,1.0,1.0,1.0,1.0,1.0,1.0,1.0,1.0,1.0,36.7516855,10.2245072,1722.2222222222222,45.0,0.0,285532.6189391474,285532.6189391474,218196.17024373435
986,84.0,3.0,1.0,1.0,1.0,1.0,1.0,1.0,1.0,1.0,1.0,1.0,36.8625,10.1956,1702.3809523809523,28.0,0.0,285532.6189391474,285532.6189391474,320375.0034842321
3501,115.0,3.0,1.0,1.0,1.0,1.0,1.0,1.0,1.0,1.0,1.0,1.0,36.8065,10.1815,2660.8695652173915,38.333333333333336,0.0,285532.6189391474,285532.6189391474,293441.4203821656
743,130.0,3.0,3.0,1.0,1.0,1.0,1.0,1.0,1.0,1.0,1.0,1.0,36.8587351,10.188232,1615.3846153846155,43.333333333333336,3.0,285532.6189391474,285532.6189391474,320375.0034842321
3022,107.0,3.0,1.0,1.0,1.0,1.0,1.0,1.0,1.0,1.0,1.0,1.0,36.8625,10.1956,2537.88748564868,37.75,0.0,285532.6189391474,285532.6189391474,320375.0034842321
1673,130.0,4.0,1.0,1.0,1.0,1.0,1.0,1.0,1.0,1.0,1.0,1.0,35.8359686,10.5995321,1615.3846153846155,32.5,0.0,285532.6189391474,285532.6189391474,281505.570214618
2706,118.0,3.0,1.0,1.0,1.0,1.0,1.0,1.0,1.0,1.0,1.0,1.0,36.8065,10.1815,2644.0677966101694,39.333333333333336,0.0,285532.6189391474,285532.6189391474,293441.4203821656
1866,109.0,4.0,1.0,1.0,1.0,1.0,1.0,1.0,1.0,1.0,1.0,1.0,36.7641,10.2813,2568.8073394495414,27.25,0.0,285532.6189391474,285532.6189391474,293441.4203821656
113,70.0,2.0,1.0,1.0,1.0,1.0,1.0,1.0,1.0,1.0,1.0,1.0,36.8002068,10.1857757,2785.714285714286,35.0,0.0,285532.6189391474,285532.6189391474,293441.4203821656
1439,120.0,2.0,1.0,1.0,1.0,1.0,1.0,1.0,1.0,1.0,1.0,1.0,36.8477637,10.1755886,2500.0,60.0,1.0,285532.6189391474,285532.6189391474,320375.0034842321
1779,118.0,2.0,3.0,1.0,1.0,1.0,1.0,1.0,1.0,1.0,1.0,1.0,36.8402,11.0788,1864.406779661017,59.0,0.0,285532.6189391474,285532.6189391474,300305.12820512813
1241,160.0,4.0,1.0,1.0,1.0,1.0,1.0,1.0,1.0,1.0,1.0,1.0,36.8443809,10.1819354,3187.5,40.0,0.0,285532.6189391474,285532.6189391474,293441.4203821656
1142,175.0,4.0,1.0,1.0,1.0,1.0,1.0,1.0,1.0,1.0,1.0,1.0,36.8280912,10.1406396,1057.142857142857,43.75,0.0,285532.6189391474,285532.6189391474,293441.4203821656
2320,146.0,4.0,1.0,1.0,1.0,1.0,1.0,1.0,1.0,1.0,1.0,1.0,36.8065,10.188232,2397.2602739726026,36.5,0.0,285532.6189391474,285532.6189391474,277143.4970760234
1216,40.0,2.0,1.0,1.0,1.0,1.0,1.0,1.0,1.0,1.0,1.0,1.0,36.8811985,10.211819,3000.0,20.0,0.0,285532.6189391474,285532.6189391474,320375.0034842321
1198,125.0,2.0,1.0,1.0,1.0,1.0,1.0,1.0,1.0,1.0,1.0,1.0,35.8749788,10.5935183,2280.0,62.5,0.0,285532.6189391474,285532.6189391474,281505.570214618
85,160.0,2.0,1.0,1.0,1.0,1.0,1.0,1.0,1.0,1.0,1.0,1.0,36.4512897,10.7355915,3062.5,80.0,0.0,285532.6189391474,285532.6189391474,300305.12820512813
1520,214.0,4.0,1.0,1.0,1.0,1.0,1.0,1.0,1.0,1.0,1.0,1.0,36.8811985,10.211819,2967.2897196261683,53.5,0.0,285532.6189391474,285532.6189391474,320375.0034842321
2736,60.0,2.0,0.0,1.0,1.0,1.0,1.0,1.0,1.0,1.0,1.0,1.0,36.8065,10.188232,2750.0,30.0,0.0,285532.6189391474,285532.6189391474,277143.4970760234
1382,120.0,4.0,1.0,1.0,1.0,1.0,1.0,1.0,1.0,1.0,1.0,1.0,36.7404497,10.3029461,2083.3333333333335,30.0,0.0,285532.6189391474,285532.6189391474,218196.17024373435
3881,135.0,3.0,1.0,1.0,1.0,1.0,1.0,1.0,1.0,1.0,1.0,1.0,36.8065,10.1815,3185.185185185185,37.75,0.0,285532.6189391474,285532.6189391474,293441.4203821656
668,50.0,2.0,2.0,1.0,1.0,1.0,1.0,1.0,1.0,1.0,1.0,1.0,36.8599292,10.1531585,4200.0,25.0,2.0,285532.6189391474,285532.6189391474,320375.0034842321
1014,85.0,2.0,0.0,1.0,1.0,1.0,1.0,1.0,1.0,1.0,1.0,1.0,36.8507178,10.2829345,3882.3529411764707,42.5,0.0,285532.6189391474,285532.6189391474,293441.4203821656
128,214.0,2.0,0.0,1.0,1.0,1.0,1.0,1.0,1.0,1.0,1.0,1.0,36.8002068,10.1857757,1962.6168224299065,107.0,0.0,285532.6189391474,285532.6189391474,293441.4203821656
1365,130.0,3.0,5.0,1.0,1.0,1.0,1.0,1.0,1.0,1.0,1.0,1.0,36.8599292,10.1531585,2846.153846153846,43.333333333333336,5.0,285532.6189391474,285532.6189391474,320375.0034842321
3256,143.0,3.0,1.0,1.0,1.0,1.0,1.0,1.0,1.0,1.0,1.0,1.0,36.8065,10.1815,2237.762237762238,47.666666666666664,0.0,285532.6189391474,285532.6189391474,293441.4203821656
2644,115.0,3.0,1.0,1.0,1.0,1.0,1.0,1.0,1.0,1.0,1.0,1.0,36.8625,10.1956,2869.5652173913045,38.333333333333336,0.0,285532.6189391474,285532.6189391474,320375.0034842321
891,91.0,2.0,5.0,1.0,1.0,1.0,1.0,1.0,1.0,1.0,1.0,1.0,36.811565,10.1769871,3010.989010989011,45.5,5.0,285532.6189391474,285532.6189391474,293441.4203821656
2540,149.0,5.0,0.0,1.0,1.0,1.0,1.0,1.0,1.0,1.0,1.0,1.0,35.8473584,10.5796445,2818.7919463087246,29.8,0.0,285532.6189391474,285532.6189391474,277143.4970760234
1360,65.0,2.0,1.0,1.0,1.0,1.0,1.0,1.0,1.0,1.0,1.0,1.0,36.719825,10.2192362,2538.4615384615386,32.5,0.0,285532.6189391474,285532.6189391474,218196.17024373435
307,100.0,2.0,1.0,1.0,1.0,1.0,1.0,1.0,1.0,1.0,1.0,1.0,36.4512897,10.7355915,2400.0,50.0,0.0,285532.6189391474,285532.6189391474,300305.12820512813
3961,90.0,3.0,1.0,1.0,1.0,1.0,1.0,1.0,1.0,1.0,1.0,1.0,36.8065,10.188232,2222.222222222222,37.75,0.0,285532.6189391474,285532.6189391474,277143.4970760234
383,180.0,5.0,1.0,1.0,1.0,1.0,1.0,1.0,1.0,1.0,1.0,1.0,36.8587351,10.188232,1944.4444444444443,36.0,0.0,285532.6189391474,285532.6189391474,320375.0034842321
150,93.0,4.0,1.0,1.0,1.0,1.0,1.0,1.0,1.0,1.0,1.0,1.0,36.4512897,10.7355915,3440.8602150537636,23.25,0.0,285532.6189391474,285532.6189391474,300305.12820512813
1317,100.0,2.0,2.0,1.0,1.0,1.0,1.0,1.0,1.0,1.0,1.0,1.0,36.8443809,10.1819354,1800.0,50.0,2.0,285532.6189391474,285532.6189391474,293441.4203821656
1453,99.0,4.0,4.0,1.0,1.0,1.0,1.0,1.0,1.0,1.0,1.0,1.0,35.7707582,10.8280511,4343.434343434344,24.75,4.0,285532.6189391474,285532.6189391474,309845.8833033952
1854,140.0,3.0,0.0,1.0,1.0,1.0,1.0,1.0,1.0,1.0,1.0,1.0,36.86550174113599,10.2529214890464,4285.714285714285,46.666666666666664,0.0,285532.6189391474,285532.6189391474,293441.4203821656
2580,107.0,3.0,1.0,1.0,1.0,1.0,1.0,1.0,1.0,1.0,1.0,1.0,36.8065,10.188232,2537.88748564868,37.75,0.0,285532.6189391474,285532.6189391474,277143.4970760234
426,143.0,4.0,1.0,1.0,1.0,1.0,1.0,1.0,1.0,1.0,1.0,1.0,36.719825,10.2192362,2202.7972027972028,35.75,0.0,285532.6189391474,285532.6189391474,218196.17024373435
494,132.0,3.0,1.0,1.0,1.0,1.0,1.0,1.0,1.0,1.0,1.0,1.0,36.8572699,10.2918693,4696.969696969697,44.0,1.0,285532.6189391474,285532.6189391474,293441.4203821656
1207,90.0,3.0,1.0,1.0,1.0,1.0,1.0,1.0,1.0,1.0,1.0,1.0,36.8291875,10.1903688,1999.9888888888888,30.0,0.0,285532.6189391474,285532.6189391474,293441.4203821656
2909,107.0,3.0,1.0,1.0,1.0,1.0,1.0,1.0,1.0,1.0,1.0,1.0,36.8065,10.1815,2537.88748564868,37.75,0.0,285532.6189391474,285532.6189391474,293441.4203821656
2881,107.0,3.0,1.0,1.0,1.0,1.0,1.0,1.0,1.0,1.0,1.0,1.0,36.8065,10.1815,2537.88748564868,37.75,0.0,285532.6189391474,285532.6189391474,293441.4203821656
1208,205.0,2.0,1.0,1.0,1.0,1.0,1.0,1.0,1.0,1.0,1.0,1.0,36.8668692,10.3495656,2926.829268292683,102.5,0.0,285532.6189391474,285532.6189391474,293441.4203821656
3123,106.0,3.0,1.0,1.0,1.0,1.0,1.0,1.0,1.0,1.0,1.0,1.0,36.8065,10.1815,3443.396226415094,35.333333333333336,0.0,285532.6189391474,285532.6189391474,293441.4203821656
3338,107.0,3.0,1.0,1.0,1.0,1.0,1.0,1.0,1.0,1.0,1.0,1.0,36.8065,10.188232,2537.88748564868,37.75,0.0,285532.6189391474,285532.6189391474,277143.4970760234
2975,100.0,3.0,1.0,1.0,1.0,1.0,1.0,1.0,1.0,1.0,1.0,1.0,36.8065,10.188232,850.0,37.75,0.0,285532.6189391474,285532.6189391474,277143.4970760234
1816,60.0,2.0,2.0,1.0,1.0,1.0,1.0,1.0,1.0,1.0,1.0,1.0,36.45010174113639,10.75252191153426,2166.6666666666665,30.0,0.0,285532.6189391474,285532.6189391474,300305.12820512813
1239,111.0,2.0,1.0,1.0,1.0,1.0,1.0,1.0,1.0,1.0,1.0,1.0,36.8749751,10.2454267,3153.153153153153,55.5,0.0,285532.6189391474,285532.6189391474,320375.0034842321
2866,124.0,3.0,1.0,1.0,1.0,1.0,1.0,1.0,1.0,1.0,1.0,1.0,36.8065,10.1815,2580.6451612903224,41.333333333333336,0.0,285532.6189391474,285532.6189391474,293441.4203821656
2094,127.0,4.0,2.0,1.0,1.0,1.0,1.0,1.0,1.0,1.0,1.0,1.0,35.53690174113722,11.027822810390145,3598.4251968503936,31.75,0.0,285532.6189391474,285532.6189391474,276683.9253054531
275,90.0,2.0,0.0,1.0,1.0,1.0,1.0,1.0,1.0,1.0,1.0,1.0,36.8065,10.188232,1777.7777777777778,45.0,0.0,285532.6189391474,285532.6189391474,277143.4970760234
489,203.0,4.0,1.0,1.0,1.0,1.0,1.0,1.0,1.0,1.0,1.0,1.0,36.8599292,10.1531585,3423.6453201970444,50.75,0.0,285532.6189391474,285532.6189391474,320375.0034842321
1981,151.0,3.0,0.0,1.0,1.0,1.0,1.0,1.0,1.0,1.0,1.0,1.0,36.877501741135966,10.31192147671224,4304.635761589404,50.333333333333336,0.0,285532.6189391474,285532.6189391474,293441.4203821656
1229,92.0,3.0,1.0,1.0,1.0,1.0,1.0,1.0,1.0,1.0,1.0,1.0,36.8065,10.1815,1413.0434782608695,30.666666666666668,0.0,285532.6189391474,285532.6189391474,293441.4203821656
690,90.0,2.0,4.0,1.0,1.0,1.0,1.0,1.0,1.0,1.0,1.0,1.0,36.719825,10.2192362,1444.4444444444443,45.0,0.0,285532.6189391474,285532.6189391474,218196.17024373435
3450,118.0,3.0,1.0,1.0,1.0,1.0,1.0,1.0,1.0,1.0,1.0,1.0,36.8065,10.1815,2067.7966101694915,37.75,0.0,285532.6189391474,285532.6189391474,293441.4203821656
3241,100.0,3.0,5.0,1.0,1.0,1.0,1.0,1.0,1.0,1.0,1.0,1.0,36.8065,10.188232,2450.0,33.333333333333336,0.0,285532.6189391474,285532.6189391474,277143.4970760234
1881,158.0,4.0,1.0,1.0,1.0,1.0,1.0,1.0,1.0,1.0,1.0,1.0,36.853201741136,10.292321501681323,4272.151898734177,39.5,0.0,285532.6189391474,285532.6189391474,293441.4203821656
1952,130.0,4.0,1.0,1.0,1.0,1.0,1.0,1.0,1.0,1.0,1.0,1.0,36.81360174113604,10.126421542307444,3461.5384615384614,32.5,0.0,285532.6189391474,285532.6189391474,293441.4203821656
1784,156.0,3.0,1.0,1.0,1.0,1.0,1.0,1.0,1.0,1.0,1.0,1.0,36.8468,11.0937,1185.8974358974358,52.0,0.0,285532.6189391474,285532.6189391474,300305.12820512813
2985,114.0,3.0,1.0,1.0,1.0,1.0,1.0,1.0,1.0,1.0,1.0,1.0,36.8065,10.1815,1798.780701754386,37.75,0.0,285532.6189391474,285532.6189391474,293441.4203821656
2771,98.0,3.0,1.0,1.0,1.0,1.0,1.0,1.0,1.0,1.0,1.0,1.0,36.8065,10.1815,3265.3061224489797,32.666666666666664,0.0,285532.6189391474,285532.6189391474,293441.4203821656
1058,125.0,3.0,4.0,1.0,1.0,1.0,1.0,1.0,1.0,1.0,1.0,1.0,36.8095,10.098,2520.0,41.666666666666664,4.0,285532.6189391474,285532.6189391474,240180.81353797184
118,90.0,2.0,1.0,1.0,1.0,1.0,1.0,1.0,1.0,1.0,1.0,1.0,36.4512897,10.7355915,6111.111111111111,45.0,0.0,285532.6189391474,285532.6189391474,300305.12820512813
1024,60.0,3.0,2.0,1.0,1.0,1.0,1.0,1.0,1.0,1.0,1.0,1.0,36.7992041,10.1756221,2833.3333333333335,20.0,0.0,285532.6189391474,285532.6189391474,293441.4203821656
3132,147.0,4.0,1.0,1.0,1.0,1.0,1.0,1.0,1.0,1.0,1.0,1.0,36.8065,10.1815,2401.360544217687,36.75,0.0,285532.6189391474,285532.6189391474,293441.4203821656
281,166.0,2.0,1.0,1.0,1.0,1.0,1.0,1.0,1.0,1.0,1.0,1.0,36.8002068,10.1857757,1698.7951807228915,83.0,0.0,285532.6189391474,285532.6189391474,293441.4203821656
2254,101.0,4.0,2.0,1.0,1.0,1.0,1.0,1.0,1.0,1.0,1.0,1.0,35.8442,10.5876,2871.2871287128714,25.25,0.0,285532.6189391474,285532.6189391474,281505.570214618
1316,145.0,3.0,1.0,1.0,1.0,1.0,1.0,1.0,1.0,1.0,1.0,1.0,36.4561,10.7376,2344.8275862068967,48.333333333333336,0.0,285532.6189391474,285532.6189391474,300305.12820512813
3191,180.0,3.0,1.0,1.0,1.0,1.0,1.0,1.0,1.0,1.0,1.0,1.0,35.8245,10.6346,1805.5555555555557,60.0,0.0,285532.6189391474,285532.6189391474,281505.570214618
968,78.0,3.0,1.0,1.0,1.0,1.0,1.0,1.0,1.0,1.0,1.0,1.0,36.8149327,10.1675999,2500.0,26.0,0.0,285532.6189391474,285532.6189391474,293441.4203821656
1667,90.0,1.0,1.0,1.0,1.0,1.0,1.0,1.0,1.0,1.0,1.0,1.0,36.7136861,10.3691813,1777.7777777777778,90.0,0.0,285532.6189391474,285532.6189391474,218196.17024373435
3327,95.0,3.0,1.0,1.0,1.0,1.0,1.0,1.0,1.0,1.0,1.0,1.0,36.8065,10.1815,1347.3684210526317,37.75,0.0,285532.6189391474,285532.6189391474,293441.4203821656
2732,90.0,2.0,1.0,1.0,1.0,1.0,1.0,1.0,1.0,1.0,1.0,1.0,36.4561,10.7376,1666.6666666666667,45.0,0.0,285532.6189391474,285532.6189391474,300305.12820512813
2222,127.0,2.0,2.0,1.0,1.0,1.0,1.0,1.0,1.0,1.0,1.0,1.0,35.81080174113697,10.612222545035042,2700.787401574803,63.5,0.0,285532.6189391474,285532.6189391474,281505.570214618
619,65.0,1.0,4.0,1.0,1.0,1.0,1.0,1.0,1.0,1.0,1.0,1.0,36.9003542,11.0982607,2230.769230769231,65.0,0.0,285532.6189391474,285532.6189391474,300305.12820512813
1746,70.0,3.0,2.0,1.0,1.0,1.0,1.0,1.0,1.0,1.0,1.0,1.0,36.8336187,10.1471736,3285.714285714286,23.333333333333332,0.0,285532.6189391474,285532.6189391474,293441.4203821656
3405,88.0,3.0,0.0,1.0,1.0,1.0,1.0,1.0,1.0,1.0,1.0,1.0,36.8065,10.1815,2613.6363636363635,37.75,0.0,285532.6189391474,285532.6189391474,293441.4203821656
155,200.0,2.0,1.0,1.0,1.0,1.0,1.0,1.0,1.0,1.0,1.0,1.0,36.8002068,10.1857757,2625.0,100.0,0.0,285532.6189391474,285532.6189391474,293441.4203821656
4180,107.0,2.0,1.0,1.0,1.0,1.0,1.0,1.0,1.0,1.0,1.0,1.0,36.8065,10.1815,2537.88748564868,37.75,0.0,285532.6189391474,285532.6189391474,293441.4203821656
1657,170.0,3.0,5.0,1.0,1.0,1.0,1.0,1.0,1.0,1.0,1.0,1.0,36.8541206,10.1626718,2000.0,56.666666666666664,0.0,285532.6189391474,285532.6189391474,320375.0034842321
3234,170.0,4.0,2.0,1.0,1.0,1.0,1.0,1.0,1.0,1.0,1.0,1.0,36.8065,10.188232,2470.5882352941176,42.5,2.0,285532.6189391474,285532.6189391474,277143.4970760234
304,110.0,2.0,1.0,1.0,1.0,1.0,1.0,1.0,1.0,1.0,1.0,1.0,36.8002068,10.1857757,2272.7272727272725,55.0,0.0,285532.6189391474,285532.6189391474,293441.4203821656
2562,107.0,3.0,1.0,1.0,1.0,1.0,1.0,1.0,1.0,1.0,1.0,1.0,36.8065,10.188232,2537.88748564868,37.75,0.0,285532.6189391474,285532.6189391474,277143.4970760234
3543,75.0,3.0,1.0,1.0,1.0,1.0,1.0,1.0,1.0,1.0,1.0,1.0,36.8065,10.188232,3800.0,37.75,0.0,285532.6189391474,285532.6189391474,277143.4970760234
3648,100.0,4.0,1.0,1.0,1.0,1.0,1.0,1.0,1.0,1.0,1.0,1.0,36.8065,10.1815,3700.0,25.0,0.0,285532.6189391474,285532.6189391474,293441.4203821656
4291,70.0,3.0,1.0,1.0,1.0,1.0,1.0,1.0,1.0,1.0,1.0,1.0,36.8065,10.1815,2285.714285714286,23.333333333333332,0.0,285532.6189391474,285532.6189391474,293441.4203821656
3045,100.0,4.0,3.0,1.0,1.0,1.0,1.0,1.0,1.0,1.0,1.0,1.0,36.8065,10.1815,4150.0,25.0,0.0,285532.6189391474,285532.6189391474,293441.4203821656
1307,140.0,3.0,1.0,1.0,1.0,1.0,1.0,1.0,1.0,1.0,1.0,1.0,36.8456561,11.0935701,2500.0,46.666666666666664,0.0,285532.6189391474,285532.6189391474,300305.12820512813
3122,135.0,3.0,1.0,1.0,1.0,1.0,1.0,1.0,1.0,1.0,1.0,1.0,36.8065,10.1815,2703.703703703704,45.0,1.0,285532.6189391474,285532.6189391474,293441.4203821656
575,133.0,4.0,1.0,1.0,1.0,1.0,1.0,1.0,1.0,1.0,1.0,1.0,36.8587351,10.188232,1466.1654135338347,33.25,0.0,285532.6189391474,285532.6189391474,320375.0034842321
2577,107.0,3.0,1.0,1.0,1.0,1.0,1.0,1.0,1.0,1.0,1.0,1.0,36.8065,10.188232,2537.88748564868,37.75,0.0,285532.6189391474,285532.6189391474,277143.4970760234
3582,4200.0,5.0,1.0,1.0,1.0,1.0,1.0,1.0,1.0,1.0,1.0,1.0,36.8065,10.1815,130.95238095238096,840.0,0.0,285532.6189391474,285532.6189391474,293441.4203821656
3665,70.0,3.0,1.0,1.0,1.0,1.0,1.0,1.0,1.0,1.0,1.0,1.0,36.8065,10.1815,2785.714285714286,37.75,0.0,285532.6189391474,285532.6189391474,293441.4203821656
1710,117.0,3.0,3.0,1.0,1.0,1.0,1.0,1.0,1.0,1.0,1.0,1.0,36.8456561,11.0935701,1623.931623931624,39.0,0.0,285532.6189391474,285532.6189391474,300305.12820512813
2382,135.0,3.0,1.0,1.0,1.0,1.0,1.0,1.0,1.0,1.0,1.0,1.0,36.4382476,10.5632044,1629.6296296296296,45.0,0.0,285532.6189391474,285532.6189391474,293441.4203821656
1299,120.0,4.0,1.0,1.0,1.0,1.0,1.0,1.0,1.0,1.0,1.0,1.0,36.8065,10.1815,1333.3333333333333,30.0,0.0,285532.6189391474,285532.6189391474,293441.4203821656
132,220.0,2.0,1.0,1.0,1.0,1.0,1.0,1.0,1.0,1.0,1.0,1.0,36.4512897,10.7355915,2500.0,110.0,0.0,285532.6189391474,285532.6189391474,300305.12820512813
3032,144.0,4.0,1.0,1.0,1.0,1.0,1.0,1.0,1.0,1.0,1.0,1.0,36.753,10.228,2500.0,36.0,0.0,285532.6189391474,285532.6189391474,218196.17024373435
3310,202.0,3.0,1.0,1.0,1.0,1.0,1.0,1.0,1.0,1.0,1.0,1.0,36.8065,10.188232,1584.1584158415842,37.75,0.0,285532.6189391474,285532.6189391474,277143.4970760234
3081,213.0,4.0,1.0,1.0,1.0,1.0,1.0,1.0,1.0,1.0,1.0,1.0,36.8065,10.1815,1549.2957746478874,53.25,0.0,285532.6189391474,285532.6189391474,293441.4203821656
843,80.0,3.0,1.0,1.0,1.0,1.0,1.0,1.0,1.0,1.0,1.0,1.0,36.719825,10.2192362,3375.0,26.666666666666668,0.0,285532.6189391474,285532.6189391474,218196.17024373435
1805,128.0,3.0,1.0,1.0,1.0,1.0,1.0,1.0,1.0,1.0,1.0,1.0,36.4452017411364,10.741421916466289,3515.625,42.666666666666664,1.0,285532.6189391474,285532.6189391474,300305.12820512813
1630,132.0,3.0,1.0,1.0,1.0,1.0,1.0,1.0,1.0,1.0,1.0,1.0,36.8749751,10.2454267,4484.848484848485,44.0,0.0,285532.6189391474,285532.6189391474,320375.0034842321
2869,59.0,2.0,4.0,1.0,1.0,1.0,1.0,1.0,1.0,1.0,1.0,1.0,36.8065,10.1815,3050.8474576271187,29.5,0.0,285532.6189391474,285532.6189391474,293441.4203821656
269,100.0,3.0,0.0,1.0,1.0,1.0,1.0,1.0,1.0,1.0,1.0,1.0,36.8065,10.188232,3200.0,33.333333333333336,0.0,285532.6189391474,285532.6189391474,277143.4970760234
629,88.0,3.0,1.0,1.0,1.0,1.0,1.0,1.0,1.0,1.0,1.0,1.0,35.8749788,10.5935183,1931.8181818181818,29.333333333333332,0.0,285532.6189391474,285532.6189391474,281505.570214618
1734,125.0,3.0,1.0,1.0,1.0,1.0,1.0,1.0,1.0,1.0,1.0,1.0,36.7335645,10.2089454,2000.0,41.666666666666664,0.0,285532.6189391474,285532.6189391474,218196.17024373435
1033,120.0,3.0,1.0,1.0,1.0,1.0,1.0,1.0,1.0,1.0,1.0,1.0,36.8572699,10.2918693,3958.3333333333335,40.0,0.0,285532.6189391474,285532.6189391474,293441.4203821656
2227,145.0,4.0,1.0,1.0,1.0,1.0,1.0,1.0,1.0,1.0,1.0,1.0,35.86370174113692,10.606122493370616,2310.344827586207,36.25,0.0,285532.6189391474,285532.6189391474,281505.570214618
286,170.0,3.0,0.0,1.0,1.0,1.0,1.0,1.0,1.0,1.0,1.0,1.0,36.8002068,10.1857757,1882.3529411764705,56.666666666666664,0.0,285532.6189391474,285532.6189391474,293441.4203821656
1326,137.0,4.0,1.0,1.0,1.0,1.0,1.0,1.0,1.0,1.0,1.0,1.0,37.2720905,9.8708565,1824.8175182481752,34.25,0.0,285532.6189391474,285532.6189391474,243467.8477263652
2996,107.0,4.0,1.0,1.0,1.0,1.0,1.0,1.0,1.0,1.0,1.0,1.0,36.8065,10.188232,2537.88748564868,37.75,0.0,285532.6189391474,285532.6189391474,277143.4970760234
300,236.0,2.0,1.0,1.0,1.0,1.0,1.0,1.0,1.0,1.0,1.0,1.0,36.8002068,10.1857757,2097.4576271186443,118.0,0.0,285532.6189391474,285532.6189391474,293441.4203821656
3280,112.0,3.0,1.0,1.0,1.0,1.0,1.0,1.0,1.0,1.0,1.0,1.0,36.8065,10.188232,1964.2857142857142,37.333333333333336,0.0,285532.6189391474,285532.6189391474,277143.4970760234
3998,107.0,4.0,1.0,1.0,1.0,1.0,1.0,1.0,1.0,1.0,1.0,1.0,36.8065,10.1815,2537.88748564868,37.75,0.0,285532.6189391474,285532.6189391474,293441.4203821656
1449,110.0,3.0,2.0,1.0,1.0,1.0,1.0,1.0,1.0,1.0,1.0,1.0,37.2720905,9.8708565,1545.4545454545455,36.666666666666664,0.0,285532.6189391474,285532.6189391474,243467.8477263652
1474,75.0,2.0,1.0,1.0,1.0,1.0,1.0,1.0,1.0,1.0,1.0,1.0,36.8456561,11.0935701,2133.3333333333335,37.5,0.0,285532.6189391474,285532.6189391474,300305.12820512813
2847,90.0,3.0,1.0,1.0,1.0,1.0,1.0,1.0,1.0,1.0,1.0,1.0,37.2744,9.8739,2111.1111111111113,30.0,0.0,285532.6189391474,285532.6189391474,243467.8477263652
3642,161.0,3.0,1.0,1.0,1.0,1.0,1.0,1.0,1.0,1.0,1.0,1.0,36.8065,10.1815,3478.2608695652175,37.75,0.0,285532.6189391474,285532.6189391474,293441.4203821656
1186,90.0,3.0,1.0,1.0,1.0,1.0,1.0,1.0,1.0,1.0,1.0,1.0,36.7992041,10.1756221,1500.0,30.0,0.0,285532.6189391474,285532.6189391474,293441.4203821656
65,115.0,3.0,0.0,1.0,1.0,1.0,1.0,1.0,1.0,1.0,1.0,1.0,36.4512897,10.7355915,2173.913043478261,38.333333333333336,0.0,285532.6189391474,285532.6189391474,300305.12820512813
3013,150.0,3.0,0.0,1.0,1.0,1.0,1.0,1.0,1.0,1.0,1.0,1.0,36.8065,10.1815,2000.0,37.75,0.0,285532.6189391474,285532.6189391474,293441.4203821656
890,178.0,4.0,3.0,1.0,1.0,1.0,1.0,1.0,1.0,1.0,1.0,1.0,36.4561,10.7376,3820.224719101124,44.5,0.0,285532.6189391474,285532.6189391474,300305.12820512813
3174,120.0,3.0,1.0,1.0,1.0,1.0,1.0,1.0,1.0,1.0,1.0,1.0,36.8065,10.1815,3166.6666666666665,37.75,0.0,285532.6189391474,285532.6189391474,293441.4203821656
3638,107.0,3.0,1.0,1.0,1.0,1.0,1.0,1.0,1.0,1.0,1.0,1.0,36.8065,10.188232,2537.88748564868,37.75,0.0,285532.6189391474,285532.6189391474,277143.4970760234
1770,127.0,3.0,5.0,1.0,1.0,1.0,1.0,1.0,1.0,1.0,1.0,1.0,36.44970174113639,10.735621911936924,3307.0866141732286,42.333333333333336,5.0,285532.6189391474,285532.6189391474,300305.12820512813
2469,168.0,4.0,5.0,1.0,1.0,1.0,1.0,1.0,1.0,1.0,1.0,1.0,33.8439408,9.400138,2261.904761904762,42.0,5.0,285532.6189391474,285532.6189391474,277143.4970760234
2024,111.0,3.0,4.0,1.0,1.0,1.0,1.0,1.0,1.0,1.0,1.0,1.0,36.8141,10.0764,2612.612612612613,37.0,4.0,285532.6189391474,285532.6189391474,293441.4203821656
230,140.0,2.0,1.0,1.0,1.0,1.0,1.0,1.0,1.0,1.0,1.0,1.0,36.4512897,10.7355915,1785.7142857142858,70.0,0.0,285532.6189391474,285532.6189391474,300305.12820512813
503,100.0,4.0,4.0,1.0,1.0,1.0,1.0,1.0,1.0,1.0,1.0,1.0,36.8456561,11.0935701,2400.0,25.0,0.0,285532.6189391474,285532.6189391474,300305.12820512813
2287,41.0,1.0,2.0,1.0,1.0,1.0,1.0,1.0,1.0,1.0,1.0,1.0,36.0224,10.5154,3756.0975609756097,41.0,2.0,285532.6189391474,285532.6189391474,281505.570214618
2759,94.0,5.0,1.0,1.0,1.0,1.0,1.0,1.0,1.0,1.0,1.0,1.0,36.8065,10.1815,4009.0,18.8,0.0,285532.6189391474,285532.6189391474,293441.4203821656
380,154.0,4.0,1.0,1.0,1.0,1.0,1.0,1.0,1.0,1.0,1.0,1.0,36.8587351,10.188232,2337.6623376623374,38.5,0.0,285532.6189391474,285532.6189391474,320375.0034842321
4020,107.0,3.0,0.0,1.0,1.0,1.0,1.0,1.0,1.0,1.0,1.0,1.0,36.8065,10.1815,2537.88748564868,37.75,0.0,285532.6189391474,285532.6189391474,293441.4203821656
1527,116.0,3.0,1.0,1.0,1.0,1.0,1.0,1.0,1.0,1.0,1.0,1.0,36.8599292,10.1531585,3189.655172413793,38.666666666666664,0.0,285532.6189391474,285532.6189391474,320375.0034842321
2210,68.0,2.0,1.0,1.0,1.0,1.0,1.0,1.0,1.0,1.0,1.0,1.0,35.83730174113693,10.620022519170869,2205.8823529411766,34.0,0.0,285532.6189391474,285532.6189391474,281505.570214618
2013,136.0,4.0,2.0,1.0,1.0,1.0,1.0,1.0,1.0,1.0,1.0,1.0,36.847901741136006,10.166921507123268,2463.235294117647,34.0,2.0,285532.6189391474,285532.6189391474,293441.4203821656
1004,150.0,3.0,1.0,1.0,1.0,1.0,1.0,1.0,1.0,1.0,1.0,1.0,36.4561,10.7376,1933.3333333333333,50.0,0.0,285532.6189391474,285532.6189391474,300305.12820512813
836,178.0,4.0,3.0,1.0,1.0,1.0,1.0,1.0,1.0,1.0,1.0,1.0,36.4012665,10.5572827,3820.224719101124,44.5,0.0,285532.6189391474,285532.6189391474,300305.12820512813
2286,133.0,3.0,1.0,1.0,1.0,1.0,1.0,1.0,1.0,1.0,1.0,1.0,35.8313,10.6105,3302.9774436090224,44.333333333333336,0.0,285532.6189391474,285532.6189391474,281505.570214618
374,60.0,2.0,1.0,1.0,1.0,1.0,1.0,1.0,1.0,1.0,1.0,1.0,36.4512897,10.7355915,3000.0,30.0,0.0,285532.6189391474,285532.6189391474,300305.12820512813
2049,65.0,2.0,1.0,1.0,1.0,1.0,1.0,1.0,1.0,1.0,1.0,1.0,36.833401741136015,10.141621522004328,2846.153846153846,32.5,0.0,285532.6189391474,285532.6189391474,293441.4203821656
4253,96.0,2.0,1.0,1.0,1.0,1.0,1.0,1.0,1.0,1.0,1.0,1.0,36.8065,10.1815,2291.6666666666665,48.0,0.0,285532.6189391474,285532.6189391474,293441.4203821656
3009,180.0,3.0,1.0,1.0,1.0,1.0,1.0,1.0,1.0,1.0,1.0,1.0,36.8065,10.1815,650.0,37.75,0.0,285532.6189391474,285532.6189391474,293441.4203821656
939,109.0,2.0,2.0,1.0,1.0,1.0,1.0,1.0,1.0,1.0,1.0,1.0,36.7420699,10.2407329,3000.0,54.5,0.0,285532.6189391474,285532.6189391474,218196.17024373435
1321,75.0,1.0,1.0,1.0,1.0,1.0,1.0,1.0,1.0,1.0,1.0,1.0,36.8479251,10.2611996,3666.6666666666665,75.0,0.0,285532.6189391474,285532.6189391474,293441.4203821656
2491,78.0,4.0,3.0,1.0,1.0,1.0,1.0,1.0,1.0,1.0,1.0,1.0,35.7707582,10.8280511,5769.2307692307695,19.5,3.0,285532.6189391474,285532.6189391474,309845.8833033952
4136,76.0,3.0,1.0,1.0,1.0,1.0,1.0,1.0,1.0,1.0,1.0,1.0,36.8065,10.188232,3421.0526315789475,37.75,0.0,285532.6189391474,285532.6189391474,277143.4970760234
751,61.0,2.0,1.0,1.0,1.0,1.0,1.0,1.0,1.0,1.0,1.0,1.0,36.8599292,10.1531585,3508.1967213114754,30.5,0.0,285532.6189391474,285532.6189391474,320375.0034842321
99,100.0,2.0,1.0,1.0,1.0,1.0,1.0,1.0,1.0,1.0,1.0,1.0,36.8002068,10.1857757,1200.0,50.0,0.0,285532.6189391474,285532.6189391474,293441.4203821656
1545,154.0,3.0,5.0,1.0,1.0,1.0,1.0,1.0,1.0,1.0,1.0,1.0,36.8479251,10.2611996,2012.987012987013,51.333333333333336,5.0,285532.6189391474,285532.6189391474,293441.4203821656
2464,108.0,4.0,1.0,1.0,1.0,1.0,1.0,1.0,1.0,1.0,1.0,1.0,33.8439408,9.400138,1481.4814814814815,27.0,0.0,285532.6189391474,285532.6189391474,277143.4970760234
866,130.0,1.0,2.0,1.0,1.0,1.0,1.0,1.0,1.0,1.0,1.0,1.0,36.8625,10.1956,2730.769230769231,130.0,2.0,285532.6189391474,285532.6189391474,320375.0034842321
1764,160.0,3.0,4.0,1.0,1.0,1.0,1.0,1.0,1.0,1.0,1.0,1.0,37.28290174113559,9.870591055692111,2500.0,53.333333333333336,0.0,285532.6189391474,285532.6189391474,243467.8477263652
910,110.0,3.0,1.0,1.0,1.0,1.0,1.0,1.0,1.0,1.0,1.0,1.0,36.7019512,10.3964906,2000.0,36.666666666666664,0.0,285532.6189391474,285532.6189391474,218196.17024373435
2121,103.0,3.0,4.0,1.0,1.0,1.0,1.0,1.0,1.0,1.0,1.0,1.0,35.7736,10.7856,4368.9320388349515,34.333333333333336,0.0,285532.6189391474,285532.6189391474,309845.8833033952
1577,170.0,2.0,1.0,1.0,1.0,1.0,1.0,1.0,1.0,1.0,1.0,1.0,36.4012665,10.5572827,1000.0,85.0,0.0,285532.6189391474,285532.6189391474,300305.12820512813
529,100.0,2.0,0.0,1.0,1.0,1.0,1.0,1.0,1.0,1.0,1.0,1.0,36.9003542,11.0982607,2200.0,50.0,0.0,285532.6189391474,285532.6189391474,300305.12820512813
1260,78.0,2.0,1.0,1.0,1.0,1.0,1.0,1.0,1.0,1.0,1.0,1.0,36.753,10.228,1666.6666666666667,39.0,0.0,285532.6189391474,285532.6189391474,218196.17024373435
1951,116.0,2.0,1.0,1.0,1.0,1.0,1.0,1.0,1.0,1.0,1.0,1.0,36.81800174113605,10.146721537797356,1465.5172413793102,58.0,1.0,285532.6189391474,285532.6189391474,293441.4203821656
2375,170.0,4.0,1.0,1.0,1.0,1.0,1.0,1.0,1.0,1.0,1.0,1.0,36.9051527,10.2982512,10000.0,42.5,0.0,285532.6189391474,285532.6189391474,293441.4203821656
636,95.0,2.0,1.0,1.0,1.0,1.0,1.0,1.0,1.0,1.0,1.0,1.0,36.8702316,10.1996261,2526.315789473684,47.5,0.0,285532.6189391474,285532.6189391474,320375.0034842321
1269,152.0,3.0,1.0,1.0,1.0,1.0,1.0,1.0,1.0,1.0,1.0,1.0,36.8479251,10.2611996,2828.9473684210525,50.666666666666664,0.0,285532.6189391474,285532.6189391474,293441.4203821656
185,125.0,4.0,1.0,1.0,1.0,1.0,1.0,1.0,1.0,1.0,1.0,1.0,36.4512897,10.7355915,3600.0,31.25,0.0,285532.6189391474,285532.6189391474,300305.12820512813
2465,107.0,2.0,1.0,1.0,1.0,1.0,1.0,1.0,1.0,1.0,1.0,1.0,36.4012665,10.5572827,2537.88748564868,37.75,0.0,285532.6189391474,285532.6189391474,300305.12820512813
3220,185.0,2.0,0.0,1.0,1.0,1.0,1.0,1.0,1.0,1.0,1.0,1.0,36.8065,10.1815,1891.8918918918919,92.5,0.0,285532.6189391474,285532.6189391474,293441.4203821656
2180,125.0,3.0,4.0,1.0,1.0,1.0,1.0,1.0,1.0,1.0,1.0,1.0,35.8671,10.5966,2416.0,41.666666666666664,0.0,285532.6189391474,285532.6189391474,281505.570214618
1801,110.0,1.0,2.0,1.0,1.0,1.0,1.0,1.0,1.0,1.0,1.0,1.0,36.40620174113643,10.612721955678648,2909.090909090909,110.0,2.0,285532.6189391474,285532.6189391474,300305.12820512813
931,80.0,1.0,1.0,1.0,1.0,1.0,1.0,1.0,1.0,1.0,1.0,1.0,36.7992041,10.1756221,1000.0,80.0,0.0,285532.6189391474,285532.6189391474,293441.4203821656
1443,120.0,4.0,1.0,1.0,1.0,1.0,1.0,1.0,1.0,1.0,1.0,1.0,36.7404497,10.3029461,2083.3333333333335,30.0,0.0,285532.6189391474,285532.6189391474,218196.17024373435
2362,107.0,3.0,4.0,1.0,1.0,1.0,1.0,1.0,1.0,1.0,1.0,1.0,36.8075285,10.2601553,2537.88748564868,37.75,0.0,285532.6189391474,285532.6189391474,293441.4203821656
3131,162.0,3.0,1.0,1.0,1.0,1.0,1.0,1.0,1.0,1.0,1.0,1.0,36.8625,10.1956,2345.679012345679,37.75,0.0,285532.6189391474,285532.6189391474,320375.0034842321
2159,90.0,2.0,1.0,1.0,1.0,1.0,1.0,1.0,1.0,1.0,1.0,1.0,35.7784,10.8331,5444.444444444444,45.0,0.0,285532.6189391474,285532.6189391474,309845.8833033952
1537,90.0,2.0,1.0,1.0,1.0,1.0,1.0,1.0,1.0,1.0,1.0,1.0,36.8456561,11.0935701,2666.6666666666665,45.0,0.0,285532.6189391474,285532.6189391474,300305.12820512813
865,75.0,2.0,1.0,1.0,1.0,1.0,1.0,1.0,1.0,1.0,1.0,1.0,36.8625,10.1956,2600.0,37.5,0.0,285532.6189391474,285532.6189391474,320375.0034842321
4045,91.0,3.0,1.0,1.0,1.0,1.0,1.0,1.0,1.0,1.0,1.0,1.0,36.8065,10.188232,2142.8571428571427,30.333333333333332,0.0,285532.6189391474,285532.6189391474,277143.4970760234
1273,70.0,2.0,1.0,1.0,1.0,1.0,1.0,1.0,1.0,1.0,1.0,1.0,35.8245,10.6346,2642.8571428571427,35.0,1.0,285532.6189391474,285532.6189391474,281505.570214618
2746,107.0,5.0,0.0,1.0,1.0,1.0,1.0,1.0,1.0,1.0,1.0,1.0,36.8065,10.1815,2537.88748564868,37.75,0.0,285532.6189391474,285532.6189391474,293441.4203821656
2280,70.0,3.0,4.0,1.0,1.0,1.0,1.0,1.0,1.0,1.0,1.0,1.0,35.83580174113695,10.63352252063578,2000.0,23.333333333333332,0.0,285532.6189391474,285532.6189391474,281505.570214618
607,100.0,4.0,1.0,1.0,1.0,1.0,1.0,1.0,1.0,1.0,1.0,1.0,36.8065,10.1815,1100.0,25.0,0.0,285532.6189391474,285532.6189391474,293441.4203821656
2598,115.0,4.0,1.0,1.0,1.0,1.0,1.0,1.0,1.0,1.0,1.0,1.0,36.8065,10.1815,3400.0,28.75,0.0,285532.6189391474,285532.6189391474,293441.4203821656
1716,90.0,3.0,1.0,1.0,1.0,1.0,1.0,1.0,1.0,1.0,1.0,1.0,35.8137916,10.5208721,1166.6666666666667,30.0,0.0,285532.6189391474,285532.6189391474,281505.570214618
4193,57.0,2.0,1.0,1.0,1.0,1.0,1.0,1.0,1.0,1.0,1.0,1.0,36.8065,10.1815,3508.7719298245615,28.5,0.0,285532.6189391474,285532.6189391474,293441.4203821656
151,116.0,3.0,1.0,1.0,1.0,1.0,1.0,1.0,1.0,1.0,1.0,1.0,36.4512897,10.7355915,2931.0344827586205,38.666666666666664,0.0,285532.6189391474,285532.6189391474,300305.12820512813
4263,142.0,3.0,1.0,1.0,1.0,1.0,1.0,1.0,1.0,1.0,1.0,1.0,36.8065,10.1815,3169.0140845070423,37.75,0.0,285532.6189391474,285532.6189391474,293441.4203821656
2871,107.0,2.0,1.0,1.0,1.0,1.0,1.0,1.0,1.0,1.0,1.0,1.0,36.8065,10.188232,2537.88748564868,37.75,0.0,285532.6189391474,285532.6189391474,277143.4970760234
1406,71.0,2.0,1.0,1.0,1.0,1.0,1.0,1.0,1.0,1.0,1.0,1.0,36.4012665,10.5572827,6338.028169014085,35.5,0.0,285532.6189391474,285532.6189391474,300305.12820512813
4171,65.0,2.0,0.0,1.0,1.0,1.0,1.0,1.0,1.0,1.0,1.0,1.0,36.8065,10.1815,3000.0,32.5,0.0,285532.6189391474,285532.6189391474,293441.4203821656
731,120.0,4.0,1.0,1.0,1.0,1.0,1.0,1.0,1.0,1.0,1.0,1.0,36.8587351,10.188232,1500.0,30.0,0.0,285532.6189391474,285532.6189391474,320375.0034842321
2131,90.0,2.0,4.0,1.0,1.0,1.0,1.0,1.0,1.0,1.0,1.0,1.0,35.766501741137006,10.813922588196634,1444.4444444444443,45.0,0.0,285532.6189391474,285532.6189391474,309845.8833033952
2502,107.0,5.0,1.0,1.0,1.0,1.0,1.0,1.0,1.0,1.0,1.0,1.0,36.829187,10.146311,2537.88748564868,37.75,0.0,285532.6189391474,285532.6189391474,277143.4970760234
3863,128.0,4.0,5.0,1.0,1.0,1.0,1.0,1.0,1.0,1.0,1.0,1.0,36.8065,10.1815,2343.75,32.0,5.0,285532.6189391474,285532.6189391474,293441.4203821656
23,100.0,2.0,0.0,1.0,1.0,1.0,1.0,1.0,1.0,1.0,1.0,1.0,36.7516855,10.2245072,3700.0,50.0,0.0,285532.6189391474,285532.6189391474,218196.17024373435
3499,107.0,3.0,0.0,1.0,1.0,1.0,1.0,1.0,1.0,1.0,1.0,1.0,36.8065,10.1815,2537.88748564868,37.75,0.0,285532.6189391474,285532.6189391474,293441.4203821656
158,127.0,2.0,4.0,1.0,1.0,1.0,1.0,1.0,1.0,1.0,1.0,1.0,36.8002068,10.1857757,3149.6062992125985,63.5,0.0,285532.6189391474,285532.6189391474,293441.4203821656
1752,214.0,4.0,1.0,1.0,1.0,1.0,1.0,1.0,1.0,1.0,1.0,1.0,36.8749751,10.2454267,2967.2897196261683,53.5,0.0,285532.6189391474,285532.6189391474,320375.0034842321
861,110.0,2.0,5.0,1.0,1.0,1.0,1.0,1.0,1.0,1.0,1.0,1.0,36.7575659,10.244981,2535.2727272727275,55.0,0.0,285532.6189391474,285532.6189391474,218196.17024373435
1844,99.0,3.0,2.0,1.0,1.0,1.0,1.0,1.0,1.0,1.0,1.0,1.0,36.7618,10.2569,1565.6565656565656,33.0,0.0,285532.6189391474,285532.6189391474,293441.4203821656
2233,94.0,3.0,1.0,1.0,1.0,1.0,1.0,1.0,1.0,1.0,1.0,1.0,35.83240174113695,10.634822523955853,2063.8297872340427,31.333333333333332,0.0,285532.6189391474,285532.6189391474,281505.570214618
902,100.0,4.0,1.0,1.0,1.0,1.0,1.0,1.0,1.0,1.0,1.0,1.0,36.8065,10.1815,2300.0,25.0,0.0,285532.6189391474,285532.6189391474,293441.4203821656
352,107.0,2.0,1.0,1.0,1.0,1.0,1.0,1.0,1.0,1.0,1.0,1.0,36.8002068,10.1857757,2537.88748564868,37.75,0.0,285532.6189391474,285532.6189391474,293441.4203821656
1230,80.0,4.0,1.0,1.0,1.0,1.0,1.0,1.0,1.0,1.0,1.0,1.0,37.2720905,9.8708565,2187.5,20.0,0.0,285532.6189391474,285532.6189391474,243467.8477263652
3678,107.0,3.0,1.0,1.0,1.0,1.0,1.0,1.0,1.0,1.0,1.0,1.0,36.8065,10.188232,2537.88748564868,37.75,0.0,285532.6189391474,285532.6189391474,277143.4970760234
444,115.0,2.0,0.0,1.0,1.0,1.0,1.0,1.0,1.0,1.0,1.0,1.0,36.8240245,10.311616,5043.478260869565,57.5,0.0,285532.6189391474,285532.6189391474,293441.4203821656
4197,107.0,3.0,3.0,1.0,1.0,1.0,1.0,1.0,1.0,1.0,1.0,1.0,36.8065,10.188232,2537.88748564868,37.75,0.0,285532.6189391474,285532.6189391474,277143.4970760234
754,120.0,3.0,1.0,1.0,1.0,1.0,1.0,1.0,1.0,1.0,1.0,1.0,35.8512042,10.6062129,2041.6666666666667,40.0,0.0,285532.6189391474,285532.6189391474,281505.570214618
1741,222.0,3.0,1.0,1.0,1.0,1.0,1.0,1.0,1.0,1.0,1.0,1.0,35.8245,10.6346,990.990990990991,74.0,0.0,285532.6189391474,285532.6189391474,281505.570214618
923,120.0,4.0,1.0,1.0,1.0,1.0,1.0,1.0,1.0,1.0,1.0,1.0,36.7404497,10.3029461,2083.3333333333335,30.0,0.0,285532.6189391474,285532.6189391474,218196.17024373435
1668,120.0,3.0,1.0,1.0,1.0,1.0,1.0,1.0,1.0,1.0,1.0,1.0,36.8443809,10.1819354,3333.3333333333335,40.0,0.0,285532.6189391474,285532.6189391474,293441.4203821656
4249,99.0,3.0,1.0,1.0,1.0,1.0,1.0,1.0,1.0,1.0,1.0,1.0,36.8065,10.1815,4000.0,33.0,0.0,285532.6189391474,285532.6189391474,293441.4203821656
2809,60.0,2.0,1.0,1.0,1.0,1.0,1.0,1.0,1.0,1.0,1.0,1.0,36.8065,10.188232,4500.0,30.0,0.0,285532.6189391474,285532.6189391474,277143.4970760234
311,52.0,2.0,1.0,1.0,1.0,1.0,1.0,1.0,1.0,1.0,1.0,1.0,36.8587351,10.188232,3076.923076923077,26.0,0.0,285532.6189391474,285532.6189391474,320375.0034842321
1376,120.0,2.0,1.0,1.0,1.0,1.0,1.0,1.0,1.0,1.0,1.0,1.0,36.4012665,10.5572827,5000.0,60.0,0.0,285532.6189391474,285532.6189391474,300305.12820512813
548,93.0,2.0,1.0,1.0,1.0,1.0,1.0,1.0,1.0,1.0,1.0,1.0,36.8507178,10.2829345,4086.021505376344,46.5,0.0,285532.6189391474,285532.6189391474,293441.4203821656
3735,110.0,3.0,1.0,1.0,1.0,1.0,1.0,1.0,1.0,1.0,1.0,1.0,36.8065,10.1815,2254.5454545454545,36.666666666666664,0.0,285532.6189391474,285532.6189391474,293441.4203821656
1750,234.0,4.0,0.0,1.0,1.0,1.0,1.0,1.0,1.0,1.0,1.0,1.0,36.8625,10.1956,2905.982905982906,58.5,0.0,285532.6189391474,285532.6189391474,320375.0034842321
2219,146.0,3.0,1.0,1.0,1.0,1.0,1.0,1.0,1.0,1.0,1.0,1.0,35.83270174113695,10.601422523662924,3253.4246575342468,48.666666666666664,0.0,285532.6189391474,285532.6189391474,281505.570214618
3225,112.0,3.0,1.0,1.0,1.0,1.0,1.0,1.0,1.0,1.0,1.0,1.0,36.8065,10.1815,2187.5,37.75,0.0,285532.6189391474,285532.6189391474,293441.4203821656
1839,129.0,4.0,4.0,1.0,1.0,1.0,1.0,1.0,1.0,1.0,1.0,1.0,36.8652,10.1854,1201.5503875968993,32.25,0.0,285532.6189391474,285532.6189391474,293441.4203821656
306,240.0,2.0,1.0,1.0,1.0,1.0,1.0,1.0,1.0,1.0,1.0,1.0,36.8065,10.188232,500.0,120.0,0.0,285532.6189391474,285532.6189391474,277143.4970760234
287,180.0,3.0,0.0,1.0,1.0,1.0,1.0,1.0,1.0,1.0,1.0,1.0,36.7516855,10.2245072,2777.777777777778,60.0,0.0,285532.6189391474,285532.6189391474,218196.17024373435
694,110.0,3.0,1.0,1.0,1.0,1.0,1.0,1.0,1.0,1.0,1.0,1.0,36.722541,10.2125357,1636.3636363636363,36.666666666666664,0.0,285532.6189391474,285532.6189391474,218196.17024373435
308,75.0,2.0,1.0,1.0,1.0,1.0,1.0,1.0,1.0,1.0,1.0,1.0,36.8587351,10.188232,2400.0,37.5,0.0,285532.6189391474,285532.6189391474,320375.0034842321
3282,65.0,2.0,1.0,1.0,1.0,1.0,1.0,1.0,1.0,1.0,1.0,1.0,36.8065,10.1815,3676.923076923077,32.5,0.0,285532.6189391474,285532.6189391474,293441.4203821656
1760,110.0,4.0,1.0,1.0,1.0,1.0,1.0,1.0,1.0,1.0,1.0,1.0,37.2814017411356,9.865591057265526,1454.5454545454545,27.5,0.0,285532.6189391474,285532.6189391474,243467.8477263652
1931,63.0,2.0,2.0,1.0,1.0,1.0,1.0,1.0,1.0,1.0,1.0,1.0,36.87470174113598,10.223621479590866,3571.4285714285716,31.5,0.0,285532.6189391474,285532.6189391474,293441.4203821656
3168,62.0,2.0,1.0,1.0,1.0,1.0,1.0,1.0,1.0,1.0,1.0,1.0,36.8065,10.1815,3709.6774193548385,31.0,0.0,285532.6189391474,285532.6189391474,293441.4203821656
3964,107.0,3.0,2.0,1.0,1.0,1.0,1.0,1.0,1.0,1.0,1.0,1.0,36.8065,10.1815,2537.88748564868,37.75,0.0,285532.6189391474,285532.6189391474,293441.4203821656
749,40.0,1.0,1.0,1.0,1.0,1.0,1.0,1.0,1.0,1.0,1.0,1.0,36.8749751,10.2454267,3000.0,40.0,0.0,285532.6189391474,285532.6189391474,320375.0034842321
1592,90.0,3.0,1.0,1.0,1.0,1.0,1.0,1.0,1.0,1.0,1.0,1.0,36.8065,10.1815,2166.6666666666665,30.0,0.0,285532.6189391474,285532.6189391474,293441.4203821656
1170,95.0,3.0,1.0,1.0,1.0,1.0,1.0,1.0,1.0,1.0,1.0,1.0,36.8831907,10.3158038,3157.8947368421054,31.666666666666668,0.0,285532.6189391474,285532.6189391474,293441.4203821656
2032,105.0,3.0,0.0,1.0,1.0,1.0,1.0,1.0,1.0,1.0,1.0,1.0,36.70810174113614,10.207221650153732,1619.047619047619,35.0,0.0,285532.6189391474,285532.6189391474,293441.4203821656
1266,120.0,4.0,1.0,1.0,1.0,1.0,1.0,1.0,1.0,1.0,1.0,1.0,36.6987224,10.1693582,1416.6666666666667,30.0,0.0,285532.6189391474,285532.6189391474,218196.17024373435
4285,107.0,2.0,1.0,1.0,1.0,1.0,1.0,1.0,1.0,1.0,1.0,1.0,36.8065,10.188232,2537.88748564868,37.75,0.0,285532.6189391474,285532.6189391474,277143.4970760234
2642,132.0,4.0,1.0,1.0,1.0,1.0,1.0,1.0,1.0,1.0,1.0,1.0,36.8065,10.188232,2916.6666666666665,33.0,0.0,285532.6189391474,285532.6189391474,277143.4970760234
908,110.0,3.0,3.0,1.0,1.0,1.0,1.0,1.0,1.0,1.0,1.0,1.0,36.4012665,10.5572827,3400.0,36.666666666666664,0.0,285532.6189391474,285532.6189391474,300305.12820512813
2181,60.0,1.0,3.0,1.0,1.0,1.0,1.0,1.0,1.0,1.0,1.0,1.0,36.0134,10.5164,2500.0,60.0,0.0,285532.6189391474,285532.6189391474,281505.570214618
86,74.0,2.0,1.0,1.0,1.0,1.0,1.0,1.0,1.0,1.0,1.0,1.0,36.8002068,10.1857757,2567.5675675675675,37.0,0.0,285532.6189391474,285532.6189391474,293441.4203821656
3265,100.0,3.0,1.0,1.0,1.0,1.0,1.0,1.0,1.0,1.0,1.0,1.0,36.8065,10.1815,3150.0,33.333333333333336,0.0,285532.6189391474,285532.6189391474,293441.4203821656
2084,160.0,3.0,0.0,1.0,1.0,1.0,1.0,1.0,1.0,1.0,1.0,1.0,35.49980174113726,11.054322846057588,1718.75,53.333333333333336,0.0,285532.6189391474,285532.6189391474,276683.9253054531
3451,45.0,3.0,1.0,1.0,1.0,1.0,1.0,1.0,1.0,1.0,1.0,1.0,36.8065,10.1815,5555.555555555556,37.75,0.0,285532.6189391474,285532.6189391474,293441.4203821656
970,50.0,2.0,1.0,1.0,1.0,1.0,1.0,1.0,1.0,1.0,1.0,1.0,36.8585478,10.1682756,3700.0,25.0,0.0,285532.6189391474,285532.6189391474,320375.0034842321
13,186.0,2.0,1.0,1.0,1.0,1.0,1.0,1.0,1.0,1.0,1.0,1.0,36.4512897,10.7355915,3709.6774193548385,93.0,0.0,285532.6189391474,285532.6189391474,300305.12820512813
873,120.0,4.0,2.0,1.0,1.0,1.0,1.0,1.0,1.0,1.0,1.0,1.0,36.8479251,10.2611996,5416.666666666667,30.0,0.0,285532.6189391474,285532.6189391474,293441.4203821656
1727,87.0,2.0,2.0,1.0,1.0,1.0,1.0,1.0,1.0,1.0,1.0,1.0,36.8095,10.098,2068.9655172413795,43.5,0.0,285532.6189391474,285532.6189391474,240180.81353797184
808,90.0,3.0,1.0,1.0,1.0,1.0,1.0,1.0,1.0,1.0,1.0,1.0,36.8215855,10.1778355,2277.777777777778,30.0,0.0,285532.6189391474,285532.6189391474,293441.4203821656
3590,74.0,3.0,0.0,1.0,1.0,1.0,1.0,1.0,1.0,1.0,1.0,1.0,36.8065,10.1815,3918.9189189189187,37.75,0.0,285532.6189391474,285532.6189391474,293441.4203821656
514,105.0,5.0,2.0,1.0,1.0,1.0,1.0,1.0,1.0,1.0,1.0,1.0,36.8134113,10.1321911,2047.6190476190477,21.0,0.0,285532.6189391474,285532.6189391474,293441.4203821656
4191,107.0,3.0,2.0,1.0,1.0,1.0,1.0,1.0,1.0,1.0,1.0,1.0,36.8065,10.188232,2537.88748564868,37.75,0.0,285532.6189391474,285532.6189391474,277143.4970760234
409,147.0,4.0,3.0,1.0,1.0,1.0,1.0,1.0,1.0,1.0,1.0,1.0,36.8625,10.1956,2414.9659863945576,36.75,3.0,285532.6189391474,285532.6189391474,320375.0034842321
2148,58.0,2.0,1.0,1.0,1.0,1.0,1.0,1.0,1.0,1.0,1.0,1.0,35.756101741137016,10.827922598315704,4603.448275862069,29.0,0.0,285532.6189391474,285532.6189391474,309845.8833033952
1337,59.0,2.0,0.0,1.0,1.0,1.0,1.0,1.0,1.0,1.0,1.0,1.0,36.8457382,10.1317222,3898.3050847457625,29.5,0.0,285532.6189391474,285532.6189391474,320375.0034842321
1415,240.0,4.0,1.0,1.0,1.0,1.0,1.0,1.0,1.0,1.0,1.0,1.0,36.1826,8.7149,1229.1666666666667,60.0,0.0,285532.6189391474,285532.6189391474,282265.41741518216
3080,70.0,3.0,1.0,1.0,1.0,1.0,1.0,1.0,1.0,1.0,1.0,1.0,36.8625,10.1956,3214.285714285714,37.75,0.0,285532.6189391474,285532.6189391474,320375.0034842321
207,100.0,2.0,1.0,1.0,1.0,1.0,1.0,1.0,1.0,1.0,1.0,1.0,36.8065,10.188232,1800.0,50.0,0.0,285532.6189391474,285532.6189391474,277143.4970760234
2557,70.0,2.0,1.0,1.0,1.0,1.0,1.0,1.0,1.0,1.0,1.0,1.0,36.4561,10.7376,1571.4285714285713,35.0,0.0,285532.6189391474,285532.6189391474,300305.12820512813
458,95.0,4.0,4.0,1.0,1.0,1.0,1.0,1.0,1.0,1.0,1.0,1.0,36.8065,10.1815,1578.9473684210527,23.75,4.0,285532.6189391474,285532.6189391474,293441.4203821656
6,110.0,2.0,2.0,1.0,1.0,1.0,1.0,1.0,1.0,1.0,1.0,1.0,36.4512897,10.7355915,3181.818181818182,55.0,2.0,285532.6189391474,285532.6189391474,300305.12820512813
382,175.0,3.0,1.0,1.0,1.0,1.0,1.0,1.0,1.0,1.0,1.0,1.0,36.8002068,10.1857757,1142.857142857143,37.75,0.0,285532.6189391474,285532.6189391474,293441.4203821656
2315,51.0,1.0,1.0,1.0,1.0,1.0,1.0,1.0,1.0,1.0,1.0,1.0,36.4561,10.7376,2156.8627450980393,51.0,0.0,285532.6189391474,285532.6189391474,300305.12820512813
2959,117.0,3.0,1.0,1.0,1.0,1.0,1.0,1.0,1.0,1.0,1.0,1.0,36.8065,10.1815,3300.0,39.0,1.0,285532.6189391474,285532.6189391474,293441.4203821656
2006,114.0,3.0,2.0,1.0,1.0,1.0,1.0,1.0,1.0,1.0,1.0,1.0,36.8162,10.0899,2368.4210526315787,38.0,2.0,285532.6189391474,285532.6189391474,293441.4203821656
3550,110.0,4.0,1.0,1.0,1.0,1.0,1.0,1.0,1.0,1.0,1.0,1.0,36.8095,10.098,2272.7272727272725,27.5,0.0,285532.6189391474,285532.6189391474,240180.81353797184
2677,160.0,3.0,1.0,1.0,1.0,1.0,1.0,1.0,1.0,1.0,1.0,1.0,36.8065,10.188232,2593.75,53.333333333333336,0.0,285532.6189391474,285532.6189391474,277143.4970760234
1887,120.0,4.0,3.0,1.0,1.0,1.0,1.0,1.0,1.0,1.0,1.0,1.0,36.80990174113605,10.179521546099258,2000.0,30.0,3.0,285532.6189391474,285532.6189391474,293441.4203821656
1717,100.0,4.0,1.0,1.0,1.0,1.0,1.0,1.0,1.0,1.0,1.0,1.0,36.8065,10.1815,2500.0,25.0,0.0,285532.6189391474,285532.6189391474,293441.4203821656
2696,130.0,4.0,1.0,1.0,1.0,1.0,1.0,1.0,1.0,1.0,1.0,1.0,36.8065,10.1815,2000.0,32.5,0.0,285532.6189391474,285532.6189391474,293441.4203821656
3520,140.0,4.0,1.0,1.0,1.0,1.0,1.0,1.0,1.0,1.0,1.0,1.0,36.8625,10.1956,2142.8571428571427,35.0,0.0,285532.6189391474,285532.6189391474,320375.0034842321
2199,75.0,2.0,1.0,1.0,1.0,1.0,1.0,1.0,1.0,1.0,1.0,1.0,35.9245,10.5702,4133.333333333333,37.5,0.0,285532.6189391474,285532.6189391474,281505.570214618
1394,120.0,4.0,1.0,1.0,1.0,1.0,1.0,1.0,1.0,1.0,1.0,1.0,36.8065,10.1815,1333.3333333333333,30.0,0.0,285532.6189391474,285532.6189391474,293441.4203821656
552,100.0,2.0,1.0,1.0,1.0,1.0,1.0,1.0,1.0,1.0,1.0,1.0,35.8359686,10.5995321,3250.0,50.0,0.0,285532.6189391474,285532.6189391474,281505.570214618
3954,107.0,4.0,0.0,1.0,1.0,1.0,1.0,1.0,1.0,1.0,1.0,1.0,36.8065,10.188232,2537.88748564868,37.75,0.0,285532.6189391474,285532.6189391474,277143.4970760234
222,165.0,2.0,1.0,1.0,1.0,1.0,1.0,1.0,1.0,1.0,1.0,1.0,36.8002068,10.1857757,1818.1818181818182,82.5,0.0,285532.6189391474,285532.6189391474,293441.4203821656
1383,50.0,2.0,1.0,1.0,1.0,1.0,1.0,1.0,1.0,1.0,1.0,1.0,36.8133756,10.2930588,3700.0,25.0,0.0,285532.6189391474,285532.6189391474,293441.4203821656
1096,80.0,2.0,1.0,1.0,1.0,1.0,1.0,1.0,1.0,1.0,1.0,1.0,36.8606537,10.2087006,1612.5,40.0,0.0,285532.6189391474,285532.6189391474,320375.0034842321
3623,144.0,3.0,1.0,1.0,1.0,1.0,1.0,1.0,1.0,1.0,1.0,1.0,36.8065,10.1815,4513.888888888889,48.0,0.0,285532.6189391474,285532.6189391474,293441.4203821656
8,50.0,2.0,2.0,1.0,1.0,1.0,1.0,1.0,1.0,1.0,1.0,1.0,36.4512897,10.7355915,3000.0,25.0,0.0,285532.6189391474,285532.6189391474,300305.12820512813
1929,115.0,4.0,3.0,1.0,1.0,1.0,1.0,1.0,1.0,1.0,1.0,1.0,36.80290174113605,10.179321553271055,2330.4347826086955,28.75,3.0,285532.6189391474,285532.6189391474,293441.4203821656
634,102.0,2.0,1.0,1.0,1.0,1.0,1.0,1.0,1.0,1.0,1.0,1.0,36.7575659,10.244981,2303.921568627451,51.0,0.0,285532.6189391474,285532.6189391474,218196.17024373435
3915,71.0,2.0,1.0,1.0,1.0,1.0,1.0,1.0,1.0,1.0,1.0,1.0,36.8065,10.188232,3317.0,35.5,0.0,285532.6189391474,285532.6189391474,277143.4970760234
316,180.0,2.0,1.0,1.0,1.0,1.0,1.0,1.0,1.0,1.0,1.0,1.0,35.8288284,10.6405254,2027.7777777777778,90.0,0.0,285532.6189391474,285532.6189391474,281505.570214618
3666,107.0,3.0,1.0,1.0,1.0,1.0,1.0,1.0,1.0,1.0,1.0,1.0,36.8065,10.188232,2537.88748564868,37.75,0.0,285532.6189391474,285532.6189391474,277143.4970760234
3709,120.0,3.0,0.0,1.0,1.0,1.0,1.0,1.0,1.0,1.0,1.0,1.0,36.8065,10.188232,2583.3333333333335,40.0,0.0,285532.6189391474,285532.6189391474,277143.4970760234
1328,120.0,4.0,1.0,1.0,1.0,1.0,1.0,1.0,1.0,1.0,1.0,1.0,36.8065,10.1815,1333.3333333333333,30.0,0.0,285532.6189391474,285532.6189391474,293441.4203821656
427,120.0,4.0,3.0,1.0,1.0,1.0,1.0,1.0,1.0,1.0,1.0,1.0,36.8065,10.1815,2083.3333333333335,30.0,3.0,285532.6189391474,285532.6189391474,293441.4203821656
2128,90.0,3.0,4.0,1.0,1.0,1.0,1.0,1.0,1.0,1.0,1.0,1.0,35.7596,10.7354,6111.111111111111,30.0,0.0,285532.6189391474,285532.6189391474,309845.8833033952
105,9.0,2.0,1.0,1.0,1.0,1.0,1.0,1.0,1.0,1.0,1.0,1.0,36.4512897,10.7355915,51666.666666666664,4.5,0.0,285532.6189391474,285532.6189391474,300305.12820512813
2163,239.0,4.0,1.0,1.0,1.0,1.0,1.0,1.0,1.0,1.0,1.0,1.0,34.76570174113791,10.735723538541867,2322.175732217573,59.75,0.0,285532.6189391474,285532.6189391474,245349.25277465454
142,90.0,2.0,1.0,1.0,1.0,1.0,1.0,1.0,1.0,1.0,1.0,1.0,36.8002068,10.1857757,2666.6666666666665,45.0,0.0,285532.6189391474,285532.6189391474,293441.4203821656
121,80.0,3.0,0.0,1.0,1.0,1.0,1.0,1.0,1.0,1.0,1.0,1.0,36.4512897,10.7355915,4000.0,26.666666666666668,0.0,285532.6189391474,285532.6189391474,300305.12820512813
2099,74.0,2.0,0.0,1.0,1.0,1.0,1.0,1.0,1.0,1.0,1.0,1.0,35.23390174113751,11.152523099787338,2162.162162162162,37.0,0.0,285532.6189391474,285532.6189391474,276683.9253054531
3249,70.0,2.0,5.0,1.0,1.0,1.0,1.0,1.0,1.0,1.0,1.0,1.0,35.8245,10.6346,4714.285714285715,35.0,0.0,285532.6189391474,285532.6189391474,281505.570214618
4090,60.0,2.0,1.0,1.0,1.0,1.0,1.0,1.0,1.0,1.0,1.0,1.0,36.8065,10.1815,4166.666666666667,30.0,0.0,285532.6189391474,285532.6189391474,293441.4203821656
1189,80.0,3.0,4.0,1.0,1.0,1.0,1.0,1.0,1.0,1.0,1.0,1.0,36.719825,10.2192362,1375.0,26.666666666666668,0.0,285532.6189391474,285532.6189391474,218196.17024373435
2605,148.0,2.0,0.0,1.0,1.0,1.0,1.0,1.0,1.0,1.0,1.0,1.0,37.2744,9.8739,1756.7567567567567,74.0,0.0,285532.6189391474,285532.6189391474,243467.8477263652
3627,122.0,2.0,1.0,1.0,1.0,1.0,1.0,1.0,1.0,1.0,1.0,1.0,36.8065,10.1815,3508.1967213114754,61.0,0.0,285532.6189391474,285532.6189391474,293441.4203821656
3740,120.0,3.0,1.0,1.0,1.0,1.0,1.0,1.0,1.0,1.0,1.0,1.0,36.8065,10.1815,2158.3333333333335,37.75,0.0,285532.6189391474,285532.6189391474,293441.4203821656
1693,120.0,1.0,1.0,1.0,1.0,1.0,1.0,1.0,1.0,1.0,1.0,1.0,36.4561,10.7376,4241.666666666667,120.0,0.0,285532.6189391474,285532.6189391474,300305.12820512813
115,93.0,2.0,1.0,1.0,1.0,1.0,1.0,1.0,1.0,1.0,1.0,1.0,36.8002068,10.1857757,1720.4301075268818,46.5,1.0,285532.6189391474,285532.6189391474,293441.4203821656
2183,122.0,3.0,3.0,1.0,1.0,1.0,1.0,1.0,1.0,1.0,1.0,1.0,35.88480174113689,10.591822472725768,5614.754098360656,40.666666666666664,0.0,285532.6189391474,285532.6189391474,281505.570214618
1956,152.0,4.0,0.0,1.0,1.0,1.0,1.0,1.0,1.0,1.0,1.0,1.0,36.8458,10.1987,3355.2631578947367,38.0,0.0,285532.6189391474,285532.6189391474,293441.4203821656
1953,65.0,1.0,1.0,1.0,1.0,1.0,1.0,1.0,1.0,1.0,1.0,1.0,36.8577,10.1615,3492.3076923076924,65.0,0.0,285532.6189391474,285532.6189391474,293441.4203821656
3840,52.0,2.0,0.0,1.0,1.0,1.0,1.0,1.0,1.0,1.0,1.0,1.0,36.8065,10.1815,2884.6153846153848,26.0,0.0,285532.6189391474,285532.6189391474,293441.4203821656
3739,96.0,3.0,1.0,1.0,1.0,1.0,1.0,1.0,1.0,1.0,1.0,1.0,36.8625,10.1956,1979.1666666666667,37.75,0.0,285532.6189391474,285532.6189391474,320375.0034842321
800,109.0,4.0,1.0,1.0,1.0,1.0,1.0,1.0,1.0,1.0,1.0,1.0,36.8479251,10.2611996,3211.0091743119265,27.25,0.0,285532.6189391474,285532.6189391474,293441.4203821656
4106,57.0,2.0,1.0,1.0,1.0,1.0,1.0,1.0,1.0,1.0,1.0,1.0,36.8065,10.1815,3070.1754385964914,28.5,0.0,285532.6189391474,285532.6189391474,293441.4203821656
3977,202.0,2.0,0.0,1.0,1.0,1.0,1.0,1.0,1.0,1.0,1.0,1.0,36.8065,10.188232,866.3366336633663,101.0,0.0,285532.6189391474,285532.6189391474,277143.4970760234
2785,200.0,3.0,1.0,1.0,1.0,1.0,1.0,1.0,1.0,1.0,1.0,1.0,36.8065,10.1815,490.0,37.75,0.0,285532.6189391474,285532.6189391474,293441.4203821656
2727,190.0,2.0,2.0,1.0,1.0,1.0,1.0,1.0,1.0,1.0,1.0,1.0,36.8065,10.1815,1736.842105263158,95.0,0.0,285532.6189391474,285532.6189391474,293441.4203821656
4288,107.0,3.0,1.0,1.0,1.0,1.0,1.0,1.0,1.0,1.0,1.0,1.0,36.8065,10.1815,2537.88748564868,37.75,0.0,285532.6189391474,285532.6189391474,293441.4203821656
1955,47.0,3.0,1.0,1.0,1.0,1.0,1.0,1.0,1.0,1.0,1.0,1.0,36.80810174113605,10.177221547943672,1957.4468085106382,15.666666666666666,0.0,285532.6189391474,285532.6189391474,293441.4203821656
2681,112.0,4.0,1.0,1.0,1.0,1.0,1.0,1.0,1.0,1.0,1.0,1.0,36.8065,10.1815,2321.4285714285716,28.0,0.0,285532.6189391474,285532.6189391474,293441.4203821656
3460,105.0,3.0,0.0,1.0,1.0,1.0,1.0,1.0,1.0,1.0,1.0,1.0,36.8065,10.188232,3380.9523809523807,37.75,0.0,285532.6189391474,285532.6189391474,277143.4970760234
1109,82.0,3.0,1.0,1.0,1.0,1.0,1.0,1.0,1.0,1.0,1.0,1.0,36.7992041,10.1756221,2658.5365853658536,27.333333333333332,1.0,285532.6189391474,285532.6189391474,293441.4203821656
3044,105.0,2.0,1.0,1.0,1.0,1.0,1.0,1.0,1.0,1.0,1.0,1.0,36.8065,10.1815,1476.1904761904761,52.5,0.0,285532.6189391474,285532.6189391474,293441.4203821656
591,100.0,3.0,1.0,1.0,1.0,1.0,1.0,1.0,1.0,1.0,1.0,1.0,35.503642,11.0682429,4100.0,33.333333333333336,0.0,285532.6189391474,285532.6189391474,276683.9253054531
3956,115.0,3.0,0.0,1.0,1.0,1.0,1.0,1.0,1.0,1.0,1.0,1.0,36.4561,10.7376,2782.608695652174,38.333333333333336,0.0,285532.6189391474,285532.6189391474,300305.12820512813
1578,100.0,4.0,1.0,1.0,1.0,1.0,1.0,1.0,1.0,1.0,1.0,1.0,36.7404497,10.3029461,2500.0,25.0,0.0,285532.6189391474,285532.6189391474,218196.17024373435
2566,600.0,3.0,1.0,1.0,1.0,1.0,1.0,1.0,1.0,1.0,1.0,1.0,36.8065,10.188232,225.0,37.75,0.0,285532.6189391474,285532.6189391474,277143.4970760234
213,122.0,2.0,6.0,1.0,1.0,1.0,1.0,1.0,1.0,1.0,1.0,1.0,36.4512897,10.7355915,2500.0,61.0,6.0,285532.6189391474,285532.6189391474,300305.12820512813
778,149.0,4.0,1.0,1.0,1.0,1.0,1.0,1.0,1.0,1.0,1.0,1.0,36.8749751,10.2454267,3422.818791946309,37.25,0.0,285532.6189391474,285532.6189391474,320375.0034842321
2889,120.0,3.0,1.0,1.0,1.0,1.0,1.0,1.0,1.0,1.0,1.0,1.0,36.8065,10.1815,3208.3333333333335,37.75,0.0,285532.6189391474,285532.6189391474,293441.4203821656
2399,200.0,3.0,1.0,1.0,1.0,1.0,1.0,1.0,1.0,1.0,1.0,1.0,36.8065,10.1815,700.0,37.75,0.0,285532.6189391474,285532.6189391474,293441.4203821656
2047,120.0,4.0,1.0,1.0,1.0,1.0,1.0,1.0,1.0,1.0,1.0,1.0,36.87170174113598,10.197621482674665,2250.0,30.0,0.0,285532.6189391474,285532.6189391474,293441.4203821656
3425,164.0,3.0,1.0,1.0,1.0,1.0,1.0,1.0,1.0,1.0,1.0,1.0,36.8065,10.1815,1707.3170731707316,37.75,0.0,285532.6189391474,285532.6189391474,293441.4203821656
3507,67.0,3.0,7.0,1.0,1.0,1.0,1.0,1.0,1.0,1.0,1.0,1.0,36.8065,10.188232,2611.9402985074626,37.75,7.0,285532.6189391474,285532.6189391474,277143.4970760234
2459,65.0,2.0,0.0,1.0,1.0,1.0,1.0,1.0,1.0,1.0,1.0,1.0,36.8596897,10.3051019,2800.0,32.5,0.0,285532.6189391474,285532.6189391474,293441.4203821656
1569,70.0,2.0,1.0,1.0,1.0,1.0,1.0,1.0,1.0,1.0,1.0,1.0,36.8749751,10.2454267,3714.285714285714,35.0,0.0,285532.6189391474,285532.6189391474,320375.0034842321
3111,98.0,3.0,1.0,1.0,1.0,1.0,1.0,1.0,1.0,1.0,1.0,1.0,36.4561,10.7376,1938.7755102040817,32.666666666666664,0.0,285532.6189391474,285532.6189391474,300305.12820512813
3731,92.0,2.0,3.0,1.0,1.0,1.0,1.0,1.0,1.0,1.0,1.0,1.0,36.8065,10.188232,2880.4347826086955,46.0,3.0,285532.6189391474,285532.6189391474,277143.4970760234
2263,143.0,4.0,7.0,1.0,1.0,1.0,1.0,1.0,1.0,1.0,1.0,1.0,35.825501741136954,10.609822530691922,2447.5524475524476,35.75,0.0,285532.6189391474,285532.6189391474,281505.570214618
3835,107.0,3.0,3.0,1.0,1.0,1.0,1.0,1.0,1.0,1.0,1.0,1.0,36.8065,10.1815,2537.88748564868,37.75,0.0,285532.6189391474,285532.6189391474,293441.4203821656
1343,110.0,2.0,0.0,1.0,1.0,1.0,1.0,1.0,1.0,1.0,1.0,1.0,36.719825,10.2192362,1681.8181818181818,55.0,0.0,285532.6189391474,285532.6189391474,218196.17024373435
2017,110.0,2.0,2.0,1.0,1.0,1.0,1.0,1.0,1.0,1.0,1.0,1.0,36.913901741135945,10.316521439253815,5000.0,55.0,0.0,285532.6189391474,285532.6189391474,293441.4203821656
273,116.0,2.0,1.0,1.0,1.0,1.0,1.0,1.0,1.0,1.0,1.0,1.0,36.8002068,10.1857757,3017.2413793103447,58.0,0.0,285532.6189391474,285532.6189391474,293441.4203821656
71,126.0,2.0,4.0,1.0,1.0,1.0,1.0,1.0,1.0,1.0,1.0,1.0,36.8113307,10.0947037,2619.0476190476193,63.0,4.0,285532.6189391474,285532.6189391474,240180.81353797184
1087,110.0,3.0,1.0,1.0,1.0,1.0,1.0,1.0,1.0,1.0,1.0,1.0,36.7571648,10.014927,1318.1818181818182,36.666666666666664,0.0,285532.6189391474,285532.6189391474,240180.81353797184
394,110.0,4.0,1.0,1.0,1.0,1.0,1.0,1.0,1.0,1.0,1.0,1.0,35.8245,10.6346,2545.4545454545455,27.5,0.0,285532.6189391474,285532.6189391474,281505.570214618
583,94.0,1.0,1.0,1.0,1.0,1.0,1.0,1.0,1.0,1.0,1.0,1.0,36.7575659,10.244981,2127.659574468085,94.0,0.0,285532.6189391474,285532.6189391474,218196.17024373435
4149,127.0,4.0,1.0,1.0,1.0,1.0,1.0,1.0,1.0,1.0,1.0,1.0,36.8065,10.1815,4220.472440944882,31.75,0.0,285532.6189391474,285532.6189391474,293441.4203821656
4057,133.0,2.0,0.0,1.0,1.0,1.0,1.0,1.0,1.0,1.0,1.0,1.0,36.8065,10.1815,4887.2180451127815,66.5,0.0,285532.6189391474,285532.6189391474,293441.4203821656
2692,85.0,3.0,0.0,1.0,1.0,1.0,1.0,1.0,1.0,1.0,1.0,1.0,36.8065,10.1815,1647.0588235294117,28.333333333333332,0.0,285532.6189391474,285532.6189391474,293441.4203821656
3883,80.0,3.0,1.0,1.0,1.0,1.0,1.0,1.0,1.0,1.0,1.0,1.0,36.8065,10.1815,2125.0,37.75,0.0,285532.6189391474,285532.6189391474,293441.4203821656
3925,166.0,3.0,1.0,1.0,1.0,1.0,1.0,1.0,1.0,1.0,1.0,1.0,36.8065,10.1815,3554.2168674698796,37.75,1.0,285532.6189391474,285532.6189391474,293441.4203821656
2231,86.0,2.0,1.0,1.0,1.0,1.0,1.0,1.0,1.0,1.0,1.0,1.0,35.9229,10.5749,6162.790697674419,43.0,0.0,285532.6189391474,285532.6189391474,281505.570214618
1767,140.0,3.0,1.0,1.0,1.0,1.0,1.0,1.0,1.0,1.0,1.0,1.0,37.2767017411356,9.8480510621948,1142.857142857143,46.666666666666664,0.0,285532.6189391474,285532.6189391474,243467.8477263652
3096,138.0,4.0,1.0,1.0,1.0,1.0,1.0,1.0,1.0,1.0,1.0,1.0,36.8065,10.188232,2137.68115942029,34.5,1.0,285532.6189391474,285532.6189391474,277143.4970760234
1259,125.0,3.0,0.0,1.0,1.0,1.0,1.0,1.0,1.0,1.0,1.0,1.0,36.8572699,10.2918693,5440.0,41.666666666666664,0.0,285532.6189391474,285532.6189391474,293441.4203821656
526,103.0,3.0,0.0,1.0,1.0,1.0,1.0,1.0,1.0,1.0,1.0,1.0,36.8065,10.1815,4271.844660194175,34.333333333333336,0.0,285532.6189391474,285532.6189391474,293441.4203821656
377,144.0,3.0,1.0,1.0,1.0,1.0,1.0,1.0,1.0,1.0,1.0,1.0,36.8002068,10.1857757,3819.4444444444443,48.0,0.0,285532.6189391474,285532.6189391474,293441.4203821656
1561,56.0,2.0,1.0,1.0,1.0,1.0,1.0,1.0,1.0,1.0,1.0,1.0,36.8479251,10.2611996,3125.0,28.0,0.0,285532.6189391474,285532.6189391474,293441.4203821656
2466,107.0,4.0,1.0,1.0,1.0,1.0,1.0,1.0,1.0,1.0,1.0,1.0,36.8065,10.1815,2537.88748564868,37.75,0.0,285532.6189391474,285532.6189391474,293441.4203821656
1967,106.0,3.0,1.0,1.0,1.0,1.0,1.0,1.0,1.0,1.0,1.0,1.0,36.86730174113599,10.314621487196742,2358.490566037736,35.333333333333336,0.0,285532.6189391474,285532.6189391474,293441.4203821656
3772,80.0,3.0,1.0,1.0,1.0,1.0,1.0,1.0,1.0,1.0,1.0,1.0,36.8065,10.188232,2125.0,26.666666666666668,0.0,285532.6189391474,285532.6189391474,277143.4970760234
348,122.0,2.0,2.0,1.0,1.0,1.0,1.0,1.0,1.0,1.0,1.0,1.0,36.8587351,10.188232,2336.065573770492,61.0,0.0,285532.6189391474,285532.6189391474,320375.0034842321
2753,107.0,3.0,1.0,1.0,1.0,1.0,1.0,1.0,1.0,1.0,1.0,1.0,36.8065,10.1815,2537.88748564868,37.75,0.0,285532.6189391474,285532.6189391474,293441.4203821656
1713,174.0,4.0,1.0,1.0,1.0,1.0,1.0,1.0,1.0,1.0,1.0,1.0,36.8587351,10.188232,2800.0,43.5,0.0,285532.6189391474,285532.6189391474,320375.0034842321
1050,70.0,3.0,1.0,1.0,1.0,1.0,1.0,1.0,1.0,1.0,1.0,1.0,36.81232,10.1263143,2142.8571428571427,23.333333333333332,0.0,285532.6189391474,285532.6189391474,293441.4203821656
590,120.0,3.0,1.0,1.0,1.0,1.0,1.0,1.0,1.0,1.0,1.0,1.0,35.503642,11.0682429,3208.3333333333335,40.0,0.0,285532.6189391474,285532.6189391474,276683.9253054531
519,140.0,4.0,3.0,1.0,1.0,1.0,1.0,1.0,1.0,1.0,1.0,1.0,36.7575659,10.244981,2178.5714285714284,35.0,0.0,285532.6189391474,285532.6189391474,218196.17024373435
3341,130.0,3.0,1.0,1.0,1.0,1.0,1.0,1.0,1.0,1.0,1.0,1.0,36.8065,10.1815,2538.4615384615386,43.333333333333336,0.0,285532.6189391474,285532.6189391474,293441.4203821656
2712,70.0,2.0,1.0,1.0,1.0,1.0,1.0,1.0,1.0,1.0,1.0,1.0,36.8065,10.1815,3428.5714285714284,35.0,0.0,285532.6189391474,285532.6189391474,293441.4203821656
1083,80.0,2.0,1.0,1.0,1.0,1.0,1.0,1.0,1.0,1.0,1.0,1.0,36.8065,10.1815,1437.5,40.0,0.0,285532.6189391474,285532.6189391474,293441.4203821656
2619,125.0,3.0,1.0,1.0,1.0,1.0,1.0,1.0,1.0,1.0,1.0,1.0,36.8625,10.1956,2720.0,41.666666666666664,1.0,285532.6189391474,285532.6189391474,320375.0034842321
4292,130.0,3.0,1.0,1.0,1.0,1.0,1.0,1.0,1.0,1.0,1.0,1.0,36.8065,10.1815,3846.153846153846,37.75,0.0,285532.6189391474,285532.6189391474,293441.4203821656
1813,120.0,2.0,2.0,1.0,1.0,1.0,1.0,1.0,1.0,1.0,1.0,1.0,36.4232,10.6663,3833.3333333333335,60.0,2.0,285532.6189391474,285532.6189391474,300305.12820512813
4162,60.0,3.0,1.0,1.0,1.0,1.0,1.0,1.0,1.0,1.0,1.0,1.0,36.8065,10.1815,2250.0,37.75,0.0,285532.6189391474,285532.6189391474,293441.4203821656
792,110.0,2.0,2.0,1.0,1.0,1.0,1.0,1.0,1.0,1.0,1.0,1.0,36.753,10.228,2636.3636363636365,55.0,2.0,285532.6189391474,285532.6189391474,218196.17024373435
2815,90.0,3.0,1.0,1.0,1.0,1.0,1.0,1.0,1.0,1.0,1.0,1.0,36.8065,10.188232,3111.1111111111113,30.0,0.0,285532.6189391474,285532.6189391474,277143.4970760234
1984,83.0,3.0,1.0,1.0,1.0,1.0,1.0,1.0,1.0,1.0,1.0,1.0,36.892,10.1771,3361.4457831325303,27.666666666666668,0.0,285532.6189391474,285532.6189391474,293441.4203821656
2528,107.0,3.0,1.0,0.0,1.0,1.0,0.0,1.0,0.0,1.0,0.0,0.0,36.4382476,10.5632044,2537.88748564868,37.75,0.0,285532.6189391474,285532.6189391474,293441.4203821656
2135,75.0,2.0,3.0,1.0,1.0,1.0,1.0,1.0,1.0,1.0,1.0,1.0,35.7593,10.7036,2066.6666666666665,37.5,0.0,285532.6189391474,285532.6189391474,309845.8833033952
1532,100.0,4.0,1.0,1.0,1.0,1.0,1.0,1.0,1.0,1.0,1.0,1.0,36.7404497,10.3029461,2500.0,25.0,0.0,285532.6189391474,285532.6189391474,218196.17024373435
1411,100.0,3.0,1.0,1.0,1.0,1.0,1.0,1.0,1.0,1.0,1.0,1.0,35.8913101,10.5852113,2800.0,33.333333333333336,0.0,285532.6189391474,285532.6189391474,281505.570214618
3688,173.0,3.0,1.0,1.0,1.0,1.0,1.0,1.0,1.0,1.0,1.0,1.0,36.8065,10.188232,2815.0289017341042,37.75,0.0,285532.6189391474,285532.6189391474,277143.4970760234
3277,116.0,3.0,1.0,1.0,1.0,1.0,1.0,1.0,1.0,1.0,1.0,1.0,36.8065,10.1815,4600.0,38.666666666666664,0.0,285532.6189391474,285532.6189391474,293441.4203821656
83,93.0,4.0,1.0,1.0,1.0,1.0,1.0,1.0,1.0,1.0,1.0,1.0,36.4512897,10.7355915,3440.8602150537636,23.25,0.0,285532.6189391474,285532.6189391474,300305.12820512813
3474,96.0,3.0,1.0,1.0,1.0,1.0,1.0,1.0,1.0,1.0,1.0,1.0,35.8245,10.6346,2604.1666666666665,37.75,0.0,285532.6189391474,285532.6189391474,281505.570214618
20,75.0,3.0,1.0,1.0,1.0,1.0,1.0,1.0,1.0,1.0,1.0,1.0,36.7516855,10.2245072,1600.0,25.0,0.0,285532.6189391474,285532.6189391474,218196.17024373435
2158,125.0,3.0,0.0,1.0,1.0,1.0,1.0,1.0,1.0,1.0,1.0,1.0,35.7593,10.7036,1984.0,41.666666666666664,0.0,285532.6189391474,285532.6189391474,309845.8833033952
1564,150.0,4.0,1.0,1.0,1.0,1.0,1.0,1.0,1.0,1.0,1.0,1.0,37.2720905,9.8708565,2800.0,37.5,0.0,285532.6189391474,285532.6189391474,243467.8477263652
973,48.0,2.0,5.0,1.0,1.0,1.0,1.0,1.0,1.0,1.0,1.0,1.0,36.8599292,10.1531585,3541.6666666666665,24.0,5.0,285532.6189391474,285532.6189391474,320375.0034842321
1714,80.0,3.0,0.0,1.0,1.0,1.0,1.0,1.0,1.0,1.0,1.0,1.0,36.8606537,10.2087006,1837.5,26.666666666666668,0.0,285532.6189391474,285532.6189391474,320375.0034842321
2581,203.0,5.0,1.0,1.0,1.0,1.0,1.0,1.0,1.0,1.0,1.0,1.0,36.8625,10.1956,3152.7093596059112,40.6,0.0,285532.6189391474,285532.6189391474,320375.0034842321
1098,80.0,3.0,1.0,1.0,1.0,1.0,1.0,1.0,1.0,1.0,1.0,1.0,36.7575659,10.244981,2812.5,26.666666666666668,0.0,285532.6189391474,285532.6189391474,218196.17024373435
886,80.0,3.0,1.0,1.0,1.0,1.0,1.0,1.0,1.0,1.0,1.0,1.0,36.7019512,10.3964906,2000.0,26.666666666666668,0.0,285532.6189391474,285532.6189391474,218196.17024373435
2332,107.0,2.0,1.0,1.0,1.0,1.0,1.0,1.0,1.0,1.0,1.0,1.0,36.8573922,10.2623664,2537.88748564868,37.75,0.0,285532.6189391474,285532.6189391474,293441.4203821656
3185,90.0,3.0,1.0,1.0,1.0,1.0,1.0,1.0,1.0,1.0,1.0,1.0,35.8245,10.6346,1077.7777777777778,30.0,0.0,285532.6189391474,285532.6189391474,281505.570214618
3515,77.0,2.0,1.0,1.0,1.0,1.0,1.0,1.0,1.0,1.0,1.0,1.0,36.8065,10.1815,4051.948051948052,38.5,0.0,285532.6189391474,285532.6189391474,293441.4203821656
737,80.0,3.0,2.0,1.0,1.0,1.0,1.0,1.0,1.0,1.0,1.0,1.0,36.8170699,10.1784812,1437.5,26.666666666666668,0.0,285532.6189391474,285532.6189391474,293441.4203821656
1455,85.0,3.0,1.0,1.0,1.0,1.0,1.0,1.0,1.0,1.0,1.0,1.0,36.873986,11.1082328,2094.1176470588234,28.333333333333332,0.0,285532.6189391474,285532.6189391474,300305.12820512813
2574,107.0,3.0,1.0,1.0,1.0,1.0,1.0,1.0,1.0,1.0,1.0,1.0,36.8065,10.1815,2537.88748564868,37.75,0.0,285532.6189391474,285532.6189391474,293441.4203821656
3711,100.0,3.0,1.0,1.0,1.0,1.0,1.0,1.0,1.0,1.0,1.0,1.0,36.8065,10.188232,3100.0,33.333333333333336,0.0,285532.6189391474,285532.6189391474,277143.4970760234
2130,71.0,3.0,3.0,1.0,1.0,1.0,1.0,1.0,1.0,1.0,1.0,1.0,35.7274,10.8178,1295.774647887324,23.666666666666668,0.0,285532.6189391474,285532.6189391474,309845.8833033952
906,196.0,3.0,5.0,1.0,1.0,1.0,1.0,1.0,1.0,1.0,1.0,1.0,35.8245,10.6346,2346.938775510204,65.33333333333333,5.0,285532.6189391474,285532.6189391474,281505.570214618
2307,94.0,3.0,1.0,1.0,1.0,1.0,1.0,1.0,1.0,1.0,1.0,1.0,36.8514184,10.3088863,2800.0,37.75,0.0,285532.6189391474,285532.6189391474,293441.4203821656
3001,107.0,3.0,1.0,1.0,1.0,1.0,1.0,1.0,1.0,1.0,1.0,1.0,36.8065,10.1815,2537.88748564868,37.75,0.0,285532.6189391474,285532.6189391474,293441.4203821656
947,75.0,3.0,0.0,1.0,1.0,1.0,1.0,1.0,1.0,1.0,1.0,1.0,36.84177,10.1301259,2600.0,25.0,0.0,285532.6189391474,285532.6189391474,293441.4203821656
2455,152.0,3.0,1.0,1.0,1.0,1.0,1.0,1.0,1.0,1.0,1.0,1.0,33.8439408,9.400138,3300.0,50.666666666666664,0.0,285532.6189391474,285532.6189391474,277143.4970760234
4248,75.0,3.0,1.0,1.0,1.0,1.0,1.0,1.0,1.0,1.0,1.0,1.0,36.8065,10.188232,4800.0,25.0,0.0,285532.6189391474,285532.6189391474,277143.4970760234
715,107.0,2.0,1.0,1.0,1.0,1.0,1.0,1.0,1.0,1.0,1.0,1.0,36.7992041,10.1756221,2537.88748564868,37.75,0.0,285532.6189391474,285532.6189391474,293441.4203821656
2641,100.0,4.0,3.0,1.0,1.0,1.0,1.0,1.0,1.0,1.0,1.0,1.0,36.8065,10.1815,2000.0,25.0,3.0,285532.6189391474,285532.6189391474,293441.4203821656
686,115.0,3.0,0.0,1.0,1.0,1.0,1.0,1.0,1.0,1.0,1.0,1.0,36.8457382,10.1317222,2565.217391304348,38.333333333333336,0.0,285532.6189391474,285532.6189391474,320375.0034842321
3570,100.0,2.0,5.0,1.0,1.0,1.0,1.0,1.0,1.0,1.0,1.0,1.0,36.8065,10.1815,2950.0,50.0,5.0,285532.6189391474,285532.6189391474,293441.4203821656
3262,80.0,3.0,1.0,1.0,1.0,1.0,1.0,1.0,1.0,1.0,1.0,1.0,36.8065,10.1815,4125.0,37.75,0.0,285532.6189391474,285532.6189391474,293441.4203821656
4258,85.0,3.0,1.0,1.0,1.0,1.0,1.0,1.0,1.0,1.0,1.0,1.0,36.8065,10.1815,2235.294117647059,28.333333333333332,0.0,285532.6189391474,285532.6189391474,293441.4203821656
885,94.0,3.0,1.0,1.0,1.0,1.0,1.0,1.0,1.0,1.0,1.0,1.0,36.8749751,10.2454267,2127.659574468085,31.333333333333332,0.0,285532.6189391474,285532.6189391474,320375.0034842321
917,61.0,1.0,1.0,1.0,1.0,1.0,1.0,1.0,1.0,1.0,1.0,1.0,36.4561,10.7376,4344.262295081967,61.0,0.0,285532.6189391474,285532.6189391474,300305.12820512813
2396,220.0,4.0,2.0,1.0,1.0,1.0,1.0,1.0,1.0,1.0,1.0,1.0,36.8456561,11.0935701,1136.3636363636363,55.0,0.0,285532.6189391474,285532.6189391474,300305.12820512813
2487,154.0,3.0,0.0,1.0,1.0,1.0,1.0,1.0,1.0,1.0,1.0,1.0,36.8511521,10.2820491,2883.116883116883,51.333333333333336,0.0,285532.6189391474,285532.6189391474,293441.4203821656
1265,55.0,1.0,1.0,1.0,1.0,1.0,1.0,1.0,1.0,1.0,1.0,1.0,36.8507178,10.2829345,3381.818181818182,55.0,0.0,285532.6189391474,285532.6189391474,293441.4203821656
483,77.0,2.0,1.0,1.0,1.0,1.0,1.0,1.0,1.0,1.0,1.0,1.0,36.8507178,10.2829345,2571.4285714285716,38.5,0.0,285532.6189391474,285532.6189391474,293441.4203821656
3076,166.0,3.0,1.0,1.0,1.0,1.0,1.0,1.0,1.0,1.0,1.0,1.0,36.8065,10.1815,2831.3253012048194,37.75,0.0,285532.6189391474,285532.6189391474,293441.4203821656
3626,107.0,3.0,1.0,1.0,1.0,1.0,1.0,1.0,1.0,1.0,1.0,1.0,36.8065,10.1815,2803.7383177570096,37.75,0.0,285532.6189391474,285532.6189391474,293441.4203821656
277,50.0,2.0,1.0,1.0,1.0,1.0,1.0,1.0,1.0,1.0,1.0,1.0,36.4512897,10.7355915,5300.0,25.0,0.0,285532.6189391474,285532.6189391474,300305.12820512813
988,109.0,2.0,1.0,1.0,1.0,1.0,1.0,1.0,1.0,1.0,1.0,1.0,36.7575659,10.244981,2467.8899082568805,54.5,0.0,285532.6189391474,285532.6189391474,218196.17024373435
2088,135.0,3.0,1.0,1.0,1.0,1.0,1.0,1.0,1.0,1.0,1.0,1.0,35.49600174113725,11.05762284970717,2111.1111111111113,45.0,0.0,285532.6189391474,285532.6189391474,276683.9253054531
1245,160.0,3.0,1.0,1.0,1.0,1.0,1.0,1.0,1.0,1.0,1.0,1.0,36.8599292,10.1531585,2562.5,53.333333333333336,0.0,285532.6189391474,285532.6189391474,320375.0034842321
571,125.0,3.0,0.0,1.0,1.0,1.0,1.0,1.0,1.0,1.0,1.0,1.0,36.8456561,11.0935701,1264.0,41.666666666666664,0.0,285532.6189391474,285532.6189391474,300305.12820512813
1437,40.0,2.0,1.0,1.0,1.0,1.0,1.0,1.0,1.0,1.0,1.0,1.0,36.8134113,10.1321911,3875.0,20.0,1.0,285532.6189391474,285532.6189391474,293441.4203821656
993,42.0,1.0,1.0,1.0,1.0,1.0,1.0,1.0,1.0,1.0,1.0,1.0,36.8095,10.098,2500.0,42.0,0.0,285532.6189391474,285532.6189391474,240180.81353797184
2178,110.0,3.0,3.0,1.0,1.0,1.0,1.0,1.0,1.0,1.0,1.0,1.0,35.8696,10.5944,1636.3636363636363,36.666666666666664,0.0,285532.6189391474,285532.6189391474,281505.570214618
2174,133.0,4.0,0.0,1.0,1.0,1.0,1.0,1.0,1.0,1.0,1.0,1.0,35.8731,10.6039,4046.0,33.25,0.0,285532.6189391474,285532.6189391474,281505.570214618
585,90.0,3.0,1.0,1.0,1.0,1.0,1.0,1.0,1.0,1.0,1.0,1.0,35.8245,10.6346,2333.3333333333335,30.0,0.0,285532.6189391474,285532.6189391474,281505.570214618
1350,80.0,4.0,1.0,1.0,1.0,1.0,1.0,1.0,1.0,1.0,1.0,1.0,36.7516855,10.2245072,2125.0,20.0,0.0,285532.6189391474,285532.6189391474,218196.17024373435
1007,45.0,3.0,1.0,1.0,1.0,1.0,1.0,1.0,1.0,1.0,1.0,1.0,36.8479251,10.2611996,2666.6666666666665,37.75,0.0,285532.6189391474,285532.6189391474,293441.4203821656
674,150.0,3.0,1.0,1.0,1.0,1.0,1.0,1.0,1.0,1.0,1.0,1.0,36.8423974,10.1571247,2666.6666666666665,37.75,0.0,285532.6189391474,285532.6189391474,293441.4203821656
447,121.0,4.0,1.0,1.0,1.0,1.0,1.0,1.0,1.0,1.0,1.0,1.0,36.753,10.228,1239.6694214876034,30.25,0.0,285532.6189391474,285532.6189391474,218196.17024373435
3901,113.0,3.0,1.0,1.0,1.0,1.0,1.0,1.0,1.0,1.0,1.0,1.0,36.8065,10.188232,3495.575221238938,37.666666666666664,0.0,285532.6189391474,285532.6189391474,277143.4970760234
3079,107.0,2.0,1.0,1.0,1.0,1.0,1.0,1.0,1.0,1.0,1.0,1.0,36.8065,10.1815,2537.88748564868,37.75,0.0,285532.6189391474,285532.6189391474,293441.4203821656
2068,144.0,3.0,1.0,1.0,1.0,1.0,1.0,1.0,1.0,1.0,1.0,1.0,35.6726,10.0982,1111.111111111111,48.0,0.0,285532.6189391474,285532.6189391474,264460.8237615568
3274,111.0,3.0,1.0,1.0,1.0,1.0,1.0,1.0,1.0,1.0,1.0,1.0,36.8065,10.188232,2207.2072072072074,37.75,0.0,285532.6189391474,285532.6189391474,277143.4970760234
2458,107.0,3.0,1.0,1.0,1.0,1.0,1.0,1.0,1.0,1.0,1.0,1.0,36.8548083,10.3309924,2537.88748564868,37.75,0.0,285532.6189391474,285532.6189391474,293441.4203821656
1694,120.0,3.0,1.0,1.0,1.0,1.0,1.0,1.0,1.0,1.0,1.0,1.0,36.753,10.228,1416.6666666666667,40.0,0.0,285532.6189391474,285532.6189391474,218196.17024373435
3524,210.0,3.0,1.0,1.0,1.0,1.0,1.0,1.0,1.0,1.0,1.0,1.0,36.8065,10.1815,850.0,37.75,0.0,285532.6189391474,285532.6189391474,293441.4203821656
1247,100.0,3.0,2.0,1.0,1.0,1.0,1.0,1.0,1.0,1.0,1.0,1.0,36.8479251,10.2611996,2500.0,33.333333333333336,2.0,285532.6189391474,285532.6189391474,293441.4203821656
1989,113.0,3.0,5.0,1.0,1.0,1.0,1.0,1.0,1.0,1.0,1.0,1.0,36.71000174113613,10.215221648216447,2168.141592920354,37.666666666666664,0.0,285532.6189391474,285532.6189391474,293441.4203821656
294,150.0,2.0,1.0,1.0,1.0,1.0,1.0,1.0,1.0,1.0,1.0,1.0,36.8002068,10.1857757,2400.0,75.0,0.0,285532.6189391474,285532.6189391474,293441.4203821656
1549,100.0,4.0,1.0,1.0,1.0,1.0,1.0,1.0,1.0,1.0,1.0,1.0,36.8065,10.1815,1650.0,25.0,0.0,285532.6189391474,285532.6189391474,293441.4203821656
2016,130.0,4.0,2.0,1.0,1.0,1.0,1.0,1.0,1.0,1.0,1.0,1.0,36.83570174113602,10.152421519644594,2615.3846153846152,32.5,0.0,285532.6189391474,285532.6189391474,293441.4203821656
588,45.0,2.0,3.0,1.0,1.0,1.0,1.0,1.0,1.0,1.0,1.0,1.0,35.8913101,10.5852113,4333.333333333333,22.5,0.0,285532.6189391474,285532.6189391474,281505.570214618
2133,75.0,3.0,2.0,1.0,1.0,1.0,1.0,1.0,1.0,1.0,1.0,1.0,35.7275,10.8179,1226.6666666666667,25.0,0.0,285532.6189391474,285532.6189391474,309845.8833033952
3153,60.0,2.0,2.0,1.0,1.0,1.0,1.0,1.0,1.0,1.0,1.0,1.0,36.8625,10.1956,3750.0,30.0,2.0,285532.6189391474,285532.6189391474,320375.0034842321
425,58.0,2.0,1.0,1.0,1.0,1.0,1.0,1.0,1.0,1.0,1.0,1.0,36.8507178,10.2829345,3586.206896551724,29.0,0.0,285532.6189391474,285532.6189391474,293441.4203821656
1054,80.0,2.0,1.0,1.0,1.0,1.0,1.0,1.0,1.0,1.0,1.0,1.0,36.8065,10.1815,4375.0,40.0,0.0,285532.6189391474,285532.6189391474,293441.4203821656
3468,240.0,3.0,1.0,1.0,1.0,1.0,1.0,1.0,1.0,1.0,1.0,1.0,36.8065,10.1815,458.3333333333333,80.0,0.0,285532.6189391474,285532.6189391474,293441.4203821656
556,100.0,2.0,1.0,1.0,1.0,1.0,1.0,1.0,1.0,1.0,1.0,1.0,33.77955,10.0525203,1200.0,50.0,0.0,285532.6189391474,285532.6189391474,264748.4012505434
4273,71.0,3.0,1.0,1.0,1.0,1.0,1.0,1.0,1.0,1.0,1.0,1.0,36.8065,10.1815,3338.0281690140846,37.75,0.0,285532.6189391474,285532.6189391474,293441.4203821656
2556,115.0,4.0,5.0,1.0,1.0,1.0,1.0,1.0,1.0,1.0,1.0,1.0,36.8065,10.1815,2173.913043478261,28.75,0.0,285532.6189391474,285532.6189391474,293441.4203821656
3727,200.0,2.0,1.0,1.0,1.0,1.0,1.0,1.0,1.0,1.0,1.0,1.0,36.8065,10.1815,1100.0,100.0,0.0,285532.6189391474,285532.6189391474,293441.4203821656
3724,107.0,2.0,1.0,1.0,1.0,1.0,1.0,1.0,1.0,1.0,1.0,1.0,36.8065,10.1815,2537.88748564868,37.75,0.0,285532.6189391474,285532.6189391474,293441.4203821656
2698,100.0,3.0,1.0,1.0,1.0,1.0,1.0,1.0,1.0,1.0,1.0,1.0,36.8065,10.1815,3300.0,33.333333333333336,1.0,285532.6189391474,285532.6189391474,293441.4203821656
1193,75.0,2.0,1.0,1.0,1.0,1.0,1.0,1.0,1.0,1.0,1.0,1.0,35.8512042,10.6062129,2933.3333333333335,37.5,0.0,285532.6189391474,285532.6189391474,281505.570214618
1720,136.0,4.0,1.0,1.0,1.0,1.0,1.0,1.0,1.0,1.0,1.0,1.0,36.8484562,10.1634244,2426.470588235294,34.0,0.0,285532.6189391474,285532.6189391474,320375.0034842321
2761,170.0,4.0,1.0,1.0,1.0,1.0,1.0,1.0,1.0,1.0,1.0,1.0,36.8065,10.188232,2794.1176470588234,42.5,0.0,285532.6189391474,285532.6189391474,277143.4970760234
4189,117.0,3.0,6.0,1.0,1.0,1.0,1.0,1.0,1.0,1.0,1.0,1.0,36.8065,10.1815,1538.4615384615386,39.0,0.0,285532.6189391474,285532.6189391474,293441.4203821656
4205,107.0,4.0,1.0,1.0,1.0,1.0,1.0,1.0,1.0,1.0,1.0,1.0,36.8065,10.1815,2537.88748564868,37.75,0.0,285532.6189391474,285532.6189391474,293441.4203821656
2387,210.0,3.0,0.0,1.0,1.0,1.0,1.0,1.0,1.0,1.0,1.0,1.0,36.8065,10.188232,2047.6190476190477,70.0,0.0,285532.6189391474,285532.6189391474,277143.4970760234
1285,80.0,2.0,0.0,1.0,1.0,1.0,1.0,1.0,1.0,1.0,1.0,1.0,36.4512897,10.7355915,1562.5,40.0,0.0,285532.6189391474,285532.6189391474,300305.12820512813
3057,117.0,3.0,6.0,1.0,1.0,1.0,1.0,1.0,1.0,1.0,1.0,1.0,36.8065,10.1815,1538.4615384615386,39.0,0.0,285532.6189391474,285532.6189391474,293441.4203821656
2682,107.0,3.0,5.0,1.0,1.0,1.0,1.0,1.0,1.0,1.0,1.0,1.0,36.8065,10.1815,3280.373831775701,35.666666666666664,0.0,285532.6189391474,285532.6189391474,293441.4203821656
3472,85.0,3.0,1.0,1.0,1.0,1.0,1.0,1.0,1.0,1.0,1.0,1.0,36.8065,10.1815,2176.470588235294,28.333333333333332,0.0,285532.6189391474,285532.6189391474,293441.4203821656
2091,110.0,3.0,2.0,1.0,1.0,1.0,1.0,1.0,1.0,1.0,1.0,1.0,35.49610174113726,11.059122849611136,2363.6363636363635,36.666666666666664,0.0,285532.6189391474,285532.6189391474,276683.9253054531
1893,75.0,2.0,0.0,1.0,1.0,1.0,1.0,1.0,1.0,1.0,1.0,1.0,36.8101,10.1103,1733.3333333333333,37.5,0.0,285532.6189391474,285532.6189391474,293441.4203821656
1593,90.0,3.0,1.0,1.0,1.0,1.0,1.0,1.0,1.0,1.0,1.0,1.0,35.8359686,10.5995321,1611.111111111111,30.0,0.0,285532.6189391474,285532.6189391474,281505.570214618
4259,100.0,3.0,0.0,1.0,1.0,1.0,1.0,1.0,1.0,1.0,1.0,1.0,36.8065,10.188232,3200.0,37.75,0.0,285532.6189391474,285532.6189391474,277143.4970760234
2166,98.0,3.0,1.0,1.0,1.0,1.0,1.0,1.0,1.0,1.0,1.0,1.0,34.77400174113791,10.740623530851831,3061.2244897959185,32.666666666666664,0.0,285532.6189391474,285532.6189391474,245349.25277465454
2303,123.0,2.0,2.0,1.0,1.0,1.0,1.0,1.0,1.0,1.0,1.0,1.0,35.83050174113696,10.60052252581094,3308.9430894308944,61.5,0.0,285532.6189391474,285532.6189391474,281505.570214618
3337,107.0,5.0,3.0,1.0,1.0,1.0,1.0,1.0,1.0,1.0,1.0,1.0,36.8065,10.1815,2537.88748564868,37.75,0.0,285532.6189391474,285532.6189391474,293441.4203821656
1137,70.0,1.0,1.0,1.0,1.0,1.0,1.0,1.0,1.0,1.0,1.0,1.0,36.4561,10.7376,3571.4285714285716,70.0,0.0,285532.6189391474,285532.6189391474,300305.12820512813
3137,107.0,3.0,2.0,1.0,1.0,1.0,1.0,1.0,1.0,1.0,1.0,1.0,36.8065,10.1815,2537.88748564868,37.75,0.0,285532.6189391474,285532.6189391474,293441.4203821656
4015,147.0,3.0,1.0,1.0,1.0,1.0,1.0,1.0,1.0,1.0,1.0,1.0,36.8065,10.188232,2299.3197278911566,37.75,0.0,285532.6189391474,285532.6189391474,277143.4970760234
4042,90.0,2.0,1.0,1.0,1.0,1.0,1.0,1.0,1.0,1.0,1.0,1.0,36.8065,10.188232,3555.5555555555557,45.0,0.0,285532.6189391474,285532.6189391474,277143.4970760234
1715,100.0,1.0,2.0,1.0,1.0,1.0,1.0,1.0,1.0,1.0,1.0,1.0,36.8457382,10.1317222,2200.0,100.0,2.0,285532.6189391474,285532.6189391474,320375.0034842321
3446,80.0,3.0,1.0,1.0,1.0,1.0,1.0,1.0,1.0,1.0,1.0,1.0,36.8065,10.1815,2575.0,26.666666666666668,0.0,285532.6189391474,285532.6189391474,293441.4203821656
453,194.0,3.0,3.0,1.0,1.0,1.0,1.0,1.0,1.0,1.0,1.0,1.0,36.8599292,10.1531585,2319.5876288659792,64.66666666666667,3.0,285532.6189391474,285532.6189391474,320375.0034842321
913,130.0,4.0,2.0,1.0,1.0,1.0,1.0,1.0,1.0,1.0,1.0,1.0,36.8456561,11.0935701,2000.0,32.5,0.0,285532.6189391474,285532.6189391474,300305.12820512813
2670,107.0,2.0,1.0,1.0,1.0,1.0,1.0,1.0,1.0,1.0,1.0,1.0,36.8065,10.1815,2537.88748564868,37.75,0.0,285532.6189391474,285532.6189391474,293441.4203821656
1199,100.0,3.0,1.0,1.0,1.0,1.0,1.0,1.0,1.0,1.0,1.0,1.0,36.8606537,10.2087006,2450.0,33.333333333333336,0.0,285532.6189391474,285532.6189391474,320375.0034842321
1274,63.0,2.0,1.0,1.0,1.0,1.0,1.0,1.0,1.0,1.0,1.0,1.0,36.8507178,10.2829345,3174.6031746031745,31.5,0.0,285532.6189391474,285532.6189391474,293441.4203821656
37,70.0,2.0,0.0,1.0,1.0,1.0,1.0,1.0,1.0,1.0,1.0,1.0,36.4512897,10.7355915,4571.428571428572,35.0,0.0,285532.6189391474,285532.6189391474,300305.12820512813
974,100.0,4.0,1.0,1.0,1.0,1.0,1.0,1.0,1.0,1.0,1.0,1.0,36.84177,10.1301259,2000.0,25.0,0.0,285532.6189391474,285532.6189391474,293441.4203821656
983,116.0,2.0,2.0,1.0,1.0,1.0,1.0,1.0,1.0,1.0,1.0,1.0,36.8749751,10.2454267,3534.4827586206898,58.0,0.0,285532.6189391474,285532.6189391474,320375.0034842321
2819,107.0,3.0,3.0,1.0,1.0,1.0,1.0,1.0,1.0,1.0,1.0,1.0,36.8065,10.1815,2537.88748564868,37.75,3.0,285532.6189391474,285532.6189391474,293441.4203821656
1420,160.0,3.0,1.0,1.0,1.0,1.0,1.0,1.0,1.0,1.0,1.0,1.0,36.71444,10.3112789,1043.75,53.333333333333336,0.0,285532.6189391474,285532.6189391474,218196.17024373435
1562,115.0,3.0,1.0,1.0,1.0,1.0,1.0,1.0,1.0,1.0,1.0,1.0,36.8749751,10.2454267,3043.478260869565,38.333333333333336,0.0,285532.6189391474,285532.6189391474,320375.0034842321
39,100.0,2.0,1.0,1.0,1.0,1.0,1.0,1.0,1.0,1.0,1.0,1.0,36.4512897,10.7355915,1950.0,50.0,0.0,285532.6189391474,285532.6189391474,300305.12820512813
1488,130.0,3.0,1.0,1.0,1.0,1.0,1.0,1.0,1.0,1.0,1.0,1.0,36.4561,10.7376,3230.769230769231,43.333333333333336,0.0,285532.6189391474,285532.6189391474,300305.12820512813
3486,93.0,4.0,2.0,1.0,1.0,1.0,1.0,1.0,1.0,1.0,1.0,1.0,36.8065,10.1815,2150.537634408602,23.25,2.0,285532.6189391474,285532.6189391474,293441.4203821656
169,50.0,2.0,1.0,1.0,1.0,1.0,1.0,1.0,1.0,1.0,1.0,1.0,36.4512897,10.7355915,5300.0,25.0,0.0,285532.6189391474,285532.6189391474,300305.12820512813
1356,163.0,4.0,1.0,1.0,1.0,1.0,1.0,1.0,1.0,1.0,1.0,1.0,36.8811985,10.211819,3036.8098159509204,40.75,0.0,285532.6189391474,285532.6189391474,320375.0034842321
3753,202.0,2.0,0.0,1.0,1.0,1.0,1.0,1.0,1.0,1.0,1.0,1.0,36.8065,10.188232,866.3366336633663,101.0,0.0,285532.6189391474,285532.6189391474,277143.4970760234
3815,100.0,3.0,1.0,1.0,1.0,1.0,1.0,1.0,1.0,1.0,1.0,1.0,36.8065,10.1815,1750.0,33.333333333333336,0.0,285532.6189391474,285532.6189391474,293441.4203821656
2604,85.0,2.0,1.0,1.0,1.0,1.0,1.0,1.0,1.0,1.0,1.0,1.0,36.8065,10.1815,3078.470588235294,42.5,0.0,285532.6189391474,285532.6189391474,293441.4203821656
2617,80.0,2.0,1.0,1.0,1.0,1.0,1.0,1.0,1.0,1.0,1.0,1.0,36.8065,10.188232,4375.0,40.0,0.0,285532.6189391474,285532.6189391474,277143.4970760234
1642,94.0,2.0,0.0,1.0,1.0,1.0,1.0,1.0,1.0,1.0,1.0,1.0,37.2720905,9.8708565,1914.8936170212767,47.0,0.0,285532.6189391474,285532.6189391474,243467.8477263652
1290,60.0,1.0,1.0,1.0,1.0,1.0,1.0,1.0,1.0,1.0,1.0,1.0,35.8359686,10.5995321,3033.3333333333335,60.0,0.0,285532.6189391474,285532.6189391474,281505.570214618
1381,102.0,2.0,4.0,1.0,1.0,1.0,1.0,1.0,1.0,1.0,1.0,1.0,36.4012665,10.5572827,3235.294117647059,51.0,0.0,285532.6189391474,285532.6189391474,300305.12820512813
1937,110.0,4.0,1.0,1.0,1.0,1.0,1.0,1.0,1.0,1.0,1.0,1.0,36.866701741136,10.314321487813311,3409.090909090909,27.5,0.0,285532.6189391474,285532.6189391474,293441.4203821656
579,170.0,4.0,1.0,1.0,1.0,1.0,1.0,1.0,1.0,1.0,1.0,1.0,36.8572699,10.2918693,3823.529411764706,42.5,0.0,285532.6189391474,285532.6189391474,293441.4203821656
2034,216.0,5.0,5.0,1.0,1.0,1.0,1.0,1.0,1.0,1.0,1.0,1.0,36.741,10.2538,2685.185185185185,43.2,5.0,285532.6189391474,285532.6189391474,293441.4203821656
892,50.0,3.0,0.0,1.0,1.0,1.0,1.0,1.0,1.0,1.0,1.0,1.0,36.4012665,10.5572827,2800.0,16.666666666666668,0.0,285532.6189391474,285532.6189391474,300305.12820512813
780,107.0,1.0,1.0,1.0,1.0,1.0,1.0,1.0,1.0,1.0,1.0,1.0,35.7707582,10.8280511,2537.88748564868,37.75,0.0,285532.6189391474,285532.6189391474,309845.8833033952
159,126.0,2.0,1.0,1.0,1.0,1.0,1.0,1.0,1.0,1.0,1.0,1.0,36.8002068,10.1857757,2698.4126984126983,63.0,0.0,285532.6189391474,285532.6189391474,293441.4203821656
2,55.0,2.0,1.0,1.0,1.0,1.0,1.0,1.0,1.0,1.0,1.0,1.0,36.4512897,10.7355915,2545.4545454545455,27.5,0.0,285532.6189391474,285532.6189391474,300305.12820512813
3437,147.0,3.0,0.0,1.0,1.0,1.0,1.0,1.0,1.0,1.0,1.0,1.0,36.8065,10.1815,3061.2244897959185,37.75,0.0,285532.6189391474,285532.6189391474,293441.4203821656
849,72.0,2.0,1.0,1.0,1.0,1.0,1.0,1.0,1.0,1.0,1.0,1.0,36.7516855,10.2245072,2569.4444444444443,36.0,0.0,285532.6189391474,285532.6189391474,218196.17024373435
3510,110.0,3.0,1.0,1.0,1.0,1.0,1.0,1.0,1.0,1.0,1.0,1.0,36.8065,10.1815,2409.090909090909,37.75,0.0,285532.6189391474,285532.6189391474,293441.4203821656
1598,58.0,2.0,4.0,1.0,1.0,1.0,1.0,1.0,1.0,1.0,1.0,1.0,36.8585478,10.1682756,3448.2758620689656,29.0,0.0,285532.6189391474,285532.6189391474,320375.0034842321
1780,140.0,3.0,3.0,1.0,1.0,1.0,1.0,1.0,1.0,1.0,1.0,1.0,36.8462,11.0995,2500.0,46.666666666666664,0.0,285532.6189391474,285532.6189391474,300305.12820512813
1917,120.0,4.0,3.0,1.0,1.0,1.0,1.0,1.0,1.0,1.0,1.0,1.0,36.81840174113604,10.146821537387302,1625.0,30.0,0.0,285532.6189391474,285532.6189391474,293441.4203821656
1043,112.0,3.0,1.0,1.0,1.0,1.0,1.0,1.0,1.0,1.0,1.0,1.0,36.7136861,10.3691813,2232.1428571428573,37.333333333333336,0.0,285532.6189391474,285532.6189391474,218196.17024373435
1546,200.0,5.0,0.0,1.0,1.0,1.0,1.0,1.0,1.0,1.0,1.0,1.0,36.7571648,10.014927,850.0,40.0,0.0,285532.6189391474,285532.6189391474,240180.81353797184
2351,142.0,4.0,0.0,1.0,1.0,1.0,1.0,1.0,1.0,1.0,1.0,1.0,36.8065,10.1815,2112.676056338028,35.5,0.0,285532.6189391474,285532.6189391474,293441.4203821656
53,92.0,3.0,0.0,1.0,1.0,1.0,1.0,1.0,1.0,1.0,1.0,1.0,36.7516855,10.2245072,2173.913043478261,30.666666666666668,0.0,285532.6189391474,285532.6189391474,218196.17024373435
4129,107.0,3.0,1.0,1.0,1.0,1.0,1.0,1.0,1.0,1.0,1.0,1.0,36.8065,10.188232,2537.88748564868,37.75,0.0,285532.6189391474,285532.6189391474,277143.4970760234
1915,229.0,5.0,5.0,1.0,1.0,1.0,1.0,1.0,1.0,1.0,1.0,1.0,36.8626,10.1559,2576.4192139737993,45.8,5.0,285532.6189391474,285532.6189391474,293441.4203821656
2675,90.0,3.0,1.0,1.0,1.0,1.0,1.0,1.0,1.0,1.0,1.0,1.0,36.8065,10.1815,1888.888888888889,30.0,0.0,285532.6189391474,285532.6189391474,293441.4203821656
824,107.0,5.0,1.0,1.0,1.0,1.0,1.0,1.0,1.0,1.0,1.0,1.0,36.8479251,10.2611996,2537.88748564868,37.75,0.0,285532.6189391474,285532.6189391474,293441.4203821656
3785,76.0,3.0,1.0,1.0,1.0,1.0,1.0,1.0,1.0,1.0,1.0,1.0,36.8065,10.188232,2565.7894736842104,37.75,0.0,285532.6189391474,285532.6189391474,277143.4970760234
1390,110.0,3.0,1.0,1.0,1.0,1.0,1.0,1.0,1.0,1.0,1.0,1.0,35.8913101,10.5852113,1227.2727272727273,36.666666666666664,0.0,285532.6189391474,285532.6189391474,281505.570214618
3402,75.0,1.0,2.0,1.0,1.0,1.0,1.0,1.0,1.0,1.0,1.0,1.0,36.8065,10.188232,1466.6666666666667,75.0,0.0,285532.6189391474,285532.6189391474,277143.4970760234
2452,86.0,2.0,1.0,1.0,1.0,1.0,1.0,1.0,1.0,1.0,1.0,1.0,36.8573922,10.2623664,1837.2093023255813,43.0,0.0,285532.6189391474,285532.6189391474,293441.4203821656
1609,95.0,1.0,2.0,1.0,1.0,1.0,1.0,1.0,1.0,1.0,1.0,1.0,36.8065,10.1815,3684.2105263157896,95.0,2.0,285532.6189391474,285532.6189391474,293441.4203821656
1596,70.0,2.0,1.0,1.0,1.0,1.0,1.0,1.0,1.0,1.0,1.0,1.0,36.8507178,10.2829345,5528.571428571428,35.0,0.0,285532.6189391474,285532.6189391474,293441.4203821656
771,71.0,2.0,1.0,1.0,1.0,1.0,1.0,1.0,1.0,1.0,1.0,1.0,36.804235,9.2431375,2000.0,35.5,0.0,285532.6189391474,285532.6189391474,266419.2308660581
1872,123.0,3.0,4.0,1.0,1.0,1.0,1.0,1.0,1.0,1.0,1.0,1.0,36.8641,10.2726,3089.430894308943,41.0,0.0,285532.6189391474,285532.6189391474,293441.4203821656
1085,120.0,4.0,1.0,1.0,1.0,1.0,1.0,1.0,1.0,1.0,1.0,1.0,36.8625,10.1956,2458.3333333333335,30.0,0.0,285532.6189391474,285532.6189391474,320375.0034842321
2714,107.0,4.0,1.0,1.0,1.0,1.0,1.0,1.0,1.0,1.0,1.0,1.0,36.8065,10.188232,2537.88748564868,37.75,0.0,285532.6189391474,285532.6189391474,277143.4970760234
1325,146.0,4.0,8.0,1.0,1.0,1.0,1.0,1.0,1.0,1.0,1.0,1.0,36.8585478,10.1682756,2226.027397260274,36.5,8.0,285532.6189391474,285532.6189391474,320375.0034842321
1465,101.0,2.0,1.0,1.0,1.0,1.0,1.0,1.0,1.0,1.0,1.0,1.0,36.8456561,11.0935701,2871.2871287128714,50.5,0.0,285532.6189391474,285532.6189391474,300305.12820512813
806,80.0,3.0,1.0,1.0,1.0,1.0,1.0,1.0,1.0,1.0,1.0,1.0,36.7997675,10.1756926,1437.5,26.666666666666668,0.0,285532.6189391474,285532.6189391474,293441.4203821656
2378,107.0,2.0,1.0,1.0,1.0,1.0,1.0,1.0,1.0,1.0,1.0,1.0,36.8065,10.188232,2537.88748564868,37.75,0.0,285532.6189391474,285532.6189391474,277143.4970760234
2415,100.0,1.0,0.0,1.0,1.0,1.0,1.0,1.0,1.0,1.0,1.0,1.0,36.8596897,10.3051019,4360.0,100.0,0.0,285532.6189391474,285532.6189391474,293441.4203821656
2112,105.0,3.0,1.0,1.0,1.0,1.0,1.0,1.0,1.0,1.0,1.0,1.0,35.4757,11.0501,2523.809523809524,35.0,0.0,285532.6189391474,285532.6189391474,276683.9253054531
2860,107.0,3.0,1.0,0.0,1.0,1.0,0.0,1.0,0.0,1.0,0.0,0.0,36.8065,10.188232,2537.88748564868,37.75,0.0,285532.6189391474,285532.6189391474,277143.4970760234
4213,107.0,3.0,1.0,1.0,1.0,1.0,1.0,1.0,1.0,1.0,1.0,1.0,36.8065,10.1815,2537.88748564868,37.75,0.0,285532.6189391474,285532.6189391474,293441.4203821656
2238,57.0,2.0,7.0,1.0,1.0,1.0,1.0,1.0,1.0,1.0,1.0,1.0,35.8313,10.6105,3508.7719298245615,28.5,0.0,285532.6189391474,285532.6189391474,281505.570214618
963,160.0,4.0,1.0,1.0,1.0,1.0,1.0,1.0,1.0,1.0,1.0,1.0,36.8484562,10.1634244,2000.0,40.0,0.0,285532.6189391474,285532.6189391474,320375.0034842321
398,75.0,2.0,1.0,1.0,1.0,1.0,1.0,1.0,1.0,1.0,1.0,1.0,36.8541206,10.1626718,2333.3333333333335,37.5,0.0,285532.6189391474,285532.6189391474,320375.0034842321
3999,75.0,3.0,1.0,1.0,1.0,1.0,1.0,1.0,1.0,1.0,1.0,1.0,36.8065,10.188232,4133.333333333333,37.75,0.0,285532.6189391474,285532.6189391474,277143.4970760234
704,85.0,3.0,1.0,1.0,1.0,1.0,1.0,1.0,1.0,1.0,1.0,1.0,36.7136861,10.3691813,1529.4117647058824,28.333333333333332,0.0,285532.6189391474,285532.6189391474,218196.17024373435
431,150.0,5.0,4.0,1.0,1.0,1.0,1.0,1.0,1.0,1.0,1.0,1.0,36.8423974,10.1571247,1566.6666666666667,30.0,4.0,285532.6189391474,285532.6189391474,293441.4203821656
292,100.0,2.0,1.0,1.0,1.0,1.0,1.0,1.0,1.0,1.0,1.0,1.0,36.4512897,10.7355915,2000.0,50.0,0.0,285532.6189391474,285532.6189391474,300305.12820512813
4037,85.0,3.0,1.0,1.0,1.0,1.0,1.0,1.0,1.0,1.0,1.0,1.0,36.8065,10.1815,3176.470588235294,37.75,0.0,285532.6189391474,285532.6189391474,293441.4203821656
145,115.0,2.0,1.0,1.0,1.0,1.0,1.0,1.0,1.0,1.0,1.0,1.0,36.8587351,10.188232,2347.8260869565215,57.5,0.0,285532.6189391474,285532.6189391474,320375.0034842321
2037,134.0,4.0,3.0,1.0,1.0,1.0,1.0,1.0,1.0,1.0,1.0,1.0,36.862101741136,10.18602149253975,1417.910447761194,33.5,0.0,285532.6189391474,285532.6189391474,293441.4203821656
2824,100.0,3.0,1.0,1.0,1.0,1.0,1.0,1.0,1.0,1.0,1.0,1.0,36.8065,10.1815,2500.0,33.333333333333336,0.0,285532.6189391474,285532.6189391474,293441.4203821656
1165,100.0,4.0,2.0,1.0,1.0,1.0,1.0,1.0,1.0,1.0,1.0,1.0,36.719825,10.2192362,1650.0,25.0,0.0,285532.6189391474,285532.6189391474,218196.17024373435
2054,128.0,4.0,4.0,1.0,1.0,1.0,1.0,1.0,1.0,1.0,1.0,1.0,36.8583,10.2515,2289.0625,32.0,0.0,285532.6189391474,285532.6189391474,293441.4203821656
3140,116.0,2.0,1.0,1.0,1.0,1.0,1.0,1.0,1.0,1.0,1.0,1.0,36.8065,10.188232,2974.137931034483,58.0,0.0,285532.6189391474,285532.6189391474,277143.4970760234
339,117.0,2.0,1.0,1.0,1.0,1.0,1.0,1.0,1.0,1.0,1.0,1.0,36.8002068,10.1857757,3333.3333333333335,58.5,1.0,285532.6189391474,285532.6189391474,293441.4203821656
2329,100.0,3.0,1.0,1.0,1.0,1.0,1.0,1.0,1.0,1.0,1.0,1.0,36.8065,10.1815,5200.0,33.333333333333336,0.0,285532.6189391474,285532.6189391474,293441.4203821656
265,130.0,6.0,1.0,1.0,1.0,1.0,1.0,1.0,1.0,1.0,1.0,1.0,36.4512897,10.7355915,3615.3846153846152,21.666666666666668,0.0,285532.6189391474,285532.6189391474,300305.12820512813
3207,107.0,3.0,1.0,1.0,1.0,1.0,1.0,1.0,1.0,1.0,1.0,1.0,36.8065,10.188232,3271.0280373831774,37.75,0.0,285532.6189391474,285532.6189391474,277143.4970760234
1775,110.0,2.0,3.0,1.0,1.0,1.0,1.0,1.0,1.0,1.0,1.0,1.0,36.8433,11.1096,1681.8181818181818,55.0,0.0,285532.6189391474,285532.6189391474,300305.12820512813
271,46.0,2.0,2.0,1.0,1.0,1.0,1.0,1.0,1.0,1.0,1.0,1.0,36.4512897,10.7355915,4021.7391304347825,23.0,2.0,285532.6189391474,285532.6189391474,300305.12820512813
696,107.0,4.0,5.0,1.0,1.0,1.0,1.0,1.0,1.0,1.0,1.0,1.0,36.8599292,10.1531585,2537.88748564868,37.75,5.0,285532.6189391474,285532.6189391474,320375.0034842321
4256,120.0,2.0,1.0,1.0,1.0,1.0,1.0,1.0,1.0,1.0,1.0,1.0,36.8065,10.1815,1966.6666666666667,60.0,0.0,285532.6189391474,285532.6189391474,293441.4203821656
244,74.0,2.0,2.0,1.0,1.0,1.0,1.0,1.0,1.0,1.0,1.0,1.0,36.8002068,10.1857757,3648.6486486486488,37.0,0.0,285532.6189391474,285532.6189391474,293441.4203821656
4006,75.0,3.0,1.0,1.0,1.0,1.0,1.0,1.0,1.0,1.0,1.0,1.0,36.8065,10.188232,1466.6666666666667,37.75,0.0,285532.6189391474,285532.6189391474,277143.4970760234
476,72.0,1.0,1.0,1.0,1.0,1.0,1.0,1.0,1.0,1.0,1.0,1.0,36.8479251,10.2611996,4277.777777777777,72.0,0.0,285532.6189391474,285532.6189391474,293441.4203821656
2036,129.0,3.0,4.0,1.0,1.0,1.0,1.0,1.0,1.0,1.0,1.0,1.0,36.85080174113601,10.298521504145777,5000.0,43.0,0.0,285532.6189391474,285532.6189391474,293441.4203821656
3546,160.0,3.0,1.0,1.0,1.0,1.0,1.0,1.0,1.0,1.0,1.0,1.0,36.8065,10.1815,3062.5,37.75,0.0,285532.6189391474,285532.6189391474,293441.4203821656
2463,64.0,2.0,0.0,1.0,1.0,1.0,1.0,1.0,1.0,1.0,1.0,1.0,36.8065,10.1815,3906.25,32.0,0.0,285532.6189391474,285532.6189391474,293441.4203821656
813,110.0,3.0,1.0,1.0,1.0,1.0,1.0,1.0,1.0,1.0,1.0,1.0,36.719825,10.2192362,1727.2727272727273,36.666666666666664,0.0,285532.6189391474,285532.6189391474,218196.17024373435
1918,100.0,3.0,3.0,1.0,1.0,1.0,1.0,1.0,1.0,1.0,1.0,1.0,36.87920174113598,10.204821474964309,1000.0,33.333333333333336,0.0,285532.6189391474,285532.6189391474,293441.4203821656
3519,107.0,3.0,1.0,1.0,1.0,1.0,1.0,1.0,1.0,1.0,1.0,1.0,36.8625,10.1956,2537.88748564868,37.75,0.0,285532.6189391474,285532.6189391474,320375.0034842321
4221,78.0,2.0,1.0,1.0,1.0,1.0,1.0,1.0,1.0,1.0,1.0,1.0,36.8065,10.1815,1410.2564102564102,39.0,0.0,285532.6189391474,285532.6189391474,293441.4203821656
1808,125.0,3.0,3.0,1.0,1.0,1.0,1.0,1.0,1.0,1.0,1.0,1.0,36.4452017411364,10.741421916466289,3600.0,41.666666666666664,3.0,285532.6189391474,285532.6189391474,300305.12820512813
2918,107.0,3.0,1.0,1.0,1.0,1.0,1.0,1.0,1.0,1.0,1.0,1.0,36.8065,10.188232,2537.88748564868,37.75,0.0,285532.6189391474,285532.6189391474,277143.4970760234
250,88.0,2.0,0.0,1.0,1.0,1.0,1.0,1.0,1.0,1.0,1.0,1.0,36.8065,10.188232,1704.5454545454545,44.0,0.0,285532.6189391474,285532.6189391474,277143.4970760234
545,75.0,4.0,0.0,1.0,1.0,1.0,1.0,1.0,1.0,1.0,1.0,1.0,36.84177,10.1301259,2666.6666666666665,18.75,0.0,285532.6189391474,285532.6189391474,293441.4203821656
738,85.0,2.0,1.0,1.0,1.0,1.0,1.0,1.0,1.0,1.0,1.0,1.0,36.7516855,10.2245072,1588.235294117647,42.5,0.0,285532.6189391474,285532.6189391474,218196.17024373435
310,63.0,2.0,1.0,1.0,1.0,1.0,1.0,1.0,1.0,1.0,1.0,1.0,36.8002068,10.1857757,2222.222222222222,31.5,0.0,285532.6189391474,285532.6189391474,293441.4203821656
1131,170.0,3.0,1.0,1.0,1.0,1.0,1.0,1.0,1.0,1.0,1.0,1.0,36.4512897,10.7355915,2323.529411764706,56.666666666666664,0.0,285532.6189391474,285532.6189391474,300305.12820512813
1451,220.0,5.0,0.0,1.0,1.0,1.0,1.0,1.0,1.0,1.0,1.0,1.0,36.1784491,8.707347,1045.4545454545455,44.0,0.0,285532.6189391474,285532.6189391474,282265.41741518216
4156,102.0,3.0,5.0,1.0,1.0,1.0,1.0,1.0,1.0,1.0,1.0,1.0,36.8065,10.188232,2549.0196078431372,34.0,5.0,285532.6189391474,285532.6189391474,277143.4970760234
15,90.0,2.0,0.0,1.0,1.0,1.0,1.0,1.0,1.0,1.0,1.0,1.0,36.4512897,10.7355915,2777.777777777778,45.0,0.0,285532.6189391474,285532.6189391474,300305.12820512813
3681,67.0,3.0,1.0,1.0,1.0,1.0,1.0,1.0,1.0,1.0,1.0,1.0,36.8625,10.1956,4118.6567164179105,37.75,0.0,285532.6189391474,285532.6189391474,320375.0034842321
2812,107.0,3.0,1.0,1.0,1.0,1.0,1.0,1.0,1.0,1.0,1.0,1.0,36.8065,10.1815,2537.88748564868,37.75,0.0,285532.6189391474,285532.6189391474,293441.4203821656
3325,145.0,4.0,1.0,1.0,1.0,1.0,1.0,1.0,1.0,1.0,1.0,1.0,36.8065,10.1815,3103.448275862069,36.25,0.0,285532.6189391474,285532.6189391474,293441.4203821656
363,100.0,2.0,1.0,1.0,1.0,1.0,1.0,1.0,1.0,1.0,1.0,1.0,36.4512897,10.7355915,2500.0,50.0,0.0,285532.6189391474,285532.6189391474,300305.12820512813
182,70.0,2.0,1.0,1.0,1.0,1.0,1.0,1.0,1.0,1.0,1.0,1.0,36.8002068,10.1857757,3285.714285714286,35.0,0.0,285532.6189391474,285532.6189391474,293441.4203821656
1194,170.0,2.0,4.0,1.0,1.0,1.0,1.0,1.0,1.0,1.0,1.0,1.0,35.8359686,10.5995321,2500.0,85.0,4.0,285532.6189391474,285532.6189391474,281505.570214618
2410,70.0,2.0,1.0,1.0,1.0,1.0,1.0,1.0,1.0,1.0,1.0,1.0,36.8548083,10.3309924,2857.1428571428573,35.0,0.0,285532.6189391474,285532.6189391474,293441.4203821656
1121,63.0,2.0,1.0,1.0,1.0,1.0,1.0,1.0,1.0,1.0,1.0,1.0,36.8507178,10.2829345,3333.3333333333335,31.5,0.0,285532.6189391474,285532.6189391474,293441.4203821656
4159,223.0,2.0,1.0,1.0,1.0,1.0,1.0,1.0,1.0,1.0,1.0,1.0,36.8065,10.188232,1058.2959641255604,111.5,0.0,285532.6189391474,285532.6189391474,277143.4970760234
1182,90.0,3.0,1.0,1.0,1.0,1.0,1.0,1.0,1.0,1.0,1.0,1.0,36.7992041,10.1756221,2111.1111111111113,30.0,0.0,285532.6189391474,285532.6189391474,293441.4203821656
2980,107.0,3.0,1.0,1.0,1.0,1.0,1.0,1.0,1.0,1.0,1.0,1.0,36.4561,10.7376,2537.88748564868,37.75,0.0,285532.6189391474,285532.6189391474,300305.12820512813
614,107.0,3.0,1.0,1.0,1.0,1.0,1.0,1.0,1.0,1.0,1.0,1.0,36.7420699,10.2407329,2102.803738317757,35.666666666666664,0.0,285532.6189391474,285532.6189391474,218196.17024373435
1468,90.0,2.0,0.0,1.0,1.0,1.0,1.0,1.0,1.0,1.0,1.0,1.0,36.8456561,11.0935701,1833.3333333333333,45.0,0.0,285532.6189391474,285532.6189391474,300305.12820512813
401,90.0,3.0,4.0,1.0,1.0,1.0,1.0,1.0,1.0,1.0,1.0,1.0,36.719825,10.2192362,1333.3333333333333,30.0,0.0,285532.6189391474,285532.6189391474,218196.17024373435
934,109.0,3.0,4.0,1.0,1.0,1.0,1.0,1.0,1.0,1.0,1.0,1.0,36.8336187,10.1471736,1651.3761467889908,36.333333333333336,0.0,285532.6189391474,285532.6189391474,293441.4203821656
2620,68.0,3.0,0.0,1.0,1.0,1.0,1.0,1.0,1.0,1.0,1.0,1.0,36.8065,10.1815,2794.1176470588234,22.666666666666668,0.0,285532.6189391474,285532.6189391474,293441.4203821656
3896,125.0,4.0,0.0,1.0,1.0,1.0,1.0,1.0,1.0,1.0,1.0,1.0,36.8065,10.1815,4080.0,31.25,0.0,285532.6189391474,285532.6189391474,293441.4203821656
726,70.0,1.0,1.0,1.0,1.0,1.0,1.0,1.0,1.0,1.0,1.0,1.0,35.8749788,10.5935183,2000.0,70.0,0.0,285532.6189391474,285532.6189391474,281505.570214618
826,64.0,3.0,1.0,1.0,1.0,1.0,1.0,1.0,1.0,1.0,1.0,1.0,36.4512897,10.7355915,2312.5,21.333333333333332,0.0,285532.6189391474,285532.6189391474,300305.12820512813
1523,80.0,2.0,2.0,1.0,1.0,1.0,1.0,1.0,1.0,1.0,1.0,1.0,36.8749751,10.2454267,4350.0,40.0,0.0,285532.6189391474,285532.6189391474,320375.0034842321
136,95.0,2.0,1.0,1.0,1.0,1.0,1.0,1.0,1.0,1.0,1.0,1.0,36.8002068,10.1857757,2631.5789473684213,47.5,0.0,285532.6189391474,285532.6189391474,293441.4203821656
628,160.0,1.0,6.0,1.0,1.0,1.0,1.0,1.0,1.0,1.0,1.0,1.0,36.8625,10.1956,2487.5,160.0,6.0,285532.6189391474,285532.6189391474,320375.0034842321
334,122.0,2.0,1.0,1.0,1.0,1.0,1.0,1.0,1.0,1.0,1.0,1.0,36.7516855,10.2245072,1844.2622950819673,61.0,0.0,285532.6189391474,285532.6189391474,218196.17024373435
390,90.0,3.0,1.0,1.0,1.0,1.0,1.0,1.0,1.0,1.0,1.0,1.0,36.8095,10.098,1333.3333333333333,30.0,0.0,285532.6189391474,285532.6189391474,240180.81353797184
3150,165.0,3.0,1.0,1.0,1.0,1.0,1.0,1.0,1.0,1.0,1.0,1.0,36.8065,10.1815,1696.969696969697,37.75,0.0,285532.6189391474,285532.6189391474,293441.4203821656
1821,137.0,2.0,0.0,1.0,1.0,1.0,1.0,1.0,1.0,1.0,1.0,1.0,36.4154,10.6532,3941.605839416058,68.5,0.0,285532.6189391474,285532.6189391474,300305.12820512813
3813,120.0,3.0,1.0,1.0,1.0,1.0,1.0,1.0,1.0,1.0,1.0,1.0,36.8065,10.1815,1208.3333333333333,37.75,0.0,285532.6189391474,285532.6189391474,293441.4203821656
710,110.0,4.0,1.0,1.0,1.0,1.0,1.0,1.0,1.0,1.0,1.0,1.0,36.7404497,10.3029461,2272.7272727272725,27.5,0.0,285532.6189391474,285532.6189391474,218196.17024373435
1039,107.0,3.0,1.0,1.0,1.0,1.0,1.0,1.0,1.0,1.0,1.0,1.0,35.8245,10.6346,2537.88748564868,37.75,0.0,285532.6189391474,285532.6189391474,281505.570214618
2591,107.0,3.0,1.0,1.0,1.0,1.0,1.0,1.0,1.0,1.0,1.0,1.0,36.8065,10.1815,2537.88748564868,37.75,0.0,285532.6189391474,285532.6189391474,293441.4203821656
3616,107.0,2.0,1.0,1.0,1.0,1.0,1.0,1.0,1.0,1.0,1.0,1.0,36.8065,10.1815,2537.88748564868,37.75,0.0,285532.6189391474,285532.6189391474,293441.4203821656
1563,107.0,1.0,3.0,1.0,1.0,1.0,1.0,1.0,1.0,1.0,1.0,1.0,36.7404497,10.3029461,2537.88748564868,37.75,0.0,285532.6189391474,285532.6189391474,218196.17024373435
3905,107.0,3.0,1.0,1.0,1.0,1.0,1.0,1.0,1.0,1.0,1.0,1.0,36.8065,10.1815,2537.88748564868,37.75,0.0,285532.6189391474,285532.6189391474,293441.4203821656
3492,107.0,3.0,4.0,1.0,1.0,1.0,1.0,1.0,1.0,1.0,1.0,1.0,36.8065,10.1815,2537.88748564868,37.75,0.0,285532.6189391474,285532.6189391474,293441.4203821656
1112,60.0,3.0,1.0,1.0,1.0,1.0,1.0,1.0,1.0,1.0,1.0,1.0,36.7136861,10.3691813,2666.6666666666665,20.0,0.0,285532.6189391474,285532.6189391474,218196.17024373435
1223,190.0,5.0,1.0,1.0,1.0,1.0,1.0,1.0,1.0,1.0,1.0,1.0,36.8479251,10.2611996,2368.4210526315787,38.0,0.0,285532.6189391474,285532.6189391474,293441.4203821656
4243,80.0,2.0,1.0,1.0,1.0,1.0,1.0,1.0,1.0,1.0,1.0,1.0,36.8065,10.188232,4200.0,40.0,0.0,285532.6189391474,285532.6189391474,277143.4970760234
1510,108.0,3.0,1.0,1.0,1.0,1.0,1.0,1.0,1.0,1.0,1.0,1.0,36.8587351,10.188232,1203.7037037037037,36.0,0.0,285532.6189391474,285532.6189391474,320375.0034842321
1754,73.0,2.0,3.0,1.0,1.0,1.0,1.0,1.0,1.0,1.0,1.0,1.0,36.8065,10.188232,3328.7671232876714,36.5,0.0,285532.6189391474,285532.6189391474,277143.4970760234
3790,120.0,3.0,1.0,1.0,1.0,1.0,1.0,1.0,1.0,1.0,1.0,1.0,36.8065,10.188232,2625.0,37.75,0.0,285532.6189391474,285532.6189391474,277143.4970760234
338,100.0,2.0,1.0,1.0,1.0,1.0,1.0,1.0,1.0,1.0,1.0,1.0,36.4512897,10.7355915,2200.0,50.0,0.0,285532.6189391474,285532.6189391474,300305.12820512813
215,140.0,2.0,1.0,1.0,1.0,1.0,1.0,1.0,1.0,1.0,1.0,1.0,36.8002068,10.1857757,857.1428571428571,70.0,0.0,285532.6189391474,285532.6189391474,293441.4203821656
1341,100.0,3.0,1.0,1.0,1.0,1.0,1.0,1.0,1.0,1.0,1.0,1.0,36.8134113,10.1321911,2500.0,33.333333333333336,0.0,285532.6189391474,285532.6189391474,293441.4203821656
3485,117.0,3.0,6.0,1.0,1.0,1.0,1.0,1.0,1.0,1.0,1.0,1.0,36.8065,10.1815,1538.4615384615386,39.0,0.0,285532.6189391474,285532.6189391474,293441.4203821656
3992,170.0,3.0,1.0,1.0,1.0,1.0,1.0,1.0,1.0,1.0,1.0,1.0,36.753,10.228,1176.4705882352941,37.75,0.0,285532.6189391474,285532.6189391474,218196.17024373435
2555,107.0,4.0,1.0,1.0,1.0,1.0,1.0,1.0,1.0,1.0,1.0,1.0,36.8065,10.1815,2537.88748564868,37.75,0.0,285532.6189391474,285532.6189391474,293441.4203821656
2423,54.0,2.0,1.0,1.0,1.0,1.0,1.0,1.0,1.0,1.0,1.0,1.0,36.8596897,10.3051019,5740.740740740741,27.0,0.0,285532.6189391474,285532.6189391474,293441.4203821656
2688,48.0,2.0,5.0,1.0,1.0,1.0,1.0,1.0,1.0,1.0,1.0,1.0,36.8065,10.1815,3854.1666666666665,24.0,0.0,285532.6189391474,285532.6189391474,293441.4203821656
2334,120.0,2.0,1.0,1.0,1.0,1.0,1.0,1.0,1.0,1.0,1.0,1.0,35.8419792,10.6249068,3833.3333333333335,60.0,0.0,285532.6189391474,285532.6189391474,281505.570214618
101,200.0,2.0,1.0,1.0,1.0,1.0,1.0,1.0,1.0,1.0,1.0,1.0,36.8587351,10.188232,3100.0,100.0,1.0,285532.6189391474,285532.6189391474,320375.0034842321
3263,70.0,2.0,1.0,1.0,1.0,1.0,1.0,1.0,1.0,1.0,1.0,1.0,36.8065,10.1815,6428.571428571428,35.0,0.0,285532.6189391474,285532.6189391474,293441.4203821656
171,98.0,2.0,1.0,1.0,1.0,1.0,1.0,1.0,1.0,1.0,1.0,1.0,36.7516855,10.2245072,2244.8979591836733,49.0,0.0,285532.6189391474,285532.6189391474,218196.17024373435
107,139.0,2.0,0.0,1.0,1.0,1.0,1.0,1.0,1.0,1.0,1.0,1.0,36.8002068,10.1857757,4208.63309352518,69.5,0.0,285532.6189391474,285532.6189391474,293441.4203821656
2808,107.0,2.0,1.0,1.0,1.0,1.0,1.0,1.0,1.0,1.0,1.0,1.0,36.8065,10.188232,2537.88748564868,37.75,0.0,285532.6189391474,285532.6189391474,277143.4970760234
4275,80.0,2.0,1.0,1.0,1.0,1.0,1.0,1.0,1.0,1.0,1.0,1.0,36.8065,10.1815,1562.5,40.0,0.0,285532.6189391474,285532.6189391474,293441.4203821656
2982,80.0,3.0,1.0,1.0,1.0,1.0,1.0,1.0,1.0,1.0,1.0,1.0,36.8065,10.188232,4375.0,37.75,0.0,285532.6189391474,285532.6189391474,277143.4970760234
2650,180.0,3.0,0.0,1.0,1.0,1.0,1.0,1.0,1.0,1.0,1.0,1.0,36.8065,10.1815,2771.7944444444443,60.0,0.0,285532.6189391474,285532.6189391474,293441.4203821656
4265,54.0,2.0,0.0,1.0,1.0,1.0,1.0,1.0,1.0,1.0,1.0,1.0,36.8065,10.188232,3888.8888888888887,27.0,0.0,285532.6189391474,285532.6189391474,277143.4970760234
2700,71.0,2.0,1.0,1.0,1.0,1.0,1.0,1.0,1.0,1.0,1.0,1.0,36.8065,10.188232,3317.0,35.5,0.0,285532.6189391474,285532.6189391474,277143.4970760234
2663,107.0,3.0,1.0,1.0,1.0,1.0,1.0,1.0,1.0,1.0,1.0,1.0,36.8065,10.188232,2537.88748564868,37.75,0.0,285532.6189391474,285532.6189391474,277143.4970760234
3071,87.0,2.0,5.0,1.0,1.0,1.0,1.0,1.0,1.0,1.0,1.0,1.0,36.8065,10.1815,5000.0,43.5,5.0,285532.6189391474,285532.6189391474,293441.4203821656
3201,47.0,3.0,1.0,1.0,1.0,1.0,1.0,1.0,1.0,1.0,1.0,1.0,36.8065,10.1815,5638.297872340426,37.75,0.0,285532.6189391474,285532.6189391474,293441.4203821656
3587,103.0,3.0,1.0,1.0,1.0,1.0,1.0,1.0,1.0,1.0,1.0,1.0,36.8065,10.1815,3776.6990291262136,34.333333333333336,0.0,285532.6189391474,285532.6189391474,293441.4203821656
1040,58.0,3.0,3.0,1.0,1.0,1.0,1.0,1.0,1.0,1.0,1.0,1.0,34.7361691,10.7662357,1724.1379310344828,19.333333333333332,3.0,285532.6189391474,285532.6189391474,245349.25277465454
2790,130.0,4.0,1.0,1.0,1.0,1.0,1.0,1.0,1.0,1.0,1.0,1.0,36.8065,10.1815,3692.3076923076924,32.5,0.0,285532.6189391474,285532.6189391474,293441.4203821656
2124,114.0,4.0,2.0,1.0,1.0,1.0,1.0,1.0,1.0,1.0,1.0,1.0,35.7253,10.8171,1500.0,28.5,0.0,285532.6189391474,285532.6189391474,309845.8833033952
1526,140.0,3.0,1.0,1.0,1.0,1.0,1.0,1.0,1.0,1.0,1.0,1.0,36.8625,10.1956,2500.0,46.666666666666664,0.0,285532.6189391474,285532.6189391474,320375.0034842321
3560,100.0,3.0,1.0,1.0,1.0,1.0,1.0,1.0,1.0,1.0,1.0,1.0,36.8065,10.188232,3200.0,37.75,0.0,285532.6189391474,285532.6189391474,277143.4970760234
2252,160.0,4.0,3.0,1.0,1.0,1.0,1.0,1.0,1.0,1.0,1.0,1.0,35.82750174113696,10.599222528739675,2793.75,40.0,0.0,285532.6189391474,285532.6189391474,281505.570214618
481,150.0,1.0,2.0,1.0,1.0,1.0,1.0,1.0,1.0,1.0,1.0,1.0,36.8479991,10.2943555,2400.0,150.0,2.0,285532.6189391474,285532.6189391474,293441.4203821656
2854,113.0,3.0,1.0,1.0,1.0,1.0,1.0,1.0,1.0,1.0,1.0,1.0,36.8065,10.1815,2876.1061946902655,37.666666666666664,0.0,285532.6189391474,285532.6189391474,293441.4203821656
3011,107.0,3.0,1.0,1.0,1.0,1.0,1.0,1.0,1.0,1.0,1.0,1.0,36.8065,10.188232,2537.88748564868,37.75,0.0,285532.6189391474,285532.6189391474,277143.4970760234
1766,128.0,4.0,5.0,1.0,1.0,1.0,1.0,1.0,1.0,1.0,1.0,1.0,37.2897017411356,9.848631048557836,2421.875,32.0,0.0,285532.6189391474,285532.6189391474,243467.8477263652
3375,200.0,3.0,1.0,1.0,1.0,1.0,1.0,1.0,1.0,1.0,1.0,1.0,36.8065,10.188232,625.0,37.75,0.0,285532.6189391474,285532.6189391474,277143.4970760234
3528,80.0,3.0,1.0,1.0,1.0,1.0,1.0,1.0,1.0,1.0,1.0,1.0,36.8065,10.1815,4250.0,37.75,0.0,285532.6189391474,285532.6189391474,293441.4203821656
2954,212.0,3.0,1.0,1.0,1.0,1.0,1.0,1.0,1.0,1.0,1.0,1.0,36.8065,10.188232,797.1698113207547,37.75,0.0,285532.6189391474,285532.6189391474,277143.4970760234
2717,139.0,4.0,1.0,1.0,1.0,1.0,1.0,1.0,1.0,1.0,1.0,1.0,36.8065,10.1815,2575.539568345324,34.75,0.0,285532.6189391474,285532.6189391474,293441.4203821656
405,81.0,3.0,1.0,1.0,1.0,1.0,1.0,1.0,1.0,1.0,1.0,1.0,36.7562063,10.2474532,3148.1481481481483,27.0,0.0,285532.6189391474,285532.6189391474,218196.17024373435
757,63.0,3.0,1.0,1.0,1.0,1.0,1.0,1.0,1.0,1.0,1.0,1.0,35.8245,10.6346,2619.0476190476193,21.0,0.0,285532.6189391474,285532.6189391474,281505.570214618
2583,107.0,4.0,2.0,1.0,1.0,1.0,1.0,1.0,1.0,1.0,1.0,1.0,36.8065,10.1815,2537.88748564868,37.75,0.0,285532.6189391474,285532.6189391474,293441.4203821656
97,105.0,2.0,1.0,1.0,1.0,1.0,1.0,1.0,1.0,1.0,1.0,1.0,36.4512897,10.7355915,1523.8095238095239,52.5,0.0,285532.6189391474,285532.6189391474,300305.12820512813
1333,80.0,3.0,3.0,1.0,1.0,1.0,1.0,1.0,1.0,1.0,1.0,1.0,36.753,10.228,1750.0,26.666666666666668,0.0,285532.6189391474,285532.6189391474,218196.17024373435
3278,125.0,3.0,1.0,1.0,1.0,1.0,1.0,1.0,1.0,1.0,1.0,1.0,36.8065,10.1815,3200.0,41.666666666666664,0.0,285532.6189391474,285532.6189391474,293441.4203821656
3927,108.0,3.0,4.0,1.0,1.0,1.0,1.0,1.0,1.0,1.0,1.0,1.0,36.8065,10.1815,3518.5185185185187,36.0,4.0,285532.6189391474,285532.6189391474,293441.4203821656
2603,85.0,2.0,2.0,1.0,1.0,1.0,1.0,1.0,1.0,1.0,1.0,1.0,36.8065,10.1815,2588.235294117647,42.5,0.0,285532.6189391474,285532.6189391474,293441.4203821656
2062,155.0,3.0,0.0,1.0,1.0,1.0,1.0,1.0,1.0,1.0,1.0,1.0,36.8587,10.2516,2548.3870967741937,51.666666666666664,0.0,285532.6189391474,285532.6189391474,293441.4203821656
2816,110.0,4.0,1.0,1.0,1.0,1.0,1.0,1.0,1.0,1.0,1.0,1.0,37.2744,9.8739,3000.0,27.5,0.0,285532.6189391474,285532.6189391474,243467.8477263652
148,140.0,4.0,3.0,1.0,1.0,1.0,1.0,1.0,1.0,1.0,1.0,1.0,36.4512897,10.7355915,4500.0,35.0,3.0,285532.6189391474,285532.6189391474,300305.12820512813
28,140.0,2.0,1.0,1.0,1.0,1.0,1.0,1.0,1.0,1.0,1.0,1.0,36.8065,10.188232,1285.7142857142858,70.0,0.0,285532.6189391474,285532.6189391474,277143.4970760234
3712,100.0,3.0,1.0,1.0,1.0,1.0,1.0,1.0,1.0,1.0,1.0,1.0,35.7643,10.8113,3200.0,37.75,0.0,285532.6189391474,285532.6189391474,309845.8833033952
2606,107.0,4.0,1.0,1.0,1.0,1.0,1.0,1.0,1.0,1.0,1.0,1.0,36.8065,10.188232,2537.88748564868,37.75,0.0,285532.6189391474,285532.6189391474,277143.4970760234
692,155.0,5.0,1.0,1.0,1.0,1.0,1.0,1.0,1.0,1.0,1.0,1.0,36.8170699,10.1784812,1645.1612903225807,31.0,0.0,285532.6189391474,285532.6189391474,293441.4203821656
1387,102.0,1.0,0.0,1.0,1.0,1.0,1.0,1.0,1.0,1.0,1.0,1.0,36.8811985,10.211819,4068.627450980392,102.0,0.0,285532.6189391474,285532.6189391474,320375.0034842321
1849,81.0,4.0,1.0,1.0,1.0,1.0,1.0,1.0,1.0,1.0,1.0,1.0,36.70510174113616,10.204321653212231,3271.604938271605,20.25,0.0,285532.6189391474,285532.6189391474,293441.4203821656
3390,107.0,3.0,1.0,1.0,1.0,1.0,1.0,1.0,1.0,1.0,1.0,1.0,36.8065,10.1815,2537.88748564868,37.75,0.0,285532.6189391474,285532.6189391474,293441.4203821656
1601,170.0,5.0,1.0,1.0,1.0,1.0,1.0,1.0,1.0,1.0,1.0,1.0,35.8245,10.6346,1588.235294117647,34.0,0.0,285532.6189391474,285532.6189391474,281505.570214618
701,71.0,3.0,1.0,1.0,1.0,1.0,1.0,1.0,1.0,1.0,1.0,1.0,35.8749788,10.5935183,2253.521126760563,23.666666666666668,0.0,285532.6189391474,285532.6189391474,281505.570214618
1712,170.0,3.0,1.0,1.0,1.0,1.0,1.0,1.0,1.0,1.0,1.0,1.0,36.4012665,10.5572827,2911.764705882353,56.666666666666664,0.0,285532.6189391474,285532.6189391474,300305.12820512813
454,100.0,3.0,1.0,1.0,1.0,1.0,1.0,1.0,1.0,1.0,1.0,1.0,36.8443809,10.1819354,2600.0,33.333333333333336,0.0,285532.6189391474,285532.6189391474,293441.4203821656
2044,168.0,3.0,3.0,1.0,1.0,1.0,1.0,1.0,1.0,1.0,1.0,1.0,36.8548,10.2565,1845.2380952380952,56.0,0.0,285532.6189391474,285532.6189391474,293441.4203821656
2794,106.0,3.0,1.0,1.0,1.0,1.0,1.0,1.0,1.0,1.0,1.0,1.0,36.8065,10.1815,2358.490566037736,35.333333333333336,0.0,285532.6189391474,285532.6189391474,293441.4203821656
2325,110.0,4.0,1.0,1.0,1.0,1.0,1.0,1.0,1.0,1.0,1.0,1.0,36.4382476,10.5632044,2727.2727272727275,27.5,0.0,285532.6189391474,285532.6189391474,293441.4203821656
609,110.0,1.0,1.0,1.0,1.0,1.0,1.0,1.0,1.0,1.0,1.0,1.0,35.8245,10.6346,2181.818181818182,110.0,0.0,285532.6189391474,285532.6189391474,281505.570214618
167,133.0,3.0,0.0,1.0,1.0,1.0,1.0,1.0,1.0,1.0,1.0,1.0,36.8065,10.188232,1353.3834586466166,44.333333333333336,0.0,285532.6189391474,285532.6189391474,277143.4970760234
730,140.0,4.0,1.0,1.0,1.0,1.0,1.0,1.0,1.0,1.0,1.0,1.0,36.8599292,10.1531585,3000.0,35.0,0.0,285532.6189391474,285532.6189391474,320375.0034842321
2901,90.0,3.0,1.0,1.0,1.0,1.0,1.0,1.0,1.0,1.0,1.0,1.0,36.8065,10.188232,2388.8888888888887,30.0,0.0,285532.6189391474,285532.6189391474,277143.4970760234
3787,107.0,3.0,1.0,1.0,1.0,1.0,1.0,1.0,1.0,1.0,1.0,1.0,36.8065,10.188232,2537.88748564868,37.75,0.0,285532.6189391474,285532.6189391474,277143.4970760234
2629,107.0,1.0,1.0,1.0,1.0,1.0,1.0,1.0,1.0,1.0,1.0,1.0,36.8065,10.188232,2537.88748564868,37.75,0.0,285532.6189391474,285532.6189391474,277143.4970760234
1624,140.0,4.0,1.0,1.0,1.0,1.0,1.0,1.0,1.0,1.0,1.0,1.0,36.719825,10.2192362,1928.5714285714287,35.0,0.0,285532.6189391474,285532.6189391474,218196.17024373435
587,200.0,3.0,1.0,1.0,1.0,1.0,1.0,1.0,1.0,1.0,1.0,1.0,36.4561,10.7376,485.0,66.66666666666667,0.0,285532.6189391474,285532.6189391474,300305.12820512813
1402,80.0,4.0,1.0,1.0,1.0,1.0,1.0,1.0,1.0,1.0,1.0,1.0,36.7516855,10.2245072,2125.0,20.0,0.0,285532.6189391474,285532.6189391474,218196.17024373435
1704,75.0,1.0,1.0,1.0,1.0,1.0,1.0,1.0,1.0,1.0,1.0,1.0,36.81039,10.1713323,2933.3333333333335,75.0,0.0,285532.6189391474,285532.6189391474,293441.4203821656
2957,130.0,3.0,1.0,1.0,1.0,1.0,1.0,1.0,1.0,1.0,1.0,1.0,36.8065,10.1815,2769.230769230769,37.75,0.0,285532.6189391474,285532.6189391474,293441.4203821656
3244,160.0,3.0,2.0,1.0,1.0,1.0,1.0,1.0,1.0,1.0,1.0,1.0,36.8065,10.1815,2187.5,37.75,0.0,285532.6189391474,285532.6189391474,293441.4203821656
1380,110.0,2.0,0.0,1.0,1.0,1.0,1.0,1.0,1.0,1.0,1.0,1.0,36.4012665,10.5572827,2363.6363636363635,55.0,0.0,285532.6189391474,285532.6189391474,300305.12820512813
2093,85.0,3.0,1.0,1.0,1.0,1.0,1.0,1.0,1.0,1.0,1.0,1.0,35.505101741137246,11.07552284096624,1788.235294117647,28.333333333333332,0.0,285532.6189391474,285532.6189391474,276683.9253054531
2179,115.0,3.0,3.0,1.0,1.0,1.0,1.0,1.0,1.0,1.0,1.0,1.0,35.8731,10.6039,4475.660869565218,38.333333333333336,3.0,285532.6189391474,285532.6189391474,281505.570214618
2904,107.0,3.0,1.0,1.0,1.0,1.0,1.0,1.0,1.0,1.0,1.0,1.0,36.8065,10.1815,2537.88748564868,37.75,0.0,285532.6189391474,285532.6189391474,293441.4203821656
2529,107.0,2.0,1.0,1.0,1.0,1.0,1.0,1.0,1.0,1.0,1.0,1.0,36.8514184,10.3088863,2537.88748564868,37.75,0.0,285532.6189391474,285532.6189391474,293441.4203821656
3354,72.0,2.0,1.0,1.0,1.0,1.0,1.0,1.0,1.0,1.0,1.0,1.0,36.8065,10.1815,4138.888888888889,36.0,0.0,285532.6189391474,285532.6189391474,293441.4203821656
441,101.0,3.0,1.0,1.0,1.0,1.0,1.0,1.0,1.0,1.0,1.0,1.0,36.8479251,10.2611996,3475.2475247524753,33.666666666666664,0.0,285532.6189391474,285532.6189391474,293441.4203821656
2055,80.0,3.0,3.0,1.0,1.0,1.0,1.0,1.0,1.0,1.0,1.0,1.0,36.82120174113604,10.18332153451668,5312.5,26.666666666666668,3.0,285532.6189391474,285532.6189391474,293441.4203821656
1301,80.0,3.0,1.0,1.0,1.0,1.0,1.0,1.0,1.0,1.0,1.0,1.0,37.1076327,9.858566,1187.5,26.666666666666668,0.0,285532.6189391474,285532.6189391474,243467.8477263652
4076,110.0,3.0,1.0,1.0,1.0,1.0,1.0,1.0,1.0,1.0,1.0,1.0,36.8065,10.1815,5772.727272727273,37.75,0.0,285532.6189391474,285532.6189391474,293441.4203821656
1304,120.0,2.0,0.0,1.0,1.0,1.0,1.0,1.0,1.0,1.0,1.0,1.0,36.8456561,11.0935701,3000.0,60.0,0.0,285532.6189391474,285532.6189391474,300305.12820512813
236,85.0,2.0,1.0,1.0,1.0,1.0,1.0,1.0,1.0,1.0,1.0,1.0,36.4512897,10.7355915,2941.176470588235,42.5,0.0,285532.6189391474,285532.6189391474,300305.12820512813
520,132.0,3.0,1.0,1.0,1.0,1.0,1.0,1.0,1.0,1.0,1.0,1.0,36.8507178,10.2829345,3583.3333333333335,44.0,0.0,285532.6189391474,285532.6189391474,293441.4203821656
735,83.0,4.0,0.0,1.0,1.0,1.0,1.0,1.0,1.0,1.0,1.0,1.0,36.8625,10.1956,2048.1927710843374,20.75,0.0,285532.6189391474,285532.6189391474,320375.0034842321
3716,107.0,3.0,1.0,1.0,1.0,1.0,1.0,1.0,1.0,1.0,1.0,1.0,36.8065,10.1815,3551.4018691588785,37.75,0.0,285532.6189391474,285532.6189391474,293441.4203821656
2110,112.0,3.0,1.0,1.0,1.0,1.0,1.0,1.0,1.0,1.0,1.0,1.0,35.23540174113749,11.146123098365315,2589.285714285714,37.333333333333336,0.0,285532.6189391474,285532.6189391474,276683.9253054531
592,65.0,1.0,1.0,1.0,1.0,1.0,1.0,1.0,1.0,1.0,1.0,1.0,36.7575659,10.244981,2076.923076923077,65.0,0.0,285532.6189391474,285532.6189391474,218196.17024373435
1303,130.0,3.0,3.0,1.0,1.0,1.0,1.0,1.0,1.0,1.0,1.0,1.0,34.7335472,10.7531879,1307.6923076923076,43.333333333333336,0.0,285532.6189391474,285532.6189391474,245349.25277465454
1388,100.0,3.0,3.0,1.0,1.0,1.0,1.0,1.0,1.0,1.0,1.0,1.0,36.8456561,11.0935701,1600.0,33.333333333333336,0.0,285532.6189391474,285532.6189391474,300305.12820512813
2563,100.0,3.0,1.0,1.0,1.0,1.0,1.0,1.0,1.0,1.0,1.0,1.0,36.8065,10.1815,3300.0,33.333333333333336,0.0,285532.6189391474,285532.6189391474,293441.4203821656
3029,107.0,2.0,1.0,1.0,1.0,1.0,1.0,1.0,1.0,1.0,1.0,1.0,36.8065,10.188232,2537.88748564868,37.75,0.0,285532.6189391474,285532.6189391474,277143.4970760234
3959,75.0,1.0,1.0,1.0,1.0,1.0,1.0,1.0,1.0,1.0,1.0,1.0,35.8245,10.6346,3986.6666666666665,75.0,1.0,285532.6189391474,285532.6189391474,281505.570214618
904,149.0,3.0,1.0,1.0,1.0,1.0,1.0,1.0,1.0,1.0,1.0,1.0,36.7575659,10.244981,2402.6845637583892,49.666666666666664,0.0,285532.6189391474,285532.6189391474,218196.17024373435
3692,118.0,3.0,1.0,1.0,1.0,1.0,1.0,1.0,1.0,1.0,1.0,1.0,36.8065,10.1815,2881.35593220339,37.75,0.0,285532.6189391474,285532.6189391474,293441.4203821656
1279,120.0,4.0,1.0,1.0,1.0,1.0,1.0,1.0,1.0,1.0,1.0,1.0,36.8065,10.1815,1333.3333333333333,30.0,0.0,285532.6189391474,285532.6189391474,293441.4203821656
3297,107.0,2.0,1.0,1.0,1.0,1.0,1.0,1.0,1.0,1.0,1.0,1.0,36.4561,10.7376,2537.88748564868,37.75,0.0,285532.6189391474,285532.6189391474,300305.12820512813
4108,107.0,3.0,1.0,1.0,1.0,1.0,1.0,1.0,1.0,1.0,1.0,1.0,36.8065,10.1815,2537.88748564868,37.75,0.0,285532.6189391474,285532.6189391474,293441.4203821656
2313,50.0,3.0,1.0,1.0,1.0,1.0,1.0,1.0,1.0,1.0,1.0,1.0,36.8573922,10.2623664,4400.0,16.666666666666668,0.0,285532.6189391474,285532.6189391474,293441.4203821656
3276,168.0,4.0,5.0,1.0,1.0,1.0,1.0,1.0,1.0,1.0,1.0,1.0,36.8065,10.1815,2261.904761904762,42.0,5.0,285532.6189391474,285532.6189391474,293441.4203821656
3397,190.0,3.0,0.0,1.0,1.0,1.0,1.0,1.0,1.0,1.0,1.0,1.0,36.8065,10.1815,1052.6315789473683,37.75,0.0,285532.6189391474,285532.6189391474,293441.4203821656
3269,109.0,2.0,1.0,1.0,1.0,1.0,1.0,1.0,1.0,1.0,1.0,1.0,36.8065,10.1815,5504.587155963302,54.5,0.0,285532.6189391474,285532.6189391474,293441.4203821656
706,104.0,3.0,2.0,1.0,1.0,1.0,1.0,1.0,1.0,1.0,1.0,1.0,36.8457382,10.1317222,3076.923076923077,34.666666666666664,0.0,285532.6189391474,285532.6189391474,320375.0034842321
3696,136.0,3.0,1.0,1.0,1.0,1.0,1.0,1.0,1.0,1.0,1.0,1.0,36.8065,10.1815,2794.1176470588234,37.75,0.0,285532.6189391474,285532.6189391474,293441.4203821656
745,150.0,4.0,1.0,1.0,1.0,1.0,1.0,1.0,1.0,1.0,1.0,1.0,36.8625,10.1956,2333.3333333333335,37.5,0.0,285532.6189391474,285532.6189391474,320375.0034842321
1943,130.0,3.0,4.0,1.0,1.0,1.0,1.0,1.0,1.0,1.0,1.0,1.0,36.853801741136,10.130821501065164,2576.923076923077,43.333333333333336,4.0,285532.6189391474,285532.6189391474,293441.4203821656
3235,107.0,3.0,1.0,1.0,1.0,1.0,1.0,1.0,1.0,1.0,1.0,1.0,36.8625,10.1956,2537.88748564868,37.75,0.0,285532.6189391474,285532.6189391474,320375.0034842321
513,175.0,2.0,0.0,1.0,1.0,1.0,1.0,1.0,1.0,1.0,1.0,1.0,36.8865322,10.3011415,2057.1428571428573,87.5,0.0,285532.6189391474,285532.6189391474,293441.4203821656
81,105.0,2.0,0.0,1.0,1.0,1.0,1.0,1.0,1.0,1.0,1.0,1.0,36.4512897,10.7355915,1142.857142857143,52.5,0.0,285532.6189391474,285532.6189391474,300305.12820512813
1308,107.0,2.0,3.0,1.0,1.0,1.0,1.0,1.0,1.0,1.0,1.0,1.0,36.811565,10.1769871,2537.88748564868,37.75,0.0,285532.6189391474,285532.6189391474,293441.4203821656
3452,220.0,6.0,1.0,1.0,1.0,1.0,1.0,1.0,1.0,1.0,1.0,1.0,36.8065,10.1815,1500.0,36.666666666666664,0.0,285532.6189391474,285532.6189391474,293441.4203821656
914,180.0,4.0,1.0,1.0,1.0,1.0,1.0,1.0,1.0,1.0,1.0,1.0,36.8443809,10.1819354,3444.4444444444443,45.0,0.0,285532.6189391474,285532.6189391474,293441.4203821656
3913,175.0,3.0,1.0,1.0,1.0,1.0,1.0,1.0,1.0,1.0,1.0,1.0,36.8065,10.1815,2285.714285714286,37.75,0.0,285532.6189391474,285532.6189391474,293441.4203821656
3893,60.0,1.0,1.0,1.0,1.0,1.0,1.0,1.0,1.0,1.0,1.0,1.0,36.8065,10.1815,1333.3333333333333,60.0,0.0,285532.6189391474,285532.6189391474,293441.4203821656
774,112.0,3.0,1.0,1.0,1.0,1.0,1.0,1.0,1.0,1.0,1.0,1.0,36.7575659,10.244981,2142.8571428571427,37.333333333333336,0.0,285532.6189391474,285532.6189391474,218196.17024373435
329,124.0,2.0,1.0,1.0,1.0,1.0,1.0,1.0,1.0,1.0,1.0,1.0,36.8002068,10.1857757,2379.032258064516,62.0,0.0,285532.6189391474,285532.6189391474,293441.4203821656
2058,133.0,4.0,6.0,1.0,1.0,1.0,1.0,1.0,1.0,1.0,1.0,1.0,36.860101741136,10.128121494594383,2781.9548872180453,33.25,0.0,285532.6189391474,285532.6189391474,293441.4203821656
2005,175.0,4.0,1.0,1.0,1.0,1.0,1.0,1.0,1.0,1.0,1.0,1.0,36.84160174113601,10.170621513590142,2171.4285714285716,43.75,0.0,285532.6189391474,285532.6189391474,293441.4203821656
943,41.0,1.0,1.0,1.0,1.0,1.0,1.0,1.0,1.0,1.0,1.0,1.0,36.4561,10.7376,5609.756097560976,41.0,0.0,285532.6189391474,285532.6189391474,300305.12820512813
822,170.0,1.0,1.0,1.0,1.0,1.0,1.0,1.0,1.0,1.0,1.0,1.0,36.7404497,10.3029461,2176.470588235294,170.0,0.0,285532.6189391474,285532.6189391474,218196.17024373435
909,100.0,4.0,1.0,1.0,1.0,1.0,1.0,1.0,1.0,1.0,1.0,1.0,36.80335,10.2003509,2000.0,25.0,1.0,285532.6189391474,285532.6189391474,293441.4203821656
181,110.0,2.0,1.0,1.0,1.0,1.0,1.0,1.0,1.0,1.0,1.0,1.0,36.7516855,10.2245072,2272.7272727272725,55.0,0.0,285532.6189391474,285532.6189391474,218196.17024373435
164,117.0,2.0,1.0,1.0,1.0,1.0,1.0,1.0,1.0,1.0,1.0,1.0,36.8587351,10.188232,3504.2735042735044,58.5,0.0,285532.6189391474,285532.6189391474,320375.0034842321
1525,80.0,3.0,1.0,1.0,1.0,1.0,1.0,1.0,1.0,1.0,1.0,1.0,36.81232,10.1263143,1125.0,26.666666666666668,0.0,285532.6189391474,285532.6189391474,293441.4203821656
451,122.0,3.0,4.0,1.0,1.0,1.0,1.0,1.0,1.0,1.0,1.0,1.0,36.7404497,10.3029461,2704.9180327868853,40.666666666666664,4.0,285532.6189391474,285532.6189391474,218196.17024373435
1311,90.0,3.0,4.0,1.0,1.0,1.0,1.0,1.0,1.0,1.0,1.0,1.0,36.8587351,10.188232,2000.0,30.0,0.0,285532.6189391474,285532.6189391474,320375.0034842321
1111,82.0,3.0,1.0,1.0,1.0,1.0,1.0,1.0,1.0,1.0,1.0,1.0,36.7136861,10.3691813,2195.121951219512,27.333333333333332,0.0,285532.6189391474,285532.6189391474,218196.17024373435
3694,64.0,3.0,1.0,1.0,1.0,1.0,1.0,1.0,1.0,1.0,1.0,1.0,36.8065,10.188232,4140.625,37.75,0.0,285532.6189391474,285532.6189391474,277143.4970760234
1287,132.0,4.0,1.0,1.0,1.0,1.0,1.0,1.0,1.0,1.0,1.0,1.0,36.8479251,10.2611996,2424.242424242424,33.0,0.0,285532.6189391474,285532.6189391474,293441.4203821656
327,145.0,2.0,1.0,1.0,1.0,1.0,1.0,1.0,1.0,1.0,1.0,1.0,36.8002068,10.1857757,4275.862068965517,72.5,0.0,285532.6189391474,285532.6189391474,293441.4203821656
1794,220.0,3.0,0.0,1.0,1.0,1.0,1.0,1.0,1.0,1.0,1.0,1.0,36.9054,11.0991,2250.0,37.75,0.0,285532.6189391474,285532.6189391474,300305.12820512813
2570,120.0,4.0,1.0,1.0,1.0,1.0,1.0,1.0,1.0,1.0,1.0,1.0,36.8065,10.1815,1250.0,30.0,0.0,285532.6189391474,285532.6189391474,293441.4203821656
3719,80.0,3.0,1.0,1.0,1.0,1.0,1.0,1.0,1.0,1.0,1.0,1.0,36.8065,10.1815,2375.0,26.666666666666668,1.0,285532.6189391474,285532.6189391474,293441.4203821656
2011,66.0,3.0,4.0,1.0,1.0,1.0,1.0,1.0,1.0,1.0,1.0,1.0,36.70750174113614,10.20662165076547,2121.212121212121,22.0,0.0,285532.6189391474,285532.6189391474,293441.4203821656
1862,100.0,4.0,0.0,1.0,1.0,1.0,1.0,1.0,1.0,1.0,1.0,1.0,36.7541,10.273,2280.0,25.0,0.0,285532.6189391474,285532.6189391474,293441.4203821656
312,112.0,2.0,0.0,1.0,1.0,1.0,1.0,1.0,1.0,1.0,1.0,1.0,36.8002068,10.1857757,2232.1428571428573,56.0,0.0,285532.6189391474,285532.6189391474,293441.4203821656
832,80.0,3.0,1.0,1.0,1.0,1.0,1.0,1.0,1.0,1.0,1.0,1.0,36.8507178,10.2829345,3375.0,26.666666666666668,0.0,285532.6189391474,285532.6189391474,293441.4203821656
1201,137.0,4.0,5.0,1.0,1.0,1.0,1.0,1.0,1.0,1.0,1.0,1.0,36.8479251,10.2611996,2175.182481751825,34.25,0.0,285532.6189391474,285532.6189391474,293441.4203821656
3161,170.0,3.0,1.0,1.0,1.0,1.0,1.0,1.0,1.0,1.0,1.0,1.0,36.8065,10.1815,2794.1176470588234,37.75,0.0,285532.6189391474,285532.6189391474,293441.4203821656
2594,107.0,3.0,1.0,1.0,1.0,1.0,1.0,1.0,1.0,1.0,1.0,1.0,36.8065,10.1815,2537.88748564868,37.75,0.0,285532.6189391474,285532.6189391474,293441.4203821656
2138,112.0,4.0,0.0,1.0,1.0,1.0,1.0,1.0,1.0,1.0,1.0,1.0,35.754801741137015,10.827522599580222,2276.785714285714,28.0,0.0,285532.6189391474,285532.6189391474,309845.8833033952
2213,195.0,3.0,0.0,1.0,1.0,1.0,1.0,1.0,1.0,1.0,1.0,1.0,35.846001741136924,10.595722510672225,2128.2051282051284,65.0,0.0,285532.6189391474,285532.6189391474,281505.570214618
3171,202.0,2.0,0.0,1.0,1.0,1.0,1.0,1.0,1.0,1.0,1.0,1.0,36.8065,10.188232,866.3366336633663,101.0,0.0,285532.6189391474,285532.6189391474,277143.4970760234
1483,100.0,4.0,3.0,1.0,1.0,1.0,1.0,1.0,1.0,1.0,1.0,1.0,36.753,10.228,1350.0,25.0,0.0,285532.6189391474,285532.6189391474,218196.17024373435
777,149.0,3.0,1.0,1.0,1.0,1.0,1.0,1.0,1.0,1.0,1.0,1.0,36.8599292,10.1531585,2348.993288590604,49.666666666666664,0.0,285532.6189391474,285532.6189391474,320375.0034842321
799,135.0,4.0,1.0,1.0,1.0,1.0,1.0,1.0,1.0,1.0,1.0,1.0,36.84177,10.1301259,2185.185185185185,33.75,0.0,285532.6189391474,285532.6189391474,293441.4203821656
54,64.0,2.0,0.0,1.0,1.0,1.0,1.0,1.0,1.0,1.0,1.0,1.0,36.7516855,10.2245072,2265.625,32.0,0.0,285532.6189391474,285532.6189391474,218196.17024373435
1924,89.0,3.0,4.0,1.0,1.0,1.0,1.0,1.0,1.0,1.0,1.0,1.0,36.8671,10.1513,3651.6853932584268,29.666666666666668,4.0,285532.6189391474,285532.6189391474,293441.4203821656
3602,146.0,3.0,4.0,1.0,1.0,1.0,1.0,1.0,1.0,1.0,1.0,1.0,36.8065,10.1815,3082.1917808219177,37.75,4.0,285532.6189391474,285532.6189391474,293441.4203821656
3248,80.0,3.0,2.0,1.0,1.0,1.0,1.0,1.0,1.0,1.0,1.0,1.0,36.8065,10.1815,2250.0,37.75,0.0,285532.6189391474,285532.6189391474,293441.4203821656
1705,151.0,1.0,1.0,1.0,1.0,1.0,1.0,1.0,1.0,1.0,1.0,1.0,36.8625,10.1956,2516.5562913907283,151.0,0.0,285532.6189391474,285532.6189391474,320375.0034842321
2165,144.0,3.0,1.0,1.0,1.0,1.0,1.0,1.0,1.0,1.0,1.0,1.0,34.726101741137946,10.735923575188316,1888.888888888889,48.0,0.0,285532.6189391474,285532.6189391474,245349.25277465454
3994,146.0,3.0,2.0,1.0,1.0,1.0,1.0,1.0,1.0,1.0,1.0,1.0,36.8065,10.1815,2157.5342465753424,37.75,2.0,285532.6189391474,285532.6189391474,293441.4203821656
987,107.0,2.0,1.0,1.0,1.0,1.0,1.0,1.0,1.0,1.0,1.0,1.0,36.7420699,10.2407329,2093.457943925234,53.5,0.0,285532.6189391474,285532.6189391474,218196.17024373435
2891,130.0,3.0,1.0,1.0,1.0,1.0,1.0,1.0,1.0,1.0,1.0,1.0,36.8065,10.1815,2076.923076923077,43.333333333333336,0.0,285532.6189391474,285532.6189391474,293441.4203821656
1395,180.0,4.0,1.0,1.0,1.0,1.0,1.0,1.0,1.0,1.0,1.0,1.0,36.7992041,10.1756221,1444.4444444444443,45.0,0.0,285532.6189391474,285532.6189391474,293441.4203821656
768,100.0,3.0,1.0,1.0,1.0,1.0,1.0,1.0,1.0,1.0,1.0,1.0,35.8245,10.6346,2100.0,33.333333333333336,0.0,285532.6189391474,285532.6189391474,281505.570214618
3715,75.0,3.0,1.0,1.0,1.0,1.0,1.0,1.0,1.0,1.0,1.0,1.0,36.8065,10.188232,1466.6666666666667,37.75,0.0,285532.6189391474,285532.6189391474,277143.4970760234
285,73.0,2.0,3.0,1.0,1.0,1.0,1.0,1.0,1.0,1.0,1.0,1.0,36.8002068,10.1857757,1917.8082191780823,36.5,0.0,285532.6189391474,285532.6189391474,293441.4203821656
3891,110.0,3.0,1.0,1.0,1.0,1.0,1.0,1.0,1.0,1.0,1.0,1.0,36.8065,10.1815,1454.5454545454545,36.666666666666664,0.0,285532.6189391474,285532.6189391474,293441.4203821656
428,82.0,3.0,4.0,1.0,1.0,1.0,1.0,1.0,1.0,1.0,1.0,1.0,36.8065,10.1815,2256.0975609756097,27.333333333333332,4.0,285532.6189391474,285532.6189391474,293441.4203821656
2348,157.0,5.0,1.0,1.0,1.0,1.0,1.0,1.0,1.0,1.0,1.0,1.0,36.829187,10.146311,2229.2993630573246,31.4,0.0,285532.6189391474,285532.6189391474,293441.4203821656
2083,110.0,3.0,1.0,1.0,1.0,1.0,1.0,1.0,1.0,1.0,1.0,1.0,35.39650174113735,11.04362294502535,2200.0,36.666666666666664,0.0,285532.6189391474,285532.6189391474,276683.9253054531
722,173.0,1.0,1.0,1.0,1.0,1.0,1.0,1.0,1.0,1.0,1.0,1.0,36.8749751,10.2454267,2832.3699421965316,173.0,0.0,285532.6189391474,285532.6189391474,320375.0034842321
951,90.0,2.0,1.0,1.0,1.0,1.0,1.0,1.0,1.0,1.0,1.0,1.0,36.8512722,10.1852853,1866.6666666666667,45.0,0.0,285532.6189391474,285532.6189391474,320375.0034842321
3118,107.0,3.0,0.0,1.0,1.0,1.0,1.0,1.0,1.0,1.0,1.0,1.0,36.8065,10.1815,2537.88748564868,37.75,0.0,285532.6189391474,285532.6189391474,293441.4203821656
2266,167.0,2.0,4.0,1.0,1.0,1.0,1.0,1.0,1.0,1.0,1.0,1.0,35.83450174113695,10.59472252190528,2275.4491017964074,83.5,0.0,285532.6189391474,285532.6189391474,281505.570214618
989,127.0,3.0,1.0,1.0,1.0,1.0,1.0,1.0,1.0,1.0,1.0,1.0,36.7516855,10.2245072,1850.3937007874015,42.333333333333336,1.0,285532.6189391474,285532.6189391474,218196.17024373435
3966,89.0,2.0,1.0,1.0,1.0,1.0,1.0,1.0,1.0,1.0,1.0,1.0,36.8065,10.1815,3483.14606741573,44.5,0.0,285532.6189391474,285532.6189391474,293441.4203821656
2689,107.0,2.0,1.0,1.0,1.0,1.0,1.0,1.0,1.0,1.0,1.0,1.0,36.8065,10.1815,2537.88748564868,37.75,0.0,285532.6189391474,285532.6189391474,293441.4203821656
326,100.0,2.0,0.0,1.0,1.0,1.0,1.0,1.0,1.0,1.0,1.0,1.0,36.8002068,10.1857757,1800.0,50.0,0.0,285532.6189391474,285532.6189391474,293441.4203821656
1384,65.0,1.0,1.0,1.0,1.0,1.0,1.0,1.0,1.0,1.0,1.0,1.0,36.8587351,10.188232,2615.3846153846152,65.0,0.0,285532.6189391474,285532.6189391474,320375.0034842321
1728,110.0,3.0,1.0,1.0,1.0,1.0,1.0,1.0,1.0,1.0,1.0,1.0,36.8083788,10.3088217,2818.181818181818,36.666666666666664,0.0,285532.6189391474,285532.6189391474,293441.4203821656
1086,80.0,2.0,1.0,1.0,1.0,1.0,1.0,1.0,1.0,1.0,1.0,1.0,36.8170699,10.1784812,1000.0,40.0,0.0,285532.6189391474,285532.6189391474,293441.4203821656
3314,124.0,2.0,1.0,1.0,1.0,1.0,1.0,1.0,1.0,1.0,1.0,1.0,36.8065,10.1815,2822.5806451612902,62.0,0.0,285532.6189391474,285532.6189391474,293441.4203821656
341,115.0,3.0,3.0,1.0,1.0,1.0,1.0,1.0,1.0,1.0,1.0,1.0,36.4512897,10.7355915,3300.0,38.333333333333336,3.0,285532.6189391474,285532.6189391474,300305.12820512813
147,111.0,2.0,1.0,1.0,1.0,1.0,1.0,1.0,1.0,1.0,1.0,1.0,36.8002068,10.1857757,3108.108108108108,55.5,0.0,285532.6189391474,285532.6189391474,293441.4203821656
3904,105.0,3.0,1.0,1.0,1.0,1.0,1.0,1.0,1.0,1.0,1.0,1.0,36.8065,10.188232,2476.190476190476,35.0,0.0,285532.6189391474,285532.6189391474,277143.4970760234
1107,90.0,2.0,1.0,1.0,1.0,1.0,1.0,1.0,1.0,1.0,1.0,1.0,36.4561,10.7376,1888.888888888889,45.0,0.0,285532.6189391474,285532.6189391474,300305.12820512813
848,125.0,2.0,1.0,1.0,1.0,1.0,1.0,1.0,1.0,1.0,1.0,1.0,36.7571648,10.014927,1040.0,62.5,0.0,285532.6189391474,285532.6189391474,240180.81353797184
966,110.0,3.0,2.0,1.0,1.0,1.0,1.0,1.0,1.0,1.0,1.0,1.0,36.4012665,10.5572827,3181.818181818182,36.666666666666664,2.0,285532.6189391474,285532.6189391474,300305.12820512813
3392,68.0,3.0,1.0,1.0,1.0,1.0,1.0,1.0,1.0,1.0,1.0,1.0,36.8065,10.1815,4117.64705882353,37.75,0.0,285532.6189391474,285532.6189391474,293441.4203821656
2207,110.0,2.0,4.0,1.0,1.0,1.0,1.0,1.0,1.0,1.0,1.0,1.0,35.83030174113695,10.5993225260062,2409.090909090909,55.0,0.0,285532.6189391474,285532.6189391474,281505.570214618
661,85.0,2.0,1.0,1.0,1.0,1.0,1.0,1.0,1.0,1.0,1.0,1.0,35.8512042,10.6062129,2094.1176470588234,42.5,0.0,285532.6189391474,285532.6189391474,281505.570214618
1002,132.0,3.0,1.0,1.0,1.0,1.0,1.0,1.0,1.0,1.0,1.0,1.0,36.7516855,10.2245072,1666.6666666666667,44.0,0.0,285532.6189391474,285532.6189391474,218196.17024373435
3202,130.0,3.0,1.0,1.0,1.0,1.0,1.0,1.0,1.0,1.0,1.0,1.0,36.8065,10.1815,2076.923076923077,43.333333333333336,0.0,285532.6189391474,285532.6189391474,293441.4203821656
3487,135.0,3.0,1.0,1.0,1.0,1.0,1.0,1.0,1.0,1.0,1.0,1.0,36.8065,10.1815,3274.074074074074,45.0,0.0,285532.6189391474,285532.6189391474,293441.4203821656
3613,150.0,4.0,1.0,1.0,1.0,1.0,1.0,1.0,1.0,1.0,1.0,1.0,36.8065,10.1815,2333.3333333333335,37.5,0.0,285532.6189391474,285532.6189391474,293441.4203821656
3718,107.0,3.0,1.0,1.0,1.0,1.0,1.0,1.0,1.0,1.0,1.0,1.0,36.8065,10.1815,2537.88748564868,37.75,0.0,285532.6189391474,285532.6189391474,293441.4203821656
1883,80.0,3.0,0.0,1.0,1.0,1.0,1.0,1.0,1.0,1.0,1.0,1.0,36.7366,10.2479,2500.0,26.666666666666668,0.0,285532.6189391474,285532.6189391474,293441.4203821656
4010,107.0,3.0,1.0,1.0,1.0,1.0,1.0,1.0,1.0,1.0,1.0,1.0,35.8245,10.6346,2537.88748564868,37.75,1.0,285532.6189391474,285532.6189391474,281505.570214618
1203,147.0,1.0,1.0,1.0,1.0,1.0,1.0,1.0,1.0,1.0,1.0,1.0,36.8625,10.1956,2517.0068027210887,147.0,0.0,285532.6189391474,285532.6189391474,320375.0034842321
1994,150.0,2.0,1.0,1.0,1.0,1.0,1.0,1.0,1.0,1.0,1.0,1.0,36.90400174113596,10.305621449448362,3000.0,75.0,0.0,285532.6189391474,285532.6189391474,293441.4203821656
24,110.0,2.0,1.0,1.0,1.0,1.0,1.0,1.0,1.0,1.0,1.0,1.0,36.7516855,10.2245072,2272.7272727272725,55.0,0.0,285532.6189391474,285532.6189391474,218196.17024373435
4002,107.0,3.0,1.0,1.0,1.0,1.0,1.0,1.0,1.0,1.0,1.0,1.0,36.8065,10.1815,2537.88748564868,37.75,0.0,285532.6189391474,285532.6189391474,293441.4203821656
3065,107.0,3.0,1.0,1.0,1.0,1.0,1.0,1.0,1.0,1.0,1.0,1.0,36.8065,10.1815,2537.88748564868,37.75,1.0,285532.6189391474,285532.6189391474,293441.4203821656
2764,120.0,2.0,0.0,1.0,1.0,1.0,1.0,1.0,1.0,1.0,1.0,1.0,36.8065,10.1815,3333.3333333333335,60.0,0.0,285532.6189391474,285532.6189391474,293441.4203821656
4053,139.0,4.0,9.0,1.0,1.0,1.0,1.0,1.0,1.0,1.0,1.0,1.0,36.8065,10.1815,2043.1654676258993,34.75,0.0,285532.6189391474,285532.6189391474,293441.4203821656
875,160.0,1.0,1.0,1.0,1.0,1.0,1.0,1.0,1.0,1.0,1.0,1.0,36.8599292,10.1531585,2375.0,160.0,0.0,285532.6189391474,285532.6189391474,320375.0034842321
4279,107.0,4.0,1.0,1.0,1.0,1.0,1.0,1.0,1.0,1.0,1.0,1.0,36.8065,10.1815,2537.88748564868,37.75,0.0,285532.6189391474,285532.6189391474,293441.4203821656
938,130.0,3.0,4.0,1.0,1.0,1.0,1.0,1.0,1.0,1.0,1.0,1.0,36.7516855,10.2245072,3384.6153846153848,43.333333333333336,0.0,285532.6189391474,285532.6189391474,218196.17024373435
2440,67.0,2.0,1.0,1.0,1.0,1.0,1.0,1.0,1.0,1.0,1.0,1.0,36.8421942,10.1131594,4044.776119402985,33.5,0.0,285532.6189391474,285532.6189391474,320375.0034842321
3471,100.0,3.0,1.0,1.0,1.0,1.0,1.0,1.0,1.0,1.0,1.0,1.0,36.8065,10.188232,2900.0,33.333333333333336,0.0,285532.6189391474,285532.6189391474,277143.4970760234
4251,130.0,4.0,2.0,1.0,1.0,1.0,1.0,1.0,1.0,1.0,1.0,1.0,36.8065,10.1815,2615.3846153846152,32.5,0.0,285532.6189391474,285532.6189391474,293441.4203821656
385,148.0,4.0,0.0,1.0,1.0,1.0,1.0,1.0,1.0,1.0,1.0,1.0,36.8625,10.1956,2398.6486486486488,37.0,0.0,285532.6189391474,285532.6189391474,320375.0034842321
3332,150.0,4.0,1.0,1.0,1.0,1.0,1.0,1.0,1.0,1.0,1.0,1.0,36.8065,10.188232,3666.6666666666665,37.5,0.0,285532.6189391474,285532.6189391474,277143.4970760234
3473,90.0,3.0,1.0,1.0,1.0,1.0,1.0,1.0,1.0,1.0,1.0,1.0,36.8065,10.1815,3555.5555555555557,30.0,0.0,285532.6189391474,285532.6189391474,293441.4203821656
2974,76.0,3.0,1.0,1.0,1.0,1.0,1.0,1.0,1.0,1.0,1.0,1.0,36.8065,10.188232,2697.3684210526317,37.75,0.0,285532.6189391474,285532.6189391474,277143.4970760234
2295,190.0,4.0,0.0,1.0,1.0,1.0,1.0,1.0,1.0,1.0,1.0,1.0,35.86610174113692,10.595922491023472,1526.3157894736842,47.5,0.0,285532.6189391474,285532.6189391474,281505.570214618
2783,87.0,3.0,1.0,1.0,1.0,1.0,1.0,1.0,1.0,1.0,1.0,1.0,35.7643,10.8113,2206.896551724138,29.0,0.0,285532.6189391474,285532.6189391474,309845.8833033952
936,116.0,3.0,1.0,1.0,1.0,1.0,1.0,1.0,1.0,1.0,1.0,1.0,35.8749788,10.5935183,2155.1724137931033,38.666666666666664,0.0,285532.6189391474,285532.6189391474,281505.570214618
3593,126.0,3.0,1.0,1.0,1.0,1.0,1.0,1.0,1.0,1.0,1.0,1.0,36.8065,10.1815,2222.222222222222,42.0,0.0,285532.6189391474,285532.6189391474,293441.4203821656
2389,108.0,3.0,1.0,1.0,1.0,1.0,1.0,1.0,1.0,1.0,1.0,1.0,35.8473584,10.5796445,3200.0,37.75,0.0,285532.6189391474,285532.6189391474,277143.4970760234
4178,112.0,3.0,1.0,1.0,1.0,1.0,1.0,1.0,1.0,1.0,1.0,1.0,36.8095,10.098,2500.0,37.75,0.0,285532.6189391474,285532.6189391474,240180.81353797184
1332,107.0,2.0,2.0,1.0,1.0,1.0,1.0,1.0,1.0,1.0,1.0,1.0,36.719825,10.2192362,2537.88748564868,37.75,2.0,285532.6189391474,285532.6189391474,218196.17024373435
1938,92.0,4.0,1.0,1.0,1.0,1.0,1.0,1.0,1.0,1.0,1.0,1.0,36.79370174113605,10.089321562693083,1978.2608695652175,23.0,0.0,285532.6189391474,285532.6189391474,293441.4203821656
935,70.0,1.0,1.0,1.0,1.0,1.0,1.0,1.0,1.0,1.0,1.0,1.0,36.8601075,10.2898885,4142.857142857143,70.0,0.0,285532.6189391474,285532.6189391474,293441.4203821656
2481,107.0,2.0,1.0,1.0,1.0,1.0,1.0,1.0,1.0,1.0,1.0,1.0,36.8065,10.1815,2537.88748564868,37.75,0.0,285532.6189391474,285532.6189391474,293441.4203821656
566,98.0,3.0,1.0,1.0,1.0,1.0,1.0,1.0,1.0,1.0,1.0,1.0,36.8095,10.098,1173.469387755102,32.666666666666664,0.0,285532.6189391474,285532.6189391474,240180.81353797184
1858,100.0,4.0,0.0,1.0,1.0,1.0,1.0,1.0,1.0,1.0,1.0,1.0,36.7541,10.2732,1900.0,25.0,0.0,285532.6189391474,285532.6189391474,293441.4203821656
3331,170.0,3.0,1.0,1.0,1.0,1.0,1.0,1.0,1.0,1.0,1.0,1.0,36.8065,10.1815,2235.294117647059,56.666666666666664,0.0,285532.6189391474,285532.6189391474,293441.4203821656
2543,107.0,2.0,1.0,1.0,1.0,1.0,1.0,1.0,1.0,1.0,1.0,1.0,36.8065,10.188232,2537.88748564868,37.75,0.0,285532.6189391474,285532.6189391474,277143.4970760234
1647,152.0,3.0,1.0,1.0,1.0,1.0,1.0,1.0,1.0,1.0,1.0,1.0,36.8811985,10.211819,4144.736842105263,50.666666666666664,0.0,285532.6189391474,285532.6189391474,320375.0034842321
3270,107.0,4.0,1.0,1.0,1.0,1.0,1.0,1.0,1.0,1.0,1.0,1.0,36.8065,10.1815,2537.88748564868,37.75,0.0,285532.6189391474,285532.6189391474,293441.4203821656
1796,114.0,3.0,1.0,1.0,1.0,1.0,1.0,1.0,1.0,1.0,1.0,1.0,36.45480174113637,10.733621906802425,1622.8070175438597,38.0,0.0,285532.6189391474,285532.6189391474,300305.12820512813
1432,156.0,3.0,0.0,1.0,1.0,1.0,1.0,1.0,1.0,1.0,1.0,1.0,36.4012665,10.5572827,3782.051282051282,52.0,0.0,285532.6189391474,285532.6189391474,300305.12820512813
3169,107.0,3.0,6.0,1.0,1.0,1.0,1.0,1.0,1.0,1.0,1.0,1.0,36.8065,10.1815,2537.88748564868,37.75,6.0,285532.6189391474,285532.6189391474,293441.4203821656
1013,106.0,2.0,1.0,1.0,1.0,1.0,1.0,1.0,1.0,1.0,1.0,1.0,36.8507178,10.2829345,3301.8867924528304,53.0,0.0,285532.6189391474,285532.6189391474,293441.4203821656
1932,111.0,3.0,3.0,1.0,1.0,1.0,1.0,1.0,1.0,1.0,1.0,1.0,36.7337,10.2957,2747.747747747748,37.0,0.0,285532.6189391474,285532.6189391474,293441.4203821656
3067,107.0,3.0,1.0,1.0,1.0,1.0,1.0,1.0,1.0,1.0,1.0,1.0,36.8625,10.1956,2537.88748564868,37.75,0.0,285532.6189391474,285532.6189391474,320375.0034842321
126,167.0,2.0,1.0,1.0,1.0,1.0,1.0,1.0,1.0,1.0,1.0,1.0,36.8002068,10.1857757,2035.9281437125749,83.5,0.0,285532.6189391474,285532.6189391474,293441.4203821656
2789,107.0,3.0,1.0,1.0,1.0,1.0,1.0,1.0,1.0,1.0,1.0,1.0,36.8065,10.188232,2537.88748564868,37.75,0.0,285532.6189391474,285532.6189391474,277143.4970760234
1348,117.0,5.0,0.0,1.0,1.0,1.0,1.0,1.0,1.0,1.0,1.0,1.0,36.8826748,10.3304287,4273.504273504273,23.4,0.0,285532.6189391474,285532.6189391474,293441.4203821656
355,90.0,3.0,0.0,1.0,1.0,1.0,1.0,1.0,1.0,1.0,1.0,1.0,36.4512897,10.7355915,2777.777777777778,30.0,0.0,285532.6189391474,285532.6189391474,300305.12820512813
827,128.0,4.0,1.0,1.0,1.0,1.0,1.0,1.0,1.0,1.0,1.0,1.0,36.8599292,10.1531585,2812.5,32.0,0.0,285532.6189391474,285532.6189391474,320375.0034842321
1641,148.0,3.0,3.0,1.0,1.0,1.0,1.0,1.0,1.0,1.0,1.0,1.0,37.2720905,9.8708565,2364.864864864865,49.333333333333336,3.0,285532.6189391474,285532.6189391474,243467.8477263652
984,70.0,2.0,1.0,1.0,1.0,1.0,1.0,1.0,1.0,1.0,1.0,1.0,36.8479251,10.2611996,2642.8571428571427,35.0,0.0,285532.6189391474,285532.6189391474,293441.4203821656
2192,75.0,3.0,3.0,1.0,1.0,1.0,1.0,1.0,1.0,1.0,1.0,1.0,35.8646,10.5914,1600.0,25.0,0.0,285532.6189391474,285532.6189391474,281505.570214618
3540,120.0,1.0,1.0,1.0,1.0,1.0,1.0,1.0,1.0,1.0,1.0,1.0,36.8065,10.1815,2500.0,120.0,0.0,285532.6189391474,285532.6189391474,293441.4203821656
2512,81.0,2.0,2.0,1.0,1.0,1.0,1.0,1.0,1.0,1.0,1.0,1.0,36.8587351,10.188232,3317.0,40.5,2.0,285532.6189391474,285532.6189391474,320375.0034842321
362,123.0,2.0,1.0,1.0,1.0,1.0,1.0,1.0,1.0,1.0,1.0,1.0,36.8587351,10.188232,3252.032520325203,61.5,0.0,285532.6189391474,285532.6189391474,320375.0034842321
2373,160.0,4.0,1.0,1.0,1.0,1.0,1.0,1.0,1.0,1.0,1.0,1.0,36.8065,10.1815,3375.0,40.0,0.0,285532.6189391474,285532.6189391474,293441.4203821656
345,89.0,2.0,1.0,1.0,1.0,1.0,1.0,1.0,1.0,1.0,1.0,1.0,36.8065,10.188232,2696.629213483146,44.5,0.0,285532.6189391474,285532.6189391474,277143.4970760234
2731,65.0,2.0,1.0,1.0,1.0,1.0,1.0,1.0,1.0,1.0,1.0,1.0,36.8065,10.1815,6384.615384615385,32.5,0.0,285532.6189391474,285532.6189391474,293441.4203821656
3530,107.0,3.0,1.0,1.0,1.0,1.0,1.0,1.0,1.0,1.0,1.0,1.0,36.8065,10.1815,3271.0280373831774,37.75,0.0,285532.6189391474,285532.6189391474,293441.4203821656
711,80.0,4.0,1.0,1.0,1.0,1.0,1.0,1.0,1.0,1.0,1.0,1.0,36.7404497,10.3029461,2500.0,20.0,0.0,285532.6189391474,285532.6189391474,218196.17024373435
2822,107.0,2.0,1.0,1.0,1.0,1.0,1.0,1.0,1.0,1.0,1.0,1.0,36.8065,10.1815,2537.88748564868,37.75,0.0,285532.6189391474,285532.6189391474,293441.4203821656
2768,136.0,4.0,1.0,1.0,1.0,1.0,1.0,1.0,1.0,1.0,1.0,1.0,36.8065,10.1815,3161.764705882353,34.0,0.0,285532.6189391474,285532.6189391474,293441.4203821656
10,90.0,2.0,0.0,1.0,1.0,1.0,1.0,1.0,1.0,1.0,1.0,1.0,36.4512897,10.7355915,2777.777777777778,45.0,0.0,285532.6189391474,285532.6189391474,300305.12820512813
3317,107.0,4.0,1.0,1.0,1.0,1.0,1.0,1.0,1.0,1.0,1.0,1.0,36.8065,10.1815,2537.88748564868,37.75,0.0,285532.6189391474,285532.6189391474,293441.4203821656
2120,70.0,3.0,0.0,1.0,1.0,1.0,1.0,1.0,1.0,1.0,1.0,1.0,35.778001741137004,10.819522577001228,1928.5714285714287,23.333333333333332,0.0,285532.6189391474,285532.6189391474,309845.8833033952
1838,130.0,3.0,1.0,1.0,1.0,1.0,1.0,1.0,1.0,1.0,1.0,1.0,36.8643,10.1668,2653.846153846154,43.333333333333336,1.0,285532.6189391474,285532.6189391474,293441.4203821656
793,149.0,4.0,6.0,1.0,1.0,1.0,1.0,1.0,1.0,1.0,1.0,1.0,34.8023823,10.7613107,1879.1946308724832,37.25,0.0,285532.6189391474,285532.6189391474,245349.25277465454
3918,107.0,3.0,1.0,1.0,1.0,1.0,1.0,1.0,1.0,1.0,1.0,1.0,36.8065,10.1815,2537.88748564868,37.75,0.0,285532.6189391474,285532.6189391474,293441.4203821656
94,70.0,2.0,2.0,1.0,1.0,1.0,1.0,1.0,1.0,1.0,1.0,1.0,36.8065,10.188232,1857.142857142857,35.0,0.0,285532.6189391474,285532.6189391474,277143.4970760234
129,330.0,2.0,1.0,1.0,1.0,1.0,1.0,1.0,1.0,1.0,1.0,1.0,36.8002068,10.1857757,1060.6060606060605,165.0,0.0,285532.6189391474,285532.6189391474,293441.4203821656
2408,107.0,1.0,1.0,1.0,1.0,1.0,1.0,1.0,1.0,1.0,1.0,1.0,36.8065,10.188232,2537.88748564868,37.75,0.0,285532.6189391474,285532.6189391474,277143.4970760234
3125,92.0,3.0,1.0,1.0,1.0,1.0,1.0,1.0,1.0,1.0,1.0,1.0,36.8065,10.1815,3967.391304347826,30.666666666666668,0.0,285532.6189391474,285532.6189391474,293441.4203821656
4152,50.0,2.0,1.0,1.0,1.0,1.0,1.0,1.0,1.0,1.0,1.0,1.0,36.8065,10.1815,4400.0,25.0,1.0,285532.6189391474,285532.6189391474,293441.4203821656
2267,135.0,3.0,4.0,1.0,1.0,1.0,1.0,1.0,1.0,1.0,1.0,1.0,35.83700174113694,10.619722519463858,1925.9259259259259,45.0,0.0,285532.6189391474,285532.6189391474,281505.570214618
1904,133.0,6.0,1.0,1.0,1.0,1.0,1.0,1.0,1.0,1.0,1.0,1.0,36.81400174113604,10.181421541897477,1578.9473684210527,22.166666666666668,0.0,285532.6189391474,285532.6189391474,293441.4203821656
2960,55.0,2.0,0.0,1.0,1.0,1.0,1.0,1.0,1.0,1.0,1.0,1.0,36.8065,10.1815,3454.5454545454545,27.5,0.0,285532.6189391474,285532.6189391474,293441.4203821656
3288,47.0,3.0,1.0,1.0,1.0,1.0,1.0,1.0,1.0,1.0,1.0,1.0,36.8065,10.1815,3617.021276595745,37.75,0.0,285532.6189391474,285532.6189391474,293441.4203821656
1936,67.0,2.0,1.0,1.0,1.0,1.0,1.0,1.0,1.0,1.0,1.0,1.0,36.8054,10.0919,2985.0746268656717,33.5,0.0,285532.6189391474,285532.6189391474,293441.4203821656
4238,95.0,3.0,1.0,1.0,1.0,1.0,1.0,1.0,1.0,1.0,1.0,1.0,36.8065,10.1815,3789.4736842105262,31.666666666666668,0.0,285532.6189391474,285532.6189391474,293441.4203821656
1869,100.0,4.0,3.0,1.0,1.0,1.0,1.0,1.0,1.0,1.0,1.0,1.0,36.7556,10.2757,1700.0,25.0,0.0,285532.6189391474,285532.6189391474,293441.4203821656
1660,85.0,3.0,1.0,1.0,1.0,1.0,1.0,1.0,1.0,1.0,1.0,1.0,36.8599292,10.1531585,3176.470588235294,28.333333333333332,0.0,285532.6189391474,285532.6189391474,320375.0034842321
516,67.0,2.0,1.0,1.0,1.0,1.0,1.0,1.0,1.0,1.0,1.0,1.0,36.8267841,10.1939122,3985.0746268656717,33.5,0.0,285532.6189391474,285532.6189391474,293441.4203821656
1861,91.0,3.0,1.0,1.0,1.0,1.0,1.0,1.0,1.0,1.0,1.0,1.0,36.7587,10.2823,1923.076923076923,30.333333333333332,0.0,285532.6189391474,285532.6189391474,293441.4203821656
2247,134.0,4.0,4.0,1.0,1.0,1.0,1.0,1.0,1.0,1.0,1.0,1.0,35.831001741136944,10.604522525322771,2947.7611940298507,33.5,0.0,285532.6189391474,285532.6189391474,281505.570214618
1277,180.0,3.0,1.0,1.0,1.0,1.0,1.0,1.0,1.0,1.0,1.0,1.0,36.8599292,10.1531585,3555.5555555555557,60.0,0.0,285532.6189391474,285532.6189391474,320375.0034842321
4131,107.0,3.0,1.0,1.0,1.0,1.0,1.0,1.0,1.0,1.0,1.0,1.0,35.8245,10.6346,2537.88748564868,37.75,0.0,285532.6189391474,285532.6189391474,281505.570214618
950,69.0,1.0,1.0,1.0,1.0,1.0,1.0,1.0,1.0,1.0,1.0,1.0,36.8507178,10.2829345,3695.6521739130435,69.0,0.0,285532.6189391474,285532.6189391474,293441.4203821656
1120,120.0,2.0,7.0,1.0,1.0,1.0,1.0,1.0,1.0,1.0,1.0,1.0,34.7402587,10.7552176,1750.0,60.0,7.0,285532.6189391474,285532.6189391474,245349.25277465454
2701,57.0,3.0,1.0,0.0,1.0,1.0,0.0,1.0,0.0,1.0,0.0,0.0,36.8065,10.1815,3508.7719298245615,37.75,0.0,285532.6189391474,285532.6189391474,293441.4203821656
2208,112.0,2.0,4.0,1.0,1.0,1.0,1.0,1.0,1.0,1.0,1.0,1.0,35.82880174113695,10.600522527470613,2812.5,56.0,0.0,285532.6189391474,285532.6189391474,281505.570214618
419,160.0,4.0,1.0,1.0,1.0,1.0,1.0,1.0,1.0,1.0,1.0,1.0,37.2720905,9.8708565,1375.0,40.0,0.0,285532.6189391474,285532.6189391474,243467.8477263652
922,90.0,3.0,1.0,1.0,1.0,1.0,1.0,1.0,1.0,1.0,1.0,1.0,36.7992041,10.1756221,1777.7777777777778,30.0,0.0,285532.6189391474,285532.6189391474,293441.4203821656
2979,160.0,3.0,1.0,1.0,1.0,1.0,1.0,1.0,1.0,1.0,1.0,1.0,36.8065,10.1815,1250.0,53.333333333333336,0.0,285532.6189391474,285532.6189391474,293441.4203821656
477,60.0,1.0,0.0,1.0,1.0,1.0,1.0,1.0,1.0,1.0,1.0,1.0,36.8599292,10.1531585,3000.0,60.0,0.0,285532.6189391474,285532.6189391474,320375.0034842321
2039,120.0,4.0,2.0,1.0,1.0,1.0,1.0,1.0,1.0,1.0,1.0,1.0,36.8605,10.276,2333.3333333333335,30.0,2.0,285532.6189391474,285532.6189391474,293441.4203821656
2942,60.0,2.0,0.0,1.0,1.0,1.0,1.0,1.0,1.0,1.0,1.0,1.0,36.8065,10.1815,3833.3333333333335,30.0,0.0,285532.6189391474,285532.6189391474,293441.4203821656
1696,75.0,2.0,1.0,1.0,1.0,1.0,1.0,1.0,1.0,1.0,1.0,1.0,36.8133756,10.2930588,5200.0,37.5,0.0,285532.6189391474,285532.6189391474,293441.4203821656
2998,107.0,3.0,1.0,1.0,1.0,1.0,1.0,1.0,1.0,1.0,1.0,1.0,36.8065,10.1815,2537.88748564868,37.75,0.0,285532.6189391474,285532.6189391474,293441.4203821656
1473,70.0,1.0,1.0,1.0,1.0,1.0,1.0,1.0,1.0,1.0,1.0,1.0,36.873986,11.1082328,2057.1428571428573,70.0,0.0,285532.6189391474,285532.6189391474,300305.12820512813
2705,107.0,3.0,1.0,1.0,1.0,1.0,1.0,1.0,1.0,1.0,1.0,1.0,36.8065,10.1815,2537.88748564868,37.75,0.0,285532.6189391474,285532.6189391474,293441.4203821656
1202,77.0,2.0,1.0,1.0,1.0,1.0,1.0,1.0,1.0,1.0,1.0,1.0,36.8606537,10.2087006,2597.4025974025976,38.5,0.0,285532.6189391474,285532.6189391474,320375.0034842321
2506,64.0,2.0,1.0,1.0,1.0,1.0,1.0,1.0,1.0,1.0,1.0,1.0,36.8742527,10.2436799,4062.5,32.0,0.0,285532.6189391474,285532.6189391474,293441.4203821656
2734,72.0,3.0,1.0,1.0,1.0,1.0,1.0,1.0,1.0,1.0,1.0,1.0,36.8625,10.1956,4027.777777777778,24.0,0.0,285532.6189391474,285532.6189391474,320375.0034842321
1671,65.0,2.0,1.0,1.0,1.0,1.0,1.0,1.0,1.0,1.0,1.0,1.0,36.8512722,10.1852853,2538.4615384615386,32.5,0.0,285532.6189391474,285532.6189391474,320375.0034842321
3940,124.0,4.0,2.0,1.0,1.0,1.0,1.0,1.0,1.0,1.0,1.0,1.0,34.74,10.76,1532.258064516129,31.0,0.0,285532.6189391474,285532.6189391474,245349.25277465454
1974,126.0,4.0,4.0,1.0,1.0,1.0,1.0,1.0,1.0,1.0,1.0,1.0,36.7054,10.4072,1507.936507936508,31.5,0.0,285532.6189391474,285532.6189391474,293441.4203821656
2155,154.0,4.0,3.0,1.0,1.0,1.0,1.0,1.0,1.0,1.0,1.0,1.0,35.756501741137015,10.827522597926604,3311.688311688312,38.5,0.0,285532.6189391474,285532.6189391474,309845.8833033952
820,85.0,2.0,1.0,1.0,1.0,1.0,1.0,1.0,1.0,1.0,1.0,1.0,36.7992041,10.1756221,1647.0588235294117,42.5,0.0,285532.6189391474,285532.6189391474,293441.4203821656
2001,60.0,3.0,4.0,1.0,1.0,1.0,1.0,1.0,1.0,1.0,1.0,1.0,36.81060174113605,10.18062154538194,2166.6666666666665,20.0,0.0,285532.6189391474,285532.6189391474,293441.4203821656
4093,230.0,5.0,1.0,1.0,1.0,1.0,1.0,1.0,1.0,1.0,1.0,1.0,36.8065,10.188232,1739.1304347826087,46.0,0.0,285532.6189391474,285532.6189391474,277143.4970760234
1248,140.0,5.0,1.0,1.0,1.0,1.0,1.0,1.0,1.0,1.0,1.0,1.0,36.7992041,10.1756221,2785.714285714286,28.0,0.0,285532.6189391474,285532.6189391474,293441.4203821656
2973,86.0,3.0,0.0,1.0,1.0,1.0,1.0,1.0,1.0,1.0,1.0,1.0,36.8065,10.1815,2093.0232558139537,37.75,0.0,285532.6189391474,285532.6189391474,293441.4203821656
3726,70.0,2.0,1.0,1.0,1.0,1.0,1.0,1.0,1.0,1.0,1.0,1.0,36.8065,10.1815,2428.5714285714284,35.0,0.0,285532.6189391474,285532.6189391474,293441.4203821656
2194,100.0,3.0,2.0,1.0,1.0,1.0,1.0,1.0,1.0,1.0,1.0,1.0,35.8661,10.5993,2400.0,33.333333333333336,0.0,285532.6189391474,285532.6189391474,281505.570214618
3649,107.0,2.0,1.0,1.0,1.0,1.0,1.0,1.0,1.0,1.0,1.0,1.0,36.4561,10.7376,2537.88748564868,37.75,0.0,285532.6189391474,285532.6189391474,300305.12820512813
1046,70.0,3.0,1.0,1.0,1.0,1.0,1.0,1.0,1.0,1.0,1.0,1.0,36.4561,10.7376,6000.0,23.333333333333332,0.0,285532.6189391474,285532.6189391474,300305.12820512813
1892,47.0,2.0,2.0,1.0,1.0,1.0,1.0,1.0,1.0,1.0,1.0,1.0,36.79120174113606,10.176221565252671,2234.0425531914893,23.5,0.0,285532.6189391474,285532.6189391474,293441.4203821656
2547,107.0,3.0,1.0,1.0,1.0,1.0,1.0,1.0,1.0,1.0,1.0,1.0,36.7404497,10.3029461,2537.88748564868,37.75,0.0,285532.6189391474,285532.6189391474,218196.17024373435
615,59.0,2.0,4.0,1.0,1.0,1.0,1.0,1.0,1.0,1.0,1.0,1.0,35.8749788,10.5935183,1779.6610169491526,29.5,4.0,285532.6189391474,285532.6189391474,281505.570214618
1318,90.0,3.0,1.0,1.0,1.0,1.0,1.0,1.0,1.0,1.0,1.0,1.0,36.8479251,10.2611996,3111.1111111111113,30.0,0.0,285532.6189391474,285532.6189391474,293441.4203821656
4117,122.0,3.0,1.0,1.0,1.0,1.0,1.0,1.0,1.0,1.0,1.0,1.0,36.8065,10.188232,3262.622950819672,40.666666666666664,0.0,285532.6189391474,285532.6189391474,277143.4970760234
4167,107.0,1.0,1.0,1.0,1.0,1.0,1.0,1.0,1.0,1.0,1.0,1.0,36.8065,10.188232,2537.88748564868,37.75,0.0,285532.6189391474,285532.6189391474,277143.4970760234
4184,80.0,3.0,1.0,1.0,1.0,1.0,1.0,1.0,1.0,1.0,1.0,1.0,36.8065,10.188232,3250.0,37.75,0.0,285532.6189391474,285532.6189391474,277143.4970760234
2140,58.0,1.0,5.0,1.0,1.0,1.0,1.0,1.0,1.0,1.0,1.0,1.0,35.75850174113702,10.826022595980996,3706.896551724138,58.0,0.0,285532.6189391474,285532.6189391474,309845.8833033952
3385,105.0,3.0,1.0,1.0,1.0,1.0,1.0,1.0,1.0,1.0,1.0,1.0,36.8065,10.1815,4571.428571428572,37.75,0.0,285532.6189391474,285532.6189391474,293441.4203821656
1776,110.0,3.0,2.0,1.0,1.0,1.0,1.0,1.0,1.0,1.0,1.0,1.0,36.45610174113638,10.742721905493422,1772.7272727272727,36.666666666666664,0.0,285532.6189391474,285532.6189391474,300305.12820512813
4218,142.0,4.0,1.0,1.0,1.0,1.0,1.0,1.0,1.0,1.0,1.0,1.0,36.8065,10.188232,2866.1971830985917,35.5,0.0,285532.6189391474,285532.6189391474,277143.4970760234
131,85.0,3.0,1.0,1.0,1.0,1.0,1.0,1.0,1.0,1.0,1.0,1.0,36.4512897,10.7355915,2941.176470588235,28.333333333333332,0.0,285532.6189391474,285532.6189391474,300305.12820512813
3555,107.0,3.0,1.0,1.0,1.0,1.0,1.0,1.0,1.0,1.0,1.0,1.0,36.8065,10.1815,2537.88748564868,37.75,0.0,285532.6189391474,285532.6189391474,293441.4203821656
77,62.0,2.0,0.0,1.0,1.0,1.0,1.0,1.0,1.0,1.0,1.0,1.0,36.8587351,10.188232,2661.2903225806454,31.0,0.0,285532.6189391474,285532.6189391474,320375.0034842321
2056,90.0,4.0,3.0,1.0,1.0,1.0,1.0,1.0,1.0,1.0,1.0,1.0,36.9111,10.1856,1633.3333333333333,22.5,0.0,285532.6189391474,285532.6189391474,293441.4203821656
724,120.0,3.0,3.0,1.0,1.0,1.0,1.0,1.0,1.0,1.0,1.0,1.0,35.8512042,10.6062129,3000.0,40.0,3.0,285532.6189391474,285532.6189391474,281505.570214618
1314,160.0,3.0,1.0,1.0,1.0,1.0,1.0,1.0,1.0,1.0,1.0,1.0,36.4512897,10.7355915,3000.0,53.333333333333336,0.0,285532.6189391474,285532.6189391474,300305.12820512813
1855,110.0,3.0,0.0,1.0,1.0,1.0,1.0,1.0,1.0,1.0,1.0,1.0,36.86810174113599,10.28212148637462,3272.7272727272725,36.666666666666664,0.0,285532.6189391474,285532.6189391474,293441.4203821656
4175,100.0,3.0,3.0,1.0,1.0,1.0,1.0,1.0,1.0,1.0,1.0,1.0,36.8065,10.188232,2300.0,37.75,0.0,285532.6189391474,285532.6189391474,277143.4970760234
3774,200.0,3.0,1.0,1.0,1.0,1.0,1.0,1.0,1.0,1.0,1.0,1.0,36.8065,10.188232,1250.0,37.75,0.0,285532.6189391474,285532.6189391474,277143.4970760234
3440,107.0,4.0,1.0,1.0,1.0,1.0,1.0,1.0,1.0,1.0,1.0,1.0,36.8065,10.188232,2537.88748564868,37.75,0.0,285532.6189391474,285532.6189391474,277143.4970760234
1373,120.0,4.0,1.0,1.0,1.0,1.0,1.0,1.0,1.0,1.0,1.0,1.0,36.8065,10.1815,1333.3333333333333,30.0,0.0,285532.6189391474,285532.6189391474,293441.4203821656
1859,75.0,4.0,2.0,1.0,1.0,1.0,1.0,1.0,1.0,1.0,1.0,1.0,36.7617,10.2832,2066.6666666666665,18.75,0.0,285532.6189391474,285532.6189391474,293441.4203821656
1319,90.0,3.0,1.0,1.0,1.0,1.0,1.0,1.0,1.0,1.0,1.0,1.0,36.8133756,10.2930588,3888.8888888888887,30.0,0.0,285532.6189391474,285532.6189391474,293441.4203821656
2660,79.0,2.0,1.0,1.0,1.0,1.0,1.0,1.0,1.0,1.0,1.0,1.0,36.8065,10.1815,1329.113924050633,39.5,0.0,285532.6189391474,285532.6189391474,293441.4203821656
4101,107.0,3.0,1.0,1.0,1.0,1.0,1.0,1.0,1.0,1.0,1.0,1.0,36.8065,10.1815,2537.88748564868,37.75,0.0,285532.6189391474,285532.6189391474,293441.4203821656
3374,163.0,3.0,1.0,1.0,1.0,1.0,1.0,1.0,1.0,1.0,1.0,1.0,36.8625,10.1956,3251.5337423312885,37.75,0.0,285532.6189391474,285532.6189391474,320375.0034842321
2924,107.0,2.0,1.0,1.0,1.0,1.0,1.0,1.0,1.0,1.0,1.0,1.0,36.8065,10.1815,2537.88748564868,37.75,0.0,285532.6189391474,285532.6189391474,293441.4203821656
375,95.0,2.0,1.0,1.0,1.0,1.0,1.0,1.0,1.0,1.0,1.0,1.0,36.4512897,10.7355915,1947.3684210526317,47.5,0.0,285532.6189391474,285532.6189391474,300305.12820512813
1912,117.0,2.0,3.0,1.0,1.0,1.0,1.0,1.0,1.0,1.0,1.0,1.0,36.8582,10.1612,2692.3076923076924,58.5,0.0,285532.6189391474,285532.6189391474,293441.4203821656
333,126.0,3.0,0.0,1.0,1.0,1.0,1.0,1.0,1.0,1.0,1.0,1.0,36.4512897,10.7355915,3492.063492063492,42.0,0.0,285532.6189391474,285532.6189391474,300305.12820512813
3072,200.0,3.0,0.0,1.0,1.0,1.0,1.0,1.0,1.0,1.0,1.0,1.0,36.8065,10.1815,2400.0,66.66666666666667,0.0,285532.6189391474,285532.6189391474,293441.4203821656
3636,100.0,2.0,2.0,1.0,1.0,1.0,1.0,1.0,1.0,1.0,1.0,1.0,36.8065,10.1815,3100.0,50.0,0.0,285532.6189391474,285532.6189391474,293441.4203821656
2397,90.0,2.0,1.0,1.0,1.0,1.0,1.0,1.0,1.0,1.0,1.0,1.0,36.4382476,10.5632044,3755.5555555555557,45.0,0.0,285532.6189391474,285532.6189391474,293441.4203821656
1606,130.0,1.0,0.0,1.0,1.0,1.0,1.0,1.0,1.0,1.0,1.0,1.0,36.8653305,10.2425306,2461.5384615384614,130.0,0.0,285532.6189391474,285532.6189391474,320375.0034842321
1118,140.0,3.0,1.0,1.0,1.0,1.0,1.0,1.0,1.0,1.0,1.0,1.0,36.7992041,10.1756221,1571.4285714285713,46.666666666666664,0.0,285532.6189391474,285532.6189391474,293441.4203821656
4032,170.0,4.0,1.0,1.0,1.0,1.0,1.0,1.0,1.0,1.0,1.0,1.0,36.8065,10.188232,2029.4117647058824,42.5,0.0,285532.6189391474,285532.6189391474,277143.4970760234
1947,180.0,4.0,7.0,1.0,1.0,1.0,1.0,1.0,1.0,1.0,1.0,1.0,36.863801741136,10.16802149079315,2194.4444444444443,45.0,0.0,285532.6189391474,285532.6189391474,293441.4203821656
3083,89.0,3.0,1.0,1.0,1.0,1.0,1.0,1.0,1.0,1.0,1.0,1.0,36.8065,10.188232,1741.573033707865,29.666666666666668,0.0,285532.6189391474,285532.6189391474,277143.4970760234
2414,95.0,2.0,1.0,1.0,1.0,1.0,1.0,1.0,1.0,1.0,1.0,1.0,36.8596897,10.3051019,5000.0,47.5,0.0,285532.6189391474,285532.6189391474,293441.4203821656
3494,174.0,3.0,3.0,1.0,1.0,1.0,1.0,1.0,1.0,1.0,1.0,1.0,36.8065,10.188232,2800.0,37.75,3.0,285532.6189391474,285532.6189391474,277143.4970760234
1342,80.0,3.0,1.0,1.0,1.0,1.0,1.0,1.0,1.0,1.0,1.0,1.0,36.8149179,10.1907702,3125.0,26.666666666666668,0.0,285532.6189391474,285532.6189391474,293441.4203821656
320,138.0,3.0,0.0,1.0,1.0,1.0,1.0,1.0,1.0,1.0,1.0,1.0,36.7516855,10.2245072,1449.2753623188405,46.0,0.0,285532.6189391474,285532.6189391474,218196.17024373435
1621,90.0,3.0,1.0,1.0,1.0,1.0,1.0,1.0,1.0,1.0,1.0,1.0,36.7516855,10.2245072,2500.0,30.0,0.0,285532.6189391474,285532.6189391474,218196.17024373435
3366,200.0,3.0,0.0,1.0,1.0,1.0,1.0,1.0,1.0,1.0,1.0,1.0,36.8065,10.1815,3250.0,37.75,0.0,285532.6189391474,285532.6189391474,293441.4203821656
2064,101.0,4.0,3.0,1.0,1.0,1.0,1.0,1.0,1.0,1.0,1.0,1.0,36.8171,10.1464,2920.792079207921,25.25,3.0,285532.6189391474,285532.6189391474,293441.4203821656
2223,105.0,2.0,2.0,1.0,1.0,1.0,1.0,1.0,1.0,1.0,1.0,1.0,35.84000174113695,10.58542251653375,3304.7619047619046,52.5,0.0,285532.6189391474,285532.6189391474,281505.570214618
1675,107.0,3.0,1.0,1.0,1.0,1.0,1.0,1.0,1.0,1.0,1.0,1.0,36.7992041,10.1756221,2537.88748564868,37.75,0.0,285532.6189391474,285532.6189391474,293441.4203821656
1946,52.0,3.0,1.0,1.0,1.0,1.0,1.0,1.0,1.0,1.0,1.0,1.0,36.755101741136095,10.222821602177936,2307.6923076923076,17.333333333333332,0.0,285532.6189391474,285532.6189391474,293441.4203821656
260,124.0,3.0,1.0,1.0,1.0,1.0,1.0,1.0,1.0,1.0,1.0,1.0,36.4512897,10.7355915,1209.6774193548388,41.333333333333336,0.0,285532.6189391474,285532.6189391474,300305.12820512813
3218,100.0,3.0,7.0,1.0,1.0,1.0,1.0,1.0,1.0,1.0,1.0,1.0,36.8065,10.1815,2400.0,37.75,7.0,285532.6189391474,285532.6189391474,293441.4203821656
2043,205.0,2.0,4.0,1.0,1.0,1.0,1.0,1.0,1.0,1.0,1.0,1.0,36.86440174113599,10.168821490176668,2390.243902439024,102.5,4.0,285532.6189391474,285532.6189391474,293441.4203821656
689,42.0,1.0,1.0,1.0,1.0,1.0,1.0,1.0,1.0,1.0,1.0,1.0,35.8913101,10.5852113,8333.333333333334,42.0,0.0,285532.6189391474,285532.6189391474,281505.570214618
901,93.0,4.0,1.0,1.0,1.0,1.0,1.0,1.0,1.0,1.0,1.0,1.0,36.753,10.228,1236.5591397849462,23.25,0.0,285532.6189391474,285532.6189391474,218196.17024373435
2311,107.0,3.0,1.0,1.0,1.0,1.0,1.0,1.0,1.0,1.0,1.0,1.0,36.8065,10.188232,2537.88748564868,37.75,0.0,285532.6189391474,285532.6189391474,277143.4970760234
2030,87.0,2.0,1.0,1.0,1.0,1.0,1.0,1.0,1.0,1.0,1.0,1.0,36.86440174113599,10.168821490176668,3448.2758620689656,43.5,1.0,285532.6189391474,285532.6189391474,293441.4203821656
138,108.0,4.0,1.0,1.0,1.0,1.0,1.0,1.0,1.0,1.0,1.0,1.0,36.4512897,10.7355915,2962.962962962963,27.0,0.0,285532.6189391474,285532.6189391474,300305.12820512813
1921,107.0,3.0,1.0,1.0,1.0,1.0,1.0,1.0,1.0,1.0,1.0,1.0,36.7399,10.2989,3364.4859813084113,35.666666666666664,0.0,285532.6189391474,285532.6189391474,293441.4203821656
1832,140.0,3.0,1.0,1.0,1.0,1.0,1.0,1.0,1.0,1.0,1.0,1.0,36.83260174113603,10.13362152282504,2000.0,46.666666666666664,0.0,285532.6189391474,285532.6189391474,293441.4203821656
1575,102.0,4.0,1.0,1.0,1.0,1.0,1.0,1.0,1.0,1.0,1.0,1.0,36.8423974,10.1571247,2745.098039215686,25.5,0.0,285532.6189391474,285532.6189391474,293441.4203821656
319,135.0,2.0,1.0,1.0,1.0,1.0,1.0,1.0,1.0,1.0,1.0,1.0,36.7236755,9.185382,1777.7777777777778,67.5,0.0,285532.6189391474,285532.6189391474,266419.2308660581
653,100.0,2.0,9.0,1.0,1.0,1.0,1.0,1.0,1.0,1.0,1.0,1.0,36.8484562,10.1634244,2600.0,50.0,9.0,285532.6189391474,285532.6189391474,320375.0034842321
2141,68.0,3.0,2.0,1.0,1.0,1.0,1.0,1.0,1.0,1.0,1.0,1.0,35.7541,10.7156,1838.235294117647,22.666666666666668,0.0,285532.6189391474,285532.6189391474,309845.8833033952
3170,153.0,2.0,1.0,1.0,1.0,1.0,1.0,1.0,1.0,1.0,1.0,1.0,36.8065,10.1815,1699.3464052287582,76.5,0.0,285532.6189391474,285532.6189391474,293441.4203821656
558,88.0,3.0,1.0,1.0,1.0,1.0,1.0,1.0,1.0,1.0,1.0,1.0,36.8625,10.1956,2500.0,29.333333333333332,0.0,285532.6189391474,285532.6189391474,320375.0034842321
2191,67.0,3.0,1.0,1.0,1.0,1.0,1.0,1.0,1.0,1.0,1.0,1.0,35.925,10.5733,5223.880597014925,22.333333333333332,0.0,285532.6189391474,285532.6189391474,281505.570214618
112,120.0,2.0,1.0,1.0,1.0,1.0,1.0,1.0,1.0,1.0,1.0,1.0,36.4512897,10.7355915,1750.0,60.0,0.0,285532.6189391474,285532.6189391474,300305.12820512813
531,75.0,3.0,2.0,1.0,1.0,1.0,1.0,1.0,1.0,1.0,1.0,1.0,36.719825,10.2192362,1426.6666666666667,25.0,2.0,285532.6189391474,285532.6189391474,218196.17024373435
224,90.0,3.0,0.0,1.0,1.0,1.0,1.0,1.0,1.0,1.0,1.0,1.0,35.8288284,10.6405254,4666.666666666667,30.0,0.0,285532.6189391474,285532.6189391474,281505.570214618
723,130.0,3.0,2.0,1.0,1.0,1.0,1.0,1.0,1.0,1.0,1.0,1.0,36.753,10.228,2384.6153846153848,43.333333333333336,0.0,285532.6189391474,285532.6189391474,218196.17024373435
3334,95.0,3.0,1.0,1.0,1.0,1.0,1.0,1.0,1.0,1.0,1.0,1.0,36.8065,10.1815,1347.3684210526317,37.75,0.0,285532.6189391474,285532.6189391474,293441.4203821656
3578,118.0,3.0,1.0,1.0,1.0,1.0,1.0,1.0,1.0,1.0,1.0,1.0,36.8065,10.1815,4618.64406779661,39.333333333333336,0.0,285532.6189391474,285532.6189391474,293441.4203821656
1435,156.0,3.0,1.0,1.0,1.0,1.0,1.0,1.0,1.0,1.0,1.0,1.0,36.8240245,10.311616,2435.897435897436,52.0,0.0,285532.6189391474,285532.6189391474,293441.4203821656
2411,200.0,3.0,1.0,1.0,1.0,1.0,1.0,1.0,1.0,1.0,1.0,1.0,36.8548083,10.3309924,1250.0,66.66666666666667,0.0,285532.6189391474,285532.6189391474,293441.4203821656
3183,117.0,3.0,6.0,1.0,1.0,1.0,1.0,1.0,1.0,1.0,1.0,1.0,36.8065,10.1815,1538.4615384615386,39.0,0.0,285532.6189391474,285532.6189391474,293441.4203821656
3290,89.0,2.0,1.0,1.0,1.0,1.0,1.0,1.0,1.0,1.0,1.0,1.0,36.8065,10.1815,1348.314606741573,44.5,0.0,285532.6189391474,285532.6189391474,293441.4203821656
1460,103.0,2.0,0.0,1.0,1.0,1.0,1.0,1.0,1.0,1.0,1.0,1.0,36.873986,11.1082328,2233.009708737864,51.5,0.0,285532.6189391474,285532.6189391474,300305.12820512813
3818,132.0,4.0,1.0,1.0,1.0,1.0,1.0,1.0,1.0,1.0,1.0,1.0,36.8065,10.1815,3295.4545454545455,33.0,0.0,285532.6189391474,285532.6189391474,293441.4203821656
846,90.0,4.0,1.0,1.0,1.0,1.0,1.0,1.0,1.0,1.0,1.0,1.0,36.811565,10.1769871,1833.3333333333333,22.5,0.0,285532.6189391474,285532.6189391474,293441.4203821656
193,60.0,2.0,0.0,1.0,1.0,1.0,1.0,1.0,1.0,1.0,1.0,1.0,36.4512897,10.7355915,1750.0,30.0,0.0,285532.6189391474,285532.6189391474,300305.12820512813
1466,75.0,1.0,0.0,1.0,1.0,1.0,1.0,1.0,1.0,1.0,1.0,1.0,36.8456561,11.0935701,1666.6666666666667,75.0,0.0,285532.6189391474,285532.6189391474,300305.12820512813
2729,88.0,3.0,1.0,1.0,1.0,1.0,1.0,1.0,1.0,1.0,1.0,1.0,36.8065,10.1815,5818.181818181818,29.333333333333332,0.0,285532.6189391474,285532.6189391474,293441.4203821656
946,75.0,3.0,0.0,1.0,1.0,1.0,1.0,1.0,1.0,1.0,1.0,1.0,36.8336187,10.1471736,2600.0,25.0,0.0,285532.6189391474,285532.6189391474,293441.4203821656
2025,70.0,3.0,3.0,1.0,1.0,1.0,1.0,1.0,1.0,1.0,1.0,1.0,36.81180174113604,10.179521544152196,2328.5714285714284,23.333333333333332,0.0,285532.6189391474,285532.6189391474,293441.4203821656
2645,110.0,4.0,1.0,1.0,1.0,1.0,1.0,1.0,1.0,1.0,1.0,1.0,36.8065,10.188232,3090.909090909091,27.5,1.0,285532.6189391474,285532.6189391474,277143.4970760234
1631,101.0,3.0,1.0,1.0,1.0,1.0,1.0,1.0,1.0,1.0,1.0,1.0,36.8065,10.1815,3782.1782178217823,33.666666666666664,0.0,285532.6189391474,285532.6189391474,293441.4203821656
117,80.0,2.0,1.0,1.0,1.0,1.0,1.0,1.0,1.0,1.0,1.0,1.0,36.8587351,10.188232,1875.0,40.0,0.0,285532.6189391474,285532.6189391474,320375.0034842321
645,150.0,5.0,1.0,1.0,1.0,1.0,1.0,1.0,1.0,1.0,1.0,1.0,36.8479251,10.2611996,2000.0,30.0,0.0,285532.6189391474,285532.6189391474,293441.4203821656
1874,156.0,3.0,1.0,1.0,1.0,1.0,1.0,1.0,1.0,1.0,1.0,1.0,36.8638,10.2895,4358.974358974359,52.0,0.0,285532.6189391474,285532.6189391474,293441.4203821656
3,68.0,2.0,1.0,1.0,1.0,1.0,1.0,1.0,1.0,1.0,1.0,1.0,36.4512897,10.7355915,2941.176470588235,34.0,0.0,285532.6189391474,285532.6189391474,300305.12820512813
74,140.0,4.0,3.0,1.0,1.0,1.0,1.0,1.0,1.0,1.0,1.0,1.0,36.4512897,10.7355915,4250.0,35.0,3.0,285532.6189391474,285532.6189391474,300305.12820512813
1759,65.0,3.0,2.0,1.0,1.0,1.0,1.0,1.0,1.0,1.0,1.0,1.0,37.2854017411356,9.851761053069492,2076.923076923077,21.666666666666668,0.0,285532.6189391474,285532.6189391474,243467.8477263652
467,107.0,4.0,4.0,1.0,1.0,1.0,1.0,1.0,1.0,1.0,1.0,1.0,36.8541206,10.1626718,1775.7009345794393,26.75,4.0,285532.6189391474,285532.6189391474,320375.0034842321
5,40.0,2.0,0.0,1.0,1.0,1.0,1.0,1.0,1.0,1.0,1.0,1.0,36.4512897,10.7355915,3500.0,20.0,0.0,285532.6189391474,285532.6189391474,300305.12820512813
1246,150.0,3.0,2.0,1.0,1.0,1.0,1.0,1.0,1.0,1.0,1.0,1.0,36.8572699,10.2918693,4466.666666666667,50.0,2.0,285532.6189391474,285532.6189391474,293441.4203821656
919,46.0,1.0,1.0,1.0,1.0,1.0,1.0,1.0,1.0,1.0,1.0,1.0,36.4561,10.7376,5652.173913043478,46.0,0.0,285532.6189391474,285532.6189391474,300305.12820512813
2699,155.0,6.0,2.0,1.0,1.0,1.0,1.0,1.0,1.0,1.0,1.0,1.0,36.8065,10.1815,3225.8064516129034,25.833333333333332,0.0,285532.6189391474,285532.6189391474,293441.4203821656
228,90.0,2.0,1.0,1.0,1.0,1.0,1.0,1.0,1.0,1.0,1.0,1.0,36.8002068,10.1857757,2322.222222222222,45.0,0.0,285532.6189391474,285532.6189391474,293441.4203821656
1063,156.0,2.0,0.0,1.0,1.0,1.0,1.0,1.0,1.0,1.0,1.0,1.0,36.8606537,10.2087006,1923.076923076923,78.0,0.0,285532.6189391474,285532.6189391474,320375.0034842321
2694,148.0,3.0,2.0,1.0,1.0,1.0,1.0,1.0,1.0,1.0,1.0,1.0,36.8065,10.1815,2567.5675675675675,49.333333333333336,2.0,285532.6189391474,285532.6189391474,293441.4203821656
242,100.0,2.0,1.0,1.0,1.0,1.0,1.0,1.0,1.0,1.0,1.0,1.0,36.8065,10.188232,2750.0,50.0,0.0,285532.6189391474,285532.6189391474,277143.4970760234
3107,100.0,4.0,1.0,1.0,1.0,1.0,1.0,1.0,1.0,1.0,1.0,1.0,36.8065,10.1815,1650.0,25.0,0.0,285532.6189391474,285532.6189391474,293441.4203821656
1160,100.0,4.0,2.0,1.0,1.0,1.0,1.0,1.0,1.0,1.0,1.0,1.0,36.719825,10.2192362,1600.0,25.0,0.0,285532.6189391474,285532.6189391474,218196.17024373435
3484,107.0,3.0,1.0,1.0,1.0,1.0,1.0,1.0,1.0,1.0,1.0,1.0,36.8065,10.188232,2537.88748564868,37.75,0.0,285532.6189391474,285532.6189391474,277143.4970760234
3985,129.0,4.0,4.0,1.0,1.0,1.0,1.0,1.0,1.0,1.0,1.0,1.0,36.8065,10.188232,3837.2093023255816,32.25,0.0,285532.6189391474,285532.6189391474,277143.4970760234
2665,74.0,2.0,1.0,1.0,1.0,1.0,1.0,1.0,1.0,1.0,1.0,1.0,36.8065,10.188232,2229.7297297297296,37.0,0.0,285532.6189391474,285532.6189391474,277143.4970760234
2793,74.0,3.0,1.0,1.0,1.0,1.0,1.0,1.0,1.0,1.0,1.0,1.0,36.8065,10.1815,7567.5675675675675,37.75,0.0,285532.6189391474,285532.6189391474,293441.4203821656
1528,50.0,1.0,1.0,1.0,1.0,1.0,1.0,1.0,1.0,1.0,1.0,1.0,36.8507178,10.2829345,4000.0,50.0,0.0,285532.6189391474,285532.6189391474,293441.4203821656
1607,117.0,1.0,3.0,1.0,1.0,1.0,1.0,1.0,1.0,1.0,1.0,1.0,36.66721,10.2979439,2307.6923076923076,117.0,3.0,285532.6189391474,285532.6189391474,218196.17024373435
3955,126.0,3.0,4.0,1.0,1.0,1.0,1.0,1.0,1.0,1.0,1.0,1.0,36.8065,10.1815,2500.0,37.75,4.0,285532.6189391474,285532.6189391474,293441.4203821656
4262,107.0,3.0,1.0,1.0,1.0,1.0,1.0,1.0,1.0,1.0,1.0,1.0,36.8065,10.1815,2537.88748564868,37.75,0.0,285532.6189391474,285532.6189391474,293441.4203821656
2843,115.0,3.0,1.0,1.0,1.0,1.0,1.0,1.0,1.0,1.0,1.0,1.0,36.8065,10.1815,2565.217391304348,37.75,0.0,285532.6189391474,285532.6189391474,293441.4203821656
3838,218.0,4.0,1.0,1.0,1.0,1.0,1.0,1.0,1.0,1.0,1.0,1.0,36.8065,10.1815,2155.9633027522937,54.5,0.0,285532.6189391474,285532.6189391474,293441.4203821656
3533,90.0,3.0,1.0,1.0,1.0,1.0,1.0,1.0,1.0,1.0,1.0,1.0,36.8065,10.1815,1333.3333333333333,30.0,0.0,285532.6189391474,285532.6189391474,293441.4203821656
1993,117.0,4.0,2.0,1.0,1.0,1.0,1.0,1.0,1.0,1.0,1.0,1.0,36.882,10.1953,2136.7521367521367,29.25,2.0,285532.6189391474,285532.6189391474,293441.4203821656
3214,91.0,3.0,1.0,1.0,1.0,1.0,1.0,1.0,1.0,1.0,1.0,1.0,36.8065,10.188232,3846.153846153846,37.75,0.0,285532.6189391474,285532.6189391474,277143.4970760234
2391,218.0,4.0,1.0,1.0,1.0,1.0,1.0,1.0,1.0,1.0,1.0,1.0,36.8398428,10.1851757,2155.9633027522937,54.5,0.0,285532.6189391474,285532.6189391474,293441.4203821656
1979,165.0,4.0,2.0,1.0,1.0,1.0,1.0,1.0,1.0,1.0,1.0,1.0,36.8619,10.287,3757.5757575757575,41.25,2.0,285532.6189391474,285532.6189391474,293441.4203821656
1765,194.0,4.0,3.0,1.0,1.0,1.0,1.0,1.0,1.0,1.0,1.0,1.0,37.2866017411356,9.861381051810522,1804.1237113402062,48.5,0.0,285532.6189391474,285532.6189391474,243467.8477263652
1305,201.0,4.0,1.0,1.0,1.0,1.0,1.0,1.0,1.0,1.0,1.0,1.0,35.842005,10.6058083,2238.805970149254,50.25,0.0,285532.6189391474,285532.6189391474,281505.570214618
2888,85.0,2.0,1.0,1.0,1.0,1.0,1.0,1.0,1.0,1.0,1.0,1.0,36.8065,10.1815,2094.1176470588234,42.5,0.0,285532.6189391474,285532.6189391474,293441.4203821656
1543,100.0,4.0,1.0,1.0,1.0,1.0,1.0,1.0,1.0,1.0,1.0,1.0,36.81232,10.1263143,1500.0,25.0,0.0,285532.6189391474,285532.6189391474,293441.4203821656
3634,107.0,1.0,1.0,1.0,1.0,1.0,1.0,1.0,1.0,1.0,1.0,1.0,36.8065,10.188232,2537.88748564868,37.75,0.0,285532.6189391474,285532.6189391474,277143.4970760234
2550,150.0,3.0,1.0,1.0,1.0,1.0,1.0,1.0,1.0,1.0,1.0,1.0,33.8439408,9.400138,2333.3333333333335,37.75,1.0,285532.6189391474,285532.6189391474,277143.4970760234
2756,151.0,4.0,1.0,1.0,1.0,1.0,1.0,1.0,1.0,1.0,1.0,1.0,36.8065,10.1815,993.3774834437086,37.75,1.0,285532.6189391474,285532.6189391474,293441.4203821656
622,60.0,3.0,3.0,1.0,1.0,1.0,1.0,1.0,1.0,1.0,1.0,1.0,36.7313788,10.3363985,2166.6666666666665,20.0,0.0,285532.6189391474,285532.6189391474,218196.17024373435
4207,100.0,3.0,1.0,1.0,1.0,1.0,1.0,1.0,1.0,1.0,1.0,1.0,36.8065,10.1815,3200.0,37.75,0.0,285532.6189391474,285532.6189391474,293441.4203821656
1495,103.0,3.0,1.0,1.0,1.0,1.0,1.0,1.0,1.0,1.0,1.0,1.0,36.8456561,11.0935701,1456.3106796116506,34.333333333333336,0.0,285532.6189391474,285532.6189391474,300305.12820512813
110,60.0,2.0,1.0,1.0,1.0,1.0,1.0,1.0,1.0,1.0,1.0,1.0,36.8002068,10.1857757,4000.0,30.0,0.0,285532.6189391474,285532.6189391474,293441.4203821656
2279,85.0,3.0,4.0,1.0,1.0,1.0,1.0,1.0,1.0,1.0,1.0,1.0,35.79620174113699,10.663822559270285,1058.8235294117646,28.333333333333332,0.0,285532.6189391474,285532.6189391474,281505.570214618
3086,211.0,4.0,1.0,1.0,1.0,1.0,1.0,1.0,1.0,1.0,1.0,1.0,36.8065,10.1815,3270.142180094787,52.75,0.0,285532.6189391474,285532.6189391474,293441.4203821656
1169,80.0,3.0,1.0,1.0,1.0,1.0,1.0,1.0,1.0,1.0,1.0,1.0,36.7992041,10.1756221,1687.5,26.666666666666668,0.0,285532.6189391474,285532.6189391474,293441.4203821656
3387,105.0,3.0,1.0,1.0,1.0,1.0,1.0,1.0,1.0,1.0,1.0,1.0,36.8065,10.1815,4571.428571428572,35.0,0.0,285532.6189391474,285532.6189391474,293441.4203821656
232,85.0,2.0,0.0,1.0,1.0,1.0,1.0,1.0,1.0,1.0,1.0,1.0,36.8002068,10.1857757,2000.0,42.5,0.0,285532.6189391474,285532.6189391474,293441.4203821656
66,74.0,2.0,1.0,1.0,1.0,1.0,1.0,1.0,1.0,1.0,1.0,1.0,36.4512897,10.7355915,3310.810810810811,37.0,0.0,285532.6189391474,285532.6189391474,300305.12820512813
4246,118.0,3.0,1.0,1.0,1.0,1.0,1.0,1.0,1.0,1.0,1.0,1.0,36.8065,10.1815,2406.7796610169494,37.75,0.0,285532.6189391474,285532.6189391474,293441.4203821656
2076,86.0,2.0,3.0,1.0,1.0,1.0,1.0,1.0,1.0,1.0,1.0,1.0,35.7041,10.1066,2302.3255813953488,43.0,3.0,285532.6189391474,285532.6189391474,264460.8237615568
2196,80.0,2.0,3.0,1.0,1.0,1.0,1.0,1.0,1.0,1.0,1.0,1.0,35.86520174113693,10.599122491903689,1687.5,40.0,0.0,285532.6189391474,285532.6189391474,281505.570214618
536,63.0,3.0,1.0,1.0,1.0,1.0,1.0,1.0,1.0,1.0,1.0,1.0,36.8065,10.1815,2222.222222222222,21.0,0.0,285532.6189391474,285532.6189391474,293441.4203821656
125,167.0,2.0,1.0,1.0,1.0,1.0,1.0,1.0,1.0,1.0,1.0,1.0,36.8002068,10.1857757,2275.4491017964074,83.5,0.0,285532.6189391474,285532.6189391474,293441.4203821656
2137,130.0,2.0,3.0,1.0,1.0,1.0,1.0,1.0,1.0,1.0,1.0,1.0,35.7498,10.7091,1461.5384615384614,65.0,0.0,285532.6189391474,285532.6189391474,309845.8833033952
1254,97.0,3.0,1.0,1.0,1.0,1.0,1.0,1.0,1.0,1.0,1.0,1.0,37.2720905,9.8708565,2164.9484536082473,32.333333333333336,0.0,285532.6189391474,285532.6189391474,243467.8477263652
3438,153.0,3.0,1.0,1.0,1.0,1.0,1.0,1.0,1.0,1.0,1.0,1.0,36.8065,10.188232,1241.8300653594772,37.75,0.0,285532.6189391474,285532.6189391474,277143.4970760234
1980,120.0,3.0,3.0,1.0,1.0,1.0,1.0,1.0,1.0,1.0,1.0,1.0,36.833401741136015,10.141421522004327,2475.0,40.0,3.0,285532.6189391474,285532.6189391474,293441.4203821656
4142,80.0,3.0,3.0,1.0,1.0,1.0,1.0,1.0,1.0,1.0,1.0,1.0,36.8065,10.1815,1187.5,26.666666666666668,0.0,285532.6189391474,285532.6189391474,293441.4203821656
3947,145.0,3.0,2.0,1.0,1.0,1.0,1.0,1.0,1.0,1.0,1.0,1.0,36.8065,10.1815,3379.310344827586,37.75,0.0,285532.6189391474,285532.6189391474,293441.4203821656
2079,110.0,2.0,0.0,1.0,1.0,1.0,1.0,1.0,1.0,1.0,1.0,1.0,35.5580017411372,11.026422790075724,2363.6363636363635,55.0,0.0,285532.6189391474,285532.6189391474,276683.9253054531
484,54.0,2.0,1.0,1.0,1.0,1.0,1.0,1.0,1.0,1.0,1.0,1.0,36.8479251,10.2611996,2870.3703703703704,27.0,0.0,285532.6189391474,285532.6189391474,293441.4203821656
1656,200.0,2.0,0.0,1.0,1.0,1.0,1.0,1.0,1.0,1.0,1.0,1.0,36.8240245,10.311616,1750.0,100.0,0.0,285532.6189391474,285532.6189391474,293441.4203821656
4031,110.0,3.0,1.0,1.0,1.0,1.0,1.0,1.0,1.0,1.0,1.0,1.0,36.8065,10.188232,3454.5454545454545,37.75,0.0,285532.6189391474,285532.6189391474,277143.4970760234
3087,106.0,3.0,1.0,1.0,1.0,1.0,1.0,1.0,1.0,1.0,1.0,1.0,36.8065,10.1815,3396.2264150943397,37.75,0.0,285532.6189391474,285532.6189391474,293441.4203821656
3454,107.0,4.0,1.0,1.0,1.0,1.0,1.0,1.0,1.0,1.0,1.0,1.0,36.8065,10.188232,2537.88748564868,37.75,0.0,285532.6189391474,285532.6189391474,277143.4970760234
3301,78.0,2.0,1.0,1.0,1.0,1.0,1.0,1.0,1.0,1.0,1.0,1.0,36.8065,10.188232,2820.5128205128203,39.0,0.0,285532.6189391474,285532.6189391474,277143.4970760234
1778,105.0,2.0,2.0,1.0,1.0,1.0,1.0,1.0,1.0,1.0,1.0,1.0,36.8442,11.1203,3619.0476190476193,52.5,0.0,285532.6189391474,285532.6189391474,300305.12820512813
2467,50.0,2.0,0.0,1.0,1.0,1.0,1.0,1.0,1.0,1.0,1.0,1.0,36.8065,10.1815,4160.0,25.0,0.0,285532.6189391474,285532.6189391474,293441.4203821656
3798,64.0,2.0,1.0,1.0,1.0,1.0,1.0,1.0,1.0,1.0,1.0,1.0,36.8065,10.1815,8750.0,32.0,0.0,285532.6189391474,285532.6189391474,293441.4203821656
918,154.0,4.0,1.0,1.0,1.0,1.0,1.0,1.0,1.0,1.0,1.0,1.0,36.7992041,10.1756221,2012.987012987013,38.5,0.0,285532.6189391474,285532.6189391474,293441.4203821656
1648,110.0,2.0,4.0,1.0,1.0,1.0,1.0,1.0,1.0,1.0,1.0,1.0,36.8587351,10.188232,1636.3636363636363,55.0,4.0,285532.6189391474,285532.6189391474,320375.0034842321
1026,45.0,2.0,1.0,1.0,1.0,1.0,1.0,1.0,1.0,1.0,1.0,1.0,36.8170699,10.1784812,2888.8888888888887,22.5,0.0,285532.6189391474,285532.6189391474,293441.4203821656
1030,120.0,3.0,1.0,1.0,1.0,1.0,1.0,1.0,1.0,1.0,1.0,1.0,35.8359686,10.5995321,2916.6666666666665,40.0,0.0,285532.6189391474,285532.6189391474,281505.570214618
882,182.0,3.0,1.0,1.0,1.0,1.0,1.0,1.0,1.0,1.0,1.0,1.0,37.2720905,9.8708565,2417.5824175824177,60.666666666666664,0.0,285532.6189391474,285532.6189391474,243467.8477263652
1335,58.0,3.0,1.0,1.0,1.0,1.0,1.0,1.0,1.0,1.0,1.0,1.0,36.7992041,10.1756221,2327.5862068965516,19.333333333333332,0.0,285532.6189391474,285532.6189391474,293441.4203821656
2895,80.0,4.0,1.0,1.0,1.0,1.0,1.0,1.0,1.0,1.0,1.0,1.0,37.2744,9.8739,1125.0,20.0,0.0,285532.6189391474,285532.6189391474,243467.8477263652
3478,117.0,3.0,6.0,1.0,1.0,1.0,1.0,1.0,1.0,1.0,1.0,1.0,36.8065,10.1815,1538.4615384615386,39.0,0.0,285532.6189391474,285532.6189391474,293441.4203821656
2848,107.0,3.0,1.0,1.0,1.0,1.0,1.0,1.0,1.0,1.0,1.0,1.0,36.8065,10.188232,2537.88748564868,37.75,1.0,285532.6189391474,285532.6189391474,277143.4970760234
364,120.0,3.0,0.0,1.0,1.0,1.0,1.0,1.0,1.0,1.0,1.0,1.0,36.4512897,10.7355915,1583.3333333333333,40.0,0.0,285532.6189391474,285532.6189391474,300305.12820512813
2129,82.0,2.0,5.0,1.0,1.0,1.0,1.0,1.0,1.0,1.0,1.0,1.0,35.7649,10.8099,1317.0731707317073,41.0,0.0,285532.6189391474,285532.6189391474,309845.8833033952
27,160.0,3.0,1.0,1.0,1.0,1.0,1.0,1.0,1.0,1.0,1.0,1.0,35.8288284,10.6405254,2000.0,53.333333333333336,0.0,285532.6189391474,285532.6189391474,281505.570214618
473,100.0,4.0,1.0,1.0,1.0,1.0,1.0,1.0,1.0,1.0,1.0,1.0,36.753,10.228,1800.0,25.0,0.0,285532.6189391474,285532.6189391474,218196.17024373435
525,80.0,3.0,2.0,1.0,1.0,1.0,1.0,1.0,1.0,1.0,1.0,1.0,36.81039,10.1713323,1187.5,26.666666666666668,0.0,285532.6189391474,285532.6189391474,293441.4203821656
725,90.0,3.0,1.0,1.0,1.0,1.0,1.0,1.0,1.0,1.0,1.0,1.0,36.719825,10.2192362,2444.4444444444443,30.0,0.0,285532.6189391474,285532.6189391474,218196.17024373435
55,72.0,6.0,0.0,1.0,1.0,1.0,1.0,1.0,1.0,1.0,1.0,1.0,36.4512897,10.7355915,8055.555555555556,12.0,0.0,285532.6189391474,285532.6189391474,300305.12820512813
638,100.0,2.0,1.0,1.0,1.0,1.0,1.0,1.0,1.0,1.0,1.0,1.0,36.9003542,11.0982607,1700.0,50.0,0.0,285532.6189391474,285532.6189391474,300305.12820512813
302,43.0,2.0,1.0,1.0,1.0,1.0,1.0,1.0,1.0,1.0,1.0,1.0,36.4512897,10.7355915,3372.093023255814,21.5,0.0,285532.6189391474,285532.6189391474,300305.12820512813
2925,123.0,3.0,3.0,1.0,1.0,1.0,1.0,1.0,1.0,1.0,1.0,1.0,36.8065,10.1815,1463.4146341463415,41.0,0.0,285532.6189391474,285532.6189391474,293441.4203821656
3640,100.0,3.0,1.0,1.0,1.0,1.0,1.0,1.0,1.0,1.0,1.0,1.0,36.8065,10.1815,3500.0,33.333333333333336,0.0,285532.6189391474,285532.6189391474,293441.4203821656
1276,122.0,4.0,3.0,1.0,1.0,1.0,1.0,1.0,1.0,1.0,1.0,1.0,36.8134113,10.1321911,2950.8196721311474,30.5,3.0,285532.6189391474,285532.6189391474,293441.4203821656
3686,51.0,3.0,1.0,1.0,1.0,1.0,1.0,1.0,1.0,1.0,1.0,1.0,36.8065,10.1815,6411.764705882353,37.75,0.0,285532.6189391474,285532.6189391474,293441.4203821656
624,110.0,4.0,1.0,1.0,1.0,1.0,1.0,1.0,1.0,1.0,1.0,1.0,36.8423974,10.1571247,3181.818181818182,27.5,0.0,285532.6189391474,285532.6189391474,293441.4203821656
2059,105.0,4.0,5.0,1.0,1.0,1.0,1.0,1.0,1.0,1.0,1.0,1.0,36.857501741136005,10.18492149726511,3047.6190476190477,26.25,5.0,285532.6189391474,285532.6189391474,293441.4203821656
1280,180.0,4.0,1.0,1.0,1.0,1.0,1.0,1.0,1.0,1.0,1.0,1.0,36.8065,10.1815,1444.4444444444443,45.0,0.0,285532.6189391474,285532.6189391474,293441.4203821656
1049,99.0,3.0,0.0,1.0,1.0,1.0,1.0,1.0,1.0,1.0,1.0,1.0,36.8149993,10.1342892,2121.212121212121,33.0,0.0,285532.6189391474,285532.6189391474,293441.4203821656
336,132.0,3.0,1.0,1.0,1.0,1.0,1.0,1.0,1.0,1.0,1.0,1.0,36.4512897,10.7355915,2500.0,44.0,1.0,285532.6189391474,285532.6189391474,300305.12820512813
47,133.0,2.0,0.0,1.0,1.0,1.0,1.0,1.0,1.0,1.0,1.0,1.0,36.4512897,10.7355915,2631.5789473684213,66.5,0.0,285532.6189391474,285532.6189391474,300305.12820512813
106,117.0,2.0,0.0,1.0,1.0,1.0,1.0,1.0,1.0,1.0,1.0,1.0,36.4512897,10.7355915,4700.854700854701,58.5,0.0,285532.6189391474,285532.6189391474,300305.12820512813
2449,107.0,2.0,3.0,1.0,1.0,1.0,1.0,1.0,1.0,1.0,1.0,1.0,36.7516855,10.2245072,2537.88748564868,37.75,3.0,285532.6189391474,285532.6189391474,218196.17024373435
1079,150.0,5.0,1.0,1.0,1.0,1.0,1.0,1.0,1.0,1.0,1.0,1.0,36.7992041,10.1756221,2600.0,30.0,0.0,285532.6189391474,285532.6189391474,293441.4203821656
2290,175.0,3.0,1.0,1.0,1.0,1.0,1.0,1.0,1.0,1.0,1.0,1.0,35.828201741136944,10.598522528056344,3142.8571428571427,58.333333333333336,0.0,285532.6189391474,285532.6189391474,281505.570214618
2265,137.0,3.0,3.0,1.0,1.0,1.0,1.0,1.0,1.0,1.0,1.0,1.0,35.83450174113695,10.59472252190528,2481.7518248175184,45.666666666666664,3.0,285532.6189391474,285532.6189391474,281505.570214618
1144,80.0,3.0,1.0,1.0,1.0,1.0,1.0,1.0,1.0,1.0,1.0,1.0,36.7992041,10.1756221,2000.0,26.666666666666668,0.0,285532.6189391474,285532.6189391474,293441.4203821656
3275,145.0,3.0,6.0,1.0,1.0,1.0,1.0,1.0,1.0,1.0,1.0,1.0,36.8065,10.188232,2655.1724137931033,48.333333333333336,6.0,285532.6189391474,285532.6189391474,277143.4970760234
2300,118.0,3.0,3.0,1.0,1.0,1.0,1.0,1.0,1.0,1.0,1.0,1.0,35.8254,10.6244,3224.576271186441,39.333333333333336,0.0,285532.6189391474,285532.6189391474,281505.570214618
3030,107.0,3.0,1.0,1.0,1.0,1.0,1.0,1.0,1.0,1.0,1.0,1.0,36.8065,10.1815,2537.88748564868,37.75,0.0,285532.6189391474,285532.6189391474,293441.4203821656
1840,120.0,4.0,0.0,1.0,1.0,1.0,1.0,1.0,1.0,1.0,1.0,1.0,36.8673,10.1632,3750.0,30.0,0.0,285532.6189391474,285532.6189391474,293441.4203821656
1757,51.0,3.0,1.0,1.0,1.0,1.0,1.0,1.0,1.0,1.0,1.0,1.0,37.26720174113561,9.868231072154725,2941.176470588235,17.0,0.0,285532.6189391474,285532.6189391474,243467.8477263652
1101,138.0,4.0,2.0,1.0,1.0,1.0,1.0,1.0,1.0,1.0,1.0,1.0,36.8456561,11.0935701,1340.5797101449275,34.5,0.0,285532.6189391474,285532.6189391474,300305.12820512813
1972,208.0,5.0,0.0,1.0,1.0,1.0,1.0,1.0,1.0,1.0,1.0,1.0,36.8079,10.1161,1538.4615384615386,41.6,0.0,285532.6189391474,285532.6189391474,293441.4203821656
3093,107.0,3.0,1.0,1.0,1.0,1.0,1.0,1.0,1.0,1.0,1.0,1.0,36.8065,10.1815,2537.88748564868,37.75,0.0,285532.6189391474,285532.6189391474,293441.4203821656
3885,85.0,2.0,1.0,1.0,1.0,1.0,1.0,1.0,1.0,1.0,1.0,1.0,36.8065,10.1815,1294.1176470588234,42.5,0.0,285532.6189391474,285532.6189391474,293441.4203821656
523,80.0,2.0,1.0,1.0,1.0,1.0,1.0,1.0,1.0,1.0,1.0,1.0,36.7868441,10.1790089,1250.0,40.0,0.0,285532.6189391474,285532.6189391474,293441.4203821656
2284,109.0,3.0,1.0,1.0,1.0,1.0,1.0,1.0,1.0,1.0,1.0,1.0,36.0227,10.5157,3587.1559633027523,36.333333333333336,0.0,285532.6189391474,285532.6189391474,281505.570214618
2825,70.0,3.0,1.0,1.0,1.0,1.0,1.0,1.0,1.0,1.0,1.0,1.0,36.8065,10.1815,5571.428571428572,37.75,0.0,285532.6189391474,285532.6189391474,293441.4203821656
1430,79.0,2.0,1.0,1.0,1.0,1.0,1.0,1.0,1.0,1.0,1.0,1.0,36.7313788,10.3363985,3063.2911392405063,39.5,0.0,285532.6189391474,285532.6189391474,218196.17024373435
2685,130.0,3.0,1.0,1.0,1.0,1.0,1.0,1.0,1.0,1.0,1.0,1.0,36.8065,10.1815,2923.076923076923,43.333333333333336,0.0,285532.6189391474,285532.6189391474,293441.4203821656
3639,107.0,3.0,1.0,1.0,1.0,1.0,1.0,1.0,1.0,1.0,1.0,1.0,36.8065,10.1815,2537.88748564868,37.75,0.0,285532.6189391474,285532.6189391474,293441.4203821656
603,64.0,2.0,1.0,1.0,1.0,1.0,1.0,1.0,1.0,1.0,1.0,1.0,36.8599292,10.1531585,3593.75,32.0,0.0,285532.6189391474,285532.6189391474,320375.0034842321
1491,120.0,4.0,1.0,1.0,1.0,1.0,1.0,1.0,1.0,1.0,1.0,1.0,36.7404497,10.3029461,2083.3333333333335,30.0,0.0,285532.6189391474,285532.6189391474,218196.17024373435
3213,50.0,3.0,1.0,1.0,1.0,1.0,1.0,1.0,1.0,1.0,1.0,1.0,36.8065,10.1815,5300.0,16.666666666666668,0.0,285532.6189391474,285532.6189391474,293441.4203821656
3876,118.0,2.0,1.0,1.0,1.0,1.0,1.0,1.0,1.0,1.0,1.0,1.0,36.8065,10.1815,2067.7966101694915,59.0,0.0,285532.6189391474,285532.6189391474,293441.4203821656
60,136.0,2.0,2.0,1.0,1.0,1.0,1.0,1.0,1.0,1.0,1.0,1.0,36.8002068,10.1857757,2352.9411764705883,68.0,0.0,285532.6189391474,285532.6189391474,293441.4203821656
3895,77.0,2.0,1.0,1.0,1.0,1.0,1.0,1.0,1.0,1.0,1.0,1.0,36.8065,10.1815,3246.753246753247,38.5,0.0,285532.6189391474,285532.6189391474,293441.4203821656
671,110.0,3.0,1.0,1.0,1.0,1.0,1.0,1.0,1.0,1.0,1.0,1.0,36.8457382,10.1317222,2454.5454545454545,36.666666666666664,0.0,285532.6189391474,285532.6189391474,320375.0034842321
92,55.0,2.0,0.0,1.0,1.0,1.0,1.0,1.0,1.0,1.0,1.0,1.0,36.7516855,10.2245072,4363.636363636364,27.5,0.0,285532.6189391474,285532.6189391474,218196.17024373435
666,96.0,1.0,4.0,1.0,1.0,1.0,1.0,1.0,1.0,1.0,1.0,1.0,35.842005,10.6058083,1927.0833333333333,96.0,4.0,285532.6189391474,285532.6189391474,281505.570214618
1891,100.0,3.0,1.0,1.0,1.0,1.0,1.0,1.0,1.0,1.0,1.0,1.0,36.85340174113601,10.13312150147594,3100.0,33.333333333333336,1.0,285532.6189391474,285532.6189391474,293441.4203821656
280,110.0,2.0,1.0,1.0,1.0,1.0,1.0,1.0,1.0,1.0,1.0,1.0,36.8002068,10.1857757,2272.7272727272725,55.0,1.0,285532.6189391474,285532.6189391474,293441.4203821656
1723,100.0,3.0,1.0,1.0,1.0,1.0,1.0,1.0,1.0,1.0,1.0,1.0,36.719825,10.2192362,1800.0,33.333333333333336,0.0,285532.6189391474,285532.6189391474,218196.17024373435
359,87.0,2.0,1.0,1.0,1.0,1.0,1.0,1.0,1.0,1.0,1.0,1.0,36.4512897,10.7355915,3793.103448275862,43.5,0.0,285532.6189391474,285532.6189391474,300305.12820512813
899,130.0,3.0,1.0,1.0,1.0,1.0,1.0,1.0,1.0,1.0,1.0,1.0,35.8749788,10.5935183,4153.846153846154,43.333333333333336,0.0,285532.6189391474,285532.6189391474,281505.570214618
1939,94.0,2.0,1.0,1.0,1.0,1.0,1.0,1.0,1.0,1.0,1.0,1.0,36.89500174113597,10.2949214587118,2659.574468085106,47.0,0.0,285532.6189391474,285532.6189391474,293441.4203821656
1998,128.0,4.0,0.0,1.0,1.0,1.0,1.0,1.0,1.0,1.0,1.0,1.0,36.88330174113597,10.212321470748108,2148.4375,32.0,0.0,285532.6189391474,285532.6189391474,293441.4203821656
3880,95.0,3.0,1.0,1.0,1.0,1.0,1.0,1.0,1.0,1.0,1.0,1.0,37.2744,9.8739,2105.2631578947367,31.666666666666668,0.0,285532.6189391474,285532.6189391474,243467.8477263652
760,80.0,3.0,2.0,1.0,1.0,1.0,1.0,1.0,1.0,1.0,1.0,1.0,36.8507178,10.2829345,3000.0,26.666666666666668,2.0,285532.6189391474,285532.6189391474,293441.4203821656
2162,193.0,5.0,1.0,1.0,1.0,1.0,1.0,1.0,1.0,1.0,1.0,1.0,34.7813017411379,10.750023524085703,984.4559585492228,38.6,0.0,285532.6189391474,285532.6189391474,245349.25277465454
3664,160.0,4.0,1.0,1.0,1.0,1.0,1.0,1.0,1.0,1.0,1.0,1.0,36.8065,10.1815,2625.0,40.0,0.0,285532.6189391474,285532.6189391474,293441.4203821656
42,75.0,3.0,1.0,1.0,1.0,1.0,1.0,1.0,1.0,1.0,1.0,1.0,36.7516855,10.2245072,1466.6666666666667,25.0,0.0,285532.6189391474,285532.6189391474,218196.17024373435
2177,103.0,3.0,0.0,1.0,1.0,1.0,1.0,1.0,1.0,1.0,1.0,1.0,35.873,10.6036,3983.4368932038833,34.333333333333336,0.0,285532.6189391474,285532.6189391474,281505.570214618
204,142.0,2.0,1.0,1.0,1.0,1.0,1.0,1.0,1.0,1.0,1.0,1.0,36.8002068,10.1857757,2323.943661971831,71.0,0.0,285532.6189391474,285532.6189391474,293441.4203821656
1475,170.0,5.0,2.0,1.0,1.0,1.0,1.0,1.0,1.0,1.0,1.0,1.0,36.7992041,10.1756221,1617.6470588235295,34.0,0.0,285532.6189391474,285532.6189391474,293441.4203821656
2104,186.0,3.0,0.0,1.0,1.0,1.0,1.0,1.0,1.0,1.0,1.0,1.0,35.413401741137314,11.03912292886862,2956.989247311828,62.0,0.0,285532.6189391474,285532.6189391474,276683.9253054531
2697,64.0,2.0,1.0,1.0,1.0,1.0,1.0,1.0,1.0,1.0,1.0,1.0,36.8065,10.1815,3841.140625,32.0,0.0,285532.6189391474,285532.6189391474,293441.4203821656
68,7.0,2.0,1.0,1.0,1.0,1.0,1.0,1.0,1.0,1.0,1.0,1.0,36.4512897,10.7355915,70000.0,3.5,1.0,285532.6189391474,285532.6189391474,300305.12820512813
1879,92.0,3.0,3.0,1.0,1.0,1.0,1.0,1.0,1.0,1.0,1.0,1.0,36.86580174113599,10.183721488738138,1923.9130434782608,30.666666666666668,0.0,285532.6189391474,285532.6189391474,293441.4203821656
3017,107.0,2.0,1.0,1.0,1.0,1.0,1.0,1.0,1.0,1.0,1.0,1.0,36.8065,10.1815,2537.88748564868,37.75,0.0,285532.6189391474,285532.6189391474,293441.4203821656
3264,220.0,4.0,1.0,1.0,1.0,1.0,1.0,1.0,1.0,1.0,1.0,1.0,36.8065,10.1815,1090.909090909091,55.0,0.0,285532.6189391474,285532.6189391474,293441.4203821656
2235,90.0,2.0,5.0,1.0,1.0,1.0,1.0,1.0,1.0,1.0,1.0,1.0,35.83380174113695,10.630522522588828,1644.4444444444443,45.0,0.0,285532.6189391474,285532.6189391474,281505.570214618
137,50.0,2.0,1.0,1.0,1.0,1.0,1.0,1.0,1.0,1.0,1.0,1.0,36.4512897,10.7355915,5300.0,25.0,0.0,285532.6189391474,285532.6189391474,300305.12820512813
796,97.0,1.0,6.0,1.0,1.0,1.0,1.0,1.0,1.0,1.0,1.0,1.0,36.8507178,10.2829345,3041.237113402062,97.0,6.0,285532.6189391474,285532.6189391474,293441.4203821656
2184,64.0,2.0,1.0,1.0,1.0,1.0,1.0,1.0,1.0,1.0,1.0,1.0,36.0228,10.516,4390.625,32.0,0.0,285532.6189391474,285532.6189391474,281505.570214618
2132,99.0,2.0,0.0,1.0,1.0,1.0,1.0,1.0,1.0,1.0,1.0,1.0,35.768601741137005,10.82392258615273,3535.3535353535353,49.5,0.0,285532.6189391474,285532.6189391474,309845.8833033952
758,155.0,5.0,0.0,1.0,1.0,1.0,1.0,1.0,1.0,1.0,1.0,1.0,36.8599292,10.1531585,2870.967741935484,31.0,0.0,285532.6189391474,285532.6189391474,320375.0034842321
541,168.0,4.0,2.0,1.0,1.0,1.0,1.0,1.0,1.0,1.0,1.0,1.0,36.8749751,10.2454267,3797.6190476190477,42.0,0.0,285532.6189391474,285532.6189391474,320375.0034842321
1019,100.0,2.0,2.0,1.0,1.0,1.0,1.0,1.0,1.0,1.0,1.0,1.0,36.7575659,10.244981,2100.0,50.0,2.0,285532.6189391474,285532.6189391474,218196.17024373435
3441,113.0,3.0,1.0,1.0,1.0,1.0,1.0,1.0,1.0,1.0,1.0,1.0,36.8065,10.1815,3982.3008849557523,37.75,1.0,285532.6189391474,285532.6189391474,293441.4203821656
165,55.0,2.0,1.0,1.0,1.0,1.0,1.0,1.0,1.0,1.0,1.0,1.0,36.8587351,10.188232,4381.818181818182,27.5,0.0,285532.6189391474,285532.6189391474,320375.0034842321
248,120.0,2.0,1.0,1.0,1.0,1.0,1.0,1.0,1.0,1.0,1.0,1.0,35.7707582,10.8280511,3666.6666666666665,60.0,0.0,285532.6189391474,285532.6189391474,309845.8833033952
1331,160.0,3.0,1.0,1.0,1.0,1.0,1.0,1.0,1.0,1.0,1.0,1.0,36.4512897,10.7355915,2687.5,53.333333333333336,0.0,285532.6189391474,285532.6189391474,300305.12820512813
2021,126.0,3.0,6.0,1.0,1.0,1.0,1.0,1.0,1.0,1.0,1.0,1.0,36.8626,10.291,3571.4285714285716,42.0,0.0,285532.6189391474,285532.6189391474,293441.4203821656
446,100.0,2.0,1.0,1.0,1.0,1.0,1.0,1.0,1.0,1.0,1.0,1.0,36.9003542,11.0982607,2100.0,50.0,0.0,285532.6189391474,285532.6189391474,300305.12820512813
2561,107.0,2.0,1.0,1.0,1.0,1.0,1.0,1.0,1.0,1.0,1.0,1.0,36.8065,10.1815,2537.88748564868,37.75,0.0,285532.6189391474,285532.6189391474,293441.4203821656
3110,73.0,3.0,1.0,1.0,1.0,1.0,1.0,1.0,1.0,1.0,1.0,1.0,36.4561,10.7376,2123.2876712328766,24.333333333333332,0.0,285532.6189391474,285532.6189391474,300305.12820512813
1359,175.0,1.0,1.0,1.0,1.0,1.0,1.0,1.0,1.0,1.0,1.0,1.0,36.8811985,10.211819,3314.285714285714,175.0,0.0,285532.6189391474,285532.6189391474,320375.0034842321
3034,122.0,2.0,1.0,1.0,1.0,1.0,1.0,1.0,1.0,1.0,1.0,1.0,36.8065,10.1815,1786.8852459016393,61.0,0.0,285532.6189391474,285532.6189391474,293441.4203821656
2149,87.0,2.0,2.0,1.0,1.0,1.0,1.0,1.0,1.0,1.0,1.0,1.0,35.7717,10.8311,1942.528735632184,43.5,0.0,285532.6189391474,285532.6189391474,309845.8833033952
1329,189.0,4.0,1.0,1.0,1.0,1.0,1.0,1.0,1.0,1.0,1.0,1.0,36.8065,10.1815,1375.6613756613756,47.25,0.0,285532.6189391474,285532.6189391474,293441.4203821656
4266,125.0,3.0,1.0,1.0,1.0,1.0,1.0,1.0,1.0,1.0,1.0,1.0,36.8065,10.1815,2000.0,37.75,0.0,285532.6189391474,285532.6189391474,293441.4203821656
2951,107.0,3.0,1.0,1.0,1.0,1.0,1.0,1.0,1.0,1.0,1.0,1.0,36.8065,10.1815,2537.88748564868,37.75,0.0,285532.6189391474,285532.6189391474,293441.4203821656
4160,51.0,2.0,3.0,1.0,1.0,1.0,1.0,1.0,1.0,1.0,1.0,1.0,36.8065,10.188232,3529.4117647058824,25.5,0.0,285532.6189391474,285532.6189391474,277143.4970760234
2154,191.0,4.0,0.0,1.0,1.0,1.0,1.0,1.0,1.0,1.0,1.0,1.0,35.753101741137016,10.8254226012337,2931.937172774869,47.75,0.0,285532.6189391474,285532.6189391474,309845.8833033952
434,140.0,4.0,2.0,1.0,1.0,1.0,1.0,1.0,1.0,1.0,1.0,1.0,36.8443809,10.1819354,2214.285714285714,35.0,2.0,285532.6189391474,285532.6189391474,293441.4203821656
2126,76.0,3.0,0.0,1.0,1.0,1.0,1.0,1.0,1.0,1.0,1.0,1.0,35.7462,10.715,2171.0526315789475,25.333333333333332,0.0,285532.6189391474,285532.6189391474,309845.8833033952
577,119.0,3.0,0.0,1.0,1.0,1.0,1.0,1.0,1.0,1.0,1.0,1.0,36.8852466,10.2438059,4697.4789915966385,39.666666666666664,0.0,285532.6189391474,285532.6189391474,320375.0034842321
3102,107.0,3.0,1.0,1.0,1.0,1.0,1.0,1.0,1.0,1.0,1.0,1.0,35.8245,10.6346,2537.88748564868,37.75,0.0,285532.6189391474,285532.6189391474,281505.570214618
3281,107.0,3.0,4.0,1.0,1.0,1.0,1.0,1.0,1.0,1.0,1.0,1.0,36.8065,10.188232,2537.88748564868,37.75,4.0,285532.6189391474,285532.6189391474,277143.4970760234
4092,160.0,4.0,2.0,1.0,1.0,1.0,1.0,1.0,1.0,1.0,1.0,1.0,36.8065,10.1815,3062.5,40.0,0.0,285532.6189391474,285532.6189391474,293441.4203821656
3884,108.0,3.0,1.0,1.0,1.0,1.0,1.0,1.0,1.0,1.0,1.0,1.0,36.8065,10.188232,2546.296296296296,37.75,0.0,285532.6189391474,285532.6189391474,277143.4970760234
2517,107.0,5.0,1.0,1.0,1.0,1.0,1.0,1.0,1.0,1.0,1.0,1.0,36.8065,10.1815,2537.88748564868,37.75,0.0,285532.6189391474,285532.6189391474,293441.4203821656
1852,110.0,3.0,2.0,1.0,1.0,1.0,1.0,1.0,1.0,1.0,1.0,1.0,36.87,10.1971,2363.6363636363635,36.666666666666664,0.0,285532.6189391474,285532.6189391474,293441.4203821656
762,87.0,2.0,0.0,1.0,1.0,1.0,1.0,1.0,1.0,1.0,1.0,1.0,36.8479251,10.2611996,3333.3333333333335,43.5,0.0,285532.6189391474,285532.6189391474,293441.4203821656
388,100.0,3.0,1.0,1.0,1.0,1.0,1.0,1.0,1.0,1.0,1.0,1.0,36.4012665,10.5572827,3500.0,33.333333333333336,0.0,285532.6189391474,285532.6189391474,300305.12820512813
235,130.0,2.0,1.0,1.0,1.0,1.0,1.0,1.0,1.0,1.0,1.0,1.0,36.7516855,10.2245072,1538.4615384615386,65.0,0.0,285532.6189391474,285532.6189391474,218196.17024373435
3637,107.0,3.0,1.0,1.0,1.0,1.0,1.0,1.0,1.0,1.0,1.0,1.0,36.8065,10.1815,2537.88748564868,37.75,0.0,285532.6189391474,285532.6189391474,293441.4203821656
1988,130.0,3.0,1.0,1.0,1.0,1.0,1.0,1.0,1.0,1.0,1.0,1.0,36.88060174113598,10.22482147352473,2730.769230769231,43.333333333333336,0.0,285532.6189391474,285532.6189391474,293441.4203821656
267,102.0,2.0,1.0,1.0,1.0,1.0,1.0,1.0,1.0,1.0,1.0,1.0,36.7516855,10.2245072,2058.823529411765,51.0,1.0,285532.6189391474,285532.6189391474,218196.17024373435
770,73.0,2.0,1.0,1.0,1.0,1.0,1.0,1.0,1.0,1.0,1.0,1.0,35.8245,10.6346,4794.520547945205,36.5,0.0,285532.6189391474,285532.6189391474,281505.570214618
2169,110.0,2.0,2.0,1.0,1.0,1.0,1.0,1.0,1.0,1.0,1.0,1.0,34.72900174113795,10.73362357250704,1863.6363636363637,55.0,0.0,285532.6189391474,285532.6189391474,245349.25277465454
437,175.0,5.0,1.0,1.0,1.0,1.0,1.0,1.0,1.0,1.0,1.0,1.0,36.8336187,10.1471736,2571.4285714285716,35.0,0.0,285532.6189391474,285532.6189391474,293441.4203821656
673,90.0,3.0,1.0,1.0,1.0,1.0,1.0,1.0,1.0,1.0,1.0,1.0,36.7992041,10.1756221,1333.3333333333333,37.75,0.0,285532.6189391474,285532.6189391474,293441.4203821656
249,82.0,2.0,1.0,1.0,1.0,1.0,1.0,1.0,1.0,1.0,1.0,1.0,36.8065,10.188232,2439.0243902439024,41.0,0.0,285532.6189391474,285532.6189391474,277143.4970760234
2205,80.0,4.0,2.0,1.0,1.0,1.0,1.0,1.0,1.0,1.0,1.0,1.0,35.846001741136924,10.595722510672225,2625.0,20.0,0.0,285532.6189391474,285532.6189391474,281505.570214618
1576,200.0,5.0,0.0,1.0,1.0,1.0,1.0,1.0,1.0,1.0,1.0,1.0,36.7571648,10.014927,1500.0,40.0,0.0,285532.6189391474,285532.6189391474,240180.81353797184
2146,137.0,4.0,3.0,1.0,1.0,1.0,1.0,1.0,1.0,1.0,1.0,1.0,35.75620174113702,10.82742259821843,3430.6569343065694,34.25,0.0,285532.6189391474,285532.6189391474,309845.8833033952
2085,116.0,2.0,3.0,1.0,1.0,1.0,1.0,1.0,1.0,1.0,1.0,1.0,35.51790174113723,11.039822828664647,3275.862068965517,58.0,3.0,285532.6189391474,285532.6189391474,276683.9253054531
3658,90.0,3.0,1.0,1.0,1.0,1.0,1.0,1.0,1.0,1.0,1.0,1.0,36.8065,10.1815,3555.5555555555557,37.75,0.0,285532.6189391474,285532.6189391474,293441.4203821656
3573,90.0,3.0,1.0,1.0,1.0,1.0,1.0,1.0,1.0,1.0,1.0,1.0,36.8065,10.188232,3100.0,37.75,0.0,285532.6189391474,285532.6189391474,277143.4970760234
3882,300.0,2.0,1.0,1.0,1.0,1.0,1.0,1.0,1.0,1.0,1.0,1.0,36.8065,10.1815,316.6666666666667,150.0,0.0,285532.6189391474,285532.6189391474,293441.4203821656
448,160.0,5.0,1.0,1.0,1.0,1.0,1.0,1.0,1.0,1.0,1.0,1.0,36.7136861,10.3691813,2000.0,32.0,0.0,285532.6189391474,285532.6189391474,218196.17024373435
1471,170.0,4.0,1.0,1.0,1.0,1.0,1.0,1.0,1.0,1.0,1.0,1.0,36.8065,10.1815,1529.4117647058824,42.5,0.0,285532.6189391474,285532.6189391474,293441.4203821656
716,107.0,3.0,1.0,1.0,1.0,1.0,1.0,1.0,1.0,1.0,1.0,1.0,36.7992041,10.1756221,2537.88748564868,37.75,0.0,285532.6189391474,285532.6189391474,293441.4203821656
3292,168.0,3.0,1.0,1.0,1.0,1.0,1.0,1.0,1.0,1.0,1.0,1.0,36.8065,10.1815,1279.7619047619048,37.75,0.0,285532.6189391474,285532.6189391474,293441.4203821656
3650,107.0,2.0,1.0,1.0,1.0,1.0,1.0,1.0,1.0,1.0,1.0,1.0,36.8065,10.1815,2537.88748564868,37.75,0.0,285532.6189391474,285532.6189391474,293441.4203821656
2052,141.0,3.0,1.0,1.0,1.0,1.0,1.0,1.0,1.0,1.0,1.0,1.0,36.8587,10.2784,2978.723404255319,37.75,1.0,285532.6189391474,285532.6189391474,293441.4203821656
1905,145.0,4.0,5.0,1.0,1.0,1.0,1.0,1.0,1.0,1.0,1.0,1.0,36.861901741136,10.165721492745224,2344.8275862068967,36.25,0.0,285532.6189391474,285532.6189391474,293441.4203821656
3963,114.0,2.0,0.0,1.0,1.0,1.0,1.0,1.0,1.0,1.0,1.0,1.0,36.8065,10.1815,2982.4561403508774,57.0,0.0,285532.6189391474,285532.6189391474,293441.4203821656
1168,90.0,3.0,1.0,1.0,1.0,1.0,1.0,1.0,1.0,1.0,1.0,1.0,36.7992041,10.1756221,1777.7777777777778,30.0,0.0,285532.6189391474,285532.6189391474,293441.4203821656
82,94.0,3.0,4.0,1.0,1.0,1.0,1.0,1.0,1.0,1.0,1.0,1.0,36.8065,10.188232,1574.468085106383,31.333333333333332,4.0,285532.6189391474,285532.6189391474,277143.4970760234
3328,154.0,3.0,5.0,1.0,1.0,1.0,1.0,1.0,1.0,1.0,1.0,1.0,36.8065,10.188232,2467.5324675324673,37.75,5.0,285532.6189391474,285532.6189391474,277143.4970760234
2863,107.0,3.0,1.0,1.0,1.0,1.0,1.0,1.0,1.0,1.0,1.0,1.0,36.8065,10.188232,2537.88748564868,37.75,0.0,285532.6189391474,285532.6189391474,277143.4970760234
1462,120.0,3.0,1.0,1.0,1.0,1.0,1.0,1.0,1.0,1.0,1.0,1.0,36.7404497,10.3029461,2083.3333333333335,40.0,0.0,285532.6189391474,285532.6189391474,218196.17024373435
2995,140.0,3.0,1.0,1.0,1.0,1.0,1.0,1.0,1.0,1.0,1.0,1.0,36.8065,10.1815,2071.4285714285716,37.75,0.0,285532.6189391474,285532.6189391474,293441.4203821656
1897,177.0,4.0,1.0,1.0,1.0,1.0,1.0,1.0,1.0,1.0,1.0,1.0,36.86650174113599,10.310221488018836,3559.322033898305,44.25,0.0,285532.6189391474,285532.6189391474,293441.4203821656
1670,50.0,1.0,1.0,1.0,1.0,1.0,1.0,1.0,1.0,1.0,1.0,1.0,36.8149179,10.1907702,1900.0,50.0,0.0,285532.6189391474,285532.6189391474,293441.4203821656
2908,139.0,3.0,3.0,1.0,1.0,1.0,1.0,1.0,1.0,1.0,1.0,1.0,36.8065,10.188232,3500.0,46.333333333333336,3.0,285532.6189391474,285532.6189391474,277143.4970760234
2004,154.0,3.0,4.0,1.0,1.0,1.0,1.0,1.0,1.0,1.0,1.0,1.0,36.836501741136026,10.145121518823755,2435.064935064935,51.333333333333336,4.0,285532.6189391474,285532.6189391474,293441.4203821656
475,90.0,3.0,1.0,1.0,1.0,1.0,1.0,1.0,1.0,1.0,1.0,1.0,36.8507178,10.2829345,3611.1111111111113,30.0,0.0,285532.6189391474,285532.6189391474,293441.4203821656
517,150.0,4.0,1.0,1.0,1.0,1.0,1.0,1.0,1.0,1.0,1.0,1.0,36.8599292,10.1531585,2466.6666666666665,37.5,0.0,285532.6189391474,285532.6189391474,320375.0034842321
3614,70.0,3.0,1.0,1.0,1.0,1.0,1.0,1.0,1.0,1.0,1.0,1.0,36.8065,10.1815,2000.0,37.75,0.0,285532.6189391474,285532.6189391474,293441.4203821656
404,110.0,3.0,0.0,1.0,1.0,1.0,1.0,1.0,1.0,1.0,1.0,1.0,36.8606537,10.2087006,1727.2727272727273,36.666666666666664,0.0,285532.6189391474,285532.6189391474,320375.0034842321
384,146.0,4.0,1.0,1.0,1.0,1.0,1.0,1.0,1.0,1.0,1.0,1.0,36.8541206,10.1626718,2260.27397260274,36.5,0.0,285532.6189391474,285532.6189391474,320375.0034842321
3401,115.0,4.0,0.0,1.0,1.0,1.0,1.0,1.0,1.0,1.0,1.0,1.0,36.8065,10.1815,2782.608695652174,28.75,0.0,285532.6189391474,285532.6189391474,293441.4203821656
2156,103.0,3.0,4.0,1.0,1.0,1.0,1.0,1.0,1.0,1.0,1.0,1.0,35.7603,10.7324,5242.718446601942,34.333333333333336,0.0,285532.6189391474,285532.6189391474,309845.8833033952
1635,170.0,4.0,1.0,1.0,1.0,1.0,1.0,1.0,1.0,1.0,1.0,1.0,36.8479251,10.2611996,2470.5882352941176,42.5,0.0,285532.6189391474,285532.6189391474,293441.4203821656
4077,101.0,3.0,1.0,1.0,1.0,1.0,1.0,1.0,1.0,1.0,1.0,1.0,36.8065,10.1815,6000.0,37.75,0.0,285532.6189391474,285532.6189391474,293441.4203821656
688,163.0,3.0,1.0,1.0,1.0,1.0,1.0,1.0,1.0,1.0,1.0,1.0,36.4012665,10.5572827,1963.1901840490798,54.333333333333336,0.0,285532.6189391474,285532.6189391474,300305.12820512813
3359,147.0,3.0,1.0,1.0,1.0,1.0,1.0,1.0,1.0,1.0,1.0,1.0,36.8065,10.1815,1666.6666666666667,49.0,0.0,285532.6189391474,285532.6189391474,293441.4203821656
3073,120.0,3.0,1.0,1.0,1.0,1.0,1.0,1.0,1.0,1.0,1.0,1.0,36.8625,10.1956,3166.6666666666665,37.75,0.0,285532.6189391474,285532.6189391474,320375.0034842321
1240,54.0,1.0,1.0,1.0,1.0,1.0,1.0,1.0,1.0,1.0,1.0,1.0,36.4561,10.7376,4444.444444444444,54.0,0.0,285532.6189391474,285532.6189391474,300305.12820512813
62,78.0,2.0,1.0,1.0,1.0,1.0,1.0,1.0,1.0,1.0,1.0,1.0,36.4512897,10.7355915,2820.5128205128203,39.0,0.0,285532.6189391474,285532.6189391474,300305.12820512813
852,80.0,2.0,3.0,1.0,1.0,1.0,1.0,1.0,1.0,1.0,1.0,1.0,36.8456561,11.0935701,2750.0,40.0,0.0,285532.6189391474,285532.6189391474,300305.12820512813
3897,100.0,3.0,0.0,1.0,1.0,1.0,1.0,1.0,1.0,1.0,1.0,1.0,37.2744,9.8739,2400.0,37.75,0.0,285532.6189391474,285532.6189391474,243467.8477263652
3418,107.0,3.0,1.0,1.0,1.0,1.0,1.0,1.0,1.0,1.0,1.0,1.0,36.8065,10.1815,2537.88748564868,37.75,0.0,285532.6189391474,285532.6189391474,293441.4203821656
1262,100.0,4.0,2.0,1.0,1.0,1.0,1.0,1.0,1.0,1.0,1.0,1.0,36.753,10.228,1760.0,25.0,0.0,285532.6189391474,285532.6189391474,218196.17024373435
223,85.0,2.0,0.0,1.0,1.0,1.0,1.0,1.0,1.0,1.0,1.0,1.0,35.8288284,10.6405254,4235.294117647059,42.5,0.0,285532.6189391474,285532.6189391474,281505.570214618
2197,56.0,2.0,1.0,1.0,1.0,1.0,1.0,1.0,1.0,1.0,1.0,1.0,35.873,10.6039,4464.285714285715,28.0,0.0,285532.6189391474,285532.6189391474,281505.570214618
373,95.0,2.0,1.0,1.0,1.0,1.0,1.0,1.0,1.0,1.0,1.0,1.0,36.4512897,10.7355915,1736.842105263158,47.5,0.0,285532.6189391474,285532.6189391474,300305.12820512813
1828,139.0,3.0,5.0,1.0,1.0,1.0,1.0,1.0,1.0,1.0,1.0,1.0,36.70610174113615,10.214621652192786,2410.071942446043,46.333333333333336,5.0,285532.6189391474,285532.6189391474,293441.4203821656
3517,90.0,3.0,1.0,1.0,1.0,1.0,1.0,1.0,1.0,1.0,1.0,1.0,36.8065,10.1815,3500.0,37.75,0.0,285532.6189391474,285532.6189391474,293441.4203821656
4095,100.0,3.0,1.0,1.0,1.0,1.0,1.0,1.0,1.0,1.0,1.0,1.0,36.8065,10.1815,1320.0,37.75,0.0,285532.6189391474,285532.6189391474,293441.4203821656
3620,210.0,6.0,1.0,1.0,1.0,1.0,1.0,1.0,1.0,1.0,1.0,1.0,36.8065,10.1815,1190.4761904761904,35.0,0.0,285532.6189391474,285532.6189391474,293441.4203821656
3777,107.0,3.0,1.0,1.0,1.0,1.0,1.0,1.0,1.0,1.0,1.0,1.0,36.8065,10.188232,2537.88748564868,37.75,0.0,285532.6189391474,285532.6189391474,277143.4970760234
3070,139.0,3.0,1.0,1.0,1.0,1.0,1.0,1.0,1.0,1.0,1.0,1.0,36.8065,10.1815,3496.4028776978416,37.75,0.0,285532.6189391474,285532.6189391474,293441.4203821656
9,125.0,4.0,1.0,1.0,1.0,1.0,1.0,1.0,1.0,1.0,1.0,1.0,36.4512897,10.7355915,3600.0,31.25,0.0,285532.6189391474,285532.6189391474,300305.12820512813
2579,79.0,2.0,1.0,1.0,1.0,1.0,1.0,1.0,1.0,1.0,1.0,1.0,36.8065,10.1815,2784.8101265822784,39.5,0.0,285532.6189391474,285532.6189391474,293441.4203821656
1948,120.0,4.0,1.0,1.0,1.0,1.0,1.0,1.0,1.0,1.0,1.0,1.0,36.7962,10.0826,1541.6666666666667,30.0,0.0,285532.6189391474,285532.6189391474,293441.4203821656
1842,145.0,3.0,5.0,1.0,1.0,1.0,1.0,1.0,1.0,1.0,1.0,1.0,36.8544,10.2988,3793.103448275862,48.333333333333336,0.0,285532.6189391474,285532.6189391474,293441.4203821656
708,100.0,3.0,4.0,1.0,1.0,1.0,1.0,1.0,1.0,1.0,1.0,1.0,35.8749788,10.5935183,3500.0,33.333333333333336,4.0,285532.6189391474,285532.6189391474,281505.570214618
255,200.0,6.0,0.0,1.0,1.0,1.0,1.0,1.0,1.0,1.0,1.0,1.0,36.3994751,10.1446349,1600.0,33.333333333333336,0.0,285532.6189391474,285532.6189391474,276182.4319085114
3138,120.0,3.0,0.0,1.0,1.0,1.0,1.0,1.0,1.0,1.0,1.0,1.0,36.8065,10.1815,3333.3333333333335,37.75,0.0,285532.6189391474,285532.6189391474,293441.4203821656
1619,80.0,2.0,1.0,1.0,1.0,1.0,1.0,1.0,1.0,1.0,1.0,1.0,36.4852322,10.8084092,2125.0,40.0,0.0,285532.6189391474,285532.6189391474,300305.12820512813
389,130.0,4.0,1.0,1.0,1.0,1.0,1.0,1.0,1.0,1.0,1.0,1.0,36.8599292,10.1531585,2846.153846153846,32.5,0.0,285532.6189391474,285532.6189391474,320375.0034842321
1583,140.0,2.0,1.0,1.0,1.0,1.0,1.0,1.0,1.0,1.0,1.0,1.0,36.8587351,10.188232,1392.857142857143,70.0,0.0,285532.6189391474,285532.6189391474,320375.0034842321
3173,135.0,2.0,0.0,1.0,1.0,1.0,1.0,1.0,1.0,1.0,1.0,1.0,36.8065,10.1815,3629.6296296296296,67.5,0.0,285532.6189391474,285532.6189391474,293441.4203821656
924,90.0,3.0,1.0,1.0,1.0,1.0,1.0,1.0,1.0,1.0,1.0,1.0,36.7992041,10.1756221,1888.888888888889,30.0,0.0,285532.6189391474,285532.6189391474,293441.4203821656
4244,83.0,4.0,1.0,1.0,1.0,1.0,1.0,1.0,1.0,1.0,1.0,1.0,34.74,10.76,1084.3373493975903,20.75,0.0,285532.6189391474,285532.6189391474,245349.25277465454
3268,120.0,3.0,0.0,1.0,1.0,1.0,1.0,1.0,1.0,1.0,1.0,1.0,36.8065,10.188232,4050.0,37.75,0.0,285532.6189391474,285532.6189391474,277143.4970760234
2596,107.0,4.0,1.0,1.0,1.0,1.0,1.0,1.0,1.0,1.0,1.0,1.0,36.8065,10.1815,2537.88748564868,37.75,1.0,285532.6189391474,285532.6189391474,293441.4203821656
2040,110.0,3.0,1.0,1.0,1.0,1.0,1.0,1.0,1.0,1.0,1.0,1.0,36.8928,10.1764,2542.7272727272725,36.666666666666664,0.0,285532.6189391474,285532.6189391474,293441.4203821656
3873,134.0,4.0,1.0,1.0,1.0,1.0,1.0,1.0,1.0,1.0,1.0,1.0,36.8065,10.1815,2089.5522388059703,33.5,0.0,285532.6189391474,285532.6189391474,293441.4203821656
1224,54.0,2.0,3.0,1.0,1.0,1.0,1.0,1.0,1.0,1.0,1.0,1.0,36.8479251,10.2611996,3333.3333333333335,27.0,3.0,285532.6189391474,285532.6189391474,293441.4203821656
3233,202.0,2.0,0.0,1.0,1.0,1.0,1.0,1.0,1.0,1.0,1.0,1.0,36.8065,10.188232,866.3366336633663,101.0,0.0,285532.6189391474,285532.6189391474,277143.4970760234
2643,54.0,2.0,1.0,1.0,1.0,1.0,1.0,1.0,1.0,1.0,1.0,1.0,36.8065,10.188232,3462.962962962963,27.0,0.0,285532.6189391474,285532.6189391474,277143.4970760234
1950,101.0,3.0,6.0,1.0,1.0,1.0,1.0,1.0,1.0,1.0,1.0,1.0,36.70720174113614,10.211221651071329,2871.2871287128714,33.666666666666664,6.0,285532.6189391474,285532.6189391474,293441.4203821656
739,80.0,2.0,1.0,1.0,1.0,1.0,1.0,1.0,1.0,1.0,1.0,1.0,36.4561,10.7376,5000.0,40.0,0.0,285532.6189391474,285532.6189391474,300305.12820512813
40,42.0,2.0,1.0,1.0,1.0,1.0,1.0,1.0,1.0,1.0,1.0,1.0,36.7978618,10.1881739,3095.2380952380954,21.0,0.0,285532.6189391474,285532.6189391474,277143.4970760234
868,105.0,3.0,1.0,1.0,1.0,1.0,1.0,1.0,1.0,1.0,1.0,1.0,36.8336187,10.1471736,2476.190476190476,35.0,0.0,285532.6189391474,285532.6189391474,293441.4203821656
2945,86.0,3.0,0.0,1.0,1.0,1.0,1.0,1.0,1.0,1.0,1.0,1.0,35.8245,10.6346,2093.0232558139537,37.75,0.0,285532.6189391474,285532.6189391474,281505.570214618
539,230.0,3.0,1.0,1.0,1.0,1.0,1.0,1.0,1.0,1.0,1.0,1.0,35.8245,10.6346,1217.391304347826,76.66666666666667,0.0,285532.6189391474,285532.6189391474,281505.570214618
2894,107.0,3.0,4.0,1.0,1.0,1.0,1.0,1.0,1.0,1.0,1.0,1.0,36.8065,10.1815,2537.88748564868,37.75,4.0,285532.6189391474,285532.6189391474,293441.4203821656
4229,162.0,4.0,1.0,1.0,1.0,1.0,1.0,1.0,1.0,1.0,1.0,1.0,36.8065,10.1815,2962.962962962963,40.5,0.0,285532.6189391474,285532.6189391474,293441.4203821656
2862,107.0,3.0,1.0,1.0,1.0,1.0,1.0,1.0,1.0,1.0,1.0,1.0,36.8065,10.188232,2537.88748564868,37.75,0.0,285532.6189391474,285532.6189391474,277143.4970760234
1372,120.0,4.0,1.0,1.0,1.0,1.0,1.0,1.0,1.0,1.0,1.0,1.0,36.7404497,10.3029461,2083.3333333333335,30.0,0.0,285532.6189391474,285532.6189391474,218196.17024373435
1145,120.0,4.0,1.0,1.0,1.0,1.0,1.0,1.0,1.0,1.0,1.0,1.0,36.7404497,10.3029461,2083.3333333333335,30.0,0.0,285532.6189391474,285532.6189391474,218196.17024373435
1031,50.0,2.0,1.0,1.0,1.0,1.0,1.0,1.0,1.0,1.0,1.0,1.0,35.8749788,10.5935183,4200.0,25.0,0.0,285532.6189391474,285532.6189391474,281505.570214618
372,78.0,3.0,4.0,1.0,1.0,1.0,1.0,1.0,1.0,1.0,1.0,1.0,36.4512897,10.7355915,3500.0,26.0,4.0,285532.6189391474,285532.6189391474,300305.12820512813
667,110.0,1.0,1.0,1.0,1.0,1.0,1.0,1.0,1.0,1.0,1.0,1.0,36.8479251,10.2611996,1090.909090909091,110.0,0.0,285532.6189391474,285532.6189391474,293441.4203821656
3247,107.0,4.0,1.0,1.0,1.0,1.0,1.0,1.0,1.0,1.0,1.0,1.0,36.8065,10.1815,2537.88748564868,37.75,0.0,285532.6189391474,285532.6189391474,293441.4203821656
357,100.0,2.0,0.0,1.0,1.0,1.0,1.0,1.0,1.0,1.0,1.0,1.0,36.8065,10.188232,2500.0,50.0,0.0,285532.6189391474,285532.6189391474,277143.4970760234
967,98.0,3.0,0.0,1.0,1.0,1.0,1.0,1.0,1.0,1.0,1.0,1.0,37.2720905,9.8708565,1530.6122448979593,32.666666666666664,0.0,285532.6189391474,285532.6189391474,243467.8477263652
3015,153.0,4.0,0.0,1.0,1.0,1.0,1.0,1.0,1.0,1.0,1.0,1.0,36.8065,10.188232,3751.6339869281046,38.25,0.0,285532.6189391474,285532.6189391474,277143.4970760234
2949,143.0,3.0,0.0,1.0,1.0,1.0,1.0,1.0,1.0,1.0,1.0,1.0,36.8065,10.1815,1748.2517482517483,37.75,0.0,285532.6189391474,285532.6189391474,293441.4203821656
1354,100.0,2.0,1.0,1.0,1.0,1.0,1.0,1.0,1.0,1.0,1.0,1.0,33.81254,10.1354488,1890.0,50.0,0.0,285532.6189391474,285532.6189391474,264748.4012505434
1035,107.0,3.0,0.0,1.0,1.0,1.0,1.0,1.0,1.0,1.0,1.0,1.0,36.8065,10.1815,2537.88748564868,37.75,0.0,285532.6189391474,285532.6189391474,293441.4203821656
3246,71.0,3.0,0.0,1.0,1.0,1.0,1.0,1.0,1.0,1.0,1.0,1.0,36.8065,10.188232,2676.056338028169,37.75,0.0,285532.6189391474,285532.6189391474,277143.4970760234
470,110.0,4.0,1.0,1.0,1.0,1.0,1.0,1.0,1.0,1.0,1.0,1.0,36.4512897,10.7355915,3636.3636363636365,27.5,0.0,285532.6189391474,285532.6189391474,300305.12820512813
3612,107.0,3.0,3.0,1.0,1.0,1.0,1.0,1.0,1.0,1.0,1.0,1.0,36.8065,10.188232,2537.88748564868,37.75,0.0,285532.6189391474,285532.6189391474,277143.4970760234
1397,132.0,1.0,1.0,1.0,1.0,1.0,1.0,1.0,1.0,1.0,1.0,1.0,36.8599292,10.1531585,3257.5757575757575,132.0,0.0,285532.6189391474,285532.6189391474,320375.0034842321
3662,120.0,2.0,1.0,1.0,1.0,1.0,1.0,1.0,1.0,1.0,1.0,1.0,36.8065,10.1815,1332.5,60.0,0.0,285532.6189391474,285532.6189391474,293441.4203821656
1551,90.0,4.0,1.0,1.0,1.0,1.0,1.0,1.0,1.0,1.0,1.0,1.0,36.7516855,10.2245072,1888.888888888889,22.5,0.0,285532.6189391474,285532.6189391474,218196.17024373435
1256,67.0,1.0,1.0,1.0,1.0,1.0,1.0,1.0,1.0,1.0,1.0,1.0,36.8507178,10.2829345,4074.626865671642,67.0,0.0,285532.6189391474,285532.6189391474,293441.4203821656
2098,88.0,3.0,1.0,1.0,1.0,1.0,1.0,1.0,1.0,1.0,1.0,1.0,35.23380174113748,11.152423099882135,2727.2727272727275,29.333333333333332,1.0,285532.6189391474,285532.6189391474,276683.9253054531
1557,48.0,2.0,1.0,1.0,1.0,1.0,1.0,1.0,1.0,1.0,1.0,1.0,36.8423974,10.1571247,2395.8333333333335,24.0,0.0,285532.6189391474,285532.6189391474,293441.4203821656
3605,107.0,3.0,1.0,1.0,1.0,1.0,1.0,1.0,1.0,1.0,1.0,1.0,36.8065,10.1815,2537.88748564868,37.75,0.0,285532.6189391474,285532.6189391474,293441.4203821656
1250,102.0,4.0,0.0,1.0,1.0,1.0,1.0,1.0,1.0,1.0,1.0,1.0,36.719825,10.2192362,2352.9411764705883,25.5,0.0,285532.6189391474,285532.6189391474,218196.17024373435
1703,119.0,3.0,1.0,1.0,1.0,1.0,1.0,1.0,1.0,1.0,1.0,1.0,36.7575659,10.244981,1890.7563025210084,39.666666666666664,0.0,285532.6189391474,285532.6189391474,218196.17024373435
1252,80.0,2.0,1.0,1.0,1.0,1.0,1.0,1.0,1.0,1.0,1.0,1.0,36.8457382,10.1317222,2562.5,40.0,0.0,285532.6189391474,285532.6189391474,320375.0034842321
3920,134.0,4.0,1.0,1.0,1.0,1.0,1.0,1.0,1.0,1.0,1.0,1.0,36.8065,10.188232,2537.313432835821,33.5,0.0,285532.6189391474,285532.6189391474,277143.4970760234
3948,174.0,3.0,1.0,1.0,1.0,1.0,1.0,1.0,1.0,1.0,1.0,1.0,36.8065,10.1815,1436.7816091954023,58.0,0.0,285532.6189391474,285532.6189391474,293441.4203821656
3141,59.0,3.0,1.0,1.0,1.0,1.0,1.0,1.0,1.0,1.0,1.0,1.0,36.8065,10.1815,3389.830508474576,19.666666666666668,0.0,285532.6189391474,285532.6189391474,293441.4203821656
79,110.0,3.0,0.0,1.0,1.0,1.0,1.0,1.0,1.0,1.0,1.0,1.0,36.4512897,10.7355915,2090.909090909091,36.666666666666664,0.0,285532.6189391474,285532.6189391474,300305.12820512813
1172,126.0,2.0,3.0,1.0,1.0,1.0,1.0,1.0,1.0,1.0,1.0,1.0,36.8599292,10.1531585,2531.746031746032,63.0,3.0,285532.6189391474,285532.6189391474,320375.0034842321
814,70.0,3.0,3.0,1.0,1.0,1.0,1.0,1.0,1.0,1.0,1.0,1.0,36.8134113,10.1321911,2285.714285714286,23.333333333333332,0.0,285532.6189391474,285532.6189391474,293441.4203821656
1856,70.0,2.0,2.0,1.0,1.0,1.0,1.0,1.0,1.0,1.0,1.0,1.0,36.70600174113614,10.211421652294732,2857.1428571428573,35.0,0.0,285532.6189391474,285532.6189391474,293441.4203821656
2224,79.0,2.0,3.0,1.0,1.0,1.0,1.0,1.0,1.0,1.0,1.0,1.0,35.8005,10.5882,1582.2784810126582,39.5,0.0,285532.6189391474,285532.6189391474,281505.570214618
2858,107.0,2.0,5.0,1.0,1.0,1.0,1.0,1.0,1.0,1.0,1.0,1.0,36.8065,10.188232,2537.88748564868,37.75,5.0,285532.6189391474,285532.6189391474,277143.4970760234
3671,146.0,3.0,1.0,1.0,1.0,1.0,1.0,1.0,1.0,1.0,1.0,1.0,36.8065,10.1815,3082.1917808219177,37.75,0.0,285532.6189391474,285532.6189391474,293441.4203821656
2109,85.0,1.0,0.0,1.0,1.0,1.0,1.0,1.0,1.0,1.0,1.0,1.0,35.47020174113728,11.046622874467817,1647.0588235294117,85.0,0.0,285532.6189391474,285532.6189391474,276683.9253054531
133,100.0,3.0,1.0,1.0,1.0,1.0,1.0,1.0,1.0,1.0,1.0,1.0,36.4512897,10.7355915,2800.0,33.333333333333336,0.0,285532.6189391474,285532.6189391474,300305.12820512813
1140,43.0,2.0,1.0,1.0,1.0,1.0,1.0,1.0,1.0,1.0,1.0,1.0,36.8055509,10.1457592,2767.4418604651164,21.5,0.0,285532.6189391474,285532.6189391474,293441.4203821656
933,85.0,3.0,1.0,1.0,1.0,1.0,1.0,1.0,1.0,1.0,1.0,1.0,36.8587351,10.188232,5294.117647058823,28.333333333333332,0.0,285532.6189391474,285532.6189391474,320375.0034842321
928,80.0,3.0,1.0,1.0,1.0,1.0,1.0,1.0,1.0,1.0,1.0,1.0,36.7516855,10.2245072,1500.0,26.666666666666668,0.0,285532.6189391474,285532.6189391474,218196.17024373435
823,85.0,1.0,1.0,1.0,1.0,1.0,1.0,1.0,1.0,1.0,1.0,1.0,36.9535973,10.1891941,1941.1764705882354,85.0,0.0,285532.6189391474,285532.6189391474,320375.0034842321
1533,100.0,4.0,1.0,1.0,1.0,1.0,1.0,1.0,1.0,1.0,1.0,1.0,36.7404497,10.3029461,2500.0,25.0,0.0,285532.6189391474,285532.6189391474,218196.17024373435
1214,75.0,2.0,2.0,1.0,1.0,1.0,1.0,1.0,1.0,1.0,1.0,1.0,36.719825,10.2192362,2000.0,37.5,0.0,285532.6189391474,285532.6189391474,218196.17024373435
504,100.0,3.0,1.0,1.0,1.0,1.0,1.0,1.0,1.0,1.0,1.0,1.0,35.8749788,10.5935183,2800.0,33.333333333333336,0.0,285532.6189391474,285532.6189391474,281505.570214618
4240,107.0,4.0,0.0,1.0,1.0,1.0,1.0,1.0,1.0,1.0,1.0,1.0,36.8065,10.1815,2537.88748564868,37.75,0.0,285532.6189391474,285532.6189391474,293441.4203821656
2441,107.0,3.0,4.0,1.0,1.0,1.0,1.0,1.0,1.0,1.0,1.0,1.0,33.8439408,9.400138,2537.88748564868,37.75,0.0,285532.6189391474,285532.6189391474,277143.4970760234
2000,98.0,4.0,4.0,1.0,1.0,1.0,1.0,1.0,1.0,1.0,1.0,1.0,36.737,10.2427,1785.7142857142858,24.5,4.0,285532.6189391474,285532.6189391474,293441.4203821656
2500,64.0,2.0,1.0,1.0,1.0,1.0,1.0,1.0,1.0,1.0,1.0,1.0,36.8065,10.1815,3796.875,32.0,0.0,285532.6189391474,285532.6189391474,293441.4203821656
1962,120.0,4.0,2.0,1.0,1.0,1.0,1.0,1.0,1.0,1.0,1.0,1.0,36.833401741136015,10.159421522004328,2208.3333333333335,30.0,2.0,285532.6189391474,285532.6189391474,293441.4203821656
1385,104.0,3.0,4.0,1.0,1.0,1.0,1.0,1.0,1.0,1.0,1.0,1.0,36.8456561,11.0935701,2788.4615384615386,34.666666666666664,0.0,285532.6189391474,285532.6189391474,300305.12820512813
894,114.0,3.0,1.0,1.0,1.0,1.0,1.0,1.0,1.0,1.0,1.0,1.0,36.8831907,10.3158038,3289.4736842105262,38.0,0.0,285532.6189391474,285532.6189391474,293441.4203821656
828,115.0,3.0,4.0,1.0,1.0,1.0,1.0,1.0,1.0,1.0,1.0,1.0,36.8672168,10.1996663,1173.9130434782608,38.333333333333336,0.0,285532.6189391474,285532.6189391474,320375.0034842321
4276,107.0,2.0,1.0,1.0,1.0,1.0,1.0,1.0,1.0,1.0,1.0,1.0,36.8065,10.1815,2537.88748564868,37.75,0.0,285532.6189391474,285532.6189391474,293441.4203821656
2614,107.0,2.0,1.0,1.0,1.0,1.0,1.0,1.0,1.0,1.0,1.0,1.0,36.8065,10.188232,2537.88748564868,37.75,0.0,285532.6189391474,285532.6189391474,277143.4970760234
1687,96.0,4.0,1.0,1.0,1.0,1.0,1.0,1.0,1.0,1.0,1.0,1.0,36.753,10.228,2187.5,24.0,0.0,285532.6189391474,285532.6189391474,218196.17024373435
3585,57.0,3.0,1.0,1.0,1.0,1.0,1.0,1.0,1.0,1.0,1.0,1.0,36.8065,10.1815,3982.4561403508774,37.75,0.0,285532.6189391474,285532.6189391474,293441.4203821656
3552,107.0,3.0,1.0,1.0,1.0,1.0,1.0,1.0,1.0,1.0,1.0,1.0,36.4561,10.7376,2537.88748564868,37.75,0.0,285532.6189391474,285532.6189391474,300305.12820512813
3482,180.0,2.0,0.0,1.0,1.0,1.0,1.0,1.0,1.0,1.0,1.0,1.0,36.8065,10.1815,1111.111111111111,90.0,0.0,285532.6189391474,285532.6189391474,293441.4203821656
652,116.0,1.0,2.0,1.0,1.0,1.0,1.0,1.0,1.0,1.0,1.0,1.0,36.8533475,10.1169734,2068.9655172413795,116.0,2.0,285532.6189391474,285532.6189391474,320375.0034842321
172,50.0,2.0,1.0,1.0,1.0,1.0,1.0,1.0,1.0,1.0,1.0,1.0,36.8002068,10.1857757,7400.0,25.0,0.0,285532.6189391474,285532.6189391474,293441.4203821656
38,90.0,3.0,2.0,1.0,1.0,1.0,1.0,1.0,1.0,1.0,1.0,1.0,36.4512897,10.7355915,2444.4444444444443,30.0,0.0,285532.6189391474,285532.6189391474,300305.12820512813
4082,120.0,3.0,1.0,1.0,1.0,1.0,1.0,1.0,1.0,1.0,1.0,1.0,36.8065,10.1815,4166.666666666667,40.0,0.0,285532.6189391474,285532.6189391474,293441.4203821656
713,109.0,3.0,2.0,1.0,1.0,1.0,1.0,1.0,1.0,1.0,1.0,1.0,35.503642,11.0682429,3798.1651376146788,36.333333333333336,2.0,285532.6189391474,285532.6189391474,276683.9253054531
90,149.0,2.0,1.0,1.0,1.0,1.0,1.0,1.0,1.0,1.0,1.0,1.0,36.8002068,10.1857757,2348.993288590604,74.5,0.0,285532.6189391474,285532.6189391474,293441.4203821656
4222,150.0,4.0,1.0,1.0,1.0,1.0,1.0,1.0,1.0,1.0,1.0,1.0,36.8065,10.1815,3000.0,37.5,0.0,285532.6189391474,285532.6189391474,293441.4203821656
1205,65.0,2.0,1.0,1.0,1.0,1.0,1.0,1.0,1.0,1.0,1.0,1.0,36.8134113,10.1321911,1692.3076923076924,32.5,0.0,285532.6189391474,285532.6189391474,293441.4203821656
3130,107.0,3.0,1.0,1.0,1.0,1.0,1.0,1.0,1.0,1.0,1.0,1.0,36.8065,10.188232,2537.88748564868,37.75,0.0,285532.6189391474,285532.6189391474,277143.4970760234
3413,107.0,3.0,1.0,1.0,1.0,1.0,1.0,1.0,1.0,1.0,1.0,1.0,36.8065,10.1815,2537.88748564868,37.75,0.0,285532.6189391474,285532.6189391474,293441.4203821656
3601,108.0,3.0,1.0,1.0,1.0,1.0,1.0,1.0,1.0,1.0,1.0,1.0,36.8065,10.188232,3694.4444444444443,36.0,0.0,285532.6189391474,285532.6189391474,277143.4970760234
1831,144.0,3.0,2.0,1.0,1.0,1.0,1.0,1.0,1.0,1.0,1.0,1.0,36.83510174113603,10.1572215202602,2291.6666666666665,48.0,0.0,285532.6189391474,285532.6189391474,293441.4203821656
1155,110.0,3.0,1.0,1.0,1.0,1.0,1.0,1.0,1.0,1.0,1.0,1.0,36.7992041,10.1756221,2000.0,36.666666666666664,0.0,285532.6189391474,285532.6189391474,293441.4203821656
1324,100.0,3.0,1.0,1.0,1.0,1.0,1.0,1.0,1.0,1.0,1.0,1.0,36.8443809,10.1819354,1800.0,33.333333333333336,0.0,285532.6189391474,285532.6189391474,293441.4203821656
216,137.0,2.0,1.0,1.0,1.0,1.0,1.0,1.0,1.0,1.0,1.0,1.0,36.8002068,10.1857757,2773.7226277372265,68.5,1.0,285532.6189391474,285532.6189391474,293441.4203821656
510,75.0,3.0,1.0,1.0,1.0,1.0,1.0,1.0,1.0,1.0,1.0,1.0,36.8423974,10.1571247,2533.3333333333335,25.0,0.0,285532.6189391474,285532.6189391474,293441.4203821656
1682,103.0,2.0,1.0,1.0,1.0,1.0,1.0,1.0,1.0,1.0,1.0,1.0,36.7313788,10.3363985,2135.9223300970875,51.5,0.0,285532.6189391474,285532.6189391474,218196.17024373435
499,93.0,3.0,1.0,1.0,1.0,1.0,1.0,1.0,1.0,1.0,1.0,1.0,36.80335,10.2003509,2849.462365591398,31.0,0.0,285532.6189391474,285532.6189391474,293441.4203821656
3424,54.0,2.0,0.0,1.0,1.0,1.0,1.0,1.0,1.0,1.0,1.0,1.0,36.8065,10.1815,5370.37037037037,27.0,0.0,285532.6189391474,285532.6189391474,293441.4203821656
1860,100.0,4.0,3.0,1.0,1.0,1.0,1.0,1.0,1.0,1.0,1.0,1.0,36.755,10.2739,2300.0,25.0,0.0,285532.6189391474,285532.6189391474,293441.4203821656
1389,121.0,1.0,1.0,1.0,1.0,1.0,1.0,1.0,1.0,1.0,1.0,1.0,36.8095,10.098,1942.1487603305786,121.0,0.0,285532.6189391474,285532.6189391474,240180.81353797184
1521,140.0,1.0,1.0,1.0,1.0,1.0,1.0,1.0,1.0,1.0,1.0,1.0,36.4561,10.7376,3000.0,140.0,0.0,285532.6189391474,285532.6189391474,300305.12820512813
2429,212.0,3.0,1.0,1.0,1.0,1.0,1.0,1.0,1.0,1.0,1.0,1.0,35.8288284,10.6405254,3160.377358490566,37.75,0.0,285532.6189391474,285532.6189391474,281505.570214618
4065,190.0,3.0,1.0,1.0,1.0,1.0,1.0,1.0,1.0,1.0,1.0,1.0,36.8065,10.1815,2100.0,37.75,0.0,285532.6189391474,285532.6189391474,293441.4203821656
2080,115.0,2.0,2.0,1.0,1.0,1.0,1.0,1.0,1.0,1.0,1.0,1.0,35.56260174113719,11.022522785644178,2521.7391304347825,57.5,0.0,285532.6189391474,285532.6189391474,276683.9253054531
1542,125.0,1.0,5.0,1.0,1.0,1.0,1.0,1.0,1.0,1.0,1.0,1.0,36.8457382,10.1317222,2080.0,125.0,5.0,285532.6189391474,285532.6189391474,320375.0034842321
1217,115.0,3.0,0.0,1.0,1.0,1.0,1.0,1.0,1.0,1.0,1.0,1.0,36.8095,10.098,1130.4347826086957,38.333333333333336,0.0,285532.6189391474,285532.6189391474,240180.81353797184
2807,100.0,2.0,1.0,1.0,1.0,1.0,1.0,1.0,1.0,1.0,1.0,1.0,36.8065,10.1815,1800.0,50.0,0.0,285532.6189391474,285532.6189391474,293441.4203821656
4088,141.0,3.0,1.0,1.0,1.0,1.0,1.0,1.0,1.0,1.0,1.0,1.0,36.8065,10.1815,3794.326241134752,37.75,0.0,285532.6189391474,285532.6189391474,293441.4203821656
3216,120.0,3.0,1.0,1.0,1.0,1.0,1.0,1.0,1.0,1.0,1.0,1.0,36.8065,10.1815,1416.6666666666667,40.0,0.0,285532.6189391474,285532.6189391474,293441.4203821656
1418,110.0,1.0,0.0,1.0,1.0,1.0,1.0,1.0,1.0,1.0,1.0,1.0,36.8749751,10.2454267,3534.5454545454545,110.0,0.0,285532.6189391474,285532.6189391474,320375.0034842321
2221,87.0,1.0,2.0,1.0,1.0,1.0,1.0,1.0,1.0,1.0,1.0,1.0,36.0144,10.5177,4827.586206896552,87.0,0.0,285532.6189391474,285532.6189391474,281505.570214618
3489,89.0,2.0,1.0,1.0,1.0,1.0,1.0,1.0,1.0,1.0,1.0,1.0,36.8065,10.188232,2651.6853932584268,44.5,0.0,285532.6189391474,285532.6189391474,277143.4970760234
1678,104.0,5.0,0.0,1.0,1.0,1.0,1.0,1.0,1.0,1.0,1.0,1.0,36.8095,10.098,2307.6923076923076,20.8,0.0,285532.6189391474,285532.6189391474,240180.81353797184
1197,120.0,3.0,1.0,1.0,1.0,1.0,1.0,1.0,1.0,1.0,1.0,1.0,36.4012665,10.5572827,2666.6666666666665,40.0,0.0,285532.6189391474,285532.6189391474,300305.12820512813
1544,91.0,2.0,0.0,1.0,1.0,1.0,1.0,1.0,1.0,1.0,1.0,1.0,36.8507178,10.2829345,3571.4285714285716,45.5,0.0,285532.6189391474,285532.6189391474,293441.4203821656
3178,107.0,3.0,1.0,1.0,1.0,1.0,1.0,1.0,1.0,1.0,1.0,1.0,36.8065,10.188232,2537.88748564868,37.75,0.0,285532.6189391474,285532.6189391474,277143.4970760234
2632,107.0,3.0,1.0,1.0,1.0,1.0,1.0,1.0,1.0,1.0,1.0,1.0,36.8065,10.1815,2537.88748564868,37.75,0.0,285532.6189391474,285532.6189391474,293441.4203821656
953,180.0,3.0,1.0,1.0,1.0,1.0,1.0,1.0,1.0,1.0,1.0,1.0,36.8443809,10.1819354,3000.0,60.0,0.0,285532.6189391474,285532.6189391474,293441.4203821656
3322,107.0,3.0,1.0,1.0,1.0,1.0,1.0,1.0,1.0,1.0,1.0,1.0,36.8065,10.1815,2537.88748564868,37.75,0.0,285532.6189391474,285532.6189391474,293441.4203821656
2744,107.0,2.0,1.0,1.0,1.0,1.0,1.0,1.0,1.0,1.0,1.0,1.0,36.8065,10.1815,2537.88748564868,37.75,0.0,285532.6189391474,285532.6189391474,293441.4203821656
750,90.0,3.0,1.0,1.0,1.0,1.0,1.0,1.0,1.0,1.0,1.0,1.0,35.8749788,10.5935183,2777.777777777778,30.0,0.0,285532.6189391474,285532.6189391474,281505.570214618
2839,202.0,2.0,0.0,1.0,1.0,1.0,1.0,1.0,1.0,1.0,1.0,1.0,36.8065,10.188232,866.3366336633663,101.0,0.0,285532.6189391474,285532.6189391474,277143.4970760234
234,168.0,2.0,1.0,1.0,1.0,1.0,1.0,1.0,1.0,1.0,1.0,1.0,36.8587351,10.188232,2559.5238095238096,84.0,0.0,285532.6189391474,285532.6189391474,320375.0034842321
732,160.0,4.0,1.0,1.0,1.0,1.0,1.0,1.0,1.0,1.0,1.0,1.0,35.8245,10.6346,2812.5,40.0,1.0,285532.6189391474,285532.6189391474,281505.570214618
4283,107.0,3.0,1.0,1.0,1.0,1.0,1.0,1.0,1.0,1.0,1.0,1.0,36.4561,10.7376,2537.88748564868,37.75,0.0,285532.6189391474,285532.6189391474,300305.12820512813
1156,80.0,3.0,3.0,1.0,1.0,1.0,1.0,1.0,1.0,1.0,1.0,1.0,36.7992041,10.1756221,1750.0,26.666666666666668,0.0,285532.6189391474,285532.6189391474,293441.4203821656
3584,117.0,3.0,6.0,1.0,1.0,1.0,1.0,1.0,1.0,1.0,1.0,1.0,36.8065,10.1815,1538.4615384615386,39.0,0.0,285532.6189391474,285532.6189391474,293441.4203821656
2514,107.0,3.0,1.0,1.0,1.0,1.0,1.0,1.0,1.0,1.0,1.0,1.0,36.8514184,10.3088863,2537.88748564868,37.75,0.0,285532.6189391474,285532.6189391474,293441.4203821656
3204,70.0,3.0,0.0,1.0,1.0,1.0,1.0,1.0,1.0,1.0,1.0,1.0,36.8065,10.1815,1857.142857142857,37.75,0.0,285532.6189391474,285532.6189391474,293441.4203821656
1209,54.0,2.0,3.0,1.0,1.0,1.0,1.0,1.0,1.0,1.0,1.0,1.0,36.8479251,10.2611996,3333.3333333333335,27.0,3.0,285532.6189391474,285532.6189391474,293441.4203821656
1065,96.0,1.0,1.0,1.0,1.0,1.0,1.0,1.0,1.0,1.0,1.0,1.0,36.4561,10.7376,4458.333333333333,96.0,0.0,285532.6189391474,285532.6189391474,300305.12820512813
2160,130.0,3.0,1.0,1.0,1.0,1.0,1.0,1.0,1.0,1.0,1.0,1.0,35.7784,10.8331,3769.230769230769,43.333333333333336,0.0,285532.6189391474,285532.6189391474,309845.8833033952
1062,120.0,2.0,1.0,1.0,1.0,1.0,1.0,1.0,1.0,1.0,1.0,1.0,37.2720905,9.8708565,1833.3333333333333,60.0,0.0,285532.6189391474,285532.6189391474,243467.8477263652
2722,77.0,2.0,1.0,1.0,1.0,1.0,1.0,1.0,1.0,1.0,1.0,1.0,36.8065,10.1815,3623.3766233766232,38.5,0.0,285532.6189391474,285532.6189391474,293441.4203821656
1167,53.0,1.0,1.0,1.0,1.0,1.0,1.0,1.0,1.0,1.0,1.0,1.0,36.8133756,10.2930588,3396.2264150943397,53.0,0.0,285532.6189391474,285532.6189391474,293441.4203821656
1494,101.0,3.0,1.0,1.0,1.0,1.0,1.0,1.0,1.0,1.0,1.0,1.0,36.8065,10.1815,2099.009900990099,33.666666666666664,0.0,285532.6189391474,285532.6189391474,293441.4203821656
3146,170.0,4.0,1.0,1.0,1.0,1.0,1.0,1.0,1.0,1.0,1.0,1.0,36.8065,10.1815,1794.1176470588234,42.5,0.0,285532.6189391474,285532.6189391474,293441.4203821656
3219,70.0,2.0,0.0,1.0,1.0,1.0,1.0,1.0,1.0,1.0,1.0,1.0,36.8065,10.1815,7142.857142857143,35.0,0.0,285532.6189391474,285532.6189391474,293441.4203821656
3340,111.0,3.0,1.0,1.0,1.0,1.0,1.0,1.0,1.0,1.0,1.0,1.0,36.8625,10.1956,2657.6576576576576,37.75,0.0,285532.6189391474,285532.6189391474,320375.0034842321
3414,69.0,2.0,1.0,1.0,1.0,1.0,1.0,1.0,1.0,1.0,1.0,1.0,36.8065,10.1815,2753.623188405797,34.5,0.0,285532.6189391474,285532.6189391474,293441.4203821656
3395,93.0,3.0,1.0,1.0,1.0,1.0,1.0,1.0,1.0,1.0,1.0,1.0,36.8065,10.1815,1827.9569892473119,31.0,0.0,285532.6189391474,285532.6189391474,293441.4203821656
884,120.0,4.0,1.0,1.0,1.0,1.0,1.0,1.0,1.0,1.0,1.0,1.0,36.7404497,10.3029461,3916.6666666666665,30.0,0.0,285532.6189391474,285532.6189391474,218196.17024373435
143,93.0,4.0,1.0,1.0,1.0,1.0,1.0,1.0,1.0,1.0,1.0,1.0,36.4512897,10.7355915,3440.8602150537636,23.25,0.0,285532.6189391474,285532.6189391474,300305.12820512813
4204,141.0,3.0,0.0,1.0,1.0,1.0,1.0,1.0,1.0,1.0,1.0,1.0,36.8065,10.188232,2891.4893617021276,47.0,0.0,285532.6189391474,285532.6189391474,277143.4970760234
850,144.0,3.0,1.0,1.0,1.0,1.0,1.0,1.0,1.0,1.0,1.0,1.0,36.7404497,10.3029461,2361.1111111111113,48.0,0.0,285532.6189391474,285532.6189391474,218196.17024373435
2948,107.0,2.0,1.0,1.0,1.0,1.0,1.0,1.0,1.0,1.0,1.0,1.0,36.8065,10.1815,2537.88748564868,37.75,0.0,285532.6189391474,285532.6189391474,293441.4203821656
717,107.0,2.0,1.0,1.0,1.0,1.0,1.0,1.0,1.0,1.0,1.0,1.0,36.806945,10.1689619,2537.88748564868,37.75,0.0,285532.6189391474,285532.6189391474,293441.4203821656
4234,160.0,4.0,2.0,1.0,1.0,1.0,1.0,1.0,1.0,1.0,1.0,1.0,36.4561,10.7376,3062.5,40.0,0.0,285532.6189391474,285532.6189391474,300305.12820512813
2586,165.0,4.0,1.0,1.0,1.0,1.0,1.0,1.0,1.0,1.0,1.0,1.0,36.8065,10.1815,2121.212121212121,41.25,0.0,285532.6189391474,285532.6189391474,293441.4203821656
264,250.0,2.0,1.0,1.0,1.0,1.0,1.0,1.0,1.0,1.0,1.0,1.0,36.4512897,10.7355915,1800.0,125.0,0.0,285532.6189391474,285532.6189391474,300305.12820512813
75,79.0,2.0,0.0,1.0,1.0,1.0,1.0,1.0,1.0,1.0,1.0,1.0,36.8002068,10.1857757,3291.1392405063293,39.5,0.0,285532.6189391474,285532.6189391474,293441.4203821656
2573,100.0,2.0,1.0,1.0,1.0,1.0,1.0,1.0,1.0,1.0,1.0,1.0,36.8065,10.188232,2545.0,50.0,0.0,285532.6189391474,285532.6189391474,277143.4970760234
395,148.0,4.0,1.0,1.0,1.0,1.0,1.0,1.0,1.0,1.0,1.0,1.0,36.8065,10.1815,4020.2702702702704,37.0,0.0,285532.6189391474,285532.6189391474,293441.4203821656
3534,95.0,3.0,1.0,1.0,1.0,1.0,1.0,1.0,1.0,1.0,1.0,1.0,36.8065,10.1815,2000.0,31.666666666666668,0.0,285532.6189391474,285532.6189391474,293441.4203821656
2228,86.0,3.0,4.0,1.0,1.0,1.0,1.0,1.0,1.0,1.0,1.0,1.0,35.83400174113694,10.636722522393535,2906.9767441860463,28.666666666666668,0.0,285532.6189391474,285532.6189391474,281505.570214618
3333,88.0,2.0,1.0,1.0,1.0,1.0,1.0,1.0,1.0,1.0,1.0,1.0,36.8065,10.1815,1875.0,44.0,0.0,285532.6189391474,285532.6189391474,293441.4203821656
3979,107.0,3.0,1.0,1.0,1.0,1.0,1.0,1.0,1.0,1.0,1.0,1.0,36.8065,10.1815,2537.88748564868,37.75,0.0,285532.6189391474,285532.6189391474,293441.4203821656
396,104.0,3.0,1.0,1.0,1.0,1.0,1.0,1.0,1.0,1.0,1.0,1.0,36.8479251,10.2611996,2355.769230769231,34.666666666666664,0.0,285532.6189391474,285532.6189391474,293441.4203821656
1366,125.0,5.0,0.0,1.0,1.0,1.0,1.0,1.0,1.0,1.0,1.0,1.0,36.719825,10.2192362,2720.0,25.0,0.0,285532.6189391474,285532.6189391474,218196.17024373435
3462,86.0,3.0,1.0,1.0,1.0,1.0,1.0,1.0,1.0,1.0,1.0,1.0,35.7643,10.8113,2558.139534883721,37.75,0.0,285532.6189391474,285532.6189391474,309845.8833033952
1907,108.0,4.0,0.0,1.0,1.0,1.0,1.0,1.0,1.0,1.0,1.0,1.0,36.8484,10.1988,4814.814814814815,27.0,0.0,285532.6189391474,285532.6189391474,293441.4203821656
595,70.0,1.0,1.0,1.0,1.0,1.0,1.0,1.0,1.0,1.0,1.0,1.0,36.8457382,10.1317222,3142.8571428571427,70.0,0.0,285532.6189391474,285532.6189391474,320375.0034842321
2113,126.0,2.0,1.0,1.0,1.0,1.0,1.0,1.0,1.0,1.0,1.0,1.0,35.56260174113719,11.022522785644178,2500.0,63.0,0.0,285532.6189391474,285532.6189391474,276683.9253054531
1296,45.0,1.0,3.0,1.0,1.0,1.0,1.0,1.0,1.0,1.0,1.0,1.0,35.8245,10.6346,4111.111111111111,45.0,0.0,285532.6189391474,285532.6189391474,281505.570214618
1825,140.0,2.0,1.0,1.0,1.0,1.0,1.0,1.0,1.0,1.0,1.0,1.0,36.76890174113608,10.230821588070244,2214.285714285714,70.0,0.0,285532.6189391474,285532.6189391474,293441.4203821656
872,185.0,3.0,1.0,1.0,1.0,1.0,1.0,1.0,1.0,1.0,1.0,1.0,36.4561,10.7376,1135.1351351351352,61.666666666666664,0.0,285532.6189391474,285532.6189391474,300305.12820512813
4073,107.0,3.0,1.0,1.0,1.0,1.0,1.0,1.0,1.0,1.0,1.0,1.0,36.8065,10.188232,2537.88748564868,37.75,0.0,285532.6189391474,285532.6189391474,277143.4970760234
4161,102.0,3.0,1.0,1.0,1.0,1.0,1.0,1.0,1.0,1.0,1.0,1.0,36.8065,10.188232,3333.3333333333335,37.75,0.0,285532.6189391474,285532.6189391474,277143.4970760234
2341,90.0,4.0,1.0,1.0,1.0,1.0,1.0,1.0,1.0,1.0,1.0,1.0,36.8514184,10.3088863,2444.4444444444443,22.5,0.0,285532.6189391474,285532.6189391474,293441.4203821656
1550,192.0,1.0,0.0,1.0,1.0,1.0,1.0,1.0,1.0,1.0,1.0,1.0,36.4561,10.7376,2552.0833333333335,192.0,0.0,285532.6189391474,285532.6189391474,300305.12820512813
36,42.0,3.0,0.0,1.0,1.0,1.0,1.0,1.0,1.0,1.0,1.0,1.0,36.4512897,10.7355915,2857.1428571428573,14.0,0.0,285532.6189391474,285532.6189391474,300305.12820512813
2844,56.0,3.0,1.0,1.0,1.0,1.0,1.0,1.0,1.0,1.0,1.0,1.0,36.8065,10.1815,3571.4285714285716,37.75,0.0,285532.6189391474,285532.6189391474,293441.4203821656
3504,85.0,4.0,3.0,1.0,1.0,1.0,1.0,1.0,1.0,1.0,1.0,1.0,36.8065,10.1815,2117.6470588235293,21.25,3.0,285532.6189391474,285532.6189391474,293441.4203821656
2147,58.0,2.0,2.0,1.0,1.0,1.0,1.0,1.0,1.0,1.0,1.0,1.0,35.75600174113702,10.828222598412976,4913.793103448276,29.0,0.0,285532.6189391474,285532.6189391474,309845.8833033952
3549,88.0,3.0,1.0,1.0,1.0,1.0,1.0,1.0,1.0,1.0,1.0,1.0,36.8065,10.188232,3761.3636363636365,29.333333333333332,0.0,285532.6189391474,285532.6189391474,277143.4970760234
977,78.0,3.0,1.0,1.0,1.0,1.0,1.0,1.0,1.0,1.0,1.0,1.0,36.84177,10.1301259,2500.0,26.0,0.0,285532.6189391474,285532.6189391474,293441.4203821656
1573,154.0,1.0,1.0,1.0,1.0,1.0,1.0,1.0,1.0,1.0,1.0,1.0,36.8541206,10.1626718,1818.1818181818182,154.0,1.0,285532.6189391474,285532.6189391474,320375.0034842321
1122,220.0,4.0,1.0,1.0,1.0,1.0,1.0,1.0,1.0,1.0,1.0,1.0,36.4559112,10.5597558,1500.0,55.0,0.0,285532.6189391474,285532.6189391474,300305.12820512813
2952,107.0,3.0,1.0,1.0,1.0,1.0,1.0,1.0,1.0,1.0,1.0,1.0,36.8065,10.188232,2537.88748564868,37.75,0.0,285532.6189391474,285532.6189391474,277143.4970760234
2243,80.0,3.0,4.0,1.0,1.0,1.0,1.0,1.0,1.0,1.0,1.0,1.0,35.9166,10.5734,3187.5,26.666666666666668,4.0,285532.6189391474,285532.6189391474,281505.570214618
3186,180.0,3.0,1.0,1.0,1.0,1.0,1.0,1.0,1.0,1.0,1.0,1.0,36.8065,10.1815,2111.1111111111113,60.0,0.0,285532.6189391474,285532.6189391474,293441.4203821656
2588,60.0,2.0,1.0,1.0,1.0,1.0,1.0,1.0,1.0,1.0,1.0,1.0,36.8065,10.188232,1450.0,30.0,1.0,285532.6189391474,285532.6189391474,277143.4970760234
1896,105.0,2.0,5.0,1.0,1.0,1.0,1.0,1.0,1.0,1.0,1.0,1.0,36.833901741136025,10.152321521491364,3238.095238095238,52.5,5.0,285532.6189391474,285532.6189391474,293441.4203821656
675,168.0,4.0,1.0,1.0,1.0,1.0,1.0,1.0,1.0,1.0,1.0,1.0,36.864867,10.3072994,3366.6666666666665,42.0,0.0,285532.6189391474,285532.6189391474,293441.4203821656
2983,90.0,3.0,1.0,1.0,1.0,1.0,1.0,1.0,1.0,1.0,1.0,1.0,36.8065,10.1815,2777.777777777778,30.0,0.0,285532.6189391474,285532.6189391474,293441.4203821656
3306,150.0,3.0,1.0,1.0,1.0,1.0,1.0,1.0,1.0,1.0,1.0,1.0,36.8065,10.1815,1666.6666666666667,50.0,0.0,285532.6189391474,285532.6189391474,293441.4203821656
728,120.0,2.0,1.0,1.0,1.0,1.0,1.0,1.0,1.0,1.0,1.0,1.0,35.8512042,10.6062129,2066.6666666666665,60.0,0.0,285532.6189391474,285532.6189391474,281505.570214618
412,70.0,2.0,0.0,1.0,1.0,1.0,1.0,1.0,1.0,1.0,1.0,1.0,36.4561,10.7376,1285.7142857142858,35.0,0.0,285532.6189391474,285532.6189391474,300305.12820512813
3406,107.0,5.0,1.0,1.0,1.0,1.0,1.0,1.0,1.0,1.0,1.0,1.0,36.8065,10.1815,2537.88748564868,37.75,0.0,285532.6189391474,285532.6189391474,293441.4203821656
1518,77.0,3.0,1.0,1.0,1.0,1.0,1.0,1.0,1.0,1.0,1.0,1.0,36.8811985,10.211819,3090.909090909091,25.666666666666668,0.0,285532.6189391474,285532.6189391474,320375.0034842321
1651,222.0,3.0,1.0,1.0,1.0,1.0,1.0,1.0,1.0,1.0,1.0,1.0,36.4561,10.7376,2409.90990990991,37.75,0.0,285532.6189391474,285532.6189391474,300305.12820512813
825,60.0,2.0,1.0,1.0,1.0,1.0,1.0,1.0,1.0,1.0,1.0,1.0,36.7992041,10.1756221,2500.0,30.0,0.0,285532.6189391474,285532.6189391474,293441.4203821656
616,65.0,3.0,3.0,1.0,1.0,1.0,1.0,1.0,1.0,1.0,1.0,1.0,35.8749788,10.5935183,1846.1538461538462,21.666666666666668,0.0,285532.6189391474,285532.6189391474,281505.570214618
114,110.0,2.0,1.0,1.0,1.0,1.0,1.0,1.0,1.0,1.0,1.0,1.0,36.4512897,10.7355915,1818.1818181818182,55.0,0.0,285532.6189391474,285532.6189391474,300305.12820512813
417,60.0,2.0,1.0,1.0,1.0,1.0,1.0,1.0,1.0,1.0,1.0,1.0,36.8479251,10.2611996,2666.6666666666665,30.0,0.0,285532.6189391474,285532.6189391474,293441.4203821656
3307,75.0,3.0,1.0,1.0,1.0,1.0,1.0,1.0,1.0,1.0,1.0,1.0,36.8065,10.188232,2800.0,37.75,0.0,285532.6189391474,285532.6189391474,277143.4970760234
1627,110.0,3.0,1.0,1.0,1.0,1.0,1.0,1.0,1.0,1.0,1.0,1.0,36.8606537,10.2087006,1772.7272727272727,36.666666666666664,0.0,285532.6189391474,285532.6189391474,320375.0034842321
3245,47.0,3.0,1.0,1.0,1.0,1.0,1.0,1.0,1.0,1.0,1.0,1.0,36.8065,10.188232,3723.404255319149,37.75,0.0,285532.6189391474,285532.6189391474,277143.4970760234
2772,107.0,2.0,1.0,1.0,1.0,1.0,1.0,1.0,1.0,1.0,1.0,1.0,36.8065,10.1815,2537.88748564868,37.75,0.0,285532.6189391474,285532.6189391474,293441.4203821656
4198,84.0,3.0,1.0,1.0,1.0,1.0,1.0,1.0,1.0,1.0,1.0,1.0,36.8065,10.1815,2619.0476190476193,37.75,1.0,285532.6189391474,285532.6189391474,293441.4203821656
89,40.0,2.0,1.0,1.0,1.0,1.0,1.0,1.0,1.0,1.0,1.0,1.0,36.4512897,10.7355915,9750.0,20.0,0.0,285532.6189391474,285532.6189391474,300305.12820512813
3097,120.0,4.0,1.0,1.0,1.0,1.0,1.0,1.0,1.0,1.0,1.0,1.0,36.8065,10.188232,3083.3333333333335,30.0,0.0,285532.6189391474,285532.6189391474,277143.4970760234
3657,53.0,2.0,1.0,1.0,1.0,1.0,1.0,1.0,1.0,1.0,1.0,1.0,36.8065,10.1815,4509.433962264151,26.5,0.0,285532.6189391474,285532.6189391474,293441.4203821656
2086,81.0,1.0,3.0,1.0,1.0,1.0,1.0,1.0,1.0,1.0,1.0,1.0,35.51770174113723,11.043222828856925,2950.617283950617,81.0,3.0,285532.6189391474,285532.6189391474,276683.9253054531
753,170.0,3.0,1.0,1.0,1.0,1.0,1.0,1.0,1.0,1.0,1.0,1.0,33.8894378,9.7997111,941.1764705882352,37.75,0.0,285532.6189391474,285532.6189391474,264748.4012505434
2640,107.0,4.0,1.0,0.0,1.0,1.0,0.0,1.0,0.0,1.0,0.0,0.0,36.8065,10.1815,2537.88748564868,37.75,0.0,285532.6189391474,285532.6189391474,293441.4203821656
1632,115.0,3.0,6.0,1.0,1.0,1.0,1.0,1.0,1.0,1.0,1.0,1.0,36.8541206,10.1626718,2860.8695652173915,38.333333333333336,6.0,285532.6189391474,285532.6189391474,320375.0034842321
11,135.0,2.0,1.0,1.0,1.0,1.0,1.0,1.0,1.0,1.0,1.0,1.0,36.4512897,10.7355915,4222.222222222223,67.5,0.0,285532.6189391474,285532.6189391474,300305.12820512813
2513,85.0,3.0,4.0,1.0,1.0,1.0,1.0,1.0,1.0,1.0,1.0,1.0,36.8065,10.1815,2941.176470588235,28.333333333333332,0.0,285532.6189391474,285532.6189391474,293441.4203821656
284,64.0,2.0,1.0,1.0,1.0,1.0,1.0,1.0,1.0,1.0,1.0,1.0,36.8587351,10.188232,3765.625,32.0,0.0,285532.6189391474,285532.6189391474,320375.0034842321
1066,214.0,4.0,1.0,1.0,1.0,1.0,1.0,1.0,1.0,1.0,1.0,1.0,36.8443809,10.1819354,2897.196261682243,53.5,0.0,285532.6189391474,285532.6189391474,293441.4203821656
1191,148.0,3.0,1.0,1.0,1.0,1.0,1.0,1.0,1.0,1.0,1.0,1.0,36.8572699,10.2918693,4391.891891891892,49.333333333333336,0.0,285532.6189391474,285532.6189391474,293441.4203821656
1442,100.0,3.0,1.0,1.0,1.0,1.0,1.0,1.0,1.0,1.0,1.0,1.0,36.873986,11.1082328,2400.0,33.333333333333336,0.0,285532.6189391474,285532.6189391474,300305.12820512813
3988,70.0,3.0,1.0,1.0,1.0,1.0,1.0,1.0,1.0,1.0,1.0,1.0,36.8065,10.1815,4071.4285714285716,23.333333333333332,0.0,285532.6189391474,285532.6189391474,293441.4203821656
3982,162.0,3.0,1.0,1.0,1.0,1.0,1.0,1.0,1.0,1.0,1.0,1.0,36.8065,10.1815,3456.7901234567903,37.75,0.0,285532.6189391474,285532.6189391474,293441.4203821656
2884,112.0,3.0,1.0,1.0,1.0,1.0,1.0,1.0,1.0,1.0,1.0,1.0,36.8065,10.1815,2991.0714285714284,37.333333333333336,0.0,285532.6189391474,285532.6189391474,293441.4203821656
3829,146.0,4.0,0.0,1.0,1.0,1.0,1.0,1.0,1.0,1.0,1.0,1.0,36.8065,10.1815,1746.5753424657535,36.5,0.0,285532.6189391474,285532.6189391474,293441.4203821656
1570,144.0,1.0,2.0,1.0,1.0,1.0,1.0,1.0,1.0,1.0,1.0,1.0,36.8587351,10.188232,2395.8333333333335,144.0,0.0,285532.6189391474,285532.6189391474,320375.0034842321
2492,107.0,3.0,1.0,1.0,1.0,1.0,1.0,1.0,1.0,1.0,1.0,1.0,36.8573922,10.2623664,2537.88748564868,37.75,0.0,285532.6189391474,285532.6189391474,293441.4203821656
2883,105.0,3.0,1.0,1.0,1.0,1.0,1.0,1.0,1.0,1.0,1.0,1.0,36.8065,10.1815,2857.1428571428573,37.75,0.0,285532.6189391474,285532.6189391474,293441.4203821656
3589,107.0,2.0,1.0,1.0,1.0,1.0,1.0,1.0,1.0,1.0,1.0,1.0,36.8065,10.1815,2537.88748564868,37.75,0.0,285532.6189391474,285532.6189391474,293441.4203821656
1691,50.0,1.0,1.0,1.0,1.0,1.0,1.0,1.0,1.0,1.0,1.0,1.0,36.4012665,10.5572827,4500.0,50.0,0.0,285532.6189391474,285532.6189391474,300305.12820512813
851,120.0,2.0,1.0,1.0,1.0,1.0,1.0,1.0,1.0,1.0,1.0,1.0,35.8137916,10.5208721,4916.666666666667,60.0,0.0,285532.6189391474,285532.6189391474,281505.570214618
2211,50.0,2.0,1.0,1.0,1.0,1.0,1.0,1.0,1.0,1.0,1.0,1.0,35.84930174113692,10.58522250744765,2400.0,25.0,0.0,285532.6189391474,285532.6189391474,281505.570214618
895,104.0,3.0,4.0,1.0,1.0,1.0,1.0,1.0,1.0,1.0,1.0,1.0,36.753,10.228,1509.6153846153845,34.666666666666664,0.0,285532.6189391474,285532.6189391474,218196.17024373435
496,92.0,3.0,4.0,1.0,1.0,1.0,1.0,1.0,1.0,1.0,1.0,1.0,36.8065,10.1815,1576.0869565217392,30.666666666666668,0.0,285532.6189391474,285532.6189391474,293441.4203821656
2310,74.0,3.0,0.0,1.0,1.0,1.0,1.0,1.0,1.0,1.0,1.0,1.0,36.8548083,10.3309924,1621.6216216216217,24.666666666666668,0.0,285532.6189391474,285532.6189391474,293441.4203821656
1786,105.0,2.0,2.0,1.0,1.0,1.0,1.0,1.0,1.0,1.0,1.0,1.0,36.8881,11.1155,1904.7619047619048,52.5,0.0,285532.6189391474,285532.6189391474,300305.12820512813
335,125.0,2.0,1.0,1.0,1.0,1.0,1.0,1.0,1.0,1.0,1.0,1.0,36.8002068,10.1857757,2800.0,62.5,0.0,285532.6189391474,285532.6189391474,293441.4203821656
3028,80.0,2.0,1.0,1.0,1.0,1.0,1.0,1.0,1.0,1.0,1.0,1.0,36.8065,10.1815,5000.0,40.0,0.0,285532.6189391474,285532.6189391474,293441.4203821656
3330,200.0,2.0,1.0,1.0,1.0,1.0,1.0,1.0,1.0,1.0,1.0,1.0,36.8065,10.1815,775.0,100.0,0.0,285532.6189391474,285532.6189391474,293441.4203821656
515,95.0,2.0,0.0,1.0,1.0,1.0,1.0,1.0,1.0,1.0,1.0,1.0,36.8065,10.1815,2210.5263157894738,47.5,0.0,285532.6189391474,285532.6189391474,293441.4203821656
1349,70.0,2.0,1.0,1.0,1.0,1.0,1.0,1.0,1.0,1.0,1.0,1.0,36.7571648,10.014927,2857.1428571428573,35.0,0.0,285532.6189391474,285532.6189391474,240180.81353797184
1015,136.0,4.0,0.0,1.0,1.0,1.0,1.0,1.0,1.0,1.0,1.0,1.0,36.8749751,10.2454267,3088.235294117647,34.0,0.0,285532.6189391474,285532.6189391474,320375.0034842321
2993,104.0,3.0,1.0,1.0,1.0,1.0,1.0,1.0,1.0,1.0,1.0,1.0,36.8065,10.1815,4038.4615384615386,34.666666666666664,0.0,285532.6189391474,285532.6189391474,293441.4203821656
3997,145.0,4.0,0.0,1.0,1.0,1.0,1.0,1.0,1.0,1.0,1.0,1.0,36.8625,10.1956,3517.2413793103447,36.25,0.0,285532.6189391474,285532.6189391474,320375.0034842321
3991,68.0,2.0,0.0,1.0,1.0,1.0,1.0,1.0,1.0,1.0,1.0,1.0,36.8065,10.1815,2205.8823529411766,34.0,0.0,285532.6189391474,285532.6189391474,293441.4203821656
2984,118.0,3.0,1.0,1.0,1.0,1.0,1.0,1.0,1.0,1.0,1.0,1.0,36.8065,10.188232,3389.830508474576,39.333333333333336,0.0,285532.6189391474,285532.6189391474,277143.4970760234
3581,144.0,4.0,0.0,1.0,1.0,1.0,1.0,1.0,1.0,1.0,1.0,1.0,36.753,10.228,1597.2222222222222,36.0,0.0,285532.6189391474,285532.6189391474,218196.17024373435
4278,130.0,4.0,1.0,1.0,1.0,1.0,1.0,1.0,1.0,1.0,1.0,1.0,36.8065,10.1815,1692.3076923076924,32.5,0.0,285532.6189391474,285532.6189391474,293441.4203821656
1785,83.0,2.0,0.0,1.0,1.0,1.0,1.0,1.0,1.0,1.0,1.0,1.0,36.847,11.1218,3855.421686746988,41.5,0.0,285532.6189391474,285532.6189391474,300305.12820512813
2673,170.0,2.0,1.0,1.0,1.0,1.0,1.0,1.0,1.0,1.0,1.0,1.0,36.8065,10.188232,1176.4705882352941,85.0,0.0,285532.6189391474,285532.6189391474,277143.4970760234
1789,110.0,3.0,1.0,1.0,1.0,1.0,1.0,1.0,1.0,1.0,1.0,1.0,36.8345,11.0932,2181.818181818182,36.666666666666664,0.0,285532.6189391474,285532.6189391474,300305.12820512813
2074,113.0,2.0,0.0,1.0,1.0,1.0,1.0,1.0,1.0,1.0,1.0,1.0,35.7016,10.1009,1592.9203539823009,56.5,0.0,285532.6189391474,285532.6189391474,264460.8237615568
356,153.0,2.0,1.0,1.0,1.0,1.0,1.0,1.0,1.0,1.0,1.0,1.0,36.4512897,10.7355915,4183.006535947712,76.5,0.0,285532.6189391474,285532.6189391474,300305.12820512813
4067,145.0,3.0,1.0,1.0,1.0,1.0,1.0,1.0,1.0,1.0,1.0,1.0,36.8065,10.1815,2413.793103448276,37.75,0.0,285532.6189391474,285532.6189391474,293441.4203821656
1312,120.0,5.0,1.0,1.0,1.0,1.0,1.0,1.0,1.0,1.0,1.0,1.0,36.7571648,10.014927,1750.0,24.0,0.0,285532.6189391474,285532.6189391474,240180.81353797184
1637,80.0,3.0,1.0,1.0,1.0,1.0,1.0,1.0,1.0,1.0,1.0,1.0,35.8749788,10.5935183,2250.0,26.666666666666668,0.0,285532.6189391474,285532.6189391474,281505.570214618
550,45.0,1.0,1.0,1.0,1.0,1.0,1.0,1.0,1.0,1.0,1.0,1.0,36.8507178,10.2829345,4444.444444444444,45.0,0.0,285532.6189391474,285532.6189391474,293441.4203821656
2434,100.0,3.0,0.0,1.0,1.0,1.0,1.0,1.0,1.0,1.0,1.0,1.0,36.8065,10.188232,4500.0,33.333333333333336,0.0,285532.6189391474,285532.6189391474,277143.4970760234
2558,107.0,3.0,1.0,1.0,1.0,1.0,1.0,1.0,1.0,1.0,1.0,1.0,36.8065,10.1815,2537.88748564868,37.75,0.0,285532.6189391474,285532.6189391474,293441.4203821656
2612,62.0,3.0,1.0,1.0,1.0,1.0,1.0,1.0,1.0,1.0,1.0,1.0,36.4561,10.7376,1612.9032258064517,37.75,0.0,285532.6189391474,285532.6189391474,300305.12820512813
2269,120.0,3.0,3.0,1.0,1.0,1.0,1.0,1.0,1.0,1.0,1.0,1.0,36.0227,10.5161,3416.6666666666665,40.0,0.0,285532.6189391474,285532.6189391474,281505.570214618
3177,140.0,4.0,1.0,1.0,1.0,1.0,1.0,1.0,1.0,1.0,1.0,1.0,36.8065,10.1815,3071.4285714285716,35.0,0.0,285532.6189391474,285532.6189391474,293441.4203821656
1227,95.0,3.0,1.0,1.0,1.0,1.0,1.0,1.0,1.0,1.0,1.0,1.0,35.8137916,10.5208721,2842.1052631578946,31.666666666666668,0.0,285532.6189391474,285532.6189391474,281505.570214618
3769,96.0,3.0,0.0,1.0,1.0,1.0,1.0,1.0,1.0,1.0,1.0,1.0,36.8065,10.188232,3020.8333333333335,37.75,0.0,285532.6189391474,285532.6189391474,277143.4970760234
3294,107.0,3.0,1.0,1.0,1.0,1.0,1.0,1.0,1.0,1.0,1.0,1.0,35.8245,10.6346,2537.88748564868,37.75,0.0,285532.6189391474,285532.6189391474,281505.570214618
957,86.0,2.0,1.0,1.0,1.0,1.0,1.0,1.0,1.0,1.0,1.0,1.0,36.8702316,10.1996261,1686.046511627907,43.0,0.0,285532.6189391474,285532.6189391474,320375.0034842321
1777,110.0,3.0,0.0,1.0,1.0,1.0,1.0,1.0,1.0,1.0,1.0,1.0,36.8549,11.1208,2681.818181818182,36.666666666666664,0.0,285532.6189391474,285532.6189391474,300305.12820512813
2145,58.0,2.0,0.0,1.0,1.0,1.0,1.0,1.0,1.0,1.0,1.0,1.0,35.75640174113702,10.82802259802388,4431.0344827586205,29.0,0.0,285532.6189391474,285532.6189391474,309845.8833033952
1008,90.0,3.0,2.0,1.0,1.0,1.0,1.0,1.0,1.0,1.0,1.0,1.0,36.8826682,10.3080504,3055.5555555555557,30.0,0.0,285532.6189391474,285532.6189391474,293441.4203821656
3371,171.0,3.0,1.0,1.0,1.0,1.0,1.0,1.0,1.0,1.0,1.0,1.0,36.8065,10.188232,2292.3976608187136,57.0,0.0,285532.6189391474,285532.6189391474,277143.4970760234
1092,210.0,5.0,0.0,1.0,1.0,1.0,1.0,1.0,1.0,1.0,1.0,1.0,36.8095,10.098,1333.3333333333333,42.0,0.0,285532.6189391474,285532.6189391474,240180.81353797184
3747,107.0,3.0,4.0,1.0,1.0,1.0,1.0,1.0,1.0,1.0,1.0,1.0,36.8065,10.1815,2537.88748564868,37.75,0.0,285532.6189391474,285532.6189391474,293441.4203821656
2893,87.0,3.0,0.0,1.0,1.0,1.0,1.0,1.0,1.0,1.0,1.0,1.0,36.8065,10.1815,5632.183908045977,37.75,0.0,285532.6189391474,285532.6189391474,293441.4203821656
4052,142.0,3.0,1.0,1.0,1.0,1.0,1.0,1.0,1.0,1.0,1.0,1.0,36.8065,10.1815,3521.1267605633802,37.75,0.0,285532.6189391474,285532.6189391474,293441.4203821656
996,151.0,4.0,4.0,1.0,1.0,1.0,1.0,1.0,1.0,1.0,1.0,1.0,36.8599292,10.1531585,2980.1324503311257,37.75,0.0,285532.6189391474,285532.6189391474,320375.0034842321
1681,129.0,2.0,1.0,1.0,1.0,1.0,1.0,1.0,1.0,1.0,1.0,1.0,37.2720905,9.8708565,1860.4651162790697,64.5,0.0,285532.6189391474,285532.6189391474,243467.8477263652
153,122.0,2.0,6.0,1.0,1.0,1.0,1.0,1.0,1.0,1.0,1.0,1.0,36.4512897,10.7355915,2500.0,61.0,6.0,285532.6189391474,285532.6189391474,300305.12820512813
3407,150.0,2.0,1.0,1.0,1.0,1.0,1.0,1.0,1.0,1.0,1.0,1.0,36.8065,10.1815,1766.6666666666667,75.0,0.0,285532.6189391474,285532.6189391474,293441.4203821656
4125,171.0,3.0,1.0,1.0,1.0,1.0,1.0,1.0,1.0,1.0,1.0,1.0,36.8065,10.188232,2292.3976608187136,57.0,0.0,285532.6189391474,285532.6189391474,277143.4970760234
3112,107.0,3.0,5.0,1.0,1.0,1.0,1.0,1.0,1.0,1.0,1.0,1.0,36.8065,10.1815,2537.88748564868,37.75,5.0,285532.6189391474,285532.6189391474,293441.4203821656
3024,104.0,2.0,1.0,1.0,1.0,1.0,1.0,1.0,1.0,1.0,1.0,1.0,36.8065,10.1815,3076.923076923077,52.0,1.0,285532.6189391474,285532.6189391474,293441.4203821656
580,135.0,1.0,4.0,1.0,1.0,1.0,1.0,1.0,1.0,1.0,1.0,1.0,36.8479251,10.2611996,2888.8888888888887,135.0,0.0,285532.6189391474,285532.6189391474,293441.4203821656
1472,140.0,1.0,1.0,1.0,1.0,1.0,1.0,1.0,1.0,1.0,1.0,1.0,36.8749751,10.2454267,3000.0,140.0,0.0,285532.6189391474,285532.6189391474,320375.0034842321
703,55.0,1.0,1.0,1.0,1.0,1.0,1.0,1.0,1.0,1.0,1.0,1.0,35.8749788,10.5935183,2818.181818181818,55.0,0.0,285532.6189391474,285532.6189391474,281505.570214618
1212,170.0,3.0,1.0,1.0,1.0,1.0,1.0,1.0,1.0,1.0,1.0,1.0,36.7992041,10.1756221,1617.6470588235295,56.666666666666664,0.0,285532.6189391474,285532.6189391474,293441.4203821656
896,184.0,5.0,0.0,1.0,1.0,1.0,1.0,1.0,1.0,1.0,1.0,1.0,36.8653305,10.2425306,3342.391304347826,36.8,0.0,285532.6189391474,285532.6189391474,320375.0034842321
487,125.0,3.0,1.0,1.0,1.0,1.0,1.0,1.0,1.0,1.0,1.0,1.0,36.7404497,10.3029461,2440.0,41.666666666666664,0.0,285532.6189391474,285532.6189391474,218196.17024373435
559,95.0,2.0,1.0,1.0,1.0,1.0,1.0,1.0,1.0,1.0,1.0,1.0,36.9003542,11.0982607,1894.7368421052631,47.5,0.0,285532.6189391474,285532.6189391474,300305.12820512813
1141,107.0,3.0,1.0,1.0,1.0,1.0,1.0,1.0,1.0,1.0,1.0,1.0,36.8134113,10.1321911,2537.88748564868,37.75,0.0,285532.6189391474,285532.6189391474,293441.4203821656
1119,153.0,3.0,1.0,1.0,1.0,1.0,1.0,1.0,1.0,1.0,1.0,1.0,36.8811985,10.211819,2777.777777777778,51.0,0.0,285532.6189391474,285532.6189391474,320375.0034842321
3041,60.0,3.0,1.0,1.0,1.0,1.0,1.0,1.0,1.0,1.0,1.0,1.0,36.8065,10.188232,3666.6666666666665,37.75,0.0,285532.6189391474,285532.6189391474,277143.4970760234
512,90.0,4.0,0.0,1.0,1.0,1.0,1.0,1.0,1.0,1.0,1.0,1.0,36.8423974,10.1571247,3000.0,22.5,0.0,285532.6189391474,285532.6189391474,293441.4203821656
633,221.0,1.0,1.0,1.0,1.0,1.0,1.0,1.0,1.0,1.0,1.0,1.0,36.4512897,10.7355915,2217.1945701357467,221.0,0.0,285532.6189391474,285532.6189391474,300305.12820512813
3847,65.0,3.0,1.0,1.0,1.0,1.0,1.0,1.0,1.0,1.0,1.0,1.0,36.8065,10.1815,2923.076923076923,21.666666666666668,0.0,285532.6189391474,285532.6189391474,293441.4203821656
1666,200.0,3.0,1.0,1.0,1.0,1.0,1.0,1.0,1.0,1.0,1.0,1.0,36.4561,10.7376,1350.0,66.66666666666667,0.0,285532.6189391474,285532.6189391474,300305.12820512813
1012,72.0,1.0,1.0,1.0,1.0,1.0,1.0,1.0,1.0,1.0,1.0,1.0,36.8749751,10.2454267,3333.3333333333335,72.0,0.0,285532.6189391474,285532.6189391474,320375.0034842321
1935,62.0,2.0,1.0,1.0,1.0,1.0,1.0,1.0,1.0,1.0,1.0,1.0,36.833601741136015,10.308221521799142,4206.096774193548,31.0,1.0,285532.6189391474,285532.6189391474,293441.4203821656
1150,110.0,3.0,1.0,1.0,1.0,1.0,1.0,1.0,1.0,1.0,1.0,1.0,36.7050739,10.1796714,2000.0,36.666666666666664,0.0,285532.6189391474,285532.6189391474,218196.17024373435
3027,110.0,3.0,1.0,1.0,1.0,1.0,1.0,1.0,1.0,1.0,1.0,1.0,36.8065,10.1815,2681.818181818182,36.666666666666664,0.0,285532.6189391474,285532.6189391474,293441.4203821656
3993,95.0,3.0,1.0,1.0,1.0,1.0,1.0,1.0,1.0,1.0,1.0,1.0,36.8065,10.1815,2000.0,37.75,0.0,285532.6189391474,285532.6189391474,293441.4203821656
116,107.0,4.0,1.0,0.0,1.0,1.0,1.0,1.0,0.0,1.0,0.0,0.0,36.8587351,10.188232,2537.88748564868,37.75,0.0,285532.6189391474,285532.6189391474,320375.0034842321
740,125.0,4.0,0.0,1.0,1.0,1.0,1.0,1.0,1.0,1.0,1.0,1.0,36.719825,10.2192362,1600.0,31.25,0.0,285532.6189391474,285532.6189391474,218196.17024373435
3916,98.0,3.0,0.0,1.0,1.0,1.0,1.0,1.0,1.0,1.0,1.0,1.0,36.8065,10.1815,3061.2244897959185,37.75,0.0,285532.6189391474,285532.6189391474,293441.4203821656
1978,75.0,3.0,3.0,1.0,1.0,1.0,1.0,1.0,1.0,1.0,1.0,1.0,36.7444,10.2953,2200.0,25.0,0.0,285532.6189391474,285532.6189391474,293441.4203821656
1081,185.0,1.0,0.0,1.0,1.0,1.0,1.0,1.0,1.0,1.0,1.0,1.0,36.8767342,10.3210797,3351.3513513513512,185.0,0.0,285532.6189391474,285532.6189391474,293441.4203821656
1814,131.0,2.0,2.0,1.0,1.0,1.0,1.0,1.0,1.0,1.0,1.0,1.0,36.4236,10.666,3435.114503816794,65.5,2.0,285532.6189391474,285532.6189391474,300305.12820512813
830,124.0,1.0,1.0,1.0,1.0,1.0,1.0,1.0,1.0,1.0,1.0,1.0,36.8507178,10.2829345,2580.6451612903224,124.0,0.0,285532.6189391474,285532.6189391474,293441.4203821656
119,145.0,2.0,1.0,1.0,1.0,1.0,1.0,1.0,1.0,1.0,1.0,1.0,36.4512897,10.7355915,3310.344827586207,72.5,0.0,285532.6189391474,285532.6189391474,300305.12820512813
656,72.0,2.0,3.0,1.0,1.0,1.0,1.0,1.0,1.0,1.0,1.0,1.0,36.8453935,10.1829741,3194.4444444444443,36.0,3.0,285532.6189391474,285532.6189391474,293441.4203821656
3869,51.0,2.0,1.0,1.0,1.0,1.0,1.0,1.0,1.0,1.0,1.0,1.0,36.8065,10.1815,1568.6274509803923,25.5,0.0,285532.6189391474,285532.6189391474,293441.4203821656
3797,107.0,3.0,1.0,1.0,1.0,1.0,1.0,1.0,1.0,1.0,1.0,1.0,36.8065,10.188232,2537.88748564868,37.75,0.0,285532.6189391474,285532.6189391474,277143.4970760234
4187,200.0,3.0,0.0,1.0,1.0,1.0,1.0,1.0,1.0,1.0,1.0,1.0,36.8065,10.1815,1600.0,37.75,0.0,285532.6189391474,285532.6189391474,293441.4203821656
635,180.0,5.0,1.0,1.0,1.0,1.0,1.0,1.0,1.0,1.0,1.0,1.0,35.8512042,10.6062129,2500.0,36.0,0.0,285532.6189391474,285532.6189391474,281505.570214618
369,145.0,3.0,1.0,1.0,1.0,1.0,1.0,1.0,1.0,1.0,1.0,1.0,36.4512897,10.7355915,2206.896551724138,48.333333333333336,0.0,285532.6189391474,285532.6189391474,300305.12820512813
268,120.0,2.0,2.0,1.0,1.0,1.0,1.0,1.0,1.0,1.0,1.0,1.0,36.3994751,10.1446349,1000.0,60.0,0.0,285532.6189391474,285532.6189391474,276182.4319085114
2837,57.0,2.0,1.0,1.0,1.0,1.0,1.0,1.0,1.0,1.0,1.0,1.0,36.8065,10.1815,3701.754385964912,28.5,0.0,285532.6189391474,285532.6189391474,293441.4203821656
3205,84.0,2.0,1.0,1.0,1.0,1.0,1.0,1.0,1.0,1.0,1.0,1.0,36.8065,10.1815,1726.1904761904761,42.0,0.0,285532.6189391474,285532.6189391474,293441.4203821656
3069,107.0,3.0,1.0,1.0,1.0,1.0,1.0,1.0,1.0,1.0,1.0,1.0,36.8065,10.1815,2537.88748564868,37.75,0.0,285532.6189391474,285532.6189391474,293441.4203821656
3120,210.0,3.0,1.0,1.0,1.0,1.0,1.0,1.0,1.0,1.0,1.0,1.0,36.8065,10.1815,700.0,37.75,0.0,285532.6189391474,285532.6189391474,293441.4203821656
46,85.0,4.0,0.0,1.0,1.0,1.0,1.0,1.0,1.0,1.0,1.0,1.0,36.4512897,10.7355915,7411.764705882353,21.25,0.0,285532.6189391474,285532.6189391474,300305.12820512813
3941,81.0,2.0,1.0,1.0,1.0,1.0,1.0,1.0,1.0,1.0,1.0,1.0,36.8065,10.1815,3086.41975308642,40.5,1.0,285532.6189391474,285532.6189391474,293441.4203821656
991,147.0,4.0,1.0,1.0,1.0,1.0,1.0,1.0,1.0,1.0,1.0,1.0,36.719825,10.2192362,1700.6802721088436,36.75,0.0,285532.6189391474,285532.6189391474,218196.17024373435
876,80.0,2.0,1.0,1.0,1.0,1.0,1.0,1.0,1.0,1.0,1.0,1.0,36.7992041,10.1756221,1937.5,40.0,0.0,285532.6189391474,285532.6189391474,293441.4203821656
773,48.0,1.0,1.0,1.0,1.0,1.0,1.0,1.0,1.0,1.0,1.0,1.0,36.8749751,10.2454267,4583.333333333333,48.0,0.0,285532.6189391474,285532.6189391474,320375.0034842321
1219,89.0,2.0,0.0,1.0,1.0,1.0,1.0,1.0,1.0,1.0,1.0,1.0,36.4012665,10.5572827,3707.8651685393256,44.5,0.0,285532.6189391474,285532.6189391474,300305.12820512813
1126,122.0,3.0,1.0,1.0,1.0,1.0,1.0,1.0,1.0,1.0,1.0,1.0,36.719825,10.2192362,1557.377049180328,40.666666666666664,0.0,285532.6189391474,285532.6189391474,218196.17024373435
4,200.0,2.0,4.0,1.0,1.0,1.0,1.0,1.0,1.0,1.0,1.0,1.0,36.4512897,10.7355915,1950.0,100.0,0.0,285532.6189391474,285532.6189391474,300305.12820512813
3285,125.0,3.0,0.0,1.0,1.0,1.0,1.0,1.0,1.0,1.0,1.0,1.0,36.8625,10.1956,2400.0,37.75,0.0,285532.6189391474,285532.6189391474,320375.0034842321
1597,80.0,4.0,1.0,1.0,1.0,1.0,1.0,1.0,1.0,1.0,1.0,1.0,36.7516855,10.2245072,2125.0,20.0,0.0,285532.6189391474,285532.6189391474,218196.17024373435
3377,107.0,4.0,0.0,1.0,1.0,1.0,1.0,1.0,1.0,1.0,1.0,1.0,34.74,10.76,2537.88748564868,37.75,0.0,285532.6189391474,285532.6189391474,245349.25277465454
2317,125.0,4.0,1.0,1.0,1.0,1.0,1.0,1.0,1.0,1.0,1.0,1.0,36.8113307,10.0947037,2640.0,31.25,0.0,285532.6189391474,285532.6189391474,240180.81353797184
3273,56.0,3.0,1.0,1.0,1.0,1.0,1.0,1.0,1.0,1.0,1.0,1.0,36.8065,10.1815,8750.0,37.75,0.0,285532.6189391474,285532.6189391474,293441.4203821656
4099,156.0,4.0,1.0,1.0,1.0,1.0,1.0,1.0,1.0,1.0,1.0,1.0,36.8065,10.1815,4166.666666666667,39.0,0.0,285532.6189391474,285532.6189391474,293441.4203821656
2572,67.0,1.0,1.0,1.0,1.0,1.0,1.0,1.0,1.0,1.0,1.0,1.0,36.8065,10.1815,4119.4029850746265,67.0,0.0,285532.6189391474,285532.6189391474,293441.4203821656
3284,116.0,3.0,1.0,1.0,1.0,1.0,1.0,1.0,1.0,1.0,1.0,1.0,35.8245,10.6346,1810.344827586207,38.666666666666664,1.0,285532.6189391474,285532.6189391474,281505.570214618
1077,115.0,3.0,1.0,1.0,1.0,1.0,1.0,1.0,1.0,1.0,1.0,1.0,36.8456561,11.0935701,2304.3478260869565,38.333333333333336,0.0,285532.6189391474,285532.6189391474,300305.12820512813
837,160.0,5.0,1.0,1.0,1.0,1.0,1.0,1.0,1.0,1.0,1.0,1.0,36.8292941,10.1657647,3125.0,32.0,0.0,285532.6189391474,285532.6189391474,293441.4203821656
681,113.0,3.0,1.0,1.0,1.0,1.0,1.0,1.0,1.0,1.0,1.0,1.0,35.8913101,10.5852113,3469.026548672566,37.666666666666664,0.0,285532.6189391474,285532.6189391474,281505.570214618
1719,120.0,3.0,1.0,1.0,1.0,1.0,1.0,1.0,1.0,1.0,1.0,1.0,36.8456561,11.0935701,1958.3333333333333,40.0,0.0,285532.6189391474,285532.6189391474,300305.12820512813
2376,62.0,3.0,0.0,1.0,1.0,1.0,1.0,1.0,1.0,1.0,1.0,1.0,36.8573922,10.2623664,2225.8064516129034,20.666666666666668,0.0,285532.6189391474,285532.6189391474,293441.4203821656
2723,130.0,4.0,1.0,1.0,1.0,1.0,1.0,1.0,1.0,1.0,1.0,1.0,36.8065,10.1815,4230.7692307692305,32.5,0.0,285532.6189391474,285532.6189391474,293441.4203821656
2390,65.0,2.0,1.0,1.0,1.0,1.0,1.0,1.0,1.0,1.0,1.0,1.0,36.8065,10.1815,5538.461538461538,32.5,0.0,285532.6189391474,285532.6189391474,293441.4203821656
2201,70.0,3.0,0.0,1.0,1.0,1.0,1.0,1.0,1.0,1.0,1.0,1.0,35.8007,10.5909,1142.857142857143,23.333333333333332,0.0,285532.6189391474,285532.6189391474,281505.570214618
1148,72.0,3.0,1.0,1.0,1.0,1.0,1.0,1.0,1.0,1.0,1.0,1.0,36.8625,10.1956,1805.5555555555557,24.0,0.0,285532.6189391474,285532.6189391474,320375.0034842321
3548,230.0,3.0,0.0,1.0,1.0,1.0,1.0,1.0,1.0,1.0,1.0,1.0,36.8065,10.1815,2521.7391304347825,37.75,0.0,285532.6189391474,285532.6189391474,293441.4203821656
574,120.0,4.0,4.0,1.0,1.0,1.0,1.0,1.0,1.0,1.0,1.0,1.0,36.8095,10.098,1666.6666666666667,30.0,0.0,285532.6189391474,285532.6189391474,240180.81353797184
50,105.0,3.0,1.0,1.0,1.0,1.0,1.0,1.0,1.0,1.0,1.0,1.0,36.7516855,10.2245072,1095.2380952380952,35.0,0.0,285532.6189391474,285532.6189391474,218196.17024373435
853,97.0,1.0,1.0,1.0,1.0,1.0,1.0,1.0,1.0,1.0,1.0,1.0,36.8443809,10.1819354,3092.783505154639,97.0,0.0,285532.6189391474,285532.6189391474,293441.4203821656
1986,109.0,3.0,1.0,1.0,1.0,1.0,1.0,1.0,1.0,1.0,1.0,1.0,36.84180174113602,10.141321513384876,2018.348623853211,36.333333333333336,0.0,285532.6189391474,285532.6189391474,293441.4203821656
2937,112.0,4.0,3.0,1.0,1.0,1.0,1.0,1.0,1.0,1.0,1.0,1.0,36.8065,10.188232,3750.0,28.0,3.0,285532.6189391474,285532.6189391474,277143.4970760234
1827,59.0,2.0,2.0,1.0,1.0,1.0,1.0,1.0,1.0,1.0,1.0,1.0,36.87600174113598,10.224921478254412,4661.016949152542,29.5,0.0,285532.6189391474,285532.6189391474,293441.4203821656
833,75.0,3.0,1.0,1.0,1.0,1.0,1.0,1.0,1.0,1.0,1.0,1.0,36.8170699,10.1784812,1933.3333333333333,25.0,0.0,285532.6189391474,285532.6189391474,293441.4203821656
1115,80.0,3.0,1.0,1.0,1.0,1.0,1.0,1.0,1.0,1.0,1.0,1.0,36.7992041,10.1756221,2187.5,26.666666666666668,0.0,285532.6189391474,285532.6189391474,293441.4203821656
1166,62.0,2.0,3.0,1.0,1.0,1.0,1.0,1.0,1.0,1.0,1.0,1.0,36.722541,10.2125357,1774.1935483870968,31.0,0.0,285532.6189391474,285532.6189391474,218196.17024373435
2608,107.0,2.0,1.0,1.0,1.0,1.0,1.0,1.0,1.0,1.0,1.0,1.0,36.8065,10.1815,2537.88748564868,37.75,0.0,285532.6189391474,285532.6189391474,293441.4203821656
1910,128.0,4.0,2.0,1.0,1.0,1.0,1.0,1.0,1.0,1.0,1.0,1.0,36.8543,10.1897,1796.875,32.0,0.0,285532.6189391474,285532.6189391474,293441.4203821656
971,124.0,3.0,0.0,1.0,1.0,1.0,1.0,1.0,1.0,1.0,1.0,1.0,36.8065,10.1815,2661.2903225806454,41.333333333333336,0.0,285532.6189391474,285532.6189391474,293441.4203821656
2835,107.0,3.0,0.0,1.0,1.0,1.0,1.0,1.0,1.0,1.0,1.0,1.0,36.4561,10.7376,2537.88748564868,37.75,0.0,285532.6189391474,285532.6189391474,300305.12820512813
399,80.0,3.0,1.0,1.0,1.0,1.0,1.0,1.0,1.0,1.0,1.0,1.0,36.753,10.228,1937.5,26.666666666666668,0.0,285532.6189391474,285532.6189391474,218196.17024373435
2659,107.0,2.0,1.0,1.0,1.0,1.0,1.0,1.0,1.0,1.0,1.0,1.0,36.8065,10.1815,2537.88748564868,37.75,0.0,285532.6189391474,285532.6189391474,293441.4203821656
2401,200.0,3.0,1.0,1.0,1.0,1.0,1.0,1.0,1.0,1.0,1.0,1.0,36.8065,10.1815,700.0,37.75,0.0,285532.6189391474,285532.6189391474,293441.4203821656
19,85.0,4.0,3.0,1.0,1.0,1.0,1.0,1.0,1.0,1.0,1.0,1.0,36.7516855,10.2245072,1529.4117647058824,21.25,0.0,285532.6189391474,285532.6189391474,218196.17024373435
684,55.0,2.0,0.0,1.0,1.0,1.0,1.0,1.0,1.0,1.0,1.0,1.0,36.8625,10.1956,3090.909090909091,27.5,0.0,285532.6189391474,285532.6189391474,320375.0034842321
35,85.0,4.0,0.0,1.0,1.0,1.0,1.0,1.0,1.0,1.0,1.0,1.0,36.4512897,10.7355915,7411.764705882353,21.25,0.0,285532.6189391474,285532.6189391474,300305.12820512813
3166,107.0,3.0,1.0,1.0,1.0,1.0,1.0,1.0,1.0,1.0,1.0,1.0,36.8065,10.188232,2537.88748564868,37.75,0.0,285532.6189391474,285532.6189391474,277143.4970760234
4034,109.0,3.0,2.0,1.0,1.0,1.0,1.0,1.0,1.0,1.0,1.0,1.0,36.8065,10.1815,2477.064220183486,36.333333333333336,2.0,285532.6189391474,285532.6189391474,293441.4203821656
3074,120.0,3.0,1.0,1.0,1.0,1.0,1.0,1.0,1.0,1.0,1.0,1.0,36.8065,10.1815,2666.6666666666665,40.0,0.0,285532.6189391474,285532.6189391474,293441.4203821656
524,52.0,2.0,1.0,1.0,1.0,1.0,1.0,1.0,1.0,1.0,1.0,1.0,35.9167608,10.5729473,5480.7692307692305,26.0,0.0,285532.6189391474,285532.6189391474,281505.570214618
2525,125.0,3.0,0.0,1.0,1.0,1.0,1.0,1.0,1.0,1.0,1.0,1.0,36.8742527,10.2436799,2560.0,41.666666666666664,0.0,285532.6189391474,285532.6189391474,293441.4203821656
920,120.0,3.0,1.0,1.0,1.0,1.0,1.0,1.0,1.0,1.0,1.0,1.0,36.8749751,10.2454267,5250.0,40.0,0.0,285532.6189391474,285532.6189391474,320375.0034842321
1845,130.0,4.0,1.0,1.0,1.0,1.0,1.0,1.0,1.0,1.0,1.0,1.0,36.879301741135976,10.180821474861483,2961.5384615384614,32.5,1.0,285532.6189391474,285532.6189391474,293441.4203821656
1894,80.0,3.0,3.0,1.0,1.0,1.0,1.0,1.0,1.0,1.0,1.0,1.0,36.8069,10.1038,1562.5,26.666666666666668,0.0,285532.6189391474,285532.6189391474,293441.4203821656
537,60.0,2.0,1.0,1.0,1.0,1.0,1.0,1.0,1.0,1.0,1.0,1.0,36.8811985,10.211819,2583.3333333333335,30.0,0.0,285532.6189391474,285532.6189391474,320375.0034842321
2981,87.0,3.0,1.0,1.0,1.0,1.0,1.0,1.0,1.0,1.0,1.0,1.0,36.8065,10.1815,1034.4827586206898,29.0,0.0,285532.6189391474,285532.6189391474,293441.4203821656
1709,65.0,2.0,1.0,1.0,1.0,1.0,1.0,1.0,1.0,1.0,1.0,1.0,36.8599292,10.1531585,3384.6153846153848,32.5,0.0,285532.6189391474,285532.6189391474,320375.0034842321
4186,97.0,3.0,1.0,1.0,1.0,1.0,1.0,1.0,1.0,1.0,1.0,1.0,36.8065,10.1815,1649.4845360824743,32.333333333333336,0.0,285532.6189391474,285532.6189391474,293441.4203821656
3362,107.0,4.0,1.0,1.0,1.0,1.0,1.0,1.0,1.0,1.0,1.0,1.0,36.8625,10.1956,2537.88748564868,37.75,0.0,285532.6189391474,285532.6189391474,320375.0034842321
3532,54.0,2.0,1.0,1.0,1.0,1.0,1.0,1.0,1.0,1.0,1.0,1.0,36.8065,10.188232,3518.5185185185187,27.0,0.0,285532.6189391474,285532.6189391474,277143.4970760234
245,132.0,3.0,0.0,1.0,1.0,1.0,1.0,1.0,1.0,1.0,1.0,1.0,36.8002068,10.1857757,4545.454545454545,44.0,0.0,285532.6189391474,285532.6189391474,293441.4203821656
3449,156.0,4.0,3.0,1.0,1.0,1.0,1.0,1.0,1.0,1.0,1.0,1.0,36.8065,10.1815,2115.3846153846152,39.0,3.0,285532.6189391474,285532.6189391474,293441.4203821656
784,175.0,4.0,1.0,1.0,1.0,1.0,1.0,1.0,1.0,1.0,1.0,1.0,36.8443809,10.1819354,3085.714285714286,43.75,0.0,285532.6189391474,285532.6189391474,293441.4203821656
1410,134.0,1.0,3.0,1.0,1.0,1.0,1.0,1.0,1.0,1.0,1.0,1.0,36.8599292,10.1531585,3582.089552238806,134.0,3.0,285532.6189391474,285532.6189391474,320375.0034842321
2630,107.0,3.0,1.0,1.0,1.0,1.0,1.0,1.0,1.0,1.0,1.0,1.0,36.8065,10.1815,2537.88748564868,37.75,0.0,285532.6189391474,285532.6189391474,293441.4203821656
154,155.0,3.0,0.0,1.0,1.0,1.0,1.0,1.0,1.0,1.0,1.0,1.0,36.8587351,10.188232,2580.6451612903224,51.666666666666664,0.0,285532.6189391474,285532.6189391474,320375.0034842321
3236,107.0,2.0,1.0,1.0,1.0,1.0,1.0,1.0,1.0,1.0,1.0,1.0,36.8065,10.1815,2537.88748564868,37.75,0.0,285532.6189391474,285532.6189391474,293441.4203821656
1690,66.0,1.0,1.0,1.0,1.0,1.0,1.0,1.0,1.0,1.0,1.0,1.0,36.73953,10.3094914,1818.1818181818182,66.0,0.0,285532.6189391474,285532.6189391474,218196.17024373435
3105,145.0,3.0,1.0,1.0,1.0,1.0,1.0,1.0,1.0,1.0,1.0,1.0,36.8065,10.1815,2275.862068965517,37.75,0.0,285532.6189391474,285532.6189391474,293441.4203821656
3677,75.0,3.0,1.0,1.0,1.0,1.0,1.0,1.0,1.0,1.0,1.0,1.0,36.8065,10.188232,1466.6666666666667,37.75,0.0,285532.6189391474,285532.6189391474,277143.4970760234
625,100.0,1.0,1.0,1.0,1.0,1.0,1.0,1.0,1.0,1.0,1.0,1.0,35.8913101,10.5852113,3800.0,100.0,0.0,285532.6189391474,285532.6189391474,281505.570214618
2877,228.0,3.0,1.0,1.0,1.0,1.0,1.0,1.0,1.0,1.0,1.0,1.0,35.8245,10.6346,1096.4912280701753,37.75,0.0,285532.6189391474,285532.6189391474,281505.570214618
4105,120.0,4.0,1.0,1.0,1.0,1.0,1.0,1.0,1.0,1.0,1.0,1.0,36.8065,10.1815,2500.0,30.0,0.0,285532.6189391474,285532.6189391474,293441.4203821656
1346,102.0,1.0,1.0,1.0,1.0,1.0,1.0,1.0,1.0,1.0,1.0,1.0,36.8749751,10.2454267,3686.274509803922,102.0,0.0,285532.6189391474,285532.6189391474,320375.0034842321
569,80.0,3.0,3.0,1.0,1.0,1.0,1.0,1.0,1.0,1.0,1.0,1.0,36.753,10.228,1812.5,26.666666666666668,0.0,285532.6189391474,285532.6189391474,218196.17024373435
4188,107.0,2.0,0.0,1.0,1.0,1.0,1.0,1.0,1.0,1.0,1.0,1.0,36.8065,10.1815,2537.88748564868,37.75,0.0,285532.6189391474,285532.6189391474,293441.4203821656
1762,100.0,4.0,4.0,1.0,1.0,1.0,1.0,1.0,1.0,1.0,1.0,1.0,37.28280174113559,9.873891055797008,3200.0,25.0,0.0,285532.6189391474,285532.6189391474,243467.8477263652
1820,85.0,1.0,2.0,1.0,1.0,1.0,1.0,1.0,1.0,1.0,1.0,1.0,36.417,10.6529,3470.5882352941176,85.0,2.0,285532.6189391474,285532.6189391474,300305.12820512813
2069,180.0,3.0,1.0,1.0,1.0,1.0,1.0,1.0,1.0,1.0,1.0,1.0,35.6917,10.0957,1555.5555555555557,60.0,0.0,285532.6189391474,285532.6189391474,264460.8237615568
127,186.0,2.0,1.0,1.0,1.0,1.0,1.0,1.0,1.0,1.0,1.0,1.0,36.4512897,10.7355915,3709.6774193548385,93.0,0.0,285532.6189391474,285532.6189391474,300305.12820512813
3635,156.0,2.0,1.0,1.0,1.0,1.0,1.0,1.0,1.0,1.0,1.0,1.0,36.8065,10.1815,3717.948717948718,78.0,0.0,285532.6189391474,285532.6189391474,293441.4203821656
4261,107.0,3.0,1.0,1.0,1.0,1.0,1.0,1.0,1.0,1.0,1.0,1.0,34.74,10.76,2537.88748564868,37.75,0.0,285532.6189391474,285532.6189391474,245349.25277465454
2010,115.0,3.0,2.0,1.0,1.0,1.0,1.0,1.0,1.0,1.0,1.0,1.0,36.87610174113599,10.181021478151605,3973.913043478261,38.333333333333336,0.0,285532.6189391474,285532.6189391474,293441.4203821656
3195,160.0,3.0,0.0,1.0,1.0,1.0,1.0,1.0,1.0,1.0,1.0,1.0,36.8065,10.1815,3437.5,37.75,0.0,285532.6189391474,285532.6189391474,293441.4203821656
980,66.0,1.0,1.0,1.0,1.0,1.0,1.0,1.0,1.0,1.0,1.0,1.0,36.7019512,10.3964906,3242.4242424242425,66.0,0.0,285532.6189391474,285532.6189391474,218196.17024373435
4257,107.0,2.0,1.0,1.0,1.0,1.0,1.0,1.0,1.0,1.0,1.0,1.0,36.8065,10.188232,2537.88748564868,37.75,0.0,285532.6189391474,285532.6189391474,277143.4970760234
190,50.0,2.0,1.0,1.0,1.0,1.0,1.0,1.0,1.0,1.0,1.0,1.0,36.4512897,10.7355915,5300.0,25.0,0.0,285532.6189391474,285532.6189391474,300305.12820512813
1139,54.0,1.0,3.0,1.0,1.0,1.0,1.0,1.0,1.0,1.0,1.0,1.0,36.8479251,10.2611996,3333.3333333333335,54.0,0.0,285532.6189391474,285532.6189391474,293441.4203821656
992,141.0,3.0,1.0,1.0,1.0,1.0,1.0,1.0,1.0,1.0,1.0,1.0,36.4561,10.7376,2978.723404255319,47.0,0.0,285532.6189391474,285532.6189391474,300305.12820512813
699,80.0,1.0,1.0,1.0,1.0,1.0,1.0,1.0,1.0,1.0,1.0,1.0,36.8457382,10.1317222,2625.0,80.0,0.0,285532.6189391474,285532.6189391474,320375.0034842321
3870,97.0,4.0,1.0,1.0,1.0,1.0,1.0,1.0,1.0,1.0,1.0,1.0,35.7643,10.8113,2371.134020618557,24.25,0.0,285532.6189391474,285532.6189391474,309845.8833033952
606,75.0,1.0,1.0,1.0,1.0,1.0,1.0,1.0,1.0,1.0,1.0,1.0,36.8065,10.1815,5533.333333333333,75.0,0.0,285532.6189391474,285532.6189391474,293441.4203821656
180,75.0,2.0,1.0,1.0,1.0,1.0,1.0,1.0,1.0,1.0,1.0,1.0,36.7516855,10.2245072,1733.3333333333333,37.5,0.0,285532.6189391474,285532.6189391474,218196.17024373435
301,70.0,2.0,1.0,1.0,1.0,1.0,1.0,1.0,1.0,1.0,1.0,1.0,36.8002068,10.1857757,3500.0,35.0,0.0,285532.6189391474,285532.6189391474,293441.4203821656
2638,107.0,5.0,1.0,1.0,1.0,1.0,1.0,1.0,1.0,1.0,1.0,1.0,36.8065,10.1815,2537.88748564868,37.75,0.0,285532.6189391474,285532.6189391474,293441.4203821656
3942,62.0,2.0,1.0,1.0,1.0,1.0,1.0,1.0,1.0,1.0,1.0,1.0,36.8065,10.188232,3800.0,31.0,0.0,285532.6189391474,285532.6189391474,277143.4970760234
1060,100.0,3.0,0.0,1.0,1.0,1.0,1.0,1.0,1.0,1.0,1.0,1.0,36.8065,10.1815,3500.0,33.333333333333336,0.0,285532.6189391474,285532.6189391474,293441.4203821656
4014,107.0,3.0,1.0,1.0,1.0,1.0,1.0,1.0,1.0,1.0,1.0,1.0,36.753,10.228,2537.88748564868,37.75,0.0,285532.6189391474,285532.6189391474,218196.17024373435
4107,116.0,3.0,2.0,1.0,1.0,1.0,1.0,1.0,1.0,1.0,1.0,1.0,36.8625,10.1956,2068.9655172413795,37.75,0.0,285532.6189391474,285532.6189391474,320375.0034842321
2668,107.0,4.0,1.0,1.0,1.0,1.0,1.0,1.0,1.0,1.0,1.0,1.0,36.8065,10.1815,2537.88748564868,37.75,0.0,285532.6189391474,285532.6189391474,293441.4203821656
1069,76.0,2.0,1.0,1.0,1.0,1.0,1.0,1.0,1.0,1.0,1.0,1.0,35.8137916,10.5208721,1315.7894736842106,38.0,0.0,285532.6189391474,285532.6189391474,281505.570214618
2615,136.0,3.0,0.0,1.0,1.0,1.0,1.0,1.0,1.0,1.0,1.0,1.0,36.8065,10.1815,3147.0588235294117,45.333333333333336,0.0,285532.6189391474,285532.6189391474,293441.4203821656
2209,83.0,2.0,0.0,1.0,1.0,1.0,1.0,1.0,1.0,1.0,1.0,1.0,35.9134,10.5768,3674.6987951807228,41.5,0.0,285532.6189391474,285532.6189391474,281505.570214618
1243,170.0,3.0,1.0,1.0,1.0,1.0,1.0,1.0,1.0,1.0,1.0,1.0,36.7992041,10.1756221,1617.6470588235295,56.666666666666664,0.0,285532.6189391474,285532.6189391474,293441.4203821656
3526,171.0,3.0,1.0,1.0,1.0,1.0,1.0,1.0,1.0,1.0,1.0,1.0,36.8065,10.188232,2292.3976608187136,57.0,0.0,285532.6189391474,285532.6189391474,277143.4970760234
16,195.0,3.0,0.0,1.0,1.0,1.0,1.0,1.0,1.0,1.0,1.0,1.0,36.7516855,10.2245072,2820.5128205128203,65.0,0.0,285532.6189391474,285532.6189391474,218196.17024373435
3373,141.0,3.0,1.0,1.0,1.0,1.0,1.0,1.0,1.0,1.0,1.0,1.0,36.8065,10.188232,3085.1063829787236,47.0,0.0,285532.6189391474,285532.6189391474,277143.4970760234
4264,125.0,3.0,3.0,1.0,1.0,1.0,1.0,1.0,1.0,1.0,1.0,1.0,36.8065,10.1815,5440.0,37.75,0.0,285532.6189391474,285532.6189391474,293441.4203821656
546,60.0,3.0,1.0,1.0,1.0,1.0,1.0,1.0,1.0,1.0,1.0,1.0,36.719825,10.2192362,2333.3333333333335,20.0,0.0,285532.6189391474,285532.6189391474,218196.17024373435
658,95.0,1.0,0.0,1.0,1.0,1.0,1.0,1.0,1.0,1.0,1.0,1.0,36.8811985,10.211819,4210.526315789473,95.0,0.0,285532.6189391474,285532.6189391474,320375.0034842321
3821,72.0,2.0,1.0,1.0,1.0,1.0,1.0,1.0,1.0,1.0,1.0,1.0,36.8065,10.188232,2750.0,36.0,0.0,285532.6189391474,285532.6189391474,277143.4970760234
3304,130.0,3.0,0.0,1.0,1.0,1.0,1.0,1.0,1.0,1.0,1.0,1.0,36.8065,10.188232,3153.846153846154,43.333333333333336,0.0,285532.6189391474,285532.6189391474,277143.4970760234
3877,60.0,3.0,1.0,1.0,1.0,1.0,1.0,1.0,1.0,1.0,1.0,1.0,36.8065,10.1815,4833.333333333333,37.75,0.0,285532.6189391474,285532.6189391474,293441.4203821656
1506,61.0,2.0,0.0,1.0,1.0,1.0,1.0,1.0,1.0,1.0,1.0,1.0,36.8749751,10.2454267,4032.7868852459014,30.5,0.0,285532.6189391474,285532.6189391474,320375.0034842321
959,199.0,5.0,1.0,1.0,1.0,1.0,1.0,1.0,1.0,1.0,1.0,1.0,36.8585478,10.1682756,3165.829145728643,39.8,0.0,285532.6189391474,285532.6189391474,320375.0034842321
3134,107.0,2.0,1.0,1.0,1.0,1.0,1.0,1.0,1.0,1.0,1.0,1.0,36.8065,10.1815,2537.88748564868,37.75,0.0,285532.6189391474,285532.6189391474,293441.4203821656
2346,82.0,2.0,1.0,1.0,1.0,1.0,1.0,1.0,1.0,1.0,1.0,1.0,36.8573922,10.2623664,4268.292682926829,41.0,0.0,285532.6189391474,285532.6189391474,293441.4203821656
797,75.0,3.0,1.0,1.0,1.0,1.0,1.0,1.0,1.0,1.0,1.0,1.0,36.753,10.228,1466.6666666666667,25.0,0.0,285532.6189391474,285532.6189391474,218196.17024373435
3663,93.0,3.0,1.0,1.0,1.0,1.0,1.0,1.0,1.0,1.0,1.0,1.0,36.8065,10.188232,3010.7526881720432,37.75,0.0,285532.6189391474,285532.6189391474,277143.4970760234
225,100.0,2.0,0.0,1.0,1.0,1.0,1.0,1.0,1.0,1.0,1.0,1.0,36.8002068,10.1857757,3300.0,50.0,0.0,285532.6189391474,285532.6189391474,293441.4203821656
2078,70.0,1.0,2.0,1.0,1.0,1.0,1.0,1.0,1.0,1.0,1.0,1.0,35.673,10.0961,1428.5714285714287,70.0,0.0,285532.6189391474,285532.6189391474,264460.8237615568
3669,127.0,3.0,1.0,1.0,1.0,1.0,1.0,1.0,1.0,1.0,1.0,1.0,36.8065,10.1815,3496.0629921259842,42.333333333333336,0.0,285532.6189391474,285532.6189391474,293441.4203821656
1803,94.0,3.0,2.0,1.0,1.0,1.0,1.0,1.0,1.0,1.0,1.0,1.0,36.441701741136384,10.741021919988436,6702.127659574468,31.333333333333332,2.0,285532.6189391474,285532.6189391474,300305.12820512813
2564,107.0,2.0,0.0,1.0,1.0,1.0,1.0,1.0,1.0,1.0,1.0,1.0,36.8065,10.188232,2537.88748564868,37.75,0.0,285532.6189391474,285532.6189391474,277143.4970760234
4236,107.0,2.0,1.0,1.0,1.0,1.0,1.0,1.0,1.0,1.0,1.0,1.0,36.8065,10.188232,2537.88748564868,37.75,0.0,285532.6189391474,285532.6189391474,277143.4970760234
3792,104.0,3.0,1.0,1.0,1.0,1.0,1.0,1.0,1.0,1.0,1.0,1.0,36.8065,10.188232,3701.923076923077,37.75,0.0,285532.6189391474,285532.6189391474,277143.4970760234
2281,117.0,2.0,3.0,1.0,1.0,1.0,1.0,1.0,1.0,1.0,1.0,1.0,36.0118,10.5152,2478.6324786324785,58.5,0.0,285532.6189391474,285532.6189391474,281505.570214618
2089,60.0,1.0,2.0,1.0,1.0,1.0,1.0,1.0,1.0,1.0,1.0,1.0,35.520301741137246,11.03562282635724,3716.6666666666665,60.0,0.0,285532.6189391474,285532.6189391474,276683.9253054531
1697,90.0,3.0,1.0,1.0,1.0,1.0,1.0,1.0,1.0,1.0,1.0,1.0,37.2744,9.8739,1555.5555555555557,30.0,0.0,285532.6189391474,285532.6189391474,243467.8477263652
2965,107.0,4.0,1.0,1.0,1.0,1.0,1.0,1.0,1.0,1.0,1.0,1.0,36.8065,10.188232,2537.88748564868,37.75,0.0,285532.6189391474,285532.6189391474,277143.4970760234
1045,100.0,3.0,1.0,1.0,1.0,1.0,1.0,1.0,1.0,1.0,1.0,1.0,36.7575659,10.244981,2650.0,33.333333333333336,0.0,285532.6189391474,285532.6189391474,218196.17024373435
469,90.0,3.0,3.0,1.0,1.0,1.0,1.0,1.0,1.0,1.0,1.0,1.0,36.4512897,10.7355915,1333.3333333333333,30.0,3.0,285532.6189391474,285532.6189391474,300305.12820512813
954,80.0,3.0,1.0,1.0,1.0,1.0,1.0,1.0,1.0,1.0,1.0,1.0,36.719825,10.2192362,2125.0,26.666666666666668,0.0,285532.6189391474,285532.6189391474,218196.17024373435
4260,80.0,3.0,1.0,1.0,1.0,1.0,1.0,1.0,1.0,1.0,1.0,1.0,36.8065,10.1815,2000.0,37.75,0.0,285532.6189391474,285532.6189391474,293441.4203821656
2880,70.0,2.0,1.0,1.0,1.0,1.0,1.0,1.0,1.0,1.0,1.0,1.0,36.8065,10.1815,5555.2,35.0,0.0,285532.6189391474,285532.6189391474,293441.4203821656
4114,135.0,3.0,1.0,1.0,1.0,1.0,1.0,1.0,1.0,1.0,1.0,1.0,36.8065,10.188232,3162.4444444444443,45.0,0.0,285532.6189391474,285532.6189391474,277143.4970760234
639,157.0,1.0,2.0,1.0,1.0,1.0,1.0,1.0,1.0,1.0,1.0,1.0,36.8599292,10.1531585,2165.605095541401,157.0,0.0,285532.6189391474,285532.6189391474,320375.0034842321
3945,60.0,3.0,1.0,1.0,1.0,1.0,1.0,1.0,1.0,1.0,1.0,1.0,36.8065,10.1815,2583.3333333333335,37.75,0.0,285532.6189391474,285532.6189391474,293441.4203821656
1218,78.0,4.0,0.0,1.0,1.0,1.0,1.0,1.0,1.0,1.0,1.0,1.0,36.84177,10.1301259,2564.102564102564,19.5,0.0,285532.6189391474,285532.6189391474,293441.4203821656
1158,120.0,4.0,1.0,1.0,1.0,1.0,1.0,1.0,1.0,1.0,1.0,1.0,36.8065,10.1815,1333.3333333333333,30.0,0.0,285532.6189391474,285532.6189391474,293441.4203821656
1417,120.0,4.0,1.0,1.0,1.0,1.0,1.0,1.0,1.0,1.0,1.0,1.0,36.8065,10.1815,1333.3333333333333,30.0,0.0,285532.6189391474,285532.6189391474,293441.4203821656
3837,158.0,4.0,0.0,1.0,1.0,1.0,1.0,1.0,1.0,1.0,1.0,1.0,36.8065,10.1815,4303.797468354431,39.5,0.0,285532.6189391474,285532.6189391474,293441.4203821656
1529,60.0,1.0,1.0,1.0,1.0,1.0,1.0,1.0,1.0,1.0,1.0,1.0,36.8749751,10.2454267,4333.333333333333,60.0,0.0,285532.6189391474,285532.6189391474,320375.0034842321
4174,140.0,2.0,1.0,1.0,1.0,1.0,1.0,1.0,1.0,1.0,1.0,1.0,36.8065,10.1815,3000.0,70.0,0.0,285532.6189391474,285532.6189391474,293441.4203821656
1300,120.0,4.0,1.0,1.0,1.0,1.0,1.0,1.0,1.0,1.0,1.0,1.0,36.7404497,10.3029461,2083.3333333333335,30.0,0.0,285532.6189391474,285532.6189391474,218196.17024373435
4091,110.0,3.0,1.0,1.0,1.0,1.0,1.0,1.0,1.0,1.0,1.0,1.0,36.8065,10.1815,1454.5454545454545,37.75,0.0,285532.6189391474,285532.6189391474,293441.4203821656
3038,107.0,3.0,1.0,1.0,1.0,1.0,1.0,1.0,1.0,1.0,1.0,1.0,36.8065,10.1815,2537.88748564868,37.75,0.0,285532.6189391474,285532.6189391474,293441.4203821656
1605,145.0,1.0,4.0,1.0,1.0,1.0,1.0,1.0,1.0,1.0,1.0,1.0,36.8457382,10.1317222,2724.137931034483,145.0,4.0,285532.6189391474,285532.6189391474,320375.0034842321
160,109.0,3.0,1.0,1.0,1.0,1.0,1.0,1.0,1.0,1.0,1.0,1.0,36.4512897,10.7355915,3348.623853211009,36.333333333333336,0.0,285532.6189391474,285532.6189391474,300305.12820512813
1708,124.0,1.0,1.0,1.0,1.0,1.0,1.0,1.0,1.0,1.0,1.0,1.0,36.7404497,10.3029461,1854.8387096774193,124.0,0.0,285532.6189391474,285532.6189391474,218196.17024373435
956,120.0,3.0,1.0,1.0,1.0,1.0,1.0,1.0,1.0,1.0,1.0,1.0,36.8479991,10.2943555,3316.6666666666665,40.0,0.0,285532.6189391474,285532.6189391474,293441.4203821656
3516,90.0,3.0,1.0,1.0,1.0,1.0,1.0,1.0,1.0,1.0,1.0,1.0,36.4561,10.7376,1833.3333333333333,30.0,0.0,285532.6189391474,285532.6189391474,300305.12820512813
3068,90.0,3.0,1.0,1.0,1.0,1.0,1.0,1.0,1.0,1.0,1.0,1.0,36.8065,10.188232,2222.222222222222,37.75,0.0,285532.6189391474,285532.6189391474,277143.4970760234
4165,107.0,3.0,4.0,1.0,1.0,1.0,1.0,1.0,1.0,1.0,1.0,1.0,36.8065,10.1815,2537.88748564868,37.75,4.0,285532.6189391474,285532.6189391474,293441.4203821656
877,63.0,1.0,1.0,1.0,1.0,1.0,1.0,1.0,1.0,1.0,1.0,1.0,36.7575659,10.244981,2743.1746031746034,63.0,0.0,285532.6189391474,285532.6189391474,218196.17024373435
1923,110.0,2.0,2.0,1.0,1.0,1.0,1.0,1.0,1.0,1.0,1.0,1.0,36.8578,10.1609,2681.818181818182,55.0,2.0,285532.6189391474,285532.6189391474,293441.4203821656
3179,107.0,3.0,1.0,1.0,1.0,1.0,1.0,1.0,1.0,1.0,1.0,1.0,36.8065,10.1815,2537.88748564868,37.75,0.0,285532.6189391474,285532.6189391474,293441.4203821656
1888,140.0,4.0,3.0,1.0,1.0,1.0,1.0,1.0,1.0,1.0,1.0,1.0,36.861301741136,10.16512149336163,3928.5714285714284,35.0,3.0,285532.6189391474,285532.6189391474,293441.4203821656
2204,118.0,2.0,4.0,1.0,1.0,1.0,1.0,1.0,1.0,1.0,1.0,1.0,35.7928,10.593,1144.0677966101696,59.0,4.0,285532.6189391474,285532.6189391474,281505.570214618
98,75.0,2.0,0.0,1.0,1.0,1.0,1.0,1.0,1.0,1.0,1.0,1.0,36.8065,10.188232,2666.6666666666665,37.5,0.0,285532.6189391474,285532.6189391474,277143.4970760234
4030,75.0,3.0,0.0,1.0,1.0,1.0,1.0,1.0,1.0,1.0,1.0,1.0,36.8065,10.1815,2666.6666666666665,37.75,0.0,285532.6189391474,285532.6189391474,293441.4203821656
2655,107.0,2.0,1.0,1.0,1.0,1.0,1.0,1.0,1.0,1.0,1.0,1.0,36.4561,10.7376,2537.88748564868,37.75,0.0,285532.6189391474,285532.6189391474,300305.12820512813
3457,62.0,2.0,1.0,1.0,1.0,1.0,1.0,1.0,1.0,1.0,1.0,1.0,36.8065,10.188232,2661.2903225806454,31.0,0.0,285532.6189391474,285532.6189391474,277143.4970760234
3598,100.0,2.0,1.0,1.0,1.0,1.0,1.0,1.0,1.0,1.0,1.0,1.0,36.8065,10.1815,3800.0,50.0,0.0,285532.6189391474,285532.6189391474,293441.4203821656
253,128.0,2.0,1.0,1.0,1.0,1.0,1.0,1.0,1.0,1.0,1.0,1.0,36.8002068,10.1857757,2578.125,64.0,0.0,285532.6189391474,285532.6189391474,293441.4203821656
103,115.0,2.0,1.0,1.0,1.0,1.0,1.0,1.0,1.0,1.0,1.0,1.0,36.4512897,10.7355915,3043.478260869565,57.5,0.0,285532.6189391474,285532.6189391474,300305.12820512813
1447,100.0,2.0,1.0,1.0,1.0,1.0,1.0,1.0,1.0,1.0,1.0,1.0,36.4512897,10.7355915,3500.0,50.0,0.0,285532.6189391474,285532.6189391474,300305.12820512813
1445,63.0,1.0,0.0,1.0,1.0,1.0,1.0,1.0,1.0,1.0,1.0,1.0,36.8749751,10.2454267,4063.4920634920636,63.0,0.0,285532.6189391474,285532.6189391474,320375.0034842321
1650,70.0,3.0,1.0,1.0,1.0,1.0,1.0,1.0,1.0,1.0,1.0,1.0,36.7992041,10.1756221,2285.714285714286,23.333333333333332,0.0,285532.6189391474,285532.6189391474,293441.4203821656
586,120.0,4.0,0.0,1.0,1.0,1.0,1.0,1.0,1.0,1.0,1.0,1.0,36.8336187,10.1471736,2750.0,30.0,0.0,285532.6189391474,285532.6189391474,293441.4203821656
627,136.0,4.0,1.0,1.0,1.0,1.0,1.0,1.0,1.0,1.0,1.0,1.0,36.8507178,10.2829345,3367.6470588235293,34.0,0.0,285532.6189391474,285532.6189391474,293441.4203821656
1700,80.0,3.0,0.0,1.0,1.0,1.0,1.0,1.0,1.0,1.0,1.0,1.0,36.8065,10.1815,2375.0,26.666666666666668,0.0,285532.6189391474,285532.6189391474,293441.4203821656
3465,107.0,2.0,1.0,1.0,1.0,1.0,1.0,1.0,1.0,1.0,1.0,1.0,36.4561,10.7376,2537.88748564868,37.75,0.0,285532.6189391474,285532.6189391474,300305.12820512813
2105,116.0,4.0,4.0,1.0,1.0,1.0,1.0,1.0,1.0,1.0,1.0,1.0,35.40980174113733,11.016922932311417,1422.4137931034484,29.0,4.0,285532.6189391474,285532.6189391474,276683.9253054531
2203,65.0,1.0,1.0,1.0,1.0,1.0,1.0,1.0,1.0,1.0,1.0,1.0,35.8867,10.5972,5538.461538461538,65.0,0.0,285532.6189391474,285532.6189391474,281505.570214618
403,216.0,4.0,1.0,1.0,1.0,1.0,1.0,1.0,1.0,1.0,1.0,1.0,37.0498089,11.0116492,393.51851851851853,54.0,0.0,285532.6189391474,285532.6189391474,300305.12820512813
1154,166.0,3.0,1.0,1.0,1.0,1.0,1.0,1.0,1.0,1.0,1.0,1.0,36.7992041,10.1756221,1698.7951807228915,55.333333333333336,0.0,285532.6189391474,285532.6189391474,293441.4203821656
2259,139.0,3.0,1.0,1.0,1.0,1.0,1.0,1.0,1.0,1.0,1.0,1.0,35.8852,10.5931,4172.661870503597,46.333333333333336,0.0,285532.6189391474,285532.6189391474,281505.570214618
3060,165.0,3.0,1.0,1.0,1.0,1.0,1.0,1.0,1.0,1.0,1.0,1.0,36.8065,10.1815,3939.3939393939395,55.0,0.0,285532.6189391474,285532.6189391474,293441.4203821656
1685,66.0,2.0,1.0,1.0,1.0,1.0,1.0,1.0,1.0,1.0,1.0,1.0,36.4012665,10.5572827,5075.757575757576,33.0,0.0,285532.6189391474,285532.6189391474,300305.12820512813
3443,88.0,3.0,1.0,1.0,1.0,1.0,1.0,1.0,1.0,1.0,1.0,1.0,36.8065,10.1815,3238.6363636363635,37.75,0.0,285532.6189391474,285532.6189391474,293441.4203821656
3995,90.0,3.0,1.0,1.0,1.0,1.0,1.0,1.0,1.0,1.0,1.0,1.0,36.8065,10.1815,1777.7777777777778,30.0,0.0,285532.6189391474,285532.6189391474,293441.4203821656
2060,108.0,2.0,1.0,1.0,1.0,1.0,1.0,1.0,1.0,1.0,1.0,1.0,36.8493,10.2956,5509.259259259259,54.0,1.0,285532.6189391474,285532.6189391474,293441.4203821656
3298,98.0,3.0,1.0,1.0,1.0,1.0,1.0,1.0,1.0,1.0,1.0,1.0,36.8065,10.1815,5000.0,32.666666666666664,0.0,285532.6189391474,285532.6189391474,293441.4203821656
4056,107.0,3.0,1.0,1.0,1.0,1.0,1.0,1.0,1.0,1.0,1.0,1.0,36.8065,10.1815,2537.88748564868,37.75,0.0,285532.6189391474,285532.6189391474,293441.4203821656
3357,70.0,2.0,1.0,1.0,1.0,1.0,1.0,1.0,1.0,1.0,1.0,1.0,36.8065,10.1815,3414.285714285714,35.0,0.0,285532.6189391474,285532.6189391474,293441.4203821656
452,105.0,2.0,1.0,1.0,1.0,1.0,1.0,1.0,1.0,1.0,1.0,1.0,36.9003542,11.0982607,2142.8571428571427,52.5,0.0,285532.6189391474,285532.6189391474,300305.12820512813
2305,93.0,3.0,5.0,1.0,1.0,1.0,1.0,1.0,1.0,1.0,1.0,1.0,35.838901741136944,10.626122517608172,3709.6774193548385,31.0,0.0,285532.6189391474,285532.6189391474,281505.570214618
1327,120.0,4.0,1.0,1.0,1.0,1.0,1.0,1.0,1.0,1.0,1.0,1.0,36.7404497,10.3029461,2083.3333333333335,30.0,0.0,285532.6189391474,285532.6189391474,218196.17024373435
3158,61.0,2.0,1.0,1.0,1.0,1.0,1.0,1.0,1.0,1.0,1.0,1.0,36.8065,10.1815,3278.688524590164,30.5,0.0,285532.6189391474,285532.6189391474,293441.4203821656
2053,113.0,3.0,4.0,1.0,1.0,1.0,1.0,1.0,1.0,1.0,1.0,1.0,36.85670174113599,10.183221498086802,1725.6637168141592,37.666666666666664,4.0,285532.6189391474,285532.6189391474,293441.4203821656
880,120.0,5.0,0.0,1.0,1.0,1.0,1.0,1.0,1.0,1.0,1.0,1.0,36.804235,9.2431375,1208.3333333333333,24.0,0.0,285532.6189391474,285532.6189391474,266419.2308660581
4168,120.0,3.0,1.0,1.0,1.0,1.0,1.0,1.0,1.0,1.0,1.0,1.0,36.8065,10.1815,1333.3333333333333,40.0,0.0,285532.6189391474,285532.6189391474,293441.4203821656
623,80.0,3.0,4.0,1.0,1.0,1.0,1.0,1.0,1.0,1.0,1.0,1.0,36.753,10.228,1687.5,26.666666666666668,0.0,285532.6189391474,285532.6189391474,218196.17024373435
2439,50.0,2.0,1.0,1.0,1.0,1.0,1.0,1.0,1.0,1.0,1.0,1.0,36.8065,10.1815,5000.0,25.0,0.0,285532.6189391474,285532.6189391474,293441.4203821656
3934,107.0,3.0,1.0,1.0,1.0,1.0,1.0,1.0,1.0,1.0,1.0,1.0,36.8065,10.1815,2537.88748564868,37.75,0.0,285532.6189391474,285532.6189391474,293441.4203821656
1791,156.0,4.0,1.0,1.0,1.0,1.0,1.0,1.0,1.0,1.0,1.0,1.0,36.8427,11.1139,1923.076923076923,39.0,0.0,285532.6189391474,285532.6189391474,300305.12820512813
262,132.0,2.0,1.0,1.0,1.0,1.0,1.0,1.0,1.0,1.0,1.0,1.0,36.8587351,10.188232,2803.030303030303,66.0,1.0,285532.6189391474,285532.6189391474,320375.0034842321
1636,113.0,3.0,1.0,1.0,1.0,1.0,1.0,1.0,1.0,1.0,1.0,1.0,36.8507178,10.2829345,4601.769911504425,37.666666666666664,0.0,285532.6189391474,285532.6189391474,293441.4203821656
3690,96.0,3.0,1.0,1.0,1.0,1.0,1.0,1.0,1.0,1.0,1.0,1.0,36.8065,10.188232,3281.25,32.0,0.0,285532.6189391474,285532.6189391474,277143.4970760234
1440,59.0,2.0,2.0,1.0,1.0,1.0,1.0,1.0,1.0,1.0,1.0,1.0,36.8457382,10.1317222,3983.0508474576272,29.5,2.0,285532.6189391474,285532.6189391474,320375.0034842321
2202,117.0,4.0,3.0,1.0,1.0,1.0,1.0,1.0,1.0,1.0,1.0,1.0,35.8671,10.5966,2350.4273504273506,29.25,0.0,285532.6189391474,285532.6189391474,281505.570214618
1973,100.0,3.0,0.0,1.0,1.0,1.0,1.0,1.0,1.0,1.0,1.0,1.0,36.7113,10.4215,1850.0,33.333333333333336,0.0,285532.6189391474,285532.6189391474,293441.4203821656
2610,140.0,3.0,1.0,1.0,1.0,1.0,1.0,1.0,1.0,1.0,1.0,1.0,35.8245,10.6346,3571.4285714285716,37.75,0.0,285532.6189391474,285532.6189391474,281505.570214618
1806,80.0,3.0,2.0,1.0,1.0,1.0,1.0,1.0,1.0,1.0,1.0,1.0,36.45480174113637,10.733621906802425,1687.5,26.666666666666668,0.0,285532.6189391474,285532.6189391474,300305.12820512813
640,100.0,2.0,1.0,1.0,1.0,1.0,1.0,1.0,1.0,1.0,1.0,1.0,36.9003542,11.0982607,1600.0,50.0,0.0,285532.6189391474,285532.6189391474,300305.12820512813
4277,107.0,3.0,1.0,1.0,1.0,1.0,1.0,1.0,1.0,1.0,1.0,1.0,36.4561,10.7376,2537.88748564868,37.75,0.0,285532.6189391474,285532.6189391474,300305.12820512813
2427,107.0,1.0,1.0,1.0,1.0,1.0,1.0,1.0,1.0,1.0,1.0,1.0,35.8288284,10.6405254,2537.88748564868,37.75,0.0,285532.6189391474,285532.6189391474,281505.570214618
2702,107.0,3.0,1.0,1.0,1.0,1.0,1.0,1.0,1.0,1.0,1.0,1.0,36.8065,10.1815,2537.88748564868,37.75,0.0,285532.6189391474,285532.6189391474,293441.4203821656
4035,107.0,3.0,2.0,1.0,1.0,1.0,1.0,1.0,1.0,1.0,1.0,1.0,36.8065,10.188232,2537.88748564868,37.75,0.0,285532.6189391474,285532.6189391474,277143.4970760234
1963,97.0,3.0,2.0,1.0,1.0,1.0,1.0,1.0,1.0,1.0,1.0,1.0,36.8126,10.0765,2164.9484536082473,32.333333333333336,0.0,285532.6189391474,285532.6189391474,293441.4203821656
3196,107.0,2.0,1.0,1.0,1.0,1.0,1.0,1.0,1.0,1.0,1.0,1.0,36.8065,10.188232,2537.88748564868,37.75,0.0,285532.6189391474,285532.6189391474,277143.4970760234
488,130.0,2.0,1.0,1.0,1.0,1.0,1.0,1.0,1.0,1.0,1.0,1.0,36.9003542,11.0982607,1230.7692307692307,65.0,0.0,285532.6189391474,285532.6189391474,300305.12820512813
1847,80.0,2.0,1.0,1.0,1.0,1.0,1.0,1.0,1.0,1.0,1.0,1.0,36.70410174113614,10.203621654231634,1625.0,40.0,0.0,285532.6189391474,285532.6189391474,293441.4203821656
1738,72.0,2.0,1.0,1.0,1.0,1.0,1.0,1.0,1.0,1.0,1.0,1.0,36.8456561,11.0935701,3472.222222222222,36.0,0.0,285532.6189391474,285532.6189391474,300305.12820512813
3116,136.0,4.0,2.0,1.0,1.0,1.0,1.0,1.0,1.0,1.0,1.0,1.0,36.8065,10.1815,2352.9411764705883,34.0,0.0,285532.6189391474,285532.6189391474,293441.4203821656
3500,80.0,3.0,1.0,1.0,1.0,1.0,1.0,1.0,1.0,1.0,1.0,1.0,36.8065,10.188232,2312.5,26.666666666666668,0.0,285532.6189391474,285532.6189391474,277143.4970760234
146,118.0,2.0,1.0,1.0,1.0,1.0,1.0,1.0,1.0,1.0,1.0,1.0,36.8002068,10.1857757,5084.745762711865,59.0,0.0,285532.6189391474,285532.6189391474,293441.4203821656
1536,80.0,4.0,1.0,1.0,1.0,1.0,1.0,1.0,1.0,1.0,1.0,1.0,36.7516855,10.2245072,2187.5,20.0,0.0,285532.6189391474,285532.6189391474,218196.17024373435
1990,190.0,4.0,2.0,1.0,1.0,1.0,1.0,1.0,1.0,1.0,1.0,1.0,36.84260174113601,10.166221512563787,2315.7894736842104,47.5,0.0,285532.6189391474,285532.6189391474,293441.4203821656
1370,170.0,4.0,1.0,1.0,1.0,1.0,1.0,1.0,1.0,1.0,1.0,1.0,36.8065,10.1815,1529.4117647058824,42.5,0.0,285532.6189391474,285532.6189391474,293441.4203821656
2519,119.0,3.0,1.0,1.0,1.0,1.0,1.0,1.0,1.0,1.0,1.0,1.0,36.8065,10.1815,3361.344537815126,39.666666666666664,0.0,285532.6189391474,285532.6189391474,293441.4203821656
4194,80.0,3.0,1.0,1.0,1.0,1.0,1.0,1.0,1.0,1.0,1.0,1.0,36.8065,10.1815,1625.0,26.666666666666668,0.0,285532.6189391474,285532.6189391474,293441.4203821656
3226,60.0,3.0,1.0,1.0,1.0,1.0,1.0,1.0,1.0,1.0,1.0,1.0,36.8065,10.188232,4084.5333333333333,37.75,0.0,285532.6189391474,285532.6189391474,277143.4970760234
2986,77.0,3.0,3.0,1.0,1.0,1.0,1.0,1.0,1.0,1.0,1.0,1.0,36.8065,10.1815,1948.051948051948,37.75,0.0,285532.6189391474,285532.6189391474,293441.4203821656
659,95.0,2.0,1.0,1.0,1.0,1.0,1.0,1.0,1.0,1.0,1.0,1.0,36.7992041,10.1756221,2526.315789473684,47.5,0.0,285532.6189391474,285532.6189391474,293441.4203821656
1798,120.0,3.0,3.0,1.0,1.0,1.0,1.0,1.0,1.0,1.0,1.0,1.0,36.4452017411364,10.741421916466289,3750.0,40.0,3.0,285532.6189391474,285532.6189391474,300305.12820512813
3760,107.0,3.0,1.0,1.0,1.0,1.0,1.0,1.0,1.0,1.0,1.0,1.0,36.8065,10.1815,2537.88748564868,37.75,0.0,285532.6189391474,285532.6189391474,293441.4203821656
2601,138.0,3.0,4.0,1.0,1.0,1.0,1.0,1.0,1.0,1.0,1.0,1.0,36.8095,10.098,2572.463768115942,46.0,4.0,285532.6189391474,285532.6189391474,240180.81353797184
3722,178.0,3.0,1.0,1.0,1.0,1.0,1.0,1.0,1.0,1.0,1.0,1.0,36.8065,10.1815,674.1573033707865,37.75,0.0,285532.6189391474,285532.6189391474,293441.4203821656
186,80.0,2.0,1.0,1.0,1.0,1.0,1.0,1.0,1.0,1.0,1.0,1.0,36.8587351,10.188232,2250.0,40.0,0.0,285532.6189391474,285532.6189391474,320375.0034842321
1147,80.0,3.0,1.0,1.0,1.0,1.0,1.0,1.0,1.0,1.0,1.0,1.0,36.7404497,10.3029461,3000.0,26.666666666666668,0.0,285532.6189391474,285532.6189391474,218196.17024373435
3563,157.0,3.0,1.0,1.0,1.0,1.0,1.0,1.0,1.0,1.0,1.0,1.0,36.8065,10.1815,2165.605095541401,37.75,0.0,285532.6189391474,285532.6189391474,293441.4203821656
608,95.0,1.0,3.0,1.0,1.0,1.0,1.0,1.0,1.0,1.0,1.0,1.0,36.9003542,11.0982607,2315.7894736842104,95.0,0.0,285532.6189391474,285532.6189391474,300305.12820512813
2195,90.0,3.0,2.0,1.0,1.0,1.0,1.0,1.0,1.0,1.0,1.0,1.0,35.8695,10.5944,2000.0,30.0,0.0,285532.6189391474,285532.6189391474,281505.570214618
2967,107.0,3.0,1.0,1.0,1.0,1.0,1.0,1.0,1.0,1.0,1.0,1.0,36.8065,10.1815,2537.88748564868,37.75,0.0,285532.6189391474,285532.6189391474,293441.4203821656
1934,128.0,4.0,1.0,1.0,1.0,1.0,1.0,1.0,1.0,1.0,1.0,1.0,36.833601741136015,10.308221521799142,4218.703125,32.0,1.0,285532.6189391474,285532.6189391474,293441.4203821656
3260,110.0,4.0,1.0,1.0,1.0,1.0,1.0,1.0,1.0,1.0,1.0,1.0,36.8065,10.188232,3181.818181818182,27.5,0.0,285532.6189391474,285532.6189391474,277143.4970760234
197,150.0,2.0,0.0,1.0,1.0,1.0,1.0,1.0,1.0,1.0,1.0,1.0,36.8002068,10.1857757,1466.6666666666667,75.0,0.0,285532.6189391474,285532.6189391474,293441.4203821656
3139,130.0,4.0,1.0,1.0,1.0,1.0,1.0,1.0,1.0,1.0,1.0,1.0,36.8065,10.188232,2269.230769230769,32.5,0.0,285532.6189391474,285532.6189391474,277143.4970760234
2342,89.0,3.0,1.0,1.0,1.0,1.0,1.0,1.0,1.0,1.0,1.0,1.0,36.8514184,10.3088863,2022.4719101123596,29.666666666666668,0.0,285532.6189391474,285532.6189391474,293441.4203821656
293,102.0,2.0,1.0,1.0,1.0,1.0,1.0,1.0,1.0,1.0,1.0,1.0,36.8587351,10.188232,2549.0196078431372,51.0,0.0,285532.6189391474,285532.6189391474,320375.0034842321
766,65.0,2.0,1.0,1.0,1.0,1.0,1.0,1.0,1.0,1.0,1.0,1.0,35.8512042,10.6062129,4500.0,32.5,0.0,285532.6189391474,285532.6189391474,281505.570214618
400,90.0,3.0,1.0,1.0,1.0,1.0,1.0,1.0,1.0,1.0,1.0,1.0,36.719825,10.2192362,1333.3333333333333,30.0,0.0,285532.6189391474,285532.6189391474,218196.17024373435
122,500.0,2.0,1.0,1.0,1.0,1.0,1.0,1.0,1.0,1.0,1.0,1.0,36.4512897,10.7355915,200.0,250.0,0.0,285532.6189391474,285532.6189391474,300305.12820512813
3541,128.0,3.0,1.0,1.0,1.0,1.0,1.0,1.0,1.0,1.0,1.0,1.0,36.8625,10.1956,4117.1875,37.75,0.0,285532.6189391474,285532.6189391474,320375.0034842321
202,100.0,2.0,1.0,1.0,1.0,1.0,1.0,1.0,1.0,1.0,1.0,1.0,36.8587351,10.188232,2400.0,50.0,0.0,285532.6189391474,285532.6189391474,320375.0034842321
3890,80.0,3.0,1.0,1.0,1.0,1.0,1.0,1.0,1.0,1.0,1.0,1.0,36.8065,10.1815,3250.0,26.666666666666668,0.0,285532.6189391474,285532.6189391474,293441.4203821656
835,180.0,3.0,0.0,1.0,1.0,1.0,1.0,1.0,1.0,1.0,1.0,1.0,36.4012665,10.5572827,2333.3333333333335,60.0,0.0,285532.6189391474,285532.6189391474,300305.12820512813
2298,109.0,2.0,2.0,1.0,1.0,1.0,1.0,1.0,1.0,1.0,1.0,1.0,35.9134,10.5766,2522.935779816514,54.5,0.0,285532.6189391474,285532.6189391474,281505.570214618
1441,75.0,2.0,1.0,1.0,1.0,1.0,1.0,1.0,1.0,1.0,1.0,1.0,35.8359686,10.5995321,2200.0,37.5,0.0,285532.6189391474,285532.6189391474,281505.570214618
1737,100.0,3.0,1.0,1.0,1.0,1.0,1.0,1.0,1.0,1.0,1.0,1.0,36.8456561,11.0935701,1200.0,33.333333333333336,0.0,285532.6189391474,285532.6189391474,300305.12820512813
1699,75.0,2.0,8.0,1.0,1.0,1.0,1.0,1.0,1.0,1.0,1.0,1.0,36.8477637,10.1755886,2466.6666666666665,37.5,8.0,285532.6189391474,285532.6189391474,320375.0034842321
4181,100.0,3.0,1.0,1.0,1.0,1.0,1.0,1.0,1.0,1.0,1.0,1.0,36.8065,10.188232,3650.0,37.75,0.0,285532.6189391474,285532.6189391474,277143.4970760234
1711,120.0,4.0,1.0,1.0,1.0,1.0,1.0,1.0,1.0,1.0,1.0,1.0,36.8477637,10.1755886,2416.6666666666665,30.0,0.0,285532.6189391474,285532.6189391474,320375.0034842321
4163,58.0,2.0,1.0,1.0,1.0,1.0,1.0,1.0,1.0,1.0,1.0,1.0,36.8065,10.188232,3103.448275862069,29.0,0.0,285532.6189391474,285532.6189391474,277143.4970760234
1153,90.0,3.0,1.0,1.0,1.0,1.0,1.0,1.0,1.0,1.0,1.0,1.0,36.7404497,10.3029461,2666.6666666666665,30.0,0.0,285532.6189391474,285532.6189391474,218196.17024373435
1663,50.0,1.0,1.0,1.0,1.0,1.0,1.0,1.0,1.0,1.0,1.0,1.0,36.4012665,10.5572827,3000.0,50.0,0.0,285532.6189391474,285532.6189391474,300305.12820512813
3845,60.0,2.0,0.0,1.0,1.0,1.0,1.0,1.0,1.0,1.0,1.0,1.0,36.8065,10.1815,2950.0,30.0,0.0,285532.6189391474,285532.6189391474,293441.4203821656
2497,93.0,3.0,1.0,1.0,1.0,1.0,1.0,1.0,1.0,1.0,1.0,1.0,36.8514184,10.3088863,1989.8387096774193,31.0,0.0,285532.6189391474,285532.6189391474,293441.4203821656
4005,107.0,4.0,1.0,1.0,1.0,1.0,1.0,1.0,1.0,1.0,1.0,1.0,36.8065,10.1815,2537.88748564868,37.75,0.0,285532.6189391474,285532.6189391474,293441.4203821656
1763,200.0,4.0,1.0,1.0,1.0,1.0,1.0,1.0,1.0,1.0,1.0,1.0,37.26940174113561,9.871031069848632,1750.0,50.0,0.0,285532.6189391474,285532.6189391474,243467.8477263652
854,107.0,3.0,1.0,1.0,1.0,1.0,1.0,1.0,1.0,1.0,1.0,1.0,36.8423974,10.1571247,2537.88748564868,37.75,0.0,285532.6189391474,285532.6189391474,293441.4203821656
1591,90.0,3.0,2.0,1.0,1.0,1.0,1.0,1.0,1.0,1.0,1.0,1.0,36.7575659,10.244981,2333.3333333333335,30.0,2.0,285532.6189391474,285532.6189391474,218196.17024373435
2271,85.0,2.0,4.0,1.0,1.0,1.0,1.0,1.0,1.0,1.0,1.0,1.0,35.8385,10.5858,1588.235294117647,42.5,0.0,285532.6189391474,285532.6189391474,281505.570214618
641,65.0,2.0,1.0,1.0,1.0,1.0,1.0,1.0,1.0,1.0,1.0,1.0,36.8749751,10.2454267,4384.615384615385,32.5,0.0,285532.6189391474,285532.6189391474,320375.0034842321
1,109.0,3.0,1.0,1.0,1.0,1.0,1.0,1.0,1.0,1.0,1.0,1.0,36.4512897,10.7355915,3532.1100917431195,36.333333333333336,0.0,285532.6189391474,285532.6189391474,300305.12820512813
2164,139.0,3.0,3.0,1.0,1.0,1.0,1.0,1.0,1.0,1.0,1.0,1.0,34.74680174113792,10.766423556041156,1654.6762589928057,46.333333333333336,0.0,285532.6189391474,285532.6189391474,245349.25277465454
698,85.0,3.0,1.0,1.0,1.0,1.0,1.0,1.0,1.0,1.0,1.0,1.0,36.719825,10.2192362,1235.2941176470588,28.333333333333332,0.0,285532.6189391474,285532.6189391474,218196.17024373435
4195,113.0,3.0,7.0,1.0,1.0,1.0,1.0,1.0,1.0,1.0,1.0,1.0,36.8065,10.1815,3115.929203539823,37.666666666666664,7.0,285532.6189391474,285532.6189391474,293441.4203821656
3223,107.0,3.0,1.0,1.0,1.0,1.0,1.0,1.0,1.0,1.0,1.0,1.0,36.8065,10.1815,2537.88748564868,37.75,0.0,285532.6189391474,285532.6189391474,293441.4203821656
1638,120.0,4.0,1.0,1.0,1.0,1.0,1.0,1.0,1.0,1.0,1.0,1.0,35.8359686,10.5995321,2916.6666666666665,30.0,0.0,285532.6189391474,285532.6189391474,281505.570214618
3458,170.0,2.0,1.0,1.0,1.0,1.0,1.0,1.0,1.0,1.0,1.0,1.0,36.8065,10.188232,1176.4705882352941,85.0,0.0,285532.6189391474,285532.6189391474,277143.4970760234
3824,115.0,3.0,0.0,1.0,1.0,1.0,1.0,1.0,1.0,1.0,1.0,1.0,36.8065,10.1815,2173.913043478261,38.333333333333336,0.0,285532.6189391474,285532.6189391474,293441.4203821656
3823,107.0,3.0,1.0,1.0,1.0,1.0,1.0,1.0,1.0,1.0,1.0,1.0,36.8065,10.1815,2537.88748564868,37.75,0.0,285532.6189391474,285532.6189391474,293441.4203821656
3980,202.0,2.0,0.0,1.0,1.0,1.0,1.0,1.0,1.0,1.0,1.0,1.0,36.8065,10.188232,866.3366336633663,101.0,0.0,285532.6189391474,285532.6189391474,277143.4970760234
1291,90.0,2.0,1.0,1.0,1.0,1.0,1.0,1.0,1.0,1.0,1.0,1.0,36.7992041,10.1756221,1444.4444444444443,45.0,0.0,285532.6189391474,285532.6189391474,293441.4203821656
4072,90.0,3.0,1.0,1.0,1.0,1.0,1.0,1.0,1.0,1.0,1.0,1.0,36.8065,10.1815,2555.5555555555557,37.75,0.0,285532.6189391474,285532.6189391474,293441.4203821656
2568,82.0,2.0,6.0,1.0,1.0,1.0,1.0,1.0,1.0,1.0,1.0,1.0,36.753,10.228,1829.2682926829268,41.0,0.0,285532.6189391474,285532.6189391474,218196.17024373435
1522,111.0,4.0,1.0,1.0,1.0,1.0,1.0,1.0,1.0,1.0,1.0,1.0,36.8587351,10.188232,3423.4234234234236,27.75,0.0,285532.6189391474,285532.6189391474,320375.0034842321
1857,64.0,2.0,5.0,1.0,1.0,1.0,1.0,1.0,1.0,1.0,1.0,1.0,36.86830174113598,10.179921486169086,2890.625,32.0,5.0,285532.6189391474,285532.6189391474,293441.4203821656
1136,110.0,3.0,0.0,1.0,1.0,1.0,1.0,1.0,1.0,1.0,1.0,1.0,36.719825,10.2192362,1572.7272727272727,36.666666666666664,0.0,285532.6189391474,285532.6189391474,218196.17024373435
3606,107.0,4.0,1.0,1.0,1.0,1.0,1.0,1.0,1.0,1.0,1.0,1.0,36.8065,10.1815,2537.88748564868,37.75,0.0,285532.6189391474,285532.6189391474,293441.4203821656
4145,113.0,3.0,1.0,1.0,1.0,1.0,1.0,1.0,1.0,1.0,1.0,1.0,36.8065,10.1815,3495.575221238938,37.666666666666664,0.0,285532.6189391474,285532.6189391474,293441.4203821656
1633,120.0,3.0,2.0,1.0,1.0,1.0,1.0,1.0,1.0,1.0,1.0,1.0,36.8477637,10.1755886,2741.6666666666665,40.0,2.0,285532.6189391474,285532.6189391474,320375.0034842321
3809,107.0,3.0,1.0,1.0,1.0,1.0,1.0,1.0,1.0,1.0,1.0,1.0,36.8065,10.188232,2537.88748564868,37.75,0.0,285532.6189391474,285532.6189391474,277143.4970760234
2002,146.0,4.0,1.0,1.0,1.0,1.0,1.0,1.0,1.0,1.0,1.0,1.0,36.80080174113605,10.182721555422116,1815.0684931506848,36.5,1.0,285532.6189391474,285532.6189391474,293441.4203821656
663,120.0,2.0,1.0,1.0,1.0,1.0,1.0,1.0,1.0,1.0,1.0,1.0,35.8245,10.6346,1966.6666666666667,60.0,0.0,285532.6189391474,285532.6189391474,281505.570214618
683,156.0,3.0,1.0,1.0,1.0,1.0,1.0,1.0,1.0,1.0,1.0,1.0,36.8479251,10.2611996,2147.4358974358975,52.0,0.0,285532.6189391474,285532.6189391474,293441.4203821656
1257,70.0,1.0,1.0,1.0,1.0,1.0,1.0,1.0,1.0,1.0,1.0,1.0,36.7992041,10.1756221,2142.8571428571427,70.0,0.0,285532.6189391474,285532.6189391474,293441.4203821656
4024,75.0,2.0,1.0,1.0,1.0,1.0,1.0,1.0,1.0,1.0,1.0,1.0,36.8065,10.1815,2200.0,37.5,0.0,285532.6189391474,285532.6189391474,293441.4203821656
317,107.0,2.0,1.0,1.0,1.0,1.0,1.0,1.0,1.0,1.0,1.0,1.0,36.8587351,10.188232,2537.88748564868,37.75,0.0,285532.6189391474,285532.6189391474,320375.0034842321
648,107.0,3.0,1.0,1.0,1.0,1.0,1.0,1.0,1.0,1.0,1.0,1.0,35.8512042,10.6062129,2537.88748564868,37.75,0.0,285532.6189391474,285532.6189391474,281505.570214618
1436,200.0,3.0,0.0,1.0,1.0,1.0,1.0,1.0,1.0,1.0,1.0,1.0,36.8240245,10.311616,1700.0,66.66666666666667,0.0,285532.6189391474,285532.6189391474,293441.4203821656
1481,113.0,2.0,1.0,1.0,1.0,1.0,1.0,1.0,1.0,1.0,1.0,1.0,36.8811985,10.211819,3318.5840707964603,56.5,0.0,285532.6189391474,285532.6189391474,320375.0034842321
709,80.0,3.0,1.0,1.0,1.0,1.0,1.0,1.0,1.0,1.0,1.0,1.0,36.719825,10.2192362,1625.0,26.666666666666668,0.0,285532.6189391474,285532.6189391474,218196.17024373435
3781,107.0,3.0,1.0,1.0,1.0,1.0,1.0,1.0,1.0,1.0,1.0,1.0,36.8065,10.188232,2537.88748564868,37.75,0.0,285532.6189391474,285532.6189391474,277143.4970760234
1282,80.0,2.0,1.0,1.0,1.0,1.0,1.0,1.0,1.0,1.0,1.0,1.0,36.8456561,11.0935701,1812.5,40.0,0.0,285532.6189391474,285532.6189391474,300305.12820512813
1772,117.0,3.0,1.0,1.0,1.0,1.0,1.0,1.0,1.0,1.0,1.0,1.0,36.4462,10.7539,2948.7179487179487,39.0,0.0,285532.6189391474,285532.6189391474,300305.12820512813
972,60.0,2.0,1.0,1.0,1.0,1.0,1.0,1.0,1.0,1.0,1.0,1.0,36.8479251,10.2611996,4000.0,30.0,0.0,285532.6189391474,285532.6189391474,293441.4203821656
2797,107.0,2.0,1.0,1.0,1.0,1.0,1.0,1.0,1.0,1.0,1.0,1.0,36.8065,10.1815,2537.88748564868,37.75,0.0,285532.6189391474,285532.6189391474,293441.4203821656
2806,220.0,3.0,1.0,1.0,1.0,1.0,1.0,1.0,1.0,1.0,1.0,1.0,36.8065,10.188232,2954.5454545454545,37.75,0.0,285532.6189391474,285532.6189391474,277143.4970760234
1306,100.0,2.0,1.0,1.0,1.0,1.0,1.0,1.0,1.0,1.0,1.0,1.0,36.8456561,11.0935701,2400.0,50.0,0.0,285532.6189391474,285532.6189391474,300305.12820512813
1401,100.0,4.0,1.0,1.0,1.0,1.0,1.0,1.0,1.0,1.0,1.0,1.0,36.7404497,10.3029461,2750.0,25.0,0.0,285532.6189391474,285532.6189391474,218196.17024373435
1409,160.0,4.0,0.0,1.0,1.0,1.0,1.0,1.0,1.0,1.0,1.0,1.0,36.823585,10.1242795,2312.5,40.0,0.0,285532.6189391474,285532.6189391474,293441.4203821656
3596,176.0,3.0,1.0,1.0,1.0,1.0,1.0,1.0,1.0,1.0,1.0,1.0,36.8065,10.1815,1704.5454545454545,37.75,0.0,285532.6189391474,285532.6189391474,293441.4203821656
2241,103.0,3.0,4.0,1.0,1.0,1.0,1.0,1.0,1.0,1.0,1.0,1.0,35.80520174113697,10.612322550496348,2427.1844660194174,34.333333333333336,4.0,285532.6189391474,285532.6189391474,281505.570214618
3604,107.0,3.0,1.0,1.0,1.0,1.0,1.0,1.0,1.0,1.0,1.0,1.0,36.8065,10.1815,2537.88748564868,37.75,0.0,285532.6189391474,285532.6189391474,293441.4203821656
1498,90.0,3.0,1.0,1.0,1.0,1.0,1.0,1.0,1.0,1.0,1.0,1.0,35.8359686,10.5995321,1833.3333333333333,30.0,0.0,285532.6189391474,285532.6189391474,281505.570214618
3758,117.0,3.0,6.0,1.0,1.0,1.0,1.0,1.0,1.0,1.0,1.0,1.0,36.8065,10.1815,1538.4615384615386,39.0,0.0,285532.6189391474,285532.6189391474,293441.4203821656
2042,116.0,4.0,4.0,1.0,1.0,1.0,1.0,1.0,1.0,1.0,1.0,1.0,36.84460174113602,10.183921510510928,2758.6206896551726,29.0,4.0,285532.6189391474,285532.6189391474,293441.4203821656
1531,100.0,4.0,1.0,1.0,1.0,1.0,1.0,1.0,1.0,1.0,1.0,1.0,36.7404497,10.3029461,2500.0,25.0,0.0,285532.6189391474,285532.6189391474,218196.17024373435
1665,120.0,2.0,0.0,1.0,1.0,1.0,1.0,1.0,1.0,1.0,1.0,1.0,36.4012665,10.5572827,4000.0,60.0,0.0,285532.6189391474,285532.6189391474,300305.12820512813
1355,100.0,2.0,1.0,1.0,1.0,1.0,1.0,1.0,1.0,1.0,1.0,1.0,36.8479251,10.2611996,2400.0,50.0,0.0,285532.6189391474,285532.6189391474,293441.4203821656
4177,107.0,3.0,1.0,1.0,1.0,1.0,1.0,1.0,1.0,1.0,1.0,1.0,36.8065,10.1815,2537.88748564868,37.75,0.0,285532.6189391474,285532.6189391474,293441.4203821656
4206,202.0,2.0,0.0,1.0,1.0,1.0,1.0,1.0,1.0,1.0,1.0,1.0,36.8065,10.188232,866.3366336633663,101.0,0.0,285532.6189391474,285532.6189391474,277143.4970760234
4038,107.0,3.0,2.0,1.0,1.0,1.0,1.0,1.0,1.0,1.0,1.0,1.0,36.8065,10.188232,2537.88748564868,37.75,0.0,285532.6189391474,285532.6189391474,277143.4970760234
1645,170.0,4.0,6.0,1.0,1.0,1.0,1.0,1.0,1.0,1.0,1.0,1.0,36.8484562,10.1634244,1941.1764705882354,42.5,6.0,285532.6189391474,285532.6189391474,320375.0034842321
1051,160.0,4.0,4.0,1.0,1.0,1.0,1.0,1.0,1.0,1.0,1.0,1.0,36.753,10.228,2187.5,40.0,4.0,285532.6189391474,285532.6189391474,218196.17024373435
795,118.0,1.0,0.0,1.0,1.0,1.0,1.0,1.0,1.0,1.0,1.0,1.0,36.8625,10.1956,2584.7457627118642,118.0,0.0,285532.6189391474,285532.6189391474,320375.0034842321
2827,116.0,3.0,1.0,1.0,1.0,1.0,1.0,1.0,1.0,1.0,1.0,1.0,36.8065,10.188232,3017.2413793103447,38.666666666666664,0.0,285532.6189391474,285532.6189391474,277143.4970760234
3295,100.0,3.0,1.0,1.0,1.0,1.0,1.0,1.0,1.0,1.0,1.0,1.0,36.8065,10.1815,2450.0,37.75,0.0,285532.6189391474,285532.6189391474,293441.4203821656
1599,167.0,3.0,3.0,1.0,1.0,1.0,1.0,1.0,1.0,1.0,1.0,1.0,36.8599292,10.1531585,2514.9700598802397,55.666666666666664,3.0,285532.6189391474,285532.6189391474,320375.0034842321
2708,62.0,1.0,1.0,1.0,1.0,1.0,1.0,1.0,1.0,1.0,1.0,1.0,36.8065,10.1815,4354.8387096774195,62.0,0.0,285532.6189391474,285532.6189391474,293441.4203821656
2870,60.0,2.0,1.0,1.0,1.0,1.0,1.0,1.0,1.0,1.0,1.0,1.0,36.8065,10.188232,3116.6666666666665,30.0,0.0,285532.6189391474,285532.6189391474,277143.4970760234
2733,120.0,3.0,1.0,1.0,1.0,1.0,1.0,1.0,1.0,1.0,1.0,1.0,36.8065,10.188232,3750.0,37.75,0.0,285532.6189391474,285532.6189391474,277143.4970760234
1823,110.0,3.0,1.0,1.0,1.0,1.0,1.0,1.0,1.0,1.0,1.0,1.0,36.90640174113596,10.299921446977416,3909.090909090909,36.666666666666664,1.0,285532.6189391474,285532.6189391474,293441.4203821656
3419,117.0,3.0,6.0,1.0,1.0,1.0,1.0,1.0,1.0,1.0,1.0,1.0,36.8065,10.1815,1538.4615384615386,39.0,0.0,285532.6189391474,285532.6189391474,293441.4203821656
3618,107.0,2.0,1.0,1.0,1.0,1.0,1.0,1.0,1.0,1.0,1.0,1.0,36.8065,10.1815,2537.88748564868,37.75,0.0,285532.6189391474,285532.6189391474,293441.4203821656
1726,87.0,3.0,2.0,1.0,1.0,1.0,1.0,1.0,1.0,1.0,1.0,1.0,36.8095,10.098,2068.9655172413795,29.0,0.0,285532.6189391474,285532.6189391474,240180.81353797184
1183,180.0,5.0,1.0,1.0,1.0,1.0,1.0,1.0,1.0,1.0,1.0,1.0,36.8065,10.1815,1444.4444444444443,36.0,0.0,285532.6189391474,285532.6189391474,293441.4203821656
2676,65.0,2.0,1.0,1.0,1.0,1.0,1.0,1.0,1.0,1.0,1.0,1.0,36.8065,10.1815,5846.153846153846,32.5,0.0,285532.6189391474,285532.6189391474,293441.4203821656
1059,110.0,3.0,1.0,1.0,1.0,1.0,1.0,1.0,1.0,1.0,1.0,1.0,36.8095,10.098,3000.0,36.666666666666664,0.0,285532.6189391474,285532.6189391474,240180.81353797184
540,138.0,4.0,1.0,1.0,1.0,1.0,1.0,1.0,1.0,1.0,1.0,1.0,36.8811985,10.211819,4007.246376811594,34.5,0.0,285532.6189391474,285532.6189391474,320375.0034842321
3525,130.0,4.0,1.0,1.0,1.0,1.0,1.0,1.0,1.0,1.0,1.0,1.0,36.8625,10.1956,1576.923076923077,32.5,0.0,285532.6189391474,285532.6189391474,320375.0034842321
1680,54.0,1.0,5.0,1.0,1.0,1.0,1.0,1.0,1.0,1.0,1.0,1.0,36.8133756,10.2930588,4074.074074074074,54.0,5.0,285532.6189391474,285532.6189391474,293441.4203821656
2964,107.0,2.0,1.0,1.0,1.0,1.0,1.0,1.0,1.0,1.0,1.0,1.0,36.4561,10.7376,2537.88748564868,37.75,0.0,285532.6189391474,285532.6189391474,300305.12820512813
4123,173.0,4.0,1.0,1.0,1.0,1.0,1.0,1.0,1.0,1.0,1.0,1.0,36.8065,10.188232,3451.0,43.25,0.0,285532.6189391474,285532.6189391474,277143.4970760234
3850,107.0,3.0,1.0,1.0,1.0,1.0,1.0,1.0,1.0,1.0,1.0,1.0,36.8065,10.1815,2537.88748564868,37.75,0.0,285532.6189391474,285532.6189391474,293441.4203821656
2625,116.0,3.0,1.0,1.0,1.0,1.0,1.0,1.0,1.0,1.0,1.0,1.0,36.8065,10.1815,3362.0689655172414,38.666666666666664,0.0,285532.6189391474,285532.6189391474,293441.4203821656
1761,80.0,3.0,3.0,1.0,1.0,1.0,1.0,1.0,1.0,1.0,1.0,1.0,37.26790174113561,9.865101071420996,3500.0,26.666666666666668,0.0,285532.6189391474,285532.6189391474,243467.8477263652
1927,68.0,2.0,2.0,1.0,1.0,1.0,1.0,1.0,1.0,1.0,1.0,1.0,36.78310174113607,10.07922157354358,1455.8823529411766,34.0,0.0,285532.6189391474,285532.6189391474,293441.4203821656
95,80.0,2.0,1.0,1.0,1.0,1.0,1.0,1.0,1.0,1.0,1.0,1.0,36.4512897,10.7355915,1687.5,40.0,0.0,285532.6189391474,285532.6189391474,300305.12820512813
1020,110.0,3.0,1.0,1.0,1.0,1.0,1.0,1.0,1.0,1.0,1.0,1.0,36.7516855,10.2245072,1909.090909090909,36.666666666666664,0.0,285532.6189391474,285532.6189391474,218196.17024373435
563,127.0,3.0,1.0,1.0,1.0,1.0,1.0,1.0,1.0,1.0,1.0,1.0,35.8359686,10.5995321,2803.149606299213,42.333333333333336,0.0,285532.6189391474,285532.6189391474,281505.570214618
3615,135.0,4.0,1.0,1.0,1.0,1.0,1.0,1.0,1.0,1.0,1.0,1.0,36.8065,10.188232,3333.3333333333335,33.75,0.0,285532.6189391474,285532.6189391474,277143.4970760234
2958,90.0,3.0,1.0,1.0,1.0,1.0,1.0,1.0,1.0,1.0,1.0,1.0,36.8065,10.1815,1388.888888888889,30.0,0.0,285532.6189391474,285532.6189391474,293441.4203821656
863,62.0,1.0,7.0,1.0,1.0,1.0,1.0,1.0,1.0,1.0,1.0,1.0,36.7575659,10.244981,2657.0967741935483,62.0,7.0,285532.6189391474,285532.6189391474,218196.17024373435
4061,62.0,2.0,1.0,1.0,1.0,1.0,1.0,1.0,1.0,1.0,1.0,1.0,36.8065,10.188232,3870.967741935484,31.0,0.0,285532.6189391474,285532.6189391474,277143.4970760234
1486,140.0,3.0,1.0,1.0,1.0,1.0,1.0,1.0,1.0,1.0,1.0,1.0,36.719825,10.2192362,1214.2857142857142,46.666666666666664,0.0,285532.6189391474,285532.6189391474,218196.17024373435
3147,107.0,2.0,1.0,1.0,1.0,1.0,1.0,1.0,1.0,1.0,1.0,1.0,36.8065,10.1815,2537.88748564868,37.75,0.0,285532.6189391474,285532.6189391474,293441.4203821656
4036,107.0,3.0,1.0,1.0,1.0,1.0,1.0,1.0,1.0,1.0,1.0,1.0,36.8065,10.1815,2537.88748564868,37.75,0.0,285532.6189391474,285532.6189391474,293441.4203821656
1885,138.0,4.0,5.0,1.0,1.0,1.0,1.0,1.0,1.0,1.0,1.0,1.0,36.858,10.1844,2681.159420289855,34.5,5.0,285532.6189391474,285532.6189391474,293441.4203821656
1038,100.0,1.0,1.0,1.0,1.0,1.0,1.0,1.0,1.0,1.0,1.0,1.0,35.8749788,10.5935183,1500.0,100.0,1.0,285532.6189391474,285532.6189391474,281505.570214618
206,192.0,2.0,0.0,1.0,1.0,1.0,1.0,1.0,1.0,1.0,1.0,1.0,36.8002068,10.1857757,1822.9166666666667,96.0,0.0,285532.6189391474,285532.6189391474,293441.4203821656
392,190.0,4.0,1.0,1.0,1.0,1.0,1.0,1.0,1.0,1.0,1.0,1.0,36.8065,10.188232,789.4736842105264,47.5,0.0,285532.6189391474,285532.6189391474,277143.4970760234
3031,103.0,3.0,2.0,1.0,1.0,1.0,1.0,1.0,1.0,1.0,1.0,1.0,36.8065,10.188232,2524.2718446601943,37.75,0.0,285532.6189391474,285532.6189391474,277143.4970760234
870,216.0,3.0,0.0,1.0,1.0,1.0,1.0,1.0,1.0,1.0,1.0,1.0,36.7571648,10.014927,1759.2592592592594,72.0,0.0,285532.6189391474,285532.6189391474,240180.81353797184
397,151.0,4.0,4.0,1.0,1.0,1.0,1.0,1.0,1.0,1.0,1.0,1.0,36.8599292,10.1531585,2847.682119205298,37.75,0.0,285532.6189391474,285532.6189391474,320375.0034842321
2989,107.0,3.0,1.0,1.0,1.0,1.0,1.0,1.0,1.0,1.0,1.0,1.0,36.8065,10.188232,2537.88748564868,37.75,0.0,285532.6189391474,285532.6189391474,277143.4970760234
4112,105.0,3.0,1.0,1.0,1.0,1.0,1.0,1.0,1.0,1.0,1.0,1.0,36.8065,10.1815,1523.8095238095239,35.0,0.0,285532.6189391474,285532.6189391474,293441.4203821656
3588,107.0,3.0,1.0,1.0,1.0,1.0,1.0,1.0,1.0,1.0,1.0,1.0,36.8065,10.1815,2537.88748564868,37.75,0.0,285532.6189391474,285532.6189391474,293441.4203821656
1028,15.0,1.0,1.0,1.0,1.0,1.0,1.0,1.0,1.0,1.0,1.0,1.0,36.8336187,10.1471736,10000.0,15.0,0.0,285532.6189391474,285532.6189391474,293441.4203821656
2823,115.0,3.0,1.0,1.0,1.0,1.0,1.0,1.0,1.0,1.0,1.0,1.0,36.8065,10.1815,2521.7391304347825,37.75,0.0,285532.6189391474,285532.6189391474,293441.4203821656
1487,170.0,3.0,0.0,1.0,1.0,1.0,1.0,1.0,1.0,1.0,1.0,1.0,36.8065,10.1815,1382.3529411764705,56.666666666666664,0.0,285532.6189391474,285532.6189391474,293441.4203821656
2782,100.0,3.0,1.0,1.0,1.0,1.0,1.0,1.0,1.0,1.0,1.0,1.0,36.8065,10.1815,6800.0,33.333333333333336,0.0,285532.6189391474,285532.6189391474,293441.4203821656
960,95.0,3.0,1.0,1.0,1.0,1.0,1.0,1.0,1.0,1.0,1.0,1.0,35.8040805,10.6024567,1000.0,31.666666666666668,0.0,285532.6189391474,285532.6189391474,281505.570214618
1572,195.0,5.0,1.0,1.0,1.0,1.0,1.0,1.0,1.0,1.0,1.0,1.0,36.7516855,10.2245072,1948.7179487179487,39.0,0.0,285532.6189391474,285532.6189391474,218196.17024373435
2936,107.0,3.0,2.0,1.0,1.0,1.0,1.0,1.0,1.0,1.0,1.0,1.0,36.8065,10.1815,2537.88748564868,37.75,2.0,285532.6189391474,285532.6189391474,293441.4203821656
1899,121.0,3.0,3.0,1.0,1.0,1.0,1.0,1.0,1.0,1.0,1.0,1.0,36.86830174113598,10.179921486169086,2603.305785123967,40.333333333333336,3.0,285532.6189391474,285532.6189391474,293441.4203821656
2874,107.0,2.0,1.0,1.0,1.0,1.0,1.0,1.0,1.0,1.0,1.0,1.0,36.8065,10.1815,2537.88748564868,37.75,0.0,285532.6189391474,285532.6189391474,293441.4203821656
2150,109.0,3.0,2.0,1.0,1.0,1.0,1.0,1.0,1.0,1.0,1.0,1.0,35.7593,10.7036,1816.51376146789,36.333333333333336,0.0,285532.6189391474,285532.6189391474,309845.8833033952
804,100.0,4.0,3.0,1.0,1.0,1.0,1.0,1.0,1.0,1.0,1.0,1.0,36.8170699,10.1784812,1450.0,25.0,0.0,285532.6189391474,285532.6189391474,293441.4203821656
1755,130.0,3.0,5.0,1.0,1.0,1.0,1.0,1.0,1.0,1.0,1.0,1.0,37.28950174113559,9.8487410487677,2538.4615384615386,43.333333333333336,0.0,285532.6189391474,285532.6189391474,243467.8477263652
4060,140.0,4.0,1.0,1.0,1.0,1.0,1.0,1.0,1.0,1.0,1.0,1.0,36.8065,10.1815,1285.7142857142858,35.0,0.0,285532.6189391474,285532.6189391474,293441.4203821656
2524,95.0,2.0,0.0,1.0,1.0,1.0,1.0,1.0,1.0,1.0,1.0,1.0,36.8573922,10.2623664,2947.3684210526317,47.5,0.0,285532.6189391474,285532.6189391474,293441.4203821656
502,150.0,2.0,0.0,1.0,1.0,1.0,1.0,1.0,1.0,1.0,1.0,1.0,36.8865322,10.3011415,2400.0,75.0,0.0,285532.6189391474,285532.6189391474,293441.4203821656
3372,107.0,3.0,1.0,1.0,1.0,1.0,1.0,1.0,1.0,1.0,1.0,1.0,36.8065,10.1815,2537.88748564868,37.75,0.0,285532.6189391474,285532.6189391474,293441.4203821656
3353,138.0,3.0,1.0,1.0,1.0,1.0,1.0,1.0,1.0,1.0,1.0,1.0,36.8065,10.1815,2898.550724637681,46.0,0.0,285532.6189391474,285532.6189391474,293441.4203821656
3199,124.0,3.0,4.0,1.0,1.0,1.0,1.0,1.0,1.0,1.0,1.0,1.0,36.8065,10.1815,3185.483870967742,37.75,0.0,285532.6189391474,285532.6189391474,293441.4203821656
779,75.0,2.0,3.0,1.0,1.0,1.0,1.0,1.0,1.0,1.0,1.0,1.0,36.8587351,10.188232,1800.0,37.5,0.0,285532.6189391474,285532.6189391474,320375.0034842321
1867,75.0,3.0,2.0,1.0,1.0,1.0,1.0,1.0,1.0,1.0,1.0,1.0,36.7583,10.2819,2106.6666666666665,25.0,0.0,285532.6189391474,285532.6189391474,293441.4203821656
200,192.0,2.0,0.0,1.0,1.0,1.0,1.0,1.0,1.0,1.0,1.0,1.0,36.8587351,10.188232,2864.5833333333335,96.0,0.0,285532.6189391474,285532.6189391474,320375.0034842321
2186,95.0,4.0,3.0,1.0,1.0,1.0,1.0,1.0,1.0,1.0,1.0,1.0,35.85750174113692,10.616622499432788,1789.4736842105262,23.75,3.0,285532.6189391474,285532.6189391474,281505.570214618
3343,107.0,3.0,1.0,1.0,1.0,1.0,1.0,1.0,1.0,1.0,1.0,1.0,36.8065,10.1815,2537.88748564868,37.75,0.0,285532.6189391474,285532.6189391474,293441.4203821656
2092,87.0,2.0,2.0,1.0,1.0,1.0,1.0,1.0,1.0,1.0,1.0,1.0,35.52200174113723,11.035622824722653,3908.0459770114944,43.5,0.0,285532.6189391474,285532.6189391474,276683.9253054531
3302,180.0,3.0,0.0,1.0,1.0,1.0,1.0,1.0,1.0,1.0,1.0,1.0,36.8065,10.1815,1388.888888888889,37.75,0.0,285532.6189391474,285532.6189391474,293441.4203821656
2282,121.0,3.0,2.0,1.0,1.0,1.0,1.0,1.0,1.0,1.0,1.0,1.0,35.833601741136945,10.603722522784125,3016.528925619835,40.333333333333336,0.0,285532.6189391474,285532.6189391474,281505.570214618
3953,140.0,3.0,1.0,1.0,1.0,1.0,1.0,1.0,1.0,1.0,1.0,1.0,36.8065,10.1815,1142.857142857143,37.75,0.0,285532.6189391474,285532.6189391474,293441.4203821656
1800,127.0,4.0,1.0,1.0,1.0,1.0,1.0,1.0,1.0,1.0,1.0,1.0,36.44330174113638,10.733021918378387,2362.2047244094488,31.75,0.0,285532.6189391474,285532.6189391474,300305.12820512813
378,127.0,2.0,1.0,1.0,1.0,1.0,1.0,1.0,1.0,1.0,1.0,1.0,36.4512897,10.7355915,3346.4566929133857,63.5,0.0,285532.6189391474,285532.6189391474,300305.12820512813
2352,152.0,3.0,3.0,1.0,1.0,1.0,1.0,1.0,1.0,1.0,1.0,1.0,36.8065,10.1815,4144.736842105263,50.666666666666664,3.0,285532.6189391474,285532.6189391474,293441.4203821656
418,145.0,2.0,1.0,1.0,1.0,1.0,1.0,1.0,1.0,1.0,1.0,1.0,36.4012665,10.5572827,3103.448275862069,72.5,0.0,285532.6189391474,285532.6189391474,300305.12820512813
1702,58.0,1.0,1.0,1.0,1.0,1.0,1.0,1.0,1.0,1.0,1.0,1.0,36.8625,10.1956,2586.206896551724,58.0,0.0,285532.6189391474,285532.6189391474,320375.0034842321
391,58.0,2.0,1.0,1.0,1.0,1.0,1.0,1.0,1.0,1.0,1.0,1.0,35.8245,10.6346,3500.0,29.0,0.0,285532.6189391474,285532.6189391474,281505.570214618
2752,118.0,3.0,1.0,1.0,1.0,1.0,1.0,1.0,1.0,1.0,1.0,1.0,36.8065,10.1815,3601.6949152542375,39.333333333333336,0.0,285532.6189391474,285532.6189391474,293441.4203821656
1524,100.0,3.0,2.0,1.0,1.0,1.0,1.0,1.0,1.0,1.0,1.0,1.0,36.8533475,10.1169734,1800.0,33.333333333333336,0.0,285532.6189391474,285532.6189391474,320375.0034842321
1162,48.0,2.0,3.0,1.0,1.0,1.0,1.0,1.0,1.0,1.0,1.0,1.0,36.8336187,10.1471736,3062.5,24.0,3.0,285532.6189391474,285532.6189391474,293441.4203821656
3389,85.0,2.0,1.0,1.0,1.0,1.0,1.0,1.0,1.0,1.0,1.0,1.0,36.8065,10.1815,2294.1176470588234,42.5,0.0,285532.6189391474,285532.6189391474,293441.4203821656
1497,143.0,4.0,1.0,1.0,1.0,1.0,1.0,1.0,1.0,1.0,1.0,1.0,36.8507178,10.2829345,2657.3426573426573,35.75,0.0,285532.6189391474,285532.6189391474,293441.4203821656
2829,153.0,3.0,2.0,1.0,1.0,1.0,1.0,1.0,1.0,1.0,1.0,1.0,36.8065,10.1815,3104.575163398693,37.75,2.0,285532.6189391474,285532.6189391474,293441.4203821656
2031,65.0,2.0,4.0,1.0,1.0,1.0,1.0,1.0,1.0,1.0,1.0,1.0,36.76710174113609,10.239621589910923,3923.076923076923,32.5,4.0,285532.6189391474,285532.6189391474,293441.4203821656
1152,107.0,2.0,3.0,1.0,1.0,1.0,1.0,1.0,1.0,1.0,1.0,1.0,36.7575659,10.244981,2537.88748564868,37.75,0.0,285532.6189391474,285532.6189391474,218196.17024373435
1368,152.0,4.0,1.0,1.0,1.0,1.0,1.0,1.0,1.0,1.0,1.0,1.0,36.8811985,10.211819,4144.736842105263,38.0,0.0,285532.6189391474,285532.6189391474,320375.0034842321
2672,40.0,2.0,1.0,1.0,1.0,1.0,1.0,1.0,1.0,1.0,1.0,1.0,36.8065,10.1815,4000.0,20.0,0.0,285532.6189391474,285532.6189391474,293441.4203821656
64,80.0,2.0,1.0,1.0,1.0,1.0,1.0,1.0,1.0,1.0,1.0,1.0,36.8002068,10.1857757,1625.0,40.0,0.0,285532.6189391474,285532.6189391474,293441.4203821656
2066,100.0,3.0,1.0,1.0,1.0,1.0,1.0,1.0,1.0,1.0,1.0,1.0,36.85970174113599,10.26252149500529,3500.0,33.333333333333336,0.0,285532.6189391474,285532.6189391474,293441.4203821656
1180,54.0,1.0,1.0,1.0,1.0,1.0,1.0,1.0,1.0,1.0,1.0,1.0,36.8133756,10.2930588,4074.074074074074,54.0,0.0,285532.6189391474,285532.6189391474,293441.4203821656
3365,120.0,3.0,7.0,1.0,1.0,1.0,1.0,1.0,1.0,1.0,1.0,1.0,36.8065,10.1815,3750.0,40.0,7.0,285532.6189391474,285532.6189391474,293441.4203821656
492,60.0,2.0,3.0,1.0,1.0,1.0,1.0,1.0,1.0,1.0,1.0,1.0,36.7992041,10.1756221,2500.0,30.0,0.0,285532.6189391474,285532.6189391474,293441.4203821656
379,128.0,5.0,1.0,1.0,1.0,1.0,1.0,1.0,1.0,1.0,1.0,1.0,36.8002068,10.1857757,2343.75,25.6,0.0,285532.6189391474,285532.6189391474,293441.4203821656
2239,130.0,3.0,5.0,1.0,1.0,1.0,1.0,1.0,1.0,1.0,1.0,1.0,35.83700174113694,10.619722519463858,1807.6923076923076,43.333333333333336,5.0,285532.6189391474,285532.6189391474,281505.570214618
763,60.0,1.0,1.0,1.0,1.0,1.0,1.0,1.0,1.0,1.0,1.0,1.0,36.8479251,10.2611996,3350.0,60.0,0.0,285532.6189391474,285532.6189391474,293441.4203821656
2268,105.0,3.0,4.0,1.0,1.0,1.0,1.0,1.0,1.0,1.0,1.0,1.0,35.831,10.5907,1571.4285714285713,35.0,0.0,285532.6189391474,285532.6189391474,281505.570214618
791,70.0,1.0,1.0,1.0,1.0,1.0,1.0,1.0,1.0,1.0,1.0,1.0,36.4561,10.7376,3571.4285714285716,70.0,0.0,285532.6189391474,285532.6189391474,300305.12820512813
1076,140.0,3.0,1.0,1.0,1.0,1.0,1.0,1.0,1.0,1.0,1.0,1.0,36.8336187,10.1471736,1571.4285714285713,46.666666666666664,0.0,285532.6189391474,285532.6189391474,293441.4203821656
878,112.0,2.0,3.0,1.0,1.0,1.0,1.0,1.0,1.0,1.0,1.0,1.0,36.7575659,10.244981,2462.8571428571427,56.0,0.0,285532.6189391474,285532.6189391474,218196.17024373435
337,70.0,2.0,2.0,1.0,1.0,1.0,1.0,1.0,1.0,1.0,1.0,1.0,36.4512897,10.7355915,3357.1428571428573,35.0,2.0,285532.6189391474,285532.6189391474,300305.12820512813
2927,71.0,2.0,1.0,1.0,1.0,1.0,1.0,1.0,1.0,1.0,1.0,1.0,36.8065,10.1815,4788.732394366197,35.5,0.0,285532.6189391474,285532.6189391474,293441.4203821656
2367,107.0,3.0,1.0,1.0,1.0,1.0,1.0,1.0,1.0,1.0,1.0,1.0,36.8065,10.1815,2537.88748564868,37.75,0.0,285532.6189391474,285532.6189391474,293441.4203821656
1016,105.0,1.0,1.0,1.0,1.0,1.0,1.0,1.0,1.0,1.0,1.0,1.0,36.8653305,10.2425306,2714.285714285714,105.0,1.0,285532.6189391474,285532.6189391474,320375.0034842321
1275,94.0,3.0,0.0,1.0,1.0,1.0,1.0,1.0,1.0,1.0,1.0,1.0,36.8587351,10.188232,1808.5106382978724,31.333333333333332,0.0,285532.6189391474,285532.6189391474,320375.0034842321
3917,107.0,3.0,0.0,1.0,1.0,1.0,1.0,1.0,1.0,1.0,1.0,1.0,36.8065,10.1815,2537.88748564868,37.75,0.0,285532.6189391474,285532.6189391474,293441.4203821656
455,96.0,4.0,1.0,1.0,1.0,1.0,1.0,1.0,1.0,1.0,1.0,1.0,36.8749751,10.2454267,3541.6666666666665,24.0,0.0,285532.6189391474,285532.6189391474,320375.0034842321
3653,107.0,2.0,1.0,1.0,1.0,1.0,1.0,1.0,1.0,1.0,1.0,1.0,36.8065,10.1815,2537.88748564868,37.75,0.0,285532.6189391474,285532.6189391474,293441.4203821656
815,110.0,4.0,1.0,1.0,1.0,1.0,1.0,1.0,1.0,1.0,1.0,1.0,36.7575659,10.244981,1681.8181818181818,27.5,0.0,285532.6189391474,285532.6189391474,218196.17024373435
2328,202.0,2.0,0.0,1.0,1.0,1.0,1.0,1.0,1.0,1.0,1.0,1.0,33.8439408,9.400138,866.3366336633663,101.0,0.0,285532.6189391474,285532.6189391474,277143.4970760234
995,47.0,3.0,0.0,1.0,1.0,1.0,1.0,1.0,1.0,1.0,1.0,1.0,36.8423974,10.1571247,5106.382978723404,15.666666666666666,0.0,285532.6189391474,285532.6189391474,293441.4203821656
1985,72.0,2.0,3.0,1.0,1.0,1.0,1.0,1.0,1.0,1.0,1.0,1.0,36.8957,10.178,2736.1111111111113,36.0,3.0,285532.6189391474,285532.6189391474,293441.4203821656
201,100.0,2.0,1.0,1.0,1.0,1.0,1.0,1.0,1.0,1.0,1.0,1.0,36.8113307,10.0947037,2000.0,50.0,0.0,285532.6189391474,285532.6189391474,240180.81353797184
161,50.0,2.0,1.0,1.0,1.0,1.0,1.0,1.0,1.0,1.0,1.0,1.0,36.8002068,10.1857757,2560.0,25.0,0.0,285532.6189391474,285532.6189391474,293441.4203821656
1581,130.0,1.0,1.0,1.0,1.0,1.0,1.0,1.0,1.0,1.0,1.0,1.0,36.8456561,11.0935701,2038.4615384615386,130.0,0.0,285532.6189391474,285532.6189391474,300305.12820512813
2943,160.0,3.0,1.0,1.0,1.0,1.0,1.0,1.0,1.0,1.0,1.0,1.0,36.8065,10.1815,3062.5,37.75,0.0,285532.6189391474,285532.6189391474,293441.4203821656
2518,150.0,4.0,3.0,1.0,1.0,1.0,1.0,1.0,1.0,1.0,1.0,1.0,36.8065,10.1815,1733.3333333333333,37.5,3.0,285532.6189391474,285532.6189391474,293441.4203821656
702,115.0,4.0,1.0,1.0,1.0,1.0,1.0,1.0,1.0,1.0,1.0,1.0,36.8134113,10.1321911,2478.2608695652175,28.75,0.0,285532.6189391474,285532.6189391474,293441.4203821656
1502,170.0,4.0,1.0,1.0,1.0,1.0,1.0,1.0,1.0,1.0,1.0,1.0,36.8065,10.1815,1529.4117647058824,42.5,0.0,285532.6189391474,285532.6189391474,293441.4203821656
1129,117.0,2.0,3.0,1.0,1.0,1.0,1.0,1.0,1.0,1.0,1.0,1.0,36.8456561,11.0935701,1623.931623931624,58.5,0.0,285532.6189391474,285532.6189391474,300305.12820512813
2719,173.0,4.0,1.0,1.0,1.0,1.0,1.0,1.0,1.0,1.0,1.0,1.0,36.8625,10.1956,2803.4682080924854,43.25,0.0,285532.6189391474,285532.6189391474,320375.0034842321
3828,107.0,3.0,0.0,1.0,1.0,1.0,1.0,1.0,1.0,1.0,1.0,1.0,36.8065,10.1815,2537.88748564868,37.75,0.0,285532.6189391474,285532.6189391474,293441.4203821656
1021,107.0,3.0,1.0,1.0,1.0,1.0,1.0,1.0,1.0,1.0,1.0,1.0,36.7575659,10.244981,2537.88748564868,37.75,0.0,285532.6189391474,285532.6189391474,218196.17024373435
3311,77.0,2.0,1.0,1.0,1.0,1.0,1.0,1.0,1.0,1.0,1.0,1.0,36.8065,10.188232,3103.896103896104,38.5,0.0,285532.6189391474,285532.6189391474,277143.4970760234
3825,70.0,3.0,1.0,1.0,1.0,1.0,1.0,1.0,1.0,1.0,1.0,1.0,36.8065,10.1815,5828.571428571428,37.75,0.0,285532.6189391474,285532.6189391474,293441.4203821656
1587,85.0,3.0,1.0,1.0,1.0,1.0,1.0,1.0,1.0,1.0,1.0,1.0,36.873986,11.1082328,2411.764705882353,28.333333333333332,0.0,285532.6189391474,285532.6189391474,300305.12820512813
1959,90.0,3.0,1.0,1.0,1.0,1.0,1.0,1.0,1.0,1.0,1.0,1.0,36.83500174113602,10.151521520362802,3111.1111111111113,30.0,1.0,285532.6189391474,285532.6189391474,293441.4203821656
3412,63.0,2.0,0.0,1.0,1.0,1.0,1.0,1.0,1.0,1.0,1.0,1.0,36.8065,10.1815,3968.253968253968,31.5,0.0,285532.6189391474,285532.6189391474,293441.4203821656
2257,136.0,2.0,1.0,1.0,1.0,1.0,1.0,1.0,1.0,1.0,1.0,1.0,35.7178,10.5707,1544.1176470588234,68.0,1.0,285532.6189391474,285532.6189391474,281505.570214618
34,120.0,4.0,1.0,1.0,1.0,1.0,1.0,1.0,1.0,1.0,1.0,1.0,36.4512897,10.7355915,3041.6666666666665,30.0,0.0,285532.6189391474,285532.6189391474,300305.12820512813
775,115.0,4.0,1.0,1.0,1.0,1.0,1.0,1.0,1.0,1.0,1.0,1.0,36.8095,10.098,1913.0434782608695,28.75,0.0,285532.6189391474,285532.6189391474,240180.81353797184
2654,107.0,3.0,1.0,1.0,1.0,1.0,1.0,1.0,1.0,1.0,1.0,1.0,36.4561,10.7376,2537.88748564868,37.75,0.0,285532.6189391474,285532.6189391474,300305.12820512813
3878,191.0,3.0,0.0,1.0,1.0,1.0,1.0,1.0,1.0,1.0,1.0,1.0,35.7643,10.8113,2931.937172774869,37.75,0.0,285532.6189391474,285532.6189391474,309845.8833033952
1480,114.0,4.0,0.0,1.0,1.0,1.0,1.0,1.0,1.0,1.0,1.0,1.0,36.4561,10.7376,3464.9122807017543,28.5,0.0,285532.6189391474,285532.6189391474,300305.12820512813
3228,107.0,2.0,1.0,1.0,1.0,1.0,1.0,1.0,1.0,1.0,1.0,1.0,36.4561,10.7376,2537.88748564868,37.75,0.0,285532.6189391474,285532.6189391474,300305.12820512813
1391,50.0,2.0,1.0,1.0,1.0,1.0,1.0,1.0,1.0,1.0,1.0,1.0,36.8291875,10.1903688,1600.0,25.0,0.0,285532.6189391474,285532.6189391474,293441.4203821656
2143,87.0,2.0,0.0,1.0,1.0,1.0,1.0,1.0,1.0,1.0,1.0,1.0,35.753101741137016,10.8254226012337,2931.0344827586205,43.5,0.0,285532.6189391474,285532.6189391474,309845.8833033952
1364,151.0,3.0,0.0,1.0,1.0,1.0,1.0,1.0,1.0,1.0,1.0,1.0,36.719825,10.2192362,1688.7417218543046,50.333333333333336,0.0,285532.6189391474,285532.6189391474,218196.17024373435
3160,85.0,3.0,1.0,1.0,1.0,1.0,1.0,1.0,1.0,1.0,1.0,1.0,35.8245,10.6346,3294.1176470588234,37.75,0.0,285532.6189391474,285532.6189391474,281505.570214618
2718,107.0,2.0,1.0,1.0,1.0,1.0,1.0,1.0,1.0,1.0,1.0,1.0,36.4561,10.7376,2537.88748564868,37.75,0.0,285532.6189391474,285532.6189391474,300305.12820512813
3755,116.0,3.0,1.0,1.0,1.0,1.0,1.0,1.0,1.0,1.0,1.0,1.0,35.8245,10.6346,2068.9655172413795,38.666666666666664,1.0,285532.6189391474,285532.6189391474,281505.570214618
3004,107.0,3.0,2.0,1.0,1.0,1.0,1.0,1.0,1.0,1.0,1.0,1.0,36.8065,10.1815,2537.88748564868,37.75,0.0,285532.6189391474,285532.6189391474,293441.4203821656
2045,103.0,3.0,2.0,1.0,1.0,1.0,1.0,1.0,1.0,1.0,1.0,1.0,36.7398,10.2439,1747.5728155339805,34.333333333333336,0.0,285532.6189391474,285532.6189391474,293441.4203821656
241,87.0,2.0,1.0,1.0,1.0,1.0,1.0,1.0,1.0,1.0,1.0,1.0,36.8002068,10.1857757,2758.6206896551726,43.5,0.0,285532.6189391474,285532.6189391474,293441.4203821656
2065,140.0,4.0,1.0,1.0,1.0,1.0,1.0,1.0,1.0,1.0,1.0,1.0,36.85970174113599,10.26252149500529,3571.4285714285716,35.0,0.0,285532.6189391474,285532.6189391474,293441.4203821656
2392,168.0,4.0,1.0,1.0,1.0,1.0,1.0,1.0,1.0,1.0,1.0,1.0,36.8421942,10.1131594,2261.904761904762,42.0,0.0,285532.6189391474,285532.6189391474,320375.0034842321
600,103.0,2.0,1.0,1.0,1.0,1.0,1.0,1.0,1.0,1.0,1.0,1.0,36.8572699,10.2918693,5553.398058252427,51.5,1.0,285532.6189391474,285532.6189391474,293441.4203821656
2501,56.0,2.0,1.0,1.0,1.0,1.0,1.0,1.0,1.0,1.0,1.0,1.0,36.8065,10.1815,4357.142857142857,28.0,0.0,285532.6189391474,285532.6189391474,293441.4203821656
1297,90.0,3.0,0.0,1.0,1.0,1.0,1.0,1.0,1.0,1.0,1.0,1.0,36.7575659,10.244981,1500.0,30.0,0.0,285532.6189391474,285532.6189391474,218196.17024373435
2218,85.0,2.0,3.0,1.0,1.0,1.0,1.0,1.0,1.0,1.0,1.0,1.0,36.0132,10.514,2200.0,42.5,0.0,285532.6189391474,285532.6189391474,281505.570214618
3088,180.0,3.0,1.0,1.0,1.0,1.0,1.0,1.0,1.0,1.0,1.0,1.0,36.8065,10.1815,2388.8888888888887,37.75,0.0,285532.6189391474,285532.6189391474,293441.4203821656
2072,62.0,1.0,0.0,1.0,1.0,1.0,1.0,1.0,1.0,1.0,1.0,1.0,35.7016,10.1028,2903.2258064516127,62.0,0.0,285532.6189391474,285532.6189391474,264460.8237615568
646,135.0,3.0,1.0,1.0,1.0,1.0,1.0,1.0,1.0,1.0,1.0,1.0,37.2744,9.8739,1896.2962962962963,45.0,0.0,285532.6189391474,285532.6189391474,243467.8477263652
3946,157.0,4.0,1.0,1.0,1.0,1.0,1.0,1.0,1.0,1.0,1.0,1.0,36.8065,10.1815,1783.43949044586,39.25,0.0,285532.6189391474,285532.6189391474,293441.4203821656
3477,120.0,3.0,1.0,1.0,1.0,1.0,1.0,1.0,1.0,1.0,1.0,1.0,36.8625,10.1956,3333.3333333333335,40.0,0.0,285532.6189391474,285532.6189391474,320375.0034842321
1530,100.0,4.0,1.0,1.0,1.0,1.0,1.0,1.0,1.0,1.0,1.0,1.0,36.7404497,10.3029461,2500.0,25.0,0.0,285532.6189391474,285532.6189391474,218196.17024373435
3078,94.0,2.0,1.0,1.0,1.0,1.0,1.0,1.0,1.0,1.0,1.0,1.0,36.8065,10.1815,3263.276595744681,47.0,0.0,285532.6189391474,285532.6189391474,293441.4203821656
1267,82.0,2.0,2.0,1.0,1.0,1.0,1.0,1.0,1.0,1.0,1.0,1.0,35.8245,10.6346,2146.3414634146343,41.0,0.0,285532.6189391474,285532.6189391474,281505.570214618
4051,102.0,3.0,1.0,1.0,1.0,1.0,1.0,1.0,1.0,1.0,1.0,1.0,36.8065,10.1815,3431.372549019608,37.75,0.0,285532.6189391474,285532.6189391474,293441.4203821656
1903,133.0,4.0,5.0,1.0,1.0,1.0,1.0,1.0,1.0,1.0,1.0,1.0,36.860301741135984,10.253221494388931,2248.1203007518798,33.25,5.0,285532.6189391474,285532.6189391474,293441.4203821656
562,128.0,3.0,1.0,1.0,1.0,1.0,1.0,1.0,1.0,1.0,1.0,1.0,35.8245,10.6346,3632.8125,42.666666666666664,0.0,285532.6189391474,285532.6189391474,281505.570214618
4239,85.0,2.0,1.0,1.0,1.0,1.0,1.0,1.0,1.0,1.0,1.0,1.0,36.8065,10.188232,2000.0,42.5,0.0,285532.6189391474,285532.6189391474,277143.4970760234
2879,130.0,3.0,1.0,1.0,1.0,1.0,1.0,1.0,1.0,1.0,1.0,1.0,36.8065,10.188232,2615.3846153846152,37.75,0.0,285532.6189391474,285532.6189391474,277143.4970760234
3232,69.0,3.0,1.0,1.0,1.0,1.0,1.0,1.0,1.0,1.0,1.0,1.0,36.8065,10.1815,3043.478260869565,37.75,0.0,285532.6189391474,285532.6189391474,293441.4203821656
189,128.0,2.0,1.0,1.0,1.0,1.0,1.0,1.0,1.0,1.0,1.0,1.0,36.8002068,10.1857757,2421.875,64.0,0.0,285532.6189391474,285532.6189391474,293441.4203821656
1810,72.0,1.0,3.0,1.0,1.0,1.0,1.0,1.0,1.0,1.0,1.0,1.0,36.4309,10.6809,2986.1111111111113,72.0,3.0,285532.6189391474,285532.6189391474,300305.12820512813
975,200.0,4.0,0.0,1.0,1.0,1.0,1.0,1.0,1.0,1.0,1.0,1.0,36.4012665,10.5572827,2175.0,50.0,0.0,285532.6189391474,285532.6189391474,300305.12820512813
2896,117.0,3.0,6.0,1.0,1.0,1.0,1.0,1.0,1.0,1.0,1.0,1.0,36.8065,10.1815,1538.4615384615386,39.0,0.0,285532.6189391474,285532.6189391474,293441.4203821656
3935,171.0,3.0,1.0,1.0,1.0,1.0,1.0,1.0,1.0,1.0,1.0,1.0,36.8065,10.188232,2292.3976608187136,57.0,0.0,285532.6189391474,285532.6189391474,277143.4970760234
2051,59.0,2.0,2.0,1.0,1.0,1.0,1.0,1.0,1.0,1.0,1.0,1.0,36.8553,10.3004,5748.3050847457625,29.5,2.0,285532.6189391474,285532.6189391474,293441.4203821656
4192,130.0,4.0,1.0,1.0,1.0,1.0,1.0,1.0,1.0,1.0,1.0,1.0,36.4561,10.7376,1500.0,32.5,0.0,285532.6189391474,285532.6189391474,300305.12820512813
2656,125.0,4.0,1.0,1.0,1.0,1.0,1.0,1.0,1.0,1.0,1.0,1.0,36.8065,10.1815,2040.0,31.25,0.0,285532.6189391474,285532.6189391474,293441.4203821656
1082,210.0,3.0,1.0,1.0,1.0,1.0,1.0,1.0,1.0,1.0,1.0,1.0,35.8512042,10.6062129,1333.3333333333333,70.0,0.0,285532.6189391474,285532.6189391474,281505.570214618
474,105.0,2.0,1.0,1.0,1.0,1.0,1.0,1.0,1.0,1.0,1.0,1.0,36.8572699,10.2918693,4285.714285714285,52.5,0.0,285532.6189391474,285532.6189391474,293441.4203821656
4044,107.0,3.0,1.0,1.0,1.0,1.0,1.0,1.0,1.0,1.0,1.0,1.0,36.8065,10.1815,2537.88748564868,37.75,0.0,285532.6189391474,285532.6189391474,293441.4203821656
3108,171.0,3.0,1.0,1.0,1.0,1.0,1.0,1.0,1.0,1.0,1.0,1.0,36.8065,10.1815,2222.222222222222,57.0,0.0,285532.6189391474,285532.6189391474,293441.4203821656
747,195.0,4.0,1.0,1.0,1.0,1.0,1.0,1.0,1.0,1.0,1.0,1.0,36.8456561,11.0935701,1897.4358974358975,48.75,0.0,285532.6189391474,285532.6189391474,300305.12820512813
2304,69.0,1.0,3.0,1.0,1.0,1.0,1.0,1.0,1.0,1.0,1.0,1.0,35.83440174113694,10.595322522002936,3173.913043478261,69.0,0.0,285532.6189391474,285532.6189391474,281505.570214618
21,107.0,2.0,0.0,0.0,1.0,1.0,0.0,1.0,0.0,1.0,0.0,0.0,36.8587351,10.188232,2537.88748564868,37.75,0.0,285532.6189391474,285532.6189391474,320375.0034842321
3710,72.0,2.0,1.0,1.0,1.0,1.0,1.0,1.0,1.0,1.0,1.0,1.0,36.8065,10.188232,3750.0,36.0,0.0,285532.6189391474,285532.6189391474,277143.4970760234
459,103.0,3.0,1.0,1.0,1.0,1.0,1.0,1.0,1.0,1.0,1.0,1.0,36.8065,10.1815,1067.9611650485438,34.333333333333336,0.0,285532.6189391474,285532.6189391474,293441.4203821656
1184,120.0,4.0,1.0,1.0,1.0,1.0,1.0,1.0,1.0,1.0,1.0,1.0,36.8065,10.1815,1333.3333333333333,30.0,0.0,285532.6189391474,285532.6189391474,293441.4203821656
2336,107.0,2.0,1.0,1.0,1.0,1.0,1.0,1.0,1.0,1.0,1.0,1.0,36.8065,10.1815,2537.88748564868,37.75,0.0,285532.6189391474,285532.6189391474,293441.4203821656
955,155.0,1.0,1.0,1.0,1.0,1.0,1.0,1.0,1.0,1.0,1.0,1.0,36.8668692,10.3495656,2903.2258064516127,155.0,0.0,285532.6189391474,285532.6189391474,293441.4203821656
1215,180.0,3.0,0.0,1.0,1.0,1.0,1.0,1.0,1.0,1.0,1.0,1.0,34.7335472,10.7531879,1111.111111111111,37.75,0.0,285532.6189391474,285532.6189391474,245349.25277465454
2498,107.0,3.0,1.0,1.0,1.0,1.0,1.0,1.0,1.0,1.0,1.0,1.0,36.8065,10.1815,3271.0280373831774,35.666666666666664,0.0,285532.6189391474,285532.6189391474,293441.4203821656
3047,140.0,4.0,1.0,1.0,1.0,1.0,1.0,1.0,1.0,1.0,1.0,1.0,36.8065,10.188232,3000.0,35.0,0.0,285532.6189391474,285532.6189391474,277143.4970760234
3857,140.0,3.0,1.0,1.0,1.0,1.0,1.0,1.0,1.0,1.0,1.0,1.0,36.8065,10.1815,1964.2857142857142,37.75,0.0,285532.6189391474,285532.6189391474,293441.4203821656
1517,175.0,3.0,1.0,1.0,1.0,1.0,1.0,1.0,1.0,1.0,1.0,1.0,36.8749751,10.2454267,3428.5714285714284,58.333333333333336,0.0,285532.6189391474,285532.6189391474,320375.0034842321
2437,80.0,4.0,1.0,1.0,1.0,1.0,1.0,1.0,1.0,1.0,1.0,1.0,36.8065,10.1815,1125.0,20.0,0.0,285532.6189391474,285532.6189391474,293441.4203821656
769,109.0,2.0,0.0,1.0,1.0,1.0,1.0,1.0,1.0,1.0,1.0,1.0,36.8065,10.1815,5045.871559633028,54.5,0.0,285532.6189391474,285532.6189391474,293441.4203821656
3701,110.0,4.0,2.0,1.0,1.0,1.0,1.0,1.0,1.0,1.0,1.0,1.0,36.8065,10.188232,2272.7272727272725,27.5,0.0,285532.6189391474,285532.6189391474,277143.4970760234
1689,65.0,2.0,1.0,1.0,1.0,1.0,1.0,1.0,1.0,1.0,1.0,1.0,36.8572699,10.2918693,5538.461538461538,32.5,0.0,285532.6189391474,285532.6189391474,293441.4203821656
130,172.0,2.0,1.0,1.0,1.0,1.0,1.0,1.0,1.0,1.0,1.0,1.0,36.4512897,10.7355915,1162.7906976744187,86.0,0.0,285532.6189391474,285532.6189391474,300305.12820512813
4172,200.0,3.0,1.0,1.0,1.0,1.0,1.0,1.0,1.0,1.0,1.0,1.0,36.8065,10.188232,1250.0,37.75,0.0,285532.6189391474,285532.6189391474,277143.4970760234
3126,107.0,3.0,1.0,1.0,1.0,1.0,1.0,1.0,1.0,1.0,1.0,1.0,36.8065,10.188232,2537.88748564868,37.75,0.0,285532.6189391474,285532.6189391474,277143.4970760234
3444,107.0,3.0,0.0,1.0,1.0,1.0,1.0,1.0,1.0,1.0,1.0,1.0,36.8065,10.188232,2537.88748564868,37.75,0.0,285532.6189391474,285532.6189391474,277143.4970760234
3805,160.0,4.0,1.0,1.0,1.0,1.0,1.0,1.0,1.0,1.0,1.0,1.0,36.8065,10.188232,2718.75,40.0,0.0,285532.6189391474,285532.6189391474,277143.4970760234
2139,114.0,4.0,3.0,1.0,1.0,1.0,1.0,1.0,1.0,1.0,1.0,1.0,35.753301741137015,10.82542260103918,2271.9298245614036,28.5,0.0,285532.6189391474,285532.6189391474,309845.8833033952
1484,90.0,3.0,1.0,1.0,1.0,1.0,1.0,1.0,1.0,1.0,1.0,1.0,37.2720905,9.8708565,1888.888888888889,30.0,0.0,285532.6189391474,285532.6189391474,243467.8477263652
330,107.0,2.0,1.0,1.0,1.0,1.0,1.0,1.0,1.0,1.0,1.0,1.0,36.7516855,10.2245072,1542.056074766355,53.5,0.0,285532.6189391474,285532.6189391474,218196.17024373435
1238,54.0,2.0,1.0,1.0,1.0,1.0,1.0,1.0,1.0,1.0,1.0,1.0,36.8479251,10.2611996,3333.3333333333335,27.0,0.0,285532.6189391474,285532.6189391474,293441.4203821656
466,54.0,1.0,1.0,1.0,1.0,1.0,1.0,1.0,1.0,1.0,1.0,1.0,36.8507178,10.2829345,3888.8888888888887,54.0,0.0,285532.6189391474,285532.6189391474,293441.4203821656
2173,60.0,3.0,4.0,1.0,1.0,1.0,1.0,1.0,1.0,1.0,1.0,1.0,34.76180174113792,10.728623542154168,2416.6666666666665,20.0,0.0,285532.6189391474,285532.6189391474,245349.25277465454
1640,70.0,1.0,1.0,1.0,1.0,1.0,1.0,1.0,1.0,1.0,1.0,1.0,36.8507178,10.2829345,5285.714285714285,70.0,0.0,285532.6189391474,285532.6189391474,293441.4203821656
3335,80.0,2.0,1.0,1.0,1.0,1.0,1.0,1.0,1.0,1.0,1.0,1.0,36.8065,10.1815,1312.5,40.0,0.0,285532.6189391474,285532.6189391474,293441.4203821656
4214,75.0,3.0,1.0,1.0,1.0,1.0,1.0,1.0,1.0,1.0,1.0,1.0,36.8065,10.1815,2466.6666666666665,25.0,0.0,285532.6189391474,285532.6189391474,293441.4203821656
1095,110.0,3.0,1.0,1.0,1.0,1.0,1.0,1.0,1.0,1.0,1.0,1.0,36.8149993,10.1342892,1909.090909090909,36.666666666666664,0.0,285532.6189391474,285532.6189391474,293441.4203821656
1130,120.0,5.0,1.0,1.0,1.0,1.0,1.0,1.0,1.0,1.0,1.0,1.0,36.811565,10.1769871,1833.3333333333333,24.0,0.0,285532.6189391474,285532.6189391474,293441.4203821656
1294,80.0,3.0,2.0,1.0,1.0,1.0,1.0,1.0,1.0,1.0,1.0,1.0,36.793653,10.1700189,1250.0,26.666666666666668,0.0,285532.6189391474,285532.6189391474,293441.4203821656
860,105.0,2.0,0.0,1.0,1.0,1.0,1.0,1.0,1.0,1.0,1.0,1.0,36.7575659,10.244981,2607.809523809524,52.5,0.0,285532.6189391474,285532.6189391474,218196.17024373435
3886,210.0,3.0,1.0,1.0,1.0,1.0,1.0,1.0,1.0,1.0,1.0,1.0,36.8065,10.1815,2476.190476190476,37.75,0.0,285532.6189391474,285532.6189391474,293441.4203821656
3448,125.0,3.0,1.0,1.0,1.0,1.0,1.0,1.0,1.0,1.0,1.0,1.0,36.8065,10.1815,3300.0,41.666666666666664,1.0,285532.6189391474,285532.6189391474,293441.4203821656
