2026-02-01 11:07:06,244 - __main__ - INFO - 🚀 DÉBUT SCRAPING COMPLET - 8 RÉGIONS
2026-02-01 11:07:06,246 - __main__ - INFO - 
============================================================
2026-02-01 11:07:06,248 - __main__ - INFO - 🎯 DÉBUT RÉGION: La Marsa
2026-02-01 11:07:06,253 - __main__ - INFO - ============================================================
2026-02-01 11:07:06,253 - __main__ - INFO - 🚀 DÉBUT SCRAPING RÉGION: La Marsa
2026-02-01 11:07:06,257 - __main__ - INFO - Détection pour: https://www.mubawab.tn/fr/st/la-marsa/appartements-a-louer
2026-02-01 11:07:09,787 - __main__ - INFO - ✅ Détecté: 2295 annonces au total
2026-02-01 11:07:09,851 - __main__ - INFO - 📊 Estimation: 66 pages à 35 annonces/page
2026-02-01 11:07:09,852 - __main__ - INFO - 📊 La Marsa: 2295 annonces détectées
2026-02-01 11:07:09,853 - __main__ - INFO - 📄 Objectif: 2295 annonces sur 66/66 pages
2026-02-01 11:07:09,854 - __main__ - INFO - 📈 Estimation: 35 annonces par page
2026-02-01 11:07:09,862 - __main__ - INFO - 📄 SCRAPING PAGE 1: https://www.mubawab.tn/fr/st/la-marsa/appartements-a-louer
2026-02-01 11:07:12,198 - __main__ - INFO - Total cartes uniques trouvées: 34
2026-02-01 11:07:12,198 - __main__ - INFO - Page 1: 34 cartes trouvées
2026-02-01 11:07:12,500 - __main__ - INFO - ✅ PAGE 1: 31 annonces valides, 3 invalides
2026-02-01 11:07:12,572 - __main__ - INFO - ✅ Page 1: 31 annonces trouvées
2026-02-01 11:07:12,572 - __main__ - INFO - 🔍 Extraction des détails pour 31 annonces...
2026-02-01 11:07:26,893 - __main__ - INFO -   📊 Détails: 5/31 (16%)
2026-02-01 11:07:40,814 - __main__ - INFO -   📊 Détails: 10/31 (32%)
2026-02-01 11:07:54,384 - __main__ - INFO -   📊 Détails: 15/31 (48%)
2026-02-01 11:08:07,937 - __main__ - INFO -   📊 Détails: 20/31 (65%)
2026-02-01 11:08:21,303 - __main__ - INFO -   📊 Détails: 25/31 (81%)
2026-02-01 11:08:35,184 - __main__ - INFO -   📊 Détails: 30/31 (97%)
2026-02-01 11:08:37,917 - __main__ - INFO -   📊 Détails: 31/31 (100%)
2026-02-01 11:08:38,221 - __main__ - INFO - 📈 La Marsa: 31/2295 annonces accumulées
2026-02-01 11:08:38,221 - __main__ - INFO - ⏳ Pause de 2s avant page 2...
2026-02-01 11:08:40,223 - __main__ - INFO - 📄 SCRAPING PAGE 2: https://www.mubawab.tn/fr/st/la-marsa/appartements-a-louer:p:2
2026-02-01 11:08:42,278 - __main__ - INFO - Total cartes uniques trouvées: 34
2026-02-01 11:08:42,278 - __main__ - INFO - Page 2: 34 cartes trouvées
2026-02-01 11:08:42,601 - __main__ - INFO - ✅ PAGE 2: 32 annonces valides, 2 invalides
2026-02-01 11:08:42,669 - __main__ - INFO - ✅ Page 2: 32 annonces trouvées
2026-02-01 11:08:42,670 - __main__ - INFO - 🔍 Extraction des détails pour 32 annonces...
2026-02-01 11:08:55,837 - __main__ - INFO -   📊 Détails: 5/32 (16%)
2026-02-01 11:09:10,121 - __main__ - INFO -   📊 Détails: 10/32 (31%)
2026-02-01 11:09:24,435 - __main__ - INFO -   📊 Détails: 15/32 (47%)
2026-02-01 11:09:38,513 - __main__ - INFO -   📊 Détails: 20/32 (62%)
2026-02-01 11:09:52,343 - __main__ - INFO -   📊 Détails: 25/32 (78%)
2026-02-01 11:10:07,524 - __main__ - INFO -   📊 Détails: 30/32 (94%)
2026-02-01 11:10:13,140 - __main__ - INFO -   📊 Détails: 32/32 (100%)
2026-02-01 11:10:13,442 - __main__ - INFO - 📈 La Marsa: 63/2295 annonces accumulées
2026-02-01 11:10:13,446 - __main__ - INFO - ⏳ Pause de 2s avant page 3...
2026-02-01 11:10:15,452 - __main__ - INFO - 📄 SCRAPING PAGE 3: https://www.mubawab.tn/fr/st/la-marsa/appartements-a-louer:p:3
2026-02-01 11:10:17,697 - __main__ - INFO - Total cartes uniques trouvées: 34
2026-02-01 11:10:17,700 - __main__ - INFO - Page 3: 34 cartes trouvées
2026-02-01 11:10:17,996 - __main__ - INFO - ✅ PAGE 3: 32 annonces valides, 2 invalides
2026-02-01 11:10:18,183 - __main__ - INFO - ✅ Page 3: 32 annonces trouvées
2026-02-01 11:10:18,186 - __main__ - INFO - 🔍 Extraction des détails pour 32 annonces...
2026-02-01 11:10:31,099 - __main__ - INFO -   📊 Détails: 5/32 (16%)
2026-02-01 11:10:45,571 - __main__ - INFO -   📊 Détails: 10/32 (31%)
2026-02-01 11:10:59,732 - __main__ - INFO -   📊 Détails: 15/32 (47%)
2026-02-01 11:11:14,406 - __main__ - INFO -   📊 Détails: 20/32 (62%)
2026-02-01 11:11:28,833 - __main__ - INFO -   📊 Détails: 25/32 (78%)
2026-02-01 11:11:43,248 - __main__ - INFO -   📊 Détails: 30/32 (94%)
2026-02-01 11:11:48,890 - __main__ - INFO -   📊 Détails: 32/32 (100%)
2026-02-01 11:11:49,191 - __main__ - INFO - 📈 La Marsa: 95/2295 annonces accumulées
2026-02-01 11:11:49,191 - __main__ - INFO - ⏳ Pause de 2s avant page 4...
2026-02-01 11:11:51,192 - __main__ - INFO - 📄 SCRAPING PAGE 4: https://www.mubawab.tn/fr/st/la-marsa/appartements-a-louer:p:4
2026-02-01 11:11:53,681 - __main__ - INFO - Total cartes uniques trouvées: 34
2026-02-01 11:11:53,681 - __main__ - INFO - Page 4: 34 cartes trouvées
2026-02-01 11:11:53,978 - __main__ - INFO - ✅ PAGE 4: 31 annonces valides, 3 invalides
2026-02-01 11:11:54,042 - __main__ - INFO - ✅ Page 4: 31 annonces trouvées
2026-02-01 11:11:54,043 - __main__ - INFO - 🔍 Extraction des détails pour 31 annonces...
2026-02-01 11:12:07,817 - __main__ - INFO -   📊 Détails: 5/31 (16%)
2026-02-01 11:12:22,642 - __main__ - INFO -   📊 Détails: 10/31 (32%)
2026-02-01 11:12:36,818 - __main__ - INFO -   📊 Détails: 15/31 (48%)
2026-02-01 11:12:50,927 - __main__ - INFO -   📊 Détails: 20/31 (65%)
2026-02-01 11:13:04,734 - __main__ - INFO -   📊 Détails: 25/31 (81%)
2026-02-01 11:13:18,852 - __main__ - INFO -   📊 Détails: 30/31 (97%)
2026-02-01 11:13:21,653 - __main__ - INFO -   📊 Détails: 31/31 (100%)
2026-02-01 11:13:21,954 - __main__ - INFO - 📈 La Marsa: 126/2295 annonces accumulées
2026-02-01 11:13:21,954 - __main__ - INFO - ⏳ Pause de 4s avant page 5...
2026-02-01 11:13:25,957 - __main__ - INFO - 📄 SCRAPING PAGE 5: https://www.mubawab.tn/fr/st/la-marsa/appartements-a-louer:p:5
2026-02-01 11:13:28,283 - __main__ - INFO - Total cartes uniques trouvées: 34
2026-02-01 11:13:28,283 - __main__ - INFO - Page 5: 34 cartes trouvées
2026-02-01 11:13:28,630 - __main__ - INFO - ✅ PAGE 5: 31 annonces valides, 3 invalides
2026-02-01 11:13:28,715 - __main__ - INFO - ✅ Page 5: 31 annonces trouvées
2026-02-01 11:13:28,715 - __main__ - INFO - 🔍 Extraction des détails pour 31 annonces...
2026-02-01 11:13:42,887 - __main__ - INFO -   📊 Détails: 5/31 (16%)
2026-02-01 11:13:57,899 - __main__ - INFO -   📊 Détails: 10/31 (32%)
2026-02-01 11:14:12,413 - __main__ - INFO -   📊 Détails: 15/31 (48%)
2026-02-01 11:14:26,585 - __main__ - INFO -   📊 Détails: 20/31 (65%)
2026-02-01 11:14:40,741 - __main__ - INFO -   📊 Détails: 25/31 (81%)
2026-02-01 11:14:56,059 - __main__ - INFO -   📊 Détails: 30/31 (97%)
2026-02-01 11:14:58,736 - __main__ - INFO -   📊 Détails: 31/31 (100%)
2026-02-01 11:14:59,043 - __main__ - INFO - 📈 La Marsa: 157/2295 annonces accumulées
2026-02-01 11:14:59,044 - __main__ - INFO - ⏳ Pause de 2s avant page 6...
2026-02-01 11:15:01,045 - __main__ - INFO - 📄 SCRAPING PAGE 6: https://www.mubawab.tn/fr/st/la-marsa/appartements-a-louer:p:6
2026-02-01 11:15:02,777 - __main__ - INFO - Total cartes uniques trouvées: 34
2026-02-01 11:15:02,777 - __main__ - INFO - Page 6: 34 cartes trouvées
2026-02-01 11:15:02,981 - __main__ - INFO - ✅ PAGE 6: 31 annonces valides, 3 invalides
2026-02-01 11:15:03,022 - __main__ - INFO - ✅ Page 6: 31 annonces trouvées
2026-02-01 11:15:03,022 - __main__ - INFO - 🔍 Extraction des détails pour 31 annonces...
2026-02-01 11:15:16,783 - __main__ - INFO -   📊 Détails: 5/31 (16%)
2026-02-01 11:15:31,294 - __main__ - INFO -   📊 Détails: 10/31 (32%)
2026-02-01 11:15:46,796 - __main__ - INFO -   📊 Détails: 15/31 (48%)
2026-02-01 11:16:01,106 - __main__ - INFO -   📊 Détails: 20/31 (65%)
2026-02-01 11:16:15,979 - __main__ - INFO -   📊 Détails: 25/31 (81%)
2026-02-01 11:16:31,707 - __main__ - INFO -   📊 Détails: 30/31 (97%)
2026-02-01 11:16:34,925 - __main__ - INFO -   📊 Détails: 31/31 (100%)
2026-02-01 11:16:35,510 - __main__ - INFO - 📈 La Marsa: 188/2295 annonces accumulées
2026-02-01 11:16:35,511 - __main__ - INFO - ⏳ Pause de 2s avant page 7...
2026-02-01 11:16:37,516 - __main__ - INFO - 📄 SCRAPING PAGE 7: https://www.mubawab.tn/fr/st/la-marsa/appartements-a-louer:p:7
2026-02-01 11:16:39,840 - __main__ - INFO - Total cartes uniques trouvées: 34
2026-02-01 11:16:39,841 - __main__ - INFO - Page 7: 34 cartes trouvées
2026-02-01 11:16:40,067 - __main__ - INFO - ✅ PAGE 7: 31 annonces valides, 3 invalides
2026-02-01 11:16:40,148 - __main__ - INFO - ✅ Page 7: 31 annonces trouvées
2026-02-01 11:16:40,151 - __main__ - INFO - 🔍 Extraction des détails pour 31 annonces...
2026-02-01 11:16:56,205 - __main__ - INFO -   📊 Détails: 5/31 (16%)
2026-02-01 11:17:11,025 - __main__ - INFO -   📊 Détails: 10/31 (32%)
2026-02-01 11:17:25,082 - __main__ - INFO -   📊 Détails: 15/31 (48%)
2026-02-01 11:17:39,419 - __main__ - INFO -   📊 Détails: 20/31 (65%)
2026-02-01 11:17:54,985 - __main__ - INFO -   📊 Détails: 25/31 (81%)
2026-02-01 11:18:10,967 - __main__ - INFO -   📊 Détails: 30/31 (97%)
2026-02-01 11:18:14,095 - __main__ - INFO -   📊 Détails: 31/31 (100%)
2026-02-01 11:18:14,397 - __main__ - INFO - 📈 La Marsa: 219/2295 annonces accumulées
2026-02-01 11:18:14,398 - __main__ - INFO - ⏳ Pause de 2s avant page 8...
2026-02-01 11:18:16,399 - __main__ - INFO - 📄 SCRAPING PAGE 8: https://www.mubawab.tn/fr/st/la-marsa/appartements-a-louer:p:8
2026-02-01 11:18:18,898 - __main__ - INFO - Total cartes uniques trouvées: 34
2026-02-01 11:18:18,899 - __main__ - INFO - Page 8: 34 cartes trouvées
2026-02-01 11:18:19,235 - __main__ - INFO - ✅ PAGE 8: 31 annonces valides, 3 invalides
2026-02-01 11:18:19,363 - __main__ - INFO - ✅ Page 8: 31 annonces trouvées
2026-02-01 11:18:19,368 - __main__ - INFO - 🔍 Extraction des détails pour 31 annonces...
2026-02-01 11:18:34,387 - __main__ - INFO -   📊 Détails: 5/31 (16%)
2026-02-01 11:18:49,524 - __main__ - INFO -   📊 Détails: 10/31 (32%)
2026-02-01 11:19:04,725 - __main__ - INFO -   📊 Détails: 15/31 (48%)
2026-02-01 11:19:19,032 - __main__ - INFO -   📊 Détails: 20/31 (65%)
2026-02-01 11:19:33,267 - __main__ - INFO -   📊 Détails: 25/31 (81%)
2026-02-01 11:19:47,499 - __main__ - INFO -   📊 Détails: 30/31 (97%)
2026-02-01 11:19:50,521 - __main__ - INFO -   📊 Détails: 31/31 (100%)
2026-02-01 11:19:50,823 - __main__ - INFO - 📈 La Marsa: 250/2295 annonces accumulées
2026-02-01 11:19:50,823 - __main__ - INFO - ⏳ Pause de 2s avant page 9...
2026-02-01 11:19:52,825 - __main__ - INFO - 📄 SCRAPING PAGE 9: https://www.mubawab.tn/fr/st/la-marsa/appartements-a-louer:p:9
2026-02-01 11:19:55,443 - __main__ - INFO - Total cartes uniques trouvées: 34
2026-02-01 11:19:55,444 - __main__ - INFO - Page 9: 34 cartes trouvées
2026-02-01 11:19:55,771 - __main__ - INFO - ✅ PAGE 9: 31 annonces valides, 3 invalides
2026-02-01 11:19:55,853 - __main__ - INFO - ✅ Page 9: 31 annonces trouvées
2026-02-01 11:19:55,853 - __main__ - INFO - 🔍 Extraction des détails pour 31 annonces...
2026-02-01 11:20:10,228 - __main__ - INFO -   📊 Détails: 5/31 (16%)
2026-02-01 11:20:24,427 - __main__ - INFO -   📊 Détails: 10/31 (32%)
2026-02-01 11:20:39,227 - __main__ - INFO -   📊 Détails: 15/31 (48%)
2026-02-01 11:20:53,507 - __main__ - INFO -   📊 Détails: 20/31 (65%)
2026-02-01 11:21:08,082 - __main__ - INFO -   📊 Détails: 25/31 (81%)
2026-02-01 11:21:21,846 - __main__ - INFO -   📊 Détails: 30/31 (97%)
2026-02-01 11:21:24,658 - __main__ - INFO -   📊 Détails: 31/31 (100%)
2026-02-01 11:21:24,966 - __main__ - INFO - 📈 La Marsa: 281/2295 annonces accumulées
2026-02-01 11:21:24,966 - __main__ - INFO - ⏳ Pause de 4s avant page 10...
2026-02-01 11:21:28,969 - __main__ - INFO - 📄 SCRAPING PAGE 10: https://www.mubawab.tn/fr/st/la-marsa/appartements-a-louer:p:10
2026-02-01 11:21:31,140 - __main__ - INFO - Total cartes uniques trouvées: 34
2026-02-01 11:21:31,141 - __main__ - INFO - Page 10: 34 cartes trouvées
2026-02-01 11:21:31,606 - __main__ - INFO - ✅ PAGE 10: 30 annonces valides, 4 invalides
2026-02-01 11:21:31,674 - __main__ - INFO - ✅ Page 10: 30 annonces trouvées
2026-02-01 11:21:31,675 - __main__ - INFO - 🔍 Extraction des détails pour 30 annonces...
2026-02-01 11:21:45,230 - __main__ - INFO -   📊 Détails: 5/30 (17%)
2026-02-01 11:21:59,531 - __main__ - INFO -   📊 Détails: 10/30 (33%)
2026-02-01 11:22:13,858 - __main__ - INFO -   📊 Détails: 15/30 (50%)
2026-02-01 11:22:29,113 - __main__ - INFO -   📊 Détails: 20/30 (67%)
2026-02-01 11:22:43,976 - __main__ - INFO -   📊 Détails: 25/30 (83%)
2026-02-01 11:22:57,980 - __main__ - INFO -   📊 Détails: 30/30 (100%)
2026-02-01 11:22:58,283 - __main__ - INFO - 📈 La Marsa: 311/2295 annonces accumulées
2026-02-01 11:22:58,283 - __main__ - INFO - ⏳ Pause de 2s avant page 11...
2026-02-01 11:23:00,285 - __main__ - INFO - 📄 SCRAPING PAGE 11: https://www.mubawab.tn/fr/st/la-marsa/appartements-a-louer:p:11
2026-02-01 11:23:02,734 - __main__ - INFO - Total cartes uniques trouvées: 34
2026-02-01 11:23:02,734 - __main__ - INFO - Page 11: 34 cartes trouvées
2026-02-01 11:23:03,069 - __main__ - INFO - ✅ PAGE 11: 31 annonces valides, 3 invalides
2026-02-01 11:23:03,147 - __main__ - INFO - ✅ Page 11: 31 annonces trouvées
2026-02-01 11:23:03,148 - __main__ - INFO - 🔍 Extraction des détails pour 31 annonces...
2026-02-01 11:23:17,101 - __main__ - INFO -   📊 Détails: 5/31 (16%)
2026-02-01 11:23:31,959 - __main__ - INFO -   📊 Détails: 10/31 (32%)
2026-02-01 11:23:46,967 - __main__ - INFO -   📊 Détails: 15/31 (48%)
2026-02-01 11:24:01,904 - __main__ - INFO -   📊 Détails: 20/31 (65%)
2026-02-01 11:24:17,069 - __main__ - INFO -   📊 Détails: 25/31 (81%)
2026-02-01 11:24:32,997 - __main__ - INFO -   📊 Détails: 30/31 (97%)
2026-02-01 11:24:36,056 - __main__ - INFO -   📊 Détails: 31/31 (100%)
2026-02-01 11:24:36,358 - __main__ - INFO - 📈 La Marsa: 342/2295 annonces accumulées
2026-02-01 11:24:36,359 - __main__ - INFO - ⏳ Pause de 2s avant page 12...
2026-02-01 11:24:38,360 - __main__ - INFO - 📄 SCRAPING PAGE 12: https://www.mubawab.tn/fr/st/la-marsa/appartements-a-louer:p:12
2026-02-01 11:24:40,895 - __main__ - INFO - Total cartes uniques trouvées: 34
2026-02-01 11:24:40,896 - __main__ - INFO - Page 12: 34 cartes trouvées
2026-02-01 11:24:41,327 - __main__ - INFO - ✅ PAGE 12: 30 annonces valides, 4 invalides
2026-02-01 11:24:41,412 - __main__ - INFO - ✅ Page 12: 30 annonces trouvées
2026-02-01 11:24:41,413 - __main__ - INFO - 🔍 Extraction des détails pour 30 annonces...
2026-02-01 11:24:56,899 - __main__ - INFO -   📊 Détails: 5/30 (17%)
2026-02-01 11:25:12,059 - __main__ - INFO -   📊 Détails: 10/30 (33%)
2026-02-01 11:25:29,193 - __main__ - INFO -   📊 Détails: 15/30 (50%)
2026-02-01 11:25:44,499 - __main__ - INFO -   📊 Détails: 20/30 (67%)
2026-02-01 11:25:59,946 - __main__ - INFO -   📊 Détails: 25/30 (83%)
2026-02-01 11:26:15,318 - __main__ - INFO -   📊 Détails: 30/30 (100%)
2026-02-01 11:26:15,619 - __main__ - INFO - 📈 La Marsa: 372/2295 annonces accumulées
2026-02-01 11:26:15,619 - __main__ - INFO - ⏳ Pause de 2s avant page 13...
2026-02-01 11:26:17,620 - __main__ - INFO - 📄 SCRAPING PAGE 13: https://www.mubawab.tn/fr/st/la-marsa/appartements-a-louer:p:13
2026-02-01 11:26:19,798 - __main__ - INFO - Total cartes uniques trouvées: 34
2026-02-01 11:26:19,799 - __main__ - INFO - Page 13: 34 cartes trouvées
2026-02-01 11:26:20,143 - __main__ - INFO - ✅ PAGE 13: 30 annonces valides, 4 invalides
2026-02-01 11:26:20,209 - __main__ - INFO - ✅ Page 13: 30 annonces trouvées
2026-02-01 11:26:20,210 - __main__ - INFO - 🔍 Extraction des détails pour 30 annonces...
2026-02-01 11:26:35,234 - __main__ - INFO -   📊 Détails: 5/30 (17%)
2026-02-01 11:26:49,536 - __main__ - INFO -   📊 Détails: 10/30 (33%)
2026-02-01 11:27:04,956 - __main__ - INFO -   📊 Détails: 15/30 (50%)
2026-02-01 11:27:18,808 - __main__ - INFO -   📊 Détails: 20/30 (67%)
2026-02-01 11:27:33,754 - __main__ - INFO -   📊 Détails: 25/30 (83%)
2026-02-01 11:27:48,516 - __main__ - INFO -   📊 Détails: 30/30 (100%)
2026-02-01 11:27:48,823 - __main__ - INFO - 📈 La Marsa: 402/2295 annonces accumulées
2026-02-01 11:27:48,828 - __main__ - INFO - ⏳ Pause de 2s avant page 14...
2026-02-01 11:27:50,830 - __main__ - INFO - 📄 SCRAPING PAGE 14: https://www.mubawab.tn/fr/st/la-marsa/appartements-a-louer:p:14
2026-02-01 11:27:53,143 - __main__ - INFO - Total cartes uniques trouvées: 34
2026-02-01 11:27:53,145 - __main__ - INFO - Page 14: 34 cartes trouvées
2026-02-01 11:27:53,456 - __main__ - INFO - ✅ PAGE 14: 32 annonces valides, 2 invalides
2026-02-01 11:27:53,519 - __main__ - INFO - ✅ Page 14: 32 annonces trouvées
2026-02-01 11:27:53,520 - __main__ - INFO - 🔍 Extraction des détails pour 32 annonces...
2026-02-01 11:28:07,923 - __main__ - INFO -   📊 Détails: 5/32 (16%)
2026-02-01 11:28:22,194 - __main__ - INFO -   📊 Détails: 10/32 (31%)
2026-02-01 11:28:36,137 - __main__ - INFO -   📊 Détails: 15/32 (47%)
2026-02-01 11:28:50,370 - __main__ - INFO -   📊 Détails: 20/32 (62%)
2026-02-01 11:29:04,696 - __main__ - INFO -   📊 Détails: 25/32 (78%)
2026-02-01 11:29:19,872 - __main__ - INFO -   📊 Détails: 30/32 (94%)
2026-02-01 11:29:26,018 - __main__ - INFO -   📊 Détails: 32/32 (100%)
2026-02-01 11:29:26,319 - __main__ - INFO - 📈 La Marsa: 434/2295 annonces accumulées
2026-02-01 11:29:26,319 - __main__ - INFO - ⏳ Pause de 4s avant page 15...
2026-02-01 11:29:30,321 - __main__ - INFO - 📄 SCRAPING PAGE 15: https://www.mubawab.tn/fr/st/la-marsa/appartements-a-louer:p:15
2026-02-01 11:29:32,584 - __main__ - INFO - Total cartes uniques trouvées: 34
2026-02-01 11:29:32,584 - __main__ - INFO - Page 15: 34 cartes trouvées
2026-02-01 11:29:33,168 - __main__ - INFO - ✅ PAGE 15: 31 annonces valides, 3 invalides
2026-02-01 11:29:33,329 - __main__ - INFO - ✅ Page 15: 31 annonces trouvées
2026-02-01 11:29:33,330 - __main__ - INFO - 🔍 Extraction des détails pour 31 annonces...
2026-02-01 11:29:47,455 - __main__ - INFO -   📊 Détails: 5/31 (16%)
2026-02-01 11:30:03,696 - __main__ - INFO -   📊 Détails: 10/31 (32%)
2026-02-01 11:30:18,726 - __main__ - INFO -   📊 Détails: 15/31 (48%)
2026-02-01 11:30:33,263 - __main__ - INFO -   📊 Détails: 20/31 (65%)
2026-02-01 11:30:48,518 - __main__ - INFO -   📊 Détails: 25/31 (81%)
2026-02-01 11:31:03,960 - __main__ - INFO -   📊 Détails: 30/31 (97%)
2026-02-01 11:31:06,871 - __main__ - INFO -   📊 Détails: 31/31 (100%)
2026-02-01 11:31:07,176 - __main__ - INFO - 📈 La Marsa: 465/2295 annonces accumulées
2026-02-01 11:31:07,176 - __main__ - INFO - ⏳ Pause de 2s avant page 16...
2026-02-01 11:31:09,177 - __main__ - INFO - 📄 SCRAPING PAGE 16: https://www.mubawab.tn/fr/st/la-marsa/appartements-a-louer:p:16
2026-02-01 11:31:11,469 - __main__ - INFO - Total cartes uniques trouvées: 34
2026-02-01 11:31:11,469 - __main__ - INFO - Page 16: 34 cartes trouvées
2026-02-01 11:31:11,809 - __main__ - INFO - ✅ PAGE 16: 31 annonces valides, 3 invalides
2026-02-01 11:31:11,879 - __main__ - INFO - ✅ Page 16: 31 annonces trouvées
2026-02-01 11:31:11,889 - __main__ - INFO - 🔍 Extraction des détails pour 31 annonces...
2026-02-01 11:31:26,119 - __main__ - INFO -   📊 Détails: 5/31 (16%)
2026-02-01 11:31:40,901 - __main__ - INFO -   📊 Détails: 10/31 (32%)
2026-02-01 11:31:55,738 - __main__ - INFO -   📊 Détails: 15/31 (48%)
2026-02-01 11:32:11,448 - __main__ - INFO -   📊 Détails: 20/31 (65%)
2026-02-01 11:32:28,304 - __main__ - INFO -   📊 Détails: 25/31 (81%)
2026-02-01 11:32:44,791 - __main__ - INFO -   📊 Détails: 30/31 (97%)
2026-02-01 11:32:48,364 - __main__ - INFO -   📊 Détails: 31/31 (100%)
2026-02-01 11:32:48,666 - __main__ - INFO - 📈 La Marsa: 496/2295 annonces accumulées
2026-02-01 11:32:48,666 - __main__ - INFO - ⏳ Pause de 2s avant page 17...
2026-02-01 11:32:50,667 - __main__ - INFO - 📄 SCRAPING PAGE 17: https://www.mubawab.tn/fr/st/la-marsa/appartements-a-louer:p:17
2026-02-01 11:32:53,247 - __main__ - INFO - Total cartes uniques trouvées: 34
2026-02-01 11:32:53,247 - __main__ - INFO - Page 17: 34 cartes trouvées
2026-02-01 11:32:53,630 - __main__ - INFO - ✅ PAGE 17: 28 annonces valides, 6 invalides
2026-02-01 11:32:53,706 - __main__ - INFO - ✅ Page 17: 28 annonces trouvées
2026-02-01 11:32:53,707 - __main__ - INFO - 🔍 Extraction des détails pour 28 annonces...
2026-02-01 11:33:09,008 - __main__ - INFO -   📊 Détails: 5/28 (18%)
2026-02-01 11:33:26,489 - __main__ - INFO -   📊 Détails: 10/28 (36%)
2026-02-01 11:33:43,194 - __main__ - INFO -   📊 Détails: 15/28 (54%)
2026-02-01 11:33:59,346 - __main__ - INFO -   📊 Détails: 20/28 (71%)
2026-02-01 11:34:15,250 - __main__ - INFO -   📊 Détails: 25/28 (89%)
2026-02-01 11:34:24,106 - __main__ - INFO -   📊 Détails: 28/28 (100%)
2026-02-01 11:34:24,407 - __main__ - INFO - 📈 La Marsa: 524/2295 annonces accumulées
2026-02-01 11:34:24,407 - __main__ - INFO - ⏳ Pause de 2s avant page 18...
2026-02-01 11:34:26,409 - __main__ - INFO - 📄 SCRAPING PAGE 18: https://www.mubawab.tn/fr/st/la-marsa/appartements-a-louer:p:18
2026-02-01 11:34:29,032 - __main__ - INFO - Total cartes uniques trouvées: 34
2026-02-01 11:34:29,032 - __main__ - INFO - Page 18: 34 cartes trouvées
2026-02-01 11:34:29,390 - __main__ - INFO - ✅ PAGE 18: 29 annonces valides, 5 invalides
2026-02-01 11:34:29,467 - __main__ - INFO - ✅ Page 18: 29 annonces trouvées
2026-02-01 11:34:29,467 - __main__ - INFO - 🔍 Extraction des détails pour 29 annonces...
2026-02-01 11:34:44,358 - __main__ - INFO -   📊 Détails: 5/29 (17%)
2026-02-01 11:34:59,432 - __main__ - INFO -   📊 Détails: 10/29 (34%)
2026-02-01 11:35:14,957 - __main__ - INFO -   📊 Détails: 15/29 (52%)
2026-02-01 11:35:32,064 - __main__ - INFO -   📊 Détails: 20/29 (69%)
2026-02-01 11:35:47,607 - __main__ - INFO -   📊 Détails: 25/29 (86%)
2026-02-01 11:35:59,092 - __main__ - INFO -   📊 Détails: 29/29 (100%)
2026-02-01 11:35:59,395 - __main__ - INFO - 📈 La Marsa: 553/2295 annonces accumulées
2026-02-01 11:35:59,395 - __main__ - INFO - ⏳ Pause de 2s avant page 19...
2026-02-01 11:36:01,397 - __main__ - INFO - 📄 SCRAPING PAGE 19: https://www.mubawab.tn/fr/st/la-marsa/appartements-a-louer:p:19
2026-02-01 11:36:03,656 - __main__ - INFO - Total cartes uniques trouvées: 34
2026-02-01 11:36:03,656 - __main__ - INFO - Page 19: 34 cartes trouvées
2026-02-01 11:36:03,952 - __main__ - INFO - ✅ PAGE 19: 31 annonces valides, 3 invalides
2026-02-01 11:36:04,012 - __main__ - INFO - ✅ Page 19: 31 annonces trouvées
2026-02-01 11:36:04,012 - __main__ - INFO - 🔍 Extraction des détails pour 31 annonces...
2026-02-01 11:36:20,062 - __main__ - INFO -   📊 Détails: 5/31 (16%)
2026-02-01 11:36:36,051 - __main__ - INFO -   📊 Détails: 10/31 (32%)
2026-02-01 11:36:51,619 - __main__ - INFO -   📊 Détails: 15/31 (48%)
2026-02-01 11:37:06,189 - __main__ - INFO -   📊 Détails: 20/31 (65%)
2026-02-01 11:37:21,514 - __main__ - INFO -   📊 Détails: 25/31 (81%)
2026-02-01 11:37:39,877 - __main__ - INFO -   📊 Détails: 30/31 (97%)
2026-02-01 11:37:42,873 - __main__ - INFO -   📊 Détails: 31/31 (100%)
2026-02-01 11:37:43,174 - __main__ - INFO - 📈 La Marsa: 584/2295 annonces accumulées
2026-02-01 11:37:43,174 - __main__ - INFO - ⏳ Pause de 4s avant page 20...
2026-02-01 11:37:47,236 - __main__ - INFO - 📄 SCRAPING PAGE 20: https://www.mubawab.tn/fr/st/la-marsa/appartements-a-louer:p:20
2026-02-01 11:37:49,395 - __main__ - INFO - Total cartes uniques trouvées: 34
2026-02-01 11:37:49,395 - __main__ - INFO - Page 20: 34 cartes trouvées
2026-02-01 11:37:49,712 - __main__ - INFO - ✅ PAGE 20: 30 annonces valides, 4 invalides
2026-02-01 11:37:49,779 - __main__ - INFO - ✅ Page 20: 30 annonces trouvées
2026-02-01 11:37:49,779 - __main__ - INFO - 🔍 Extraction des détails pour 30 annonces...
2026-02-01 11:38:04,491 - __main__ - INFO -   📊 Détails: 5/30 (17%)
2026-02-01 11:38:18,675 - __main__ - INFO -   📊 Détails: 10/30 (33%)
2026-02-01 11:38:33,375 - __main__ - INFO -   📊 Détails: 15/30 (50%)
2026-02-01 11:38:48,111 - __main__ - INFO -   📊 Détails: 20/30 (67%)
2026-02-01 11:39:02,943 - __main__ - INFO -   📊 Détails: 25/30 (83%)
2026-02-01 11:39:17,110 - __main__ - INFO -   📊 Détails: 30/30 (100%)
2026-02-01 11:39:17,412 - __main__ - INFO - 📈 La Marsa: 614/2295 annonces accumulées
2026-02-01 11:39:17,412 - __main__ - INFO - ⏳ Pause de 2s avant page 21...
2026-02-01 11:39:19,414 - __main__ - INFO - 📄 SCRAPING PAGE 21: https://www.mubawab.tn/fr/st/la-marsa/appartements-a-louer:p:21
2026-02-01 11:39:21,582 - __main__ - INFO - Total cartes uniques trouvées: 34
2026-02-01 11:39:21,582 - __main__ - INFO - Page 21: 34 cartes trouvées
2026-02-01 11:39:21,898 - __main__ - INFO - ✅ PAGE 21: 30 annonces valides, 4 invalides
2026-02-01 11:39:21,967 - __main__ - INFO - ✅ Page 21: 30 annonces trouvées
2026-02-01 11:39:21,967 - __main__ - INFO - 🔍 Extraction des détails pour 30 annonces...
2026-02-01 11:39:36,827 - __main__ - INFO -   📊 Détails: 5/30 (17%)
2026-02-01 11:39:54,053 - __main__ - INFO -   📊 Détails: 10/30 (33%)
2026-02-01 11:40:09,582 - __main__ - INFO -   📊 Détails: 15/30 (50%)
2026-02-01 11:40:24,805 - __main__ - INFO -   📊 Détails: 20/30 (67%)
2026-02-01 11:40:40,098 - __main__ - INFO -   📊 Détails: 25/30 (83%)
2026-02-01 11:40:55,618 - __main__ - INFO -   📊 Détails: 30/30 (100%)
2026-02-01 11:40:55,920 - __main__ - INFO - 📈 La Marsa: 644/2295 annonces accumulées
2026-02-01 11:40:55,921 - __main__ - INFO - ⏳ Pause de 2s avant page 22...
2026-02-01 11:40:57,922 - __main__ - INFO - 📄 SCRAPING PAGE 22: https://www.mubawab.tn/fr/st/la-marsa/appartements-a-louer:p:22
2026-02-01 11:41:00,657 - __main__ - INFO - Total cartes uniques trouvées: 34
2026-02-01 11:41:00,658 - __main__ - INFO - Page 22: 34 cartes trouvées
2026-02-01 11:41:00,945 - __main__ - INFO - ✅ PAGE 22: 31 annonces valides, 3 invalides
2026-02-01 11:41:01,009 - __main__ - INFO - ✅ Page 22: 31 annonces trouvées
2026-02-01 11:41:01,010 - __main__ - INFO - 🔍 Extraction des détails pour 31 annonces...
2026-02-01 11:41:17,143 - __main__ - INFO -   📊 Détails: 5/31 (16%)
2026-02-01 11:41:32,663 - __main__ - INFO -   📊 Détails: 10/31 (32%)
2026-02-01 11:41:47,624 - __main__ - INFO -   📊 Détails: 15/31 (48%)
2026-02-01 11:42:02,356 - __main__ - INFO -   📊 Détails: 20/31 (65%)
2026-02-01 11:42:18,267 - __main__ - INFO -   📊 Détails: 25/31 (81%)
2026-02-01 11:42:33,277 - __main__ - INFO -   📊 Détails: 30/31 (97%)
2026-02-01 11:42:36,332 - __main__ - INFO -   📊 Détails: 31/31 (100%)
2026-02-01 11:42:36,633 - __main__ - INFO - 📈 La Marsa: 675/2295 annonces accumulées
2026-02-01 11:42:36,633 - __main__ - INFO - ⏳ Pause de 2s avant page 23...
2026-02-01 11:42:38,657 - __main__ - INFO - 📄 SCRAPING PAGE 23: https://www.mubawab.tn/fr/st/la-marsa/appartements-a-louer:p:23
2026-02-01 11:42:41,275 - __main__ - INFO - Total cartes uniques trouvées: 34
2026-02-01 11:42:41,275 - __main__ - INFO - Page 23: 34 cartes trouvées
2026-02-01 11:42:41,605 - __main__ - INFO - ✅ PAGE 23: 31 annonces valides, 3 invalides
2026-02-01 11:42:41,667 - __main__ - INFO - ✅ Page 23: 31 annonces trouvées
2026-02-01 11:42:41,674 - __main__ - INFO - 🔍 Extraction des détails pour 31 annonces...
2026-02-01 11:42:57,858 - __main__ - INFO -   📊 Détails: 5/31 (16%)
2026-02-01 11:43:12,858 - __main__ - INFO -   📊 Détails: 10/31 (32%)
2026-02-01 11:43:28,050 - __main__ - INFO -   📊 Détails: 15/31 (48%)
2026-02-01 11:43:42,546 - __main__ - INFO -   📊 Détails: 20/31 (65%)
2026-02-01 11:43:57,676 - __main__ - INFO -   📊 Détails: 25/31 (81%)
2026-02-01 11:44:13,278 - __main__ - INFO -   📊 Détails: 30/31 (97%)
2026-02-01 11:44:16,451 - __main__ - INFO -   📊 Détails: 31/31 (100%)
2026-02-01 11:44:16,753 - __main__ - INFO - 📈 La Marsa: 706/2295 annonces accumulées
2026-02-01 11:44:16,753 - __main__ - INFO - ⏳ Pause de 2s avant page 24...
2026-02-01 11:44:18,756 - __main__ - INFO - 📄 SCRAPING PAGE 24: https://www.mubawab.tn/fr/st/la-marsa/appartements-a-louer:p:24
2026-02-01 11:44:21,173 - __main__ - INFO - Total cartes uniques trouvées: 34
2026-02-01 11:44:21,174 - __main__ - INFO - Page 24: 34 cartes trouvées
2026-02-01 11:44:21,518 - __main__ - INFO - ✅ PAGE 24: 30 annonces valides, 4 invalides
2026-02-01 11:44:21,593 - __main__ - INFO - ✅ Page 24: 30 annonces trouvées
2026-02-01 11:44:21,593 - __main__ - INFO - 🔍 Extraction des détails pour 30 annonces...
2026-02-01 11:44:36,631 - __main__ - INFO -   📊 Détails: 5/30 (17%)
2026-02-01 11:44:52,205 - __main__ - INFO -   📊 Détails: 10/30 (33%)
2026-02-01 11:45:07,817 - __main__ - INFO -   📊 Détails: 15/30 (50%)
2026-02-01 11:45:21,757 - __main__ - INFO -   📊 Détails: 20/30 (67%)
2026-02-01 11:45:35,713 - __main__ - INFO -   📊 Détails: 25/30 (83%)
2026-02-01 11:45:50,245 - __main__ - INFO -   📊 Détails: 30/30 (100%)
2026-02-01 11:45:50,548 - __main__ - INFO - 📈 La Marsa: 736/2295 annonces accumulées
2026-02-01 11:45:50,548 - __main__ - INFO - ⏳ Pause de 4s avant page 25...
2026-02-01 11:45:54,550 - __main__ - INFO - 📄 SCRAPING PAGE 25: https://www.mubawab.tn/fr/st/la-marsa/appartements-a-louer:p:25
2026-02-01 11:45:56,793 - __main__ - INFO - Total cartes uniques trouvées: 34
2026-02-01 11:45:56,794 - __main__ - INFO - Page 25: 34 cartes trouvées
2026-02-01 11:45:57,198 - __main__ - INFO - ✅ PAGE 25: 30 annonces valides, 4 invalides
2026-02-01 11:45:57,699 - __main__ - INFO - ✅ Page 25: 30 annonces trouvées
2026-02-01 11:45:57,706 - __main__ - INFO - 🔍 Extraction des détails pour 30 annonces...
2026-02-01 11:46:11,447 - __main__ - INFO -   📊 Détails: 5/30 (17%)
2026-02-01 11:46:26,221 - __main__ - INFO -   📊 Détails: 10/30 (33%)
2026-02-01 11:46:41,972 - __main__ - INFO -   📊 Détails: 15/30 (50%)
2026-02-01 11:46:56,224 - __main__ - INFO -   📊 Détails: 20/30 (67%)
2026-02-01 11:47:11,019 - __main__ - INFO -   📊 Détails: 25/30 (83%)
2026-02-01 11:47:26,848 - __main__ - INFO -   📊 Détails: 30/30 (100%)
2026-02-01 11:47:27,150 - __main__ - INFO - 📈 La Marsa: 766/2295 annonces accumulées
2026-02-01 11:47:27,150 - __main__ - INFO - ⏳ Pause de 2s avant page 26...
2026-02-01 11:47:29,151 - __main__ - INFO - 📄 SCRAPING PAGE 26: https://www.mubawab.tn/fr/st/la-marsa/appartements-a-louer:p:26
2026-02-01 11:47:31,519 - __main__ - INFO - Total cartes uniques trouvées: 34
2026-02-01 11:47:31,519 - __main__ - INFO - Page 26: 34 cartes trouvées
2026-02-01 11:47:31,831 - __main__ - INFO - ✅ PAGE 26: 32 annonces valides, 2 invalides
2026-02-01 11:47:31,942 - __main__ - INFO - ✅ Page 26: 32 annonces trouvées
2026-02-01 11:47:31,943 - __main__ - INFO - 🔍 Extraction des détails pour 32 annonces...
2026-02-01 11:47:47,090 - __main__ - INFO -   📊 Détails: 5/32 (16%)
2026-02-01 11:48:02,143 - __main__ - INFO -   📊 Détails: 10/32 (31%)
2026-02-01 11:48:18,787 - __main__ - INFO -   📊 Détails: 15/32 (47%)
2026-02-01 11:48:35,210 - __main__ - INFO -   📊 Détails: 20/32 (62%)
2026-02-01 11:48:52,454 - __main__ - INFO -   📊 Détails: 25/32 (78%)
2026-02-01 11:49:10,341 - __main__ - INFO -   📊 Détails: 30/32 (94%)
2026-02-01 11:49:17,396 - __main__ - INFO -   📊 Détails: 32/32 (100%)
2026-02-01 11:49:17,699 - __main__ - INFO - 📈 La Marsa: 798/2295 annonces accumulées
2026-02-01 11:49:17,699 - __main__ - INFO - ⏳ Pause de 2s avant page 27...
2026-02-01 11:49:19,702 - __main__ - INFO - 📄 SCRAPING PAGE 27: https://www.mubawab.tn/fr/st/la-marsa/appartements-a-louer:p:27
2026-02-01 11:49:22,432 - __main__ - INFO - Total cartes uniques trouvées: 34
2026-02-01 11:49:22,432 - __main__ - INFO - Page 27: 34 cartes trouvées
2026-02-01 11:49:22,703 - __main__ - INFO - ✅ PAGE 27: 30 annonces valides, 4 invalides
2026-02-01 11:49:22,772 - __main__ - INFO - ✅ Page 27: 30 annonces trouvées
2026-02-01 11:49:22,772 - __main__ - INFO - 🔍 Extraction des détails pour 30 annonces...
2026-02-01 11:49:39,682 - __main__ - INFO -   📊 Détails: 5/30 (17%)
2026-02-01 11:49:54,060 - __main__ - INFO -   📊 Détails: 10/30 (33%)
2026-02-01 11:50:10,250 - __main__ - INFO -   📊 Détails: 15/30 (50%)
2026-02-01 11:50:26,176 - __main__ - INFO -   📊 Détails: 20/30 (67%)
2026-02-01 11:50:41,262 - __main__ - INFO -   📊 Détails: 25/30 (83%)
2026-02-01 11:50:57,049 - __main__ - INFO -   📊 Détails: 30/30 (100%)
2026-02-01 11:50:57,351 - __main__ - INFO - 📈 La Marsa: 828/2295 annonces accumulées
2026-02-01 11:50:57,351 - __main__ - INFO - ⏳ Pause de 2s avant page 28...
2026-02-01 11:50:59,353 - __main__ - INFO - 📄 SCRAPING PAGE 28: https://www.mubawab.tn/fr/st/la-marsa/appartements-a-louer:p:28
2026-02-01 11:51:01,759 - __main__ - INFO - Total cartes uniques trouvées: 34
2026-02-01 11:51:01,759 - __main__ - INFO - Page 28: 34 cartes trouvées
2026-02-01 11:51:02,101 - __main__ - INFO - ✅ PAGE 28: 31 annonces valides, 3 invalides
2026-02-01 11:51:02,185 - __main__ - INFO - ✅ Page 28: 31 annonces trouvées
2026-02-01 11:51:02,186 - __main__ - INFO - 🔍 Extraction des détails pour 31 annonces...
2026-02-01 11:51:16,838 - __main__ - INFO -   📊 Détails: 5/31 (16%)
2026-02-01 11:51:33,237 - __main__ - INFO -   📊 Détails: 10/31 (32%)
2026-02-01 11:51:49,490 - __main__ - INFO -   📊 Détails: 15/31 (48%)
2026-02-01 11:52:05,440 - __main__ - INFO -   📊 Détails: 20/31 (65%)
2026-02-01 11:52:21,947 - __main__ - INFO -   📊 Détails: 25/31 (81%)
2026-02-01 11:52:38,430 - __main__ - INFO -   📊 Détails: 30/31 (97%)
2026-02-01 11:52:41,547 - __main__ - INFO -   📊 Détails: 31/31 (100%)
2026-02-01 11:52:41,851 - __main__ - INFO - 📈 La Marsa: 859/2295 annonces accumulées
2026-02-01 11:52:41,851 - __main__ - INFO - ⏳ Pause de 2s avant page 29...
2026-02-01 11:52:43,854 - __main__ - INFO - 📄 SCRAPING PAGE 29: https://www.mubawab.tn/fr/st/la-marsa/appartements-a-louer:p:29
2026-02-01 11:52:46,067 - __main__ - INFO - Total cartes uniques trouvées: 34
2026-02-01 11:52:46,068 - __main__ - INFO - Page 29: 34 cartes trouvées
2026-02-01 11:52:46,392 - __main__ - INFO - ✅ PAGE 29: 31 annonces valides, 3 invalides
2026-02-01 11:52:46,458 - __main__ - INFO - ✅ Page 29: 31 annonces trouvées
2026-02-01 11:52:46,458 - __main__ - INFO - 🔍 Extraction des détails pour 31 annonces...
2026-02-01 11:53:01,706 - __main__ - INFO -   📊 Détails: 5/31 (16%)
2026-02-01 11:53:17,634 - __main__ - INFO -   📊 Détails: 10/31 (32%)
2026-02-01 11:53:33,715 - __main__ - INFO -   📊 Détails: 15/31 (48%)
2026-02-01 11:53:49,889 - __main__ - INFO -   📊 Détails: 20/31 (65%)
2026-02-01 11:54:06,146 - __main__ - INFO -   📊 Détails: 25/31 (81%)
2026-02-01 11:54:22,742 - __main__ - INFO -   📊 Détails: 30/31 (97%)
2026-02-01 11:54:25,687 - __main__ - INFO -   📊 Détails: 31/31 (100%)
2026-02-01 11:54:25,992 - __main__ - INFO - 📈 La Marsa: 890/2295 annonces accumulées
2026-02-01 11:54:25,992 - __main__ - INFO - ⏳ Pause de 4s avant page 30...
2026-02-01 11:54:29,995 - __main__ - INFO - 📄 SCRAPING PAGE 30: https://www.mubawab.tn/fr/st/la-marsa/appartements-a-louer:p:30
2026-02-01 11:54:32,455 - __main__ - INFO - Total cartes uniques trouvées: 34
2026-02-01 11:54:32,455 - __main__ - INFO - Page 30: 34 cartes trouvées
2026-02-01 11:54:32,796 - __main__ - INFO - ✅ PAGE 30: 31 annonces valides, 3 invalides
2026-02-01 11:54:32,872 - __main__ - INFO - ✅ Page 30: 31 annonces trouvées
2026-02-01 11:54:32,872 - __main__ - INFO - 🔍 Extraction des détails pour 31 annonces...
2026-02-01 11:54:48,175 - __main__ - INFO -   📊 Détails: 5/31 (16%)
2026-02-01 11:55:05,340 - __main__ - INFO -   📊 Détails: 10/31 (32%)
2026-02-01 11:55:28,200 - __main__ - INFO -   📊 Détails: 15/31 (48%)
2026-02-01 11:55:48,363 - __main__ - INFO -   📊 Détails: 20/31 (65%)
2026-02-01 11:56:04,602 - __main__ - INFO -   📊 Détails: 25/31 (81%)
2026-02-01 11:56:21,478 - __main__ - INFO -   📊 Détails: 30/31 (97%)
2026-02-01 11:56:24,696 - __main__ - INFO -   📊 Détails: 31/31 (100%)
2026-02-01 11:56:24,999 - __main__ - INFO - 📈 La Marsa: 921/2295 annonces accumulées
2026-02-01 11:56:25,001 - __main__ - INFO - ⏳ Pause de 2s avant page 31...
2026-02-01 11:56:27,007 - __main__ - INFO - 📄 SCRAPING PAGE 31: https://www.mubawab.tn/fr/st/la-marsa/appartements-a-louer:p:31
2026-02-01 11:56:29,350 - __main__ - INFO - Total cartes uniques trouvées: 34
2026-02-01 11:56:29,351 - __main__ - INFO - Page 31: 34 cartes trouvées
2026-02-01 11:56:29,699 - __main__ - INFO - ✅ PAGE 31: 31 annonces valides, 3 invalides
2026-02-01 11:56:29,775 - __main__ - INFO - ✅ Page 31: 31 annonces trouvées
2026-02-01 11:56:29,776 - __main__ - INFO - 🔍 Extraction des détails pour 31 annonces...
2026-02-01 11:56:44,766 - __main__ - INFO -   📊 Détails: 5/31 (16%)
2026-02-01 11:56:59,898 - __main__ - INFO -   📊 Détails: 10/31 (32%)
2026-02-01 11:57:15,703 - __main__ - INFO -   📊 Détails: 15/31 (48%)
2026-02-01 11:57:32,048 - __main__ - INFO -   📊 Détails: 20/31 (65%)
2026-02-01 11:57:46,684 - __main__ - INFO -   📊 Détails: 25/31 (81%)
2026-02-01 11:58:00,962 - __main__ - INFO -   📊 Détails: 30/31 (97%)
2026-02-01 11:58:03,695 - __main__ - INFO -   📊 Détails: 31/31 (100%)
2026-02-01 11:58:04,000 - __main__ - INFO - 📈 La Marsa: 952/2295 annonces accumulées
2026-02-01 11:58:04,000 - __main__ - INFO - ⏳ Pause de 2s avant page 32...
2026-02-01 11:58:06,004 - __main__ - INFO - 📄 SCRAPING PAGE 32: https://www.mubawab.tn/fr/st/la-marsa/appartements-a-louer:p:32
2026-02-01 11:58:08,324 - __main__ - INFO - Total cartes uniques trouvées: 34
2026-02-01 11:58:08,326 - __main__ - INFO - Page 32: 34 cartes trouvées
2026-02-01 11:58:08,679 - __main__ - INFO - ✅ PAGE 32: 32 annonces valides, 2 invalides
2026-02-01 11:58:08,746 - __main__ - INFO - ✅ Page 32: 32 annonces trouvées
2026-02-01 11:58:08,748 - __main__ - INFO - 🔍 Extraction des détails pour 32 annonces...
2026-02-01 11:58:22,541 - __main__ - INFO -   📊 Détails: 5/32 (16%)
2026-02-01 11:58:37,201 - __main__ - INFO -   📊 Détails: 10/32 (31%)
2026-02-01 11:58:51,979 - __main__ - INFO -   📊 Détails: 15/32 (47%)
2026-02-01 11:59:06,816 - __main__ - INFO -   📊 Détails: 20/32 (62%)
2026-02-01 11:59:20,751 - __main__ - INFO -   📊 Détails: 25/32 (78%)
2026-02-01 11:59:34,621 - __main__ - INFO -   📊 Détails: 30/32 (94%)
2026-02-01 11:59:40,746 - __main__ - INFO -   📊 Détails: 32/32 (100%)
2026-02-01 11:59:41,048 - __main__ - INFO - 📈 La Marsa: 984/2295 annonces accumulées
2026-02-01 11:59:41,048 - __main__ - INFO - ⏳ Pause de 2s avant page 33...
2026-02-01 11:59:43,049 - __main__ - INFO - 📄 SCRAPING PAGE 33: https://www.mubawab.tn/fr/st/la-marsa/appartements-a-louer:p:33
2026-02-01 11:59:45,367 - __main__ - INFO - Total cartes uniques trouvées: 34
2026-02-01 11:59:45,368 - __main__ - INFO - Page 33: 34 cartes trouvées
2026-02-01 11:59:45,678 - __main__ - INFO - ✅ PAGE 33: 31 annonces valides, 3 invalides
2026-02-01 11:59:45,746 - __main__ - INFO - ✅ Page 33: 31 annonces trouvées
2026-02-01 11:59:45,747 - __main__ - INFO - 🔍 Extraction des détails pour 31 annonces...
2026-02-01 12:00:01,107 - __main__ - INFO -   📊 Détails: 5/31 (16%)
2026-02-01 12:00:15,521 - __main__ - INFO -   📊 Détails: 10/31 (32%)
2026-02-01 12:00:30,043 - __main__ - INFO -   📊 Détails: 15/31 (48%)
2026-02-01 12:00:44,465 - __main__ - INFO -   📊 Détails: 20/31 (65%)
2026-02-01 12:00:59,519 - __main__ - INFO -   📊 Détails: 25/31 (81%)
2026-02-01 12:01:14,450 - __main__ - INFO -   📊 Détails: 30/31 (97%)
2026-02-01 12:01:17,465 - __main__ - INFO -   📊 Détails: 31/31 (100%)
2026-02-01 12:01:17,776 - __main__ - INFO - 📈 La Marsa: 1015/2295 annonces accumulées
2026-02-01 12:01:17,777 - __main__ - INFO - ⏳ Pause de 2s avant page 34...
2026-02-01 12:01:19,779 - __main__ - INFO - 📄 SCRAPING PAGE 34: https://www.mubawab.tn/fr/st/la-marsa/appartements-a-louer:p:34
2026-02-01 12:01:21,834 - __main__ - INFO - Total cartes uniques trouvées: 34
2026-02-01 12:01:21,850 - __main__ - INFO - Page 34: 34 cartes trouvées
2026-02-01 12:01:22,162 - __main__ - INFO - ✅ PAGE 34: 30 annonces valides, 4 invalides
2026-02-01 12:01:22,230 - __main__ - INFO - ✅ Page 34: 30 annonces trouvées
2026-02-01 12:01:22,231 - __main__ - INFO - 🔍 Extraction des détails pour 30 annonces...
2026-02-01 12:01:36,471 - __main__ - INFO -   📊 Détails: 5/30 (17%)
2026-02-01 12:01:51,230 - __main__ - INFO -   📊 Détails: 10/30 (33%)
2026-02-01 12:02:06,550 - __main__ - INFO -   📊 Détails: 15/30 (50%)
2026-02-01 12:02:21,453 - __main__ - INFO -   📊 Détails: 20/30 (67%)
2026-02-01 12:02:35,572 - __main__ - INFO -   📊 Détails: 25/30 (83%)
2026-02-01 12:02:50,066 - __main__ - INFO -   📊 Détails: 30/30 (100%)
2026-02-01 12:02:50,373 - __main__ - INFO - 📈 La Marsa: 1045/2295 annonces accumulées
2026-02-01 12:02:50,373 - __main__ - INFO - ⏳ Pause de 4s avant page 35...
2026-02-01 12:02:54,375 - __main__ - INFO - 📄 SCRAPING PAGE 35: https://www.mubawab.tn/fr/st/la-marsa/appartements-a-louer:p:35
2026-02-01 12:02:56,435 - __main__ - INFO - Total cartes uniques trouvées: 34
2026-02-01 12:02:56,435 - __main__ - INFO - Page 35: 34 cartes trouvées
2026-02-01 12:02:56,751 - __main__ - INFO - ✅ PAGE 35: 32 annonces valides, 2 invalides
2026-02-01 12:02:56,848 - __main__ - INFO - ✅ Page 35: 32 annonces trouvées
2026-02-01 12:02:56,848 - __main__ - INFO - 🔍 Extraction des détails pour 32 annonces...
2026-02-01 12:03:11,217 - __main__ - INFO -   📊 Détails: 5/32 (16%)
2026-02-01 12:03:25,965 - __main__ - INFO -   📊 Détails: 10/32 (31%)
2026-02-01 12:03:39,926 - __main__ - INFO -   📊 Détails: 15/32 (47%)
2026-02-01 12:03:53,723 - __main__ - INFO -   📊 Détails: 20/32 (62%)
2026-02-01 12:04:08,433 - __main__ - INFO -   📊 Détails: 25/32 (78%)
2026-02-01 12:04:23,227 - __main__ - INFO -   📊 Détails: 30/32 (94%)
2026-02-01 12:04:29,248 - __main__ - INFO -   📊 Détails: 32/32 (100%)
2026-02-01 12:04:29,550 - __main__ - INFO - 📈 La Marsa: 1077/2295 annonces accumulées
2026-02-01 12:04:29,550 - __main__ - INFO - ⏳ Pause de 2s avant page 36...
2026-02-01 12:04:31,551 - __main__ - INFO - 📄 SCRAPING PAGE 36: https://www.mubawab.tn/fr/st/la-marsa/appartements-a-louer:p:36
2026-02-01 12:04:33,789 - __main__ - INFO - Total cartes uniques trouvées: 34
2026-02-01 12:04:33,790 - __main__ - INFO - Page 36: 34 cartes trouvées
2026-02-01 12:04:34,215 - __main__ - INFO - ✅ PAGE 36: 31 annonces valides, 3 invalides
2026-02-01 12:04:34,340 - __main__ - INFO - ✅ Page 36: 31 annonces trouvées
2026-02-01 12:04:34,343 - __main__ - INFO - 🔍 Extraction des détails pour 31 annonces...
2026-02-01 12:04:47,516 - __main__ - INFO -   📊 Détails: 5/31 (16%)
2026-02-01 12:05:02,872 - __main__ - INFO -   📊 Détails: 10/31 (32%)
2026-02-01 12:05:18,194 - __main__ - INFO -   📊 Détails: 15/31 (48%)
2026-02-01 12:05:33,470 - __main__ - INFO -   📊 Détails: 20/31 (65%)
2026-02-01 12:05:47,997 - __main__ - INFO -   📊 Détails: 25/31 (81%)
2026-02-01 12:06:02,726 - __main__ - INFO -   📊 Détails: 30/31 (97%)
2026-02-01 12:06:05,465 - __main__ - INFO -   📊 Détails: 31/31 (100%)
2026-02-01 12:06:05,766 - __main__ - INFO - 📈 La Marsa: 1108/2295 annonces accumulées
2026-02-01 12:06:05,766 - __main__ - INFO - ⏳ Pause de 2s avant page 37...
2026-02-01 12:06:07,768 - __main__ - INFO - 📄 SCRAPING PAGE 37: https://www.mubawab.tn/fr/st/la-marsa/appartements-a-louer:p:37
2026-02-01 12:06:10,211 - __main__ - INFO - Total cartes uniques trouvées: 34
2026-02-01 12:06:10,211 - __main__ - INFO - Page 37: 34 cartes trouvées
2026-02-01 12:06:10,509 - __main__ - INFO - ✅ PAGE 37: 30 annonces valides, 4 invalides
2026-02-01 12:06:10,572 - __main__ - INFO - ✅ Page 37: 30 annonces trouvées
2026-02-01 12:06:10,572 - __main__ - INFO - 🔍 Extraction des détails pour 30 annonces...
2026-02-01 12:06:25,533 - __main__ - INFO -   📊 Détails: 5/30 (17%)
2026-02-01 12:06:40,666 - __main__ - INFO -   📊 Détails: 10/30 (33%)
2026-02-01 12:06:56,004 - __main__ - INFO -   📊 Détails: 15/30 (50%)
2026-02-01 12:07:10,229 - __main__ - INFO -   📊 Détails: 20/30 (67%)
2026-02-01 12:07:29,137 - __main__ - INFO -   📊 Détails: 25/30 (83%)
2026-02-01 12:07:43,558 - __main__ - INFO -   📊 Détails: 30/30 (100%)
2026-02-01 12:07:43,859 - __main__ - INFO - 📈 La Marsa: 1138/2295 annonces accumulées
2026-02-01 12:07:43,859 - __main__ - INFO - ⏳ Pause de 2s avant page 38...
2026-02-01 12:07:45,861 - __main__ - INFO - 📄 SCRAPING PAGE 38: https://www.mubawab.tn/fr/st/la-marsa/appartements-a-louer:p:38
2026-02-01 12:07:48,018 - __main__ - INFO - Total cartes uniques trouvées: 34
2026-02-01 12:07:48,019 - __main__ - INFO - Page 38: 34 cartes trouvées
2026-02-01 12:07:48,348 - __main__ - INFO - ✅ PAGE 38: 32 annonces valides, 2 invalides
2026-02-01 12:07:48,431 - __main__ - INFO - ✅ Page 38: 32 annonces trouvées
2026-02-01 12:07:48,432 - __main__ - INFO - 🔍 Extraction des détails pour 32 annonces...
2026-02-01 12:08:02,020 - __main__ - INFO -   📊 Détails: 5/32 (16%)
2026-02-01 12:08:15,953 - __main__ - INFO -   📊 Détails: 10/32 (31%)
2026-02-01 12:08:30,130 - __main__ - INFO -   📊 Détails: 15/32 (47%)
2026-02-01 12:08:44,026 - __main__ - INFO -   📊 Détails: 20/32 (62%)
2026-02-01 12:08:58,384 - __main__ - INFO -   📊 Détails: 25/32 (78%)
2026-02-01 12:09:12,185 - __main__ - INFO -   📊 Détails: 30/32 (94%)
2026-02-01 12:09:17,879 - __main__ - INFO -   📊 Détails: 32/32 (100%)
2026-02-01 12:09:18,189 - __main__ - INFO - 📈 La Marsa: 1170/2295 annonces accumulées
2026-02-01 12:09:18,189 - __main__ - INFO - ⏳ Pause de 2s avant page 39...
2026-02-01 12:09:20,191 - __main__ - INFO - 📄 SCRAPING PAGE 39: https://www.mubawab.tn/fr/st/la-marsa/appartements-a-louer:p:39
2026-02-01 12:09:22,088 - __main__ - INFO - Total cartes uniques trouvées: 34
2026-02-01 12:09:22,088 - __main__ - INFO - Page 39: 34 cartes trouvées
2026-02-01 12:09:22,370 - __main__ - INFO - ✅ PAGE 39: 31 annonces valides, 3 invalides
2026-02-01 12:09:22,420 - __main__ - INFO - ✅ Page 39: 31 annonces trouvées
2026-02-01 12:09:22,436 - __main__ - INFO - 🔍 Extraction des détails pour 31 annonces...
2026-02-01 12:09:36,264 - __main__ - INFO -   📊 Détails: 5/31 (16%)
2026-02-01 12:09:49,844 - __main__ - INFO -   📊 Détails: 10/31 (32%)
2026-02-01 12:10:03,843 - __main__ - INFO -   📊 Détails: 15/31 (48%)
2026-02-01 12:10:18,003 - __main__ - INFO -   📊 Détails: 20/31 (65%)
2026-02-01 12:10:32,157 - __main__ - INFO -   📊 Détails: 25/31 (81%)
2026-02-01 12:10:46,082 - __main__ - INFO -   📊 Détails: 30/31 (97%)
2026-02-01 12:10:48,775 - __main__ - INFO -   📊 Détails: 31/31 (100%)
2026-02-01 12:10:49,082 - __main__ - INFO - 📈 La Marsa: 1201/2295 annonces accumulées
2026-02-01 12:10:49,082 - __main__ - INFO - ⏳ Pause de 4s avant page 40...
2026-02-01 12:10:53,084 - __main__ - INFO - 📄 SCRAPING PAGE 40: https://www.mubawab.tn/fr/st/la-marsa/appartements-a-louer:p:40
2026-02-01 12:10:55,385 - __main__ - INFO - Total cartes uniques trouvées: 34
2026-02-01 12:10:55,386 - __main__ - INFO - Page 40: 34 cartes trouvées
2026-02-01 12:10:55,685 - __main__ - INFO - ✅ PAGE 40: 32 annonces valides, 2 invalides
2026-02-01 12:10:55,750 - __main__ - INFO - ✅ Page 40: 32 annonces trouvées
2026-02-01 12:10:55,750 - __main__ - INFO - 🔍 Extraction des détails pour 32 annonces...
2026-02-01 12:11:09,466 - __main__ - INFO -   📊 Détails: 5/32 (16%)
2026-02-01 12:11:23,687 - __main__ - INFO -   📊 Détails: 10/32 (31%)
2026-02-01 12:11:37,666 - __main__ - INFO -   📊 Détails: 15/32 (47%)
2026-02-01 12:11:51,606 - __main__ - INFO -   📊 Détails: 20/32 (62%)
2026-02-01 12:12:05,582 - __main__ - INFO -   📊 Détails: 25/32 (78%)
2026-02-01 12:12:20,821 - __main__ - INFO -   📊 Détails: 30/32 (94%)
2026-02-01 12:12:27,727 - __main__ - INFO -   📊 Détails: 32/32 (100%)
2026-02-01 12:12:28,037 - __main__ - INFO - 📈 La Marsa: 1233/2295 annonces accumulées
2026-02-01 12:12:28,037 - __main__ - INFO - ⏳ Pause de 2s avant page 41...
2026-02-01 12:12:30,039 - __main__ - INFO - 📄 SCRAPING PAGE 41: https://www.mubawab.tn/fr/st/la-marsa/appartements-a-louer:p:41
2026-02-01 12:12:32,880 - __main__ - INFO - Total cartes uniques trouvées: 34
2026-02-01 12:12:32,881 - __main__ - INFO - Page 41: 34 cartes trouvées
2026-02-01 12:12:33,197 - __main__ - INFO - ✅ PAGE 41: 32 annonces valides, 2 invalides
2026-02-01 12:12:33,252 - __main__ - INFO - ✅ Page 41: 32 annonces trouvées
2026-02-01 12:12:33,252 - __main__ - INFO - 🔍 Extraction des détails pour 32 annonces...
2026-02-01 12:12:52,369 - __main__ - INFO -   📊 Détails: 5/32 (16%)
2026-02-01 12:13:15,159 - __main__ - INFO -   📊 Détails: 10/32 (31%)
2026-02-01 12:13:31,841 - __main__ - INFO -   📊 Détails: 15/32 (47%)
2026-02-01 12:13:47,950 - __main__ - INFO -   📊 Détails: 20/32 (62%)
2026-02-01 12:14:05,897 - __main__ - INFO -   📊 Détails: 25/32 (78%)
2026-02-01 12:14:21,690 - __main__ - INFO -   📊 Détails: 30/32 (94%)
2026-02-01 12:14:27,753 - __main__ - INFO -   📊 Détails: 32/32 (100%)
2026-02-01 12:14:28,059 - __main__ - INFO - 📈 La Marsa: 1265/2295 annonces accumulées
2026-02-01 12:14:28,059 - __main__ - INFO - ⏳ Pause de 2s avant page 42...
2026-02-01 12:14:30,061 - __main__ - INFO - 📄 SCRAPING PAGE 42: https://www.mubawab.tn/fr/st/la-marsa/appartements-a-louer:p:42
2026-02-01 12:14:32,819 - __main__ - INFO - Total cartes uniques trouvées: 34
2026-02-01 12:14:32,819 - __main__ - INFO - Page 42: 34 cartes trouvées
2026-02-01 12:14:33,124 - __main__ - INFO - ✅ PAGE 42: 31 annonces valides, 3 invalides
2026-02-01 12:14:33,187 - __main__ - INFO - ✅ Page 42: 31 annonces trouvées
2026-02-01 12:14:33,188 - __main__ - INFO - 🔍 Extraction des détails pour 31 annonces...
2026-02-01 12:14:48,707 - __main__ - INFO -   📊 Détails: 5/31 (16%)
2026-02-01 12:15:03,730 - __main__ - INFO -   📊 Détails: 10/31 (32%)
2026-02-01 12:15:20,018 - __main__ - INFO -   📊 Détails: 15/31 (48%)
2026-02-01 12:15:35,550 - __main__ - INFO -   📊 Détails: 20/31 (65%)
2026-02-01 12:15:50,470 - __main__ - INFO -   📊 Détails: 25/31 (81%)
2026-02-01 12:16:05,786 - __main__ - INFO -   📊 Détails: 30/31 (97%)
2026-02-01 12:16:08,565 - __main__ - INFO -   📊 Détails: 31/31 (100%)
2026-02-01 12:16:08,866 - __main__ - INFO - 📈 La Marsa: 1296/2295 annonces accumulées
2026-02-01 12:16:08,866 - __main__ - INFO - ⏳ Pause de 2s avant page 43...
2026-02-01 12:16:10,871 - __main__ - INFO - 📄 SCRAPING PAGE 43: https://www.mubawab.tn/fr/st/la-marsa/appartements-a-louer:p:43
2026-02-01 12:16:13,116 - __main__ - INFO - Total cartes uniques trouvées: 34
2026-02-01 12:16:13,118 - __main__ - INFO - Page 43: 34 cartes trouvées
2026-02-01 12:16:13,443 - __main__ - INFO - ✅ PAGE 43: 30 annonces valides, 4 invalides
2026-02-01 12:16:13,522 - __main__ - INFO - ✅ Page 43: 30 annonces trouvées
2026-02-01 12:16:13,523 - __main__ - INFO - 🔍 Extraction des détails pour 30 annonces...
2026-02-01 12:16:28,795 - __main__ - INFO -   📊 Détails: 5/30 (17%)
2026-02-01 12:16:43,670 - __main__ - INFO -   📊 Détails: 10/30 (33%)
2026-02-01 12:17:00,281 - __main__ - INFO -   📊 Détails: 15/30 (50%)
2026-02-01 12:17:16,464 - __main__ - INFO -   📊 Détails: 20/30 (67%)
2026-02-01 12:17:30,708 - __main__ - INFO -   📊 Détails: 25/30 (83%)
2026-02-01 12:17:45,281 - __main__ - INFO -   📊 Détails: 30/30 (100%)
2026-02-01 12:17:45,591 - __main__ - INFO - 📈 La Marsa: 1326/2295 annonces accumulées
2026-02-01 12:17:45,591 - __main__ - INFO - ⏳ Pause de 2s avant page 44...
2026-02-01 12:17:47,595 - __main__ - INFO - 📄 SCRAPING PAGE 44: https://www.mubawab.tn/fr/st/la-marsa/appartements-a-louer:p:44
2026-02-01 12:17:50,127 - __main__ - INFO - Total cartes uniques trouvées: 34
2026-02-01 12:17:50,129 - __main__ - INFO - Page 44: 34 cartes trouvées
2026-02-01 12:17:50,827 - __main__ - INFO - ✅ PAGE 44: 32 annonces valides, 2 invalides
2026-02-01 12:17:51,008 - __main__ - INFO - ✅ Page 44: 32 annonces trouvées
2026-02-01 12:17:51,016 - __main__ - INFO - 🔍 Extraction des détails pour 32 annonces...
2026-02-01 12:18:06,230 - __main__ - INFO -   📊 Détails: 5/32 (16%)
2026-02-01 12:18:21,316 - __main__ - INFO -   📊 Détails: 10/32 (31%)
2026-02-01 12:18:37,426 - __main__ - INFO -   📊 Détails: 15/32 (47%)
2026-02-01 12:18:51,231 - __main__ - INFO -   📊 Détails: 20/32 (62%)
2026-02-01 12:19:07,333 - __main__ - INFO -   📊 Détails: 25/32 (78%)
2026-02-01 12:19:23,405 - __main__ - INFO -   📊 Détails: 30/32 (94%)
2026-02-01 12:19:29,233 - __main__ - INFO -   📊 Détails: 32/32 (100%)
2026-02-01 12:19:29,534 - __main__ - INFO - 📈 La Marsa: 1358/2295 annonces accumulées
2026-02-01 12:19:29,534 - __main__ - INFO - ⏳ Pause de 4s avant page 45...
2026-02-01 12:19:33,536 - __main__ - INFO - 📄 SCRAPING PAGE 45: https://www.mubawab.tn/fr/st/la-marsa/appartements-a-louer:p:45
2026-02-01 12:19:35,960 - __main__ - INFO - Total cartes uniques trouvées: 34
2026-02-01 12:19:35,961 - __main__ - INFO - Page 45: 34 cartes trouvées
2026-02-01 12:19:36,238 - __main__ - INFO - ✅ PAGE 45: 32 annonces valides, 2 invalides
2026-02-01 12:19:36,301 - __main__ - INFO - ✅ Page 45: 32 annonces trouvées
2026-02-01 12:19:36,301 - __main__ - INFO - 🔍 Extraction des détails pour 32 annonces...
2026-02-01 12:19:50,931 - __main__ - INFO -   📊 Détails: 5/32 (16%)
2026-02-01 12:20:05,896 - __main__ - INFO -   📊 Détails: 10/32 (31%)
2026-02-01 12:20:21,696 - __main__ - INFO -   📊 Détails: 15/32 (47%)
2026-02-01 12:20:36,534 - __main__ - INFO -   📊 Détails: 20/32 (62%)
2026-02-01 12:20:51,277 - __main__ - INFO -   📊 Détails: 25/32 (78%)
2026-02-01 12:21:05,282 - __main__ - INFO -   📊 Détails: 30/32 (94%)
2026-02-01 12:21:11,034 - __main__ - INFO -   📊 Détails: 32/32 (100%)
2026-02-01 12:21:11,338 - __main__ - INFO - 📈 La Marsa: 1390/2295 annonces accumulées
2026-02-01 12:21:11,341 - __main__ - INFO - ⏳ Pause de 2s avant page 46...
2026-02-01 12:21:13,343 - __main__ - INFO - 📄 SCRAPING PAGE 46: https://www.mubawab.tn/fr/st/la-marsa/appartements-a-louer:p:46
2026-02-01 12:21:15,594 - __main__ - INFO - Total cartes uniques trouvées: 34
2026-02-01 12:21:15,594 - __main__ - INFO - Page 46: 34 cartes trouvées
2026-02-01 12:21:15,874 - __main__ - INFO - ✅ PAGE 46: 30 annonces valides, 4 invalides
2026-02-01 12:21:15,937 - __main__ - INFO - ✅ Page 46: 30 annonces trouvées
2026-02-01 12:21:15,937 - __main__ - INFO - 🔍 Extraction des détails pour 30 annonces...
2026-02-01 12:21:29,640 - __main__ - INFO -   📊 Détails: 5/30 (17%)
2026-02-01 12:21:43,498 - __main__ - INFO -   📊 Détails: 10/30 (33%)
2026-02-01 12:21:57,996 - __main__ - INFO -   📊 Détails: 15/30 (50%)
2026-02-01 12:22:11,732 - __main__ - INFO -   📊 Détails: 20/30 (67%)
2026-02-01 12:22:26,200 - __main__ - INFO -   📊 Détails: 25/30 (83%)
2026-02-01 12:22:40,211 - __main__ - INFO -   📊 Détails: 30/30 (100%)
2026-02-01 12:22:40,514 - __main__ - INFO - 📈 La Marsa: 1420/2295 annonces accumulées
2026-02-01 12:22:40,514 - __main__ - INFO - ⏳ Pause de 2s avant page 47...
2026-02-01 12:22:42,516 - __main__ - INFO - 📄 SCRAPING PAGE 47: https://www.mubawab.tn/fr/st/la-marsa/appartements-a-louer:p:47
2026-02-01 12:22:44,746 - __main__ - INFO - Total cartes uniques trouvées: 34
2026-02-01 12:22:44,746 - __main__ - INFO - Page 47: 34 cartes trouvées
2026-02-01 12:22:45,042 - __main__ - INFO - ✅ PAGE 47: 32 annonces valides, 2 invalides
2026-02-01 12:22:45,114 - __main__ - INFO - ✅ Page 47: 32 annonces trouvées
2026-02-01 12:22:45,116 - __main__ - INFO - 🔍 Extraction des détails pour 32 annonces...
2026-02-01 12:22:58,625 - __main__ - INFO -   📊 Détails: 5/32 (16%)
2026-02-01 12:23:12,449 - __main__ - INFO -   📊 Détails: 10/32 (31%)
2026-02-01 12:23:26,198 - __main__ - INFO -   📊 Détails: 15/32 (47%)
2026-02-01 12:23:39,937 - __main__ - INFO -   📊 Détails: 20/32 (62%)
2026-02-01 12:23:54,015 - __main__ - INFO -   📊 Détails: 25/32 (78%)
2026-02-01 12:24:08,342 - __main__ - INFO -   📊 Détails: 30/32 (94%)
2026-02-01 12:24:14,066 - __main__ - INFO -   📊 Détails: 32/32 (100%)
2026-02-01 12:24:14,368 - __main__ - INFO - 📈 La Marsa: 1452/2295 annonces accumulées
2026-02-01 12:24:14,368 - __main__ - INFO - ⏳ Pause de 2s avant page 48...
2026-02-01 12:24:16,370 - __main__ - INFO - 📄 SCRAPING PAGE 48: https://www.mubawab.tn/fr/st/la-marsa/appartements-a-louer:p:48
2026-02-01 12:24:18,873 - __main__ - INFO - Total cartes uniques trouvées: 34
2026-02-01 12:24:18,875 - __main__ - INFO - Page 48: 34 cartes trouvées
2026-02-01 12:24:19,180 - __main__ - INFO - ✅ PAGE 48: 31 annonces valides, 3 invalides
2026-02-01 12:24:19,255 - __main__ - INFO - ✅ Page 48: 31 annonces trouvées
2026-02-01 12:24:19,256 - __main__ - INFO - 🔍 Extraction des détails pour 31 annonces...
2026-02-01 12:24:33,334 - __main__ - INFO -   📊 Détails: 5/31 (16%)
2026-02-01 12:24:47,190 - __main__ - INFO -   📊 Détails: 10/31 (32%)
2026-02-01 12:25:02,567 - __main__ - INFO -   📊 Détails: 15/31 (48%)
2026-02-01 12:25:18,436 - __main__ - INFO -   📊 Détails: 20/31 (65%)
2026-02-01 12:25:34,112 - __main__ - INFO -   📊 Détails: 25/31 (81%)
2026-02-01 12:25:49,054 - __main__ - INFO -   📊 Détails: 30/31 (97%)
2026-02-01 12:25:52,458 - __main__ - INFO -   📊 Détails: 31/31 (100%)
2026-02-01 12:25:52,759 - __main__ - INFO - 📈 La Marsa: 1483/2295 annonces accumulées
2026-02-01 12:25:52,760 - __main__ - INFO - ⏳ Pause de 2s avant page 49...
2026-02-01 12:25:54,761 - __main__ - INFO - 📄 SCRAPING PAGE 49: https://www.mubawab.tn/fr/st/la-marsa/appartements-a-louer:p:49
2026-02-01 12:25:56,880 - __main__ - INFO - Total cartes uniques trouvées: 34
2026-02-01 12:25:56,881 - __main__ - INFO - Page 49: 34 cartes trouvées
2026-02-01 12:25:57,210 - __main__ - INFO - ✅ PAGE 49: 31 annonces valides, 3 invalides
2026-02-01 12:25:57,286 - __main__ - INFO - ✅ Page 49: 31 annonces trouvées
2026-02-01 12:25:57,287 - __main__ - INFO - 🔍 Extraction des détails pour 31 annonces...
2026-02-01 12:26:12,073 - __main__ - INFO -   📊 Détails: 5/31 (16%)
2026-02-01 12:26:29,315 - __main__ - INFO -   📊 Détails: 10/31 (32%)
2026-02-01 12:26:43,797 - __main__ - INFO -   📊 Détails: 15/31 (48%)
2026-02-01 12:26:57,970 - __main__ - INFO -   📊 Détails: 20/31 (65%)
2026-02-01 12:27:11,762 - __main__ - INFO -   📊 Détails: 25/31 (81%)
2026-02-01 12:27:25,829 - __main__ - INFO -   📊 Détails: 30/31 (97%)
2026-02-01 12:27:28,767 - __main__ - INFO -   📊 Détails: 31/31 (100%)
2026-02-01 12:27:29,068 - __main__ - INFO - 📈 La Marsa: 1514/2295 annonces accumulées
2026-02-01 12:27:29,068 - __main__ - INFO - ⏳ Pause de 4s avant page 50...
2026-02-01 12:27:33,070 - __main__ - INFO - 📄 SCRAPING PAGE 50: https://www.mubawab.tn/fr/st/la-marsa/appartements-a-louer:p:50
2026-02-01 12:27:35,074 - __main__ - INFO - Total cartes uniques trouvées: 34
2026-02-01 12:27:35,074 - __main__ - INFO - Page 50: 34 cartes trouvées
2026-02-01 12:27:35,359 - __main__ - INFO - ✅ PAGE 50: 30 annonces valides, 4 invalides
2026-02-01 12:27:35,427 - __main__ - INFO - ✅ Page 50: 30 annonces trouvées
2026-02-01 12:27:35,428 - __main__ - INFO - 🔍 Extraction des détails pour 30 annonces...
2026-02-01 12:27:48,898 - __main__ - INFO -   📊 Détails: 5/30 (17%)
2026-02-01 12:28:02,950 - __main__ - INFO -   📊 Détails: 10/30 (33%)
2026-02-01 12:28:16,924 - __main__ - INFO -   📊 Détails: 15/30 (50%)
2026-02-01 12:28:30,846 - __main__ - INFO -   📊 Détails: 20/30 (67%)
2026-02-01 12:28:44,728 - __main__ - INFO -   📊 Détails: 25/30 (83%)
2026-02-01 12:28:58,514 - __main__ - INFO -   📊 Détails: 30/30 (100%)
2026-02-01 12:28:58,828 - __main__ - INFO - 📈 La Marsa: 1544/2295 annonces accumulées
2026-02-01 12:28:58,828 - __main__ - INFO - ⏳ Pause de 2s avant page 51...
2026-02-01 12:29:00,830 - __main__ - INFO - 📄 SCRAPING PAGE 51: https://www.mubawab.tn/fr/st/la-marsa/appartements-a-louer:p:51
2026-02-01 12:29:02,818 - __main__ - INFO - Total cartes uniques trouvées: 34
2026-02-01 12:29:02,818 - __main__ - INFO - Page 51: 34 cartes trouvées
2026-02-01 12:29:03,070 - __main__ - INFO - ✅ PAGE 51: 30 annonces valides, 4 invalides
2026-02-01 12:29:03,142 - __main__ - INFO - ✅ Page 51: 30 annonces trouvées
2026-02-01 12:29:03,142 - __main__ - INFO - 🔍 Extraction des détails pour 30 annonces...
2026-02-01 12:29:16,471 - __main__ - INFO -   📊 Détails: 5/30 (17%)
2026-02-01 12:29:30,323 - __main__ - INFO -   📊 Détails: 10/30 (33%)
2026-02-01 12:29:44,361 - __main__ - INFO -   📊 Détails: 15/30 (50%)
2026-02-01 12:29:58,128 - __main__ - INFO -   📊 Détails: 20/30 (67%)
2026-02-01 12:30:12,343 - __main__ - INFO -   📊 Détails: 25/30 (83%)
2026-02-01 12:30:26,129 - __main__ - INFO -   📊 Détails: 30/30 (100%)
2026-02-01 12:30:26,436 - __main__ - INFO - 📈 La Marsa: 1574/2295 annonces accumulées
2026-02-01 12:30:26,436 - __main__ - INFO - ⏳ Pause de 2s avant page 52...
2026-02-01 12:30:28,438 - __main__ - INFO - 📄 SCRAPING PAGE 52: https://www.mubawab.tn/fr/st/la-marsa/appartements-a-louer:p:52
2026-02-01 12:30:30,444 - __main__ - INFO - Total cartes uniques trouvées: 34
2026-02-01 12:30:30,460 - __main__ - INFO - Page 52: 34 cartes trouvées
2026-02-01 12:30:30,731 - __main__ - INFO - ✅ PAGE 52: 32 annonces valides, 2 invalides
2026-02-01 12:30:30,792 - __main__ - INFO - ✅ Page 52: 32 annonces trouvées
2026-02-01 12:30:30,792 - __main__ - INFO - 🔍 Extraction des détails pour 32 annonces...
2026-02-01 12:30:44,307 - __main__ - INFO -   📊 Détails: 5/32 (16%)
2026-02-01 12:30:58,543 - __main__ - INFO -   📊 Détails: 10/32 (31%)
2026-02-01 12:31:12,548 - __main__ - INFO -   📊 Détails: 15/32 (47%)
2026-02-01 12:31:26,966 - __main__ - INFO -   📊 Détails: 20/32 (62%)
2026-02-01 12:31:41,622 - __main__ - INFO -   📊 Détails: 25/32 (78%)
2026-02-01 12:31:56,711 - __main__ - INFO -   📊 Détails: 30/32 (94%)
2026-02-01 12:32:03,246 - __main__ - INFO -   📊 Détails: 32/32 (100%)
2026-02-01 12:32:03,589 - __main__ - INFO - 📈 La Marsa: 1606/2295 annonces accumulées
2026-02-01 12:32:03,589 - __main__ - INFO - ⏳ Pause de 2s avant page 53...
2026-02-01 12:32:05,595 - __main__ - INFO - 📄 SCRAPING PAGE 53: https://www.mubawab.tn/fr/st/la-marsa/appartements-a-louer:p:53
2026-02-01 12:32:08,002 - __main__ - INFO - Total cartes uniques trouvées: 34
2026-02-01 12:32:08,003 - __main__ - INFO - Page 53: 34 cartes trouvées
2026-02-01 12:32:08,504 - __main__ - INFO - ✅ PAGE 53: 27 annonces valides, 7 invalides
2026-02-01 12:32:08,583 - __main__ - INFO - ✅ Page 53: 27 annonces trouvées
2026-02-01 12:32:08,583 - __main__ - INFO - 🔍 Extraction des détails pour 27 annonces...
2026-02-01 12:32:23,328 - __main__ - INFO -   📊 Détails: 5/27 (19%)
2026-02-01 12:32:37,517 - __main__ - INFO -   📊 Détails: 10/27 (37%)
2026-02-01 12:32:51,940 - __main__ - INFO -   📊 Détails: 15/27 (56%)
2026-02-01 12:33:07,050 - __main__ - INFO -   📊 Détails: 20/27 (74%)
2026-02-01 12:33:21,794 - __main__ - INFO -   📊 Détails: 25/27 (93%)
2026-02-01 12:33:27,689 - __main__ - INFO -   📊 Détails: 27/27 (100%)
2026-02-01 12:33:27,997 - __main__ - INFO - 📈 La Marsa: 1633/2295 annonces accumulées
2026-02-01 12:33:27,997 - __main__ - INFO - ⏳ Pause de 2s avant page 54...
2026-02-01 12:33:29,999 - __main__ - INFO - 📄 SCRAPING PAGE 54: https://www.mubawab.tn/fr/st/la-marsa/appartements-a-louer:p:54
2026-02-01 12:33:32,392 - __main__ - INFO - Total cartes uniques trouvées: 34
2026-02-01 12:33:32,399 - __main__ - INFO - Page 54: 34 cartes trouvées
2026-02-01 12:33:32,951 - __main__ - INFO - ✅ PAGE 54: 31 annonces valides, 3 invalides
2026-02-01 12:33:33,068 - __main__ - INFO - ✅ Page 54: 31 annonces trouvées
2026-02-01 12:33:33,070 - __main__ - INFO - 🔍 Extraction des détails pour 31 annonces...
2026-02-01 12:33:47,759 - __main__ - INFO -   📊 Détails: 5/31 (16%)
2026-02-01 12:34:01,990 - __main__ - INFO -   📊 Détails: 10/31 (32%)
2026-02-01 12:34:16,056 - __main__ - INFO -   📊 Détails: 15/31 (48%)
2026-02-01 12:34:31,250 - __main__ - INFO -   📊 Détails: 20/31 (65%)
2026-02-01 12:34:45,554 - __main__ - INFO -   📊 Détails: 25/31 (81%)
2026-02-01 12:34:59,599 - __main__ - INFO -   📊 Détails: 30/31 (97%)
2026-02-01 12:35:02,392 - __main__ - INFO -   📊 Détails: 31/31 (100%)
2026-02-01 12:35:02,693 - __main__ - INFO - 📈 La Marsa: 1664/2295 annonces accumulées
2026-02-01 12:35:02,693 - __main__ - INFO - ⏳ Pause de 4s avant page 55...
2026-02-01 12:35:06,695 - __main__ - INFO - 📄 SCRAPING PAGE 55: https://www.mubawab.tn/fr/st/la-marsa/appartements-a-louer:p:55
2026-02-01 12:35:08,805 - __main__ - INFO - Total cartes uniques trouvées: 34
2026-02-01 12:35:08,805 - __main__ - INFO - Page 55: 34 cartes trouvées
2026-02-01 12:35:09,127 - __main__ - INFO - ✅ PAGE 55: 28 annonces valides, 6 invalides
2026-02-01 12:35:09,200 - __main__ - INFO - ✅ Page 55: 28 annonces trouvées
2026-02-01 12:35:09,200 - __main__ - INFO - 🔍 Extraction des détails pour 28 annonces...
2026-02-01 12:35:23,122 - __main__ - INFO -   📊 Détails: 5/28 (18%)
2026-02-01 12:35:38,401 - __main__ - INFO -   📊 Détails: 10/28 (36%)
2026-02-01 12:35:52,620 - __main__ - INFO -   📊 Détails: 15/28 (54%)
2026-02-01 12:36:06,978 - __main__ - INFO -   📊 Détails: 20/28 (71%)
2026-02-01 12:36:21,582 - __main__ - INFO -   📊 Détails: 25/28 (89%)
2026-02-01 12:36:30,324 - __main__ - INFO -   📊 Détails: 28/28 (100%)
2026-02-01 12:36:30,627 - __main__ - INFO - 📈 La Marsa: 1692/2295 annonces accumulées
2026-02-01 12:36:30,627 - __main__ - INFO - ⏳ Pause de 2s avant page 56...
2026-02-01 12:36:32,629 - __main__ - INFO - 📄 SCRAPING PAGE 56: https://www.mubawab.tn/fr/st/la-marsa/appartements-a-louer:p:56
2026-02-01 12:36:34,832 - __main__ - INFO - Total cartes uniques trouvées: 34
2026-02-01 12:36:34,833 - __main__ - INFO - Page 56: 34 cartes trouvées
2026-02-01 12:36:35,165 - __main__ - INFO - ✅ PAGE 56: 29 annonces valides, 5 invalides
2026-02-01 12:36:35,235 - __main__ - INFO - ✅ Page 56: 29 annonces trouvées
2026-02-01 12:36:35,236 - __main__ - INFO - 🔍 Extraction des détails pour 29 annonces...
2026-02-01 12:36:49,425 - __main__ - INFO -   📊 Détails: 5/29 (17%)
2026-02-01 12:37:03,785 - __main__ - INFO -   📊 Détails: 10/29 (34%)
2026-02-01 12:37:17,720 - __main__ - INFO -   📊 Détails: 15/29 (52%)
2026-02-01 12:37:32,054 - __main__ - INFO -   📊 Détails: 20/29 (69%)
2026-02-01 12:37:46,437 - __main__ - INFO -   📊 Détails: 25/29 (86%)
2026-02-01 12:37:57,973 - __main__ - INFO -   📊 Détails: 29/29 (100%)
2026-02-01 12:37:58,275 - __main__ - INFO - 📈 La Marsa: 1721/2295 annonces accumulées
2026-02-01 12:37:58,275 - __main__ - INFO - ⏳ Pause de 2s avant page 57...
2026-02-01 12:38:00,277 - __main__ - INFO - 📄 SCRAPING PAGE 57: https://www.mubawab.tn/fr/st/la-marsa/appartements-a-louer:p:57
2026-02-01 12:38:02,450 - __main__ - INFO - Total cartes uniques trouvées: 34
2026-02-01 12:38:02,450 - __main__ - INFO - Page 57: 34 cartes trouvées
2026-02-01 12:38:02,751 - __main__ - INFO - ✅ PAGE 57: 29 annonces valides, 5 invalides
2026-02-01 12:38:02,820 - __main__ - INFO - ✅ Page 57: 29 annonces trouvées
2026-02-01 12:38:02,821 - __main__ - INFO - 🔍 Extraction des détails pour 29 annonces...
2026-02-01 12:38:16,863 - __main__ - INFO -   📊 Détails: 5/29 (17%)
2026-02-01 12:38:30,944 - __main__ - INFO -   📊 Détails: 10/29 (34%)
2026-02-01 12:38:45,965 - __main__ - INFO -   📊 Détails: 15/29 (52%)
2026-02-01 12:38:59,865 - __main__ - INFO -   📊 Détails: 20/29 (69%)
2026-02-01 12:39:14,498 - __main__ - INFO -   📊 Détails: 25/29 (86%)
2026-02-01 12:39:26,636 - __main__ - INFO -   📊 Détails: 29/29 (100%)
2026-02-01 12:39:26,937 - __main__ - INFO - 📈 La Marsa: 1750/2295 annonces accumulées
2026-02-01 12:39:26,937 - __main__ - INFO - ⏳ Pause de 2s avant page 58...
2026-02-01 12:39:28,940 - __main__ - INFO - 📄 SCRAPING PAGE 58: https://www.mubawab.tn/fr/st/la-marsa/appartements-a-louer:p:58
2026-02-01 12:39:31,048 - __main__ - INFO - Total cartes uniques trouvées: 34
2026-02-01 12:39:31,048 - __main__ - INFO - Page 58: 34 cartes trouvées
2026-02-01 12:39:31,326 - __main__ - INFO - ✅ PAGE 58: 30 annonces valides, 4 invalides
2026-02-01 12:39:31,407 - __main__ - INFO - ✅ Page 58: 30 annonces trouvées
2026-02-01 12:39:31,407 - __main__ - INFO - 🔍 Extraction des détails pour 30 annonces...
2026-02-01 12:39:45,666 - __main__ - INFO -   📊 Détails: 5/30 (17%)
2026-02-01 12:40:00,600 - __main__ - INFO -   📊 Détails: 10/30 (33%)
2026-02-01 12:40:15,253 - __main__ - INFO -   📊 Détails: 15/30 (50%)
2026-02-01 12:40:31,363 - __main__ - INFO -   📊 Détails: 20/30 (67%)
2026-02-01 12:40:46,573 - __main__ - INFO -   📊 Détails: 25/30 (83%)
2026-02-01 12:41:02,255 - __main__ - INFO -   📊 Détails: 30/30 (100%)
2026-02-01 12:41:02,558 - __main__ - INFO - 📈 La Marsa: 1780/2295 annonces accumulées
2026-02-01 12:41:02,558 - __main__ - INFO - ⏳ Pause de 2s avant page 59...
2026-02-01 12:41:04,559 - __main__ - INFO - 📄 SCRAPING PAGE 59: https://www.mubawab.tn/fr/st/la-marsa/appartements-a-louer:p:59
2026-02-01 12:41:06,740 - __main__ - INFO - Total cartes uniques trouvées: 34
2026-02-01 12:41:06,741 - __main__ - INFO - Page 59: 34 cartes trouvées
2026-02-01 12:41:07,051 - __main__ - INFO - ✅ PAGE 59: 25 annonces valides, 9 invalides
2026-02-01 12:41:07,115 - __main__ - INFO - ✅ Page 59: 25 annonces trouvées
2026-02-01 12:41:07,115 - __main__ - INFO - 🔍 Extraction des détails pour 25 annonces...
2026-02-01 12:41:21,578 - __main__ - INFO -   📊 Détails: 5/25 (20%)
2026-02-01 12:41:36,718 - __main__ - INFO -   📊 Détails: 10/25 (40%)
2026-02-01 12:41:52,565 - __main__ - INFO -   📊 Détails: 15/25 (60%)
2026-02-01 12:42:07,622 - __main__ - INFO -   📊 Détails: 20/25 (80%)
2026-02-01 12:42:22,233 - __main__ - INFO -   📊 Détails: 25/25 (100%)
2026-02-01 12:42:22,535 - __main__ - INFO - 📈 La Marsa: 1805/2295 annonces accumulées
2026-02-01 12:42:22,535 - __main__ - INFO - ⏳ Pause de 4s avant page 60...
2026-02-01 12:42:26,537 - __main__ - INFO - 📄 SCRAPING PAGE 60: https://www.mubawab.tn/fr/st/la-marsa/appartements-a-louer:p:60
2026-02-01 12:42:29,030 - __main__ - INFO - Total cartes uniques trouvées: 34
2026-02-01 12:42:29,030 - __main__ - INFO - Page 60: 34 cartes trouvées
2026-02-01 12:42:29,325 - __main__ - INFO - ✅ PAGE 60: 29 annonces valides, 5 invalides
2026-02-01 12:42:29,384 - __main__ - INFO - ✅ Page 60: 29 annonces trouvées
2026-02-01 12:42:29,384 - __main__ - INFO - 🔍 Extraction des détails pour 29 annonces...
2026-02-01 12:42:43,595 - __main__ - INFO -   📊 Détails: 5/29 (17%)
2026-02-01 12:42:58,363 - __main__ - INFO -   📊 Détails: 10/29 (34%)
2026-02-01 12:43:13,473 - __main__ - INFO -   📊 Détails: 15/29 (52%)
2026-02-01 12:43:29,308 - __main__ - INFO -   📊 Détails: 20/29 (69%)
2026-02-01 12:43:43,673 - __main__ - INFO -   📊 Détails: 25/29 (86%)
2026-02-01 12:43:55,033 - __main__ - INFO -   📊 Détails: 29/29 (100%)
2026-02-01 12:43:55,340 - __main__ - INFO - 📈 La Marsa: 1834/2295 annonces accumulées
2026-02-01 12:43:55,340 - __main__ - INFO - ⏳ Pause de 2s avant page 61...
2026-02-01 12:43:57,343 - __main__ - INFO - 📄 SCRAPING PAGE 61: https://www.mubawab.tn/fr/st/la-marsa/appartements-a-louer:p:61
2026-02-01 12:43:59,434 - __main__ - INFO - Total cartes uniques trouvées: 34
2026-02-01 12:43:59,438 - __main__ - INFO - Page 61: 34 cartes trouvées
2026-02-01 12:43:59,715 - __main__ - INFO - ✅ PAGE 61: 26 annonces valides, 8 invalides
2026-02-01 12:43:59,775 - __main__ - INFO - ✅ Page 61: 26 annonces trouvées
2026-02-01 12:43:59,780 - __main__ - INFO - 🔍 Extraction des détails pour 26 annonces...
2026-02-01 12:44:14,323 - __main__ - INFO -   📊 Détails: 5/26 (19%)
2026-02-01 12:44:28,610 - __main__ - INFO -   📊 Détails: 10/26 (38%)
2026-02-01 12:44:43,573 - __main__ - INFO -   📊 Détails: 15/26 (58%)
2026-02-01 12:44:58,581 - __main__ - INFO -   📊 Détails: 20/26 (77%)
2026-02-01 12:45:13,368 - __main__ - INFO -   📊 Détails: 25/26 (96%)
2026-02-01 12:45:16,366 - __main__ - INFO -   📊 Détails: 26/26 (100%)
2026-02-01 12:45:16,675 - __main__ - INFO - 📈 La Marsa: 1860/2295 annonces accumulées
2026-02-01 12:45:16,675 - __main__ - INFO - ⏳ Pause de 2s avant page 62...
2026-02-01 12:45:18,679 - __main__ - INFO - 📄 SCRAPING PAGE 62: https://www.mubawab.tn/fr/st/la-marsa/appartements-a-louer:p:62
2026-02-01 12:45:20,891 - __main__ - INFO - Total cartes uniques trouvées: 34
2026-02-01 12:45:20,891 - __main__ - INFO - Page 62: 34 cartes trouvées
2026-02-01 12:45:21,147 - __main__ - INFO - ✅ PAGE 62: 28 annonces valides, 6 invalides
2026-02-01 12:45:21,207 - __main__ - INFO - ✅ Page 62: 28 annonces trouvées
2026-02-01 12:45:21,207 - __main__ - INFO - 🔍 Extraction des détails pour 28 annonces...
2026-02-01 12:45:49,343 - __main__ - INFO -   📊 Détails: 5/28 (18%)
2026-02-01 12:46:10,810 - __main__ - INFO -   📊 Détails: 10/28 (36%)
2026-02-01 12:46:28,360 - __main__ - INFO -   📊 Détails: 15/28 (54%)
2026-02-01 12:46:44,011 - __main__ - INFO -   📊 Détails: 20/28 (71%)
2026-02-01 12:47:00,140 - __main__ - INFO -   📊 Détails: 25/28 (89%)
2026-02-01 12:47:09,122 - __main__ - INFO -   📊 Détails: 28/28 (100%)
2026-02-01 12:47:09,423 - __main__ - INFO - 📈 La Marsa: 1888/2295 annonces accumulées
2026-02-01 12:47:09,424 - __main__ - INFO - ⏳ Pause de 2s avant page 63...
2026-02-01 12:47:11,425 - __main__ - INFO - 📄 SCRAPING PAGE 63: https://www.mubawab.tn/fr/st/la-marsa/appartements-a-louer:p:63
2026-02-01 12:47:13,566 - __main__ - INFO - Total cartes uniques trouvées: 34
2026-02-01 12:47:13,567 - __main__ - INFO - Page 63: 34 cartes trouvées
2026-02-01 12:47:13,918 - __main__ - INFO - ✅ PAGE 63: 32 annonces valides, 2 invalides
2026-02-01 12:47:13,982 - __main__ - INFO - ✅ Page 63: 32 annonces trouvées
2026-02-01 12:47:13,983 - __main__ - INFO - 🔍 Extraction des détails pour 32 annonces...
2026-02-01 12:47:29,387 - __main__ - INFO -   📊 Détails: 5/32 (16%)
2026-02-01 12:47:46,253 - __main__ - INFO -   📊 Détails: 10/32 (31%)
2026-02-01 12:48:02,284 - __main__ - INFO -   📊 Détails: 15/32 (47%)
2026-02-01 12:48:17,438 - __main__ - INFO -   📊 Détails: 20/32 (62%)
2026-02-01 12:48:33,362 - __main__ - INFO -   📊 Détails: 25/32 (78%)
2026-02-01 12:48:48,531 - __main__ - INFO -   📊 Détails: 30/32 (94%)
2026-02-01 12:48:54,208 - __main__ - INFO -   📊 Détails: 32/32 (100%)
2026-02-01 12:48:54,509 - __main__ - INFO - 📈 La Marsa: 1920/2295 annonces accumulées
2026-02-01 12:48:54,509 - __main__ - INFO - ⏳ Pause de 2s avant page 64...
2026-02-01 12:48:56,510 - __main__ - INFO - 📄 SCRAPING PAGE 64: https://www.mubawab.tn/fr/st/la-marsa/appartements-a-louer:p:64
2026-02-01 12:48:59,019 - __main__ - INFO - Total cartes uniques trouvées: 34
2026-02-01 12:48:59,020 - __main__ - INFO - Page 64: 34 cartes trouvées
2026-02-01 12:48:59,306 - __main__ - INFO - ✅ PAGE 64: 31 annonces valides, 3 invalides
2026-02-01 12:48:59,371 - __main__ - INFO - ✅ Page 64: 31 annonces trouvées
2026-02-01 12:48:59,373 - __main__ - INFO - 🔍 Extraction des détails pour 31 annonces...
2026-02-01 12:49:14,881 - __main__ - INFO -   📊 Détails: 5/31 (16%)
2026-02-01 12:49:30,306 - __main__ - INFO -   📊 Détails: 10/31 (32%)
2026-02-01 12:49:44,468 - __main__ - INFO -   📊 Détails: 15/31 (48%)
2026-02-01 12:50:00,145 - __main__ - INFO -   📊 Détails: 20/31 (65%)
2026-02-01 12:50:16,389 - __main__ - INFO -   📊 Détails: 25/31 (81%)
2026-02-01 12:50:31,643 - __main__ - INFO -   📊 Détails: 30/31 (97%)
2026-02-01 12:50:34,678 - __main__ - INFO -   📊 Détails: 31/31 (100%)
2026-02-01 12:50:34,979 - __main__ - INFO - 📈 La Marsa: 1951/2295 annonces accumulées
2026-02-01 12:50:34,979 - __main__ - INFO - ⏳ Pause de 4s avant page 65...
2026-02-01 12:50:38,980 - __main__ - INFO - 📄 SCRAPING PAGE 65: https://www.mubawab.tn/fr/st/la-marsa/appartements-a-louer:p:65
2026-02-01 12:50:42,003 - __main__ - INFO - Total cartes uniques trouvées: 34
2026-02-01 12:50:42,004 - __main__ - INFO - Page 65: 34 cartes trouvées
2026-02-01 12:50:42,311 - __main__ - INFO - ✅ PAGE 65: 32 annonces valides, 2 invalides
2026-02-01 12:50:42,377 - __main__ - INFO - ✅ Page 65: 32 annonces trouvées
2026-02-01 12:50:42,378 - __main__ - INFO - 🔍 Extraction des détails pour 32 annonces...
2026-02-01 12:50:57,135 - __main__ - INFO -   📊 Détails: 5/32 (16%)
2026-02-01 12:51:13,606 - __main__ - INFO -   📊 Détails: 10/32 (31%)
2026-02-01 12:51:30,375 - __main__ - INFO -   📊 Détails: 15/32 (47%)
2026-02-01 12:51:45,457 - __main__ - INFO -   📊 Détails: 20/32 (62%)
2026-02-01 12:52:02,024 - __main__ - INFO -   📊 Détails: 25/32 (78%)
2026-02-01 12:52:17,563 - __main__ - INFO -   📊 Détails: 30/32 (94%)
2026-02-01 12:52:24,014 - __main__ - INFO -   📊 Détails: 32/32 (100%)
2026-02-01 12:52:24,315 - __main__ - INFO - 📈 La Marsa: 1983/2295 annonces accumulées
2026-02-01 12:52:24,316 - __main__ - INFO - ⏳ Pause de 2s avant page 66...
2026-02-01 12:52:26,318 - __main__ - INFO - 📄 SCRAPING PAGE 66: https://www.mubawab.tn/fr/st/la-marsa/appartements-a-louer:p:66
2026-02-01 12:52:29,017 - __main__ - INFO - Total cartes uniques trouvées: 34
2026-02-01 12:52:29,018 - __main__ - INFO - Page 66: 34 cartes trouvées
2026-02-01 12:52:29,372 - __main__ - INFO - ✅ PAGE 66: 31 annonces valides, 3 invalides
2026-02-01 12:52:29,441 - __main__ - INFO - ✅ Page 66: 31 annonces trouvées
2026-02-01 12:52:29,443 - __main__ - INFO - 🔍 Extraction des détails pour 31 annonces...
2026-02-01 12:52:44,484 - __main__ - INFO -   📊 Détails: 5/31 (16%)
2026-02-01 12:53:00,504 - __main__ - INFO -   📊 Détails: 10/31 (32%)
2026-02-01 12:53:16,663 - __main__ - INFO -   📊 Détails: 15/31 (48%)
2026-02-01 12:53:32,288 - __main__ - INFO -   📊 Détails: 20/31 (65%)
2026-02-01 12:53:48,338 - __main__ - INFO -   📊 Détails: 25/31 (81%)
2026-02-01 12:54:03,074 - __main__ - INFO -   📊 Détails: 30/31 (97%)
2026-02-01 12:54:06,286 - __main__ - INFO -   📊 Détails: 31/31 (100%)
2026-02-01 12:54:06,588 - __main__ - INFO - 📈 La Marsa: 2014/2295 annonces accumulées
2026-02-01 12:54:06,588 - __main__ - INFO - 📄 DERNIÈRE PAGE ATTEINTE POUR La Marsa
2026-02-01 12:54:06,589 - __main__ - INFO - ✅ FIN SCRAPING La Marsa: 2014 annonces
2026-02-01 12:54:06,589 - __main__ - INFO - ✅ La Marsa: 2014 annonces scrapées
2026-02-01 12:54:06,589 - __main__ - INFO - ⏳ Pause de 5s avant région suivante...
2026-02-01 12:54:11,591 - __main__ - INFO - 
============================================================
2026-02-01 12:54:11,591 - __main__ - INFO - 🎯 DÉBUT RÉGION: Le Kram
2026-02-01 12:54:11,591 - __main__ - INFO - ============================================================
2026-02-01 12:54:11,591 - __main__ - INFO - 🚀 DÉBUT SCRAPING RÉGION: Le Kram
2026-02-01 12:54:11,591 - __main__ - INFO - Détection pour: https://www.mubawab.tn/fr/st/le-kram/appartements-a-louer
2026-02-01 12:54:13,568 - __main__ - INFO - ✅ Détecté: 811 annonces au total
2026-02-01 12:54:13,620 - __main__ - INFO - 📊 Estimation: 24 pages à 34 annonces/page
2026-02-01 12:54:13,620 - __main__ - INFO - 📊 Le Kram: 811 annonces détectées
2026-02-01 12:54:13,620 - __main__ - INFO - 📄 Objectif: 811 annonces sur 24/24 pages
2026-02-01 12:54:13,620 - __main__ - INFO - 📈 Estimation: 34 annonces par page
2026-02-01 12:54:13,620 - __main__ - INFO - 📄 SCRAPING PAGE 1: https://www.mubawab.tn/fr/st/le-kram/appartements-a-louer
2026-02-01 12:54:16,018 - __main__ - INFO - Total cartes uniques trouvées: 34
2026-02-01 12:54:16,019 - __main__ - INFO - Page 1: 34 cartes trouvées
2026-02-01 12:54:16,348 - __main__ - INFO - ✅ PAGE 1: 32 annonces valides, 2 invalides
2026-02-01 12:54:16,408 - __main__ - INFO - ✅ Page 1: 32 annonces trouvées
2026-02-01 12:54:16,409 - __main__ - INFO - 🔍 Extraction des détails pour 32 annonces...
2026-02-01 12:54:31,500 - __main__ - INFO -   📊 Détails: 5/32 (16%)
2026-02-01 12:54:47,728 - __main__ - INFO -   📊 Détails: 10/32 (31%)
2026-02-01 12:55:04,128 - __main__ - INFO -   📊 Détails: 15/32 (47%)
2026-02-01 12:55:20,328 - __main__ - INFO -   📊 Détails: 20/32 (62%)
2026-02-01 12:55:35,931 - __main__ - INFO -   📊 Détails: 25/32 (78%)
2026-02-01 12:55:51,798 - __main__ - INFO -   📊 Détails: 30/32 (94%)
2026-02-01 12:55:57,960 - __main__ - INFO -   📊 Détails: 32/32 (100%)
2026-02-01 12:55:58,261 - __main__ - INFO - 📈 Le Kram: 32/811 annonces accumulées
2026-02-01 12:55:58,262 - __main__ - INFO - ⏳ Pause de 2s avant page 2...
2026-02-01 12:56:00,263 - __main__ - INFO - 📄 SCRAPING PAGE 2: https://www.mubawab.tn/fr/st/le-kram/appartements-a-louer:p:2
2026-02-01 12:56:03,115 - __main__ - INFO - Total cartes uniques trouvées: 34
2026-02-01 12:56:03,116 - __main__ - INFO - Page 2: 34 cartes trouvées
2026-02-01 12:56:03,455 - __main__ - INFO - ✅ PAGE 2: 31 annonces valides, 3 invalides
2026-02-01 12:56:03,522 - __main__ - INFO - ✅ Page 2: 31 annonces trouvées
2026-02-01 12:56:03,523 - __main__ - INFO - 🔍 Extraction des détails pour 31 annonces...
2026-02-01 12:56:19,580 - __main__ - INFO -   📊 Détails: 5/31 (16%)
2026-02-01 12:56:35,678 - __main__ - INFO -   📊 Détails: 10/31 (32%)
2026-02-01 12:56:52,509 - __main__ - INFO -   📊 Détails: 15/31 (48%)
2026-02-01 12:57:08,264 - __main__ - INFO -   📊 Détails: 20/31 (65%)
2026-02-01 12:57:23,480 - __main__ - INFO -   📊 Détails: 25/31 (81%)
2026-02-01 12:57:38,545 - __main__ - INFO -   📊 Détails: 30/31 (97%)
2026-02-01 12:57:41,410 - __main__ - INFO -   📊 Détails: 31/31 (100%)
2026-02-01 12:57:41,711 - __main__ - INFO - 📈 Le Kram: 63/811 annonces accumulées
2026-02-01 12:57:41,711 - __main__ - INFO - ⏳ Pause de 2s avant page 3...
2026-02-01 12:57:43,713 - __main__ - INFO - 📄 SCRAPING PAGE 3: https://www.mubawab.tn/fr/st/le-kram/appartements-a-louer:p:3
2026-02-01 12:57:46,682 - __main__ - INFO - Total cartes uniques trouvées: 34
2026-02-01 12:57:46,683 - __main__ - INFO - Page 3: 34 cartes trouvées
2026-02-01 12:57:46,845 - __main__ - INFO - ✅ PAGE 3: 28 annonces valides, 6 invalides
2026-02-01 12:57:46,878 - __main__ - INFO - ✅ Page 3: 28 annonces trouvées
2026-02-01 12:57:46,878 - __main__ - INFO - 🔍 Extraction des détails pour 28 annonces...
2026-02-01 12:58:01,446 - __main__ - INFO -   📊 Détails: 5/28 (18%)
2026-02-01 12:58:16,506 - __main__ - INFO -   📊 Détails: 10/28 (36%)
2026-02-01 12:58:31,427 - __main__ - INFO -   📊 Détails: 15/28 (54%)
2026-02-01 12:58:46,383 - __main__ - INFO -   📊 Détails: 20/28 (71%)
2026-02-01 12:59:01,977 - __main__ - INFO -   📊 Détails: 25/28 (89%)
2026-02-01 12:59:12,252 - __main__ - INFO -   📊 Détails: 28/28 (100%)
2026-02-01 12:59:12,556 - __main__ - INFO - 📈 Le Kram: 91/811 annonces accumulées
2026-02-01 12:59:12,558 - __main__ - INFO - ⏳ Pause de 2s avant page 4...
2026-02-01 12:59:14,560 - __main__ - INFO - 📄 SCRAPING PAGE 4: https://www.mubawab.tn/fr/st/le-kram/appartements-a-louer:p:4
2026-02-01 12:59:17,186 - __main__ - INFO - Total cartes uniques trouvées: 34
2026-02-01 12:59:17,187 - __main__ - INFO - Page 4: 34 cartes trouvées
2026-02-01 12:59:17,527 - __main__ - INFO - ✅ PAGE 4: 31 annonces valides, 3 invalides
2026-02-01 12:59:17,599 - __main__ - INFO - ✅ Page 4: 31 annonces trouvées
2026-02-01 12:59:17,600 - __main__ - INFO - 🔍 Extraction des détails pour 31 annonces...
2026-02-01 12:59:32,487 - __main__ - INFO -   📊 Détails: 5/31 (16%)
2026-02-01 12:59:48,621 - __main__ - INFO -   📊 Détails: 10/31 (32%)
2026-02-01 13:00:05,237 - __main__ - INFO -   📊 Détails: 15/31 (48%)
2026-02-01 13:00:20,390 - __main__ - INFO -   📊 Détails: 20/31 (65%)
2026-02-01 13:00:36,846 - __main__ - INFO -   📊 Détails: 25/31 (81%)
2026-02-01 13:00:53,055 - __main__ - INFO -   📊 Détails: 30/31 (97%)
2026-02-01 13:00:56,597 - __main__ - INFO -   📊 Détails: 31/31 (100%)
2026-02-01 13:00:56,898 - __main__ - INFO - 📈 Le Kram: 122/811 annonces accumulées
2026-02-01 13:00:56,899 - __main__ - INFO - ⏳ Pause de 4s avant page 5...
2026-02-01 13:01:00,901 - __main__ - INFO - 📄 SCRAPING PAGE 5: https://www.mubawab.tn/fr/st/le-kram/appartements-a-louer:p:5
2026-02-01 13:01:03,262 - __main__ - INFO - Total cartes uniques trouvées: 34
2026-02-01 13:01:03,262 - __main__ - INFO - Page 5: 34 cartes trouvées
2026-02-01 13:01:03,652 - __main__ - INFO - ✅ PAGE 5: 28 annonces valides, 6 invalides
2026-02-01 13:01:03,721 - __main__ - INFO - ✅ Page 5: 28 annonces trouvées
2026-02-01 13:01:03,721 - __main__ - INFO - 🔍 Extraction des détails pour 28 annonces...
2026-02-01 13:01:19,562 - __main__ - INFO -   📊 Détails: 5/28 (18%)
2026-02-01 13:01:36,956 - __main__ - INFO -   📊 Détails: 10/28 (36%)
2026-02-01 13:01:52,510 - __main__ - INFO -   📊 Détails: 15/28 (54%)
2026-02-01 13:02:13,457 - __main__ - INFO -   📊 Détails: 20/28 (71%)
2026-02-01 13:02:45,367 - __main__ - INFO -   📊 Détails: 25/28 (89%)
2026-02-01 13:02:55,789 - __main__ - INFO -   📊 Détails: 28/28 (100%)
2026-02-01 13:02:56,091 - __main__ - INFO - 📈 Le Kram: 150/811 annonces accumulées
2026-02-01 13:02:56,091 - __main__ - INFO - ⏳ Pause de 2s avant page 6...
2026-02-01 13:02:58,093 - __main__ - INFO - 📄 SCRAPING PAGE 6: https://www.mubawab.tn/fr/st/le-kram/appartements-a-louer:p:6
2026-02-01 13:03:01,271 - __main__ - INFO - Total cartes uniques trouvées: 34
2026-02-01 13:03:01,271 - __main__ - INFO - Page 6: 34 cartes trouvées
2026-02-01 13:03:01,475 - __main__ - INFO - ✅ PAGE 6: 30 annonces valides, 4 invalides
2026-02-01 13:03:01,515 - __main__ - INFO - ✅ Page 6: 30 annonces trouvées
2026-02-01 13:03:01,515 - __main__ - INFO - 🔍 Extraction des détails pour 30 annonces...
2026-02-01 13:03:16,815 - __main__ - INFO -   📊 Détails: 5/30 (17%)
2026-02-01 13:03:35,873 - __main__ - INFO -   📊 Détails: 10/30 (33%)
2026-02-01 13:03:54,864 - __main__ - INFO -   📊 Détails: 15/30 (50%)
2026-02-01 13:04:10,471 - __main__ - INFO -   📊 Détails: 20/30 (67%)
2026-02-01 13:04:25,292 - __main__ - INFO -   📊 Détails: 25/30 (83%)
2026-02-01 13:04:40,499 - __main__ - INFO -   📊 Détails: 30/30 (100%)
2026-02-01 13:04:40,800 - __main__ - INFO - 📈 Le Kram: 180/811 annonces accumulées
2026-02-01 13:04:40,801 - __main__ - INFO - ⏳ Pause de 2s avant page 7...
2026-02-01 13:04:42,804 - __main__ - INFO - 📄 SCRAPING PAGE 7: https://www.mubawab.tn/fr/st/le-kram/appartements-a-louer:p:7
2026-02-01 13:04:45,220 - __main__ - INFO - Total cartes uniques trouvées: 34
2026-02-01 13:04:45,220 - __main__ - INFO - Page 7: 34 cartes trouvées
2026-02-01 13:04:45,543 - __main__ - INFO - ✅ PAGE 7: 31 annonces valides, 3 invalides
2026-02-01 13:04:45,610 - __main__ - INFO - ✅ Page 7: 31 annonces trouvées
2026-02-01 13:04:45,610 - __main__ - INFO - 🔍 Extraction des détails pour 31 annonces...
2026-02-01 13:05:00,619 - __main__ - INFO -   📊 Détails: 5/31 (16%)
2026-02-01 13:05:16,800 - __main__ - INFO -   📊 Détails: 10/31 (32%)
2026-02-01 13:05:33,378 - __main__ - INFO -   📊 Détails: 15/31 (48%)
2026-02-01 13:05:49,284 - __main__ - INFO -   📊 Détails: 20/31 (65%)
2026-02-01 13:06:07,459 - __main__ - INFO -   📊 Détails: 25/31 (81%)
2026-02-01 13:06:24,407 - __main__ - INFO -   📊 Détails: 30/31 (97%)
2026-02-01 13:06:27,523 - __main__ - INFO -   📊 Détails: 31/31 (100%)
2026-02-01 13:06:27,828 - __main__ - INFO - 📈 Le Kram: 211/811 annonces accumulées
2026-02-01 13:06:27,828 - __main__ - INFO - ⏳ Pause de 2s avant page 8...
2026-02-01 13:06:29,831 - __main__ - INFO - 📄 SCRAPING PAGE 8: https://www.mubawab.tn/fr/st/le-kram/appartements-a-louer:p:8
2026-02-01 13:06:32,358 - __main__ - INFO - Total cartes uniques trouvées: 34
2026-02-01 13:06:32,358 - __main__ - INFO - Page 8: 34 cartes trouvées
2026-02-01 13:06:32,667 - __main__ - INFO - ✅ PAGE 8: 29 annonces valides, 5 invalides
2026-02-01 13:06:32,732 - __main__ - INFO - ✅ Page 8: 29 annonces trouvées
2026-02-01 13:06:32,732 - __main__ - INFO - 🔍 Extraction des détails pour 29 annonces...
2026-02-01 13:06:53,201 - __main__ - INFO -   📊 Détails: 5/29 (17%)
2026-02-01 13:07:13,956 - __main__ - INFO -   📊 Détails: 10/29 (34%)
2026-02-01 13:07:39,773 - __main__ - INFO -   📊 Détails: 15/29 (52%)
2026-02-01 13:07:58,912 - __main__ - INFO -   📊 Détails: 20/29 (69%)
2026-02-01 13:08:15,908 - __main__ - INFO -   📊 Détails: 25/29 (86%)
2026-02-01 13:08:30,155 - __main__ - INFO -   📊 Détails: 29/29 (100%)
2026-02-01 13:08:30,456 - __main__ - INFO - 📈 Le Kram: 240/811 annonces accumulées
2026-02-01 13:08:30,456 - __main__ - INFO - ⏳ Pause de 2s avant page 9...
2026-02-01 13:08:32,459 - __main__ - INFO - 📄 SCRAPING PAGE 9: https://www.mubawab.tn/fr/st/le-kram/appartements-a-louer:p:9
2026-02-01 13:08:34,839 - __main__ - INFO - Total cartes uniques trouvées: 34
2026-02-01 13:08:34,839 - __main__ - INFO - Page 9: 34 cartes trouvées
2026-02-01 13:08:35,107 - __main__ - INFO - ✅ PAGE 9: 29 annonces valides, 5 invalides
2026-02-01 13:08:35,174 - __main__ - INFO - ✅ Page 9: 29 annonces trouvées
2026-02-01 13:08:35,175 - __main__ - INFO - 🔍 Extraction des détails pour 29 annonces...
2026-02-01 13:08:52,267 - __main__ - INFO -   📊 Détails: 5/29 (17%)
2026-02-01 13:09:07,872 - __main__ - INFO -   📊 Détails: 10/29 (34%)
2026-02-01 13:09:24,309 - __main__ - INFO -   📊 Détails: 15/29 (52%)
2026-02-01 13:09:41,659 - __main__ - INFO -   📊 Détails: 20/29 (69%)
2026-02-01 13:09:56,868 - __main__ - INFO -   📊 Détails: 25/29 (86%)
2026-02-01 13:10:09,038 - __main__ - INFO -   📊 Détails: 29/29 (100%)
2026-02-01 13:10:09,340 - __main__ - INFO - 📈 Le Kram: 269/811 annonces accumulées
2026-02-01 13:10:09,341 - __main__ - INFO - ⏳ Pause de 4s avant page 10...
2026-02-01 13:10:13,343 - __main__ - INFO - 📄 SCRAPING PAGE 10: https://www.mubawab.tn/fr/st/le-kram/appartements-a-louer:p:10
2026-02-01 13:10:16,198 - __main__ - INFO - Total cartes uniques trouvées: 34
2026-02-01 13:10:16,200 - __main__ - INFO - Page 10: 34 cartes trouvées
2026-02-01 13:10:16,536 - __main__ - INFO - ✅ PAGE 10: 31 annonces valides, 3 invalides
2026-02-01 13:10:16,607 - __main__ - INFO - ✅ Page 10: 31 annonces trouvées
2026-02-01 13:10:16,608 - __main__ - INFO - 🔍 Extraction des détails pour 31 annonces...
2026-02-01 13:10:31,022 - __main__ - INFO -   📊 Détails: 5/31 (16%)
2026-02-01 13:10:46,521 - __main__ - INFO -   📊 Détails: 10/31 (32%)
2026-02-01 13:11:01,532 - __main__ - INFO -   📊 Détails: 15/31 (48%)
2026-02-01 13:11:16,894 - __main__ - INFO -   📊 Détails: 20/31 (65%)
2026-02-01 13:11:32,722 - __main__ - INFO -   📊 Détails: 25/31 (81%)
2026-02-01 13:11:47,991 - __main__ - INFO -   📊 Détails: 30/31 (97%)
2026-02-01 13:11:51,052 - __main__ - INFO -   📊 Détails: 31/31 (100%)
2026-02-01 13:11:51,355 - __main__ - INFO - 📈 Le Kram: 300/811 annonces accumulées
2026-02-01 13:11:51,355 - __main__ - INFO - ⏳ Pause de 2s avant page 11...
2026-02-01 13:11:53,358 - __main__ - INFO - 📄 SCRAPING PAGE 11: https://www.mubawab.tn/fr/st/le-kram/appartements-a-louer:p:11
2026-02-01 13:11:55,614 - __main__ - INFO - Total cartes uniques trouvées: 34
2026-02-01 13:11:55,615 - __main__ - INFO - Page 11: 34 cartes trouvées
2026-02-01 13:11:55,905 - __main__ - INFO - ✅ PAGE 11: 29 annonces valides, 5 invalides
2026-02-01 13:11:55,967 - __main__ - INFO - ✅ Page 11: 29 annonces trouvées
2026-02-01 13:11:55,967 - __main__ - INFO - 🔍 Extraction des détails pour 29 annonces...
2026-02-01 13:12:11,928 - __main__ - INFO -   📊 Détails: 5/29 (17%)
2026-02-01 13:12:27,230 - __main__ - INFO -   📊 Détails: 10/29 (34%)
2026-02-01 13:12:42,321 - __main__ - INFO -   📊 Détails: 15/29 (52%)
2026-02-01 13:12:59,067 - __main__ - INFO -   📊 Détails: 20/29 (69%)
2026-02-01 13:13:14,307 - __main__ - INFO -   📊 Détails: 25/29 (86%)
2026-02-01 13:13:26,277 - __main__ - INFO -   📊 Détails: 29/29 (100%)
2026-02-01 13:13:26,578 - __main__ - INFO - 📈 Le Kram: 329/811 annonces accumulées
2026-02-01 13:13:26,578 - __main__ - INFO - ⏳ Pause de 2s avant page 12...
2026-02-01 13:13:28,580 - __main__ - INFO - 📄 SCRAPING PAGE 12: https://www.mubawab.tn/fr/st/le-kram/appartements-a-louer:p:12
2026-02-01 13:13:31,180 - __main__ - INFO - Total cartes uniques trouvées: 34
2026-02-01 13:13:31,180 - __main__ - INFO - Page 12: 34 cartes trouvées
2026-02-01 13:13:31,493 - __main__ - INFO - ✅ PAGE 12: 31 annonces valides, 3 invalides
2026-02-01 13:13:31,563 - __main__ - INFO - ✅ Page 12: 31 annonces trouvées
2026-02-01 13:13:31,563 - __main__ - INFO - 🔍 Extraction des détails pour 31 annonces...
2026-02-01 13:13:46,482 - __main__ - INFO -   📊 Détails: 5/31 (16%)
2026-02-01 13:14:01,366 - __main__ - INFO -   📊 Détails: 10/31 (32%)
2026-02-01 13:14:18,086 - __main__ - INFO -   📊 Détails: 15/31 (48%)
2026-02-01 13:14:35,130 - __main__ - INFO -   📊 Détails: 20/31 (65%)
2026-02-01 13:14:50,812 - __main__ - INFO -   📊 Détails: 25/31 (81%)
2026-02-01 13:15:08,087 - __main__ - INFO -   📊 Détails: 30/31 (97%)
2026-02-01 13:15:11,037 - __main__ - INFO -   📊 Détails: 31/31 (100%)
2026-02-01 13:15:11,339 - __main__ - INFO - 📈 Le Kram: 360/811 annonces accumulées
2026-02-01 13:15:11,339 - __main__ - INFO - ⏳ Pause de 2s avant page 13...
2026-02-01 13:15:13,340 - __main__ - INFO - 📄 SCRAPING PAGE 13: https://www.mubawab.tn/fr/st/le-kram/appartements-a-louer:p:13
2026-02-01 13:15:15,609 - __main__ - INFO - Total cartes uniques trouvées: 34
2026-02-01 13:15:15,610 - __main__ - INFO - Page 13: 34 cartes trouvées
2026-02-01 13:15:15,896 - __main__ - INFO - ✅ PAGE 13: 31 annonces valides, 3 invalides
2026-02-01 13:15:15,960 - __main__ - INFO - ✅ Page 13: 31 annonces trouvées
2026-02-01 13:15:15,961 - __main__ - INFO - 🔍 Extraction des détails pour 31 annonces...
2026-02-01 13:15:33,691 - __main__ - INFO -   📊 Détails: 5/31 (16%)
2026-02-01 13:15:50,089 - __main__ - INFO -   📊 Détails: 10/31 (32%)
2026-02-01 13:16:05,265 - __main__ - INFO -   📊 Détails: 15/31 (48%)
2026-02-01 13:16:20,523 - __main__ - INFO -   📊 Détails: 20/31 (65%)
2026-02-01 13:16:36,238 - __main__ - INFO -   📊 Détails: 25/31 (81%)
2026-02-01 13:16:51,875 - __main__ - INFO -   📊 Détails: 30/31 (97%)
2026-02-01 13:16:54,835 - __main__ - INFO -   📊 Détails: 31/31 (100%)
2026-02-01 13:16:55,137 - __main__ - INFO - 📈 Le Kram: 391/811 annonces accumulées
2026-02-01 13:16:55,137 - __main__ - INFO - ⏳ Pause de 2s avant page 14...
2026-02-01 13:16:57,139 - __main__ - INFO - 📄 SCRAPING PAGE 14: https://www.mubawab.tn/fr/st/le-kram/appartements-a-louer:p:14
2026-02-01 13:16:59,295 - __main__ - INFO - Total cartes uniques trouvées: 34
2026-02-01 13:16:59,295 - __main__ - INFO - Page 14: 34 cartes trouvées
2026-02-01 13:16:59,555 - __main__ - INFO - ✅ PAGE 14: 26 annonces valides, 8 invalides
2026-02-01 13:16:59,616 - __main__ - INFO - ✅ Page 14: 26 annonces trouvées
2026-02-01 13:16:59,617 - __main__ - INFO - 🔍 Extraction des détails pour 26 annonces...
2026-02-01 13:17:14,649 - __main__ - INFO -   📊 Détails: 5/26 (19%)
2026-02-01 13:17:31,244 - __main__ - INFO -   📊 Détails: 10/26 (38%)
2026-02-01 13:17:46,578 - __main__ - INFO -   📊 Détails: 15/26 (58%)
2026-02-01 13:18:02,115 - __main__ - INFO -   📊 Détails: 20/26 (77%)
2026-02-01 13:18:17,863 - __main__ - INFO -   📊 Détails: 25/26 (96%)
2026-02-01 13:18:20,384 - __main__ - INFO -   📊 Détails: 26/26 (100%)
2026-02-01 13:18:20,686 - __main__ - INFO - 📈 Le Kram: 417/811 annonces accumulées
2026-02-01 13:18:20,686 - __main__ - INFO - ⏳ Pause de 4s avant page 15...
2026-02-01 13:18:24,687 - __main__ - INFO - 📄 SCRAPING PAGE 15: https://www.mubawab.tn/fr/st/le-kram/appartements-a-louer:p:15
2026-02-01 13:18:27,219 - __main__ - INFO - Total cartes uniques trouvées: 34
2026-02-01 13:18:27,220 - __main__ - INFO - Page 15: 34 cartes trouvées
2026-02-01 13:18:27,659 - __main__ - INFO - ✅ PAGE 15: 26 annonces valides, 8 invalides
2026-02-01 13:18:27,761 - __main__ - INFO - ✅ Page 15: 26 annonces trouvées
2026-02-01 13:18:27,762 - __main__ - INFO - 🔍 Extraction des détails pour 26 annonces...
2026-02-01 13:18:41,596 - __main__ - INFO -   📊 Détails: 5/26 (19%)
2026-02-01 13:18:56,359 - __main__ - INFO -   📊 Détails: 10/26 (38%)
2026-02-01 13:19:10,477 - __main__ - INFO -   📊 Détails: 15/26 (58%)
2026-02-01 13:19:24,462 - __main__ - INFO -   📊 Détails: 20/26 (77%)
2026-02-01 13:19:38,357 - __main__ - INFO -   📊 Détails: 25/26 (96%)
2026-02-01 13:19:41,178 - __main__ - INFO -   📊 Détails: 26/26 (100%)
2026-02-01 13:19:41,486 - __main__ - INFO - 📈 Le Kram: 443/811 annonces accumulées
2026-02-01 13:19:41,486 - __main__ - INFO - ⏳ Pause de 2s avant page 16...
2026-02-01 13:19:43,514 - __main__ - INFO - 📄 SCRAPING PAGE 16: https://www.mubawab.tn/fr/st/le-kram/appartements-a-louer:p:16
2026-02-01 13:19:45,575 - __main__ - INFO - Total cartes uniques trouvées: 34
2026-02-01 13:19:45,575 - __main__ - INFO - Page 16: 34 cartes trouvées
2026-02-01 13:19:45,858 - __main__ - INFO - ✅ PAGE 16: 29 annonces valides, 5 invalides
2026-02-01 13:19:45,940 - __main__ - INFO - ✅ Page 16: 29 annonces trouvées
2026-02-01 13:19:45,941 - __main__ - INFO - 🔍 Extraction des détails pour 29 annonces...
2026-02-01 13:20:00,267 - __main__ - INFO -   📊 Détails: 5/29 (17%)
2026-02-01 13:20:14,111 - __main__ - INFO -   📊 Détails: 10/29 (34%)
2026-02-01 13:20:28,885 - __main__ - INFO -   📊 Détails: 15/29 (52%)
2026-02-01 13:20:43,169 - __main__ - INFO -   📊 Détails: 20/29 (69%)
2026-02-01 13:20:57,942 - __main__ - INFO -   📊 Détails: 25/29 (86%)
2026-02-01 13:21:08,972 - __main__ - INFO -   📊 Détails: 29/29 (100%)
2026-02-01 13:21:09,286 - __main__ - INFO - 📈 Le Kram: 472/811 annonces accumulées
2026-02-01 13:21:09,286 - __main__ - INFO - ⏳ Pause de 2s avant page 17...
2026-02-01 13:21:11,287 - __main__ - INFO - 📄 SCRAPING PAGE 17: https://www.mubawab.tn/fr/st/le-kram/appartements-a-louer:p:17
2026-02-01 13:21:13,356 - __main__ - INFO - Total cartes uniques trouvées: 34
2026-02-01 13:21:13,357 - __main__ - INFO - Page 17: 34 cartes trouvées
2026-02-01 13:21:13,625 - __main__ - INFO - ✅ PAGE 17: 24 annonces valides, 10 invalides
2026-02-01 13:21:13,708 - __main__ - INFO - ✅ Page 17: 24 annonces trouvées
2026-02-01 13:21:13,708 - __main__ - INFO - 🔍 Extraction des détails pour 24 annonces...
2026-02-01 13:21:27,255 - __main__ - INFO -   📊 Détails: 5/24 (21%)
2026-02-01 13:21:41,244 - __main__ - INFO -   📊 Détails: 10/24 (42%)
2026-02-01 13:21:55,226 - __main__ - INFO -   📊 Détails: 15/24 (62%)
2026-02-01 13:22:09,106 - __main__ - INFO -   📊 Détails: 20/24 (83%)
2026-02-01 13:22:20,248 - __main__ - INFO -   📊 Détails: 24/24 (100%)
2026-02-01 13:22:20,553 - __main__ - INFO - 📈 Le Kram: 496/811 annonces accumulées
2026-02-01 13:22:20,553 - __main__ - INFO - ⏳ Pause de 2s avant page 18...
2026-02-01 13:22:22,555 - __main__ - INFO - 📄 SCRAPING PAGE 18: https://www.mubawab.tn/fr/st/le-kram/appartements-a-louer:p:18
2026-02-01 13:22:24,552 - __main__ - INFO - Total cartes uniques trouvées: 34
2026-02-01 13:22:24,552 - __main__ - INFO - Page 18: 34 cartes trouvées
2026-02-01 13:22:24,863 - __main__ - INFO - ✅ PAGE 18: 29 annonces valides, 5 invalides
2026-02-01 13:22:24,930 - __main__ - INFO - ✅ Page 18: 29 annonces trouvées
2026-02-01 13:22:24,930 - __main__ - INFO - 🔍 Extraction des détails pour 29 annonces...
2026-02-01 13:22:38,483 - __main__ - INFO -   📊 Détails: 5/29 (17%)
2026-02-01 13:22:52,411 - __main__ - INFO -   📊 Détails: 10/29 (34%)
2026-02-01 13:23:06,018 - __main__ - INFO -   📊 Détails: 15/29 (52%)
2026-02-01 13:23:19,873 - __main__ - INFO -   📊 Détails: 20/29 (69%)
2026-02-01 13:23:33,675 - __main__ - INFO -   📊 Détails: 25/29 (86%)
2026-02-01 13:23:44,887 - __main__ - INFO -   📊 Détails: 29/29 (100%)
2026-02-01 13:23:45,191 - __main__ - INFO - 📈 Le Kram: 525/811 annonces accumulées
2026-02-01 13:23:45,191 - __main__ - INFO - ⏳ Pause de 2s avant page 19...
2026-02-01 13:23:47,192 - __main__ - INFO - 📄 SCRAPING PAGE 19: https://www.mubawab.tn/fr/st/le-kram/appartements-a-louer:p:19
2026-02-01 13:23:49,219 - __main__ - INFO - Total cartes uniques trouvées: 34
2026-02-01 13:23:49,219 - __main__ - INFO - Page 19: 34 cartes trouvées
2026-02-01 13:23:49,531 - __main__ - INFO - ✅ PAGE 19: 30 annonces valides, 4 invalides
2026-02-01 13:23:49,600 - __main__ - INFO - ✅ Page 19: 30 annonces trouvées
2026-02-01 13:23:49,600 - __main__ - INFO - 🔍 Extraction des détails pour 30 annonces...
2026-02-01 13:24:02,771 - __main__ - INFO -   📊 Détails: 5/30 (17%)
2026-02-01 13:24:15,522 - __main__ - INFO -   📊 Détails: 10/30 (33%)
2026-02-01 13:24:33,895 - __main__ - INFO -   📊 Détails: 15/30 (50%)
2026-02-01 13:24:47,555 - __main__ - INFO -   📊 Détails: 20/30 (67%)
2026-02-01 13:28:24,042 - __main__ - WARNING - Tentative 1 échouée pour https://www.mubawab.tn/fr/a/8042401/appartement-s1-jardin-carthage-r%C3%A9sidence-khadija: ('Connection aborted.', RemoteDisconnected('Remote end closed connection without response'))
2026-02-01 13:28:30,595 - __main__ - INFO -   📊 Détails: 25/30 (83%)
2026-02-01 13:28:44,479 - __main__ - INFO -   📊 Détails: 30/30 (100%)
2026-02-01 13:28:44,785 - __main__ - INFO - 📈 Le Kram: 555/811 annonces accumulées
2026-02-01 13:28:44,785 - __main__ - INFO - ⏳ Pause de 4s avant page 20...
2026-02-01 13:28:48,787 - __main__ - INFO - 📄 SCRAPING PAGE 20: https://www.mubawab.tn/fr/st/le-kram/appartements-a-louer:p:20
2026-02-01 13:28:50,933 - __main__ - INFO - Total cartes uniques trouvées: 34
2026-02-01 13:28:50,933 - __main__ - INFO - Page 20: 34 cartes trouvées
2026-02-01 13:28:51,167 - __main__ - INFO - ✅ PAGE 20: 24 annonces valides, 10 invalides
2026-02-01 13:28:51,217 - __main__ - INFO - ✅ Page 20: 24 annonces trouvées
2026-02-01 13:28:51,217 - __main__ - INFO - 🔍 Extraction des détails pour 24 annonces...
2026-02-01 13:29:04,698 - __main__ - INFO -   📊 Détails: 5/24 (21%)
2026-02-01 13:29:18,301 - __main__ - INFO -   📊 Détails: 10/24 (42%)
2026-02-01 13:29:33,649 - __main__ - INFO -   📊 Détails: 15/24 (62%)
2026-02-01 13:29:47,132 - __main__ - INFO -   📊 Détails: 20/24 (83%)
2026-02-01 13:29:57,623 - __main__ - INFO -   📊 Détails: 24/24 (100%)
2026-02-01 13:29:57,934 - __main__ - INFO - 📈 Le Kram: 579/811 annonces accumulées
2026-02-01 13:29:57,934 - __main__ - INFO - ⏳ Pause de 2s avant page 21...
2026-02-01 13:29:59,936 - __main__ - INFO - 📄 SCRAPING PAGE 21: https://www.mubawab.tn/fr/st/le-kram/appartements-a-louer:p:21
2026-02-01 13:30:01,754 - __main__ - INFO - Total cartes uniques trouvées: 34
2026-02-01 13:30:01,754 - __main__ - INFO - Page 21: 34 cartes trouvées
2026-02-01 13:30:01,973 - __main__ - INFO - ✅ PAGE 21: 29 annonces valides, 5 invalides
2026-02-01 13:30:02,021 - __main__ - INFO - ✅ Page 21: 29 annonces trouvées
2026-02-01 13:30:02,021 - __main__ - INFO - 🔍 Extraction des détails pour 29 annonces...
2026-02-01 13:30:14,720 - __main__ - INFO -   📊 Détails: 5/29 (17%)
2026-02-01 13:30:28,308 - __main__ - INFO -   📊 Détails: 10/29 (34%)
2026-02-01 13:30:41,619 - __main__ - INFO -   📊 Détails: 15/29 (52%)
2026-02-01 13:30:55,042 - __main__ - INFO -   📊 Détails: 20/29 (69%)
2026-02-01 13:31:08,542 - __main__ - INFO -   📊 Détails: 25/29 (86%)
2026-02-01 13:31:19,659 - __main__ - INFO -   📊 Détails: 29/29 (100%)
2026-02-01 13:31:19,961 - __main__ - INFO - 📈 Le Kram: 608/811 annonces accumulées
2026-02-01 13:31:19,961 - __main__ - INFO - ⏳ Pause de 2s avant page 22...
2026-02-01 13:31:21,963 - __main__ - INFO - 📄 SCRAPING PAGE 22: https://www.mubawab.tn/fr/st/le-kram/appartements-a-louer:p:22
2026-02-01 13:31:23,860 - __main__ - INFO - Total cartes uniques trouvées: 34
2026-02-01 13:31:23,860 - __main__ - INFO - Page 22: 34 cartes trouvées
2026-02-01 13:31:24,086 - __main__ - INFO - ✅ PAGE 22: 27 annonces valides, 7 invalides
2026-02-01 13:31:24,143 - __main__ - INFO - ✅ Page 22: 27 annonces trouvées
2026-02-01 13:31:24,143 - __main__ - INFO - 🔍 Extraction des détails pour 27 annonces...
2026-02-01 13:31:37,326 - __main__ - INFO -   📊 Détails: 5/27 (19%)
2026-02-01 13:31:51,255 - __main__ - INFO -   📊 Détails: 10/27 (37%)
2026-02-01 13:32:07,305 - __main__ - INFO -   📊 Détails: 15/27 (56%)
2026-02-01 13:32:20,831 - __main__ - INFO -   📊 Détails: 20/27 (74%)
2026-02-01 13:32:33,890 - __main__ - INFO -   📊 Détails: 25/27 (93%)
2026-02-01 13:32:39,259 - __main__ - INFO -   📊 Détails: 27/27 (100%)
2026-02-01 13:32:39,561 - __main__ - INFO - 📈 Le Kram: 635/811 annonces accumulées
2026-02-01 13:32:39,561 - __main__ - INFO - ⏳ Pause de 2s avant page 23...
2026-02-01 13:32:41,562 - __main__ - INFO - 📄 SCRAPING PAGE 23: https://www.mubawab.tn/fr/st/le-kram/appartements-a-louer:p:23
2026-02-01 13:32:43,641 - __main__ - INFO - Total cartes uniques trouvées: 34
2026-02-01 13:32:43,641 - __main__ - INFO - Page 23: 34 cartes trouvées
2026-02-01 13:32:43,864 - __main__ - INFO - ✅ PAGE 23: 32 annonces valides, 2 invalides
2026-02-01 13:32:43,920 - __main__ - INFO - ✅ Page 23: 32 annonces trouvées
2026-02-01 13:32:43,920 - __main__ - INFO - 🔍 Extraction des détails pour 32 annonces...
2026-02-01 13:32:56,577 - __main__ - INFO -   📊 Détails: 5/32 (16%)
2026-02-01 13:33:09,403 - __main__ - INFO -   📊 Détails: 10/32 (31%)
2026-02-01 13:33:22,408 - __main__ - INFO -   📊 Détails: 15/32 (47%)
2026-02-01 13:33:35,225 - __main__ - INFO -   📊 Détails: 20/32 (62%)
2026-02-01 13:33:48,258 - __main__ - INFO -   📊 Détails: 25/32 (78%)
2026-02-01 13:34:01,671 - __main__ - INFO -   📊 Détails: 30/32 (94%)
2026-02-01 13:34:07,174 - __main__ - INFO -   📊 Détails: 32/32 (100%)
2026-02-01 13:34:07,480 - __main__ - INFO - 📈 Le Kram: 667/811 annonces accumulées
2026-02-01 13:34:07,480 - __main__ - INFO - ⏳ Pause de 2s avant page 24...
2026-02-01 13:34:09,481 - __main__ - INFO - 📄 SCRAPING PAGE 24: https://www.mubawab.tn/fr/st/le-kram/appartements-a-louer:p:24
2026-02-01 13:34:11,286 - __main__ - INFO - Total cartes uniques trouvées: 34
2026-02-01 13:34:11,286 - __main__ - INFO - Page 24: 34 cartes trouvées
2026-02-01 13:34:11,495 - __main__ - INFO - ✅ PAGE 24: 32 annonces valides, 2 invalides
2026-02-01 13:34:11,545 - __main__ - INFO - ✅ Page 24: 32 annonces trouvées
2026-02-01 13:34:11,545 - __main__ - INFO - 🔍 Extraction des détails pour 32 annonces...
2026-02-01 13:34:24,352 - __main__ - INFO -   📊 Détails: 5/32 (16%)
2026-02-01 13:34:37,448 - __main__ - INFO -   📊 Détails: 10/32 (31%)
2026-02-01 13:34:53,410 - __main__ - INFO -   📊 Détails: 15/32 (47%)
2026-02-01 13:35:08,316 - __main__ - INFO -   📊 Détails: 20/32 (62%)
2026-02-01 13:35:23,712 - __main__ - INFO -   📊 Détails: 25/32 (78%)
2026-02-01 13:35:38,192 - __main__ - INFO -   📊 Détails: 30/32 (94%)
2026-02-01 13:35:44,012 - __main__ - INFO -   📊 Détails: 32/32 (100%)
2026-02-01 13:35:44,316 - __main__ - INFO - 📈 Le Kram: 699/811 annonces accumulées
2026-02-01 13:35:44,316 - __main__ - INFO - 📄 DERNIÈRE PAGE ATTEINTE POUR Le Kram
2026-02-01 13:35:44,316 - __main__ - INFO - ✅ FIN SCRAPING Le Kram: 699 annonces
2026-02-01 13:35:44,316 - __main__ - INFO - ✅ Le Kram: 699 annonces scrapées
2026-02-01 13:35:44,316 - __main__ - INFO - ⏳ Pause de 5s avant région suivante...
2026-02-01 13:35:49,319 - __main__ - INFO - 
============================================================
2026-02-01 13:35:49,319 - __main__ - INFO - 🎯 DÉBUT RÉGION: La Soukra
2026-02-01 13:35:49,319 - __main__ - INFO - ============================================================
2026-02-01 13:35:49,319 - __main__ - INFO - 🚀 DÉBUT SCRAPING RÉGION: La Soukra
2026-02-01 13:35:49,319 - __main__ - INFO - Détection pour: https://www.mubawab.tn/fr/st/la-soukra/appartements-a-louer
2026-02-01 13:35:51,146 - __main__ - INFO - ✅ Détecté: 362 annonces au total
2026-02-01 13:35:51,190 - __main__ - INFO - 📊 Estimation: 11 pages à 34 annonces/page
2026-02-01 13:35:51,190 - __main__ - INFO - 📊 La Soukra: 362 annonces détectées
2026-02-01 13:35:51,194 - __main__ - INFO - 📄 Objectif: 362 annonces sur 11/11 pages
2026-02-01 13:35:51,194 - __main__ - INFO - 📈 Estimation: 34 annonces par page
2026-02-01 13:35:51,194 - __main__ - INFO - 📄 SCRAPING PAGE 1: https://www.mubawab.tn/fr/st/la-soukra/appartements-a-louer
2026-02-01 13:35:53,218 - __main__ - INFO - Total cartes uniques trouvées: 34
2026-02-01 13:35:53,218 - __main__ - INFO - Page 1: 34 cartes trouvées
2026-02-01 13:35:53,445 - __main__ - INFO - ✅ PAGE 1: 32 annonces valides, 2 invalides
2026-02-01 13:35:53,495 - __main__ - INFO - ✅ Page 1: 32 annonces trouvées
2026-02-01 13:35:53,495 - __main__ - INFO - 🔍 Extraction des détails pour 32 annonces...
2026-02-01 13:36:23,311 - __main__ - INFO -   📊 Détails: 5/32 (16%)
2026-02-01 13:36:43,591 - __main__ - INFO -   📊 Détails: 10/32 (31%)
2026-02-01 13:37:03,991 - __main__ - INFO -   📊 Détails: 15/32 (47%)
2026-02-01 13:37:20,446 - __main__ - INFO -   📊 Détails: 20/32 (62%)
2026-02-01 13:37:35,723 - __main__ - INFO -   📊 Détails: 25/32 (78%)
2026-02-01 13:37:50,236 - __main__ - INFO -   📊 Détails: 30/32 (94%)
2026-02-01 13:37:58,242 - __main__ - INFO -   📊 Détails: 32/32 (100%)
2026-02-01 13:37:58,548 - __main__ - INFO - 📈 La Soukra: 32/362 annonces accumulées
2026-02-01 13:37:58,548 - __main__ - INFO - ⏳ Pause de 2s avant page 2...
2026-02-01 13:38:00,550 - __main__ - INFO - 📄 SCRAPING PAGE 2: https://www.mubawab.tn/fr/st/la-soukra/appartements-a-louer:p:2
2026-02-01 13:38:03,627 - __main__ - INFO - Total cartes uniques trouvées: 34
2026-02-01 13:38:03,627 - __main__ - INFO - Page 2: 34 cartes trouvées
2026-02-01 13:38:03,842 - __main__ - INFO - ✅ PAGE 2: 32 annonces valides, 2 invalides
2026-02-01 13:38:03,889 - __main__ - INFO - ✅ Page 2: 32 annonces trouvées
2026-02-01 13:38:03,889 - __main__ - INFO - 🔍 Extraction des détails pour 32 annonces...
2026-02-01 13:38:17,935 - __main__ - INFO -   📊 Détails: 5/32 (16%)
2026-02-01 13:38:36,870 - __main__ - INFO -   📊 Détails: 10/32 (31%)
2026-02-01 13:38:52,980 - __main__ - INFO -   📊 Détails: 15/32 (47%)
2026-02-01 13:39:07,312 - __main__ - INFO -   📊 Détails: 20/32 (62%)
2026-02-01 13:39:21,444 - __main__ - INFO -   📊 Détails: 25/32 (78%)
2026-02-01 13:39:34,988 - __main__ - INFO -   📊 Détails: 30/32 (94%)
2026-02-01 13:39:40,532 - __main__ - INFO -   📊 Détails: 32/32 (100%)
2026-02-01 13:39:40,844 - __main__ - INFO - 📈 La Soukra: 64/362 annonces accumulées
2026-02-01 13:39:40,844 - __main__ - INFO - ⏳ Pause de 2s avant page 3...
2026-02-01 13:39:42,846 - __main__ - INFO - 📄 SCRAPING PAGE 3: https://www.mubawab.tn/fr/st/la-soukra/appartements-a-louer:p:3
2026-02-01 13:39:44,891 - __main__ - INFO - Total cartes uniques trouvées: 34
2026-02-01 13:39:44,891 - __main__ - INFO - Page 3: 34 cartes trouvées
2026-02-01 13:39:45,101 - __main__ - INFO - ✅ PAGE 3: 32 annonces valides, 2 invalides
2026-02-01 13:39:45,162 - __main__ - INFO - ✅ Page 3: 32 annonces trouvées
2026-02-01 13:39:45,162 - __main__ - INFO - 🔍 Extraction des détails pour 32 annonces...
2026-02-01 13:39:58,760 - __main__ - INFO -   📊 Détails: 5/32 (16%)
2026-02-01 13:40:12,151 - __main__ - INFO -   📊 Détails: 10/32 (31%)
2026-02-01 13:40:25,625 - __main__ - INFO -   📊 Détails: 15/32 (47%)
2026-02-01 13:40:38,792 - __main__ - INFO -   📊 Détails: 20/32 (62%)
2026-02-01 13:40:52,206 - __main__ - INFO -   📊 Détails: 25/32 (78%)
2026-02-01 13:41:05,511 - __main__ - INFO -   📊 Détails: 30/32 (94%)
2026-02-01 13:41:10,761 - __main__ - INFO -   📊 Détails: 32/32 (100%)
2026-02-01 13:41:11,074 - __main__ - INFO - 📈 La Soukra: 96/362 annonces accumulées
2026-02-01 13:41:11,074 - __main__ - INFO - ⏳ Pause de 2s avant page 4...
2026-02-01 13:41:13,076 - __main__ - INFO - 📄 SCRAPING PAGE 4: https://www.mubawab.tn/fr/st/la-soukra/appartements-a-louer:p:4
2026-02-01 13:41:14,927 - __main__ - INFO - Total cartes uniques trouvées: 34
2026-02-01 13:41:14,927 - __main__ - INFO - Page 4: 34 cartes trouvées
2026-02-01 13:41:15,151 - __main__ - INFO - ✅ PAGE 4: 32 annonces valides, 2 invalides
2026-02-01 13:41:15,207 - __main__ - INFO - ✅ Page 4: 32 annonces trouvées
2026-02-01 13:41:15,207 - __main__ - INFO - 🔍 Extraction des détails pour 32 annonces...
2026-02-01 13:41:28,232 - __main__ - INFO -   📊 Détails: 5/32 (16%)
2026-02-01 13:41:41,206 - __main__ - INFO -   📊 Détails: 10/32 (31%)
2026-02-01 13:41:59,879 - __main__ - INFO -   📊 Détails: 15/32 (47%)
2026-02-01 13:42:14,090 - __main__ - INFO -   📊 Détails: 20/32 (62%)
2026-02-01 13:42:27,925 - __main__ - INFO -   📊 Détails: 25/32 (78%)
2026-02-01 13:42:41,470 - __main__ - INFO -   📊 Détails: 30/32 (94%)
2026-02-01 13:42:46,912 - __main__ - INFO -   📊 Détails: 32/32 (100%)
2026-02-01 13:42:47,220 - __main__ - INFO - 📈 La Soukra: 128/362 annonces accumulées
2026-02-01 13:42:47,220 - __main__ - INFO - ⏳ Pause de 4s avant page 5...
2026-02-01 13:42:51,221 - __main__ - INFO - 📄 SCRAPING PAGE 5: https://www.mubawab.tn/fr/st/la-soukra/appartements-a-louer:p:5
2026-02-01 13:42:53,125 - __main__ - INFO - Total cartes uniques trouvées: 34
2026-02-01 13:42:53,125 - __main__ - INFO - Page 5: 34 cartes trouvées
2026-02-01 13:42:53,334 - __main__ - INFO - ✅ PAGE 5: 32 annonces valides, 2 invalides
2026-02-01 13:42:53,391 - __main__ - INFO - ✅ Page 5: 32 annonces trouvées
2026-02-01 13:42:53,391 - __main__ - INFO - 🔍 Extraction des détails pour 32 annonces...
2026-02-01 13:43:06,607 - __main__ - INFO -   📊 Détails: 5/32 (16%)
2026-02-01 13:43:20,284 - __main__ - INFO -   📊 Détails: 10/32 (31%)
2026-02-01 13:43:33,738 - __main__ - INFO -   📊 Détails: 15/32 (47%)
2026-02-01 13:43:47,218 - __main__ - INFO -   📊 Détails: 20/32 (62%)
2026-02-01 13:44:00,704 - __main__ - INFO -   📊 Détails: 25/32 (78%)
2026-02-01 13:44:14,280 - __main__ - INFO -   📊 Détails: 30/32 (94%)
2026-02-01 13:44:19,689 - __main__ - INFO -   📊 Détails: 32/32 (100%)
2026-02-01 13:44:20,002 - __main__ - INFO - 📈 La Soukra: 160/362 annonces accumulées
2026-02-01 13:44:20,002 - __main__ - INFO - ⏳ Pause de 2s avant page 6...
2026-02-01 13:44:22,003 - __main__ - INFO - 📄 SCRAPING PAGE 6: https://www.mubawab.tn/fr/st/la-soukra/appartements-a-louer:p:6
2026-02-01 13:44:23,983 - __main__ - INFO - Total cartes uniques trouvées: 34
2026-02-01 13:44:23,999 - __main__ - INFO - Page 6: 34 cartes trouvées
2026-02-01 13:44:24,214 - __main__ - INFO - ✅ PAGE 6: 31 annonces valides, 3 invalides
2026-02-01 13:44:24,268 - __main__ - INFO - ✅ Page 6: 31 annonces trouvées
2026-02-01 13:44:24,268 - __main__ - INFO - 🔍 Extraction des détails pour 31 annonces...
2026-02-01 13:44:37,351 - __main__ - INFO -   📊 Détails: 5/31 (16%)
2026-02-01 13:44:51,012 - __main__ - INFO -   📊 Détails: 10/31 (32%)
2026-02-01 13:45:04,413 - __main__ - INFO -   📊 Détails: 15/31 (48%)
2026-02-01 13:45:18,643 - __main__ - INFO -   📊 Détails: 20/31 (65%)
2026-02-01 13:45:33,155 - __main__ - INFO -   📊 Détails: 25/31 (81%)
2026-02-01 13:45:46,739 - __main__ - INFO -   📊 Détails: 30/31 (97%)
2026-02-01 13:45:49,438 - __main__ - INFO -   📊 Détails: 31/31 (100%)
2026-02-01 13:45:49,741 - __main__ - INFO - 📈 La Soukra: 191/362 annonces accumulées
2026-02-01 13:45:49,741 - __main__ - INFO - ⏳ Pause de 2s avant page 7...
2026-02-01 13:45:51,743 - __main__ - INFO - 📄 SCRAPING PAGE 7: https://www.mubawab.tn/fr/st/la-soukra/appartements-a-louer:p:7
2026-02-01 13:45:53,874 - __main__ - INFO - Total cartes uniques trouvées: 34
2026-02-01 13:45:53,876 - __main__ - INFO - Page 7: 34 cartes trouvées
2026-02-01 13:45:54,087 - __main__ - INFO - ✅ PAGE 7: 32 annonces valides, 2 invalides
2026-02-01 13:45:54,153 - __main__ - INFO - ✅ Page 7: 32 annonces trouvées
2026-02-01 13:45:54,153 - __main__ - INFO - 🔍 Extraction des détails pour 32 annonces...
2026-02-01 13:46:07,611 - __main__ - INFO -   📊 Détails: 5/32 (16%)
2026-02-01 13:46:21,504 - __main__ - INFO -   📊 Détails: 10/32 (31%)
2026-02-01 13:46:35,096 - __main__ - INFO -   📊 Détails: 15/32 (47%)
2026-02-01 13:46:48,741 - __main__ - INFO -   📊 Détails: 20/32 (62%)
2026-02-01 13:47:02,375 - __main__ - INFO -   📊 Détails: 25/32 (78%)
2026-02-01 13:47:16,549 - __main__ - INFO -   📊 Détails: 30/32 (94%)
2026-02-01 13:47:21,925 - __main__ - INFO -   📊 Détails: 32/32 (100%)
2026-02-01 13:47:22,235 - __main__ - INFO - 📈 La Soukra: 223/362 annonces accumulées
2026-02-01 13:47:22,235 - __main__ - INFO - ⏳ Pause de 2s avant page 8...
2026-02-01 13:47:24,236 - __main__ - INFO - 📄 SCRAPING PAGE 8: https://www.mubawab.tn/fr/st/la-soukra/appartements-a-louer:p:8
2026-02-01 13:47:26,163 - __main__ - INFO - Total cartes uniques trouvées: 34
2026-02-01 13:47:26,163 - __main__ - INFO - Page 8: 34 cartes trouvées
2026-02-01 13:47:26,374 - __main__ - INFO - ✅ PAGE 8: 32 annonces valides, 2 invalides
2026-02-01 13:47:26,439 - __main__ - INFO - ✅ Page 8: 32 annonces trouvées
2026-02-01 13:47:26,440 - __main__ - INFO - 🔍 Extraction des détails pour 32 annonces...
2026-02-01 13:47:39,630 - __main__ - INFO -   📊 Détails: 5/32 (16%)
2026-02-01 13:47:55,072 - __main__ - INFO -   📊 Détails: 10/32 (31%)
2026-02-01 13:48:08,739 - __main__ - INFO -   📊 Détails: 15/32 (47%)
2026-02-01 13:48:22,987 - __main__ - INFO -   📊 Détails: 20/32 (62%)
2026-02-01 13:48:38,303 - __main__ - INFO -   📊 Détails: 25/32 (78%)
2026-02-01 13:48:52,679 - __main__ - INFO -   📊 Détails: 30/32 (94%)
2026-02-01 13:48:58,476 - __main__ - INFO -   📊 Détails: 32/32 (100%)
2026-02-01 13:48:58,779 - __main__ - INFO - 📈 La Soukra: 255/362 annonces accumulées
2026-02-01 13:48:58,779 - __main__ - INFO - ⏳ Pause de 2s avant page 9...
2026-02-01 13:49:00,781 - __main__ - INFO - 📄 SCRAPING PAGE 9: https://www.mubawab.tn/fr/st/la-soukra/appartements-a-louer:p:9
2026-02-01 13:49:02,780 - __main__ - INFO - Total cartes uniques trouvées: 34
2026-02-01 13:49:02,780 - __main__ - INFO - Page 9: 34 cartes trouvées
2026-02-01 13:49:02,978 - __main__ - INFO - ✅ PAGE 9: 32 annonces valides, 2 invalides
2026-02-01 13:49:03,034 - __main__ - INFO - ✅ Page 9: 32 annonces trouvées
2026-02-01 13:49:03,034 - __main__ - INFO - 🔍 Extraction des détails pour 32 annonces...
2026-02-01 13:49:16,673 - __main__ - INFO -   📊 Détails: 5/32 (16%)
2026-02-01 13:49:31,458 - __main__ - INFO -   📊 Détails: 10/32 (31%)
2026-02-01 13:49:45,345 - __main__ - INFO -   📊 Détails: 15/32 (47%)
2026-02-01 13:49:59,285 - __main__ - INFO -   📊 Détails: 20/32 (62%)
2026-02-01 13:50:13,050 - __main__ - INFO -   📊 Détails: 25/32 (78%)
2026-02-01 13:50:26,969 - __main__ - INFO -   📊 Détails: 30/32 (94%)
2026-02-01 13:50:32,499 - __main__ - INFO -   📊 Détails: 32/32 (100%)
2026-02-01 13:50:32,804 - __main__ - INFO - 📈 La Soukra: 287/362 annonces accumulées
2026-02-01 13:50:32,804 - __main__ - INFO - ⏳ Pause de 4s avant page 10...
2026-02-01 13:50:36,806 - __main__ - INFO - 📄 SCRAPING PAGE 10: https://www.mubawab.tn/fr/st/la-soukra/appartements-a-louer:p:10
2026-02-01 13:50:38,839 - __main__ - INFO - Total cartes uniques trouvées: 34
2026-02-01 13:50:38,839 - __main__ - INFO - Page 10: 34 cartes trouvées
2026-02-01 13:50:39,038 - __main__ - INFO - ✅ PAGE 10: 32 annonces valides, 2 invalides
2026-02-01 13:50:39,090 - __main__ - INFO - ✅ Page 10: 32 annonces trouvées
2026-02-01 13:50:39,090 - __main__ - INFO - 🔍 Extraction des détails pour 32 annonces...
2026-02-01 13:50:52,549 - __main__ - INFO -   📊 Détails: 5/32 (16%)
2026-02-01 13:51:06,404 - __main__ - INFO -   📊 Détails: 10/32 (31%)
2026-02-01 13:51:20,158 - __main__ - INFO -   📊 Détails: 15/32 (47%)
2026-02-01 13:51:34,067 - __main__ - INFO -   📊 Détails: 20/32 (62%)
2026-02-01 13:51:47,790 - __main__ - INFO -   📊 Détails: 25/32 (78%)
2026-02-01 13:52:02,828 - __main__ - INFO -   📊 Détails: 30/32 (94%)
2026-02-01 13:52:09,637 - __main__ - INFO -   📊 Détails: 32/32 (100%)
2026-02-01 13:52:09,950 - __main__ - INFO - 📈 La Soukra: 319/362 annonces accumulées
2026-02-01 13:52:09,950 - __main__ - INFO - ⏳ Pause de 2s avant page 11...
2026-02-01 13:52:11,952 - __main__ - INFO - 📄 SCRAPING PAGE 11: https://www.mubawab.tn/fr/st/la-soukra/appartements-a-louer:p:11
2026-02-01 13:52:14,127 - __main__ - INFO - Total cartes uniques trouvées: 34
2026-02-01 13:52:14,127 - __main__ - INFO - Page 11: 34 cartes trouvées
2026-02-01 13:52:14,355 - __main__ - INFO - ✅ PAGE 11: 31 annonces valides, 3 invalides
2026-02-01 13:52:14,404 - __main__ - INFO - ✅ Page 11: 31 annonces trouvées
2026-02-01 13:52:14,404 - __main__ - INFO - 🔍 Extraction des détails pour 31 annonces...
2026-02-01 13:52:27,895 - __main__ - INFO -   📊 Détails: 5/31 (16%)
2026-02-01 13:52:41,711 - __main__ - INFO -   📊 Détails: 10/31 (32%)
2026-02-01 13:52:55,363 - __main__ - INFO -   📊 Détails: 15/31 (48%)
2026-02-01 13:53:09,156 - __main__ - INFO -   📊 Détails: 20/31 (65%)
2026-02-01 13:53:22,878 - __main__ - INFO -   📊 Détails: 25/31 (81%)
2026-02-01 13:53:36,755 - __main__ - INFO -   📊 Détails: 30/31 (97%)
2026-02-01 13:53:39,526 - __main__ - INFO -   📊 Détails: 31/31 (100%)
2026-02-01 13:53:39,830 - __main__ - INFO - 📈 La Soukra: 350/362 annonces accumulées
2026-02-01 13:53:39,830 - __main__ - INFO - 📄 DERNIÈRE PAGE ATTEINTE POUR La Soukra
2026-02-01 13:53:39,830 - __main__ - INFO - ✅ FIN SCRAPING La Soukra: 350 annonces
2026-02-01 13:53:39,830 - __main__ - INFO - ✅ La Soukra: 350 annonces scrapées
2026-02-01 13:53:39,830 - __main__ - INFO - ⏳ Pause de 5s avant région suivante...
2026-02-01 13:53:44,833 - __main__ - INFO - 
============================================================
2026-02-01 13:53:44,833 - __main__ - INFO - 🎯 DÉBUT RÉGION: Hammamet
2026-02-01 13:53:44,834 - __main__ - INFO - ============================================================
2026-02-01 13:53:44,834 - __main__ - INFO - 🚀 DÉBUT SCRAPING RÉGION: Hammamet
2026-02-01 13:53:44,834 - __main__ - INFO - Détection pour: https://www.mubawab.tn/fr/st/hammamet/appartements-a-louer
2026-02-01 13:53:46,475 - __main__ - INFO - ✅ Détecté: 297 annonces au total
2026-02-01 13:53:46,519 - __main__ - INFO - 📊 Estimation: 9 pages à 34 annonces/page
2026-02-01 13:53:46,519 - __main__ - INFO - 📊 Hammamet: 297 annonces détectées
2026-02-01 13:53:46,519 - __main__ - INFO - 📄 Objectif: 297 annonces sur 9/9 pages
2026-02-01 13:53:46,519 - __main__ - INFO - 📈 Estimation: 34 annonces par page
2026-02-01 13:53:46,519 - __main__ - INFO - 📄 SCRAPING PAGE 1: https://www.mubawab.tn/fr/st/hammamet/appartements-a-louer
2026-02-01 13:53:48,677 - __main__ - INFO - Total cartes uniques trouvées: 34
2026-02-01 13:53:48,677 - __main__ - INFO - Page 1: 34 cartes trouvées
2026-02-01 13:53:48,888 - __main__ - INFO - ✅ PAGE 1: 33 annonces valides, 1 invalides
2026-02-01 13:53:48,953 - __main__ - INFO - ✅ Page 1: 33 annonces trouvées
2026-02-01 13:53:48,953 - __main__ - INFO - 🔍 Extraction des détails pour 33 annonces...
2026-02-01 13:54:02,433 - __main__ - INFO -   📊 Détails: 5/33 (15%)
2026-02-01 13:54:16,421 - __main__ - INFO -   📊 Détails: 10/33 (30%)
2026-02-01 13:54:30,102 - __main__ - INFO -   📊 Détails: 15/33 (45%)
2026-02-01 13:54:43,918 - __main__ - INFO -   📊 Détails: 20/33 (61%)
2026-02-01 13:54:57,484 - __main__ - INFO -   📊 Détails: 25/33 (76%)
2026-02-01 13:55:11,065 - __main__ - INFO -   📊 Détails: 30/33 (91%)
2026-02-01 13:55:19,795 - __main__ - INFO -   📊 Détails: 33/33 (100%)
2026-02-01 13:55:20,100 - __main__ - INFO - 📈 Hammamet: 33/297 annonces accumulées
2026-02-01 13:55:20,100 - __main__ - INFO - ⏳ Pause de 2s avant page 2...
2026-02-01 13:55:22,103 - __main__ - INFO - 📄 SCRAPING PAGE 2: https://www.mubawab.tn/fr/st/hammamet/appartements-a-louer:p:2
2026-02-01 13:55:24,175 - __main__ - INFO - Total cartes uniques trouvées: 34
2026-02-01 13:55:24,175 - __main__ - INFO - Page 2: 34 cartes trouvées
2026-02-01 13:55:24,406 - __main__ - INFO - ✅ PAGE 2: 13 annonces valides, 21 invalides
2026-02-01 13:55:24,470 - __main__ - INFO - ✅ Page 2: 13 annonces trouvées
2026-02-01 13:55:24,474 - __main__ - INFO - 🔍 Extraction des détails pour 13 annonces...
2026-02-01 13:55:38,132 - __main__ - INFO -   📊 Détails: 5/13 (38%)
2026-02-01 13:55:51,614 - __main__ - INFO -   📊 Détails: 10/13 (77%)
2026-02-01 13:56:00,064 - __main__ - INFO -   📊 Détails: 13/13 (100%)
2026-02-01 13:56:00,380 - __main__ - INFO - 📈 Hammamet: 46/297 annonces accumulées
2026-02-01 13:56:00,380 - __main__ - INFO - ⏳ Pause de 2s avant page 3...
2026-02-01 13:56:02,382 - __main__ - INFO - 📄 SCRAPING PAGE 3: https://www.mubawab.tn/fr/st/hammamet/appartements-a-louer:p:3
2026-02-01 13:56:04,548 - __main__ - INFO - Total cartes uniques trouvées: 34
2026-02-01 13:56:04,548 - __main__ - INFO - Page 3: 34 cartes trouvées
2026-02-01 13:56:04,801 - __main__ - INFO - ✅ PAGE 3: 27 annonces valides, 7 invalides
2026-02-01 13:56:04,873 - __main__ - INFO - ✅ Page 3: 27 annonces trouvées
2026-02-01 13:56:04,873 - __main__ - INFO - 🔍 Extraction des détails pour 27 annonces...
2026-02-01 13:56:18,172 - __main__ - INFO -   📊 Détails: 5/27 (19%)
2026-02-01 13:56:31,998 - __main__ - INFO -   📊 Détails: 10/27 (37%)
2026-02-01 13:56:45,399 - __main__ - INFO -   📊 Détails: 15/27 (56%)
2026-02-01 13:56:58,968 - __main__ - INFO -   📊 Détails: 20/27 (74%)
2026-02-01 13:57:12,514 - __main__ - INFO -   📊 Détails: 25/27 (93%)
2026-02-01 13:57:17,980 - __main__ - INFO -   📊 Détails: 27/27 (100%)
2026-02-01 13:57:18,295 - __main__ - INFO - 📈 Hammamet: 73/297 annonces accumulées
2026-02-01 13:57:18,295 - __main__ - INFO - ⏳ Pause de 2s avant page 4...
2026-02-01 13:57:20,297 - __main__ - INFO - 📄 SCRAPING PAGE 4: https://www.mubawab.tn/fr/st/hammamet/appartements-a-louer:p:4
2026-02-01 13:57:22,460 - __main__ - INFO - Total cartes uniques trouvées: 34
2026-02-01 13:57:22,460 - __main__ - INFO - Page 4: 34 cartes trouvées
2026-02-01 13:57:22,693 - __main__ - INFO - ✅ PAGE 4: 30 annonces valides, 4 invalides
2026-02-01 13:57:22,744 - __main__ - INFO - ✅ Page 4: 30 annonces trouvées
2026-02-01 13:57:22,752 - __main__ - INFO - 🔍 Extraction des détails pour 30 annonces...
2026-02-01 13:57:35,897 - __main__ - INFO -   📊 Détails: 5/30 (17%)
2026-02-01 13:57:49,495 - __main__ - INFO -   📊 Détails: 10/30 (33%)
2026-02-01 13:58:03,510 - __main__ - INFO -   📊 Détails: 15/30 (50%)
2026-02-01 13:58:17,492 - __main__ - INFO -   📊 Détails: 20/30 (67%)
2026-02-01 13:58:31,646 - __main__ - INFO -   📊 Détails: 25/30 (83%)
2026-02-01 13:58:45,653 - __main__ - INFO -   📊 Détails: 30/30 (100%)
2026-02-01 13:58:45,961 - __main__ - INFO - 📈 Hammamet: 103/297 annonces accumulées
2026-02-01 13:58:45,961 - __main__ - INFO - ⏳ Pause de 4s avant page 5...
2026-02-01 13:58:49,963 - __main__ - INFO - 📄 SCRAPING PAGE 5: https://www.mubawab.tn/fr/st/hammamet/appartements-a-louer:p:5
2026-02-01 13:58:52,135 - __main__ - INFO - Total cartes uniques trouvées: 34
2026-02-01 13:58:52,135 - __main__ - INFO - Page 5: 34 cartes trouvées
2026-02-01 13:58:52,363 - __main__ - INFO - ✅ PAGE 5: 28 annonces valides, 6 invalides
2026-02-01 13:58:52,428 - __main__ - INFO - ✅ Page 5: 28 annonces trouvées
2026-02-01 13:58:52,428 - __main__ - INFO - 🔍 Extraction des détails pour 28 annonces...
2026-02-01 13:59:05,934 - __main__ - INFO -   📊 Détails: 5/28 (18%)
2026-02-01 13:59:20,221 - __main__ - INFO -   📊 Détails: 10/28 (36%)
2026-02-01 13:59:34,512 - __main__ - INFO -   📊 Détails: 15/28 (54%)
2026-02-01 13:59:48,484 - __main__ - INFO -   📊 Détails: 20/28 (71%)
2026-02-01 14:00:02,709 - __main__ - INFO -   📊 Détails: 25/28 (89%)
2026-02-01 14:00:11,042 - __main__ - INFO -   📊 Détails: 28/28 (100%)
2026-02-01 14:00:11,356 - __main__ - INFO - 📈 Hammamet: 131/297 annonces accumulées
2026-02-01 14:00:11,356 - __main__ - INFO - ⏳ Pause de 2s avant page 6...
2026-02-01 14:00:13,359 - __main__ - INFO - 📄 SCRAPING PAGE 6: https://www.mubawab.tn/fr/st/hammamet/appartements-a-louer:p:6
2026-02-01 14:00:15,585 - __main__ - INFO - Total cartes uniques trouvées: 34
2026-02-01 14:00:15,585 - __main__ - INFO - Page 6: 34 cartes trouvées
2026-02-01 14:00:15,818 - __main__ - INFO - ✅ PAGE 6: 32 annonces valides, 2 invalides
2026-02-01 14:00:15,874 - __main__ - INFO - ✅ Page 6: 32 annonces trouvées
2026-02-01 14:00:15,874 - __main__ - INFO - 🔍 Extraction des détails pour 32 annonces...
2026-02-01 14:00:29,484 - __main__ - INFO -   📊 Détails: 5/32 (16%)
2026-02-01 14:00:43,417 - __main__ - INFO -   📊 Détails: 10/32 (31%)
2026-02-01 14:00:57,420 - __main__ - INFO -   📊 Détails: 15/32 (47%)
2026-02-01 14:01:12,430 - __main__ - INFO -   📊 Détails: 20/32 (62%)
2026-02-01 14:01:27,948 - __main__ - INFO -   📊 Détails: 25/32 (78%)
2026-02-01 14:01:47,954 - __main__ - INFO -   📊 Détails: 30/32 (94%)
2026-02-01 14:01:53,822 - __main__ - INFO -   📊 Détails: 32/32 (100%)
2026-02-01 14:01:54,133 - __main__ - INFO - 📈 Hammamet: 163/297 annonces accumulées
2026-02-01 14:01:54,133 - __main__ - INFO - ⏳ Pause de 2s avant page 7...
2026-02-01 14:01:56,134 - __main__ - INFO - 📄 SCRAPING PAGE 7: https://www.mubawab.tn/fr/st/hammamet/appartements-a-louer:p:7
2026-02-01 14:01:58,489 - __main__ - INFO - Total cartes uniques trouvées: 34
2026-02-01 14:01:58,489 - __main__ - INFO - Page 7: 34 cartes trouvées
2026-02-01 14:01:58,737 - __main__ - INFO - ✅ PAGE 7: 31 annonces valides, 3 invalides
2026-02-01 14:01:58,794 - __main__ - INFO - ✅ Page 7: 31 annonces trouvées
2026-02-01 14:01:58,794 - __main__ - INFO - 🔍 Extraction des détails pour 31 annonces...
2026-02-01 14:02:12,482 - __main__ - INFO -   📊 Détails: 5/31 (16%)
2026-02-01 14:02:27,086 - __main__ - INFO -   📊 Détails: 10/31 (32%)
2026-02-01 14:02:42,889 - __main__ - INFO -   📊 Détails: 15/31 (48%)
2026-02-01 14:02:58,253 - __main__ - INFO -   📊 Détails: 20/31 (65%)
2026-02-01 14:03:16,151 - __main__ - INFO -   📊 Détails: 25/31 (81%)
2026-02-01 14:03:34,254 - __main__ - INFO -   📊 Détails: 30/31 (97%)
2026-02-01 14:03:37,801 - __main__ - INFO -   📊 Détails: 31/31 (100%)
2026-02-01 14:03:38,106 - __main__ - INFO - 📈 Hammamet: 194/297 annonces accumulées
2026-02-01 14:03:38,106 - __main__ - INFO - ⏳ Pause de 2s avant page 8...
2026-02-01 14:03:40,107 - __main__ - INFO - 📄 SCRAPING PAGE 8: https://www.mubawab.tn/fr/st/hammamet/appartements-a-louer:p:8
2026-02-01 14:03:43,102 - __main__ - INFO - Total cartes uniques trouvées: 34
2026-02-01 14:03:43,102 - __main__ - INFO - Page 8: 34 cartes trouvées
2026-02-01 14:03:43,349 - __main__ - INFO - ✅ PAGE 8: 31 annonces valides, 3 invalides
2026-02-01 14:03:43,402 - __main__ - INFO - ✅ Page 8: 31 annonces trouvées
2026-02-01 14:03:43,402 - __main__ - INFO - 🔍 Extraction des détails pour 31 annonces...
2026-02-01 14:04:01,070 - __main__ - INFO -   📊 Détails: 5/31 (16%)
2026-02-01 14:04:19,255 - __main__ - INFO -   📊 Détails: 10/31 (32%)
2026-02-01 14:04:34,166 - __main__ - INFO -   📊 Détails: 15/31 (48%)
2026-02-01 14:04:48,980 - __main__ - INFO -   📊 Détails: 20/31 (65%)
2026-02-01 14:05:03,584 - __main__ - INFO -   📊 Détails: 25/31 (81%)
2026-02-01 14:05:18,118 - __main__ - INFO -   📊 Détails: 30/31 (97%)
2026-02-01 14:05:20,873 - __main__ - INFO -   📊 Détails: 31/31 (100%)
2026-02-01 14:05:21,179 - __main__ - INFO - 📈 Hammamet: 225/297 annonces accumulées
2026-02-01 14:05:21,179 - __main__ - INFO - ⏳ Pause de 2s avant page 9...
2026-02-01 14:05:23,181 - __main__ - INFO - 📄 SCRAPING PAGE 9: https://www.mubawab.tn/fr/st/hammamet/appartements-a-louer:p:9
2026-02-01 14:05:25,443 - __main__ - INFO - Total cartes uniques trouvées: 34
2026-02-01 14:05:25,443 - __main__ - INFO - Page 9: 34 cartes trouvées
2026-02-01 14:05:25,687 - __main__ - INFO - ✅ PAGE 9: 29 annonces valides, 5 invalides
2026-02-01 14:05:25,737 - __main__ - INFO - ✅ Page 9: 29 annonces trouvées
2026-02-01 14:05:25,745 - __main__ - INFO - 🔍 Extraction des détails pour 29 annonces...
2026-02-01 14:05:40,015 - __main__ - INFO -   📊 Détails: 5/29 (17%)
2026-02-01 14:05:54,208 - __main__ - INFO -   📊 Détails: 10/29 (34%)
2026-02-01 14:06:08,287 - __main__ - INFO -   📊 Détails: 15/29 (52%)
2026-02-01 14:06:22,118 - __main__ - INFO -   📊 Détails: 20/29 (69%)
2026-02-01 14:06:35,955 - __main__ - INFO -   📊 Détails: 25/29 (86%)
2026-02-01 14:06:47,374 - __main__ - INFO -   📊 Détails: 29/29 (100%)
2026-02-01 14:06:47,690 - __main__ - INFO - 📈 Hammamet: 254/297 annonces accumulées
2026-02-01 14:06:47,690 - __main__ - INFO - 📄 DERNIÈRE PAGE ATTEINTE POUR Hammamet
2026-02-01 14:06:47,690 - __main__ - INFO - ✅ FIN SCRAPING Hammamet: 254 annonces
2026-02-01 14:06:47,690 - __main__ - INFO - ✅ Hammamet: 254 annonces scrapées
2026-02-01 14:06:47,690 - __main__ - INFO - ⏳ Pause de 5s avant région suivante...
2026-02-01 14:06:52,693 - __main__ - INFO - 
============================================================
2026-02-01 14:06:52,693 - __main__ - INFO - 🎯 DÉBUT RÉGION: Ariana Ville
2026-02-01 14:06:52,693 - __main__ - INFO - ============================================================
2026-02-01 14:06:52,694 - __main__ - INFO - 🚀 DÉBUT SCRAPING RÉGION: Ariana Ville
2026-02-01 14:06:52,694 - __main__ - INFO - Détection pour: https://www.mubawab.tn/fr/st/ariana-ville/appartements-a-louer
2026-02-01 14:06:54,424 - __main__ - INFO - ✅ Détecté: 199 annonces au total
2026-02-01 14:06:54,473 - __main__ - INFO - 📊 Estimation: 6 pages à 34 annonces/page
2026-02-01 14:06:54,473 - __main__ - INFO - 📊 Ariana Ville: 199 annonces détectées
2026-02-01 14:06:54,473 - __main__ - INFO - 📄 Objectif: 199 annonces sur 6/6 pages
2026-02-01 14:06:54,473 - __main__ - INFO - 📈 Estimation: 34 annonces par page
2026-02-01 14:06:54,473 - __main__ - INFO - 📄 SCRAPING PAGE 1: https://www.mubawab.tn/fr/st/ariana-ville/appartements-a-louer
2026-02-01 14:06:56,784 - __main__ - INFO - Total cartes uniques trouvées: 34
2026-02-01 14:06:56,785 - __main__ - INFO - Page 1: 34 cartes trouvées
2026-02-01 14:06:56,978 - __main__ - INFO - ✅ PAGE 1: 32 annonces valides, 2 invalides
2026-02-01 14:06:57,025 - __main__ - INFO - ✅ Page 1: 32 annonces trouvées
2026-02-01 14:06:57,025 - __main__ - INFO - 🔍 Extraction des détails pour 32 annonces...
2026-02-01 14:07:11,329 - __main__ - INFO -   📊 Détails: 5/32 (16%)
2026-02-01 14:07:25,404 - __main__ - INFO -   📊 Détails: 10/32 (31%)
2026-02-01 14:07:42,438 - __main__ - INFO -   📊 Détails: 15/32 (47%)
2026-02-01 14:07:57,224 - __main__ - INFO -   📊 Détails: 20/32 (62%)
2026-02-01 14:08:12,433 - __main__ - INFO -   📊 Détails: 25/32 (78%)
2026-02-01 14:08:26,805 - __main__ - INFO -   📊 Détails: 30/32 (94%)
2026-02-01 14:08:32,257 - __main__ - INFO -   📊 Détails: 32/32 (100%)
2026-02-01 14:08:32,561 - __main__ - INFO - 📈 Ariana Ville: 32/199 annonces accumulées
2026-02-01 14:08:32,561 - __main__ - INFO - ⏳ Pause de 2s avant page 2...
2026-02-01 14:08:34,563 - __main__ - INFO - 📄 SCRAPING PAGE 2: https://www.mubawab.tn/fr/st/ariana-ville/appartements-a-louer:p:2
2026-02-01 14:08:36,476 - __main__ - INFO - Total cartes uniques trouvées: 34
2026-02-01 14:08:36,476 - __main__ - INFO - Page 2: 34 cartes trouvées
2026-02-01 14:08:36,687 - __main__ - INFO - ✅ PAGE 2: 31 annonces valides, 3 invalides
2026-02-01 14:08:36,743 - __main__ - INFO - ✅ Page 2: 31 annonces trouvées
2026-02-01 14:08:36,743 - __main__ - INFO - 🔍 Extraction des détails pour 31 annonces...
2026-02-01 14:08:50,343 - __main__ - INFO -   📊 Détails: 5/31 (16%)
2026-02-01 14:09:04,270 - __main__ - INFO -   📊 Détails: 10/31 (32%)
2026-02-01 14:09:18,286 - __main__ - INFO -   📊 Détails: 15/31 (48%)
2026-02-01 14:09:31,941 - __main__ - INFO -   📊 Détails: 20/31 (65%)
2026-02-01 14:09:45,483 - __main__ - INFO -   📊 Détails: 25/31 (81%)
2026-02-01 14:09:59,153 - __main__ - INFO -   📊 Détails: 30/31 (97%)
2026-02-01 14:10:01,751 - __main__ - INFO -   📊 Détails: 31/31 (100%)
2026-02-01 14:10:02,067 - __main__ - INFO - 📈 Ariana Ville: 63/199 annonces accumulées
2026-02-01 14:10:02,067 - __main__ - INFO - ⏳ Pause de 2s avant page 3...
2026-02-01 14:10:04,069 - __main__ - INFO - 📄 SCRAPING PAGE 3: https://www.mubawab.tn/fr/st/ariana-ville/appartements-a-louer:p:3
2026-02-01 14:10:06,340 - __main__ - INFO - Total cartes uniques trouvées: 34
2026-02-01 14:10:06,340 - __main__ - INFO - Page 3: 34 cartes trouvées
2026-02-01 14:10:06,557 - __main__ - INFO - ✅ PAGE 3: 32 annonces valides, 2 invalides
2026-02-01 14:10:06,605 - __main__ - INFO - ✅ Page 3: 32 annonces trouvées
2026-02-01 14:10:06,605 - __main__ - INFO - 🔍 Extraction des détails pour 32 annonces...
2026-02-01 14:10:20,060 - __main__ - INFO -   📊 Détails: 5/32 (16%)
2026-02-01 14:10:33,494 - __main__ - INFO -   📊 Détails: 10/32 (31%)
2026-02-01 14:10:50,015 - __main__ - INFO -   📊 Détails: 15/32 (47%)
2026-02-01 14:11:04,174 - __main__ - INFO -   📊 Détails: 20/32 (62%)
2026-02-01 14:11:18,022 - __main__ - INFO -   📊 Détails: 25/32 (78%)
2026-02-01 14:11:32,182 - __main__ - INFO -   📊 Détails: 30/32 (94%)
2026-02-01 14:11:37,867 - __main__ - INFO -   📊 Détails: 32/32 (100%)
2026-02-01 14:11:38,170 - __main__ - INFO - 📈 Ariana Ville: 95/199 annonces accumulées
2026-02-01 14:11:38,170 - __main__ - INFO - ⏳ Pause de 2s avant page 4...
2026-02-01 14:11:40,171 - __main__ - INFO - 📄 SCRAPING PAGE 4: https://www.mubawab.tn/fr/st/ariana-ville/appartements-a-louer:p:4
2026-02-01 14:11:42,263 - __main__ - INFO - Total cartes uniques trouvées: 34
2026-02-01 14:11:42,263 - __main__ - INFO - Page 4: 34 cartes trouvées
2026-02-01 14:11:42,496 - __main__ - INFO - ✅ PAGE 4: 32 annonces valides, 2 invalides
2026-02-01 14:11:42,545 - __main__ - INFO - ✅ Page 4: 32 annonces trouvées
2026-02-01 14:11:42,545 - __main__ - INFO - 🔍 Extraction des détails pour 32 annonces...
2026-02-01 14:11:59,756 - __main__ - INFO -   📊 Détails: 5/32 (16%)
2026-02-01 14:12:15,798 - __main__ - INFO -   📊 Détails: 10/32 (31%)
2026-02-01 14:12:30,396 - __main__ - INFO -   📊 Détails: 15/32 (47%)
2026-02-01 14:12:44,473 - __main__ - INFO -   📊 Détails: 20/32 (62%)
2026-02-01 14:12:59,151 - __main__ - INFO -   📊 Détails: 25/32 (78%)
2026-02-01 14:13:13,475 - __main__ - INFO -   📊 Détails: 30/32 (94%)
2026-02-01 14:13:18,973 - __main__ - INFO -   📊 Détails: 32/32 (100%)
2026-02-01 14:13:19,278 - __main__ - INFO - 📈 Ariana Ville: 127/199 annonces accumulées
2026-02-01 14:13:19,278 - __main__ - INFO - ⏳ Pause de 4s avant page 5...
2026-02-01 14:13:23,280 - __main__ - INFO - 📄 SCRAPING PAGE 5: https://www.mubawab.tn/fr/st/ariana-ville/appartements-a-louer:p:5
2026-02-01 14:13:25,436 - __main__ - INFO - Total cartes uniques trouvées: 34
2026-02-01 14:13:25,436 - __main__ - INFO - Page 5: 34 cartes trouvées
2026-02-01 14:13:25,646 - __main__ - INFO - ✅ PAGE 5: 32 annonces valides, 2 invalides
2026-02-01 14:13:25,702 - __main__ - INFO - ✅ Page 5: 32 annonces trouvées
2026-02-01 14:13:25,702 - __main__ - INFO - 🔍 Extraction des détails pour 32 annonces...
2026-02-01 14:13:39,894 - __main__ - INFO -   📊 Détails: 5/32 (16%)
2026-02-01 14:13:53,660 - __main__ - INFO -   📊 Détails: 10/32 (31%)
2026-02-01 14:14:07,473 - __main__ - INFO -   📊 Détails: 15/32 (47%)
2026-02-01 14:14:21,038 - __main__ - INFO -   📊 Détails: 20/32 (62%)
2026-02-01 14:14:34,672 - __main__ - INFO -   📊 Détails: 25/32 (78%)
2026-02-01 14:14:48,178 - __main__ - INFO -   📊 Détails: 30/32 (94%)
2026-02-01 14:14:53,520 - __main__ - INFO -   📊 Détails: 32/32 (100%)
2026-02-01 14:14:53,827 - __main__ - INFO - 📈 Ariana Ville: 159/199 annonces accumulées
2026-02-01 14:14:53,827 - __main__ - INFO - ⏳ Pause de 2s avant page 6...
2026-02-01 14:14:55,829 - __main__ - INFO - 📄 SCRAPING PAGE 6: https://www.mubawab.tn/fr/st/ariana-ville/appartements-a-louer:p:6
2026-02-01 14:14:57,919 - __main__ - INFO - Total cartes uniques trouvées: 34
2026-02-01 14:14:57,919 - __main__ - INFO - Page 6: 34 cartes trouvées
2026-02-01 14:14:58,132 - __main__ - INFO - ✅ PAGE 6: 31 annonces valides, 3 invalides
2026-02-01 14:14:58,199 - __main__ - INFO - ✅ Page 6: 31 annonces trouvées
2026-02-01 14:14:58,199 - __main__ - INFO - 🔍 Extraction des détails pour 31 annonces...
2026-02-01 14:15:11,581 - __main__ - INFO -   📊 Détails: 5/31 (16%)
2026-02-01 14:15:24,962 - __main__ - INFO -   📊 Détails: 10/31 (32%)
2026-02-01 14:15:38,558 - __main__ - INFO -   📊 Détails: 15/31 (48%)
2026-02-01 14:15:52,154 - __main__ - INFO -   📊 Détails: 20/31 (65%)
2026-02-01 14:16:05,719 - __main__ - INFO -   📊 Détails: 25/31 (81%)
2026-02-01 14:16:19,362 - __main__ - INFO -   📊 Détails: 30/31 (97%)
2026-02-01 14:16:22,078 - __main__ - INFO -   📊 Détails: 31/31 (100%)
2026-02-01 14:16:22,393 - __main__ - INFO - 📈 Ariana Ville: 190/199 annonces accumulées
2026-02-01 14:16:22,393 - __main__ - INFO - 📄 DERNIÈRE PAGE ATTEINTE POUR Ariana Ville
2026-02-01 14:16:22,393 - __main__ - INFO - ✅ FIN SCRAPING Ariana Ville: 190 annonces
2026-02-01 14:16:22,395 - __main__ - INFO - ✅ Ariana Ville: 190 annonces scrapées
2026-02-01 14:16:22,395 - __main__ - INFO - ⏳ Pause de 5s avant région suivante...
2026-02-01 14:16:27,398 - __main__ - INFO - 
============================================================
2026-02-01 14:16:27,398 - __main__ - INFO - 🎯 DÉBUT RÉGION: Hammam Sousse
2026-02-01 14:16:27,398 - __main__ - INFO - ============================================================
2026-02-01 14:16:27,398 - __main__ - INFO - 🚀 DÉBUT SCRAPING RÉGION: Hammam Sousse
2026-02-01 14:16:27,398 - __main__ - INFO - Détection pour: https://www.mubawab.tn/fr/st/hammam-sousse/appartements-a-louer
2026-02-01 14:16:29,207 - __main__ - INFO - ✅ Détecté: 149 annonces au total
2026-02-01 14:16:29,253 - __main__ - INFO - 📊 Estimation: 5 pages à 34 annonces/page
2026-02-01 14:16:29,253 - __main__ - INFO - 📊 Hammam Sousse: 149 annonces détectées
2026-02-01 14:16:29,253 - __main__ - INFO - 📄 Objectif: 149 annonces sur 5/5 pages
2026-02-01 14:16:29,253 - __main__ - INFO - 📈 Estimation: 34 annonces par page
2026-02-01 14:16:29,253 - __main__ - INFO - 📄 SCRAPING PAGE 1: https://www.mubawab.tn/fr/st/hammam-sousse/appartements-a-louer
2026-02-01 14:16:31,175 - __main__ - INFO - Total cartes uniques trouvées: 34
2026-02-01 14:16:31,175 - __main__ - INFO - Page 1: 34 cartes trouvées
2026-02-01 14:16:31,391 - __main__ - INFO - ✅ PAGE 1: 33 annonces valides, 1 invalides
2026-02-01 14:16:31,454 - __main__ - INFO - ✅ Page 1: 33 annonces trouvées
2026-02-01 14:16:31,454 - __main__ - INFO - 🔍 Extraction des détails pour 33 annonces...
2026-02-01 14:16:44,997 - __main__ - INFO -   📊 Détails: 5/33 (15%)
2026-02-01 14:16:58,782 - __main__ - INFO -   📊 Détails: 10/33 (30%)
2026-02-01 14:17:12,412 - __main__ - INFO -   📊 Détails: 15/33 (45%)
2026-02-01 14:17:26,270 - __main__ - INFO -   📊 Détails: 20/33 (61%)
2026-02-01 14:17:39,853 - __main__ - INFO -   📊 Détails: 25/33 (76%)
2026-02-01 14:17:53,758 - __main__ - INFO -   📊 Détails: 30/33 (91%)
2026-02-01 14:18:02,088 - __main__ - INFO -   📊 Détails: 33/33 (100%)
2026-02-01 14:18:02,396 - __main__ - INFO - 📈 Hammam Sousse: 33/149 annonces accumulées
2026-02-01 14:18:02,396 - __main__ - INFO - ⏳ Pause de 2s avant page 2...
2026-02-01 14:18:04,399 - __main__ - INFO - 📄 SCRAPING PAGE 2: https://www.mubawab.tn/fr/st/hammam-sousse/appartements-a-louer:p:2
2026-02-01 14:18:06,360 - __main__ - INFO - Total cartes uniques trouvées: 34
2026-02-01 14:18:06,360 - __main__ - INFO - Page 2: 34 cartes trouvées
2026-02-01 14:18:06,595 - __main__ - INFO - ✅ PAGE 2: 30 annonces valides, 4 invalides
2026-02-01 14:18:06,651 - __main__ - INFO - ✅ Page 2: 30 annonces trouvées
2026-02-01 14:18:06,651 - __main__ - INFO - 🔍 Extraction des détails pour 30 annonces...
2026-02-01 14:18:21,245 - __main__ - INFO -   📊 Détails: 5/30 (17%)
2026-02-01 14:18:34,745 - __main__ - INFO -   📊 Détails: 10/30 (33%)
2026-02-01 14:18:53,852 - __main__ - INFO -   📊 Détails: 15/30 (50%)
2026-02-01 14:19:18,979 - __main__ - INFO -   📊 Détails: 20/30 (67%)
2026-02-01 14:19:39,965 - __main__ - INFO -   📊 Détails: 25/30 (83%)
2026-02-01 14:20:02,488 - __main__ - INFO -   📊 Détails: 30/30 (100%)
2026-02-01 14:20:02,795 - __main__ - INFO - 📈 Hammam Sousse: 63/149 annonces accumulées
2026-02-01 14:20:02,795 - __main__ - INFO - ⏳ Pause de 2s avant page 3...
2026-02-01 14:20:04,797 - __main__ - INFO - 📄 SCRAPING PAGE 3: https://www.mubawab.tn/fr/st/hammam-sousse/appartements-a-louer:p:3
2026-02-01 14:20:08,322 - __main__ - INFO - Total cartes uniques trouvées: 34
2026-02-01 14:20:08,322 - __main__ - INFO - Page 3: 34 cartes trouvées
2026-02-01 14:20:08,533 - __main__ - INFO - ✅ PAGE 3: 32 annonces valides, 2 invalides
2026-02-01 14:20:08,581 - __main__ - INFO - ✅ Page 3: 32 annonces trouvées
2026-02-01 14:20:08,581 - __main__ - INFO - 🔍 Extraction des détails pour 32 annonces...
2026-02-01 14:20:30,883 - __main__ - INFO -   📊 Détails: 5/32 (16%)
2026-02-01 14:20:53,368 - __main__ - INFO -   📊 Détails: 10/32 (31%)
2026-02-01 14:21:10,777 - __main__ - INFO -   📊 Détails: 15/32 (47%)
2026-02-01 14:21:28,363 - __main__ - INFO -   📊 Détails: 20/32 (62%)
2026-02-01 14:21:43,557 - __main__ - INFO -   📊 Détails: 25/32 (78%)
2026-02-01 14:21:58,571 - __main__ - INFO -   📊 Détails: 30/32 (94%)
2026-02-01 14:22:04,480 - __main__ - INFO -   📊 Détails: 32/32 (100%)
2026-02-01 14:22:04,783 - __main__ - INFO - 📈 Hammam Sousse: 95/149 annonces accumulées
2026-02-01 14:22:04,783 - __main__ - INFO - ⏳ Pause de 2s avant page 4...
2026-02-01 14:22:06,785 - __main__ - INFO - 📄 SCRAPING PAGE 4: https://www.mubawab.tn/fr/st/hammam-sousse/appartements-a-louer:p:4
2026-02-01 14:22:08,937 - __main__ - INFO - Total cartes uniques trouvées: 34
2026-02-01 14:22:08,937 - __main__ - INFO - Page 4: 34 cartes trouvées
2026-02-01 14:22:09,236 - __main__ - INFO - ✅ PAGE 4: 32 annonces valides, 2 invalides
2026-02-01 14:22:09,288 - __main__ - INFO - ✅ Page 4: 32 annonces trouvées
2026-02-01 14:22:09,288 - __main__ - INFO - 🔍 Extraction des détails pour 32 annonces...
2026-02-01 14:22:35,625 - __main__ - INFO -   📊 Détails: 5/32 (16%)
2026-02-01 14:23:52,586 - __main__ - INFO -   📊 Détails: 10/32 (31%)
2026-02-01 14:24:11,388 - __main__ - INFO -   📊 Détails: 15/32 (47%)
2026-02-01 14:24:27,621 - __main__ - INFO -   📊 Détails: 20/32 (62%)
2026-02-01 14:24:45,885 - __main__ - INFO -   📊 Détails: 25/32 (78%)
2026-02-01 14:25:01,276 - __main__ - INFO -   📊 Détails: 30/32 (94%)
2026-02-01 14:25:07,271 - __main__ - INFO -   📊 Détails: 32/32 (100%)
2026-02-01 14:25:07,583 - __main__ - INFO - 📈 Hammam Sousse: 127/149 annonces accumulées
2026-02-01 14:25:07,583 - __main__ - INFO - ⏳ Pause de 4s avant page 5...
2026-02-01 14:25:11,585 - __main__ - INFO - 📄 SCRAPING PAGE 5: https://www.mubawab.tn/fr/st/hammam-sousse/appartements-a-louer:p:5
2026-02-01 14:25:13,419 - __main__ - INFO - Total cartes uniques trouvées: 18
2026-02-01 14:25:13,419 - __main__ - INFO - Page 5: 18 cartes trouvées
2026-02-01 14:25:13,524 - __main__ - INFO - ✅ PAGE 5: 17 annonces valides, 1 invalides
2026-02-01 14:25:13,559 - __main__ - INFO - ✅ Page 5: 17 annonces trouvées
2026-02-01 14:25:13,559 - __main__ - INFO - 🔍 Extraction des détails pour 17 annonces...
2026-02-01 14:25:29,589 - __main__ - INFO -   📊 Détails: 5/17 (29%)
2026-02-01 14:25:43,938 - __main__ - INFO -   📊 Détails: 10/17 (59%)
2026-02-01 14:25:58,219 - __main__ - INFO -   📊 Détails: 15/17 (88%)
2026-02-01 14:26:03,771 - __main__ - INFO -   📊 Détails: 17/17 (100%)
2026-02-01 14:26:04,086 - __main__ - INFO - 📈 Hammam Sousse: 144/149 annonces accumulées
2026-02-01 14:26:04,086 - __main__ - INFO - 📄 DERNIÈRE PAGE ATTEINTE POUR Hammam Sousse
2026-02-01 14:26:04,086 - __main__ - INFO - ✅ FIN SCRAPING Hammam Sousse: 144 annonces
2026-02-01 14:26:04,086 - __main__ - INFO - ✅ Hammam Sousse: 144 annonces scrapées
2026-02-01 14:26:04,086 - __main__ - INFO - ⏳ Pause de 5s avant région suivante...
2026-02-01 14:26:09,089 - __main__ - INFO - 
============================================================
2026-02-01 14:26:09,089 - __main__ - INFO - 🎯 DÉBUT RÉGION: Nabeul
2026-02-01 14:26:09,089 - __main__ - INFO - ============================================================
2026-02-01 14:26:09,089 - __main__ - INFO - 🚀 DÉBUT SCRAPING RÉGION: Nabeul
2026-02-01 14:26:09,089 - __main__ - INFO - Détection pour: https://www.mubawab.tn/fr/st/nabeul/appartements-a-louer
2026-02-01 14:26:10,966 - __main__ - INFO - ✅ Détecté: 140 annonces au total
2026-02-01 14:26:11,014 - __main__ - INFO - 📊 Estimation: 5 pages à 34 annonces/page
2026-02-01 14:26:11,022 - __main__ - INFO - 📊 Nabeul: 140 annonces détectées
2026-02-01 14:26:11,022 - __main__ - INFO - 📄 Objectif: 140 annonces sur 5/5 pages
2026-02-01 14:26:11,023 - __main__ - INFO - 📈 Estimation: 34 annonces par page
2026-02-01 14:26:11,023 - __main__ - INFO - 📄 SCRAPING PAGE 1: https://www.mubawab.tn/fr/st/nabeul/appartements-a-louer
2026-02-01 14:26:13,106 - __main__ - INFO - Total cartes uniques trouvées: 34
2026-02-01 14:26:13,106 - __main__ - INFO - Page 1: 34 cartes trouvées
2026-02-01 14:26:13,358 - __main__ - INFO - ✅ PAGE 1: 33 annonces valides, 1 invalides
2026-02-01 14:26:13,416 - __main__ - INFO - ✅ Page 1: 33 annonces trouvées
2026-02-01 14:26:13,416 - __main__ - INFO - 🔍 Extraction des détails pour 33 annonces...
2026-02-01 14:26:27,839 - __main__ - INFO -   📊 Détails: 5/33 (15%)
2026-02-01 14:26:41,772 - __main__ - INFO -   📊 Détails: 10/33 (30%)
2026-02-01 14:26:56,340 - __main__ - INFO -   📊 Détails: 15/33 (45%)
2026-02-01 14:27:10,054 - __main__ - INFO -   📊 Détails: 20/33 (61%)
2026-02-01 14:27:24,619 - __main__ - INFO -   📊 Détails: 25/33 (76%)
2026-02-01 14:27:38,954 - __main__ - INFO -   📊 Détails: 30/33 (91%)
2026-02-01 14:27:47,119 - __main__ - INFO -   📊 Détails: 33/33 (100%)
2026-02-01 14:27:47,428 - __main__ - INFO - 📈 Nabeul: 33/140 annonces accumulées
2026-02-01 14:27:47,428 - __main__ - INFO - ⏳ Pause de 2s avant page 2...
2026-02-01 14:27:49,430 - __main__ - INFO - 📄 SCRAPING PAGE 2: https://www.mubawab.tn/fr/st/nabeul/appartements-a-louer:p:2
2026-02-01 14:27:51,940 - __main__ - INFO - Total cartes uniques trouvées: 34
2026-02-01 14:27:51,940 - __main__ - INFO - Page 2: 34 cartes trouvées
2026-02-01 14:27:52,218 - __main__ - INFO - ✅ PAGE 2: 33 annonces valides, 1 invalides
2026-02-01 14:27:52,286 - __main__ - INFO - ✅ Page 2: 33 annonces trouvées
2026-02-01 14:27:52,286 - __main__ - INFO - 🔍 Extraction des détails pour 33 annonces...
2026-02-01 14:28:05,882 - __main__ - INFO -   📊 Détails: 5/33 (15%)
2026-02-01 14:28:19,646 - __main__ - INFO -   📊 Détails: 10/33 (30%)
2026-02-01 14:28:33,684 - __main__ - INFO -   📊 Détails: 15/33 (45%)
2026-02-01 14:28:47,404 - __main__ - INFO -   📊 Détails: 20/33 (61%)
2026-02-01 14:29:01,580 - __main__ - INFO -   📊 Détails: 25/33 (76%)
2026-02-01 14:29:16,420 - __main__ - INFO -   📊 Détails: 30/33 (91%)
2026-02-01 14:29:26,322 - __main__ - INFO -   📊 Détails: 33/33 (100%)
2026-02-01 14:29:26,631 - __main__ - INFO - 📈 Nabeul: 66/140 annonces accumulées
2026-02-01 14:29:26,631 - __main__ - INFO - ⏳ Pause de 2s avant page 3...
2026-02-01 14:29:28,633 - __main__ - INFO - 📄 SCRAPING PAGE 3: https://www.mubawab.tn/fr/st/nabeul/appartements-a-louer:p:3
2026-02-01 14:29:30,723 - __main__ - INFO - Total cartes uniques trouvées: 34
2026-02-01 14:29:30,723 - __main__ - INFO - Page 3: 34 cartes trouvées
2026-02-01 14:29:30,963 - __main__ - INFO - ✅ PAGE 3: 33 annonces valides, 1 invalides
2026-02-01 14:29:31,031 - __main__ - INFO - ✅ Page 3: 33 annonces trouvées
2026-02-01 14:29:31,031 - __main__ - INFO - 🔍 Extraction des détails pour 33 annonces...
2026-02-01 14:29:47,078 - __main__ - INFO -   📊 Détails: 5/33 (15%)
2026-02-01 14:30:01,441 - __main__ - INFO -   📊 Détails: 10/33 (30%)
2026-02-01 14:30:15,296 - __main__ - INFO -   📊 Détails: 15/33 (45%)
2026-02-01 14:30:29,054 - __main__ - INFO -   📊 Détails: 20/33 (61%)
2026-02-01 14:30:42,974 - __main__ - INFO -   📊 Détails: 25/33 (76%)
2026-02-01 14:30:57,131 - __main__ - INFO -   📊 Détails: 30/33 (91%)
2026-02-01 14:31:05,470 - __main__ - INFO -   📊 Détails: 33/33 (100%)
2026-02-01 14:31:05,778 - __main__ - INFO - 📈 Nabeul: 99/140 annonces accumulées
2026-02-01 14:31:05,778 - __main__ - INFO - ⏳ Pause de 2s avant page 4...
2026-02-01 14:31:07,780 - __main__ - INFO - 📄 SCRAPING PAGE 4: https://www.mubawab.tn/fr/st/nabeul/appartements-a-louer:p:4
2026-02-01 14:31:10,004 - __main__ - INFO - Total cartes uniques trouvées: 34
2026-02-01 14:31:10,004 - __main__ - INFO - Page 4: 34 cartes trouvées
2026-02-01 14:31:10,258 - __main__ - INFO - ✅ PAGE 4: 32 annonces valides, 2 invalides
2026-02-01 14:31:10,309 - __main__ - INFO - ✅ Page 4: 32 annonces trouvées
2026-02-01 14:31:10,309 - __main__ - INFO - 🔍 Extraction des détails pour 32 annonces...
2026-02-01 14:31:23,604 - __main__ - INFO -   📊 Détails: 5/32 (16%)
2026-02-01 14:31:37,811 - __main__ - INFO -   📊 Détails: 10/32 (31%)
2026-02-01 14:31:52,622 - __main__ - INFO -   📊 Détails: 15/32 (47%)
2026-02-01 14:32:06,807 - __main__ - INFO -   📊 Détails: 20/32 (62%)
2026-02-01 14:32:21,082 - __main__ - INFO -   📊 Détails: 25/32 (78%)
2026-02-01 14:32:36,618 - __main__ - INFO -   📊 Détails: 30/32 (94%)
2026-02-01 14:32:42,539 - __main__ - INFO -   📊 Détails: 32/32 (100%)
2026-02-01 14:32:42,842 - __main__ - INFO - 📈 Nabeul: 131/140 annonces accumulées
2026-02-01 14:32:42,842 - __main__ - INFO - ⏳ Pause de 4s avant page 5...
2026-02-01 14:32:46,844 - __main__ - INFO - 📄 SCRAPING PAGE 5: https://www.mubawab.tn/fr/st/nabeul/appartements-a-louer:p:5
2026-02-01 14:32:49,203 - __main__ - INFO - Total cartes uniques trouvées: 34
2026-02-01 14:32:49,203 - __main__ - INFO - Page 5: 34 cartes trouvées
2026-02-01 14:32:49,454 - __main__ - INFO - ✅ PAGE 5: 8 annonces valides, 26 invalides
2026-02-01 14:32:49,511 - __main__ - INFO - ✅ Page 5: 8 annonces trouvées
2026-02-01 14:32:49,511 - __main__ - INFO - 🔍 Extraction des détails pour 8 annonces...
2026-02-01 14:33:03,899 - __main__ - INFO -   📊 Détails: 5/8 (62%)
2026-02-01 14:33:13,112 - __main__ - INFO -   📊 Détails: 8/8 (100%)
2026-02-01 14:33:13,420 - __main__ - INFO - 📈 Nabeul: 139/140 annonces accumulées
2026-02-01 14:33:13,420 - __main__ - INFO - 📄 DERNIÈRE PAGE ATTEINTE POUR Nabeul
2026-02-01 14:33:13,420 - __main__ - INFO - ✅ FIN SCRAPING Nabeul: 139 annonces
2026-02-01 14:33:13,420 - __main__ - INFO - ✅ Nabeul: 139 annonces scrapées
2026-02-01 14:33:13,420 - __main__ - INFO - ⏳ Pause de 5s avant région suivante...
2026-02-01 14:33:18,424 - __main__ - INFO - 
============================================================
2026-02-01 14:33:18,424 - __main__ - INFO - 🎯 DÉBUT RÉGION: Carthage
2026-02-01 14:33:18,424 - __main__ - INFO - ============================================================
2026-02-01 14:33:18,424 - __main__ - INFO - 🚀 DÉBUT SCRAPING RÉGION: Carthage
2026-02-01 14:33:18,424 - __main__ - INFO - Détection pour: https://www.mubawab.tn/fr/st/carthage/appartements-a-louer
2026-02-01 14:33:20,872 - __main__ - INFO - ✅ Détecté: 120 annonces au total
2026-02-01 14:33:20,923 - __main__ - INFO - 📊 Estimation: 4 pages à 34 annonces/page
2026-02-01 14:33:20,926 - __main__ - INFO - 📊 Carthage: 120 annonces détectées
2026-02-01 14:33:20,926 - __main__ - INFO - 📄 Objectif: 120 annonces sur 4/4 pages
2026-02-01 14:33:20,926 - __main__ - INFO - 📈 Estimation: 34 annonces par page
2026-02-01 14:33:20,926 - __main__ - INFO - 📄 SCRAPING PAGE 1: https://www.mubawab.tn/fr/st/carthage/appartements-a-louer
2026-02-01 14:33:23,398 - __main__ - INFO - Total cartes uniques trouvées: 34
2026-02-01 14:33:23,398 - __main__ - INFO - Page 1: 34 cartes trouvées
2026-02-01 14:33:23,637 - __main__ - INFO - ✅ PAGE 1: 30 annonces valides, 4 invalides
2026-02-01 14:33:23,693 - __main__ - INFO - ✅ Page 1: 30 annonces trouvées
2026-02-01 14:33:23,693 - __main__ - INFO - 🔍 Extraction des détails pour 30 annonces...
2026-02-01 14:33:40,170 - __main__ - INFO -   📊 Détails: 5/30 (17%)
2026-02-01 14:33:56,620 - __main__ - INFO -   📊 Détails: 10/30 (33%)
2026-02-01 14:34:11,775 - __main__ - INFO -   📊 Détails: 15/30 (50%)
2026-02-01 14:34:26,546 - __main__ - INFO -   📊 Détails: 20/30 (67%)
2026-02-01 14:34:40,943 - __main__ - INFO -   📊 Détails: 25/30 (83%)
2026-02-01 14:34:55,876 - __main__ - INFO -   📊 Détails: 30/30 (100%)
2026-02-01 14:34:56,185 - __main__ - INFO - 📈 Carthage: 30/120 annonces accumulées
2026-02-01 14:34:56,185 - __main__ - INFO - ⏳ Pause de 2s avant page 2...
2026-02-01 14:34:58,187 - __main__ - INFO - 📄 SCRAPING PAGE 2: https://www.mubawab.tn/fr/st/carthage/appartements-a-louer:p:2
2026-02-01 14:35:00,422 - __main__ - INFO - Total cartes uniques trouvées: 34
2026-02-01 14:35:00,422 - __main__ - INFO - Page 2: 34 cartes trouvées
2026-02-01 14:35:00,638 - __main__ - INFO - ✅ PAGE 2: 28 annonces valides, 6 invalides
2026-02-01 14:35:00,695 - __main__ - INFO - ✅ Page 2: 28 annonces trouvées
2026-02-01 14:35:00,695 - __main__ - INFO - 🔍 Extraction des détails pour 28 annonces...
2026-02-01 14:35:14,655 - __main__ - INFO -   📊 Détails: 5/28 (18%)
2026-02-01 14:35:28,312 - __main__ - INFO -   📊 Détails: 10/28 (36%)
2026-02-01 14:35:49,733 - __main__ - INFO -   📊 Détails: 15/28 (54%)
2026-02-01 14:36:03,707 - __main__ - INFO -   📊 Détails: 20/28 (71%)
2026-02-01 14:36:17,932 - __main__ - INFO -   📊 Détails: 25/28 (89%)
2026-02-01 14:36:26,572 - __main__ - INFO -   📊 Détails: 28/28 (100%)
2026-02-01 14:36:26,887 - __main__ - INFO - 📈 Carthage: 58/120 annonces accumulées
2026-02-01 14:36:26,887 - __main__ - INFO - ⏳ Pause de 2s avant page 3...
2026-02-01 14:36:28,889 - __main__ - INFO - 📄 SCRAPING PAGE 3: https://www.mubawab.tn/fr/st/carthage/appartements-a-louer:p:3
2026-02-01 14:36:31,145 - __main__ - INFO - Total cartes uniques trouvées: 34
2026-02-01 14:36:31,145 - __main__ - INFO - Page 3: 34 cartes trouvées
2026-02-01 14:36:31,352 - __main__ - INFO - ✅ PAGE 3: 26 annonces valides, 8 invalides
2026-02-01 14:36:31,409 - __main__ - INFO - ✅ Page 3: 26 annonces trouvées
2026-02-01 14:36:31,409 - __main__ - INFO - 🔍 Extraction des détails pour 26 annonces...
2026-02-01 14:36:45,351 - __main__ - INFO -   📊 Détails: 5/26 (19%)
2026-02-01 14:37:03,280 - __main__ - INFO -   📊 Détails: 10/26 (38%)
2026-02-01 14:37:17,611 - __main__ - INFO -   📊 Détails: 15/26 (58%)
2026-02-01 14:37:31,576 - __main__ - INFO -   📊 Détails: 20/26 (77%)
2026-02-01 14:37:46,121 - __main__ - INFO -   📊 Détails: 25/26 (96%)
2026-02-01 14:37:48,978 - __main__ - INFO -   📊 Détails: 26/26 (100%)
2026-02-01 14:37:49,280 - __main__ - INFO - 📈 Carthage: 84/120 annonces accumulées
2026-02-01 14:37:49,280 - __main__ - INFO - ⏳ Pause de 2s avant page 4...
2026-02-01 14:37:51,282 - __main__ - INFO - 📄 SCRAPING PAGE 4: https://www.mubawab.tn/fr/st/carthage/appartements-a-louer:p:4
2026-02-01 14:37:53,262 - __main__ - INFO - Total cartes uniques trouvées: 26
2026-02-01 14:37:53,262 - __main__ - INFO - Page 4: 26 cartes trouvées
2026-02-01 14:37:53,418 - __main__ - INFO - ✅ PAGE 4: 22 annonces valides, 4 invalides
2026-02-01 14:37:53,475 - __main__ - INFO - ✅ Page 4: 22 annonces trouvées
2026-02-01 14:37:53,475 - __main__ - INFO - 🔍 Extraction des détails pour 22 annonces...
2026-02-01 14:38:07,152 - __main__ - INFO -   📊 Détails: 5/22 (23%)
2026-02-01 14:38:20,936 - __main__ - INFO -   📊 Détails: 10/22 (45%)
2026-02-01 14:38:34,636 - __main__ - INFO -   📊 Détails: 15/22 (68%)
2026-02-01 14:38:48,436 - __main__ - INFO -   📊 Détails: 20/22 (91%)
2026-02-01 14:38:53,951 - __main__ - INFO -   📊 Détails: 22/22 (100%)
2026-02-01 14:38:54,259 - __main__ - INFO - 📈 Carthage: 106/120 annonces accumulées
2026-02-01 14:38:54,259 - __main__ - INFO - 📄 DERNIÈRE PAGE ATTEINTE POUR Carthage
2026-02-01 14:38:54,259 - __main__ - INFO - ✅ FIN SCRAPING Carthage: 106 annonces
2026-02-01 14:38:54,259 - __main__ - INFO - ✅ Carthage: 106 annonces scrapées
2026-02-01 14:38:54,886 - __main__ - INFO - ✅ CSV SAUVEGARDÉ: mubawab_location_appartements_complet_20260201_143854.csv
2026-02-01 14:38:55,779 - __main__ - INFO - ✅ JSON SAUVEGARDÉ: mubawab_location_appartements_complet_20260201_143854.json
