id,titre,url,region,ville,quartier,adresse,type_maison,type_transaction,prix,prix_text,prix_m2,surface,surface_text,nombre_pieces,nombre_chambres,nombre_sdb,annee_construction,etage,batiment,residence,description_courte,description_complete,equipements,amenities_maison,equipements_detaille,images,caracteristiques,localisation,informations_supplementaires,conditions_vente,contact_info,date_scraping,page_source,is_valid
8295317,Un duplex à la marsa avec jardin,https://www.mubawab.tn/fr/a/8295317/un-duplex-%C3%A0-la-marsa-avec-jardin,,La Marsa,,La Marsa,Duplex,Vente,850000.0,850 000 TND,850000.0,140.0,"140
						m²",5,4,0,,,,,"À vendre : Duplex à La Marsa À vendre un charmant duplex situé à La Marsa, réparti sur deux niveaux et offrant un cadre de vie agréable Caractéristiques : Superficie totale : 140 m² Composition : Rez-de-chaussée : Un salon Une cuisine entièrement équipée (plaque, hotte, four)","À vendre : Duplex à La MarsaÀ vendre un charmant duplex situé à La Marsa, réparti sur deux niveaux et offrant un cadre de vie agréableCaractéristiques :Superficie totale : 140 m²Composition :Rez-de-chaussée :Un salonUne cuisine entièrement équipée (plaque, hotte, four), récemment installéeUne salle d’eau pour les invitésÀ l’étage :Une salle de douche à l’italienne, récemment rénovéeTrois chambres à coucher avec placardsUn séchoirExtérieurs & commodités :Une grande terrasseUn abriPrix : 850 000 DTContacter agence villa ( agence immobilière agrée)Tel : 29387777#DuplexAVendre #LaMarsa #ResidenceMoez #ImmobilierTunisie #VenteImmobiliere #DuplexS3 #Terrasse #CuisineEquipee #MaisonDeStanding #RealEstateTunisia",Jardin; Terrasse; Garage; Entre-seul; Salon européen; Cheminée; Climatisation; Chauffage central; Sécurité; Double vitrage; Porte blindée; Cuisine équipée; Four,Climatisation; Chauffage central; Sécurité; Double vitrage; Porte blindée; Cuisine équipée; Garage; Terrasse; Jardin; Cheminée,Jardin; Terrasse; Garage; Entre-seul; Salon européen; Cheminée; Climatisation; Chauffage central; Sécurité; Double vitrage; Porte blindée; Cuisine équipée; Four,https://www.mubawab-media.com/assets/logos/mubawab.png; https://www.mubawab-media.com/assets/common/loading.gif; https://www.mubawab-media.com/ad/8/295/317F/h/621156463_1586310719181480_7595501479568121445_n_81881076.avif; https://www.mubawab-media.com/ad/8/295/317F/h/623927146_1220750553365137_2797215559258227759_n_81881077.avif; https://www.mubawab-media.com/ad/8/295/317F/h/623504167_1836442400392814_1902173640031893617_n_81881078.avif; https://www.mubawab-media.com/ad/8/295/317F/h/621795283_1515990092804661_559546637909856303_n_81881079.avif; https://www.mubawab-media.com/ad/8/295/317F/h/622545093_880570691244969_5267614530084540777_n_81881080.avif; https://www.mubawab-media.com/ad/8/295/317F/h/622574717_919299393857502_1324624062758766333_n_81881081.avif; https://www.mubawab-media.com/ad/8/295/317F/h/622659929_1567096751067535_6852991654084759104_n_81881082.avif; https://www.mubawab-media.com/ad/8/295/317F/h/621189167_1553516282584788_8632218668630214284_n_81881083.avif; https://www.mubawab-media.com/ad/8/295/317F/h/622951459_1868378421218927_4430614714433764294_n_81881084.avif; https://www.mubawab-media.com/ad/8/295/317F/h/623914084_1443402010777524_1139294534686490625_n_81881085.avif; https://www.mubawab-media.com/ad/8/295/317F/h/626411105_4337832156489005_8686898250670868125_n_81881086.avif; https://www.mubawab-media.com/business/7/466F/s/82844627_498767614082585_8366555078101827584_n.avif,"{""type de bien"": ""Maison"", ""etat"": ""Jamais habité / rénové""}","{""latitude"": ""36.876389"", ""longitude"": ""10.325278""}","{""parking"": ""Oui"", ""climatisation"": ""Oui"", ""securite"": ""Oui"", ""jardin"": ""Oui"", ""terrasse"": ""Oui""}","{""etat"": ""Neuf""}","{""formulaire_contact"": ""Disponible""}",2026-02-01T12:54:31.701642,search,True
8288951,Villa à rénover à La Marsa,https://www.mubawab.tn/fr/a/8288951/villa-%C3%A0-r%C3%A9nover-%C3%A0-la-marsa,,La Marsa,,La Marsa,Villa,Vente,880000.0,880 000 TND,880000.0,250.0,"250
						m²",5,4,0,,,,,"Située à La Marsa, dans le quartier Cité Roseraie, cette villa est construite sur un terrain de 350 m² et offre environ 250 m² couverts. Le bien nécessite des travaux de rénovation et présente un fort potentiel d’aménagement. Composition : Rez-de-jardin : cuisine, grand salon, séjour, salle d’","Située à La Marsa, dans le quartier Cité Roseraie, cette villa est construite sur un terrain de 350 m² et offre environ 250 m² couverts. Le bien nécessite des travaux de rénovation et présente un fort potentiel d’aménagement.Composition :Rez-de-jardin : cuisine, grand salon, séjour, salle d’eauRez-de-chaussée : 4 chambres à coucher, salon, 2 salles de bainPossibilité de construire un étage supplémentaire.Villa idéale pour une famille ou pour un projet de rénovation et valorisation dans un secteur recherché de La Marsa.Pour plus d’informations ou pour organiser une visite, merci de nous contacter.",Jardin; Terrasse,Terrasse; Jardin,Jardin; Terrasse,https://www.mubawab-media.com/assets/logos/mubawab.png; https://www.mubawab-media.com/assets/common/loading.gif; https://www.mubawab-media.com/ad/8/288/951F/h/1000154867_81811348.avif; https://www.mubawab-media.com/ad/8/288/951F/h/1000154863_81811349.avif; https://www.mubawab-media.com/ad/8/288/951F/h/1000154865_81811350.avif; https://www.mubawab-media.com/business/8/982F/s/hi-e1344281181898_42745763.avif; https://www.mubawab-media.com/ad/8/012/675F/m/WhatsApp%20Image%202024-09-16%20%C3%A0%2021.13.11_50f9436b_78991157.avif; https://www.mubawab-media.com/ad/8/295/317F/m/621156463_1586310719181480_7595501479568121445_n_81881076.avif; https://www.mubawab-media.com/ad/8/285/576F/m/thumb_1238288_property_large_81776172.avif; https://www.mubawab-media.com/ad/8/276/001F/m/2_81671405.avif; https://www.mubawab-media.com/assets/common/banks/atijjaribank.png; https://www.mubawab-media.com/assets/common/app-store/google-play-small.png; https://www.mubawab-media.com/assets/common/app-store/app-store-small.png,"{""type de bien"": ""Maison"", ""etat"": ""À rénover""}","{""latitude"": ""36.876389"", ""longitude"": ""10.325278""}","{""jardin"": ""Oui"", ""terrasse"": ""Oui""}","{""etat"": ""Neuf""}","{""formulaire_contact"": ""Disponible""}",2026-02-01T12:54:31.738213,search,True
8286513,Villa S4 à La Marina,https://www.mubawab.tn/fr/a/8286513/villa-s4-%C3%A0-la-marina,,La Marsa,,La Marsa,Villa,Vente,3300000.0,3 300 000 TND,0,0,,0,0,0,,,,,Référence du bien: Ref8653a,Référence du bien: Ref8653a,,,,https://www.mubawab-media.com/assets/logos/mubawab.png; https://www.mubawab-media.com/assets/common/loading.gif; https://www.mubawab-media.com/ad/8/286/513F/h/thumb_1219091_property_xlarge_81785520.avif; https://www.mubawab-media.com/ad/8/286/513F/h/thumb_1219090_property_xlarge_81785521.avif; https://www.mubawab-media.com/ad/8/286/513F/h/thumb_1219078_property_xlarge_81785522.avif; https://www.mubawab-media.com/ad/8/286/513F/h/thumb_1219089_property_xlarge_81785523.avif; https://www.mubawab-media.com/ad/8/286/513F/h/thumb_1219088_property_xlarge_81785524.avif; https://www.mubawab-media.com/ad/8/286/513F/h/thumb_1219087_property_xlarge_81785525.avif; https://www.mubawab-media.com/ad/8/286/513F/h/thumb_1219086_property_xlarge_81785526.avif; https://www.mubawab-media.com/ad/8/286/513F/h/thumb_1219085_property_xlarge_81785527.avif; https://www.mubawab-media.com/ad/8/286/513F/h/thumb_1219084_property_xlarge_81785528.avif; https://www.mubawab-media.com/ad/8/286/513F/h/thumb_1219083_property_xlarge_81785529.avif; https://www.mubawab-media.com/ad/8/286/513F/h/thumb_1219082_property_xlarge_81785530.avif; https://www.mubawab-media.com/ad/8/286/513F/h/thumb_1219081_property_xlarge_81785531.avif; https://www.mubawab-media.com/ad/8/286/513F/h/thumb_1219080_property_xlarge_81785532.avif; https://www.mubawab-media.com/ad/8/286/513F/h/thumb_1219079_property_xlarge_81785533.avif,"{""type de bien"": ""Maison""}","{""latitude"": ""36.876389"", ""longitude"": ""10.325278""}",{},"{""etat"": ""Neuf""}","{""formulaire_contact"": ""Disponible""}",2026-02-01T12:54:31.748192,search,True
8285576,Triplex S5 avec ascenseur à Gammarth,https://www.mubawab.tn/fr/a/8285576/triplex-s5-avec-ascenseur-%C3%A0-gammarth,,La Marsa,Gammarth Village,"Gammarth Village, La Marsa",Villa,Vente,920000.0,920 000 TND,920000.0,160.0,"160
						m²",5,5,1,,,,,"Opendoor La Marsa vous propose à la vente un magnifique triplex S5 avec ascenseur et piscine, idéalement situé dans un quartier résidentiel calme et sécurisé à Gammarth. Le rez-de-chaussée offre un spacieux salon–salle à manger baigné de lumière, ouvrant sur un agréable jardin. Il comprend égalemen","Opendoor La Marsa vous propose à la vente un magnifique triplex S5 avec ascenseur et piscine, idéalement situé dans un quartier résidentiel calme et sécurisé à Gammarth.Le rez-de-chaussée offre un spacieux salon–salle à manger baigné de lumière, ouvrant sur un agréable jardin. Il comprend également une cuisine moderne entièrement équipée (plaque, hotte, four) disposant d’un séchoir et d’un débarras, ainsi qu’une salle d’eau pour les invités.Au premier étage, l’espace nuit se compose de trois chambres à coucher se partageant une salle de bain, en plus d’une suite avec sa propre salle d’eau.Le deuxième étage est dédié à une suite parentale avec salle de bain privative, donnant accès à une piscine privée. Cet espace exclusif est idéal pour des moments de détente, tout en profitant d’une vue dégagée.Ce bien rare allie luxe, confort et fonctionnalité, et conviendra parfaitement à une famille à la recherche d’un cadre de vie haut de gamme.",Jardin; Ascenseur; Piscine; Chambre rangement; Four,Ascenseur; Jardin; Piscine,Jardin; Ascenseur; Piscine; Chambre rangement; Four,https://www.mubawab-media.com/assets/logos/mubawab.png; https://www.mubawab-media.com/assets/common/loading.gif; https://www.mubawab-media.com/ad/8/285/576F/h/thumb_1238288_property_large_81776172.avif; https://www.mubawab-media.com/ad/8/285/576F/h/thumb_1238296_property_large_81776173.avif; https://www.mubawab-media.com/ad/8/285/576F/h/thumb_1238286_property_large_81776174.avif; https://www.mubawab-media.com/ad/8/285/576F/h/thumb_1238284_property_large_81776175.avif; https://www.mubawab-media.com/ad/8/285/576F/h/thumb_1238295_property_large_81776176.avif; https://www.mubawab-media.com/ad/8/285/576F/h/thumb_1238294_property_large_81776177.avif; https://www.mubawab-media.com/ad/8/285/576F/h/thumb_1238291_property_large_81776178.avif; https://www.mubawab-media.com/ad/8/285/576F/h/thumb_1238290_property_large_81776179.avif; https://www.mubawab-media.com/ad/8/285/576F/h/thumb_1238289_property_large_81776180.avif; https://www.mubawab-media.com/ad/8/285/576F/h/thumb_1238287_property_large_81776181.avif; https://www.mubawab-media.com/ad/8/285/576F/h/thumb_1238297_property_large_81776182.avif; https://www.mubawab-media.com/ad/8/285/576F/h/thumb_1238285_property_large_81776183.avif,"{""type de bien"": ""Maison"", ""etat"": ""Bon état / habitable""}","{""latitude"": ""36.876389"", ""longitude"": ""10.325278""}","{""ascenseur"": ""Oui"", ""piscine"": ""Oui"", ""jardin"": ""Oui""}","{""etat"": ""Neuf""}","{""formulaire_contact"": ""Disponible""}",2026-02-01T12:54:31.758351,search,True
8263627,Vente Villa Jumelée sur la Route du Relais,https://www.mubawab.tn/fr/a/8263627/vente-villa-jumel%C3%A9e-sur-la-route-du-relais,,La Marsa,,La Marsa,Villa,Vente,0,Prix à consulter,0,250.0,"250
						m²",4,3,0,,,,,"Confort Immo vous propose à la vente une élégante villa jumelée située sur la Route du Relais, offrant confort, luminosité et une excellente qualité de vie. Superficie : Terrain : 285 m² Bâti : 250 m² Villa édifiée sur deux niveaux * Rez-de-chaussée : Spacieux salon avec salle à ma","Confort Immo vous propose à la vente une élégante villa jumelée située sur la Route du Relais, offrant confort, luminosité et une excellente qualité de vie.Superficie :Terrain : 285 m²Bâti : 250 m²Villa édifiée sur deux niveaux* Rez-de-chaussée :Spacieux salon avec salle à mangerCuisine américaine moderneCuisine de préparation indépendanteSalle d’eau pour les invitésSéjour pouvant servir d’espace familial ou bureau*Étage :Trois suites, chacune avec salle de bain privativeAtouts :GaragePiscineQuartier calme et recherchéPrix : Sur demandePour plus d’informations ou pour organiser une visite, n’hésitez pas à contacter Confort Immo.",Jardin; Terrasse; Garage; Piscine; Climatisation; Chauffage central; Sécurité; Double vitrage; Porte blindée; Cuisine équipée,Climatisation; Chauffage central; Sécurité; Double vitrage; Porte blindée; Cuisine équipée; Garage; Terrasse; Jardin; Piscine,Jardin; Terrasse; Garage; Piscine; Climatisation; Chauffage central; Sécurité; Double vitrage; Porte blindée; Cuisine équipée,https://www.mubawab-media.com/assets/logos/mubawab.png; https://www.mubawab-media.com/assets/common/loading.gif; https://www.mubawab-media.com/ad/8/263/627F/h/WhatsApp%20Image%202025-12-01%20at%2008.29.24%20%284%29_81586914.avif; https://www.mubawab-media.com/ad/8/263/627F/h/WhatsApp%20Image%202025-12-01%20at%2008.29.24%20%281%29_81586915.avif; https://www.mubawab-media.com/ad/8/263/627F/h/WhatsApp%20Image%202025-12-01%20at%2008.29.25%20%282%29_81586916.avif; https://www.mubawab-media.com/ad/8/263/627F/h/WhatsApp%20Image%202025-12-01%20at%2008.29.26%20%281%29_81586917.avif; https://www.mubawab-media.com/ad/8/263/627F/h/WhatsApp%20Image%202025-12-01%20at%2008.29.26_81586918.avif; https://www.mubawab-media.com/ad/8/263/627F/h/WhatsApp%20Image%202025-12-01%20at%2008.29.30%20%281%29_81586919.avif; https://www.mubawab-media.com/ad/8/263/627F/h/WhatsApp%20Image%202025-12-01%20at%2008.29.27%20%282%29_81586920.avif; https://www.mubawab-media.com/ad/8/263/627F/h/WhatsApp%20Image%202025-12-01%20at%2008.29.27%20%283%29_81586921.avif; https://www.mubawab-media.com/ad/8/263/627F/h/WhatsApp%20Image%202025-12-01%20at%2008.29.28%20%281%29_81586922.avif; https://www.mubawab-media.com/ad/8/263/627F/h/WhatsApp%20Image%202025-12-01%20at%2008.29.30_81586923.avif; https://www.mubawab-media.com/business/7/290F/s/Fichier%203%401200x-8.avif; https://www.mubawab-media.com/ad/8/288/301F/m/1000205981_81804647.avif,"{""type de bien"": ""Maison"", ""surface de la parcelle"": ""285\n\t\t\t\t\t\t\t\tm²"", ""etat"": ""Bon état / habitable""}","{""latitude"": ""36.876389"", ""longitude"": ""10.325278""}","{""parking"": ""Oui"", ""climatisation"": ""Oui"", ""securite"": ""Oui"", ""piscine"": ""Oui"", ""jardin"": ""Oui"", ""terrasse"": ""Oui""}","{""etat"": ""Neuf""}","{""formulaire_contact"": ""Disponible""}",2026-02-01T12:54:31.770258,search,True
8242601,Villa à vendre à la Marsa,https://www.mubawab.tn/fr/a/8242601/villa-%C3%A0-vendre-%C3%A0-la-marsa,,La Marsa,Cité Les Pins,"Cité Les Pins, La Marsa",Villa,Vente,1280000.0,1 280 000 TND,1280000.0,423.0,"423
						m²",7,6,1,,,,,"22Estates vous propose à la vente une villa située à La Marsa, à proximité de toutes les commodités. Cette propriété représente une excellente opportunité dans un emplacement recherché. Édifiée sur deux niveaux, elle se compose au rez-de-chaussée d’un S3, et à l’étage d’un second S3. Une oppo","22Estates vous propose à la vente une villa située à La Marsa, à proximité de toutes les commodités.Cette propriété représente une excellente opportunité dans un emplacement recherché.Édifiée sur deux niveaux, elle se compose au rez-de-chaussée d’un S3, et à l’étage d’un second S3.Une opportunité rare à ne pas manquer à La Marsa ! Pour plus d’informations, veuillez contacter le 27 320 200.",Jardin; Terrasse; Garage; Entre-seul; Climatisation; Chauffage central; Sécurité; Double vitrage; Porte blindée,Climatisation; Chauffage central; Sécurité; Double vitrage; Porte blindée; Garage; Terrasse; Jardin,Jardin; Terrasse; Garage; Entre-seul; Climatisation; Chauffage central; Sécurité; Double vitrage; Porte blindée,https://www.mubawab-media.com/assets/logos/mubawab.png; https://www.mubawab-media.com/assets/common/loading.gif; https://www.mubawab-media.com/ad/8/242/601F/h/thumb_1193900_property_large_81308013.avif; https://www.mubawab-media.com/business/9/652F/s/logo%20jpeg_70131444.avif; https://www.mubawab-media.com/ad/8/012/675F/m/WhatsApp%20Image%202024-09-16%20%C3%A0%2021.13.11_50f9436b_78991157.avif; https://www.mubawab-media.com/ad/8/243/176F/m/thumb_1193839_property_xlarge_81313798.avif; https://www.mubawab-media.com/ad/8/277/992F/m/iVfsvFSymIXblOfT-thumb_81694277.avif; https://www.mubawab-media.com/ad/8/246/140F/m/thumb_1232191_property_big_81684443.avif; https://www.mubawab-media.com/assets/common/banks/atijjaribank.png; https://www.mubawab-media.com/assets/common/app-store/google-play-small.png; https://www.mubawab-media.com/assets/common/app-store/app-store-small.png,"{""type de bien"": ""Maison"", ""etat"": ""Bon état / habitable""}","{""latitude"": ""36.876389"", ""longitude"": ""10.325278""}","{""parking"": ""Oui"", ""climatisation"": ""Oui"", ""securite"": ""Oui"", ""jardin"": ""Oui"", ""terrasse"": ""Oui""}","{""etat"": ""Neuf""}","{""formulaire_contact"": ""Disponible""}",2026-02-01T12:54:31.787350,search,True
8231632,Villa luxueuse avec piscine à vendre à l'aouina,https://www.mubawab.tn/fr/a/8231632/villa-luxueuse-avec-piscine-%C3%A0-vendre-%C3%A0-l-aouina,,La Marsa,Aouina,"Aouina, La Marsa",Villa,Vente,1870000.0,1 870 000 TND,1870000.0,335.0,"335
						m²",6,6,0,,,,,"New Key La Soukra met à la vente une magnifique Villa S5 aux jardins de l'Aouina .Au rez-de-chaussée: on trouve un spacieux salon, salle à manger, un séjour, une chambre de service avec une salle d'eau, une cuisine et une salle d'eau avec une douche italienne pour les invités.A l'étage: un salon d'h","New Key La Soukra met à la vente une magnifique Villa S5 aux jardins de l'Aouina .Au rez-de-chaussée: on trouve un spacieux salon, salle à manger, un séjour, une chambre de service avec une salle d'eau, une cuisine et une salle d'eau avec une douche italienne pour les invités.A l'étage: un salon d'hiver, deux suites juniors et une suite parentale avec un grand dressing.A l'extérieur: un piscine, une cuisine, une salle d'eau et un abri pour deux voitures. Référence du bien: Ref8403a",Piscine; Jardin,Jardin; Piscine,Piscine,https://www.mubawab-media.com/assets/logos/mubawab.png; https://www.mubawab-media.com/assets/common/loading.gif; https://www.mubawab-media.com/ad/8/231/632F/h/thumb_1181290_property_xlarge_81196810.avif; https://www.mubawab-media.com/ad/8/231/632F/h/thumb_1181288_property_xlarge_81196811.avif; https://www.mubawab-media.com/ad/8/231/632F/h/thumb_1181287_property_xlarge_81196812.avif; https://www.mubawab-media.com/ad/8/231/632F/h/thumb_1181275_property_xlarge_81196813.avif; https://www.mubawab-media.com/ad/8/231/632F/h/thumb_1181271_property_xlarge_81196815.avif; https://www.mubawab-media.com/ad/8/231/632F/h/thumb_1181279_property_xlarge_81196816.avif; https://www.mubawab-media.com/ad/8/231/632F/h/thumb_1181286_property_xlarge_81196817.avif; https://www.mubawab-media.com/ad/8/231/632F/h/thumb_1181284_property_xlarge_81196818.avif; https://www.mubawab-media.com/ad/8/231/632F/h/thumb_1181280_property_xlarge_81196820.avif; https://www.mubawab-media.com/ad/8/231/632F/h/thumb_1181278_property_xlarge_81196821.avif; https://www.mubawab-media.com/ad/8/231/632F/h/thumb_1181277_property_xlarge_81196823.avif; https://www.mubawab-media.com/ad/8/231/632F/h/thumb_1181274_property_xlarge_81196824.avif; https://www.mubawab-media.com/ad/8/231/632F/h/thumb_1181273_property_xlarge_81196826.avif; https://www.mubawab-media.com/ad/8/231/632F/h/thumb_1181276_property_xlarge_81196828.avif,"{""type de bien"": ""Maison"", ""etat"": ""Bon état / habitable""}","{""latitude"": ""36.876389"", ""longitude"": ""10.325278""}","{""piscine"": ""Oui"", ""jardin"": ""Oui""}","{""etat"": ""Neuf""}","{""formulaire_contact"": ""Disponible""}",2026-02-01T12:54:31.796668,search,True
8282073,A vendre un triplex en S5 avec piscine à Gammarth,https://www.mubawab.tn/fr/a/8282073/a-vendre-un-triplex-en-s5-avec-piscine-%C3%A0-gammarth,,La Marsa,Gammarth,"Gammarth, La Marsa",Triplex,Vente,920000.0,920 000 TND,920000.0,270.0,"270
						m²",6,5,1,,,,,"New Key La Marsa propose à la vente un triplex en S5 avec ascenseur et une piscine situé dans un quartier calme et sécurisé à Gammarth. Au rez-de-chaussée, l’espace de vie se compose d’un grand salon–salle à manger ouvrant sur le jardin, d’une cuisine moderne et entièrement équipée (plaque, hotte","New Key La Marsa propose à la vente un triplex en S5 avec ascenseur et une piscine situé dans un quartier calme et sécurisé à Gammarth.Au rez-de-chaussée, l’espace de vie se compose d’un grand salon–salle à manger ouvrant sur le jardin, d’une cuisine moderne et entièrement équipée (plaque, hotte, four) avec séchoir et débarras, ainsi que d’une salle d’eau pour les invités.À l’étage, on trouve deux chambres à coucher avec dressings partageant une salle de douche, ainsi que deux suites parentales.Le toit-terrasse abrite une suite parentale avec salle de bain et une piscine privée, offrant un espace de détente exceptionnel.Un abri pouvant accueillir deux voitures est également disponible.Référence : 8763A",Jardin; Terrasse; Ascenseur; Piscine; Chambre rangement; Four,Ascenseur; Terrasse; Jardin; Piscine,Jardin; Terrasse; Ascenseur; Piscine; Chambre rangement; Four,https://www.mubawab-media.com/assets/logos/mubawab.png; https://www.mubawab-media.com/assets/common/loading.gif; https://www.mubawab-media.com/ad/8/282/073F/h/thumb_1235361_property_large_81742316.avif; https://www.mubawab-media.com/ad/8/282/073F/h/thumb_1235363_property_large_81742317.avif; https://www.mubawab-media.com/ad/8/282/073F/h/thumb_1235381_property_large_81742318.avif; https://www.mubawab-media.com/ad/8/282/073F/h/thumb_1235373_property_large_81742319.avif; https://www.mubawab-media.com/ad/8/282/073F/h/thumb_1235370_property_large_81742320.avif; https://www.mubawab-media.com/ad/8/282/073F/h/thumb_1235374_property_large_81742321.avif; https://www.mubawab-media.com/ad/8/282/073F/h/thumb_1235375_property_large_81742322.avif; https://www.mubawab-media.com/ad/8/282/073F/h/thumb_1235376_property_large_81742323.avif; https://www.mubawab-media.com/ad/8/282/073F/h/thumb_1235377_property_large_81742324.avif; https://www.mubawab-media.com/ad/8/282/073F/h/thumb_1235378_property_large_81742325.avif; https://www.mubawab-media.com/ad/8/282/073F/h/thumb_1235379_property_large_81742326.avif; https://www.mubawab-media.com/ad/8/282/073F/h/thumb_1235380_property_large_81742327.avif; https://www.mubawab-media.com/ad/8/282/073F/h/thumb_1235362_property_large_81742328.avif; https://www.mubawab-media.com/ad/8/282/073F/h/thumb_1235364_property_large_81742329.avif,"{""type de bien"": ""Maison"", ""etat"": ""Bon état / habitable""}","{""latitude"": ""36.876389"", ""longitude"": ""10.325278""}","{""ascenseur"": ""Oui"", ""piscine"": ""Oui"", ""jardin"": ""Oui"", ""terrasse"": ""Oui""}","{""etat"": ""Neuf""}","{""formulaire_contact"": ""Disponible""}",2026-02-01T12:54:31.813050,search,True
8243176,Villa inachevée S4 à vendre à Ain Zaghouan nord,https://www.mubawab.tn/fr/a/8243176/villa-inachev%C3%A9e-s4-%C3%A0-vendre-%C3%A0-ain-zaghouan-nord,,La Marsa,Ain Zaghouan Nord,"Ain Zaghouan Nord, La Marsa",Villa,Vente,1250000.0,1 250 000 TND,1250000.0,420.0,"420
						m²",0,5,0,,,,,"New Key La Soukra met à la vente une villa inacheveé située dans un quartier résidentiel et bien accessible à Ain Zaghouan Nord.Elle se compose d'un spacieux salon lumineux, d'une salle à manger donnant sur la piscine, d'une cuisine, d'un séjour et d'une salle d'eau pour les invités.À l'étage, on tr","New Key La Soukra met à la vente une villa inacheveé située dans un quartier résidentiel et bien accessible à Ain Zaghouan Nord.Elle se compose d'un spacieux salon lumineux, d'une salle à manger donnant sur la piscine, d'une cuisine, d'un séjour et d'une salle d'eau pour les invités.À l'étage, on trouve 03 suites parentales.La villa dispose également d'une belle piscine, d'un bel espace extérieur et d'un abri pour deux voitures.Il y a également une chambre de service avec salle d'eau. Référence du bien: Ref8517a",Piscine,Piscine,Piscine,https://www.mubawab-media.com/assets/logos/mubawab.png; https://www.mubawab-media.com/assets/common/loading.gif; https://www.mubawab-media.com/ad/8/243/176F/h/thumb_1193839_property_xlarge_81313798.avif; https://www.mubawab-media.com/business/8/390F/s/173569684_3743946405703280_2342906483815680692_n_12649711.avif; https://www.mubawab-media.com/ad/8/012/675F/m/WhatsApp%20Image%202024-09-16%20%C3%A0%2021.13.11_50f9436b_78991157.avif; https://www.mubawab-media.com/ad/8/246/140F/m/thumb_1232191_property_big_81684443.avif; https://www.mubawab-media.com/ad/8/142/599F/m/WhatsApp%20Image%202025-05-13%20%C3%A0%2016.04.24_3f4d6d37_GF_80274445.avif; https://www.mubawab-media.com/ad/8/242/601F/m/thumb_1193900_property_large_81308013.avif; https://www.mubawab-media.com/assets/common/banks/atijjaribank.png; https://www.mubawab-media.com/assets/common/app-store/google-play-small.png; https://www.mubawab-media.com/assets/common/app-store/app-store-small.png,"{""type de bien"": ""Maison""}","{""latitude"": ""36.8623859"", ""longitude"": ""10.2835035""}","{""piscine"": ""Oui""}","{""etat"": ""Neuf""}","{""formulaire_contact"": ""Disponible""}",2026-02-01T12:54:31.825887,search,True
8269249,Duplex S3 vue mer au Golden Tulip Gammarth,https://www.mubawab.tn/fr/a/8269249/duplex-s3-vue-mer-au-golden-tulip-gammarth,,La Marsa,Gammarth Supérieur,"Gammarth Supérieur, La Marsa",Duplex,Vente,1580000.0,1 580 000 TND,1580000.0,155.0,"155
						m²",4,3,0,,,,,"À vendre un duplex S3, rénové récemment, situe au Golden Tulip. Il bénéficie d’une piscine, d’un jardin et d’une terrasse offrant une belle vue sur la mer. Au rez-de-chaussée : Un séjour lumineux ouvert sur l’extérieur, Suite parentale avec une salle de bain et dressing, une cuisine entièrement","À vendre un duplex S3, rénové récemment, situe au Golden Tulip. Il bénéficie d’une piscine, d’un jardin et d’une terrasse offrant une belle vue sur la mer.Au rez-de-chaussée :Un séjour lumineux ouvert sur l’extérieur, Suite parentale avec une salle de bain et dressing, une cuisine entièrement équipée, ainsi qu’une salle d’eau pour les invitésÀ l’étage :Deux suites, chacune dotée de sa propre salle de bain et d’un dressing,Un espace nuit confortable et bien agencé.Le duplex est équipé du chauffage, de la climatisation, et offre un cadre de vie agréable alliant tranquillité, confort et vue dégagée sur la mer.Superficie : 155 m2Le prix : 1 580.000 DTAGENCE INVESTPour toutes informations contacter l’agence 216 51 134 832",Jardin; Terrasse; Vue sur mer; Vue sur les montagnes; Piscine; Salon européen; Antenne parabolique; Climatisation; Chauffage central; Sécurité; Double vitrage; Porte blindée; Cuisine équipée; Réfrigérateur; Four; Machine à laver; Micro-ondes,Climatisation; Chauffage central; Sécurité; Double vitrage; Porte blindée; Cuisine équipée; Terrasse; Jardin; Vue sur mer; Piscine,Jardin; Terrasse; Vue sur mer; Vue sur les montagnes; Piscine; Salon européen; Antenne parabolique; Climatisation; Chauffage central; Sécurité; Double vitrage; Porte blindée; Cuisine équipée; Réfrigérateur; Four; Machine à laver; Micro-ondes,https://www.mubawab-media.com/assets/logos/mubawab.png; https://www.mubawab-media.com/assets/common/loading.gif; https://www.mubawab-media.com/ad/8/269/249F/h/4_81600917.avif; https://www.mubawab-media.com/ad/8/269/249F/h/1_81600918.avif; https://www.mubawab-media.com/ad/8/269/249F/h/2_81600919.avif; https://www.mubawab-media.com/ad/8/269/249F/h/3_81600920.avif; https://www.mubawab-media.com/ad/8/269/249F/h/5_81600921.avif; https://www.mubawab-media.com/ad/8/269/249F/h/6_81600922.avif; https://www.mubawab-media.com/ad/8/269/249F/h/7_81600923.avif; https://www.mubawab-media.com/ad/8/269/249F/h/8_81600924.avif; https://www.mubawab-media.com/ad/8/269/249F/h/9_81600925.avif; https://www.mubawab-media.com/ad/8/269/249F/h/10_81600926.avif; https://www.mubawab-media.com/ad/8/269/249F/h/11_81600927.avif; https://www.mubawab-media.com/ad/8/269/249F/h/12_81600928.avif; https://www.mubawab-media.com/ad/8/269/249F/h/13_81600929.avif; https://www.mubawab-media.com/ad/8/269/249F/h/14_81600930.avif,"{""type de bien"": ""Maison"", ""etat"": ""À rénover"", ""nombre d'étages"": ""1""}","{""latitude"": ""36.876389"", ""longitude"": ""10.325278""}","{""climatisation"": ""Oui"", ""securite"": ""Oui"", ""piscine"": ""Oui"", ""jardin"": ""Oui"", ""terrasse"": ""Oui""}","{""etat"": ""Neuf""}","{""formulaire_contact"": ""Disponible""}",2026-02-01T12:54:31.829832,search,True
7948140,Superbe Duplex S3 à vendre à Bhar Lazreg. 3 chambres,https://www.mubawab.tn/fr/pa/7948140/superbe-duplex-s3-%C3%A0-vendre-%C3%A0-bhar-lazreg-3-chambres,,La Marsa,Bhar Lazreg,"Bhar Lazreg, La Marsa",Duplex,Vente,532000.0,532 000 TND,532000.0,140.0,"140
						m²",4,3,0,,,,,"Opéra Garden est votre nouvelle résidence de haut standing sise à La Marsa – Bhar Lazreg. Erigée en R2 avec un sous-sol, elle est située à 750m de l’hypermarché Carrefour. Le projet se compose de 5 blocs et la remise des clés de la 2ème tranche du projet est prévu pour la fin du mois d'","Opéra Garden est votre nouvelle résidence de haut standing sise à La Marsa – Bhar Lazreg.Erigée en R2 avec un sous-sol, elle est située à 750m de l’hypermarché Carrefour.Le projet se compose de 5 blocs et la remise des clés de la 2ème tranche du projet est prévu pour la fin du mois d'Aout 2025 dont des :- S1- S2- S3- DuplexLa résidence dispose également d’une salle de jeux au sous-sol. Pensée pour votre confort, Opéra Garden bénéficie de :• Ascenseur dans chaque Bloc.• Résidence clôturée et gardée par des caméras de surveillance.• Réception avec conciergerie.• Revêtements de sols marbre « Thala » grande Dalle dans les salons.• Grès dans la masse de qualité dans les cuisines, salles d’eau et Salle de bains• Boiserie et menuiserie intérieure en Bois Noble.• Cuisine agencée avec équipements de marque incluant une plaque de cuisson et hotte• Sanitaires de grande marque composé de cuvette suspendue et douche à l'italienne pour les S.D.E• Robinetterie de 1 er choix importée• Menuiserie Aluminium avec Double vitrage isolant et volets roulants motorisés.• Isolations Phonique et thermique• Chauffage Central.• Porte d’entrée Blindée de marque italienneA noter que des places de parking sont également disponibles à l’achat :• 22000 dinars au sous-sol et 30000 pour les deux places successives.N’hésitez pas à remplir le formulaire ou à nous appeler directement sur les numéros qui s’affichent afin que les équipes commerciales répondent à toutes vos questions concernant Opéra Garden 2ème tranche, votre nouvelle résidence haut standing.",Jardin; Terrasse; Garage; Ascenseur; Concierge; Entre-seul; Antenne parabolique; Chauffage central; Sécurité; Double vitrage; Porte blindée; Cuisine équipée; Sous-sol,Ascenseur; Concierge; Chauffage central; Sécurité; Double vitrage; Porte blindée; Cuisine équipée; Garage; Terrasse; Jardin; Sous-sol,Jardin; Terrasse; Garage; Ascenseur; Concierge; Entre-seul; Antenne parabolique; Chauffage central; Sécurité; Double vitrage; Porte blindée; Cuisine équipée,https://www.mubawab-media.com/assets/logos/mubawab.png; https://www.mubawab-media.com/assets/common/loading.gif; https://www.mubawab-media.com/ad/7/948/140F/h/WhatsApp%20Image%202024-07-04%20%C3%A0%2010.50.39_911a771a_77952234_77953132.avif; https://www.mubawab-media.com/ad/7/948/140F/h/WhatsApp%20Image%202024-07-04%20%C3%A0%2010.49.57_06df1993_77952232_77953131.avif; https://www.mubawab-media.com/ad/7/948/140F/h/WhatsApp%20Image%202024-07-03%20%C3%A0%2018.55.57_1965f443_77940904_77953133.avif; https://www.mubawab-media.com/ad/7/948/140F/h/WhatsApp%20Image%202024-07-03%20%C3%A0%2018.55.57_ba562891_77940903_77953134.avif; https://www.mubawab-media.com/ad/7/948/140F/h/WhatsApp%20Image%202024-07-03%20%C3%A0%2018.55.44_717ab57f_77940906_77953136.avif; https://www.mubawab-media.com/ad/7/948/140F/h/WhatsApp%20Image%202024-07-03%20%C3%A0%2018.55.43_8325fd58_77940907_77953137.avif; https://www.mubawab-media.com/ad/7/948/140F/h/WhatsApp%20Image%202024-07-03%20%C3%A0%2018.55.44_f9b763ae_77940908_77953138.avif; https://www.mubawab-media.com/ad/7/948/140F/h/WhatsApp%20Image%202024-07-03%20%C3%A0%2018.55.43_785bcd2c_77940909_77953139.avif; https://www.mubawab-media.com/ad/7/948/140F/h/WhatsApp%20Image%202024-07-03%20%C3%A0%2018.55.43_5d7ce8fd_77940910_77953140.avif; https://www.mubawab-media.com/ad/7/948/140F/h/WhatsApp%20Image%202024-07-03%20%C3%A0%2018.53.41_ae15f1a4_77940913_77953142.avif; https://www.mubawab-media.com/ad/7/948/140F/h/WhatsApp%20Image%202024-07-03%20%C3%A0%2018.54.12_b6b59c34_77940914_77953143.avif; https://www.mubawab-media.com/ad/7/948/140F/h/WhatsApp%20Image%202024-07-03%20%C3%A0%2018.53.41_2b4a7bb1_77940915_77953144.avif; https://www.mubawab-media.com/ad/7/948/140F/h/WhatsApp%20Image%202024-07-03%20%C3%A0%2018.54.13_3448c5c8_77940916_77953145.avif; https://www.mubawab-media.com/ad/7/948/140F/h/WhatsApp%20Image%202024-07-03%20%C3%A0%2018.54.09_b8163c98_77940917_77953146.avif,"{""type de bien"": ""Maison"", ""etat"": ""Project neuf"", ""années"": ""Moins d'un an"", ""type du sol"": ""Marbre"", ""standing"": ""Haut standing"", ""état"": ""En cours de construction"", ""livraison:"": ""juillet 2025""}","{""latitude"": ""36.87278095134796"", ""longitude"": ""10.291909660830783""}","{""parking"": ""Oui"", ""ascenseur"": ""Oui"", ""concierge"": ""Oui"", ""securite"": ""Oui"", ""jardin"": ""Oui"", ""terrasse"": ""Oui""}","{""etat"": ""Neuf""}","{""formulaire_contact"": ""Disponible""}",2026-02-01T12:54:31.848289,search,True
7948127,Vend Duplex S2 à Bhar Lazreg. 2 chambres agréables,https://www.mubawab.tn/fr/pa/7948127/vend-duplex-s2-%C3%A0-bhar-lazreg-2-chambres-agr%C3%A9ables,,La Marsa,Bhar Lazreg,"Bhar Lazreg, La Marsa",Duplex,Vente,388000.0,388 000 TND,388000.0,112.0,"112
						m²",3,2,0,,,,,"Opéra Garden est votre nouvelle résidence de haut standing sise à La Marsa – Bhar Lazreg. Erigée en R2 avec un sous-sol, elle est située à 750m de l’hypermarché Carrefour. Le projet se compose de 5 blocs et la remise des clés de la 2ème tranche du projet est prévu pour la fin du mois d'","Opéra Garden est votre nouvelle résidence de haut standing sise à La Marsa – Bhar Lazreg.Erigée en R2 avec un sous-sol, elle est située à 750m de l’hypermarché Carrefour.Le projet se compose de 5 blocs et la remise des clés de la 2ème tranche du projet est prévu pour la fin du mois d'Aout 2025 dont des :- S1- S2- S3- DuplexLa résidence dispose également d’une salle de jeux au sous-sol. Pensée pour votre confort, Opéra Garden bénéficie de :• Ascenseur dans chaque Bloc.• Résidence clôturée et gardée par des caméras de surveillance.• Réception avec conciergerie.• Revêtements de sols marbre « Thala » grande Dalle dans les salons.• Grès dans la masse de qualité dans les cuisines, salles d’eau et Salle de bains• Boiserie et menuiserie intérieure en Bois Noble.• Cuisine agencée avec équipements de marque incluant une plaque de cuisson et hotte• Sanitaires de grande marque composé de cuvette suspendue et douche à l'italienne pour les S.D.E• Robinetterie de 1 er choix importée• Menuiserie Aluminium avec Double vitrage isolant et volets roulants motorisés.• Isolations Phonique et thermique• Chauffage Central.• Porte d’entrée Blindée de marque italienneA noter que des places de parking sont également disponibles à l’achat :• 22000 dinars au sous-sol et 30000 pour les deux places successives.N’hésitez pas à remplir le formulaire ou à nous appeler directement sur les numéros qui s’affichent afin que les équipes commerciales répondent à toutes vos questions concernant Opéra Garden 2ème tranche, votre nouvelle résidence haut standing.",Jardin; Terrasse; Garage; Ascenseur; Concierge; Entre-seul; Antenne parabolique; Chauffage central; Sécurité; Double vitrage; Porte blindée; Cuisine équipée; Sous-sol,Ascenseur; Concierge; Chauffage central; Sécurité; Double vitrage; Porte blindée; Cuisine équipée; Garage; Terrasse; Jardin; Sous-sol,Jardin; Terrasse; Garage; Ascenseur; Concierge; Entre-seul; Antenne parabolique; Chauffage central; Sécurité; Double vitrage; Porte blindée; Cuisine équipée,https://www.mubawab-media.com/assets/logos/mubawab.png; https://www.mubawab-media.com/assets/common/loading.gif; https://www.mubawab-media.com/ad/7/948/127F/h/WhatsApp%20Image%202024-07-04%20%C3%A0%2010.50.39_911a771a_77952234_77952702.avif; https://www.mubawab-media.com/ad/7/948/127F/h/WhatsApp%20Image%202024-07-04%20%C3%A0%2010.49.57_06df1993_77952232_77952701.avif; https://www.mubawab-media.com/ad/7/948/127F/h/WhatsApp%20Image%202024-07-03%20%C3%A0%2018.55.57_1965f443_77940904_77952703.avif; https://www.mubawab-media.com/ad/7/948/127F/h/WhatsApp%20Image%202024-07-03%20%C3%A0%2018.55.57_ba562891_77940903_77952704.avif; https://www.mubawab-media.com/ad/7/948/127F/h/WhatsApp%20Image%202024-07-03%20%C3%A0%2018.55.44_717ab57f_77940906_77952705.avif; https://www.mubawab-media.com/ad/7/948/127F/h/WhatsApp%20Image%202024-07-03%20%C3%A0%2018.55.43_8325fd58_77940907_77952706.avif; https://www.mubawab-media.com/ad/7/948/127F/h/WhatsApp%20Image%202024-07-03%20%C3%A0%2018.55.44_f9b763ae_77940908_77952708.avif; https://www.mubawab-media.com/ad/7/948/127F/h/WhatsApp%20Image%202024-07-03%20%C3%A0%2018.55.43_785bcd2c_77940909_77952710.avif; https://www.mubawab-media.com/ad/7/948/127F/h/WhatsApp%20Image%202024-07-03%20%C3%A0%2018.55.43_5d7ce8fd_77940910_77952711.avif; https://www.mubawab-media.com/ad/7/948/127F/h/WhatsApp%20Image%202024-07-03%20%C3%A0%2018.53.41_ae15f1a4_77940913_77952713.avif; https://www.mubawab-media.com/ad/7/948/127F/h/WhatsApp%20Image%202024-07-03%20%C3%A0%2018.54.12_b6b59c34_77940914_77952715.avif; https://www.mubawab-media.com/ad/7/948/127F/h/WhatsApp%20Image%202024-07-03%20%C3%A0%2018.53.41_2b4a7bb1_77940915_77952717.avif; https://www.mubawab-media.com/ad/7/948/127F/h/WhatsApp%20Image%202024-07-03%20%C3%A0%2018.54.13_3448c5c8_77940916_77952719.avif; https://www.mubawab-media.com/ad/7/948/127F/h/WhatsApp%20Image%202024-07-03%20%C3%A0%2018.54.09_b8163c98_77940917_77952720.avif,"{""type de bien"": ""Maison"", ""etat"": ""Project neuf"", ""années"": ""Moins d'un an"", ""type du sol"": ""Marbre"", ""standing"": ""Haut standing"", ""état"": ""En cours de construction"", ""livraison:"": ""juillet 2025""}","{""latitude"": ""36.87278095134796"", ""longitude"": ""10.291909660830783""}","{""parking"": ""Oui"", ""ascenseur"": ""Oui"", ""concierge"": ""Oui"", ""securite"": ""Oui"", ""jardin"": ""Oui"", ""terrasse"": ""Oui""}","{""etat"": ""Neuf""}","{""formulaire_contact"": ""Disponible""}",2026-02-01T12:54:31.860923,search,True
8237032,Coquet Duplex S3 à Gammarth,https://www.mubawab.tn/fr/a/8237032/coquet-duplex-s3-%C3%A0-gammarth,,La Marsa,,La Marsa,Duplex,Vente,1580000.0,1 580 000 TND,1580000.0,200.0,"200
						m²",0,3,0,,,,,"Newkey la Marsa met à la vente un coquet duplex S3 situé dans une résidence sécurisée à gammarth,au rez-de-chaussée l'éspace est composé d'un salon salle à manger ouvrant sur le jardin et la piscine, une cuisine à l'américaine, un salle d'eau pour les invités et une suite parentale quant à l'étage","Newkey la Marsa met à la vente un coquet duplex S3 situé dans une résidence sécurisée à gammarth,au rez-de-chaussée l'éspace est composé d'un salon salle à manger ouvrant sur le jardin et la piscine, une cuisine à l'américaine, un salle d'eau pour les invités et une suite parentale quant à l'étage on trouve deux suites. Référence du bien: Ref8479a",Jardin; Piscine; Sécurité,Sécurité; Jardin; Piscine,Jardin; Piscine; Sécurité,https://www.mubawab-media.com/assets/logos/mubawab.png; https://www.mubawab-media.com/assets/common/loading.gif; https://www.mubawab-media.com/ad/8/237/032F/h/thumb_1146483_property_xlarge_81251990.avif; https://www.mubawab-media.com/ad/8/237/032F/h/thumb_1186898_property_xlarge_81251991.avif; https://www.mubawab-media.com/ad/8/237/032F/h/thumb_1186900_property_xlarge_81251992.avif; https://www.mubawab-media.com/ad/8/237/032F/h/thumb_1186902_property_xlarge_81251993.avif; https://www.mubawab-media.com/ad/8/237/032F/h/thumb_1186903_property_xlarge_81251994.avif; https://www.mubawab-media.com/ad/8/237/032F/h/thumb_1186906_property_xlarge_81251995.avif; https://www.mubawab-media.com/ad/8/237/032F/h/thumb_1186907_property_xlarge_81251996.avif; https://www.mubawab-media.com/business/6/985F/s/72680355_2373264952771439_7970925724703916032_n.avif; https://www.mubawab-media.com/ad/8/269/249F/m/4_81600917.avif; https://www.mubawab-media.com/ad/8/277/992F/m/iVfsvFSymIXblOfT-thumb_81694277.avif; https://www.mubawab-media.com/ad/8/242/601F/m/thumb_1193900_property_large_81308013.avif; https://www.mubawab-media.com/ad/8/291/615F/m/thumb_1265513_property_large_81839381.avif,"{""type de bien"": ""Maison""}","{""latitude"": ""36.8941992"", ""longitude"": ""10.2762232""}","{""securite"": ""Oui"", ""piscine"": ""Oui"", ""jardin"": ""Oui""}","{""etat"": ""Neuf""}","{""formulaire_contact"": ""Disponible""}",2026-02-01T12:54:31.869785,search,True
8287802,À vendre – Appartement S2 à rénover Marsa Ville,https://www.mubawab.tn/fr/a/8287802/%C3%A0-vendre-%E2%80%93-appartement-s2-%C3%A0-r%C3%A9nover-marsa-ville,,La Marsa,,La Marsa,Maison,Vente,510000.0,510 000 TND,510000.0,85.0,"85
						m²",2,2,1,,,,,"À vendre appartement S2 à rénover, situé dans une zone stratégique au cœur de la Marsa ville, offrant un accès immédiat à toutes les commodités : commerces, transports, écoles, administrations et services. L’appartement se compose d’un salon, de deux chambres, d’une cuisine, d’une salle de bain","À vendre appartement S2 à rénover, situé dans une zone stratégique au cœur de la Marsa ville, offrant un accès immédiat à toutes les commodités : commerces, transports, écoles, administrations et services.L’appartement se compose d’un salon, de deux chambres, d’une cuisine, d’une salle de bain et d’un balcon.Grâce à son emplacement privilégié, ce bien représente une excellente opportunité d’investissement ou une résidence principale idéale après rénovation, avec la possibilité de personnaliser les espaces selon vos préférences.Atouts :Emplacement stratégique en plein centre-villeFort potentiel après rénovationProximité immédiate des commoditésBon rendement locatif possibleContactez-nous pour plus d’informations ou pour une visite.",Terrasse; Balcon,Terrasse; Balcon,Terrasse,https://www.mubawab-media.com/assets/logos/mubawab.png; https://www.mubawab-media.com/assets/common/loading.gif; https://www.mubawab-media.com/ad/8/287/802F/h/thumb_1241324_property_large_81799077.avif; https://www.mubawab-media.com/business/8/054F/s/WhatsApp%20Image%202026-01-16%20at%2010.13.43_81799087.avif; https://www.mubawab-media.com/ad/7/948/140F/m/WhatsApp%20Image%202024-07-04%20%C3%A0%2010.50.39_911a771a_77952234_77953132.avif; https://www.mubawab-media.com/ad/8/290/741F/m/thumb_1264568_property_large_81830237.avif; https://www.mubawab-media.com/ad/8/190/942F/m/IMG-20250724-WA0003_80771530.avif; https://www.mubawab-media.com/ad/8/265/526F/m/photo_00_81558290.avif; https://www.mubawab-media.com/assets/common/banks/atijjaribank.png; https://www.mubawab-media.com/assets/common/app-store/google-play-small.png; https://www.mubawab-media.com/assets/common/app-store/app-store-small.png,"{""type de bien"": ""Maison"", ""etat"": ""Bon état / habitable""}","{""latitude"": ""36.876389"", ""longitude"": ""10.325278""}","{""terrasse"": ""Oui""}","{""etat"": ""Neuf""}","{""formulaire_contact"": ""Disponible""}",2026-02-01T12:54:31.878387,search,True
8287142,A Vendre une villa à rénover à Marsa Nassim,https://www.mubawab.tn/fr/a/8287142/a-vendre-une-villa-%C3%A0-r%C3%A9nover-%C3%A0-marsa-nassim,,La Marsa,,La Marsa,Villa,Vente,1900000.0,1 900 000 TND,1900000.0,538.0,"538
						m²",3,3,1,,,,,"À vendre – Villa de plain-pied à La Marsa Ennassim Nous vous proposons à la vente une superbe villa de plain-pied, édifiée sur un terrain de 538 m² avec une superficie bâtie environ de 300 m², située dans l’un des quartiers les plus recherchés de La Marsa Ennassim. La villa offre de beaux vol","À vendre – Villa de plain-pied à La Marsa EnnassimNous vous proposons à la vente une superbe villa de plain-pied, édifiée sur un terrain de 538 m² avec une superficie bâtie environ de 300 m², située dans l’un des quartiers les plus recherchés de La Marsa Ennassim.La villa offre de beaux volumes, une excellente luminosité et un cadre de vie calme et résidentiel. Elle se distingue par son emplacement stratégique, à proximité des commodités, des écoles et des axes principaux.Localisation premium – Opportunité rare sur le secteurIdéale pour une résidence familiale ou un investissement de qualité.Pour plus d’information contactez -nous sur 92 091 094.",,,,https://www.mubawab-media.com/assets/logos/mubawab.png; https://www.mubawab-media.com/assets/common/loading.gif; https://www.mubawab-media.com/ad/8/287/142F/h/thumb_1240303_property_large_81792131.avif; https://www.mubawab-media.com/business/8/054F/s/WhatsApp%20Image%202026-01-16%20at%2010.13.43_81799087.avif; https://www.mubawab-media.com/ad/8/289/868F/m/thumb_1263498_property_large_81820843.avif; https://www.mubawab-media.com/ad/8/269/249F/m/4_81600917.avif; https://www.mubawab-media.com/ad/8/231/632F/m/thumb_1181290_property_xlarge_81196810.avif; https://www.mubawab-media.com/ad/8/237/032F/m/thumb_1146483_property_xlarge_81251990.avif; https://www.mubawab-media.com/assets/common/banks/atijjaribank.png; https://www.mubawab-media.com/assets/common/app-store/google-play-small.png; https://www.mubawab-media.com/assets/common/app-store/app-store-small.png,"{""type de bien"": ""Maison"", ""etat"": ""Bon état / habitable""}","{""latitude"": ""36.876389"", ""longitude"": ""10.325278""}",{},"{""etat"": ""Neuf""}","{""formulaire_contact"": ""Disponible""}",2026-02-01T12:54:31.878387,search,True
8288301,Villa vente au Lac 1,https://www.mubawab.tn/fr/a/8288301/villa-vente-au-lac-1,,La Marsa,Les Berges Du Lac 1,"Les Berges Du Lac 1, La Marsa",Villa,Vente,0,Prix à consulter,0,300.0,"300
						m²",5,4,0,,,,,"Rbz immobilier vous propose la vente d'une villa aux berges du Lac 1 dans une résidence calme et ultra sécurisé proche de toutes les commodités ( commerces, cafés..). Cette villa est édifiée sur un terrain de 400m2 avec une superficie couverte de 320m2 sur 2 niveaux. Elle est composé d'un grand salo","Rbz immobilier vous propose la vente d'une villa aux berges du Lac 1 dans une résidence calme et ultra sécurisé proche de toutes les commodités ( commerces, cafés..). Cette villa est édifiée sur un terrain de 400m2 avec une superficie couverte de 320m2 sur 2 niveaux. Elle est composé d'un grand salon qui ouvre sur un beau jardin piscinable , une salle d'eau pour invités, un coin séjour qui peut etre une chambre d'amis , une grande cuisine équipée avec une bunaderie .Au 1er étage on trouve 3 grandes chamabres à coucher qui se partagent une salle de bain commune et un grande suite parentale avec sa salle de bain privative et une grande terrasse qui donne sur le jardin.Cette villa dispose également d'un garage électrique pour 2 voitures.Prix: sur demande",Jardin; Terrasse; Garage; Salon européen; Antenne parabolique; Climatisation; Chauffage central; Cuisine équipée; Four; Micro-ondes,Climatisation; Chauffage central; Cuisine équipée; Garage; Terrasse; Jardin,Jardin; Terrasse; Garage; Salon européen; Antenne parabolique; Climatisation; Chauffage central; Cuisine équipée; Four; Micro-ondes,https://www.mubawab-media.com/assets/logos/mubawab.png; https://www.mubawab-media.com/assets/common/loading.gif; https://www.mubawab-media.com/ad/8/288/301F/h/1000205981_81804647.avif; https://www.mubawab-media.com/ad/8/288/301F/h/1000205987_81804648.avif; https://www.mubawab-media.com/ad/8/288/301F/h/1000205991_81804649.avif; https://www.mubawab-media.com/ad/8/288/301F/h/1000205992_81804650.avif; https://www.mubawab-media.com/ad/8/288/301F/h/1000205994_81804651.avif; https://www.mubawab-media.com/ad/8/288/301F/h/1000205993_81804652.avif; https://www.mubawab-media.com/ad/8/288/301F/h/1000205997_81804653.avif; https://www.mubawab-media.com/ad/8/288/301F/h/1000205995_81804654.avif; https://www.mubawab-media.com/ad/8/288/301F/h/1000205999_81804655.avif; https://www.mubawab-media.com/ad/8/288/301F/h/1000205998_81804656.avif; https://www.mubawab-media.com/ad/8/288/301F/h/1000206006_81804657.avif; https://www.mubawab-media.com/ad/8/288/301F/h/1000206002_81804658.avif; https://www.mubawab-media.com/ad/8/288/301F/h/1000206004_81804659.avif; https://www.mubawab-media.com/ad/8/288/301F/h/1000206008_81804660.avif,"{""type de bien"": ""Maison"", ""surface de la parcelle"": ""385\n\t\t\t\t\t\t\t\tm²"", ""etat"": ""À rénover"", ""années"": ""10-20 ans"", ""orientation"": ""Nord"", ""type du sol"": ""Marbre""}","{""latitude"": ""36.8355152"", ""longitude"": ""10.2241758""}","{""parking"": ""Oui"", ""climatisation"": ""Oui"", ""jardin"": ""Oui"", ""terrasse"": ""Oui""}","{""etat"": ""Neuf""}","{""formulaire_contact"": ""Disponible""}",2026-02-01T12:54:31.892601,search,True
8289868,Villa à vendre à Gammarth supérieur,https://www.mubawab.tn/fr/a/8289868/villa-%C3%A0-vendre-%C3%A0-gammarth-sup%C3%A9rieur,,La Marsa,Gammarth Supérieur,"Gammarth Supérieur, La Marsa",Villa,Vente,2050000.0,2 050 000 TND,2050000.0,543.0,"543
						m²",6,5,1,,,,,"OpenDoor vous propose à la vente une superbe villa située à Gammarth Supérieur, au cœur d’un quartier résidentiel très prisé offrant calme et cadre verdoyant. Édifiée sur un terrain de 543 m², cette villa développe environ 300 m² bâtis et séduit par ses volumes généreux, sa luminosité et son agence","OpenDoor vous propose à la vente une superbe villa située à Gammarth Supérieur, au cœur d’un quartier résidentiel très prisé offrant calme et cadre verdoyant.Édifiée sur un terrain de 543 m², cette villa développe environ 300 m² bâtis et séduit par ses volumes généreux, sa luminosité et son agencement fonctionnel.Au rez-de-chaussée, vous découvrirez un spacieux salon baigné de lumière, une salle d’eau pour les invités ainsi que deux chambres confortables dont une ouvrant directement sur le jardin.Le premier étage se compose d’une chambre à coucher, de deux salles de bain et d’une cuisine donnant sur une agréable terrasse ensoleillée, idéale pour profiter de la vue et de la lumière naturelle.Le rez-de-jardin accueille deux chambres supplémentaires ainsi qu’un salon offrant un espace de vie indépendant ou familial.À l’extérieur, la villa est entourée d’un magnifique jardin soigneusement aménagé, gazonné et arboré, créant une atmosphère paisible et propice à la détente. Un garage spacieux est également à disposition.La villa est équipée du chauffage central, de la climatisation split system, d’une menuiserie en bois et de volets roulants en PVC.Une opportunité rare à Gammarth Supérieur, idéale pour une résidence principale ou un investissement de standing.",Jardin; Terrasse; Garage; Climatisation; Chauffage central,Climatisation; Chauffage central; Garage; Terrasse; Jardin,Jardin; Terrasse; Garage; Climatisation; Chauffage central,https://www.mubawab-media.com/assets/logos/mubawab.png; https://www.mubawab-media.com/assets/common/loading.gif; https://www.mubawab-media.com/ad/8/289/868F/h/thumb_1263498_property_large_81820843.avif; https://www.mubawab-media.com/ad/8/289/868F/h/thumb_1263490_property_large_81820844.avif; https://www.mubawab-media.com/ad/8/289/868F/h/thumb_1263491_property_large_81820845.avif; https://www.mubawab-media.com/ad/8/289/868F/h/thumb_1263492_property_large_81820846.avif; https://www.mubawab-media.com/ad/8/289/868F/h/thumb_1263493_property_large_81820847.avif; https://www.mubawab-media.com/ad/8/289/868F/h/thumb_1263494_property_large_81820848.avif; https://www.mubawab-media.com/ad/8/289/868F/h/thumb_1263495_property_large_81820849.avif; https://www.mubawab-media.com/ad/8/289/868F/h/thumb_1263496_property_large_81820850.avif; https://www.mubawab-media.com/ad/8/289/868F/h/thumb_1263489_property_large_81820851.avif; https://www.mubawab-media.com/ad/8/289/868F/h/thumb_1263497_property_large_81820852.avif; https://www.mubawab-media.com/ad/8/289/868F/h/thumb_1263488_property_large_81820853.avif; https://www.mubawab-media.com/ad/8/289/868F/h/thumb_1263487_property_large_81820854.avif; https://www.mubawab-media.com/ad/8/289/868F/h/thumb_1263478_property_large_81820855.avif; https://www.mubawab-media.com/ad/8/289/868F/h/thumb_1263479_property_large_81820856.avif,"{""type de bien"": ""Maison"", ""etat"": ""Project neuf""}","{""latitude"": ""36.876389"", ""longitude"": ""10.325278""}","{""parking"": ""Oui"", ""climatisation"": ""Oui"", ""jardin"": ""Oui"", ""terrasse"": ""Oui""}","{""etat"": ""Neuf""}","{""formulaire_contact"": ""Disponible""}",2026-02-01T12:54:31.898183,search,True
8244912,À louer – villa s5 de prestige à gammarth supérieur,https://www.mubawab.tn/fr/a/8244912/%C3%A0-louer-%E2%80%93-villa-s5-de-prestige-%C3%A0-gammarth-sup%C3%A9rieur,,La Marsa,Gammarth Supérieur,"Gammarth Supérieur, La Marsa",Villa,Vente,0,6 500 TND,6500.0,600.0,"600
						m²",0,5,0,,,,,"À LOUER – VILLA DE PRESTIGE À GAMMARTH SUPÉRIEUR Disponible à partir du 1er juillet – Location vide Immo StreetOffrez-vous un cadre de vie exceptionnel à Gammarth Supérieur, l’un des quartiers les plus recherchés de la banlieue nord !Cette villa contemporaine de standing – S5 est un véritable bijou","À LOUER – VILLA DE PRESTIGE À GAMMARTH SUPÉRIEURDisponible à partir du 1er juillet – Location videImmo StreetOffrez-vous un cadre de vie exceptionnel à Gammarth Supérieur, l’un des quartiers les plus recherchés de la banlieue nord !Cette villa contemporaine de standing – S5 est un véritable bijou d’architecture, pensée pour une vie élégante, fonctionnelle et sereine.Caractéristiques principales :Villa spacieuse, parfaitement agencéeGrande piscine privéeJardin arboré, terrasse, véranda, balconsGrand garage chambre de serviceChambres lumineuses et vastesCuisine moderne deuxième cuisine à l’étageSuites élégantes 2 chambres supplémentairesDernier étage entièrement dédié à la suite parentale avec bureau et salon privéClimatisation & chauffage centralPanneaux photovoltaïques pour plus d’économie d’énergieSystème d’alarme performantUn véritable luxe de vie alliant confort, durabilité et esthétisme.Gammarth Supérieur – quartier calme, sécurisé, résidentielLocation vide – à aménager selon vos envies Référence du bien: Ref437a",Jardin; Terrasse; Garage; Piscine; Climatisation; Chauffage central; Sécurité,Climatisation; Chauffage central; Sécurité; Garage; Terrasse; Jardin; Piscine,Jardin; Terrasse; Garage; Piscine; Climatisation; Chauffage central; Sécurité,https://www.mubawab-media.com/assets/logos/mubawab.png; https://www.mubawab-media.com/assets/common/loading.gif; https://www.mubawab-media.com/ad/8/244/912F/h/thumb_1118085_property_xlarge_81333812.avif; https://www.mubawab-media.com/ad/8/244/912F/h/thumb_1118066_property_xlarge_81333813.avif; https://www.mubawab-media.com/ad/8/244/912F/h/thumb_1118068_property_xlarge_81333814.avif; https://www.mubawab-media.com/ad/8/244/912F/h/thumb_1118072_property_xlarge_81333815.avif; https://www.mubawab-media.com/ad/8/244/912F/h/thumb_1118071_property_xlarge_81333816.avif; https://www.mubawab-media.com/ad/8/244/912F/h/thumb_1118074_property_xlarge_81333817.avif; https://www.mubawab-media.com/ad/8/244/912F/h/thumb_1118063_property_xlarge_81333818.avif; https://www.mubawab-media.com/ad/8/244/912F/h/thumb_1118073_property_xlarge_81333819.avif; https://www.mubawab-media.com/ad/8/244/912F/h/thumb_1118067_property_xlarge_81333820.avif; https://www.mubawab-media.com/ad/8/244/912F/h/thumb_1118070_property_xlarge_81333821.avif; https://www.mubawab-media.com/ad/8/244/912F/h/thumb_1118069_property_xlarge_81333822.avif; https://www.mubawab-media.com/ad/8/244/912F/h/thumb_1118065_property_xlarge_81333823.avif; https://www.mubawab-media.com/ad/8/244/912F/h/thumb_1118064_property_xlarge_81333824.avif; https://www.mubawab-media.com/ad/8/244/912F/h/thumb_1118075_property_xlarge_81333825.avif,"{""type de bien"": ""Maison""}","{""latitude"": ""36.8931787"", ""longitude"": ""10.3099394""}","{""parking"": ""Oui"", ""climatisation"": ""Oui"", ""securite"": ""Oui"", ""piscine"": ""Oui"", ""jardin"": ""Oui"", ""terrasse"": ""Oui""}","{""etat"": ""Neuf""}","{""formulaire_contact"": ""Disponible""}",2026-02-01T12:54:31.918217,search,True
8295588,À louer – villa S4 vue mer à Gammarth Supérieur,https://www.mubawab.tn/fr/a/8295588/%C3%A0-louer-%E2%80%93-villa-s4-vue-mer-%C3%A0-gammarth-sup%C3%A9rieur,,La Marsa,Gammarth Supérieur,"Gammarth Supérieur, La Marsa",Villa,Vente,0,Prix à consulter,0,1000.0,"1000
						m²",0,4,0,,,,,"Immo Street a le privilège de présenter à la location une villa d’exception, offrant une vue panoramique dominante sur la mer et la ville de La Marsa, située au sein de l’un des quartiers résidentiels les plus prestigieux de Gammarth Supérieur. Référence du bien: Ref506a","Immo Street a le privilège de présenter à la location une villa d’exception, offrant une vue panoramique dominante sur la mer et la ville de La Marsa, située au sein de l’un des quartiers résidentiels les plus prestigieux de Gammarth Supérieur. Référence du bien: Ref506a",,,,https://www.mubawab-media.com/assets/logos/mubawab.png; https://www.mubawab-media.com/assets/common/loading.gif; https://www.mubawab-media.com/ad/8/295/588F/h/thumb_1269103_property_xlarge_81883888.avif; https://www.mubawab-media.com/ad/8/295/588F/h/thumb_1269104_property_xlarge_81883889.avif; https://www.mubawab-media.com/ad/8/295/588F/h/thumb_1269105_property_xlarge_81883890.avif; https://www.mubawab-media.com/ad/8/295/588F/h/thumb_1269101_property_xlarge_81883891.avif; https://www.mubawab-media.com/ad/8/295/588F/h/thumb_1269102_property_xlarge_81883892.avif; https://www.mubawab-media.com/business/7/488F/s/20200215_163210.avif; https://www.mubawab-media.com/ad/8/012/675F/m/WhatsApp%20Image%202024-09-16%20%C3%A0%2021.13.11_50f9436b_78991157.avif; https://www.mubawab-media.com/ad/8/289/868F/m/thumb_1263498_property_large_81820843.avif; https://www.mubawab-media.com/ad/8/243/176F/m/thumb_1193839_property_xlarge_81313798.avif; https://www.mubawab-media.com/ad/8/244/912F/m/thumb_1118085_property_xlarge_81333812.avif; https://www.mubawab-media.com/assets/common/banks/atijjaribank.png,"{""type de bien"": ""Maison""}","{""latitude"": ""36.8931787"", ""longitude"": ""10.3099394""}",{},"{""etat"": ""Neuf""}","{""formulaire_contact"": ""Disponible""}",2026-02-01T12:54:31.928465,search,True
8295587,À louer – Villa S5 avec piscine – La Marsa Cité Wifek,https://www.mubawab.tn/fr/a/8295587/%C3%A0-louer-%E2%80%93-villa-s5-avec-piscine-%E2%80%93-la-marsa-cit%C3%A9-wifek,,La Marsa,La Marsa,"La Marsa, La Marsa",Villa,Vente,0,Prix à consulter,0,650.0,"650
						m²",0,5,0,,,,,"Immo Street vous propose à la location une élégante villa S5 avec piscine – La MarsaSituée dans l’un des quartiers les plus paisibles et prisés de La Marsa, cette villa spacieuse allie confort, fonctionnalité et cadre de vie privilégié.Composition :Rez-de-chaussée :Un salon accueillantUne salle à ma","Immo Street vous propose à la location une élégante villa S5 avec piscine – La MarsaSituée dans l’un des quartiers les plus paisibles et prisés de La Marsa, cette villa spacieuse allie confort, fonctionnalité et cadre de vie privilégié.Composition :Rez-de-chaussée :Un salon accueillantUne salle à manger convivialeUne cuisine équipée (hotte, plaque, four)Un séjour indépendantUne salle d’eau pour les invitésUne chambre de service1er étage :Une suite parentale avec dressing et salle de doucheTrois chambres à coucher avec dressings intégrésUne salle de bain communeExtérieur :Un grand jardin arboréUne piscine privéeUn garage Référence du bien: Ref507a",Jardin; Garage; Piscine; Cuisine équipée; Four,Cuisine équipée; Garage; Jardin; Piscine,Jardin; Garage; Piscine; Cuisine équipée; Four,https://www.mubawab-media.com/assets/logos/mubawab.png; https://www.mubawab-media.com/assets/common/loading.gif; https://www.mubawab-media.com/ad/8/295/587F/h/thumb_1269111_property_xlarge_81883881.avif; https://www.mubawab-media.com/ad/8/295/587F/h/thumb_1269110_property_xlarge_81883882.avif; https://www.mubawab-media.com/ad/8/295/587F/h/thumb_1269109_property_xlarge_81883884.avif; https://www.mubawab-media.com/ad/8/295/587F/h/thumb_1269106_property_xlarge_81883885.avif; https://www.mubawab-media.com/ad/8/295/587F/h/thumb_1269107_property_xlarge_81883886.avif; https://www.mubawab-media.com/ad/8/295/587F/h/thumb_1269108_property_xlarge_81883887.avif; https://www.mubawab-media.com/business/7/488F/s/20200215_163210.avif; https://www.mubawab-media.com/ad/8/276/162F/m/thumb_1231258_property_large_81673390.avif; https://www.mubawab-media.com/ad/8/245/648F/m/thumb_936962_property_xlarge_81341873.avif; https://www.mubawab-media.com/ad/8/234/087F/m/2d7678c6-4fa4-4c98-9033-7b0cc97e27b1_81221566.avif; https://www.mubawab-media.com/ad/8/245/642F/m/thumb_759166_property_xlarge_81341798.avif,"{""type de bien"": ""Maison""}","{""latitude"": ""36.8941992"", ""longitude"": ""10.2762232""}","{""parking"": ""Oui"", ""piscine"": ""Oui"", ""jardin"": ""Oui""}","{""etat"": ""Neuf""}","{""formulaire_contact"": ""Disponible""}",2026-02-01T12:54:31.929724,search,True
8295585,À Louer Prestigieuse Villa S5 – Résidence Golf Gammarth,https://www.mubawab.tn/fr/a/8295585/%C3%A0-louer-prestigieuse-villa-s5-%E2%80%93-r%C3%A9sidence-golf-gammarth,,La Marsa,Gammarth,"Gammarth, La Marsa",Villa,Vente,0,14 000 TND,14000.0,1400.0,"1400
						m²",0,5,0,,,,,"Immo Street vous propose à la location une villa de prestige S5 avec piscine à Gammarth – Résidence GolfNichée au cœur de la très prisée Résidence Golf de Gammarth, cette somptueuse villa offre des prestations haut de gamme et un cadre de vie exclusif, alliant confort, élégance et sécurité.Rez-de-ch","Immo Street vous propose à la location une villa de prestige S5 avec piscine à Gammarth – Résidence GolfNichée au cœur de la très prisée Résidence Golf de Gammarth, cette somptueuse villa offre des prestations haut de gamme et un cadre de vie exclusif, alliant confort, élégance et sécurité.Rez-de-chaussée :Vaste salon lumineuxSéjour raffinéCuisine moderne entièrement équipéeCuisine de serviceDeux suites avec rangementsSalle d’eau invitésÀ l’étage :Spacieuse suite parentaleDeux suites juniorÀ l’extérieur :Jardin gazonné soigneusement entretenuPiscineLoge gardienGarageRéférence du bien: Ref509a",Jardin; Garage; Piscine; Concierge; Sécurité,Concierge; Sécurité; Garage; Jardin; Piscine,Jardin; Garage; Piscine; Concierge,https://www.mubawab-media.com/assets/logos/mubawab.png; https://www.mubawab-media.com/assets/common/loading.gif; https://www.mubawab-media.com/ad/8/295/585F/h/thumb_1269597_property_xlarge_81883868.avif; https://www.mubawab-media.com/ad/8/295/585F/h/thumb_1269594_property_xlarge_81883869.avif; https://www.mubawab-media.com/ad/8/295/585F/h/thumb_1269600_property_xlarge_81883870.avif; https://www.mubawab-media.com/ad/8/295/585F/h/thumb_1269595_property_xlarge_81883871.avif; https://www.mubawab-media.com/ad/8/295/585F/h/thumb_1269599_property_xlarge_81883872.avif; https://www.mubawab-media.com/ad/8/295/585F/h/thumb_1269596_property_xlarge_81883873.avif; https://www.mubawab-media.com/ad/8/295/585F/h/thumb_1269598_property_xlarge_81883874.avif; https://www.mubawab-media.com/business/7/488F/s/20200215_163210.avif; https://www.mubawab-media.com/assets/common/banks/atijjaribank.png; https://www.mubawab-media.com/assets/common/app-store/google-play-small.png,"{""type de bien"": ""Maison""}","{""latitude"": ""36.917739"", ""longitude"": ""10.288893""}","{""parking"": ""Oui"", ""concierge"": ""Oui"", ""securite"": ""Oui"", ""piscine"": ""Oui"", ""jardin"": ""Oui""}","{""etat"": ""Neuf""}","{""formulaire_contact"": ""Disponible""}",2026-02-01T12:54:31.940213,search,True
8241146,Une villa à marsa ville,https://www.mubawab.tn/fr/a/8241146/une-villa-%C3%A0-marsa-ville,,La Marsa,La Marsa,"La Marsa, La Marsa",Villa,Vente,2300000.0,2 300 000 TND,2300000.0,800.0,"800
						m²",5,3,0,,,,,"À VENDRE Villa à La Marsa sur une artère principale Belle villa spacieuse idéalement située sur une artère principale à La Marsa, offrant un fort potentiel pour usage résidentiel ou professionnel. Caractéristiques : Superficie du terrain : 640 m² Superficie bâtie : 800 m² Composition","À VENDRE Villa à La Marsa sur une artère principaleBelle villa spacieuse idéalement située sur une artère principale à La Marsa, offrant un fort potentiel pour usage résidentiel ou professionnel.Caractéristiques :Superficie du terrain : 640 m²Superficie bâtie : 800 m²Composition :Grand salonDeux cuisinesHuit chambresVilla répartie sur deux niveaux avec sous-solPrix : 2 300 000 DTContact : Agence Villa (agence immobilière agréée)Tél : 29 387 777",Jardin; Garage; Chambre rangement; Entre-seul; Chauffage central; Cuisine équipée; Sous-sol,Chauffage central; Cuisine équipée; Garage; Jardin; Sous-sol,Jardin; Garage; Chambre rangement; Entre-seul; Chauffage central; Cuisine équipée,https://www.mubawab-media.com/assets/logos/mubawab.png; https://www.mubawab-media.com/assets/common/loading.gif; https://www.mubawab-media.com/ad/8/241/146F/h/566365879_1113405827222346_46165390430367950_n-2_81294016.avif; https://www.mubawab-media.com/ad/8/241/146F/h/567206664_1523857931955713_4697077358235503184_n-2_81294017.avif; https://www.mubawab-media.com/ad/8/241/146F/h/566598750_1835578220729675_1466007177737630609_n-2_81294018.avif; https://www.mubawab-media.com/ad/8/241/146F/h/552680482_2187128175108271_149589606290881307_n-2_81294019.avif; https://www.mubawab-media.com/ad/8/241/146F/h/554835135_1627801761939094_1198367849781315969_n-2_81294020.avif; https://www.mubawab-media.com/ad/8/241/146F/h/563548267_1268897064989980_5691523109000299175_n-2_81294021.avif; https://www.mubawab-media.com/ad/8/241/146F/h/564056739_1361565702153040_5263574412194103724_n-2_81294022.avif; https://www.mubawab-media.com/ad/8/241/146F/h/567746664_778104701769908_5553811747342708268_n_81294023.avif; https://www.mubawab-media.com/business/7/466F/s/82844627_498767614082585_8366555078101827584_n.avif; https://www.mubawab-media.com/ad/8/289/868F/m/thumb_1263498_property_large_81820843.avif; https://www.mubawab-media.com/ad/8/231/632F/m/thumb_1181290_property_xlarge_81196810.avif; https://www.mubawab-media.com/ad/8/287/142F/m/thumb_1240303_property_large_81792131.avif,"{""type de bien"": ""Maison"", ""etat"": ""Bon état / habitable""}","{""latitude"": ""36.876389"", ""longitude"": ""10.325278""}","{""parking"": ""Oui"", ""jardin"": ""Oui""}","{""etat"": ""Neuf""}","{""formulaire_contact"": ""Disponible""}",2026-02-01T12:54:31.949725,search,True
8017927,Maison à Bhar Lazrak sur deux niveaux,https://www.mubawab.tn/fr/a/8017927/maison-%C3%A0-bhar-lazrak-sur-deux-niveaux,,La Marsa,La Marsa,"La Marsa, La Marsa",Villa,Vente,340000.0,340 000 TND,340000.0,180.0,"180
						m²",4,3,0,,,,,"A vendre : Maison à Bhar Lazrak sur deux niveaux Superficie terrain : 180m² Superficie bâtie : 110m² Au Réez de chaussée : Salon Cuisine équipée plaque hotte four, avec séchoir Salle d'eau Salle de douche Trois chambres à coucher avec les dressings Une place pour la voiture","A vendre : Maison à Bhar Lazrak sur deux niveauxSuperficie terrain : 180m²Superficie bâtie : 110m²Au Réez de chaussée :SalonCuisine équipée plaque hotte four, avec séchoirSalle d'eauSalle de doucheTrois chambres à coucher avec les dressingsUne place pour la voiturel'étage est inachevéPrix : 340 .0000 MDcontacter agence villa ( agence immobilière agréée)#appartement #vente #agence #maisonalouer #Furnished #meubles #Location #rent #realstate",Climatisation; Chauffage central; Double vitrage; Porte blindée; Cuisine équipée; Four,Climatisation; Chauffage central; Double vitrage; Porte blindée; Cuisine équipée,Climatisation; Chauffage central; Double vitrage; Porte blindée; Cuisine équipée; Four,https://www.mubawab-media.com/assets/logos/mubawab.png; https://www.mubawab-media.com/assets/common/loading.gif; https://www.mubawab-media.com/ad/8/017/927F/h/462538018_1209243977032946_3461981327121973707_n_79043096.avif; https://www.mubawab-media.com/ad/8/017/927F/h/462540566_3444889982477575_6410830780139994686_n_79043097.avif; https://www.mubawab-media.com/ad/8/017/927F/h/316698_20160906_161109_79043098.avif; https://www.mubawab-media.com/ad/8/017/927F/h/462151196_563426266143045_4966474306744769743_n%20%281%29_79043099.avif; https://www.mubawab-media.com/ad/8/017/927F/h/462536689_848026130875477_7475898519666165714_n_79043100.avif; https://www.mubawab-media.com/ad/8/017/927F/h/462536729_462042402910770_5989293200691719864_n_79043101.avif; https://www.mubawab-media.com/business/7/466F/s/82844627_498767614082585_8366555078101827584_n.avif; https://www.mubawab-media.com/ad/8/293/403F/m/thumb_1267275_property_large_81857815.avif; https://www.mubawab-media.com/ad/8/148/247F/m/photo_00_80414471.avif; https://www.mubawab-media.com/ad/8/285/830F/m/thumb_1238800_property_large_81778360.avif; https://www.mubawab-media.com/ad/8/085/951F/m/1000001123_79711985.avif,"{""type de bien"": ""Maison"", ""etat"": ""Bon état / habitable""}","{""latitude"": ""36.876389"", ""longitude"": ""10.325278""}","{""climatisation"": ""Oui""}","{""etat"": ""Neuf""}","{""formulaire_contact"": ""Disponible""}",2026-02-01T12:54:31.958422,search,True
8277992,A vendre un triplex s3 au lac 2,https://www.mubawab.tn/fr/a/8277992/a-vendre-un-triplex-s3-au-lac-2,,La Marsa,Les Berges Du Lac 2,"Les Berges Du Lac 2, La Marsa",Triplex,Vente,1380000.0,1 380 000 TND,1380000.0,243.0,"243
						m²",4,3,0,,,,,"L’agence immobilière Century 21 Infinity vous propose à la vente un Triplex S 3 *Emplacement: Lac 2 *Typologie: S3 *Superficie: 243 m² *État: vide Il est composé de: -Un salon, une salle à manger -Une cuisine équipée de plaque, hotte et four -Une salle d’eau A l'étage : - Deux chamb","L’agence immobilière Century 21 Infinity vous propose à la vente un Triplex S 3*Emplacement: Lac 2*Typologie: S3*Superficie: 243 m²*État: videIl est composé de:-Un salon, une salle à manger-Une cuisine équipée de plaque, hotte et four-Une salle d’eau A l'étage :- Deux chambres à coucher-Suite parental-Une salle de bain*Chauffage central*Climatisation multi split*Une place de parkingPour plus d’informations, veuillez contacter notre conseiller sur le 216 27 876 061 ou 216 25 794 794",Terrasse; Garage; Antenne parabolique; Climatisation; Chauffage central; Cuisine équipée; Réfrigérateur; Four; Parking,Climatisation; Chauffage central; Cuisine équipée; Parking; Garage; Terrasse,Terrasse; Garage; Antenne parabolique; Climatisation; Chauffage central; Cuisine équipée; Réfrigérateur; Four,https://www.mubawab-media.com/assets/logos/mubawab.png; https://www.mubawab-media.com/assets/common/loading.gif; https://www.mubawab-media.com/ad/8/277/992F/h/iVfsvFSymIXblOfT-thumb_81694277.avif; https://www.mubawab-media.com/ad/8/277/992F/h/mfxw9ufrPxEgYZMP-thumb_81694278.avif; https://www.mubawab-media.com/ad/8/277/992F/h/NxD0iLjUSqJIrpQY-thumb_81694279.avif; https://www.mubawab-media.com/ad/8/277/992F/h/sso5iwQqm2L39pMS-thumb_81694280.avif; https://www.mubawab-media.com/ad/8/277/992F/h/2o913gdNWAa0cKqY-thumb_81694281.avif; https://www.mubawab-media.com/ad/8/277/992F/h/fiHCoWaDHDehGN2J-thumb_81694282.avif; https://www.mubawab-media.com/ad/8/277/992F/h/ilCzrnzvgnBZnVFN-thumb_81694283.avif; https://www.mubawab-media.com/ad/8/277/992F/h/zh6SnKkQX4Q48VzQ-thumb_81694284.avif; https://www.mubawab-media.com/ad/8/277/992F/h/YscHS8ataNFG4MBt-thumb_81694285.avif; https://www.mubawab-media.com/ad/8/277/992F/h/H1NiIDU3u6icJPM7-thumb_81694286.avif; https://www.mubawab-media.com/business/9/243F/s/c4bbe920-567d-46ec-acea-b97ff57a21bd%20%281%29_57358269.avif; https://www.mubawab-media.com/ad/8/012/675F/m/WhatsApp%20Image%202024-09-16%20%C3%A0%2021.13.11_50f9436b_78991157.avif,"{""type de bien"": ""Maison"", ""etat"": ""Bon état / habitable"", ""années"": ""5-10 ans"", ""orientation"": ""Sud"", ""type du sol"": ""Marbre"", ""nombre d'étages"": ""3""}","{""latitude"": ""36.876389"", ""longitude"": ""10.325278""}","{""parking"": ""Oui"", ""climatisation"": ""Oui"", ""terrasse"": ""Oui""}","{""etat"": ""Neuf""}","{""formulaire_contact"": ""Disponible""}",2026-02-01T12:54:31.969551,search,True
8293403,Appartement S2 à cité les palmeraies,https://www.mubawab.tn/fr/a/8293403/appartement-s2-%C3%A0-cit%C3%A9-les-palmeraies,,La Marsa,Aouina,"Aouina, La Marsa",Maison,Vente,275000.0,275 000 TND,275000.0,92.0,"92
						m²",3,2,1,,,,,"Luxury House vous propose à la vente un superbe appartement S2 spacieux et lumineux occupant le 1ér étage d’une résidence calme et sécurisé proche de toutes les commodités à cité les palmerais l’Aouina l’appartement se compose d’un salon une salle à manger , une cuisine équipée avec séchoir , et","Luxury House vous propose à la vente un superbe appartement S2 spacieux et lumineux occupant le 1ér étage d’une résidence calme et sécurisé proche de toutes les commodités à cité les palmerais l’Aouinal’appartement se compose d’un salon une salle à manger , une cuisine équipée avec séchoir , et deux chambres à coucher avec dressing partageant une salle de bain avec douche .L’appartement est dotés de la climatisation en split et du chauffage central et une place de parking au sous-sol .",Garage; Entre-seul; Climatisation; Chauffage central; Cuisine équipée,Climatisation; Chauffage central; Cuisine équipée; Garage,Garage; Entre-seul; Climatisation; Chauffage central; Cuisine équipée,https://www.mubawab-media.com/assets/logos/mubawab.png; https://www.mubawab-media.com/assets/common/loading.gif; https://www.mubawab-media.com/ad/8/293/403F/h/thumb_1267275_property_large_81857815.avif; https://www.mubawab-media.com/ad/8/293/403F/h/thumb_1267276_property_large_81857816.avif; https://www.mubawab-media.com/ad/8/293/403F/h/thumb_1267287_property_large_81857817.avif; https://www.mubawab-media.com/ad/8/293/403F/h/thumb_1267282_property_large_81857818.avif; https://www.mubawab-media.com/ad/8/293/403F/h/thumb_1267281_property_large_81857819.avif; https://www.mubawab-media.com/ad/8/293/403F/h/thumb_1267279_property_large_81857820.avif; https://www.mubawab-media.com/ad/8/293/403F/h/thumb_1267288_property_large_81857821.avif; https://www.mubawab-media.com/ad/8/293/403F/h/thumb_1267280_property_large_81857822.avif; https://www.mubawab-media.com/ad/8/293/403F/h/thumb_1267273_property_large_81857823.avif; https://www.mubawab-media.com/ad/8/293/403F/h/thumb_1267284_property_large_81857824.avif; https://www.mubawab-media.com/ad/8/293/403F/h/thumb_1267278_property_large_81857825.avif; https://www.mubawab-media.com/ad/8/293/403F/h/thumb_1267277_property_large_81857826.avif,"{""type de bien"": ""Maison"", ""etat"": ""Project neuf""}","{""latitude"": ""36.876389"", ""longitude"": ""10.325278""}","{""parking"": ""Oui"", ""climatisation"": ""Oui""}","{""etat"": ""Neuf""}","{""formulaire_contact"": ""Disponible""}",2026-02-01T12:54:31.978508,search,True
8246140,Duplex S4 avec jardin Location ² aux Lac1,https://www.mubawab.tn/fr/a/8246140/duplex-s4-avec-jardin-location-%C2%B2-aux-lac1,,La Marsa,Les Berges Du Lac 1,"Les Berges Du Lac 1, La Marsa",Duplex,Vente,1250000.0,1 250 000 TND,1250000.0,200.0,"200
						m²",4,3,1,,,,,Luxury House vous Propose à la location un superbe duplex S4 avec Jardin spacieux et lumineux situé dans une résidence calme et sécurisé au Lac1 le duplex se compose comme suit: Au Rez-de-chaussée un salon une salle à manger spacieuse ouvrant sur le jardin une cuisine équipée donnant sur le jard,"Luxury House vous Propose à la location un superbe duplex S4 avec Jardin spacieux et lumineux situé dans une résidence calme et sécurisé au Lac1le duplex se compose comme suit:Au Rez-de-chaussée un salon une salle à manger spacieuse ouvrant sur le jardin une cuisine équipée donnant sur le jardin, salle d’eau invitéAu premier étage trois chambres à coucher avec dressing partageant une salle de bain commune et suite parentale avec salle de bain100m² par étageLe duplex est doté de la climatisation en Split et du chauffage central est une place de parking au sous-sol et abri de voiture et garage indépendant-loyer 4000 DTPrix de vente 1200.000 MDT",Jardin; Garage; Entre-seul; Climatisation; Chauffage central; Cuisine équipée,Climatisation; Chauffage central; Cuisine équipée; Garage; Jardin,Jardin; Garage; Entre-seul; Climatisation; Chauffage central; Cuisine équipée,https://www.mubawab-media.com/assets/logos/mubawab.png; https://www.mubawab-media.com/assets/common/loading.gif; https://www.mubawab-media.com/ad/8/246/140F/h/thumb_1232191_property_big_81684443.avif; https://www.mubawab-media.com/ad/8/246/140F/h/thumb_1232194_property_big_81684444.avif; https://www.mubawab-media.com/ad/8/246/140F/h/thumb_1232193_property_big_81684445.avif; https://www.mubawab-media.com/ad/8/246/140F/h/thumb_1232192_property_big_81684446.avif; https://www.mubawab-media.com/ad/8/246/140F/h/thumb_1232196_property_big_81684447.avif; https://www.mubawab-media.com/ad/8/246/140F/h/thumb_1232190_property_big%20%281%29_81684448.avif; https://www.mubawab-media.com/ad/8/246/140F/h/thumb_1232197_property_big_81684449.avif; https://www.mubawab-media.com/ad/8/246/140F/h/thumb_1232195_property_big_81684450.avif; https://www.mubawab-media.com/ad/8/246/140F/h/thumb_1232207_property_big_81684451.avif; https://www.mubawab-media.com/ad/8/246/140F/h/thumb_1232198_property_big_81684452.avif; https://www.mubawab-media.com/ad/8/246/140F/h/thumb_1232203_property_big_81684453.avif; https://www.mubawab-media.com/ad/8/246/140F/h/thumb_1232200_property_big_81684454.avif; https://www.mubawab-media.com/ad/8/246/140F/h/thumb_1232201_property_big_81684455.avif; https://www.mubawab-media.com/ad/8/246/140F/h/thumb_1232202_property_big_81684456.avif,"{""type de bien"": ""Maison"", ""etat"": ""Bon état / habitable""}","{""latitude"": ""36.876389"", ""longitude"": ""10.325278""}","{""parking"": ""Oui"", ""climatisation"": ""Oui"", ""jardin"": ""Oui""}","{""etat"": ""Neuf""}","{""formulaire_contact"": ""Disponible""}",2026-02-01T12:54:31.990575,search,True
8276001,Villa de prestige à fort potentiel,https://www.mubawab.tn/fr/a/8276001/villa-de-prestige-%C3%A0-fort-potentiel,,La Marsa,Bhar Lazreg,"Bhar Lazreg, La Marsa",Villa,Vente,850000.0,850 000 TND,850000.0,235.0,"235
						m²",7,7,0,,,,,"ne opportunité rare alliant emplacement recherché, volumes généreux et potentiel de valorisation exceptionnel. Située à Bhar Lazrag – La Marsa, dans un environnement résidentiel calme et prisé, cette villa sur deux niveaux est implantée sur un terrain rare de 700 m², offrant intimité, confort et","ne opportunité rare alliant emplacement recherché, volumes généreux et potentiel de valorisation exceptionnel.Située à Bhar Lazrag – La Marsa, dans un environnement résidentiel calme et prisé, cette villa sur deux niveaux est implantée sur un terrain rare de 700 m², offrant intimité, confort et perspectives d’aménagement haut de gamme. Elle se compose d’un rez-de-chaussée de 235 m² à rénover, permettant une personnalisation complète selon les standards les plus exigeants, et d’un premier étage récemment construit, parfaitement fini et prêt à habiter, alliant qualité de construction et élégance. La propriété bénéficie d’un garage et d’un vaste jardin arrière piscinable, idéal pour créer un espace extérieur raffiné. Un bien d’exception à La Marsa, parfaitement adapté à une résidence familiale de prestige ou à un investissement patrimonial sûr.Pour plus d'information contactez nous au 21 550 525",Jardin; Terrasse; Garage; Climatisation; Chauffage central,Climatisation; Chauffage central; Garage; Terrasse; Jardin,Jardin; Terrasse; Garage; Climatisation; Chauffage central,https://www.mubawab-media.com/assets/logos/mubawab.png; https://www.mubawab-media.com/assets/common/loading.gif; https://www.mubawab-media.com/ad/8/276/001F/h/2_81671405.avif; https://www.mubawab-media.com/ad/8/276/001F/h/1_81671406.avif; https://www.mubawab-media.com/ad/8/276/001F/h/3_81671407.avif; https://www.mubawab-media.com/ad/8/276/001F/h/4_81671408.avif; https://www.mubawab-media.com/ad/8/276/001F/h/5_81671409.avif; https://www.mubawab-media.com/ad/8/276/001F/h/6_81671410.avif; https://www.mubawab-media.com/ad/8/276/001F/h/7_81671411.avif; https://www.mubawab-media.com/ad/8/276/001F/h/8_81671412.avif; https://www.mubawab-media.com/ad/8/276/001F/h/9_81671413.avif; https://www.mubawab-media.com/ad/8/276/001F/h/10_81671414.avif; https://www.mubawab-media.com/ad/8/276/001F/h/11_81671415.avif; https://www.mubawab-media.com/ad/8/276/001F/h/12_81671416.avif; https://www.mubawab-media.com/ad/8/276/001F/h/13_81671417.avif; https://www.mubawab-media.com/ad/8/276/001F/h/14_81671418.avif,"{""type de bien"": ""Maison"", ""etat"": ""Bon état / habitable"", ""années"": ""10-20 ans"", ""orientation"": ""Est"", ""type du sol"": ""Marbre"", ""nombre d'étages"": ""2""}","{""latitude"": ""36.876389"", ""longitude"": ""10.325278""}","{""parking"": ""Oui"", ""climatisation"": ""Oui"", ""jardin"": ""Oui"", ""terrasse"": ""Oui""}","{""etat"": ""Neuf""}","{""formulaire_contact"": ""Disponible""}",2026-02-01T12:54:31.998296,search,True
7792983,Villa Nathan à Vendre Aux Berges du Lac2,https://www.mubawab.tn/fr/a/7792983/villa-nathan-%C3%A0-vendre-aux-berges-du-lac2,,La Marsa,Les Berges Du Lac 2,"Les Berges Du Lac 2, La Marsa",Villa,Vente,3500000.0,3 500 000 TND,3500000.0,550.0,"550
						m²",5,4,0,,,,,"Une villa sur un terrain de 550 m² situé dans un bon quartier aux Berges du Lac2 . Au RDC, on a un salon, un séjour, une cuisine équipée avec séchoir, une salle de bain. A l'étage, on a une suite parentale, 2 chambres à coucher et une salle de bain. A l'extérieur, on a un joli jardin, une piscine et","Une villa sur un terrain de 550 m² situé dans un bon quartier aux Berges du Lac2 . Au RDC, on a un salon, un séjour, une cuisine équipée avec séchoir, une salle de bain. A l'étage, on a une suite parentale, 2 chambres à coucher et une salle de bain. A l'extérieur, on a un joli jardin, une piscine et un garage pour 2 voitures. Pour tous les renseignements contacter l'agent.",Jardin; Terrasse; Garage; Piscine; Climatisation; Chauffage central; Cuisine équipée,Climatisation; Chauffage central; Cuisine équipée; Garage; Terrasse; Jardin; Piscine,Jardin; Terrasse; Garage; Piscine; Climatisation; Chauffage central; Cuisine équipée,https://www.mubawab-media.com/assets/logos/mubawab.png; https://www.mubawab-media.com/assets/common/loading.gif; https://www.mubawab-media.com/ad/7/792/983F/h/3a360017-6056-43e5-802c-dccd4caeac7d_GF_58126781.avif; https://www.mubawab-media.com/ad/7/792/983F/h/abc2c835-7422-47f5-a655-641aa940411c_GF_58126782.avif; https://www.mubawab-media.com/ad/7/792/983F/h/e523221e-5821-4f91-bdfc-e19cab29e317_GF_58126783.avif; https://www.mubawab-media.com/ad/7/792/983F/h/bf181dc6-037f-465e-bf87-2e4003a041e4_GF_58126784.avif; https://www.mubawab-media.com/ad/7/792/983F/h/4feb562d-4e7c-4a8d-be5b-c4fc5007f3eb_GF_58126785.avif; https://www.mubawab-media.com/ad/7/792/983F/h/3ef1d9f1-2669-4f75-83e8-d05a13b61234_GF_58126786.avif; https://www.mubawab-media.com/ad/7/792/983F/h/acbeec80-5d8e-43b3-8a90-19de5b0a5069_GF_58126787.avif; https://www.mubawab-media.com/ad/7/792/983F/h/b9f16e79-a74b-4039-a87a-f080bd9916d0_GF_58126788.avif; https://www.mubawab-media.com/ad/7/792/983F/h/e4574f46-1bbb-4c10-8b7c-c97820dd5922_GF_58126789.avif; https://www.mubawab-media.com/business/8/645F/s/home_20875676.avif; https://www.mubawab-media.com/ad/8/286/513F/m/thumb_1219091_property_xlarge_81785520.avif; https://www.mubawab-media.com/ad/7/996/924F/m/fd837f13-adfb-4af2-98d8-d1a489394920_GF_GF_78826407.avif,"{""type de bien"": ""Maison"", ""etat"": ""Bon état / habitable""}","{""latitude"": ""36.876389"", ""longitude"": ""10.325278""}","{""parking"": ""Oui"", ""climatisation"": ""Oui"", ""piscine"": ""Oui"", ""jardin"": ""Oui"", ""terrasse"": ""Oui""}","{""etat"": ""Neuf""}","{""formulaire_contact"": ""Disponible""}",2026-02-01T12:54:32.009655,search,True
8142599,Villa Mirina à vendre à Bhar Lazreg,https://www.mubawab.tn/fr/a/8142599/villa-mirina-%C3%A0-vendre-%C3%A0-bhar-lazreg,,La Marsa,Bhar Lazreg,"Bhar Lazreg, La Marsa",Villa,Vente,1100000.0,1 100 000 TND,1100000.0,410.0,"410
						m²",11,8,0,,,,,"Une Villa à vendre située dans un quartier résidentiel à Bhar Lazreg. À l'entrée, on découvre un lumineux salon avec un terrasse couvert, une cuisine, 4 chambres et une salle d’eau pour les invités, salle de bain, abri de voiture et garage. À l’étage, on a un salon , une cuisine, une salle de bain,","Une Villa à vendre située dans un quartier résidentiel à Bhar Lazreg. À l'entrée, on découvre un lumineux salon avec un terrasse couvert, une cuisine, 4 chambres et une salle d’eau pour les invités, salle de bain, abri de voiture et garage. À l’étage, on a un salon , une cuisine, une salle de bain, 2 chambre , une suite parentale avec balcon et un studio. NB: possibilité de bâtir un autre étage. Pour tous les renseignements, Contacter l’agent sur le 54670670.",Terrasse; Garage; Cuisine équipée; Balcon,Cuisine équipée; Garage; Terrasse; Balcon,Terrasse; Garage; Cuisine équipée,https://www.mubawab-media.com/assets/logos/mubawab.png; https://www.mubawab-media.com/assets/common/loading.gif; https://www.mubawab-media.com/ad/8/142/599F/h/WhatsApp%20Image%202025-05-13%20%C3%A0%2016.04.24_3f4d6d37_GF_80274445.avif; https://www.mubawab-media.com/ad/8/142/599F/h/WhatsApp%20Image%202025-05-13%20%C3%A0%2016.04.25_da4504dd_GF_80274446.avif; https://www.mubawab-media.com/ad/8/142/599F/h/WhatsApp%20Image%202025-05-13%20%C3%A0%2016.04.27_51d443a9_GF_80274447.avif; https://www.mubawab-media.com/ad/8/142/599F/h/WhatsApp%20Image%202025-05-13%20%C3%A0%2016.04.27_c1974fa8_GF_80274448.avif; https://www.mubawab-media.com/ad/8/142/599F/h/WhatsApp%20Image%202025-05-13%20%C3%A0%2016.04.30_44838832_GF_80274449.avif; https://www.mubawab-media.com/ad/8/142/599F/h/WhatsApp%20Image%202025-05-13%20%C3%A0%2016.04.32_62fdb251_GF_80274450.avif; https://www.mubawab-media.com/ad/8/142/599F/h/WhatsApp%20Image%202025-05-13%20%C3%A0%2016.04.34_a6d0af4c_GF_80274451.avif; https://www.mubawab-media.com/ad/8/142/599F/h/WhatsApp%20Image%202025-05-13%20%C3%A0%2016.04.36_09a90dbf_GF_80274452.avif; https://www.mubawab-media.com/ad/8/142/599F/h/WhatsApp%20Image%202025-05-13%20%C3%A0%2016.04.36_6725fb85_GF_80274453.avif; https://www.mubawab-media.com/ad/8/142/599F/h/WhatsApp%20Image%202025-05-13%20%C3%A0%2016.04.37_ed79cbf9_GF_80274454.avif; https://www.mubawab-media.com/ad/8/142/599F/h/WhatsApp%20Image%202025-05-13%20%C3%A0%2016.04.39_b57fd28f_GF_80274455.avif; https://www.mubawab-media.com/ad/8/142/599F/h/WhatsApp%20Image%202025-05-13%20%C3%A0%2016.04.45_65d5c65d_GF_80274456.avif,"{""type de bien"": ""Maison"", ""etat"": ""Bon état / habitable""}","{""latitude"": ""36.876389"", ""longitude"": ""10.325278""}","{""parking"": ""Oui"", ""terrasse"": ""Oui""}","{""etat"": ""Neuf""}","{""formulaire_contact"": ""Disponible""}",2026-02-01T12:54:32.019179,search,True
8135053,Immeuble Caramel à vendre à EL Aouina,https://www.mubawab.tn/fr/a/8135053/immeuble-caramel-%C3%A0-vendre-%C3%A0-el-aouina,,La Marsa,Aouina,"Aouina, La Marsa",Maison,Vente,790000.0,790 000 TND,790000.0,152.0,"152
						m²",11,7,0,,,,,"Un immeuble d’une superficie de 152 m² ,situé à Cité Essalama, EL Aouina. Au RDC, On a deux locaux. Au 1er étage, On a un appartement S2 et un appartement s3. Au 2 éme étage, On a un appartement s2 inachevé et au 3 éme étage, On a un appartement s2 inachevé aussi","Un immeuble d’une superficie de 152 m² ,situé à Cité Essalama, EL Aouina. Au RDC, On a deux locaux. Au 1er étage, On a un appartement S2 et un appartement s3. Au 2 éme étage, On a un appartement s2 inachevé et au 3 éme étage, On a un appartement s2 inachevé aussi.",,,,https://www.mubawab-media.com/assets/logos/mubawab.png; https://www.mubawab-media.com/assets/common/loading.gif; https://www.mubawab-media.com/ad/8/135/053F/h/3bb24045-e5c5-4683-95d1-907f62877d19_GF_80200227.avif; https://www.mubawab-media.com/ad/8/135/053F/h/9a84dd8c-9e38-4877-83d9-353921f588b0_GF_80200228.avif; https://www.mubawab-media.com/ad/8/135/053F/h/022d7c1c-bb79-49e0-8edb-e25e9f44ac88_80200229.avif; https://www.mubawab-media.com/ad/8/135/053F/h/022d7c1c-bb79-49e0-8edb-e25e9f44ac88_GF_80200230.avif; https://www.mubawab-media.com/ad/8/135/053F/h/46daa3cd-cbd6-40c7-b183-f1a6a66a9f19_GF_80200231.avif; https://www.mubawab-media.com/ad/8/135/053F/h/437eb427-7d11-4150-ad51-1ebf54d315eb_GF_80200232.avif; https://www.mubawab-media.com/ad/8/135/053F/h/5147f0e8-a4d0-4ea6-a3b4-0a490055bc3d_GF_80200233.avif; https://www.mubawab-media.com/ad/8/135/053F/h/c6043201-60bc-40ae-b9ee-b78389997a92_GF_80200234.avif; https://www.mubawab-media.com/business/8/645F/s/home_20875676.avif; https://www.mubawab-media.com/ad/8/012/675F/m/WhatsApp%20Image%202024-09-16%20%C3%A0%2021.13.11_50f9436b_78991157.avif; https://www.mubawab-media.com/ad/8/295/317F/m/621156463_1586310719181480_7595501479568121445_n_81881076.avif; https://www.mubawab-media.com/ad/8/276/001F/m/2_81671405.avif,"{""type de bien"": ""Maison"", ""etat"": ""Bon état / habitable""}","{""latitude"": ""36.876389"", ""longitude"": ""10.325278""}",{},"{""etat"": ""Neuf""}","{""formulaire_contact"": ""Disponible""}",2026-02-01T12:54:32.029873,search,True
8287747,H3 à Louer au Lac 2,https://www.mubawab.tn/fr/a/8287747/h3-%C3%A0-louer-au-lac-2,,La Marsa,Les Berges Du Lac 2,"Les Berges Du Lac 2, La Marsa",Maison,Vente,0,Prix à consulter,0,130.0,"130
						m²",3,3,1,,,,,L’agence immobilière vous propose à la location un espace bureautique Emplacement: Lac 2 Hall 3 pièces Une salle d’eau une kitchinette Climatiseurs Ascenseur Deux places de parking au sous sol contact agence pour visiter : 50 133 262 / 50 137 422,L’agence immobilière vous propose à la location un espace bureautiqueEmplacement: Lac 2Hall 3 piècesUne salle d’eauune kitchinetteClimatiseursAscenseurDeux places de parking au sous solcontact agence pour visiter : 50 133 262 / 50 137 422,Garage; Ascenseur; Parking,Ascenseur; Parking; Garage,Garage; Ascenseur,https://www.mubawab-media.com/assets/logos/mubawab.png; https://www.mubawab-media.com/assets/common/loading.gif; https://www.mubawab-media.com/ad/8/287/747F/h/thumb_1240267_property_large_81798576.avif; https://www.mubawab-media.com/ad/8/287/747F/h/thumb_1240263_property_large_81798572.avif; https://www.mubawab-media.com/ad/8/287/747F/h/thumb_1240264_property_large_81798573.avif; https://www.mubawab-media.com/ad/8/287/747F/h/thumb_1240265_property_large_81798574.avif; https://www.mubawab-media.com/ad/8/287/747F/h/thumb_1240266_property_large_81798575.avif; https://www.mubawab-media.com/business/12/013F/s/LOGO_.-removebg-preview%20%281%29_80038425.avif; https://www.mubawab-media.com/assets/common/banks/atijjaribank.png; https://www.mubawab-media.com/assets/common/app-store/google-play-small.png; https://www.mubawab-media.com/assets/common/app-store/app-store-small.png,"{""type de bien"": ""Maison"", ""etat"": ""Bon état / habitable""}","{""latitude"": ""36.876389"", ""longitude"": ""10.325278""}","{""parking"": ""Oui"", ""ascenseur"": ""Oui""}","{""etat"": ""Neuf""}","{""formulaire_contact"": ""Disponible""}",2026-02-01T12:54:32.040064,search,True
8291615,À vendre une villa à gammarth,https://www.mubawab.tn/fr/a/8291615/%C3%A0-vendre-une-villa-%C3%A0-gammarth,,La Marsa,Gammarth,"Gammarth, La Marsa",Villa,Vente,1300000.0,1 300 000 TND,1300000.0,300.0,"300
						m²",5,3,1,,,,,A vendre une maison neuve s3 à Gammarth. surface terrain 312 mètre Elle se compose comme suite: Au réez de chaussée: -salon -cuisine -salle d’eau pour les invités A l’étage: -séjour -1 suite avec salle de bain -2 suites avec salle de douche -piscine -abri pour voiture,A vendre une maison neuve s3 à Gammarth.surface terrain 312 mètreElle se compose comme suite:Au réez de chaussée:-salon-cuisine-salle d’eau pour les invitésA l’étage:-séjour-1 suite avec salle de bain-2 suites avec salle de douche-piscine-abri pour voiture,Jardin; Garage; Piscine; Climatisation; Chauffage central,Climatisation; Chauffage central; Garage; Jardin; Piscine,Jardin; Garage; Piscine; Climatisation; Chauffage central,https://www.mubawab-media.com/assets/logos/mubawab.png; https://www.mubawab-media.com/assets/common/loading.gif; https://www.mubawab-media.com/ad/8/291/615F/h/thumb_1265513_property_large_81839381.avif; https://www.mubawab-media.com/ad/8/291/615F/h/thumb_1265508_property_large_81839376.avif; https://www.mubawab-media.com/ad/8/291/615F/h/thumb_1265509_property_large_81839377.avif; https://www.mubawab-media.com/ad/8/291/615F/h/thumb_1265510_property_large_81839378.avif; https://www.mubawab-media.com/ad/8/291/615F/h/thumb_1265511_property_large_81839379.avif; https://www.mubawab-media.com/ad/8/291/615F/h/thumb_1265512_property_large_81839380.avif; https://www.mubawab-media.com/ad/8/291/615F/h/thumb_1265515_property_large_81839382.avif; https://www.mubawab-media.com/business/10/865F/s/logo%20B2B%20consulting_79084993.avif; https://www.mubawab-media.com/ad/8/012/675F/m/WhatsApp%20Image%202024-09-16%20%C3%A0%2021.13.11_50f9436b_78991157.avif; https://www.mubawab-media.com/ad/8/243/176F/m/thumb_1193839_property_xlarge_81313798.avif; https://www.mubawab-media.com/ad/8/277/992F/m/iVfsvFSymIXblOfT-thumb_81694277.avif; https://www.mubawab-media.com/ad/8/246/140F/m/thumb_1232191_property_big_81684443.avif,"{""type de bien"": ""Maison"", ""etat"": ""Project neuf""}","{""latitude"": ""36.87638900000003"", ""longitude"": ""10.325278""}","{""parking"": ""Oui"", ""climatisation"": ""Oui"", ""piscine"": ""Oui"", ""jardin"": ""Oui""}","{""etat"": ""Neuf""}","{""formulaire_contact"": ""Disponible""}",2026-02-01T12:54:32.048150,search,True
8290741,A VENDRE Triplex S4 a Gammarth,https://www.mubawab.tn/fr/a/8290741/a-vendre-triplex-s4-a-gammarth,,La Marsa,Gammarth,"Gammarth, La Marsa",Triplex,Vente,495000.0,495 000 TND,495000.0,138.0,"138
						m²",4,4,0,,,,,Triplex lumineux Gammarth à 5 minutes des plages. 4 chambres dont une suite parentale. Grand salon et salle à manger. Cuisine équipée. 3 salles de bains toilettes. Terrasse exposée sud avec baie vitrée donnant sur le salon . Magnifique terrasse à l'entrée construite en faïence fait main nabeul avec,Triplex lumineux Gammarth à 5 minutes des plages. 4 chambres dont une suite parentale. Grand salon et salle à manger. Cuisine équipée. 3 salles de bains toilettes. Terrasse exposée sud avec baie vitrée donnant sur le salon . Magnifique terrasse à l'entrée construite en faïence fait main nabeul avec style. ROOFTOP de 60m* équipée style Djerbien avec petite piscine avec vu sur le lac et Tunis. La forêt de Gammarth à vu entre l'habitation la zone touristique.Climatiseur et ADSL.Chauffage central et gaz de ville.Un gardien à l'entrée et une place de parking est attiréContact : 22155334/24442701,Terrasse; Garage; Piscine; Concierge; Entre-seul; Climatisation; Chauffage central; Cuisine équipée,Concierge; Climatisation; Chauffage central; Cuisine équipée; Garage; Terrasse; Piscine,Terrasse; Garage; Piscine; Concierge; Entre-seul; Climatisation; Chauffage central; Cuisine équipée,https://www.mubawab-media.com/assets/logos/mubawab.png; https://www.mubawab-media.com/assets/common/loading.gif; https://www.mubawab-media.com/ad/8/290/741F/h/thumb_1264568_property_large_81830237.avif; https://www.mubawab-media.com/ad/8/290/741F/h/thumb_1264560_property_large_81830229.avif; https://www.mubawab-media.com/ad/8/290/741F/h/thumb_1264561_property_large_81830230.avif; https://www.mubawab-media.com/ad/8/290/741F/h/thumb_1264562_property_large_81830231.avif; https://www.mubawab-media.com/ad/8/290/741F/h/thumb_1264563_property_large_81830232.avif; https://www.mubawab-media.com/ad/8/290/741F/h/thumb_1264564_property_large_81830233.avif; https://www.mubawab-media.com/ad/8/290/741F/h/thumb_1264565_property_large_81830234.avif; https://www.mubawab-media.com/ad/8/290/741F/h/thumb_1264566_property_large_81830235.avif; https://www.mubawab-media.com/ad/8/290/741F/h/thumb_1264567_property_large_81830236.avif; https://www.mubawab-media.com/business/10/865F/s/logo%20B2B%20consulting_79084993.avif; https://www.mubawab-media.com/ad/7/948/140F/m/WhatsApp%20Image%202024-07-04%20%C3%A0%2010.50.39_911a771a_77952234_77953132.avif; https://www.mubawab-media.com/ad/8/287/802F/m/thumb_1241324_property_large_81799077.avif,"{""type de bien"": ""Maison"", ""etat"": ""Bon état / habitable""}","{""latitude"": ""36.91091652515924"", ""longitude"": ""10.288027481201174""}","{""parking"": ""Oui"", ""climatisation"": ""Oui"", ""concierge"": ""Oui"", ""piscine"": ""Oui"", ""terrasse"": ""Oui""}","{""etat"": ""Neuf""}","{""formulaire_contact"": ""Disponible""}",2026-02-01T12:54:32.057334,search,True
8258691,Duplex s5 à La Marsa,https://www.mubawab.tn/fr/a/8258691/duplex-s5-%C3%A0-la-marsa,,La Marsa,,La Marsa,Duplex,Vente,750000.0,750 000 TND,750000.0,350.0,"350
						m²",0,5,0,,,,,"NewKey La Marsa met à la vente un duplex S5, offrant confort et modernité.Au rez-de-chaussée, vous trouverez un salon spacieux avec salle à manger, une cuisine entièrement équipée , une chambre de service ainsi qu'une salle d’eau pour les invités.À l’étage, le duplex se compose de trois chambres à c","NewKey La Marsa met à la vente un duplex S5, offrant confort et modernité.Au rez-de-chaussée, vous trouverez un salon spacieux avec salle à manger, une cuisine entièrement équipée , une chambre de service ainsi qu'une salle d’eau pour les invités.À l’étage, le duplex se compose de trois chambres à coucher avec dressing , chacune disposant de sa propre salle de bain et d’un dressing,Le bien est équipé d’un système de chauffage central pour un confort optimal et de climatiseurs split installés dans plusieurs pièces.Ce duplex est une belle opportunité à découvrir dans un quartier résidentiel calme et recherché. Référence du bien: Ref8629a",Climatisation; Chauffage central; Cuisine équipée,Climatisation; Chauffage central; Cuisine équipée,Climatisation; Chauffage central; Cuisine équipée,https://www.mubawab-media.com/assets/logos/mubawab.png; https://www.mubawab-media.com/assets/common/loading.gif; https://www.mubawab-media.com/ad/8/258/691F/h/thumb_1214330_property_xlarge_81474308.avif; https://www.mubawab-media.com/ad/8/258/691F/h/thumb_1214329_property_xlarge_81474309.avif; https://www.mubawab-media.com/ad/8/258/691F/h/thumb_1214337_property_xlarge_81474310.avif; https://www.mubawab-media.com/ad/8/258/691F/h/thumb_1214336_property_xlarge_81474311.avif; https://www.mubawab-media.com/ad/8/258/691F/h/thumb_1214335_property_xlarge_81474312.avif; https://www.mubawab-media.com/ad/8/258/691F/h/thumb_1214334_property_xlarge_81474313.avif; https://www.mubawab-media.com/ad/8/258/691F/h/thumb_1214333_property_xlarge_81474314.avif; https://www.mubawab-media.com/ad/8/258/691F/h/thumb_1214332_property_xlarge_81474315.avif; https://www.mubawab-media.com/ad/8/258/691F/h/thumb_1214331_property_xlarge_81474316.avif; https://www.mubawab-media.com/ad/8/258/691F/h/thumb_1214338_property_xlarge_81474317.avif; https://www.mubawab-media.com/business/6/985F/s/72680355_2373264952771439_7970925724703916032_n.avif; https://www.mubawab-media.com/ad/8/012/675F/m/WhatsApp%20Image%202024-09-16%20%C3%A0%2021.13.11_50f9436b_78991157.avif,"{""type de bien"": ""Maison""}","{""latitude"": ""36.8941992"", ""longitude"": ""10.2762232""}","{""climatisation"": ""Oui""}","{""etat"": ""Neuf""}","{""formulaire_contact"": ""Disponible""}",2026-02-01T12:56:17.687620,search,True
8286514,Villa de Maître S6 à Gammarth,https://www.mubawab.tn/fr/a/8286514/villa-de-ma%C3%AEtre-s6-%C3%A0-gammarth,,La Marsa,,La Marsa,Villa,Vente,3900000.0,3 900 000 TND,3900000.0,1200.0,"1200
						m²",0,6,0,,,,,"NewKey La Marsa vous propose à la vente une villa avec jardin et piscine, idéalement située à Gammarth.Elle dispose d’une grande entrée de maître, d’une grande piscine et d’un jardin qui fait le tour de la propriété.La villa se compose d’un salon, d’une salle à manger, d’une cuisine totalement équip","NewKey La Marsa vous propose à la vente une villa avec jardin et piscine, idéalement située à Gammarth.Elle dispose d’une grande entrée de maître, d’une grande piscine et d’un jardin qui fait le tour de la propriété.La villa se compose d’un salon, d’une salle à manger, d’une cuisine totalement équipée, d’une salle d’eau pour les invités ainsi que d’un séjour.À l’étage, vous trouverez une suite junior, une suite parentale, deux chambres à coucher et une salle de bain commune avec jacuzzi.Le rez-de-jardin comprend un espace de jeux, deux suites supplémentaires ainsi que des débarras.La villa dispose également d’un garage pour voitures et d’un logement pour le gardien à l’extérieur. Référence du bien: Ref8794a",Jardin; Garage; Piscine; Concierge; Chambre rangement,Concierge; Garage; Jardin; Piscine,Jardin; Garage; Piscine; Concierge; Chambre rangement,https://www.mubawab-media.com/assets/logos/mubawab.png; https://www.mubawab-media.com/assets/common/loading.gif; https://www.mubawab-media.com/ad/8/286/514F/h/thumb_1128381_property_xlarge_81785535.avif; https://www.mubawab-media.com/ad/8/286/514F/h/thumb_1239081_property_xlarge_81785536.avif; https://www.mubawab-media.com/ad/8/286/514F/h/thumb_1239095_property_xlarge_81785537.avif; https://www.mubawab-media.com/ad/8/286/514F/h/thumb_1239094_property_xlarge_81785538.avif; https://www.mubawab-media.com/ad/8/286/514F/h/thumb_1239093_property_xlarge_81785539.avif; https://www.mubawab-media.com/ad/8/286/514F/h/thumb_1239092_property_xlarge_81785540.avif; https://www.mubawab-media.com/ad/8/286/514F/h/thumb_1239091_property_xlarge_81785541.avif; https://www.mubawab-media.com/ad/8/286/514F/h/thumb_1239090_property_xlarge_81785542.avif; https://www.mubawab-media.com/ad/8/286/514F/h/thumb_1239089_property_xlarge_81785543.avif; https://www.mubawab-media.com/ad/8/286/514F/h/thumb_1239088_property_xlarge_81785544.avif; https://www.mubawab-media.com/ad/8/286/514F/h/thumb_1239087_property_xlarge_81785545.avif; https://www.mubawab-media.com/ad/8/286/514F/h/thumb_1239086_property_xlarge_81785546.avif; https://www.mubawab-media.com/ad/8/286/514F/h/thumb_1239085_property_xlarge_81785547.avif; https://www.mubawab-media.com/ad/8/286/514F/h/thumb_1239084_property_xlarge_81785548.avif,"{""type de bien"": ""Maison""}","{""latitude"": ""36.8941992"", ""longitude"": ""10.2762232""}","{""parking"": ""Oui"", ""concierge"": ""Oui"", ""piscine"": ""Oui"", ""jardin"": ""Oui""}","{""etat"": ""Neuf""}","{""formulaire_contact"": ""Disponible""}",2026-02-01T12:56:17.696157,search,True
8276629,Une excellente opportunité,https://www.mubawab.tn/fr/a/8276629/une-excellente-opportunit%C3%A9,,La Marsa,La Marsa,"La Marsa, La Marsa",Villa,Vente,1350000.0,1 350 000 TND,1350000.0,440.0,"440
						m²",5,5,0,,,,,"Opportunité Unique : Découvrez cette superbe villa idéalement située dans le quartier prisé de La Marsa, offrant un cadre de vie exceptionnel en termes d'emplacement et orientation en pleine Sud Est Caractéristiques de la Villa : -- Superficie et Agencement : * Terrain : 440m² * Surface habita","Opportunité Unique :Découvrez cette superbe villa idéalement située dans le quartier prisé de La Marsa, offrant un cadre de vie exceptionnel en termes d'emplacement et orientation en pleine Sud EstCaractéristiques de la Villa :-- Superficie et Agencement :* Terrain : 440m²* Surface habitable : 300 m²Actuellement, bâtie sur 2 niveaux séparés, mais, à l'origine était une villa.Elle nécessite une rénovation avec un jardin piscinable et n'ayant aucun vis à vis dérangeant et aucun jumelage.Atouts de cette demeure:* Proximité :À quelques minutes des plages de La Marsa, des commerces, des écoles réputées (françaises et internationales), des centres de loisirs, des restaurants et cafés branchés.* Accessibilité : Accès facile aux principaux axes routiers, à 15 minutes de l'aéroport de Tunis-Carthage.* Cadre de vie : Quartier calme et résidentiel, idéal pour une famille ou pour profiter de la douceur de vivre tunisienne.ps: si ces biens ne corresponds pas à vos attentes ou besoins pour une raison ou une autre, veuillez nous communiquer ce que vous recherchez afin de satisfaire vos besoins. merci.pour plus de détails ou autres biens, veuillez contacter ce num svp : 21 888 285 (disponible sur whatsapp).",Jardin,Jardin,Jardin,https://www.mubawab-media.com/assets/logos/mubawab.png; https://www.mubawab-media.com/assets/common/loading.gif; https://www.mubawab-media.com/ad/8/276/629F/h/IMG-20201130-WA0019_81679123.avif; https://www.mubawab-media.com/ad/8/276/629F/h/IMG-20201130-WA0033_81679124.avif; https://www.mubawab-media.com/ad/8/276/629F/h/IMG-20201130-WA0009_81679125.avif; https://www.mubawab-media.com/assets/common/agency-nologo.jpg; https://www.mubawab-media.com/ad/8/012/675F/m/WhatsApp%20Image%202024-09-16%20%C3%A0%2021.13.11_50f9436b_78991157.avif; https://www.mubawab-media.com/ad/8/243/176F/m/thumb_1193839_property_xlarge_81313798.avif; https://www.mubawab-media.com/ad/8/277/992F/m/iVfsvFSymIXblOfT-thumb_81694277.avif; https://www.mubawab-media.com/ad/8/246/140F/m/thumb_1232191_property_big_81684443.avif; https://www.mubawab-media.com/assets/common/banks/atijjaribank.png; https://www.mubawab-media.com/assets/common/app-store/google-play-small.png; https://www.mubawab-media.com/assets/common/app-store/app-store-small.png,"{""type de bien"": ""Maison"", ""surface de la parcelle"": ""440\n\t\t\t\t\t\t\t\tm²"", ""etat"": ""À rénover"", ""années"": ""10-20 ans"", ""orientation"": ""Est"", ""type du sol"": ""Carrelage"", ""nombre d'étages"": ""2""}","{""latitude"": ""36.8941992"", ""longitude"": ""10.2762232""}","{""jardin"": ""Oui""}","{""etat"": ""Neuf""}","{""formulaire_contact"": ""Disponible""}",2026-02-01T12:56:17.707703,search,True
7778535,Maison à acheter à Sidi Daoued. Surface de 268 m². Ascenseur...,https://www.mubawab.tn/fr/a/7778535/maison-%C3%A0-acheter-%C3%A0-sidi-daoued-surface-de-268-m%C2%B2-ascenseur-et-terrasse,,La Marsa,Sidi Daoued,"Sidi Daoued, La Marsa",Maison,Vente,1050000.0,1 050 000 TND,1050000.0,268.0,"268
						m²",0,3,0,,,,,"Très belle propriété à vendre. Prix 1 300 000 TND. 3 chambres, 3 salles de bains, superficie 268 m². Moins de 20 ans. Type de sol: Marbre. Nombreux équipements dont cheminée et climatisation. La résidence dispose également d'un service de conciergerie. Cette belle maison est en vente à Sidi Daoue","Très belle propriété à vendre. Prix 1 300 000 TND. 3 chambres, 3 salles de bains, superficie 268 m². Moins de 20 ans. Type de sol: Marbre. Nombreux équipements dont cheminée et climatisation. La résidence dispose également d'un service de conciergerie.Cette belle maison est en vente à Sidi Daoued. Profitez d'une belle terrasse. Dispose également d'un ascenseur et d'un garage. Sécurité maximale avec système de surveillance et porte blindée. Équipé d'une antenne parabolique.Programmez dès maintenant votre visite pour cette maison d'exception. Parfaitement équipé avec chauffage central et double vitrage. Cuisine bien équipée. Confortable salon européen.",Jardin; Terrasse; Garage; Ascenseur; Concierge; Chambre rangement; Salon européen; Antenne parabolique; Cheminée; Climatisation; Chauffage central; Sécurité; Double vitrage; Porte blindée; Cuisine équipée; Four,Ascenseur; Concierge; Climatisation; Chauffage central; Sécurité; Double vitrage; Porte blindée; Cuisine équipée; Garage; Terrasse; Jardin; Cheminée,Jardin; Terrasse; Garage; Ascenseur; Concierge; Chambre rangement; Salon européen; Antenne parabolique; Cheminée; Climatisation; Chauffage central; Sécurité; Double vitrage; Porte blindée; Cuisine équipée; Four,https://www.mubawab-media.com/assets/logos/mubawab.png; https://www.mubawab-media.com/assets/common/loading.gif; https://www.mubawab-media.com/ad/7/778/535F/h/photo_00_56264353.avif; https://www.mubawab-media.com/ad/7/778/535F/h/photo_01_56264356.avif; https://www.mubawab-media.com/ad/7/778/535F/h/photo_02_56264357.avif; https://www.mubawab-media.com/ad/7/778/535F/h/photo_03_56264358.avif; https://www.mubawab-media.com/ad/7/778/535F/h/photo_04_56264359.avif; https://www.mubawab-media.com/ad/7/778/535F/h/photo_05_56264360.avif; https://www.mubawab-media.com/ad/7/778/535F/h/photo_06_56264361.avif; https://www.mubawab-media.com/ad/7/778/535F/h/photo_07_56264362.avif; https://www.mubawab-media.com/ad/7/778/535F/h/photo_08_56264363.avif; https://www.mubawab-media.com/ad/7/778/535F/h/photo_09_56264364.avif; https://www.mubawab-media.com/ad/7/778/535F/h/photo_010_56264365.avif; https://www.mubawab-media.com/ad/7/778/535F/h/photo_011_56264366.avif,"{""type de bien"": ""Maison"", ""surface de la parcelle"": ""268\n\t\t\t\t\t\t\t\tm²"", ""etat"": ""Bon état / habitable"", ""années"": ""10-20 ans"", ""orientation"": ""Est"", ""type du sol"": ""Marbre""}","{""latitude"": ""36.876389"", ""longitude"": ""10.325278""}","{""parking"": ""Oui"", ""ascenseur"": ""Oui"", ""climatisation"": ""Oui"", ""concierge"": ""Oui"", ""securite"": ""Oui"", ""jardin"": ""Oui"", ""terrasse"": ""Oui""}","{""etat"": ""Neuf""}","{""formulaire_contact"": ""Disponible""}",2026-02-01T12:56:17.714223,search,True
8265915,Duplex a Vendre Jumelé Haut Standing,https://www.mubawab.tn/fr/a/8265915/duplex-a-vendre-jumel%C3%A9-haut-standing,,La Marsa,La Marsa,"La Marsa, La Marsa",Duplex,Vente,1500000.0,1 500 000 TND,1500000.0,250.0,"250
						m²",4,3,0,,,,,"Duplex Jumelé Haut Standing – Architecture Contemporaine, Finitions Premium & Piscine Chauffante Découvrez ce splendide duplex jumelé au design contemporain, conçu avec des matériaux nobles et des finitions haut de gamme. Niché dans un cadre serein et verdoyant, ce bien d’exception offre une harm",,Jardin; Terrasse; Garage; Vue sur les montagnes; Piscine; Concierge; Salon européen; Climatisation; Chauffage central; Double vitrage; Porte blindée; Cuisine équipée; Four; Micro-ondes,Concierge; Climatisation; Chauffage central; Double vitrage; Porte blindée; Cuisine équipée; Garage; Terrasse; Jardin; Piscine,Jardin; Terrasse; Garage; Vue sur les montagnes; Piscine; Concierge; Salon européen; Climatisation; Chauffage central; Double vitrage; Porte blindée; Cuisine équipée; Four; Micro-ondes,https://www.mubawab-media.com/assets/logos/mubawab.png; https://www.mubawab-media.com/assets/common/loading.gif; https://www.mubawab-media.com/ad/8/265/915F/h/IMG_20251203_152815_559_561_HDR_2025-12-03_21-09-49_capture%20d%27%C3%A9cran_81562244.avif; https://www.mubawab-media.com/ad/8/265/915F/h/IMG_20251203_152815_559_561_HDR_2025-12-03_21-10-52_capture%20d%27%C3%A9cran_81562245.avif; https://www.mubawab-media.com/ad/8/265/915F/h/IMG_20251203_152850_562_564_HDR_2025-12-03_21-07-00_capture%20d%27%C3%A9cran_81562246.avif; https://www.mubawab-media.com/ad/8/265/915F/h/IMG_20251203_153038_571_573_HDR_2025-12-03_21-14-48_capture%20d%27%C3%A9cran_81562247.avif; https://www.mubawab-media.com/ad/8/265/915F/h/IMG_20251203_153038_571_573_HDR_2025-12-03_21-15-07_capture%20d%27%C3%A9cran_81562248.avif; https://www.mubawab-media.com/ad/8/265/915F/h/IMG_20251203_153136_574_576_HDR_2025-12-03_21-12-14_capture%20d%27%C3%A9cran_81562249.avif; https://www.mubawab-media.com/ad/8/265/915F/h/IMG_20251203_153249_577_579_HDR_2025-12-03_21-13-30_capture%20d%27%C3%A9cran_81562250.avif; https://www.mubawab-media.com/ad/8/265/915F/h/IMG_20251203_153311_580_582_HDR_2025-12-03_21-25-44_capture%20d%27%C3%A9cran_81562251.avif; https://www.mubawab-media.com/ad/8/265/915F/h/IMG_20251203_153341_583_585_HDR_2025-12-03_21-24-55_capture%20d%27%C3%A9cran_81562252.avif; https://www.mubawab-media.com/ad/8/265/915F/h/IMG_20251203_153357_586_588_HDR_2025-12-03_21-22-50_capture%20d%27%C3%A9cran_81562253.avif; https://www.mubawab-media.com/ad/8/265/915F/h/IMG_20251203_153425_589_591_HDR_2025-12-03_21-21-52_capture%20d%27%C3%A9cran_81562254.avif; https://www.mubawab-media.com/ad/8/265/915F/h/IMG_20251203_153454_595_597_HDR_2025-12-03_21-20-25_capture%20d%27%C3%A9cran_81562255.avif; https://www.mubawab-media.com/ad/8/265/915F/h/IMG_20251203_153544_598_600_HDR_2025-12-03_21-19-26_capture%20d%27%C3%A9cran_81562256.avif; https://www.mubawab-media.com/ad/8/265/915F/h/IMG_20251203_153600_601_603_HDR_2025-12-03_21-17-41_capture%20d%27%C3%A9cran_81562257.avif,"{""type de bien"": ""Maison"", ""etat"": ""Bon état / habitable"", ""années"": ""5-10 ans"", ""orientation"": ""Est"", ""type du sol"": ""Marbre"", ""nombre d'étages"": ""2""}","{""latitude"": ""36.876389"", ""longitude"": ""10.325278""}","{""parking"": ""Oui"", ""climatisation"": ""Oui"", ""concierge"": ""Oui"", ""piscine"": ""Oui"", ""jardin"": ""Oui"", ""terrasse"": ""Oui""}","{""etat"": ""Neuf""}","{""formulaire_contact"": ""Disponible""}",2026-02-01T12:56:17.728416,search,True
8148247,A vendre un duplex s3 à behar lazrak,https://www.mubawab.tn/fr/a/8148247/a-vendre-un-duplex-s3-%C3%A0-behar-lazrak,,La Marsa,Bhar Lazreg,"Bhar Lazreg, La Marsa",Duplex,Vente,300000.0,300 000 TND,300000.0,120.0,"120
						m²",0,3,0,,,,,"A vendre un duplex S3 à behar lazrek dans une résidence sécurisée Le duplex se compose d'un salon, salle d'eau pour invités, cuisine et un garage A l'étage trois chambres avec dressings et une salle de bain Climatiseur et chauffage central","A vendre un duplex S3 à behar lazrek dans une résidence sécuriséeLe duplex se compose d'un salon, salle d'eau pour invités, cuisine et un garageA l'étage trois chambres avec dressings et une salle de bainClimatiseur et chauffage central",Jardin; Garage; Concierge; Climatisation; Chauffage central; Sécurité; Cuisine équipée,Concierge; Climatisation; Chauffage central; Sécurité; Cuisine équipée; Garage; Jardin,Jardin; Garage; Concierge; Climatisation; Chauffage central; Sécurité; Cuisine équipée,https://www.mubawab-media.com/assets/logos/mubawab.png; https://www.mubawab-media.com/assets/common/loading.gif; https://www.mubawab-media.com/ad/8/148/247F/h/photo_00_80414471.avif; https://www.mubawab-media.com/ad/8/148/247F/h/photo_01_80414472.avif; https://www.mubawab-media.com/ad/8/148/247F/h/photo_02_80414473.avif; https://www.mubawab-media.com/ad/8/148/247F/h/photo_03_80414474.avif; https://www.mubawab-media.com/ad/8/148/247F/h/photo_04_80414475.avif; https://www.mubawab-media.com/ad/8/148/247F/h/photo_05_80414476.avif; https://www.mubawab-media.com/ad/8/148/247F/h/photo_06_80414477.avif; https://www.mubawab-media.com/ad/8/148/247F/h/photo_07_80414478.avif; https://www.mubawab-media.com/ad/8/148/247F/h/photo_08_80414479.avif; https://www.mubawab-media.com/ad/8/148/247F/h/photo_09_80414480.avif; https://www.mubawab-media.com/ad/8/148/247F/h/photo_010_80414481.avif; https://www.mubawab-media.com/business/7/595F/s/30714725_178213196166430_181920349955034508_n.avif,"{""type de bien"": ""Maison"", ""etat"": ""Bon état / habitable"", ""années"": ""10-20 ans""}","{""latitude"": ""36.8533886"", ""longitude"": ""10.2504908""}","{""parking"": ""Oui"", ""climatisation"": ""Oui"", ""concierge"": ""Oui"", ""securite"": ""Oui"", ""jardin"": ""Oui""}","{""etat"": ""Neuf""}","{""formulaire_contact"": ""Disponible""}",2026-02-01T12:56:17.739488,search,True
8286436,Maison à Gammarth pieds dans l'eau,https://www.mubawab.tn/fr/a/8286436/maison-%C3%A0-gammarth-pieds-dans-l-eau,,La Marsa,Gammarth,"Gammarth, La Marsa",Maison,Vente,4300000.0,4 300 000 TND,4300000.0,170.0,"170
						m²",4,3,0,,,,,"La maison est bien situé dans la zone touristique de Gammarth, à 400m de l'hôtel Movempick. Elle est située au bord d'une belle plage aux sables blancs. Elle comporte deux suites avec vue mer (salle de bain comprise), un grand salon (vue mer) ouvrant sur la cuisine. Il y a aussi deux grandes terrass","La maison est bien situé dans la zone touristique de Gammarth, à 400m de l'hôtel Movempick. Elle est située au bord d'une belle plage aux sables blancs. Elle comporte deux suites avec vue mer (salle de bain comprise), un grand salon (vue mer) ouvrant sur la cuisine. Il y a aussi deux grandes terrasses bien ensoleillée et menant directement à la plage.",Vue sur mer; Vue sur les montagnes; Chambre rangement; Salon européen; Antenne parabolique; Climatisation; Chauffage central; Porte blindée; Cuisine équipée; Terrasse,Climatisation; Chauffage central; Porte blindée; Cuisine équipée; Terrasse; Vue sur mer,Vue sur mer; Vue sur les montagnes; Chambre rangement; Salon européen; Antenne parabolique; Climatisation; Chauffage central; Porte blindée; Cuisine équipée,https://www.mubawab-media.com/assets/logos/mubawab.png; https://www.mubawab-media.com/assets/common/loading.gif; https://www.mubawab-media.com/ad/8/286/436F/h/20260113_170551_81784771.avif; https://www.mubawab-media.com/ad/8/286/436F/h/20260113_170615_81784772.avif; https://www.mubawab-media.com/ad/8/286/436F/h/20260113_170551_81784773.avif; https://www.mubawab-media.com/ad/8/286/436F/h/20260113_170615_81784774.avif; https://www.mubawab-media.com/ad/8/286/436F/h/20260113_170740_81784775.avif; https://www.mubawab-media.com/ad/8/286/436F/h/20260113_170802_81784776.avif; https://www.mubawab-media.com/ad/8/286/436F/h/20260113_173620_81784777.avif; https://www.mubawab-media.com/ad/8/286/436F/h/20260113_173624_81784778.avif; https://www.mubawab-media.com/ad/7/792/983F/m/3a360017-6056-43e5-802c-dccd4caeac7d_GF_58126781.avif; https://www.mubawab-media.com/ad/8/286/514F/m/thumb_1128381_property_xlarge_81785535.avif; https://www.mubawab-media.com/ad/7/933/737F/m/thumb_840486_property_large_76717438.avif; https://www.mubawab-media.com/ad/8/186/804F/m/thumb_1132614_property_large_80731584.avif,"{""type de bien"": ""Maison"", ""surface de la parcelle"": ""276\n\t\t\t\t\t\t\t\tm²"", ""etat"": ""Bon état / habitable"", ""années"": ""30-50 ans"", ""orientation"": ""Nord"", ""type du sol"": ""Carrelage"", ""nombre d'étages"": ""1""}","{""latitude"": ""36.876389"", ""longitude"": ""10.325278""}","{""climatisation"": ""Oui"", ""terrasse"": ""Oui""}","{""etat"": ""Neuf""}","{""formulaire_contact"": ""Disponible""}",2026-02-01T12:56:17.752160,search,True
4482,Immeuble en open space haut standing ZA Kheireddine,https://www.mubawab.tn/fr/p/4482/immeuble-en-open-space-haut-standing-za-kheireddine,,Le Kram,Le Kram,"Le Kram, Le Kram",Maison,Vente,0,À partir de12 000 TND,12000.0,3000.0,3000 m²,0,0,0,,,,,"ja space de promotion immobiliere nouvelle construction moderne d’environ 3000 m² couvert édifié sur un terrain de 1650 m², idéalement située à proximité de l’ambassade de suisse. l’immeuble comprend",Écoles Hôpitaux,,,,https://www.mubawab-media.com/assets/logos/mubawab.png; https://www.mubawab-media.com/assets/common/loading.gif; https://www.mubawab-media.com/promotion/4/482F/pictures/h/269559573_768014791267185_1346434061284775594_n_81041438.avif; https://www.mubawab-media.com/promotion/4/482F/pictures/h/270069239_347024166954485_2113878475360135594_n_81041439.avif; https://www.mubawab-media.com/promotion/4/482F/pictures/h/269011170_228369386152832_492825752021565072_n_81041440.avif; https://www.mubawab-media.com/promotion/4/482F/pictures/h/268780758_1656041074741827_6852324199616891246_n_81041441.avif; https://www.mubawab-media.com/promotion/4/482F/pictures/h/268783195_4170727889694507_6907862406199584793_n_81041442.avif; https://www.mubawab-media.com/promotion/4/482F/pictures/h/269062888_3007952939470023_5861080759060893196_n_81041443.avif; https://www.mubawab-media.com/promotion/4/482F/pictures/h/269748234_953843791916477_5299683464440928519_n_81041444.avif; https://www.mubawab-media.com/promotion/4/482F/pictures/h/270207017_385779779985343_6567417859440349006_n_81041445.avif; https://www.mubawab-media.com/promotion/4/482F/pictures/h/270240163_967330864184399_3876463913861949589_n_81041446.avif; https://www.mubawab-media.com/promotion/4/482F/pictures/h/270240164_2721545638148317_9046072623243076169_n_81041447.avif; https://www.mubawab-media.com/promotion/4/482F/pictures/h/270243714_3150962088467928_7610814474423467728_n_81041448.avif; https://www.mubawab-media.com/promotion/4/482F/pictures/h/270309723_1294288121038866_4664699107598023555_n_81041449.avif; https://www.mubawab-media.com/promotion/4/482F/pictures/h/270744948_489154192799037_6637202348923802160_n_81041450.avif; https://www.mubawab-media.com/promotion/4/482F/pictures/h/271184614_257721976467521_1028284791413709146_n_81041451.avif,{},"{""latitude"": ""36.83023117013538"", ""longitude"": ""10.305099963120613""}","{""parking"": ""Oui"", ""ascenseur"": ""Oui"", ""climatisation"": ""Oui""}","{""etat"": ""Neuf""}","{""formulaire_contact"": ""Disponible""}",2026-02-01T12:56:17.761612,search,True
8285888,A vendre a jardin de l'aouina,https://www.mubawab.tn/fr/a/8285888/a-vendre-a-jardin-de-l-aouina,,La Marsa,Aouina,"Aouina, La Marsa",Duplex,Vente,0,Prix à consulter,0,186.0,"186
						m²",0,3,0,,,,,À vendre : Duplex S3 à L’Aouina - Premier étage : - 2 salons spacieux - Toilettes - Cuisine bien équipée - Grand espace de rangement avec de nombreux placards - Grande terrasse ensoleillé - Deuxième étage : - Suite parentale avec salle de bain - 2 chambres avec balcon,"À vendre : Duplex S3 à L’Aouina- Premier étage :- 2 salons spacieux- Toilettes- Cuisine bien équipée- Grand espace de rangement avec de nombreux placards- Grande terrasse ensoleillé- Deuxième étage :- Suite parentale avec salle de bain- 2 chambres avec balcon et terrasse- Salle de douche supplémentaireAtouts supplémentaires- Chauffage central et climatisation installés- Possibilité d’aménager un autre étage- Option pour garages commerciaux- Titre individuel et papiers en règleEmplacement : Situé à L’Aouina, dans un quartier calme et recherché, proche de toutes commodités.Ce duplex combine confort familial et potentiel d’investissement.Pour plus d'informations contacter",Jardin; Terrasse; Entre-seul; Salon européen; Climatisation; Chauffage central; Double vitrage; Porte blindée; Cuisine équipée; Balcon,Climatisation; Chauffage central; Double vitrage; Porte blindée; Cuisine équipée; Terrasse; Jardin; Balcon,Jardin; Terrasse186 m²; Entre-seul; Salon européen; Climatisation; Chauffage central; Double vitrage; Porte blindée; Cuisine équipée,https://www.mubawab-media.com/assets/logos/mubawab.png; https://www.mubawab-media.com/assets/common/loading.gif; https://www.mubawab-media.com/ad/8/285/888F/h/photo_0_81778923.avif; https://www.mubawab-media.com/ad/8/285/888F/h/photo_1_81778924.avif; https://www.mubawab-media.com/ad/8/285/888F/h/photo_2_81778927.avif; https://www.mubawab-media.com/ad/8/285/888F/h/photo_3_81778928.avif; https://www.mubawab-media.com/ad/8/285/888F/h/photo_4_81778929.avif; https://www.mubawab-media.com/ad/8/285/888F/h/photo_5_81778930.avif; https://www.mubawab-media.com/ad/8/285/888F/h/photo_6_81778931.avif; https://www.mubawab-media.com/ad/8/285/888F/h/photo_7_81778932.avif; https://www.mubawab-media.com/ad/8/285/888F/h/photo_8_81778933.avif; https://www.mubawab-media.com/ad/8/285/888F/h/photo_9_81778934.avif; https://www.mubawab-media.com/ad/8/285/888F/h/photo_10_81778935.avif; https://www.mubawab-media.com/ad/8/285/888F/h/photo_11_81778936.avif; https://www.mubawab-media.com/ad/8/285/888F/h/photo_170_81785009.avif,"{""type de bien"": ""Maison"", ""surface de la parcelle"": ""186\n\t\t\t\t\t\t\t\tm²"", ""etat"": ""À rénover"", ""années"": ""10-20 ans"", ""nombre d'étages"": ""2""}","{""latitude"": ""36.852624825814985"", ""longitude"": ""10.25651305081569""}","{""parking"": ""Oui"", ""climatisation"": ""Oui"", ""jardin"": ""Oui"", ""terrasse"": ""Oui""}","{""etat"": ""Neuf""}","{""formulaire_contact"": ""Disponible""}",2026-02-01T12:56:17.768280,search,True
8285830,À vendre unemaison plein pied à gammarth village,https://www.mubawab.tn/fr/a/8285830/%C3%A0-vendre-unemaison-plein-pied-%C3%A0-gammarth-village,,La Marsa,Gammarth Village,"Gammarth Village, La Marsa",Villa,Vente,330000.0,330 000 TND,330000.0,160.0,"160
						m²",4,3,1,,,,,"À VENDRE – une maison S3 avec jardin & terrasse à Gammarth Village Découvrez ce belle maison S3, idéalement situé à Gammarth Village, offrant confort, espace extérieur et cadre de vie agréable Composition : Salon spacieux Salle à manger Cuisine équipée 3 chambres à coucher Salle d’eau","À VENDRE – une maison S3 avec jardin & terrasse à Gammarth VillageDécouvrez ce belle maison S3, idéalement situé à Gammarth Village, offrant confort, espace extérieur et cadre de vie agréableComposition :Salon spacieuxSalle à mangerCuisine équipée3 chambres à coucherSalle d’eauAtouts :Jardin privatifTerrasseClimatisationChauffage central",Jardin; Terrasse; Climatisation; Chauffage central; Cuisine équipée,Climatisation; Chauffage central; Cuisine équipée; Terrasse; Jardin,Jardin; Terrasse; Climatisation; Chauffage central; Cuisine équipée,https://www.mubawab-media.com/assets/logos/mubawab.png; https://www.mubawab-media.com/assets/common/loading.gif; https://www.mubawab-media.com/ad/8/285/830F/h/thumb_1238800_property_large_81778360.avif; https://www.mubawab-media.com/ad/8/285/830F/h/thumb_1238797_property_large_81778357.avif; https://www.mubawab-media.com/ad/8/285/830F/h/thumb_1238796_property_large_81778356.avif; https://www.mubawab-media.com/ad/8/285/830F/h/thumb_1238801_property_large_81778355.avif; https://www.mubawab-media.com/ad/8/285/830F/h/thumb_1238798_property_large_81778358.avif; https://www.mubawab-media.com/ad/8/285/830F/h/thumb_1238799_property_large_81778359.avif; https://www.mubawab-media.com/business/10/865F/s/logo%20B2B%20consulting_79084993.avif; https://www.mubawab-media.com/ad/8/017/927F/m/462538018_1209243977032946_3461981327121973707_n_79043096.avif; https://www.mubawab-media.com/ad/8/293/403F/m/thumb_1267275_property_large_81857815.avif; https://www.mubawab-media.com/ad/8/148/247F/m/photo_00_80414471.avif; https://www.mubawab-media.com/ad/8/085/951F/m/1000001123_79711985.avif,"{""type de bien"": ""Maison"", ""etat"": ""Bon état / habitable""}","{""latitude"": ""36.876389"", ""longitude"": ""10.325278""}","{""climatisation"": ""Oui"", ""jardin"": ""Oui"", ""terrasse"": ""Oui""}","{""etat"": ""Neuf""}","{""formulaire_contact"": ""Disponible""}",2026-02-01T12:56:17.780085,search,True
8062966,A vendre une agréable villa avec piscine à Gammarth,https://www.mubawab.tn/fr/a/8062966/a-vendre-une-agr%C3%A9able-villa-avec-piscine-%C3%A0-gammarth,,La Marsa,La Marsa,"La Marsa, La Marsa",Villa,Vente,1800000.0,1 800 000 TND,1800000.0,284.0,"284
						m²",6,3,0,,,,,Une agréable villa avec piscine pour la vente à Gammarth elle se compose de Au Rdc salon chambre cuisine richement équipée salle d’eau pour les invités. Au 1er étage Deux suite junior et une suite parental avec balcon. Au sous-sol un salon chambre de service salle d’eau kitchenette. Elle dispose un,Une agréable villa avec piscine pour la vente à Gammarth elle se compose de Au Rdc salon chambre cuisine richement équipée salle d’eau pour les invités. Au 1er étage Deux suite junior et une suite parental avec balcon. Au sous-sol un salon chambre de service salle d’eau kitchenette. Elle dispose une palace de parking.,Jardin; Terrasse; Garage; Piscine; Entre-seul; Cheminée; Climatisation; Chauffage central; Double vitrage; Porte blindée; Cuisine équipée; Réfrigérateur; Four; Machine à laver; Micro-ondes; Parking; Balcon; Sous-sol,Climatisation; Chauffage central; Double vitrage; Porte blindée; Cuisine équipée; Parking; Garage; Terrasse; Jardin; Piscine; Cheminée; Balcon; Sous-sol,Jardin; Terrasse; Garage; Piscine; Entre-seul; Cheminée; Climatisation; Chauffage central; Double vitrage; Porte blindée; Cuisine équipée; Réfrigérateur; Four; Machine à laver; Micro-ondes,https://www.mubawab-media.com/assets/logos/mubawab.png; https://www.mubawab-media.com/assets/common/loading.gif; https://www.mubawab-media.com/ad/8/062/966F/h/thumb_982003_property_large_79486364.avif; https://www.mubawab-media.com/ad/8/062/966F/h/thumb_982004_property_large_79486365.avif; https://www.mubawab-media.com/ad/8/062/966F/h/thumb_982005_property_large_79486366.avif; https://www.mubawab-media.com/ad/8/062/966F/h/thumb_981996_property_large_79486367.avif; https://www.mubawab-media.com/ad/8/062/966F/h/thumb_981995_property_large_79486368.avif; https://www.mubawab-media.com/ad/8/062/966F/h/thumb_982000_property_large_79486370.avif; https://www.mubawab-media.com/ad/8/062/966F/h/thumb_982001_property_large_79486371.avif; https://www.mubawab-media.com/ad/8/062/966F/h/thumb_981998_property_large_79486372.avif; https://www.mubawab-media.com/ad/8/062/966F/h/thumb_981997_property_large_79486373.avif; https://www.mubawab-media.com/ad/8/062/966F/h/thumb_982006_property_large_79486374.avif; https://www.mubawab-media.com/ad/8/062/966F/h/thumb_982007_property_large_79486375.avif; https://www.mubawab-media.com/business/10/865F/s/logo%20B2B%20consulting_79084993.avif,"{""type de bien"": ""Maison"", ""etat"": ""Bon état / habitable""}","{""latitude"": ""36.876389"", ""longitude"": ""10.325278""}","{""parking"": ""Oui"", ""climatisation"": ""Oui"", ""piscine"": ""Oui"", ""jardin"": ""Oui"", ""terrasse"": ""Oui""}","{""etat"": ""Neuf""}","{""formulaire_contact"": ""Disponible""}",2026-02-01T12:56:17.788263,search,True
8178947,À vendre Villa Marsa Cube,https://www.mubawab.tn/fr/a/8178947/%C3%A0-vendre-villa-marsa-cube,,La Marsa,La Marsa,"La Marsa, La Marsa",Villa,Vente,2500000.0,2 500 000 TND,2500000.0,200.0,"200
						m²",0,4,0,,,,,Ne manquez pas cette opportunité rare d’acquérir une véritable perle située dans l’un des endroits les plus prisés de la région de Marsa Cube. Caractéristiques : • Terrain : 200 m² • Surface couverte : 320 m² • Chambres : 4 chambres spacieuses • Salles de bain : 2 salles de bain modernes et fon,Ne manquez pas cette opportunité rare d’acquérir une véritable perle située dans l’un des endroits les plus prisés de la région de Marsa Cube.Caractéristiques :• Terrain : 200 m²• Surface couverte : 320 m²• Chambres : 4 chambres spacieuses• Salles de bain : 2 salles de bain modernes et fonctionnelles• Salle d’eau supplémentaire pour plus de confort• Terrasse avec vue panoramique sur la mer : idéale pour se détendre ou organiser des repas en plein air,Terrasse; Garage; Vue sur mer,Garage; Terrasse; Vue sur mer,Terrasse; Garage; Vue sur mer,https://www.mubawab-media.com/assets/logos/mubawab.png; https://www.mubawab-media.com/assets/common/loading.gif; https://www.mubawab-media.com/ad/8/178/947F/h/IMG_1459_80652339.avif; https://www.mubawab-media.com/ad/8/178/947F/h/IMG_1460_80652340.avif; https://www.mubawab-media.com/business/12/940F/s/DSC_9784%20copy%20%282%29_80725610.avif; https://www.mubawab-media.com/ad/8/289/868F/m/thumb_1263498_property_large_81820843.avif; https://www.mubawab-media.com/ad/8/241/146F/m/566365879_1113405827222346_46165390430367950_n-2_81294016.avif; https://www.mubawab-media.com/ad/8/053/570F/m/thumb_962458_property_large_79394357.avif; https://www.mubawab-media.com/ad/8/026/171F/m/thumb_937955_property_large_79120501.avif; https://www.mubawab-media.com/assets/common/banks/atijjaribank.png; https://www.mubawab-media.com/assets/common/app-store/google-play-small.png; https://www.mubawab-media.com/assets/common/app-store/app-store-small.png,"{""type de bien"": ""Maison"", ""surface de la parcelle"": ""320\n\t\t\t\t\t\t\t\tm²"", ""etat"": ""Bon état / habitable""}","{""latitude"": ""36.8941992"", ""longitude"": ""10.2762232""}","{""parking"": ""Oui"", ""terrasse"": ""Oui""}","{""etat"": ""Neuf""}","{""formulaire_contact"": ""Disponible""}",2026-02-01T12:56:17.801851,search,True
8190942,Duplex en vente a ain zaghouan,https://www.mubawab.tn/fr/a/8190942/duplex-en-vente-a-ain-zaghouan,,La Marsa,Aouina,"Aouina, La Marsa",Duplex,Vente,430000.0,430 000 TND,430000.0,141.0,"141
						m²",4,3,0,,,,,"Ce duplex s'étend sur le rez-de-chaussée d'une résidence et dispose d'une entrée indépendante. Celle-ci mène à un salon lumineux, grâce à ses nombreuses fenêtres offrant une vue sur la terrasse et le jardin de 30 m², ainsi qu’à une salle à manger idéale pour des moments conviviaux. La cuisine est","Ce duplex s'étend sur le rez-de-chaussée d'une résidence et dispose d'une entrée indépendante. Celle-ci mène à un salon lumineux, grâce à ses nombreuses fenêtres offrant une vue sur la terrasse et le jardin de 30 m², ainsi qu’à une salle à manger idéale pour des moments conviviaux.La cuisine est entièrement équipée et dispose d’un séchoir pratique.Toujours au rez-de-chaussée, une salle de douche pour les invités complète la partie jour.À l'étage, l’espace nuit comprend trois chambres à coucher, ainsi qu’une salle de bains commune.Le duplex est équipé d’un chauffage central et d’un système de climatisation split.Les futurs propriétaires bénéficieront également d’une place de parking située au sous-sol.",Jardin; Terrasse; Garage; Entre-seul; Climatisation; Chauffage central,Climatisation; Chauffage central; Garage; Terrasse; Jardin,Jardin; Terrasse; Garage; Entre-seul; Climatisation; Chauffage central,https://www.mubawab-media.com/assets/logos/mubawab.png; https://www.mubawab-media.com/assets/common/loading.gif; https://www.mubawab-media.com/ad/8/190/942F/h/IMG-20250724-WA0003_80771530.avif; https://www.mubawab-media.com/ad/8/190/942F/h/IMG-20250724-WA0002_80771531.avif; https://www.mubawab-media.com/ad/8/190/942F/h/IMG-20250724-WA0005_80771532.avif; https://www.mubawab-media.com/ad/8/190/942F/h/IMG-20250724-WA0006_80771533.avif; https://www.mubawab-media.com/ad/8/190/942F/h/IMG-20250724-WA0008_80771534.avif; https://www.mubawab-media.com/ad/8/190/942F/h/IMG-20250724-WA0010_80771535.avif; https://www.mubawab-media.com/ad/8/190/942F/h/IMG-20250724-WA0012_80771536.avif; https://www.mubawab-media.com/ad/8/190/942F/h/IMG-20250724-WA0013_80771537.avif; https://www.mubawab-media.com/ad/8/190/942F/h/IMG-20250724-WA0014_80771538.avif; https://www.mubawab-media.com/ad/8/190/942F/h/IMG-20250724-WA0016_80771539.avif; https://www.mubawab-media.com/ad/8/190/942F/h/IMG-20250724-WA0018_80771540.avif; https://www.mubawab-media.com/ad/8/190/942F/h/IMG-20250724-WA0020_80771541.avif; https://www.mubawab-media.com/ad/8/190/942F/h/IMG-20250724-WA0022_80771542.avif; https://www.mubawab-media.com/ad/8/190/942F/h/IMG-20250724-WA0025_80771543.avif,"{""type de bien"": ""Maison"", ""etat"": ""Bon état / habitable"", ""nombre d'étages"": ""1""}","{""latitude"": ""36.876389"", ""longitude"": ""10.325278""}","{""parking"": ""Oui"", ""climatisation"": ""Oui"", ""jardin"": ""Oui"", ""terrasse"": ""Oui""}","{""etat"": ""Neuf""}","{""formulaire_contact"": ""Disponible""}",2026-02-01T12:56:17.810468,search,True
8265526,Maison à l'achat à Aouina. 3 chambres agréables. Porte blind...,https://www.mubawab.tn/fr/a/8265526/maison-%C3%A0-l-achat-%C3%A0-aouina-3-chambres-agr%C3%A9ables-porte-blind%C3%A9e-et-chauffage-central,,La Marsa,Aouina,"Aouina, La Marsa",Maison,Vente,540000.0,540 000 TND,540000.0,180.0,"180
						m²",0,3,0,,,,,"Occasion à saisir pour cette maison à vendre. Prix 540 000 TND. 3 chambres à coucher, 3 salles de bains, 180 m². Moins de 10 ans. Type de sol: Marbre. Équipé d'une antenne parabolique et d'une porte blindée. Cette belle maison est en vente à Aouina. Les extérieurs se composent d'un jardin et d'une","Occasion à saisir pour cette maison à vendre. Prix 540 000 TND. 3 chambres à coucher, 3 salles de bains, 180 m². Moins de 10 ans. Type de sol: Marbre. Équipé d'une antenne parabolique et d'une porte blindée.Cette belle maison est en vente à Aouina. Les extérieurs se composent d'un jardin et d'une terrasse. Chauffage central.Contactez-nous pour visiter cette maison à vendre. Cuisine équipée. Four. Système de climatisation.",Jardin; Terrasse; Entre-seul; Antenne parabolique; Climatisation; Chauffage central; Porte blindée; Cuisine équipée; Four,Climatisation; Chauffage central; Porte blindée; Cuisine équipée; Terrasse; Jardin,Jardin; Terrasse; Entre-seul; Antenne parabolique; Climatisation; Chauffage central; Porte blindée; Cuisine équipée; Four,https://www.mubawab-media.com/assets/logos/mubawab.png; https://www.mubawab-media.com/assets/common/loading.gif; https://www.mubawab-media.com/ad/8/265/526F/h/photo_00_81558290.avif; https://www.mubawab-media.com/ad/8/265/526F/h/photo_01_81558291.avif; https://www.mubawab-media.com/ad/8/265/526F/h/photo_02_81558292.avif; https://www.mubawab-media.com/ad/8/265/526F/h/photo_03_81558293.avif; https://www.mubawab-media.com/ad/8/265/526F/h/photo_04_81558294.avif; https://www.mubawab-media.com/ad/8/265/526F/h/photo_05_81558295.avif; https://www.mubawab-media.com/ad/8/265/526F/h/photo_06_81558296.avif; https://www.mubawab-media.com/ad/8/265/526F/h/photo_07_81558297.avif; https://www.mubawab-media.com/assets/common/agency-nologo.jpg; https://www.mubawab-media.com/ad/7/948/140F/m/WhatsApp%20Image%202024-07-04%20%C3%A0%2010.50.39_911a771a_77952234_77953132.avif; https://www.mubawab-media.com/ad/8/290/741F/m/thumb_1264568_property_large_81830237.avif; https://www.mubawab-media.com/ad/8/287/802F/m/thumb_1241324_property_large_81799077.avif,"{""type de bien"": ""Maison"", ""surface de la parcelle"": ""113\n\t\t\t\t\t\t\t\tm²"", ""etat"": ""Bon état / habitable"", ""années"": ""5-10 ans"", ""orientation"": ""Nord"", ""type du sol"": ""Marbre"", ""nombre d'étages"": ""1""}","{""latitude"": ""36.8533886"", ""longitude"": ""10.2504908""}","{""climatisation"": ""Oui"", ""jardin"": ""Oui"", ""terrasse"": ""Oui""}","{""etat"": ""Neuf""}","{""formulaire_contact"": ""Disponible""}",2026-02-01T12:56:17.819688,search,True
8279384,À vendre une villa à la marsa,https://www.mubawab.tn/fr/a/8279384/%C3%A0-vendre-une-villa-%C3%A0-la-marsa,,La Marsa,Cité Les Pins,"Cité Les Pins, La Marsa",Villa,Vente,1350000.0,1 350 000 TND,1350000.0,208.0,"208
						m²",5,3,1,,,,,on vous propose a la vente une villa à La Marsa. Superficie : 208 m² bâtis Extérieurs Jardin de 100 m² Piscine Villa jumelée d’un seul côté Rez-de-chaussée Un Salon Spacieux Une salle à manger Séjour Salle d’eau invités Étage Suite parentale avec salle de bain Deux chambres Salle de,on vous propose a la vente une villa à La Marsa.Superficie : 208 m² bâtisExtérieursJardin de 100 m²PiscineVilla jumelée d’un seul côtéRez-de-chausséeUn Salon SpacieuxUne salle à mangerSéjourSalle d’eau invitésÉtageSuite parentale avec salle de bainDeux chambresSalle de douche communeGrand dressing dans le couloirSous-solUne Grande cuisine LimineuseChambre de service salle de doucheBuanderieGarage pour 2 voitures avec accès direct à la maison,Jardin; Garage; Piscine; Entre-seul; Buanderie; Sous-sol,Garage; Jardin; Piscine; Buanderie; Sous-sol,Jardin; Garage; Piscine; Entre-seul,https://www.mubawab-media.com/assets/logos/mubawab.png; https://www.mubawab-media.com/assets/common/loading.gif; https://www.mubawab-media.com/ad/8/279/384F/h/thumb_1233284_property_large_81709955.avif; https://www.mubawab-media.com/ad/8/279/384F/h/thumb_1233275_property_large_81709956.avif; https://www.mubawab-media.com/ad/8/279/384F/h/thumb_1233283_property_large_81709957.avif; https://www.mubawab-media.com/ad/8/279/384F/h/thumb_1233282_property_large_81709958.avif; https://www.mubawab-media.com/ad/8/279/384F/h/thumb_1233281_property_large_81709959.avif; https://www.mubawab-media.com/ad/8/279/384F/h/thumb_1233280_property_large_81709960.avif; https://www.mubawab-media.com/ad/8/279/384F/h/thumb_1233279_property_large_81709961.avif; https://www.mubawab-media.com/ad/8/279/384F/h/thumb_1233278_property_large_81709962.avif; https://www.mubawab-media.com/ad/8/279/384F/h/thumb_1233277_property_large_81709963.avif; https://www.mubawab-media.com/ad/8/279/384F/h/thumb_1233276_property_large_81709964.avif; https://www.mubawab-media.com/ad/8/279/384F/h/thumb_1233285_property_large_81709965.avif; https://www.mubawab-media.com/business/10/865F/s/logo%20B2B%20consulting_79084993.avif,"{""type de bien"": ""Maison"", ""etat"": ""Bon état / habitable""}","{""latitude"": ""36.876389"", ""longitude"": ""10.325278""}","{""parking"": ""Oui"", ""piscine"": ""Oui"", ""jardin"": ""Oui""}","{""etat"": ""Neuf""}","{""formulaire_contact"": ""Disponible""}",2026-02-01T12:56:17.828506,search,True
8276496,Villa meublée avec piscine à louer aux Berges du Lac 2,https://www.mubawab.tn/fr/a/8276496/villa-meubl%C3%A9e-avec-piscine-%C3%A0-louer-aux-berges-du-lac-2,,La Marsa,Les Berges Du Lac 2,"Les Berges Du Lac 2, La Marsa",Villa,Vente,0,7 000 TND,7000.0,250.0,"250
						m²",0,3,0,,,,,"New Key Lac2 vous propose à la location un RDC de villa située aux berges du lac2.Elle se compose d'un salon lumineux avec une salle à manger donnant directement sur le jardin et la piscine, d'une cuisine bien équipée, ainsi que d'une salle d'eau pour les invités.La partie nuit comprend une suite pa","New Key Lac2 vous propose à la location un RDC de villa située aux berges du lac2.Elle se compose d'un salon lumineux avec une salle à manger donnant directement sur le jardin et la piscine, d'une cuisine bien équipée, ainsi que d'une salle d'eau pour les invités.La partie nuit comprend une suite parentale et deux chambres à coucher avec leur dressing.Le jardin entoure la maison, offrant un bel espace extérieur agréable et verdoyant.Un garage pouvant accueillir deux voitures est également disponible. Référence du bien: Ref8739a",Jardin; Garage; Piscine; Cuisine équipée,Cuisine équipée; Garage; Jardin; Piscine,Jardin; Garage; Piscine; Cuisine équipée,https://www.mubawab-media.com/assets/logos/mubawab.png; https://www.mubawab-media.com/assets/common/loading.gif; https://www.mubawab-media.com/ad/8/276/496F/h/thumb_1231377_property_xlarge_81677838.avif; https://www.mubawab-media.com/ad/8/276/496F/h/thumb_1231379_property_xlarge_81677839.avif; https://www.mubawab-media.com/ad/8/276/496F/h/thumb_1231383_property_xlarge_81677840.avif; https://www.mubawab-media.com/ad/8/276/496F/h/thumb_1231374_property_xlarge_81677841.avif; https://www.mubawab-media.com/ad/8/276/496F/h/thumb_1231372_property_xlarge_81677842.avif; https://www.mubawab-media.com/ad/8/276/496F/h/thumb_1231387_property_xlarge_81677843.avif; https://www.mubawab-media.com/ad/8/276/496F/h/thumb_1231361_property_xlarge_81677844.avif; https://www.mubawab-media.com/ad/8/276/496F/h/thumb_1231373_property_xlarge_81677845.avif; https://www.mubawab-media.com/ad/8/276/496F/h/thumb_1231375_property_xlarge_81677846.avif; https://www.mubawab-media.com/ad/8/276/496F/h/thumb_1231376_property_xlarge_81677847.avif; https://www.mubawab-media.com/ad/8/276/496F/h/thumb_1231360_property_xlarge_81677848.avif; https://www.mubawab-media.com/ad/8/276/496F/h/thumb_1231371_property_xlarge_81677849.avif; https://www.mubawab-media.com/ad/8/276/496F/h/thumb_1231370_property_xlarge_81677850.avif; https://www.mubawab-media.com/ad/8/276/496F/h/thumb_1231362_property_xlarge_81677851.avif,"{""type de bien"": ""Maison""}","{""latitude"": ""36.8468986"", ""longitude"": ""10.2641808""}","{""parking"": ""Oui"", ""piscine"": ""Oui"", ""jardin"": ""Oui""}","{""etat"": ""Neuf""}","{""formulaire_contact"": ""Disponible""}",2026-02-01T12:56:17.842126,search,True
7781933,Duplex Bettina à Vendre à Gammarth Village,https://www.mubawab.tn/fr/a/7781933/duplex-bettina-%C3%A0-vendre-%C3%A0-gammarth-village,,La Marsa,Gammarth Village,"Gammarth Village, La Marsa",Villa,Vente,410000.0,410 000 TND,410000.0,200.0,"200
						m²",4,3,0,,,,,"Un duplex de charme sur un terrain de 200 m² situé dans une impasse résidentiel à Gammarth Village. Au RDC, On a un spacieux salon, salle à manger, une cuisine équipée avec séchoir et une salle d'eau. À L’étage, On a une suite parentale, 2 chambres et une salle de bain. A L'extérieur, On a une terr","Un duplex de charme sur un terrain de 200 m² situé dans une impasse résidentiel à Gammarth Village. Au RDC, On a un spacieux salon, salle à manger, une cuisine équipée avec séchoir et une salle d'eau. À L’étage, On a une suite parentale, 2 chambres et une salle de bain. A L'extérieur, On a une terrasse et un jardin. Pour tous les renseignements, Contacter l'agent",Jardin; Terrasse; Cuisine équipée,Cuisine équipée; Terrasse; Jardin,Jardin; Terrasse; Cuisine équipée,https://www.mubawab-media.com/assets/logos/mubawab.png; https://www.mubawab-media.com/assets/common/loading.gif; https://www.mubawab-media.com/ad/7/781/933F/h/1_GF_69459194.avif; https://www.mubawab-media.com/ad/7/781/933F/h/2_GF_69459195.avif; https://www.mubawab-media.com/ad/7/781/933F/h/3_GF_69459196.avif; https://www.mubawab-media.com/ad/7/781/933F/h/4_GF_69459197.avif; https://www.mubawab-media.com/ad/7/781/933F/h/5_GF_69459198.avif; https://www.mubawab-media.com/ad/7/781/933F/h/6_GF_69459199.avif; https://www.mubawab-media.com/ad/7/781/933F/h/7_GF_69459200.avif; https://www.mubawab-media.com/ad/7/781/933F/h/9_GF_69459201.avif; https://www.mubawab-media.com/ad/7/781/933F/h/10_GF_69459202.avif; https://www.mubawab-media.com/ad/7/781/933F/h/11_GF_69459203.avif; https://www.mubawab-media.com/ad/7/781/933F/h/12_GF_69459204.avif; https://www.mubawab-media.com/ad/7/781/933F/h/13_GF_69459205.avif; https://www.mubawab-media.com/ad/7/781/933F/h/14_GF_69459206.avif; https://www.mubawab-media.com/ad/7/781/933F/h/15_GF_69459207.avif,"{""type de bien"": ""Maison"", ""etat"": ""Bon état / habitable""}","{""latitude"": ""36.876389"", ""longitude"": ""10.325278""}","{""jardin"": ""Oui"", ""terrasse"": ""Oui""}","{""etat"": ""Neuf""}","{""formulaire_contact"": ""Disponible""}",2026-02-01T12:56:17.848150,search,True
8243453,Duplex Luana à Vendre à Cité Ettabak La Marsa,https://www.mubawab.tn/fr/a/8243453/duplex-luana-%C3%A0-vendre-%C3%A0-cit%C3%A9-ettabak-la-marsa,,La Marsa,La Marsa,"La Marsa, La Marsa",Duplex,Vente,600000.0,600 000 TND,600000.0,150.0,"150
						m²",5,3,1,,,,,"Un duplex de charme situé dans une résidence à Cité Ettabak, La Marsa. Au RDC, On a un salon, une cuisine, une chambre et une salle d'eau. À L’étage, On a une suite parentale, 2 chambres et une salle de bain. Pour tous les renseignements, Contacter l'agent sur le","Un duplex de charme situé dans une résidence à Cité Ettabak, La Marsa. Au RDC, On a un salon, une cuisine, une chambre et une salle d'eau. À L’étage, On a une suite parentale, 2 chambres et une salle de bain. Pour tous les renseignements, Contacter l'agent sur le .",Jardin; Terrasse,Terrasse; Jardin,Jardin; Terrasse,https://www.mubawab-media.com/assets/logos/mubawab.png; https://www.mubawab-media.com/assets/common/loading.gif; https://www.mubawab-media.com/ad/8/243/453F/h/d290abde-3c77-49c7-9c23-aec31cbca854_GF%20-%20Copie_81316981.avif; https://www.mubawab-media.com/ad/8/243/453F/h/03723e65-7e6c-49f7-98b4-a867aebb731f_GF%20-%20Copie_81316982.avif; https://www.mubawab-media.com/ad/8/243/453F/h/292ab72a-b977-46d2-a692-5b4ba47cc7bd_GF_81316983.avif; https://www.mubawab-media.com/ad/8/243/453F/h/43a53f45-2f44-468e-abc8-4a321c330f90_GF_81316984.avif; https://www.mubawab-media.com/ad/8/243/453F/h/c1e0f427-4721-49f8-bc9f-16126bbf6ddf_GF_81316985.avif; https://www.mubawab-media.com/ad/8/243/453F/h/531b0e65-d051-4f7c-bd80-0de2b6bfeeec_GF_81316986.avif; https://www.mubawab-media.com/ad/8/243/453F/h/531b0e65-d051-4f7c-bd80-0de2b6bfeeec_GF%20-%20Copie_81316987.avif; https://www.mubawab-media.com/ad/8/243/453F/h/f3793f5c-e79c-4076-9f51-f629d891d2b4_GF_81316988.avif; https://www.mubawab-media.com/business/7/171F/s/logo4280avif; https://www.mubawab-media.com/ad/7/948/140F/m/WhatsApp%20Image%202024-07-04%20%C3%A0%2010.50.39_911a771a_77952234_77953132.avif; https://www.mubawab-media.com/ad/8/290/741F/m/thumb_1264568_property_large_81830237.avif; https://www.mubawab-media.com/ad/8/287/802F/m/thumb_1241324_property_large_81799077.avif,"{""type de bien"": ""Maison"", ""etat"": ""Bon état / habitable""}","{""latitude"": ""36.876389"", ""longitude"": ""10.325278""}","{""jardin"": ""Oui"", ""terrasse"": ""Oui""}","{""etat"": ""Neuf""}","{""formulaire_contact"": ""Disponible""}",2026-02-01T12:56:17.859687,search,True
8257662,A Vendre une villa à Gammarth,https://www.mubawab.tn/fr/a/8257662/a-vendre-une-villa-%C3%A0-gammarth,,La Marsa,Gammarth Supérieur,"Gammarth Supérieur, La Marsa",Villa,Vente,1750000.0,1 750 000 TND,1750000.0,280.0,"280
						m²",5,4,0,,,,,"À vendre – Villa S5 avec jardin et garage à Gammarth Supérieur À Gammarth Supérieur, dans un emplacement stratégique et très recherché, nous vous proposons à la vente une villa S5 construite en 1985, d’une surface bâtie d’environ 280 m² répartie sur deux niveaux, édifiée sur un terrain de 553 m².","À vendre – Villa S5 avec jardin et garage à Gammarth SupérieurÀ Gammarth Supérieur, dans un emplacement stratégique et très recherché, nous vous proposons à la vente une villa S5 construite en 1985, d’une surface bâtie d’environ 280 m² répartie sur deux niveaux, édifiée sur un terrain de 553 m².Elle se compose comme suit :• Rez-de-chaussée :Un spacieux salon lumineuxUne salle à mangerUne cuisine indépendanteUne salle d’eau invitésUn accès direct au jardinDeux chambres à coucher• Étage :Quatre chambres à coucher dont une suiteUne salle de bainExtérieur :Un garage pour deux voituresUn grand jardin piscinablePossibilité d’aménagement supplémentaire selon besoinLa villa nécessite quelques travaux de rafraîchissement, offrant un excellent potentiel dans l’une des zones les plus prisées de Gammarth.Un bien rare à visiter rapidement !",Jardin; Terrasse; Garage; Chambre rangement; Entre-seul; Salon européen; Antenne parabolique; Climatisation; Chauffage central; Porte blindée; Cuisine équipée,Climatisation; Chauffage central; Porte blindée; Cuisine équipée; Garage; Terrasse; Jardin,Jardin; Terrasse; Garage; Chambre rangement; Entre-seul; Salon européen; Antenne parabolique; Climatisation; Chauffage central; Porte blindée; Cuisine équipée,https://www.mubawab-media.com/assets/logos/mubawab.png; https://www.mubawab-media.com/assets/common/loading.gif; https://www.mubawab-media.com/ad/8/257/662F/h/thumb_1213968_property_large_81463552.avif; https://www.mubawab-media.com/ad/8/257/662F/h/thumb_1213966_property_large_81463553.avif; https://www.mubawab-media.com/ad/8/257/662F/h/thumb_1213967_property_large_81463554.avif; https://www.mubawab-media.com/business/8/054F/s/WhatsApp%20Image%202026-01-16%20at%2010.13.43_81799087.avif; https://www.mubawab-media.com/ad/8/269/249F/m/4_81600917.avif; https://www.mubawab-media.com/ad/8/231/632F/m/thumb_1181290_property_xlarge_81196810.avif; https://www.mubawab-media.com/ad/8/265/915F/m/IMG_20251203_152815_559_561_HDR_2025-12-03_21-09-49_capture%20d%27%C3%A9cran_81562244.avif; https://www.mubawab-media.com/ad/8/237/032F/m/thumb_1146483_property_xlarge_81251990.avif; https://www.mubawab-media.com/assets/common/banks/atijjaribank.png; https://www.mubawab-media.com/assets/common/app-store/google-play-small.png; https://www.mubawab-media.com/assets/common/app-store/app-store-small.png,"{""type de bien"": ""Maison"", ""surface de la parcelle"": ""553\n\t\t\t\t\t\t\t\tm²"", ""etat"": ""Bon état / habitable"", ""années"": ""20-30 ans"", ""type du sol"": ""Marbre"", ""nombre d'étages"": ""2""}","{""latitude"": ""36.876389"", ""longitude"": ""10.325278""}","{""parking"": ""Oui"", ""climatisation"": ""Oui"", ""jardin"": ""Oui"", ""terrasse"": ""Oui""}","{""etat"": ""Neuf""}","{""formulaire_contact"": ""Disponible""}",2026-02-01T12:56:17.868268,search,True
8209799,À vendre S3 à La Marsa Lahwech,https://www.mubawab.tn/fr/a/8209799/%C3%A0-vendre-s3-%C3%A0-la-marsa-lahwech,,La Marsa,La Marsa,"La Marsa, La Marsa",Villa,Vente,550000.0,550 000 TND,550000.0,180.0,"180
						m²",6,3,0,,,,,"À vendre à La Marsa Lahwech, dans une impasse calme, propre et sécurisée, un rez-de-chaussée de villa S3 avec jardin, studio indépendant et garage couvert. D’une superficie bâtie de 180 m² sur un terrain de 380 m², il se compose d’un salon, d’un séjour, d’une cuisine équipée, d’une salle d’eau pour","À vendre à La Marsa Lahwech, dans une impasse calme, propre et sécurisée, un rez-de-chaussée de villa S3 avec jardin, studio indépendant et garage couvert. D’une superficie bâtie de 180 m² sur un terrain de 380 m², il se compose d’un salon, d’un séjour, d’une cuisine équipée, d’une salle d’eau pour invités, de trois chambres à coucher et d’une salle de bain commune, avec buanderie. À l’extérieur, on trouve un jardin, une salle d’eau avec douche ainsi qu’un sous-sol. Entrée indépendante",Jardin; Terrasse; Garage; Chambre rangement; Meublé; Entre-seul; Climatisation; Double vitrage; Porte blindée; Cuisine équipée; Buanderie,Climatisation; Double vitrage; Porte blindée; Cuisine équipée; Garage; Terrasse; Jardin; Buanderie,Jardin; Terrasse; Garage; Chambre rangement; Meublé; Entre-seul; Climatisation; Double vitrage; Porte blindée; Cuisine équipée,https://www.mubawab-media.com/assets/logos/mubawab.png; https://www.mubawab-media.com/assets/common/loading.gif; https://www.mubawab-media.com/ad/8/209/799F/h/9_80961695.avif; https://www.mubawab-media.com/ad/8/209/799F/h/1_80961685.avif; https://www.mubawab-media.com/ad/8/209/799F/h/3_80961687.avif; https://www.mubawab-media.com/ad/8/209/799F/h/2_80961688.avif; https://www.mubawab-media.com/ad/8/209/799F/h/5_80961689.avif; https://www.mubawab-media.com/ad/8/209/799F/h/4_80961690.avif; https://www.mubawab-media.com/ad/8/209/799F/h/8_80961691.avif; https://www.mubawab-media.com/ad/8/209/799F/h/6_80961692.avif; https://www.mubawab-media.com/ad/8/209/799F/h/10_80961693.avif; https://www.mubawab-media.com/ad/8/209/799F/h/7_80961694.avif; https://www.mubawab-media.com/ad/8/209/799F/h/11_80961696.avif; https://www.mubawab-media.com/business/7/222F/s/56352683_526625467742286_616301633445298176_n.avif,"{""type de bien"": ""Maison"", ""surface de la parcelle"": ""350\n\t\t\t\t\t\t\t\tm²"", ""etat"": ""Bon état / habitable""}","{""latitude"": ""36.88033351302413"", ""longitude"": ""10.320861818103733""}","{""parking"": ""Oui"", ""climatisation"": ""Oui"", ""jardin"": ""Oui"", ""terrasse"": ""Oui""}","{""etat"": ""Neuf""}","{""formulaire_contact"": ""Disponible""}",2026-02-01T12:56:17.879737,search,True
8276162,À louer une villa s4 à gammarth,https://www.mubawab.tn/fr/a/8276162/%C3%A0-louer-une-villa-s4-%C3%A0-gammarth,,La Marsa,Gammarth,"Gammarth, La Marsa",Villa,Vente,0,Prix à consulter,0,500.0,"500
						m²",6,4,1,,,,,"À louer – Villa avec piscine à Gammarth Nous vous proposons à la location une villa moderne et bien agencée, idéalement située dans le cadre calme et verdoyant de Gammarth. Composition : Rez-de-chaussée : -Salon lumineux avec accès direct à la piscine et au jardin -Une chambre à coucher -U","À louer – Villa avec piscine à GammarthNous vous proposons à la location une villa moderne et bien agencée, idéalement située dans le cadre calme et verdoyant de Gammarth.Composition :Rez-de-chaussée :-Salon lumineux avec accès direct à la piscine et au jardin-Une chambre à coucher-Une salle de douche pour les invités-Cuisine américaine équipée (plaque, hotte, four)Étage :-Deux chambres à coucher, chacune avec dressing, desservies par une salle de bain commune-Une suite parentale avec dressing et salle de douche à l’italienneÉquipements :- Climatisation en split système- Chauffage central- Jardin paysagé- Piscine privée- GarageLoyer mensuel : 4500 TND",Jardin; Garage; Piscine; Climatisation; Chauffage central; Four,Climatisation; Chauffage central; Garage; Jardin; Piscine,Jardin; Garage; Piscine; Climatisation; Chauffage central; Four,https://www.mubawab-media.com/assets/logos/mubawab.png; https://www.mubawab-media.com/assets/common/loading.gif; https://www.mubawab-media.com/ad/8/276/162F/h/thumb_1231258_property_large_81673390.avif; https://www.mubawab-media.com/ad/8/276/162F/h/thumb_1231263_property_large_81673391.avif; https://www.mubawab-media.com/ad/8/276/162F/h/thumb_1231257_property_large_81673392.avif; https://www.mubawab-media.com/ad/8/276/162F/h/thumb_1231259_property_large_81673393.avif; https://www.mubawab-media.com/ad/8/276/162F/h/thumb_1231260_property_large_81673394.avif; https://www.mubawab-media.com/ad/8/276/162F/h/thumb_1231261_property_large_81673395.avif; https://www.mubawab-media.com/ad/8/276/162F/h/thumb_1231264_property_large_81673396.avif; https://www.mubawab-media.com/ad/8/276/162F/h/thumb_1231262_property_large_81673397.avif; https://www.mubawab-media.com/ad/8/276/162F/h/thumb_1231265_property_large_81673398.avif; https://www.mubawab-media.com/ad/8/276/162F/h/thumb_1231266_property_large_81673399.avif; https://www.mubawab-media.com/business/10/865F/s/logo%20B2B%20consulting_79084993.avif,"{""type de bien"": ""Maison"", ""etat"": ""Bon état / habitable""}","{""latitude"": ""36.876389"", ""longitude"": ""10.325278""}","{""parking"": ""Oui"", ""climatisation"": ""Oui"", ""piscine"": ""Oui"", ""jardin"": ""Oui""}","{""etat"": ""Neuf""}","{""formulaire_contact"": ""Disponible""}",2026-02-01T12:56:17.888127,search,True
8224530,Duplex de 207 m² à Aouina,https://www.mubawab.tn/fr/a/8224530/duplex-de-207-m%C2%B2-%C3%A0-aouina,,La Marsa,Aouina,"Aouina, La Marsa",Duplex,Vente,540000.0,540 000 TND,540000.0,207.0,"207
						m²",1,1,1,,,,,"À Vendre – Appartement Duplex 2S2 de 207 m² à Laouina Nous mettons en vente un spacieux appartement duplex de 207 m², situé dans une résidence calme et sécurisée à Laouina, un quartier résidentiel recherché, à proximité de toutes les commodités : écoles, commerces, transports, etc. Ce bien offre u","À Vendre – Appartement Duplex 2S2 de 207 m² à LaouinaNous mettons en vente un spacieux appartement duplex de 207 m², situé dans une résidence calme et sécurisée à Laouina, un quartier résidentiel recherché, à proximité de toutes les commodités : écoles, commerces, transports, etc.Ce bien offre un cadre de vie agréable, lumineux et confortable, idéal pour une famille ou un couple.Caractéristiques du bien :Superficie : 207 m²Type : Duplex (2 salons suite parentale chambre)Accès :Entrée principale au rez-de-chausséeDeuxième entrée indépendante au 1er étageRez-de-chaussée :Salon spacieux et lumineux, climatiséCuisine équipée avec séchoirSalle d’eau pour les invités1er étage :Suite parentale climatisée avec dressing et Salle de bain avec cabine de douche et un balcon donnant sur le jardinUne chambre à coucher climatiséeSalle de bain avec cabine de douchePlace de parking extérieurePoints forts :Résidence sécuriséeQuartier calme et bien desserviAgencement fonctionnel et confortableIdéal pour une vie familiale harmonieuse",Jardin; Terrasse; Garage; Sécurité; Cuisine équipée,Sécurité; Cuisine équipée; Garage; Terrasse; Jardin,Jardin; Terrasse; Garage; Sécurité; Cuisine équipée,https://www.mubawab-media.com/assets/logos/mubawab.png; https://www.mubawab-media.com/assets/common/loading.gif; https://www.mubawab-media.com/ad/8/224/530F/h/thumb_1172169_property_large_81119207.avif; https://www.mubawab-media.com/ad/8/224/530F/h/thumb_1172163_property_large_81119208.avif; https://www.mubawab-media.com/ad/8/224/530F/h/thumb_1172164_property_large_81119209.avif; https://www.mubawab-media.com/ad/8/224/530F/h/thumb_1172165_property_large_81119210.avif; https://www.mubawab-media.com/ad/8/224/530F/h/thumb_1172167_property_large_81119211.avif; https://www.mubawab-media.com/ad/8/224/530F/h/thumb_1172168_property_large_81119212.avif; https://www.mubawab-media.com/ad/8/224/530F/h/thumb_1172170_property_large_81119213.avif; https://www.mubawab-media.com/ad/8/224/530F/h/thumb_1172171_property_large_81119214.avif; https://www.mubawab-media.com/ad/8/224/530F/h/thumb_1172172_property_large_81119215.avif; https://www.mubawab-media.com/ad/8/224/530F/h/thumb_1172166_property_large_81119216.avif; https://www.mubawab-media.com/business/11/471F/s/447778550_122132200958253592_7025110057846881230_n_79554071.avif; https://www.mubawab-media.com/ad/7/948/140F/m/WhatsApp%20Image%202024-07-04%20%C3%A0%2010.50.39_911a771a_77952234_77953132.avif,"{""type de bien"": ""Maison"", ""etat"": ""Bon état / habitable""}","{""latitude"": ""36.876389"", ""longitude"": ""10.325278""}","{""parking"": ""Oui"", ""securite"": ""Oui"", ""jardin"": ""Oui"", ""terrasse"": ""Oui""}","{""etat"": ""Neuf""}","{""formulaire_contact"": ""Disponible""}",2026-02-01T12:56:17.900002,search,True
8053570,A vendre une villa de luxe à Gammarth,https://www.mubawab.tn/fr/a/8053570/a-vendre-une-villa-de-luxe-%C3%A0-gammarth,,La Marsa,Gammarth Supérieur,"Gammarth Supérieur, La Marsa",Villa,Vente,2100000.0,2 100 000 TND,2100000.0,289.0,"289
						m²",3,3,1,,,,,À vendre Villa jumelée avec piscine – à Gammarth . Située dans un cadre calme et recherché cette villa jumelée offre un confort moderne et une belle superficie de vie. Idéale pour une famille elle combine élégance fonctionnalité et prestations de qualité. Caractéristiques principales Surface totale,À vendre Villa jumelée avec piscine – à Gammarth . Située dans un cadre calme et recherché cette villa jumelée offre un confort moderne et une belle superficie de vie. Idéale pour une famille elle combine élégance fonctionnalité et prestations de qualité. Caractéristiques principales Surface totale couverte 33120 m² Surface totale du lot 28850 m² Sous sol 10670 m² Rez de chaussé 11280 m² Premier étage 11170 m² Surface jardin et terrasse 11680 m² 3 chambres spacieuses dont une suite parentale avec salle de bain privative 2 salles de bain modernes une avec baignoire et l’autre avec douche à l’italienne Grand salon lumineux avec accès direct à la terrasse et au jardin Cuisine séparée entièrement équipée avec plan de travail en granit placards modernes et électroménagers haut de gamme Terrasse ensoleillée avec piscine privée parfait pour se détendre ou recevoir des invités Avantages supplémentaires Villa jumelée dans un environnement paisible et sécurisé Proximité des commerces plage. Espaces verts et parc à proximité Cette villa jumelée avec piscine est idéale pour ceux recherchant un cadre de vie agréable et moderne tout en bénéficiant de l’intimité et de l’indépendance d’une maison individuelle. N’hésitez pas à me contacter pour plus de renseignements ou pour organiser une visite,Jardin; Terrasse; Piscine; Cuisine équipée,Cuisine équipée; Terrasse; Jardin; Piscine,Jardin; Terrasse; Piscine; Cuisine équipée,https://www.mubawab-media.com/assets/logos/mubawab.png; https://www.mubawab-media.com/assets/common/loading.gif; https://www.mubawab-media.com/ad/8/053/570F/h/thumb_962458_property_large_79394357.avif; https://www.mubawab-media.com/ad/8/053/570F/h/thumb_962457_property_large_79394358.avif; https://www.mubawab-media.com/ad/8/053/570F/h/thumb_962456_property_large_79394359.avif; https://www.mubawab-media.com/ad/8/053/570F/h/thumb_962459_property_large_79394360.avif; https://www.mubawab-media.com/ad/8/053/570F/h/thumb_962461_property_large_79394361.avif; https://www.mubawab-media.com/ad/8/053/570F/h/thumb_962455_property_large_79394362.avif; https://www.mubawab-media.com/ad/8/053/570F/h/thumb_962460_property_large_79394363.avif; https://www.mubawab-media.com/business/8/054F/s/WhatsApp%20Image%202026-01-16%20at%2010.13.43_81799087.avif; https://www.mubawab-media.com/ad/8/289/868F/m/thumb_1263498_property_large_81820843.avif; https://www.mubawab-media.com/ad/8/241/146F/m/566365879_1113405827222346_46165390430367950_n-2_81294016.avif; https://www.mubawab-media.com/ad/8/231/632F/m/thumb_1181290_property_xlarge_81196810.avif; https://www.mubawab-media.com/ad/8/287/142F/m/thumb_1240303_property_large_81792131.avif,"{""type de bien"": ""Maison"", ""etat"": ""Bon état / habitable""}","{""latitude"": ""36.876389"", ""longitude"": ""10.325278""}","{""piscine"": ""Oui"", ""jardin"": ""Oui"", ""terrasse"": ""Oui""}","{""etat"": ""Neuf""}","{""formulaire_contact"": ""Disponible""}",2026-02-01T12:56:17.909818,search,True
8206415,Triplex Vistara à Vendre à Cité EL Marah La Marsa,https://www.mubawab.tn/fr/a/8206415/triplex-vistara-%C3%A0-vendre-%C3%A0-cit%C3%A9-el-marah-la-marsa,,La Marsa,La Marsa,"La Marsa, La Marsa",Triplex,Vente,950000.0,950 000 TND,950000.0,170.0,"170
						m²",6,5,0,,,,,"Un triplex de charme sur un terrain de 170 m², situé dans une résidence chic à Cité El Marah, La Marsa. Au RDC, on trouve un salon, une salle à manger, une cuisine équipée, une chambre, un débarras et une salle de bain. Au 1er étage, un salon, une salle à manger, une cuisine équipée, une chambre, un","Un triplex de charme sur un terrain de 170 m², situé dans une résidence chic à Cité El Marah, La Marsa. Au RDC, on trouve un salon, une salle à manger, une cuisine équipée, une chambre, un débarras et une salle de bain. Au 1er étage, un salon, une salle à manger, une cuisine équipée, une chambre, une terrasse et une salle d'eau. Au 2e étage, une suite parentale et deux chambres. Ce triplex dispose de deux places de parking, d’un cellier et d’un jardin de 35 m². Pour tous les renseignements, contacter l’agent au 54670670..",Jardin; Terrasse; Garage; Chambre rangement; Entre-seul; Cuisine équipée; Parking,Cuisine équipée; Parking; Garage; Terrasse; Jardin,Jardin; Terrasse; Garage; Chambre rangement; Entre-seul; Cuisine équipée,https://www.mubawab-media.com/assets/logos/mubawab.png; https://www.mubawab-media.com/assets/common/loading.gif; https://www.mubawab-media.com/ad/8/206/415F/h/1_GF_80924938.avif; https://www.mubawab-media.com/ad/8/206/415F/h/4_GF_80924939.avif; https://www.mubawab-media.com/ad/8/206/415F/h/2_GF_80924940.avif; https://www.mubawab-media.com/ad/8/206/415F/h/3_GF_80924941.avif; https://www.mubawab-media.com/ad/8/206/415F/h/5_GF_80924942.avif; https://www.mubawab-media.com/ad/8/206/415F/h/6_GF_80924943.avif; https://www.mubawab-media.com/ad/8/206/415F/h/7_GF_80924944.avif; https://www.mubawab-media.com/ad/8/206/415F/h/8_GF_80924945.avif; https://www.mubawab-media.com/business/7/171F/s/logo4280avif; https://www.mubawab-media.com/ad/8/012/675F/m/WhatsApp%20Image%202024-09-16%20%C3%A0%2021.13.11_50f9436b_78991157.avif; https://www.mubawab-media.com/ad/8/295/317F/m/621156463_1586310719181480_7595501479568121445_n_81881076.avif; https://www.mubawab-media.com/ad/8/288/951F/m/1000154867_81811348.avif,"{""type de bien"": ""Maison"", ""surface de la parcelle"": ""302\n\t\t\t\t\t\t\t\tm²"", ""etat"": ""Bon état / habitable""}","{""latitude"": ""36.876389"", ""longitude"": ""10.325278""}","{""parking"": ""Oui"", ""jardin"": ""Oui"", ""terrasse"": ""Oui""}","{""etat"": ""Neuf""}","{""formulaire_contact"": ""Disponible""}",2026-02-01T12:56:17.918569,search,True
7996924,Villa Felice à Vendre à Gammarth Sup,https://www.mubawab.tn/fr/a/7996924/villa-felice-%C3%A0-vendre-%C3%A0-gammarth-sup,,La Marsa,Gammarth,"Gammarth, La Marsa",Villa,Vente,3000000.0,3 000 000 TND,3000000.0,900.0,"900
						m²",6,5,0,,,,,"Une villa inachevée sur un terrain de 900 m² situé dans un quartier résidentiel très prisé à Gammarth Supérieur. Au RDC, On a un salon, une cuisine, une chambre et une salle de bain. A L'étage, On a 4 chambres et une salle de bain. A L'extérieur, On a une terrasse, un jardin et un parking. Pour tous","Une villa inachevée sur un terrain de 900 m² situé dans un quartier résidentiel très prisé à Gammarth Supérieur. Au RDC, On a un salon, une cuisine, une chambre et une salle de bain. A L'étage, On a 4 chambres et une salle de bain. A L'extérieur, On a une terrasse, un jardin et un parking. Pour tous les renseignements, contacter l'agent sur",Jardin; Terrasse; Garage; Cuisine équipée; Parking,Cuisine équipée; Parking; Garage; Terrasse; Jardin,Jardin; Terrasse; Garage; Cuisine équipée,https://www.mubawab-media.com/assets/logos/mubawab.png; https://www.mubawab-media.com/assets/common/loading.gif; https://www.mubawab-media.com/ad/7/996/924F/h/fd837f13-adfb-4af2-98d8-d1a489394920_GF_GF_78826407.avif; https://www.mubawab-media.com/ad/7/996/924F/h/fd837f13-adfb-4af2-98d8-d1a489394920_GF_78826408.avif; https://www.mubawab-media.com/ad/7/996/924F/h/4e94f005-f98f-41b6-b41b-713ca82882fc_GF_GF_78826409.avif; https://www.mubawab-media.com/ad/7/996/924F/h/4fabde63-e8fb-4755-a2cd-d0eb3e318bab_GF_GF_78826410.avif; https://www.mubawab-media.com/ad/7/996/924F/h/9c43052e-2da3-462d-b933-ee6f959ba5f9_GF_GF_78826411.avif; https://www.mubawab-media.com/business/7/171F/s/logo4280avif; https://www.mubawab-media.com/ad/8/286/513F/m/thumb_1219091_property_xlarge_81785520.avif; https://www.mubawab-media.com/ad/8/178/947F/m/IMG_1459_80652339.avif; https://www.mubawab-media.com/ad/8/249/201F/m/Messenger_creation_45526F38-1EA2-4083-B684-9B190E4FA662_81377075.avif; https://www.mubawab-media.com/ad/8/244/866F/m/thumb_1188583_property_xlarge_81333343.avif; https://www.mubawab-media.com/assets/common/banks/atijjaribank.png,"{""type de bien"": ""Maison"", ""etat"": ""Bon état / habitable""}","{""latitude"": ""36.876389"", ""longitude"": ""10.325278""}","{""parking"": ""Oui"", ""jardin"": ""Oui"", ""terrasse"": ""Oui""}","{""etat"": ""Neuf""}","{""formulaire_contact"": ""Disponible""}",2026-02-01T12:56:17.929732,search,True
8024696,Pas de Porte Venus à Vendre à La Marsa,https://www.mubawab.tn/fr/a/8024696/pas-de-porte-venus-%C3%A0-vendre-%C3%A0-la-marsa,,La Marsa,La Marsa,"La Marsa, La Marsa",Villa,Vente,400000.0,400 000 TND,400000.0,312.0,"312
						m²",6,5,0,,,,,"Un Pas de Porte ( Tout Commerce ) d'une Villa à deux étages à usage commercial, idéale pour un Restaurant, un Salon de Thé et une Pharmacie, d'une superficie de 380 m², avec un loyer de 8 000 DT par mois, située sur la Route Principale de Sidi Abd Laziz, La Marsa. Au RDC, On trouve un grand salon, u","Un Pas de Porte ( Tout Commerce ) d'une Villa à deux étages à usage commercial, idéale pour un Restaurant, un Salon de Thé et une Pharmacie, d'une superficie de 380 m², avec un loyer de 8 000 DT par mois, située sur la Route Principale de Sidi Abd Laziz, La Marsa. Au RDC, On trouve un grand salon, un séjour, une cuisine et une salle de bain. A l'étage, On a 4 chambres, une salle de bain et un balcon. A l'extérieur, on a un jardin à l'entrée et une terrasse à l'arrière. Pour tous les renseignements, Contacter l'agent .",Jardin; Terrasse; Balcon,Terrasse; Jardin; Balcon,Jardin; Terrasse,https://www.mubawab-media.com/assets/logos/mubawab.png; https://www.mubawab-media.com/assets/common/loading.gif; https://www.mubawab-media.com/ad/8/024/696F/h/1_GF_79107273.avif; https://www.mubawab-media.com/ad/8/024/696F/h/2_GF_79107274.avif; https://www.mubawab-media.com/ad/8/024/696F/h/3_GF_79107275.avif; https://www.mubawab-media.com/ad/8/024/696F/h/4_GF_79107276.avif; https://www.mubawab-media.com/ad/8/024/696F/h/5_GF_79107277.avif; https://www.mubawab-media.com/ad/8/024/696F/h/6_GF_79107278.avif; https://www.mubawab-media.com/ad/8/024/696F/h/7_GF_79107279.avif; https://www.mubawab-media.com/ad/8/024/696F/h/8_GF_79107280.avif; https://www.mubawab-media.com/ad/8/024/696F/h/9_GF_79107281.avif; https://www.mubawab-media.com/ad/8/024/696F/h/10_GF_79107282.avif; https://www.mubawab-media.com/ad/8/024/696F/h/11_GF_79107283.avif; https://www.mubawab-media.com/ad/8/024/696F/h/12_GF_79107284.avif; https://www.mubawab-media.com/ad/8/024/696F/h/13_GF_79107285.avif; https://www.mubawab-media.com/ad/8/024/696F/h/14_GF_79107286.avif,"{""type de bien"": ""Maison"", ""etat"": ""Bon état / habitable""}","{""latitude"": ""36.876389"", ""longitude"": ""10.325278""}","{""jardin"": ""Oui"", ""terrasse"": ""Oui""}","{""etat"": ""Neuf""}","{""formulaire_contact"": ""Disponible""}",2026-02-01T12:56:17.940758,search,True
8137740,Un triplex Perla à vendre à Gammarth,https://www.mubawab.tn/fr/a/8137740/un-triplex-perla-%C3%A0-vendre-%C3%A0-gammarth,,La Marsa,Gammarth,"Gammarth, La Marsa",Triplex,Vente,1035000.0,1 035 000 TND,1035000.0,285.0,"285
						m²",7,5,0,,,,,"Un triplex de charme direct promoteur sur un terrain de 285 m², situé dans une résidence chic à Gammarth. Au sous sol, on trouve une chambre de service avec dressing,kitchinette, une salle d'eau et deux places parking. Au RDC, on a un salon, une kitchenette et un espace jardin avec piscine. Au 1er","Un triplex de charme direct promoteur sur un terrain de 285 m², situé dans une résidence chic à Gammarth. Au sous sol, on trouve une chambre de service avec dressing,kitchinette, une salle d'eau et deux places parking. Au RDC, on a un salon, une kitchenette et un espace jardin avec piscine. Au 1er étage, on a deux chambres avec dressing, une salle de bain et une suite parentale. Au 2 éme étage, on a une suite plus un grand terrasse. Ce triplex dispose un ascenseur. Pour tous les renseignements, contacter l’agent au 53650940.",Jardin; Terrasse; Garage; Ascenseur; Piscine; Climatisation; Chauffage central; Cuisine équipée; Parking,Ascenseur; Climatisation; Chauffage central; Cuisine équipée; Parking; Garage; Terrasse; Jardin; Piscine,Jardin; Terrasse; Garage; Ascenseur; Piscine; Climatisation; Chauffage central; Cuisine équipée,https://www.mubawab-media.com/assets/logos/mubawab.png; https://www.mubawab-media.com/assets/common/loading.gif; https://www.mubawab-media.com/ad/8/137/740F/h/2d877aa1-ada6-4316-a8e8-aecdd79f2f48_GF_80226109.avif; https://www.mubawab-media.com/ad/8/137/740F/h/3de728c6-f067-4776-af74-a06fd2527d49_GF_80226110.avif; https://www.mubawab-media.com/ad/8/137/740F/h/3f9881cf-96b9-45ca-b580-c580dc13af42_GF_80226111.avif; https://www.mubawab-media.com/ad/8/137/740F/h/5c1ec908-fc5a-4460-a181-a744defaf04a_GF_80226112.avif; https://www.mubawab-media.com/ad/8/137/740F/h/5fa6461d-0bd5-43bc-983b-44518eac2092_GF_80226113.avif; https://www.mubawab-media.com/ad/8/137/740F/h/8518bc7a-44e0-4797-866f-1f36e6aee95e_GF_80226114.avif; https://www.mubawab-media.com/ad/8/137/740F/h/35503fb0-57b5-476f-a3b7-6736fcd1a848_GF_80226115.avif; https://www.mubawab-media.com/ad/8/137/740F/h/f28ed2d3-574c-4143-ada1-40b0f02feaeb_GF_80226116.avif; https://www.mubawab-media.com/business/7/171F/s/logo4280avif; https://www.mubawab-media.com/ad/8/012/675F/m/WhatsApp%20Image%202024-09-16%20%C3%A0%2021.13.11_50f9436b_78991157.avif; https://www.mubawab-media.com/ad/8/295/317F/m/621156463_1586310719181480_7595501479568121445_n_81881076.avif; https://www.mubawab-media.com/ad/8/288/951F/m/1000154867_81811348.avif,"{""type de bien"": ""Maison"", ""etat"": ""Bon état / habitable""}","{""latitude"": ""36.876389"", ""longitude"": ""10.325278""}","{""parking"": ""Oui"", ""ascenseur"": ""Oui"", ""climatisation"": ""Oui"", ""piscine"": ""Oui"", ""jardin"": ""Oui"", ""terrasse"": ""Oui""}","{""etat"": ""Neuf""}","{""formulaire_contact"": ""Disponible""}",2026-02-01T12:56:17.951247,search,True
7993856,Une Magnifique villa S5 à vendre à L'Aouina,https://www.mubawab.tn/fr/a/7993856/une-magnifique-villa-s5-%C3%A0-vendre-%C3%A0-l-aouina,,La Marsa,Aouina,"Aouina, La Marsa",Villa,Vente,0,Prix à consulter,0,480.0,"480
						m²",6,6,0,,,,,"New Key La Soukra met à la vente une belle villa d'exeption S5 avec un beau jardin gazonnée et arboré située dans un quartier calme, résidentiel et proche de toutes commodités à L'Aouina.La réception présente un hall d'entrée, un spacieux salon avec un coin bibliothèque, un séjour indépendant, une s","New Key La Soukra met à la vente une belle villa d'exeption S5 avec un beau jardin gazonnée et arboré située dans un quartier calme, résidentiel et proche de toutes commodités à L'Aouina.La réception présente un hall d'entrée, un spacieux salon avec un coin bibliothèque, un séjour indépendant, une salle d'eau invités avec douche, une cuisine équipée avec un coin repas qui donne accès au jardin.L'étage présente la partie nuit avec 01 grande suite parentale et 03 chambres à coucher avec leur salle de bain commune.Au deuxième étage on trouve un studio se composant d'une pièce à vivre, une cuisine équipée, une salle de douche et une belle et grande terrasse avec une pergola avec un panneau sandwich.L'éxtérieur : un beau jardin, un garage et un abri pour 02 voitues.Référence du bien: Ref6908a",Jardin; Terrasse; Garage; Cuisine équipée,Cuisine équipée; Garage; Terrasse; Jardin,Jardin; Terrasse; Garage; Cuisine équipée,https://www.mubawab-media.com/assets/logos/mubawab.png; https://www.mubawab-media.com/assets/common/loading.gif; https://www.mubawab-media.com/ad/7/993/856F/h/thumb_897458_property_xlarge_78796046.avif; https://www.mubawab-media.com/ad/7/993/856F/h/thumb_897449_property_xlarge_78796047.avif; https://www.mubawab-media.com/ad/7/993/856F/h/thumb_897447_property_xlarge_78796048.avif; https://www.mubawab-media.com/ad/7/993/856F/h/thumb_897480_property_xlarge_78796049.avif; https://www.mubawab-media.com/ad/7/993/856F/h/thumb_897446_property_xlarge_78796050.avif; https://www.mubawab-media.com/ad/7/993/856F/h/thumb_897442_property_xlarge_78796051.avif; https://www.mubawab-media.com/ad/7/993/856F/h/thumb_897444_property_xlarge_78796052.avif; https://www.mubawab-media.com/ad/7/993/856F/h/thumb_897463_property_xlarge_78796053.avif; https://www.mubawab-media.com/ad/7/993/856F/h/thumb_897454_property_xlarge_78796054.avif; https://www.mubawab-media.com/ad/7/993/856F/h/thumb_897450_property_xlarge_78796055.avif; https://www.mubawab-media.com/ad/7/993/856F/h/thumb_897461_property_xlarge_78796056.avif; https://www.mubawab-media.com/ad/7/993/856F/h/thumb_897460_property_xlarge_78796057.avif,"{""type de bien"": ""Maison"", ""etat"": ""Bon état / habitable""}","{""latitude"": ""36.876389"", ""longitude"": ""10.325278""}","{""parking"": ""Oui"", ""jardin"": ""Oui"", ""terrasse"": ""Oui""}","{""etat"": ""Neuf""}","{""formulaire_contact"": ""Disponible""}",2026-02-01T12:56:17.961701,search,True
8207128,À VENDRE EN EXCLUSIVITÉ – Triplex avec piscine,https://www.mubawab.tn/fr/a/8207128/%C3%A0-vendre-en-exclusivit%C3%A9-%E2%80%93-triplex-avec-piscine,,La Marsa,Les Berges Du Lac 1,"Les Berges Du Lac 1, La Marsa",Triplex,Vente,1350000.0,1 350 000 TND,1350000.0,270.0,"270
						m²",3,3,1,,,,,"À VENDRE Triplex avec piscine aux Berges du Lac 1 Découvrez ce magnifique triplex de 270 m² bâtis sur un terrain de 300 m², situé dans une résidence sécurisée aux Berges du Lac 1. Jumelé d’un seul côté, il offre une vue partielle sur le lac et un cadre de vie paisible et privilégié. Le rez-de","À VENDRETriplex avec piscine aux Berges du Lac 1Découvrez ce magnifique triplex de 270 m² bâtis sur un terrain de 300 m², situé dans une résidence sécurisée aux Berges du Lac 1. Jumelé d’un seul côté, il offre une vue partielle sur le lac et un cadre de vie paisible et privilégié.Le rez-de-chaussée accueille un vaste salon lumineux et une salle à manger avec de grandes baies vitrées donnant sur un joli jardin et une belle piscine. Vous y trouverez également une cuisine américaine entièrement équipée ainsi qu’une salle d’eau pour les invités.À l’étage, une grande suite parentale avec dressing, salle de bain et balcon avec vue dégagée sur le lac, ainsi que deux autres chambres à coucher avec dressings se partageant une salle de bain.Au sous-sol : un espace fonctionnel avec un séjour, une kitchenette, un espace de rangement et un garage fermé pour une voiture.À l’extérieur, profitez d’un jardin arboré en L, d’une piscine privée et d’une douche extérieure pour vos moments de détente.Chauffage centralClimatisation split dans toutes les pièces",Jardin; Terrasse; Garage; Piscine; Entre-seul; Climatisation; Chauffage central; Sécurité,Climatisation; Chauffage central; Sécurité; Garage; Terrasse; Jardin; Piscine,Jardin; Terrasse; Garage; Piscine; Entre-seul; Climatisation; Chauffage central; Sécurité,https://www.mubawab-media.com/assets/logos/mubawab.png; https://www.mubawab-media.com/assets/common/loading.gif; https://www.mubawab-media.com/ad/8/207/128F/h/thumb_1152821_property_large_80931891.avif; https://www.mubawab-media.com/ad/8/207/128F/h/thumb_1152818_property_large_80931894.avif; https://www.mubawab-media.com/ad/8/207/128F/h/thumb_1152813_property_large_80931883.avif; https://www.mubawab-media.com/ad/8/207/128F/h/thumb_1152828_property_large_80931884.avif; https://www.mubawab-media.com/ad/8/207/128F/h/thumb_1152827_property_large_80931885.avif; https://www.mubawab-media.com/ad/8/207/128F/h/thumb_1152826_property_large_80931886.avif; https://www.mubawab-media.com/ad/8/207/128F/h/thumb_1152825_property_large_80931887.avif; https://www.mubawab-media.com/ad/8/207/128F/h/thumb_1152824_property_large_80931888.avif; https://www.mubawab-media.com/ad/8/207/128F/h/thumb_1152823_property_large_80931889.avif; https://www.mubawab-media.com/ad/8/207/128F/h/thumb_1152822_property_large_80931890.avif; https://www.mubawab-media.com/ad/8/207/128F/h/thumb_1152820_property_large_80931892.avif; https://www.mubawab-media.com/ad/8/207/128F/h/thumb_1152819_property_large_80931893.avif; https://www.mubawab-media.com/ad/8/207/128F/h/thumb_1152817_property_large_80931895.avif; https://www.mubawab-media.com/ad/8/207/128F/h/thumb_1152816_property_large_80931896.avif,"{""type de bien"": ""Maison"", ""etat"": ""Bon état / habitable""}","{""latitude"": ""36.87638900000003"", ""longitude"": ""10.325278""}","{""parking"": ""Oui"", ""climatisation"": ""Oui"", ""securite"": ""Oui"", ""piscine"": ""Oui"", ""jardin"": ""Oui"", ""terrasse"": ""Oui""}","{""etat"": ""Neuf""}","{""formulaire_contact"": ""Disponible""}",2026-02-01T12:56:17.972158,search,True
8230344,Triplex S3 avec piscine à La Marsa,https://www.mubawab.tn/fr/a/8230344/triplex-s3-avec-piscine-%C3%A0-la-marsa,,La Marsa,La Marsa,"La Marsa, La Marsa",Triplex,Vente,1350000.0,1 350 000 TND,1350000.0,208.0,"208
						m²",4,3,0,,,,,"22Estates vous propose en exclusivité à La Marsa ce magnifique triplex, pensé pour offrir un cadre de vie alliant confort, praticité et élégance. Au rez-de-chaussée : Un vaste salon baigné de lumière, ouvert sur une salle à manger conviviale, une salle d’eau pour les invités, un jardin à l’avant,","22Estates vous propose en exclusivité à La Marsa ce magnifique triplex, pensé pour offrir un cadre de vie alliant confort, praticité et élégance.Au rez-de-chaussée :Un vaste salon baigné de lumière, ouvert sur une salle à manger conviviale, une salle d’eau pour les invités, un jardin à l’avant, ainsi qu’une grande terrasse à l’arrière avec piscine – idéale pour vos moments de détente.À l’étage :Une suite parentale avec salle de bain privative, accompagnée de deux chambres supplémentaires se partageant une seconde salle de bain.Au sous-sol :Une chambre de service avec sa propre salle d’eau, une buanderie fonctionnelle et une cuisine entièrement équipée.Vous y trouverez également un garage couvert de 30 m², pouvant accueillir deux véhicules. Pour plus d’informations, merci de contacter le 27320200.",Jardin; Terrasse; Garage; Piscine; Entre-seul; Climatisation; Chauffage central; Sécurité; Double vitrage; Porte blindée; Cuisine équipée,Climatisation; Chauffage central; Sécurité; Double vitrage; Porte blindée; Cuisine équipée; Garage; Terrasse; Jardin; Piscine,Jardin; Terrasse; Garage; Piscine; Entre-seul; Climatisation; Chauffage central; Sécurité; Double vitrage; Porte blindée; Cuisine équipée,https://www.mubawab-media.com/assets/logos/mubawab.png; https://www.mubawab-media.com/assets/common/loading.gif; https://www.mubawab-media.com/ad/8/230/344F/h/WhatsApp%20Image%202025-11-18%20at%2016.04.46%20%284%29_81433161.avif; https://www.mubawab-media.com/ad/8/230/344F/h/WhatsApp%20Image%202025-11-18%20at%2016.04.46_81433162.avif; https://www.mubawab-media.com/ad/8/230/344F/h/WhatsApp%20Image%202025-11-18%20at%2016.04.46%20%281%29_81433163.avif; https://www.mubawab-media.com/ad/8/230/344F/h/WhatsApp%20Image%202025-11-18%20at%2016.04.46%20%282%29_81433164.avif; https://www.mubawab-media.com/ad/8/230/344F/h/WhatsApp%20Image%202025-11-18%20at%2016.04.46%20%283%29_81433165.avif; https://www.mubawab-media.com/ad/8/230/344F/h/WhatsApp%20Image%202025-11-18%20at%2016.04.46%20%286%29_81433166.avif; https://www.mubawab-media.com/ad/8/230/344F/h/WhatsApp%20Image%202025-11-18%20at%2016.04.46%20%2811%29_81433167.avif; https://www.mubawab-media.com/ad/8/230/344F/h/WhatsApp%20Image%202025-11-18%20at%2016.04.46%20%2810%29_81433168.avif; https://www.mubawab-media.com/ad/8/230/344F/h/WhatsApp%20Image%202025-11-18%20at%2016.04.46%20%289%29_81433169.avif; https://www.mubawab-media.com/ad/8/230/344F/h/WhatsApp%20Image%202025-11-18%20at%2016.04.46%20%287%29_81433170.avif; https://www.mubawab-media.com/ad/8/230/344F/h/WhatsApp%20Image%202025-11-18%20at%2016.04.46%20%288%29_81433171.avif; https://www.mubawab-media.com/ad/8/230/344F/h/WhatsApp%20Image%202025-11-18%20at%2016.04.46%20%285%29_81433172.avif,"{""type de bien"": ""Maison"", ""etat"": ""Bon état / habitable""}","{""latitude"": ""36.876389"", ""longitude"": ""10.325278""}","{""parking"": ""Oui"", ""climatisation"": ""Oui"", ""securite"": ""Oui"", ""piscine"": ""Oui"", ""jardin"": ""Oui"", ""terrasse"": ""Oui""}","{""etat"": ""Neuf""}","{""formulaire_contact"": ""Disponible""}",2026-02-01T12:56:17.983610,search,True
8143266,Villa Raya à vendre à Gammarth,https://www.mubawab.tn/fr/a/8143266/villa-raya-%C3%A0-vendre-%C3%A0-gammarth,,La Marsa,Gammarth,"Gammarth, La Marsa",Villa,Vente,700000.0,700 000 TND,700000.0,325.0,"325
						m²",8,6,0,,,,,"une belle villa , situé dans un quartier résidentiel à Gammarth.Au RDC, on a un salon, une chambre, une cuisine, un salle d'eau.Au 1 ér étage , on a une suite parentale, une chambre, une salle de bain, dressing extérieur , et une chambre avec dressing.De plus, on a un duplex qui se compose au RDC pa","une belle villa , situé dans un quartier résidentiel à Gammarth.Au RDC, on a un salon, une chambre, une cuisine, un salle d'eau.Au 1 ér étage , on a une suite parentale, une chambre, une salle de bain, dressing extérieur , et une chambre avec dressing.De plus, on a un duplex qui se compose au RDC par un salon , une cuisine , une salle d'eau et au 1 ér étage ; on a 2 chambre et une salle de bain commune . A l'extérieur, on a une cuisine,une salle d'eau , buanderie, garage et abri pour 2 voiture .Pour plus de renseignements, contacter l’agent au 56993840.",Garage,Garage,Garage,https://www.mubawab-media.com/assets/logos/mubawab.png; https://www.mubawab-media.com/assets/common/loading.gif; https://www.mubawab-media.com/ad/8/143/266F/h/0d29aa42-cab9-4905-adaf-26c4d834a899_GF_80280951.avif; https://www.mubawab-media.com/ad/8/143/266F/h/2aed28ff-34ea-459a-bcd9-52741d2211b1_GF_80280952.avif; https://www.mubawab-media.com/ad/8/143/266F/h/4c7ae122-6d95-46db-8300-27f3dbf96355_GF_80280953.avif; https://www.mubawab-media.com/ad/8/143/266F/h/6c25ed8d-6019-4cb1-b00b-5fa5fbe00b0e_GF_80280954.avif; https://www.mubawab-media.com/ad/8/143/266F/h/540c01ed-41d5-4a57-bd07-5ac153bd2680_GF_80280955.avif; https://www.mubawab-media.com/ad/8/143/266F/h/44967c4b-ccc4-4c48-8268-90530e0b8d22_GF_80280956.avif; https://www.mubawab-media.com/ad/8/143/266F/h/87302680-982a-4c0d-9897-39e9f2c13a05_GF_80280957.avif; https://www.mubawab-media.com/ad/8/143/266F/h/af279eed-684c-4a2d-868b-79393e38fba4_GF_80280958.avif; https://www.mubawab-media.com/ad/8/143/266F/h/d50a9253-b1e2-4151-9aaa-57c99230ca96_GF_80280959.avif; https://www.mubawab-media.com/ad/8/143/266F/h/dc77844e-7894-4ab8-b628-7b64b81ef8e7_GF_80280960.avif; https://www.mubawab-media.com/business/8/862F/s/82763998_750211788799259_2155585631357501440_n_49381234.avif; https://www.mubawab-media.com/ad/8/012/675F/m/WhatsApp%20Image%202024-09-16%20%C3%A0%2021.13.11_50f9436b_78991157.avif,"{""type de bien"": ""Maison"", ""etat"": ""Bon état / habitable""}","{""latitude"": ""36.876389"", ""longitude"": ""10.325278""}","{""parking"": ""Oui""}","{""etat"": ""Neuf""}","{""formulaire_contact"": ""Disponible""}",2026-02-01T12:56:17.994617,search,True
8233450,Maison en Duplex Residence Gammarth Harrouch,https://www.mubawab.tn/fr/a/8233450/maison-en-duplex-residence-gammarth-harrouch,,La Marsa,Gammarth Village,"Gammarth Village, La Marsa",Villa,Vente,395000.0,395 000 TND,395000.0,124.0,"124
						m²",5,3,0,,,,,A vendre Duplex Gammarth Harrouch. Residence agréable et sécurisé dans un quartier très calme et recherché. Voisinage de qualité. Tous commerces de proximité. 3 minutes de la plage et de la zone touristique de Gammarth. 10 minutes de Carrefour. 20 minutes de l'aéroport de Tunis Carthage. Rdc:,"A vendre Duplex Gammarth Harrouch.Residence agréable et sécurisé dans un quartier très calme et recherché.Voisinage de qualité.Tous commerces de proximité.3 minutes de la plage et de la zone touristique de Gammarth.10 minutes de Carrefour.20 minutes de l'aéroport de Tunis Carthage.Rdc: double séjour, cuisine et WC avec sellier.Une cour à l'avant et une cour à l'arrière.1er étage : 2 chambres, une salle de douche avec toilette une Suite Parentale avec salle de bain et toilette.2ème : Toit terrasse avec vue dégagée à 360 sur la forêt de Gammarth, el shabra et petite vue mer.Une place de parking nominative complète le bien.Chauffage central.Climatisation.Papier en règle.",Jardin; Terrasse; Garage; Vue sur les montagnes; Climatisation; Chauffage central,Climatisation; Chauffage central; Garage; Terrasse; Jardin,Jardin; Terrasse; Garage; Vue sur les montagnes; Climatisation; Chauffage central,https://www.mubawab-media.com/assets/logos/mubawab.png; https://www.mubawab-media.com/assets/common/loading.gif; https://www.mubawab-media.com/ad/8/233/450F/h/received_248768309103816_81215606.avif; https://www.mubawab-media.com/ad/8/233/450F/h/received_2394611860565908_81215607.avif; https://www.mubawab-media.com/ad/8/233/450F/h/20240901_211722_81215608.avif; https://www.mubawab-media.com/ad/8/233/450F/h/IMG-20240901-WA0034_81215609.avif; https://www.mubawab-media.com/ad/8/233/450F/h/IMG-20240901-WA0033_81215610.avif; https://www.mubawab-media.com/ad/8/233/450F/h/Screenshot_20240908_192558_Facebook_81215611.avif; https://www.mubawab-media.com/ad/8/233/450F/h/Screenshot_20240908_192724_Facebook_81215612.avif; https://www.mubawab-media.com/ad/8/233/450F/h/received_2197809097174155_81215613.avif; https://www.mubawab-media.com/ad/8/233/450F/h/Screenshot_20240914_124159_Facebook_81215614.avif; https://www.mubawab-media.com/ad/8/233/450F/h/Screenshot_20240914_124302_Facebook_81215615.avif; https://www.mubawab-media.com/ad/8/233/450F/h/Screenshot_20240908_192534_Facebook_81215616.avif; https://www.mubawab-media.com/ad/8/233/450F/h/Screenshot_20240908_192641_Facebook_81215617.avif,"{""type de bien"": ""Maison"", ""etat"": ""Bon état / habitable"", ""années"": ""10-20 ans"", ""type du sol"": ""Carrelage"", ""nombre d'étages"": ""2""}","{""latitude"": ""36.876389"", ""longitude"": ""10.325278""}","{""parking"": ""Oui"", ""climatisation"": ""Oui"", ""jardin"": ""Oui"", ""terrasse"": ""Oui""}","{""etat"": ""Neuf""}","{""formulaire_contact"": ""Disponible""}",2026-02-01T12:56:18.004162,search,True
8026171,A vendre une agréable villa à Gammarth,https://www.mubawab.tn/fr/a/8026171/a-vendre-une-agr%C3%A9able-villa-%C3%A0-gammarth,,La Marsa,Gammarth,"Gammarth, La Marsa",Villa,Vente,2100000.0,2 100 000 TND,2100000.0,330.0,"330
						m²",5,6,0,,,,,Une agréable villa pour la vente à gammarth elle se compose de Au Rdc salon chambre cuisine richement équipée salle d’eau pour les invités. Au 1er étage deux suite junior et une suite parental. Au sous-sol un salon chambre de service salle d’eau kitchenette. Elle dispose 2 palaces de parking,Une agréable villa pour la vente à gammarth elle se compose de Au Rdc salon chambre cuisine richement équipée salle d’eau pour les invités. Au 1er étage deux suite junior et une suite parental. Au sous-sol un salon chambre de service salle d’eau kitchenette. Elle dispose 2 palaces de parking.,Jardin; Terrasse; Garage; Vue sur mer; Piscine; Entre-seul; Salon européen; Antenne parabolique; Cheminée; Climatisation; Chauffage central; Double vitrage; Porte blindée; Cuisine équipée; Réfrigérateur; Four; Machine à laver; Micro-ondes; Parking; Sous-sol,Climatisation; Chauffage central; Double vitrage; Porte blindée; Cuisine équipée; Parking; Garage; Terrasse; Jardin; Vue sur mer; Piscine; Cheminée; Sous-sol,Jardin; Terrasse; Garage; Vue sur mer; Piscine; Entre-seul; Salon européen; Antenne parabolique; Cheminée; Climatisation; Chauffage central; Double vitrage; Porte blindée; Cuisine équipée; Réfrigérateur; Four; Machine à laver; Micro-ondes,https://www.mubawab-media.com/assets/logos/mubawab.png; https://www.mubawab-media.com/assets/common/loading.gif; https://www.mubawab-media.com/ad/8/026/171F/h/thumb_937955_property_large_79120501.avif; https://www.mubawab-media.com/ad/8/026/171F/h/thumb_937949_property_large_79120488.avif; https://www.mubawab-media.com/ad/8/026/171F/h/thumb_937958_property_large_79120493.avif; https://www.mubawab-media.com/ad/8/026/171F/h/thumb_937954_property_large_79120494.avif; https://www.mubawab-media.com/ad/8/026/171F/h/thumb_937952_property_large_79120495.avif; https://www.mubawab-media.com/ad/8/026/171F/h/thumb_937957_property_large_79120496.avif; https://www.mubawab-media.com/ad/8/026/171F/h/thumb_937956_property_large_79120497.avif; https://www.mubawab-media.com/ad/8/026/171F/h/thumb_937953_property_large_79120498.avif; https://www.mubawab-media.com/ad/8/026/171F/h/thumb_937950_property_large_79120499.avif; https://www.mubawab-media.com/ad/8/026/171F/h/thumb_937959_property_large_79120500.avif; https://www.mubawab-media.com/business/10/865F/s/logo%20B2B%20consulting_79084993.avif; https://www.mubawab-media.com/ad/8/289/868F/m/thumb_1263498_property_large_81820843.avif,"{""type de bien"": ""Maison"", ""surface de la parcelle"": ""300\n\t\t\t\t\t\t\t\tm²"", ""etat"": ""Bon état / habitable""}","{""latitude"": ""36.87638900000003"", ""longitude"": ""10.325278""}","{""parking"": ""Oui"", ""climatisation"": ""Oui"", ""piscine"": ""Oui"", ""jardin"": ""Oui"", ""terrasse"": ""Oui""}","{""etat"": ""Neuf""}","{""formulaire_contact"": ""Disponible""}",2026-02-01T12:56:18.013959,search,True
8181360,Villa a la marsa,https://www.mubawab.tn/fr/a/8181360/villa-a-la-marsa,,La Marsa,La Marsa,"La Marsa, La Marsa",Villa,Vente,0,Prix à consulter,0,300.0,"300
						m²",5,4,0,,,,,"À VENDRE – Villa S4 à La Marsa À vendre une belle villa située dans un quartier calme et prisé de La Marsa. D'une superficie totale de 235 m², cette propriété spacieuse et bien agencée offre un cadre de vie confortable, idéal pour une famille. Composition de la villa : Rez-de-chaussée (100 m²) S","À VENDRE – Villa S4 à La MarsaÀ vendre une belle villa située dans un quartier calme et prisé de La Marsa. D'une superficie totale de 235 m², cette propriété spacieuse et bien agencée offre un cadre de vie confortable, idéal pour une famille.Composition de la villa :Rez-de-chaussée (100 m²)Salon lumineux donnant sur un jardinSéjourCuisine équipéeSalle d’eau pour les invitésÉtage (90 m²)Suite parentaleDeux chambres à coucherSalle de bain communeSous-sol (100 m²)Studio indépendant pour gardien ou personnelExtérieursJardin privatif 235m²Garage pour voitureTerrain d’une superficie totale de 350 m²Pour organiser une visite ou obtenir plus d'informations, veuillez nous contacter",Jardin; Terrasse; Garage; Concierge; Entre-seul; Antenne parabolique; Climatisation; Chauffage central; Sécurité; Double vitrage; Porte blindée; Cuisine équipée,Concierge; Climatisation; Chauffage central; Sécurité; Double vitrage; Porte blindée; Cuisine équipée; Garage; Terrasse; Jardin,Jardin; Terrasse; Garage; Concierge; Entre-seul; Antenne parabolique; Climatisation; Chauffage central; Sécurité; Double vitrage; Porte blindée; Cuisine équipée,https://www.mubawab-media.com/assets/logos/mubawab.png; https://www.mubawab-media.com/assets/common/loading.gif; https://www.mubawab-media.com/ad/8/181/360F/h/WhatsApp%20Image%202025-07-15%20%C3%A0%2014.22.15_40999249_80676137.avif; https://www.mubawab-media.com/ad/8/181/360F/h/WhatsApp%20Image%202025-07-15%20%C3%A0%2014.22.15_99318e1b_80676138.avif; https://www.mubawab-media.com/ad/8/181/360F/h/WhatsApp%20Image%202025-07-15%20%C3%A0%2014.22.15_af37986c_80676136.avif; https://www.mubawab-media.com/ad/8/181/360F/h/WhatsApp%20Image%202025-07-15%20%C3%A0%2014.22.15_58c4cb68_80676139.avif; https://www.mubawab-media.com/ad/8/181/360F/h/IMG-20250716-WA0059_80853111.avif; https://www.mubawab-media.com/ad/8/181/360F/h/IMG-20250716-WA0027_80853112.avif; https://www.mubawab-media.com/ad/8/181/360F/h/IMG-20250716-WA0025_80853113.avif; https://www.mubawab-media.com/ad/8/181/360F/h/IMG-20250716-WA0021_80853114.avif; https://www.mubawab-media.com/ad/8/181/360F/h/IMG-20250716-WA0020_80853115.avif; https://www.mubawab-media.com/ad/8/181/360F/h/IMG-20250716-WA0017_80853116.avif; https://www.mubawab-media.com/ad/8/181/360F/h/IMG-20250716-WA0018_80853117.avif; https://www.mubawab-media.com/ad/8/181/360F/h/IMG-20250716-WA0007_80853118.avif; https://www.mubawab-media.com/ad/8/181/360F/h/IMG-20250716-WA0003_80853119.avif,"{""type de bien"": ""Maison"", ""surface de la parcelle"": ""405\n\t\t\t\t\t\t\t\tm²"", ""etat"": ""Bon état / habitable"", ""années"": ""20-30 ans"", ""orientation"": ""Ouest"", ""type du sol"": ""Marbre"", ""nombre d'étages"": ""2""}","{""latitude"": ""36.87638900000003"", ""longitude"": ""10.325278""}","{""parking"": ""Oui"", ""climatisation"": ""Oui"", ""concierge"": ""Oui"", ""securite"": ""Oui"", ""jardin"": ""Oui"", ""terrasse"": ""Oui""}","{""etat"": ""Neuf""}","{""formulaire_contact"": ""Disponible""}",2026-02-01T12:56:18.028558,search,True
8268352,Propriété Familiale,https://www.mubawab.tn/fr/a/8268352/propri%C3%A9t%C3%A9-familiale,,La Marsa,Bhar Lazreg,"Bhar Lazreg, La Marsa",Maison,Vente,250000.0,250 000 TND,250000.0,170.0,"170
						m²",2,3,1,,,,,"Cette maison spacieuse et moderne se distingue par son architecture élégante et sa conception fonctionnelle, idéale pour une famille ou un investissement locatif. Elle est composée de deux garages indépendants, offrant un large espace de stationnement ainsi que des possibilités de rangement ou d’am","Cette maison spacieuse et moderne se distingue par son architecture élégante et sa conception fonctionnelle, idéale pour une famille ou un investissement locatif.Elle est composée de deux garages indépendants, offrant un large espace de stationnement ainsi que des possibilités de rangement ou d’aménagement supplémentaire. Les garages disposent chacun d’une porte automatique et d’un accès direct vers l’intérieur de la propriété.À l’arrière comme à l’étage, la maison comprend également plusieurs studios entièrement équipés, pensés pour offrir confort et intimité. Chaque studio dispose d’une kitchenette, d’une salle d’eau moderne, d’un espace de vie lumineux et de finitions de qualité.Ces studios peuvent être utilisés pour accueillir des invités, loger des membres de la famille, ou générer un revenu locatif.",Garage,Garage,,https://www.mubawab-media.com/assets/logos/mubawab.png; https://www.mubawab-media.com/assets/common/loading.gif; https://www.mubawab-media.com/ad/8/268/352F/h/1660587835_303_318_81591648.avif; https://www.mubawab-media.com/ad/8/293/403F/m/thumb_1267275_property_large_81857815.avif; https://www.mubawab-media.com/ad/8/247/646F/m/WhatsApp%20Image%202025-11-05%20at%2021.16.46%20%281%29_81362016.avif; https://www.mubawab-media.com/assets/common/banks/atijjaribank.png; https://www.mubawab-media.com/assets/common/app-store/google-play-small.png; https://www.mubawab-media.com/assets/common/app-store/app-store-small.png,"{""type de bien"": ""Maison"", ""etat"": ""Bon état / habitable"", ""orientation"": ""Nord"", ""nombre d'étages"": ""2""}","{""latitude"": ""36.876389"", ""longitude"": ""10.325278""}","{""parking"": ""Oui""}","{""etat"": ""Neuf""}","{""formulaire_contact"": ""Disponible""}",2026-02-01T12:58:05.670742,search,True
8268292,À vendre un duplex s3 à gammarth,https://www.mubawab.tn/fr/a/8268292/%C3%A0-vendre-un-duplex-s3-%C3%A0-gammarth,,La Marsa,Gammarth,"Gammarth, La Marsa",Duplex,Vente,1800000.0,1 800 000 TND,1800000.0,270.0,"270
						m²",5,3,1,,,,,"on vous propose a la vente un duplex s3 de 270 m2, situé a Gammarth. Il est composé de: Au rez-de-chaussée: Un salon, salle a manger Une salle d’eau invités Une cuisine équipée et bien aménagée A l’étage: Une suite parentale Deux chambres a coucher Une salle de bain Au sous-sol Un garage","on vous propose a la vente un duplex s3 de 270 m2, situé a Gammarth.Il est composé de:Au rez-de-chaussée:Un salon, salle a mangerUne salle d’eau invitésUne cuisine équipée et bien aménagéeA l’étage:Une suite parentaleDeux chambres a coucherUne salle de bainAu sous-solUn garageUne chambre de serviceUne salle de doucheA l’éxterieurUn jardinUne piscine",Jardin; Garage; Piscine; Entre-seul; Cuisine équipée; Sous-sol,Cuisine équipée; Garage; Jardin; Piscine; Sous-sol,Jardin; Garage; Piscine; Entre-seul; Cuisine équipée,https://www.mubawab-media.com/assets/logos/mubawab.png; https://www.mubawab-media.com/assets/common/loading.gif; https://www.mubawab-media.com/ad/8/268/292F/h/thumb_1222511_property_large_81590890.avif; https://www.mubawab-media.com/ad/8/268/292F/h/thumb_1222508_property_large_81590891.avif; https://www.mubawab-media.com/ad/8/268/292F/h/thumb_1222509_property_large_81590892.avif; https://www.mubawab-media.com/ad/8/268/292F/h/thumb_1222510_property_large_81590893.avif; https://www.mubawab-media.com/ad/8/268/292F/h/thumb_1222512_property_large_81590894.avif; https://www.mubawab-media.com/ad/8/268/292F/h/thumb_1222513_property_large_81590895.avif; https://www.mubawab-media.com/ad/8/268/292F/h/thumb_1222514_property_large_81590896.avif; https://www.mubawab-media.com/ad/8/268/292F/h/thumb_1222515_property_large_81590897.avif; https://www.mubawab-media.com/ad/8/268/292F/h/thumb_1222516_property_large_81590898.avif; https://www.mubawab-media.com/ad/8/268/292F/h/thumb_1222517_property_large_81590899.avif; https://www.mubawab-media.com/business/10/865F/s/logo%20B2B%20consulting_79084993.avif; https://www.mubawab-media.com/ad/8/269/249F/m/4_81600917.avif,"{""type de bien"": ""Maison"", ""etat"": ""Bon état / habitable""}","{""latitude"": ""36.876389"", ""longitude"": ""10.325278""}","{""parking"": ""Oui"", ""piscine"": ""Oui"", ""jardin"": ""Oui""}","{""etat"": ""Neuf""}","{""formulaire_contact"": ""Disponible""}",2026-02-01T12:58:05.677925,search,True
8244870,À Vendre: Duplex Haut Standing S3 Vue Mer – Golden Tulip,https://www.mubawab.tn/fr/a/8244870/%C3%A0-vendre-duplex-haut-standing-s3-vue-mer-%E2%80%93-golden-tulip,,La Marsa,Gammarth,"Gammarth, La Marsa",Duplex,Vente,0,Prix à consulter,0,155.0,"155
						m²",4,4,0,,,,,"Immo Street vous propose à la vente un magnifique duplex S3 situé dans la prestigieuse résidence Golden Tulip à Gammarth.Ce bien rare bénéficie d’une vue imprenable sur la mer, d’un jardin privatif soigneusement aménagé et d’une piscine offrant un cadre de vie exceptionnel.Le duplex se compose d’un","Immo Street vous propose à la vente un magnifique duplex S3 situé dans la prestigieuse résidence Golden Tulip à Gammarth.Ce bien rare bénéficie d’une vue imprenable sur la mer, d’un jardin privatif soigneusement aménagé et d’une piscine offrant un cadre de vie exceptionnel.Le duplex se compose d’un spacieux salon lumineux donnant sur le jardin et la piscine, d’une cuisine moderne entièrement équipée, trois suites , ainsi que de salles de bains et rangements fonctionnels.Situé dans un quartier résidentiel calme, sécurisé et proche de toutes commodités, ce duplex conjugue confort, standing et localisation privilégiée. Référence du bien: Ref464a",Jardin; Piscine; Sécurité,Sécurité; Jardin; Piscine,Jardin; Piscine; Sécurité,https://www.mubawab-media.com/assets/logos/mubawab.png; https://www.mubawab-media.com/assets/common/loading.gif; https://www.mubawab-media.com/ad/8/244/870F/h/thumb_1170698_property_xlarge_81333373.avif; https://www.mubawab-media.com/ad/8/244/870F/h/thumb_1170702_property_xlarge_81333374.avif; https://www.mubawab-media.com/ad/8/244/870F/h/thumb_1170703_property_xlarge_81333375.avif; https://www.mubawab-media.com/ad/8/244/870F/h/thumb_1170697_property_xlarge_81333376.avif; https://www.mubawab-media.com/ad/8/244/870F/h/thumb_1170699_property_xlarge_81333377.avif; https://www.mubawab-media.com/ad/8/244/870F/h/thumb_1170700_property_xlarge_81333378.avif; https://www.mubawab-media.com/ad/8/244/870F/h/thumb_1170701_property_xlarge_81333379.avif; https://www.mubawab-media.com/business/7/488F/s/20200215_163210.avif; https://www.mubawab-media.com/ad/8/263/627F/m/WhatsApp%20Image%202025-12-01%20at%2008.29.24%20%284%29_81586914.avif; https://www.mubawab-media.com/ad/8/288/301F/m/1000205981_81804647.avif; https://www.mubawab-media.com/ad/7/993/856F/m/thumb_897458_property_xlarge_78796046.avif; https://www.mubawab-media.com/ad/8/181/360F/m/WhatsApp%20Image%202025-07-15%20%C3%A0%2014.22.15_40999249_80676137.avif,"{""type de bien"": ""Maison"", ""etat"": ""Bon état / habitable""}","{""latitude"": ""36.917739"", ""longitude"": ""10.288893000000002""}","{""securite"": ""Oui"", ""piscine"": ""Oui"", ""jardin"": ""Oui""}","{""etat"": ""Neuf""}","{""formulaire_contact"": ""Disponible""}",2026-02-01T12:58:05.693838,search,True
8266718,Duplex S3 neuf au Lac2,https://www.mubawab.tn/fr/a/8266718/duplex-s3-neuf-au-lac2,,La Marsa,Les Berges Du Lac 2,"Les Berges Du Lac 2, La Marsa",Duplex,Vente,1580000.0,1 580 000 TND,1580000.0,313.0,"313
						m²",4,3,0,,,,,"22Estates vous propose à la vente un duplex neuf de charme, idéalement situé au Lac 2, au sein d’une résidence de standing. Il se compose, au rez-de-chaussée, d’un salon salle à manger, d’une cuisine entièrement équipée, d’une chambre de service avec salle de douche ainsi que d’une salle d’eau invit","22Estates vous propose à la vente un duplex neuf de charme, idéalement situé au Lac 2, au sein d’une résidence de standing. Il se compose, au rez-de-chaussée, d’un salon salle à manger, d’une cuisine entièrement équipée, d’une chambre de service avec salle de douche ainsi que d’une salle d’eau invités avec des espaces de rangement. À l’étage, vous trouverez une suite parentale avec dressings et salle de bain comprenant une baignoire et une douche à l’italienne, ainsi que deux suites juniors disposant chacune de leur propre dressing et salle de bain. Le bien offre également deux places de parking au sous-sol ainsi qu’un cellier. Pour toutes autres informations merci de contacter le 27320200.",Garage; Ascenseur; Concierge; Entre-seul; Antenne parabolique; Climatisation; Chauffage central; Sécurité; Double vitrage; Porte blindée; Cuisine équipée; Réfrigérateur,Ascenseur; Concierge; Climatisation; Chauffage central; Sécurité; Double vitrage; Porte blindée; Cuisine équipée; Garage,Garage; Ascenseur; Concierge; Entre-seul; Antenne parabolique; Climatisation; Chauffage central; Sécurité; Double vitrage; Porte blindée; Cuisine équipée; Réfrigérateur,https://www.mubawab-media.com/assets/logos/mubawab.png; https://www.mubawab-media.com/assets/common/loading.gif; https://www.mubawab-media.com/ad/8/266/718F/h/thumb_1220801_property_large_81574547.avif; https://www.mubawab-media.com/ad/8/266/718F/h/thumb_1220806_property_large_81574548.avif; https://www.mubawab-media.com/ad/8/266/718F/h/thumb_1220802_property_large_81574549.avif; https://www.mubawab-media.com/ad/8/266/718F/h/thumb_1220790_property_large_81574550.avif; https://www.mubawab-media.com/ad/8/266/718F/h/thumb_1220803_property_large_81574551.avif; https://www.mubawab-media.com/ad/8/266/718F/h/thumb_1220799_property_large_81574552.avif; https://www.mubawab-media.com/ad/8/266/718F/h/thumb_1220798_property_large_81574553.avif; https://www.mubawab-media.com/ad/8/266/718F/h/thumb_1220791_property_large_81574554.avif; https://www.mubawab-media.com/ad/8/266/718F/h/thumb_1220800_property_large_81574555.avif; https://www.mubawab-media.com/ad/8/266/718F/h/thumb_1220797_property_large_81574556.avif; https://www.mubawab-media.com/ad/8/266/718F/h/thumb_1220796_property_large_81574557.avif; https://www.mubawab-media.com/ad/8/266/718F/h/thumb_1220795_property_large_81574558.avif; https://www.mubawab-media.com/ad/8/266/718F/h/thumb_1220793_property_large_81574559.avif; https://www.mubawab-media.com/ad/8/266/718F/h/thumb_1220792_property_large_81574560.avif,"{""type de bien"": ""Maison"", ""etat"": ""Bon état / habitable""}","{""latitude"": ""36.876389"", ""longitude"": ""10.325278""}","{""parking"": ""Oui"", ""ascenseur"": ""Oui"", ""climatisation"": ""Oui"", ""concierge"": ""Oui"", ""securite"": ""Oui""}","{""etat"": ""Neuf""}","{""formulaire_contact"": ""Disponible""}",2026-02-01T12:58:05.705979,search,True
7527134,Une Villa Jumelée S3 à vendre aux Jardins de L'Aouina,https://www.mubawab.tn/fr/a/7527134/une-villa-jumel%C3%A9e-s3-%C3%A0-vendre-aux-jardins-de-l-aouina,,La Marsa,Aouina,"Aouina, La Marsa",Villa,Vente,560000.0,560 000 TND,560000.0,180.0,"180
						m²",4,3,0,,,,,"New Key La Soukra met à la vente une superbe villa jumelée S3 sur deux niveaux situé dans un quartier résidentiel proche de toutes commodités aux Jardins de L'Aouina.Au rez-de-chaussée un spacieux salon qui donne sur une belle terrasse, une cuisine équipée avec séchoir et une salle d'eau invités.Au","New Key La Soukra met à la vente une superbe villa jumelée S3 sur deux niveaux situé dans un quartier résidentiel proche de toutes commodités aux Jardins de L'Aouina.Au rez-de-chaussée un spacieux salon qui donne sur une belle terrasse, une cuisine équipée avec séchoir et une salle d'eau invités.Au premier étage 03 chambres à coucher et une salle de bain . Référence du bien: Ref3796a",Terrasse; Cuisine équipée; Jardin,Cuisine équipée; Terrasse; Jardin,Terrasse; Cuisine équipée,https://www.mubawab-media.com/assets/logos/mubawab.png; https://www.mubawab-media.com/assets/common/loading.gif; https://www.mubawab-media.com/ad/7/527/134F/h/1f28f6d5e5876b3c9696c94c4bdc87a7ad749f6c_31044249.avif; https://www.mubawab-media.com/ad/7/527/134F/h/569c7129a419b058a3979363e70efb9e287ec1ac_31044250.avif; https://www.mubawab-media.com/ad/7/527/134F/h/e3240a2dda33c6cc716c1c5ec22e44ce07e8768d_31044251.avif; https://www.mubawab-media.com/ad/7/527/134F/h/bb5dfc514ce2513d8f5f926764bb97e91ede10c9_31044252.avif; https://www.mubawab-media.com/ad/7/527/134F/h/4233341b7d81866a3d078524d99bee845396c8c7_31044254.avif; https://www.mubawab-media.com/business/8/390F/s/173569684_3743946405703280_2342906483815680692_n_12649711.avif; https://www.mubawab-media.com/ad/7/948/140F/m/WhatsApp%20Image%202024-07-04%20%C3%A0%2010.50.39_911a771a_77952234_77953132.avif; https://www.mubawab-media.com/ad/8/290/741F/m/thumb_1264568_property_large_81830237.avif; https://www.mubawab-media.com/ad/8/287/802F/m/thumb_1241324_property_large_81799077.avif; https://www.mubawab-media.com/ad/8/265/526F/m/photo_00_81558290.avif; https://www.mubawab-media.com/assets/common/banks/atijjaribank.png,"{""type de bien"": ""Maison"", ""etat"": ""À rénover""}","{""latitude"": ""36.876389"", ""longitude"": ""10.325278""}","{""jardin"": ""Oui"", ""terrasse"": ""Oui""}","{""etat"": ""Neuf""}","{""formulaire_contact"": ""Disponible""}",2026-02-01T12:58:05.720085,search,True
8172179,Triplex avec piscine aux Berges du Lac 1,https://www.mubawab.tn/fr/a/8172179/triplex-avec-piscine-aux-berges-du-lac-1,,La Marsa,Les Berges Du Lac 1,"Les Berges Du Lac 1, La Marsa",Triplex,Vente,1320000.0,1 320 000 TND,1320000.0,270.0,"270
						m²",4,3,0,,,,,"Emplacement : Les Berges du Lac 1, à deux pas de l’hôtel Mövenpick Découvrez ce magnifique triplex de 270 m² bâti sur un terrain de 300 m², situé dans une résidence sécurisée aux Berges du Lac 1. Jumelé d’un seul côté, il offre une vue partielle sur le lac et un cadre de vie paisible et privilégié.","Emplacement : Les Berges du Lac 1, à deux pas de l’hôtel MövenpickDécouvrez ce magnifique triplex de 270 m² bâti sur un terrain de 300 m², situé dans une résidence sécurisée aux Berges du Lac 1. Jumelé d’un seul côté, il offre une vue partielle sur le lac et un cadre de vie paisible et privilégié.Le rez-de-chaussée accueille un vaste salon lumineux et une salle à manger avec de grandes baies vitrées donnant sur un joli jardin et une belle piscine. Vous y trouverez également une cuisine américaine entièrement équipée ainsi qu’une salle d’eau.À l’étage, une grande suite parentale avec un dressing, une salle de bain et un balcon avec vue dégagée sur le lac, ainsi que deux autres chambres à coucher avec dressings et une salle de bain.Au sous-sol : un espace fonctionnel avec un séjour, une kitchenette, un espace de rangement et un garage fermé pour une voiture.À l’extérieur, profitez d’un jardin arboré, d’une piscine privée et d’une douche extérieure.Chauffage centralClimatisation split dans toutes les piècesBien totalement indépendantRésidence construite en 1998",Jardin; Terrasse; Garage; Vue sur mer; Piscine; Concierge; Entre-seul; Salon européen; Antenne parabolique; Climatisation; Chauffage central; Sécurité; Double vitrage; Porte blindée; Cuisine équipée; Four,Concierge; Climatisation; Chauffage central; Sécurité; Double vitrage; Porte blindée; Cuisine équipée; Garage; Terrasse; Jardin; Vue sur mer; Piscine,Jardin; Terrasse; Garage; Vue sur mer; Piscine; Concierge; Entre-seul; Salon européen; Antenne parabolique; Climatisation; Chauffage central; Sécurité; Double vitrage; Porte blindée; Cuisine équipée; Four,https://www.mubawab-media.com/assets/logos/mubawab.png; https://www.mubawab-media.com/assets/common/loading.gif; https://www.mubawab-media.com/ad/8/172/179F/h/IMG_4867_80587329.avif; https://www.mubawab-media.com/ad/8/172/179F/h/IMG_4865_80587332.avif; https://www.mubawab-media.com/ad/8/172/179F/h/IMG_4870_80587330.avif; https://www.mubawab-media.com/ad/8/172/179F/h/IMG_4871_80587331.avif; https://www.mubawab-media.com/ad/8/172/179F/h/4_80583317.avif; https://www.mubawab-media.com/ad/8/172/179F/h/3_80583316.avif; https://www.mubawab-media.com/ad/8/172/179F/h/6_80583318.avif; https://www.mubawab-media.com/ad/8/172/179F/h/8_80583320.avif; https://www.mubawab-media.com/ad/8/172/179F/h/11_80583321.avif; https://www.mubawab-media.com/ad/8/172/179F/h/19_80583322.avif; https://www.mubawab-media.com/ad/8/172/179F/h/15_80583324.avif; https://www.mubawab-media.com/ad/8/172/179F/h/16_80583325.avif; https://www.mubawab-media.com/ad/8/172/179F/h/17_80583326.avif; https://www.mubawab-media.com/ad/8/172/179F/h/21_80583328.avif,"{""type de bien"": ""Maison"", ""surface de la parcelle"": ""300\n\t\t\t\t\t\t\t\tm²"", ""etat"": ""Bon état / habitable"", ""nombre d'étages"": ""3""}","{""latitude"": ""36.876389"", ""longitude"": ""10.325278""}","{""parking"": ""Oui"", ""climatisation"": ""Oui"", ""concierge"": ""Oui"", ""securite"": ""Oui"", ""piscine"": ""Oui"", ""jardin"": ""Oui"", ""terrasse"": ""Oui""}","{""etat"": ""Neuf""}","{""formulaire_contact"": ""Disponible""}",2026-02-01T12:58:05.729990,search,True
8224046,S4 dans un très beau quartier à La Marsa,https://www.mubawab.tn/fr/a/8224046/s4-dans-un-tr%C3%A8s-beau-quartier-%C3%A0-la-marsa,,La Marsa,La Marsa,"La Marsa, La Marsa",Maison,Vente,1700000.0,1 700 000 TND,1700000.0,300.0,"300
						m²",5,4,0,,,,,"Neptune Immo votre agence immobilière située à la Marsa vous propose à la vente une belle maison dans l’un des quartiers les plus prisés à la Marsa . Elle est composée comme suit : Au RDC : - Grand salon, salle à manger avec porte-fenêtre donnant sur le jardin et la terrasse - Une grande cuis","Neptune Immo votre agence immobilière située à la Marsa vous propose à la vente une belle maison dans l’un des quartiers les plus prisés à la Marsa .Elle est composée comme suit :Au RDC :- Grand salon, salle à manger avec porte-fenêtre donnant sur le jardin et la terrasse- Une grande cuisine avec porte de service- Une chambre- Une salle d’eau avec doucheÀ l’étage :- Trois grandes chambres- Une salle de bain- Un balconAu sous-sol- Garage pour deux voitures ou- Une chambre de service- Une salle de bain de serviceLe jardin fait le tour de la maison, une piscine peut y être construite.",Jardin; Terrasse; Garage; Piscine; Entre-seul; Climatisation; Chauffage central; Double vitrage,Climatisation; Chauffage central; Double vitrage; Garage; Terrasse; Jardin; Piscine,Jardin; Terrasse; Garage; Piscine; Entre-seul; Climatisation; Chauffage central; Double vitrage,https://www.mubawab-media.com/assets/logos/mubawab.png; https://www.mubawab-media.com/assets/common/loading.gif; https://www.mubawab-media.com/ad/8/224/046F/h/IMG_5134_81114006.avif; https://www.mubawab-media.com/ad/8/224/046F/h/IMG_5137_81114008.avif; https://www.mubawab-media.com/ad/8/224/046F/h/IMG_5138_81114009.avif; https://www.mubawab-media.com/ad/8/224/046F/h/IMG_5140_81114010.avif; https://www.mubawab-media.com/ad/8/224/046F/h/IMG_5143_81114011.avif; https://www.mubawab-media.com/ad/8/224/046F/h/IMG_5148_81114012.avif; https://www.mubawab-media.com/ad/8/224/046F/h/IMG_5146_81114013.avif; https://www.mubawab-media.com/ad/8/224/046F/h/IMG_5144_81114014.avif; https://www.mubawab-media.com/ad/8/224/046F/h/IMG_5151_81114015.avif; https://www.mubawab-media.com/ad/8/224/046F/h/IMG_5153_81114016.avif; https://www.mubawab-media.com/ad/8/224/046F/h/IMG_5158_81114017.avif; https://www.mubawab-media.com/ad/8/224/046F/h/IMG_5163_81114018.avif; https://www.mubawab-media.com/ad/8/224/046F/h/IMG_5169_81114019.avif; https://www.mubawab-media.com/ad/8/224/046F/h/IMG_5170_81114020.avif,"{""type de bien"": ""Maison"", ""surface de la parcelle"": ""404\n\t\t\t\t\t\t\t\tm²"", ""etat"": ""Bon état / habitable""}","{""latitude"": ""36.8941992"", ""longitude"": ""10.276223199999999""}","{""parking"": ""Oui"", ""climatisation"": ""Oui"", ""piscine"": ""Oui"", ""jardin"": ""Oui"", ""terrasse"": ""Oui""}","{""etat"": ""Neuf""}","{""formulaire_contact"": ""Disponible""}",2026-02-01T12:58:05.745996,search,True
8131282,A Vendre un Duplex s2 avec vue sur mer à Gammarth,https://www.mubawab.tn/fr/a/8131282/a-vendre-un-duplex-s2-avec-vue-sur-mer-%C3%A0-gammarth,,La Marsa,Gammarth,"Gammarth, La Marsa",Duplex,Vente,830000.0,830 000 TND,830000.0,140.0,"140
						m²",3,2,0,,,,,À vendre Superbe duplex S2 avec vue imprenable sur la mer Ce magnifique duplex S2 vous offre un cadre de vie exceptionnel avec une vue spectaculaire sur la mer. Idéalement situé ce Duplex bénéficie d’une luminosité naturelle exceptionnelle et de prestations de qualité. Le premier niveau dispo,À vendre Superbe duplex S2 avec vue imprenable sur la mer Ce magnifique duplex S2 vous offre un cadre de vie exceptionnel avec une vue spectaculaire sur la mer. Idéalement situé ce Duplex bénéficie d’une luminosité naturelle exceptionnelle et de prestations de qualité. Le premier niveau dispose d’un grand salon lumineux . La cuisine équipée est idéale pour les amateurs de cuisine. Une salle d’eau est également disponible à cet étage. À l’étage supérieur vous trouverez deux chambres confortables dont une avec vue mer offrant une véritable atmosphère de détente une salle de bain commune Une Terrasse pour une table avec quatre chaises et un accée sur le toit Points forts Vue mer imprenable Emplacement idéal à proximité des plages et des commodités Luminosité optimale Terrasse privé Prix Pour plus d’informations ou pour organiser une visite veuillez contacter 216 92 091 094.,Terrasse; Vue sur mer; Vue sur les montagnes; Concierge; Salon européen; Antenne parabolique; Climatisation; Chauffage central; Double vitrage; Porte blindée; Cuisine équipée; Réfrigérateur; Four,Concierge; Climatisation; Chauffage central; Double vitrage; Porte blindée; Cuisine équipée; Terrasse; Vue sur mer,Terrasse; Vue sur mer; Vue sur les montagnes; Concierge; Salon européen; Antenne parabolique; Climatisation; Chauffage central; Double vitrage; Porte blindée; Cuisine équipée; Réfrigérateur; Four,https://www.mubawab-media.com/assets/logos/mubawab.png; https://www.mubawab-media.com/assets/common/loading.gif; https://www.mubawab-media.com/ad/8/131/282F/h/thumb_1076922_property_large_80160180.avif; https://www.mubawab-media.com/ad/8/131/282F/h/thumb_1076912_property_large_80160179.avif; https://www.mubawab-media.com/ad/8/131/282F/h/thumb_1076913_property_large_80160181.avif; https://www.mubawab-media.com/ad/8/131/282F/h/thumb_1076907_property_large_80160182.avif; https://www.mubawab-media.com/ad/8/131/282F/h/thumb_1076905_property_large_80160183.avif; https://www.mubawab-media.com/ad/8/131/282F/h/thumb_1076916_property_large_80160184.avif; https://www.mubawab-media.com/ad/8/131/282F/h/thumb_1076914_property_large_80160185.avif; https://www.mubawab-media.com/ad/8/131/282F/h/thumb_1076911_property_large_80160186.avif; https://www.mubawab-media.com/ad/8/131/282F/h/thumb_1076910_property_large_80160187.avif; https://www.mubawab-media.com/ad/8/131/282F/h/thumb_1076909_property_large_80160188.avif; https://www.mubawab-media.com/ad/8/131/282F/h/thumb_1076908_property_large_80160189.avif; https://www.mubawab-media.com/ad/8/131/282F/h/thumb_1076921_property_large_80160190.avif; https://www.mubawab-media.com/ad/8/131/282F/h/thumb_1076924_property_large_80160191.avif; https://www.mubawab-media.com/ad/8/131/282F/h/thumb_1076915_property_large_80160192.avif,"{""type de bien"": ""Maison"", ""surface de la parcelle"": ""100\n\t\t\t\t\t\t\t\tm²"", ""etat"": ""Bon état / habitable"", ""années"": ""10-20 ans"", ""orientation"": ""Sud"", ""type du sol"": ""Marbre"", ""nombre d'étages"": ""2""}","{""latitude"": ""36.876389"", ""longitude"": ""10.325278""}","{""climatisation"": ""Oui"", ""concierge"": ""Oui"", ""terrasse"": ""Oui""}","{""etat"": ""Neuf""}","{""formulaire_contact"": ""Disponible""}",2026-02-01T12:58:05.763988,search,True
8232366,Une Villa en s3 à Gammarth,https://www.mubawab.tn/fr/a/8232366/une-villa-en-s3-%C3%A0-gammarth,,La Marsa,Gammarth,"Gammarth, La Marsa",Villa,Vente,2100000.0,2 100 000 TND,0,0,,5,4,1,,,,,"Seven Real Estate vous propose à la vente une villa jumelée s4 à Gammarth elle est composé comme suit : Au Rez-de-chaussée : un salon spacieux donnant sur un jardin arboré et une piscine ,une chambre à coucher ,une salle d’eau invités et une cuisine aménagée et équipée (plaque, hotte ,four, réfrigé","Seven Real Estate vous propose à la vente une villa jumelée s4 à Gammarth elle est composé comme suit :Au Rez-de-chaussée : un salon spacieux donnant sur un jardin arboré et une piscine ,une chambre à coucher ,une salle d’eau invités et une cuisine aménagée et équipée (plaque, hotte ,four, réfrigérateur, lave-vaisselle, micro-onde)a L’étage: une suite parentale et deux suites juniorsAu sous-sol : un espace de vie , une deuxième cuisine aménagée et équipée , une chambre de service avec dressing ,une salle de douche et une buanderieref244A",Jardin; Piscine; Entre-seul; Réfrigérateur; Four; Micro-ondes; Sous-sol,Jardin; Piscine; Sous-sol,Jardin; Piscine; Entre-seul; Réfrigérateur; Four; Micro-ondes,https://www.mubawab-media.com/assets/logos/mubawab.png; https://www.mubawab-media.com/assets/common/loading.gif; https://www.mubawab-media.com/ad/8/232/366F/h/thumb_1181335_property_large_81204755.avif; https://www.mubawab-media.com/ad/8/232/366F/h/thumb_1181357_property_large_81204756.avif; https://www.mubawab-media.com/ad/8/232/366F/h/thumb_1181358_property_large_81204757.avif; https://www.mubawab-media.com/ad/8/232/366F/h/thumb_1181359_property_large_81204758.avif; https://www.mubawab-media.com/ad/8/232/366F/h/thumb_1181360_property_large_81204759.avif; https://www.mubawab-media.com/ad/8/232/366F/h/thumb_1181362_property_large_81204760.avif; https://www.mubawab-media.com/ad/8/232/366F/h/thumb_1181363_property_large_81204761.avif; https://www.mubawab-media.com/ad/8/232/366F/h/thumb_1181364_property_large_81204762.avif; https://www.mubawab-media.com/ad/8/232/366F/h/thumb_1181365_property_large_81204763.avif; https://www.mubawab-media.com/ad/8/232/366F/h/thumb_1181367_property_large_81204764.avif; https://www.mubawab-media.com/ad/8/232/366F/h/thumb_1181368_property_large_81204765.avif; https://www.mubawab-media.com/ad/8/232/366F/h/thumb_1181369_property_large_81204766.avif; https://www.mubawab-media.com/ad/8/232/366F/h/thumb_1181370_property_large_81204767.avif; https://www.mubawab-media.com/ad/8/232/366F/h/thumb_1181372_property_large_81204768.avif,"{""type de bien"": ""Maison"", ""etat"": ""Bon état / habitable""}","{""latitude"": ""36.876389"", ""longitude"": ""10.325278""}","{""piscine"": ""Oui"", ""jardin"": ""Oui""}","{""etat"": ""Neuf""}","{""formulaire_contact"": ""Disponible""}",2026-02-01T12:58:05.778033,search,True
8256722,A Vendre Duplex S3 A la Marsa DIRECT PROMOTEUR,https://www.mubawab.tn/fr/a/8256722/a-vendre-duplex-s3-a-la-marsa-direct-promoteur,,La Marsa,La Marsa,"La Marsa, La Marsa",Villa,Vente,1400000.0,1 400 000 TND,1400000.0,335.0,"335
						m²",3,3,1,,,,,"À vendre à La Marsa Une Superbe DUPLEX À vendre à La Marsa, superbe villa en duplex contemporaine 260 m² bâtis,jardin 130m2 alliant confort et élégance et le moderne. Extérieur : à l’entrée, un agréable coin détente, un jardin entourant le plein sud-nord du duplex avec une entrée indépendante","À vendre à La Marsa Une Superbe DUPLEXÀ vendre à La Marsa, superbe villa en duplex contemporaine 260 m² bâtis,jardin 130m2 alliant confort et élégance et le moderne.Extérieur : à l’entrée, un agréable coin détente, un jardin entourant le plein sud-nord du duplex avec une entrée indépendante, ainsi qu’un bar et un barbecue installés à côté de la piscine. Un coin repas surplombe la piscine.Intérieur :Espace jour : vaste salon tres luménaux, salle à manger attenante, et un second coin de séjour ouvrant sur la piscine.avec une suite parentale au RDC et une salle d’eau invitée.Espace nuit : à l’étage, Deux suites avec dressings, dont avec jacuzzi.Le duplex dispose d’un système d’alarme, de la climatisation centrale, du chauffage au sol et d’un système de vidéosurveillance couvrant tous les angles extérieurs.Remise des clés mars 2025",Jardin; Piscine; Climatisation; Chauffage central; Sécurité,Climatisation; Chauffage central; Sécurité; Jardin; Piscine,Jardin; Piscine; Climatisation; Chauffage central; Sécurité,https://www.mubawab-media.com/assets/logos/mubawab.png; https://www.mubawab-media.com/assets/common/loading.gif; https://www.mubawab-media.com/ad/8/256/722F/h/thumb_1213400_property_large_81454639.avif; https://www.mubawab-media.com/ad/8/256/722F/h/thumb_1213403_property_large_81454640.avif; https://www.mubawab-media.com/ad/8/256/722F/h/thumb_1213401_property_large_81454641.avif; https://www.mubawab-media.com/ad/8/256/722F/h/thumb_1213396_property_large_81454642.avif; https://www.mubawab-media.com/ad/8/256/722F/h/thumb_1213399_property_large_81454643.avif; https://www.mubawab-media.com/ad/8/256/722F/h/thumb_1213398_property_large_81454644.avif; https://www.mubawab-media.com/ad/8/256/722F/h/thumb_1213397_property_large_81454645.avif; https://www.mubawab-media.com/ad/8/256/722F/h/thumb_1213391_property_large_81454646.avif; https://www.mubawab-media.com/ad/8/256/722F/h/thumb_1213395_property_large_81454647.avif; https://www.mubawab-media.com/ad/8/256/722F/h/thumb_1213394_property_large_81454648.avif; https://www.mubawab-media.com/ad/8/256/722F/h/thumb_1213393_property_large_81454649.avif; https://www.mubawab-media.com/ad/8/256/722F/h/thumb_1213392_property_large_81454650.avif; https://www.mubawab-media.com/ad/8/256/722F/h/thumb_1213404_property_large_81454651.avif; https://www.mubawab-media.com/ad/8/256/722F/h/thumb_1213405_property_large_81454652.avif,"{""type de bien"": ""Maison"", ""etat"": ""Bon état / habitable""}","{""latitude"": ""36.876389"", ""longitude"": ""10.325278""}","{""climatisation"": ""Oui"", ""securite"": ""Oui"", ""piscine"": ""Oui"", ""jardin"": ""Oui""}","{""etat"": ""Neuf""}","{""formulaire_contact"": ""Disponible""}",2026-02-01T12:58:05.790950,search,True
8259732,Location une belle Villa S4 vue mer à Marsa cube,https://www.mubawab.tn/fr/a/8259732/location-une-belle-villa-s4-vue-mer-%C3%A0-marsa-cube,,La Marsa,La Marsa,"La Marsa, La Marsa",Villa,Vente,0,Prix à consulter,0,550.0,"550
						m²",0,6,0,,,,,"Immo Sreet vous propose à la location une charmante villa à marsa cube avec une vue hors du commun ( mer et montagne) depuis le rez-de-chaussée et le premier étage.Elle se compose comme suit:- au rez-de-chaussée: un salon, un séjour, une salle à manger, une cuisine équipée avec séchoir, une chambre","Immo Sreet vous propose à la location une charmante villa à marsa cube avec une vue hors du commun ( mer et montagne) depuis le rez-de-chaussée et le premier étage.Elle se compose comme suit:- au rez-de-chaussée: un salon, un séjour, une salle à manger, une cuisine équipée avec séchoir, une chambre à coucher et une salle de bain,- à l'étage: un séjour, une suite parentale, 3 suites junior et une kitchenette,- à l'extérieur: un jardin, une terrasse et un débarras. Référence du bien: Ref367a",Jardin; Terrasse; Chambre rangement; Cuisine équipée,Cuisine équipée; Terrasse; Jardin,Jardin; Terrasse; Chambre rangement; Cuisine équipée,https://www.mubawab-media.com/assets/logos/mubawab.png; https://www.mubawab-media.com/assets/common/loading.gif; https://www.mubawab-media.com/ad/8/259/732F/h/thumb_954411_property_xlarge_81484768.avif; https://www.mubawab-media.com/ad/8/259/732F/h/thumb_954407_property_xlarge_81484769.avif; https://www.mubawab-media.com/ad/8/259/732F/h/thumb_954410_property_xlarge_81484770.avif; https://www.mubawab-media.com/ad/8/259/732F/h/thumb_954404_property_xlarge_81484771.avif; https://www.mubawab-media.com/ad/8/259/732F/h/thumb_954398_property_xlarge_81484772.avif; https://www.mubawab-media.com/ad/8/259/732F/h/thumb_954408_property_xlarge_81484773.avif; https://www.mubawab-media.com/ad/8/259/732F/h/thumb_954406_property_xlarge_81484774.avif; https://www.mubawab-media.com/ad/8/259/732F/h/thumb_954405_property_xlarge_81484775.avif; https://www.mubawab-media.com/ad/8/259/732F/h/thumb_954403_property_xlarge_81484776.avif; https://www.mubawab-media.com/ad/8/259/732F/h/thumb_954401_property_xlarge_81484777.avif; https://www.mubawab-media.com/ad/8/259/732F/h/thumb_954399_property_xlarge_81484778.avif; https://www.mubawab-media.com/ad/8/259/732F/h/thumb_954400_property_xlarge_81484779.avif,"{""type de bien"": ""Maison""}","{""latitude"": ""36.876389"", ""longitude"": ""10.325278""}","{""jardin"": ""Oui"", ""terrasse"": ""Oui""}","{""etat"": ""Neuf""}","{""formulaire_contact"": ""Disponible""}",2026-02-01T12:58:05.803048,search,True
8259733,Superbe Villa S5 avec Piscine à vendre – Marsa Nassim,https://www.mubawab.tn/fr/a/8259733/superbe-villa-s5-avec-piscine-%C3%A0-vendre-%E2%80%93-marsa-nassim,,La Marsa,La Marsa,"La Marsa, La Marsa",Villa,Vente,0,Prix à consulter,0,700.0,"700
						m²",0,5,0,,,,,"Immo Street vous propose à la vende une élégante villa S5 avec piscine, située dans l’un des quartiers les plus paisibles et prisés de Marsa Nassim. Caractéristiques principales : Surface terrain : 700 m² Surface bâtie : 400 m² Extérieur : Grand jardin paysagé et piscine privéeGarage : Capacité pour","Immo Street vous propose à la vende une élégante villa S5 avec piscine, située dans l’un des quartiers les plus paisibles et prisés de Marsa Nassim.Caractéristiques principales :Surface terrain : 700 m²Surface bâtie : 400 m²Extérieur : Grand jardin paysagé et piscine privéeGarage : Capacité pour 2 voituresRez-de-chaussée :Une suite parentaleUn séjour spacieuxUn salon et une salle à manger lumineuxUne cuisine moderne entièrement équipéeSous-sol :Dépendance pour le personnelDébarrasBuanderie1er étage :4 chambres, dont 2 suites avec salle de bainCette villa allie confort, modernité et tranquillité, idéale pour une vie familiale sereine. Référence du bien: Ref399a",Jardin; Garage; Piscine; Chambre rangement; Entre-seul,Garage; Jardin; Piscine,Jardin; Garage; Piscine; Chambre rangement; Entre-seul,https://www.mubawab-media.com/assets/logos/mubawab.png; https://www.mubawab-media.com/assets/common/loading.gif; https://www.mubawab-media.com/ad/8/259/733F/h/thumb_1028781_property_xlarge_81484780.avif; https://www.mubawab-media.com/ad/8/259/733F/h/thumb_1028775_property_xlarge_81484781.avif; https://www.mubawab-media.com/ad/8/259/733F/h/thumb_1028776_property_xlarge_81484782.avif; https://www.mubawab-media.com/ad/8/259/733F/h/thumb_1028777_property_xlarge_81484783.avif; https://www.mubawab-media.com/ad/8/259/733F/h/thumb_1028778_property_xlarge_81484784.avif; https://www.mubawab-media.com/ad/8/259/733F/h/thumb_1028779_property_xlarge_81484785.avif; https://www.mubawab-media.com/ad/8/259/733F/h/thumb_1028780_property_xlarge_81484786.avif; https://www.mubawab-media.com/business/7/488F/s/20200215_163210.avif; https://www.mubawab-media.com/ad/8/012/675F/m/WhatsApp%20Image%202024-09-16%20%C3%A0%2021.13.11_50f9436b_78991157.avif; https://www.mubawab-media.com/ad/8/289/868F/m/thumb_1263498_property_large_81820843.avif; https://www.mubawab-media.com/ad/8/243/176F/m/thumb_1193839_property_xlarge_81313798.avif; https://www.mubawab-media.com/ad/8/244/912F/m/thumb_1118085_property_xlarge_81333812.avif,"{""type de bien"": ""Maison""}","{""latitude"": ""36.876389"", ""longitude"": ""10.325278""}","{""parking"": ""Oui"", ""piscine"": ""Oui"", ""jardin"": ""Oui""}","{""etat"": ""Neuf""}","{""formulaire_contact"": ""Disponible""}",2026-02-01T12:58:05.813211,search,True
8245648,Location un rez de chaussée s3 meuble Marsa corniche,https://www.mubawab.tn/fr/a/8245648/location-un-rez-de-chauss%C3%A9e-s3-meuble-marsa-corniche,,La Marsa,La Marsa,"La Marsa, La Marsa",Maison,Vente,0,Prix à consulter,0,280.0,"280
						m²",0,3,0,,,,,Notre agence Immo street met en location un magnifique rez de chaussée S3 meublé avec jardin indépendante situé a la Marsa corniche. Référence du bien: Ref339a,Notre agence Immo street met en location un magnifique rez de chaussée S3 meublé avec jardin indépendante situé a la Marsa corniche. Référence du bien: Ref339a,Jardin; Meublé,Jardin,Jardin; Meublé,https://www.mubawab-media.com/assets/logos/mubawab.png; https://www.mubawab-media.com/assets/common/loading.gif; https://www.mubawab-media.com/ad/8/245/648F/h/thumb_936962_property_xlarge_81341873.avif; https://www.mubawab-media.com/ad/8/245/648F/h/thumb_936963_property_xlarge_81341874.avif; https://www.mubawab-media.com/ad/8/245/648F/h/thumb_936964_property_xlarge_81341875.avif; https://www.mubawab-media.com/business/7/488F/s/20200215_163210.avif; https://www.mubawab-media.com/ad/8/295/587F/m/thumb_1269111_property_xlarge_81883881.avif; https://www.mubawab-media.com/ad/8/276/162F/m/thumb_1231258_property_large_81673390.avif; https://www.mubawab-media.com/ad/8/234/087F/m/2d7678c6-4fa4-4c98-9033-7b0cc97e27b1_81221566.avif; https://www.mubawab-media.com/ad/8/245/642F/m/thumb_759166_property_xlarge_81341798.avif; https://www.mubawab-media.com/assets/common/banks/atijjaribank.png; https://www.mubawab-media.com/assets/common/app-store/google-play-small.png; https://www.mubawab-media.com/assets/common/app-store/app-store-small.png,"{""type de bien"": ""Maison""}","{""latitude"": ""36.8941992"", ""longitude"": ""10.2762232""}","{""jardin"": ""Oui""}","{""etat"": ""Neuf""}","{""formulaire_contact"": ""Disponible""}",2026-02-01T12:58:05.822075,search,True
8033999,Immeuble Alyce à Vendre à La Marsa,https://www.mubawab.tn/fr/a/8033999/immeuble-alyce-%C3%A0-vendre-%C3%A0-la-marsa,,La Marsa,La Marsa,"La Marsa, La Marsa",Duplex,Vente,500000.0,500 000 TND,500000.0,117.0,"117
						m²",10,7,0,,,,,"Un immeuble sur un terrain de 117 m² situé dans un quartier résidentiel à Cité EL Ez, La Marsa. Au RDC, On a un appartement qui se compose par un salon, salle à manger, une cuisine avec séchoir, 2 chambres et une salle de bain. Au 1er étage, On a un duplex qui se compose par un salon, salle à manger","Un immeuble sur un terrain de 117 m² situé dans un quartier résidentiel à Cité EL Ez, La Marsa. Au RDC, On a un appartement qui se compose par un salon, salle à manger, une cuisine avec séchoir, 2 chambres et une salle de bain. Au 1er étage, On a un duplex qui se compose par un salon, salle à manger, une cuisine équipée, 2 chambres, une salle de bain et à l'étage, On a 3 chambres, une salle de bain et un balcon. A L'extérieur, On a une terrasse et un abris de voiture. Pour tous les renseignements contacter l'agent sur le",Terrasse; Garage; Cuisine équipée; Balcon,Cuisine équipée; Garage; Terrasse; Balcon,Terrasse; Garage; Cuisine équipée,https://www.mubawab-media.com/assets/logos/mubawab.png; https://www.mubawab-media.com/assets/common/loading.gif; https://www.mubawab-media.com/ad/8/033/999F/h/d31e0866-1701-48f8-8447-2a3320b484d7_GF_79197923.avif; https://www.mubawab-media.com/ad/8/033/999F/h/81705501-dfed-45af-9b13-09081f1dd415_GF_79197924.avif; https://www.mubawab-media.com/ad/8/033/999F/h/b68b7d9e-4c78-4c97-9602-e264a6e282af_GF_79197925.avif; https://www.mubawab-media.com/ad/8/033/999F/h/4ae8f21e-0bc2-4f6a-91d5-809c7409a2f6_GF_79197926.avif; https://www.mubawab-media.com/ad/8/033/999F/h/3ad99cd9-d3bf-4b40-8860-668453b30536_GF_79197927.avif; https://www.mubawab-media.com/ad/8/033/999F/h/0d160ac4-93b9-4a89-9522-747bf34fb633_GF_79197928.avif; https://www.mubawab-media.com/ad/8/033/999F/h/6cc2e8a1-3a28-4514-9228-2380fa798079_GF_79197929.avif; https://www.mubawab-media.com/ad/8/033/999F/h/7ecdbd4c-d4dd-43be-ae5d-add0c5a2e340_GF_79197930.avif; https://www.mubawab-media.com/ad/8/033/999F/h/75eb9b0c-6bdf-46a8-bd36-60528da7086b_GF_79197931.avif; https://www.mubawab-media.com/ad/8/033/999F/h/78b58205-7ebf-44b2-aba9-32ddba0d36ca_GF_79197932.avif; https://www.mubawab-media.com/ad/8/033/999F/h/896d2dbc-44e4-4a25-a359-66a862045efb_GF_79197933.avif; https://www.mubawab-media.com/ad/8/033/999F/h/5052c29f-2f8e-42ed-a741-f9be99306de4_GF_79197934.avif; https://www.mubawab-media.com/ad/8/033/999F/h/8236d92e-da21-4bcd-84de-223e4befb649_GF_79197935.avif; https://www.mubawab-media.com/ad/8/033/999F/h/8280c84f-12cc-4818-9578-b0c054fc6f51_GF_79197936.avif,"{""type de bien"": ""Maison"", ""etat"": ""Bon état / habitable""}","{""latitude"": ""36.876389"", ""longitude"": ""10.325278""}","{""parking"": ""Oui"", ""terrasse"": ""Oui""}","{""etat"": ""Neuf""}","{""formulaire_contact"": ""Disponible""}",2026-02-01T12:58:05.830598,search,True
7933737,A vendre une villa d'exception à Gammarth,https://www.mubawab.tn/fr/a/7933737/a-vendre-une-villa-d-exception-%C3%A0-gammarth,,La Marsa,Gammarth,"Gammarth, La Marsa",Villa,Vente,3900000.0,3 900 000 TND,3900000.0,400.0,"400
						m²",4,4,0,,,,,Vip Real Estate met à la vente une Villa d’Exception au sein de la Résidence du Golf** Située au cœur d’un cadre prestigieux cette villa d’exception incarne le summum du luxe et du raffinement. Nichée au sein d’une résidence exclusive elle offre un style de vie privilégié dans un environnement ver,Vip Real Estate met à la vente une Villa d’Exception au sein de la Résidence du Golf** Située au cœur d’un cadre prestigieux cette villa d’exception incarne le summum du luxe et du raffinement. Nichée au sein d’une résidence exclusive elle offre un style de vie privilégié dans un environnement verdoyant et sécurisé. Vous serez enchanté dès votre arrivée par le jardin soigneusement aménagé qui entoure la villa offrant une oasis de verdure où se mêlent une grande variété de plantes exotiques de fleurs colorées et d’arbres majestueux. Plongez dans le luxe absolu avec une piscine à débordement étincelante parfaitement intégrée à l’environnement paysager. Profitez de moments de détente et de rafraîchissement tout en admirant les vues imprenables sur le parcours de golf environnant. La villa se distingue par son architecture contemporaine et ses lignes épurées mariant harmonieusement matériaux nobles et design avant-gardiste. Chaque détail a été pensé pour créer une atmosphère d’élégance et de sophistication. À l’intérieur découvrez des espaces de vie généreux baignés de lumière naturelle. Les finitions haut de gamme et les équipements de qualité offrent un confort incomparable tandis que les vastes baies vitrées invitent à profiter de la vue panoramique sur le jardin et la piscine. Les chambres spacieuses et élégantes sont des sanctuaires de tranquillité offrant un refuge de luxe où se détendre et se ressourcer. Les suites principales avec leurs salles de bains somptueuses offrent un confort absolu et une intimité totale. Idéalement située au sein de la prestigieuse résidence du golf cette villa offre un accès exclusif aux installations et aux services haut de gamme notamment un parcours de golf de renommée mondiale des espaces de loisirs des restaurants gastronomiques et bien plus encore. Ne manquez pas cette occasion rare d’acquérir une résidence d’exception où le luxe et le confort se conjuguent harmonieusement avec la tranquillité et la sérénité. Contactez-nous dès aujourd’hui pour organiser une visite et découvrir votre futur havre de paix.,Jardin; Terrasse; Garage; Piscine; Concierge; Chambre rangement; Entre-seul; Salon européen; Antenne parabolique; Climatisation; Chauffage central; Sécurité; Double vitrage; Porte blindée; Cuisine équipée; Réfrigérateur; Four; Machine à laver; Micro-ondes,Concierge; Climatisation; Chauffage central; Sécurité; Double vitrage; Porte blindée; Cuisine équipée; Garage; Terrasse; Jardin; Piscine,Jardin; Terrasse; Garage; Piscine; Concierge; Chambre rangement; Entre-seul; Salon européen; Antenne parabolique; Climatisation; Chauffage central; Sécurité; Double vitrage; Porte blindée; Cuisine équipée; Réfrigérateur; Four; Machine à laver; Micro-ondes,https://www.mubawab-media.com/assets/logos/mubawab.png; https://www.mubawab-media.com/assets/common/loading.gif; https://www.mubawab-media.com/ad/7/933/737F/h/thumb_840486_property_large_76717438.avif; https://www.mubawab-media.com/ad/7/933/737F/h/thumb_840488_property_large_76717437.avif; https://www.mubawab-media.com/ad/7/933/737F/h/thumb_840487_property_large_76717439.avif; https://www.mubawab-media.com/ad/7/933/737F/h/thumb_840494_property_large_76717440.avif; https://www.mubawab-media.com/ad/7/933/737F/h/thumb_840482_property_large_76717441.avif; https://www.mubawab-media.com/ad/7/933/737F/h/thumb_840495_property_large_76717442.avif; https://www.mubawab-media.com/ad/7/933/737F/h/thumb_840492_property_large_76717443.avif; https://www.mubawab-media.com/ad/7/933/737F/h/thumb_840493_property_large_76717444.avif; https://www.mubawab-media.com/ad/7/933/737F/h/thumb_840491_property_large_76717445.avif; https://www.mubawab-media.com/ad/7/933/737F/h/thumb_840490_property_large_76717446.avif; https://www.mubawab-media.com/ad/7/933/737F/h/thumb_840485_property_large_76717447.avif; https://www.mubawab-media.com/ad/7/933/737F/h/thumb_840477_property_large_76717448.avif; https://www.mubawab-media.com/ad/7/933/737F/h/thumb_840478_property_large_76717449.avif; https://www.mubawab-media.com/ad/7/933/737F/h/thumb_840489_property_large_76717450.avif,"{""type de bien"": ""Maison"", ""surface de la parcelle"": ""1000\n\t\t\t\t\t\t\t\tm²"", ""etat"": ""Bon état / habitable"", ""années"": ""5-10 ans"", ""type du sol"": ""Marbre"", ""nombre d'étages"": ""1""}","{""latitude"": ""36.876389"", ""longitude"": ""10.325278""}","{""parking"": ""Oui"", ""climatisation"": ""Oui"", ""concierge"": ""Oui"", ""securite"": ""Oui"", ""piscine"": ""Oui"", ""jardin"": ""Oui"", ""terrasse"": ""Oui""}","{""etat"": ""Neuf""}","{""formulaire_contact"": ""Disponible""}",2026-02-01T12:58:05.845002,search,True
8211328,A vendre une villa s3,https://www.mubawab.tn/fr/a/8211328/a-vendre-une-villa-s3,,La Marsa,Cité Les Pins,"Cité Les Pins, La Marsa",Villa,Vente,1800000.0,1 800 000 TND,1800000.0,400.0,"400
						m²",6,4,0,,,,,"À Vendre – Villa S3 à La Marsa, Cité Les Pins Découvrez cette villa située dans un quartier résidentiel recherché, offrant confort et potentiel d’aménagement. Caractéristiques : Superficie : 400 m² Garage Jardin agréable Suite parentale 2 chambres Terrain piscinable","À Vendre – Villa S3 à La Marsa, Cité Les PinsDécouvrez cette villa située dans un quartier résidentiel recherché, offrant confort et potentiel d’aménagement.Caractéristiques :Superficie : 400 m²GarageJardin agréableSuite parentale 2 chambresTerrain piscinable",Jardin; Terrasse; Garage; Climatisation; Chauffage central; Cuisine équipée; Réfrigérateur; Four,Climatisation; Chauffage central; Cuisine équipée; Garage; Terrasse; Jardin,Jardin; Terrasse; Garage; Climatisation; Chauffage central; Cuisine équipée; Réfrigérateur; Four,https://www.mubawab-media.com/assets/logos/mubawab.png; https://www.mubawab-media.com/assets/common/loading.gif; https://www.mubawab-media.com/ad/8/211/328F/h/thumb_1157489_property_large_80978274.avif; https://www.mubawab-media.com/ad/8/211/328F/h/thumb_1157481_property_large_80978272.avif; https://www.mubawab-media.com/ad/8/211/328F/h/thumb_1157490_property_large_80978273.avif; https://www.mubawab-media.com/ad/8/211/328F/h/thumb_1157488_property_large_80978275.avif; https://www.mubawab-media.com/ad/8/211/328F/h/thumb_1157487_property_large_80978276.avif; https://www.mubawab-media.com/ad/8/211/328F/h/thumb_1157486_property_large_80978277.avif; https://www.mubawab-media.com/ad/8/211/328F/h/thumb_1157485_property_large_80978278.avif; https://www.mubawab-media.com/ad/8/211/328F/h/thumb_1157484_property_large_80978279.avif; https://www.mubawab-media.com/ad/8/211/328F/h/thumb_1157483_property_large_80978280.avif; https://www.mubawab-media.com/ad/8/211/328F/h/thumb_1157482_property_large_80978281.avif; https://www.mubawab-media.com/ad/8/211/328F/h/thumb_1157491_property_large_80978282.avif; https://www.mubawab-media.com/business/10/865F/s/logo%20B2B%20consulting_79084993.avif,"{""type de bien"": ""Maison"", ""etat"": ""Bon état / habitable"", ""nombre d'étages"": ""1""}","{""latitude"": ""36.876389"", ""longitude"": ""10.325278""}","{""parking"": ""Oui"", ""climatisation"": ""Oui"", ""jardin"": ""Oui"", ""terrasse"": ""Oui""}","{""etat"": ""Neuf""}","{""formulaire_contact"": ""Disponible""}",2026-02-01T12:58:05.859226,search,True
8244858,À louer – Superbe appartement S2 meublé à La Marsa,https://www.mubawab.tn/fr/a/8244858/%C3%A0-louer-%E2%80%93-superbe-appartement-s2-meubl%C3%A9-%C3%A0-la-marsa,,La Marsa,La Marsa,"La Marsa, La Marsa",Maison,Vente,0,Prix à consulter,0,105.0,"105
						m²",0,2,0,,,,,"Immo Street vous propose à la location un magnifique appartement S2 meublé, situé dans une résidence de standing, calme, sécurisée et idéalement placée à La Marsa.Cet appartement combine confort, modernité et élégance, offrant un cadre de vie agréable et raffiné à proximité de toutes les commodités.","Immo Street vous propose à la location un magnifique appartement S2 meublé, situé dans une résidence de standing, calme, sécurisée et idéalement placée à La Marsa.Cet appartement combine confort, modernité et élégance, offrant un cadre de vie agréable et raffiné à proximité de toutes les commodités.Composition :Un salon lumineux ouvrant sur une terrasseUne cuisine entièrement équipée (réfrigérateur, four, plaque, hotte, lave-vaisselle, etc.)Deux chambres à coucher avec dressings intégrésUne salle de bain moderne avec douche à l’italienneUne salle d’eau pour les invitésChauffage central et climatisationAscenseurPlace de parking au sous-solRéférence du bien: Ref476a",Terrasse; Garage; Ascenseur; Meublé; Entre-seul; Climatisation; Chauffage central; Sécurité; Cuisine équipée; Réfrigérateur; Four; Machine à laver,Ascenseur; Climatisation; Chauffage central; Sécurité; Cuisine équipée; Garage; Terrasse,Terrasse; Garage; Ascenseur; Meublé; Entre-seul; Climatisation; Chauffage central; Sécurité; Cuisine équipée; Réfrigérateur; Four; Machine à laver,https://www.mubawab-media.com/assets/logos/mubawab.png; https://www.mubawab-media.com/assets/common/loading.gif; https://www.mubawab-media.com/ad/8/244/858F/h/thumb_1191173_property_xlarge_81333284.avif; https://www.mubawab-media.com/ad/8/244/858F/h/thumb_1191171_property_xlarge_81333285.avif; https://www.mubawab-media.com/ad/8/244/858F/h/thumb_1191178_property_xlarge_81333286.avif; https://www.mubawab-media.com/ad/8/244/858F/h/thumb_1191172_property_xlarge_81333287.avif; https://www.mubawab-media.com/ad/8/244/858F/h/thumb_1191174_property_xlarge_81333288.avif; https://www.mubawab-media.com/ad/8/244/858F/h/thumb_1191175_property_xlarge_81333289.avif; https://www.mubawab-media.com/ad/8/244/858F/h/thumb_1191176_property_xlarge_81333290.avif; https://www.mubawab-media.com/ad/8/244/858F/h/thumb_1191177_property_xlarge_81333291.avif; https://www.mubawab-media.com/business/7/488F/s/20200215_163210.avif; https://www.mubawab-media.com/ad/8/287/747F/m/thumb_1240267_property_large_81798576.avif; https://www.mubawab-media.com/assets/common/banks/atijjaribank.png,"{""type de bien"": ""Maison""}","{""latitude"": ""36.8941992"", ""longitude"": ""10.2762232""}","{""parking"": ""Oui"", ""ascenseur"": ""Oui"", ""climatisation"": ""Oui"", ""securite"": ""Oui"", ""terrasse"": ""Oui""}","{""etat"": ""Neuf""}","{""formulaire_contact"": ""Disponible""}",2026-02-01T12:58:05.878935,search,True
8143178,À Vendre Maison Familiale à El Marsa Cité Ennasser,https://www.mubawab.tn/fr/a/8143178/%C3%A0-vendre-maison-familiale-%C3%A0-el-marsa-cit%C3%A9-ennasser,,La Marsa,Cité Borj El kouki,"Cité Borj El kouki, La Marsa",Maison,Vente,1175000.0,1 175 000 TND,1175000.0,375.0,"375
						m²",2,4,0,,,,,"À Vendre Maison Familiale à El Marsa Cité Ennasser Une opportunité rare d’acquérir une maison spacieuse au cœur d’El Marsa, dans un quartier en pleine évolution, proche de toutes les commodités. Surface totale : 189 m² Jardin : 64 m² planté d’arbres fruitiers (bigaradier, amandier, citronnier) Dé","À Vendre Maison Familiale à El Marsa Cité EnnasserUne opportunité rare d’acquérir une maison spacieuse au cœur d’El Marsa, dans un quartier en pleine évolution, proche de toutes les commodités.Surface totale : 189 m²Jardin : 64 m² planté d’arbres fruitiers (bigaradier, amandier, citronnier)Détails du bien :* Maison composée de :* 4 chambres* Un grand salon* Cuisine fonctionnelle avec séchoir intérieur* 2 salles d’eau* Rez-de-chaussée 1er étage entièrement habitables* 2ᵉ étage en cours de finition : dalle, terrasse, escalier extérieur indépendant (idéal pour un appartement autonome ou une extension)* Idéal pour une grande famille ou un investissement locatif---ce bien vaut son prix : 1 175 000 DT* Emplacement stratégique à El Marsa, une zone très recherchéeÀ 4 minutes de la plage : un luxe rare dans cette gamme de prix* Superficie de terrain rare dans le secteur* Fort potentiel d’investissement : possibilité de diviser en plusieurs unités locatives* Jardin privatif agréable et arbres fruitiers* Bien habitable immédiatement avec possibilité d’agrandissementPour plus d’informations ou pour organiser une visite :Contactez leOu envoyez un message en privé",Jardin; Terrasse; Garage; Vue sur les montagnes; Entre-seul; Salon européen; Antenne parabolique; Climatisation; Chauffage central; Cuisine équipée; Four,Climatisation; Chauffage central; Cuisine équipée; Garage; Terrasse; Jardin,Jardin; Terrasse; Garage; Vue sur les montagnes; Entre-seul; Salon européen; Antenne parabolique; Climatisation; Chauffage central; Cuisine équipée; Four,https://www.mubawab-media.com/assets/logos/mubawab.png; https://www.mubawab-media.com/assets/common/loading.gif; https://www.mubawab-media.com/ad/8/143/178F/h/1000061972_80279986.avif; https://www.mubawab-media.com/ad/8/012/675F/m/WhatsApp%20Image%202024-09-16%20%C3%A0%2021.13.11_50f9436b_78991157.avif; https://www.mubawab-media.com/ad/8/243/176F/m/thumb_1193839_property_xlarge_81313798.avif; https://www.mubawab-media.com/ad/8/246/140F/m/thumb_1232191_property_big_81684443.avif; https://www.mubawab-media.com/ad/8/142/599F/m/WhatsApp%20Image%202025-05-13%20%C3%A0%2016.04.24_3f4d6d37_GF_80274445.avif; https://www.mubawab-media.com/assets/common/banks/atijjaribank.png; https://www.mubawab-media.com/assets/common/app-store/google-play-small.png; https://www.mubawab-media.com/assets/common/app-store/app-store-small.png,"{""type de bien"": ""Maison"", ""surface de la parcelle"": ""189\n\t\t\t\t\t\t\t\tm²"", ""etat"": ""Bon état / habitable"", ""années"": ""20-30 ans"", ""orientation"": ""Sud"", ""type du sol"": ""Carrelage"", ""nombre d'étages"": ""3""}","{""latitude"": ""36.876389"", ""longitude"": ""10.325278""}","{""parking"": ""Oui"", ""climatisation"": ""Oui"", ""jardin"": ""Oui"", ""terrasse"": ""Oui""}","{""etat"": ""Neuf""}","{""formulaire_contact"": ""Disponible""}",2026-02-01T12:58:05.891202,search,True
8033425,Joli Triplex S4 à Gammarth,https://www.mubawab.tn/fr/a/8033425/joli-triplex-s4-%C3%A0-gammarth,,La Marsa,La Marsa,"La Marsa, La Marsa",Triplex,Vente,1600000.0,1 600 000 TND,1600000.0,270.0,"270
						m²",0,4,0,,,,,"Newkey La Marsa propose à la vente un triplex entièrement neuf, de très haut standing offrant de généreux volumes avec un charmant jardin et une piscine.Il se compose comme suit : Au rez-de-chaussée, vous trouverez un hall d'entrée, un grand salon, une salle d'eau pour les invités et une cuisine mod","Newkey La Marsa propose à la vente un triplex entièrement neuf, de très haut standing offrant de généreux volumes avec un charmant jardin et une piscine.Il se compose comme suit : Au rez-de-chaussée, vous trouverez un hall d'entrée, un grand salon, une salle d'eau pour les invités et une cuisine moderne entièrement équipée.Au premier étage, vous pourrez profiter d'une salle d'eau avec douche, de deux chambres à coucher ainsi que d'une suite junior.Au deuxième étage, vous découvrirez une suite parentale, un salon avec terrasse ainsi qu'une kitchenette.Un abri pour deux voitures est disponible.. Référence du bien: Ref7208a",Jardin; Terrasse; Piscine,Terrasse; Jardin; Piscine,Jardin; Terrasse; Piscine,https://www.mubawab-media.com/assets/logos/mubawab.png; https://www.mubawab-media.com/assets/common/loading.gif; https://www.mubawab-media.com/ad/8/033/425F/h/thumb_946531_property_xlarge_79192463.avif; https://www.mubawab-media.com/ad/8/033/425F/h/thumb_946506_property_xlarge_79192464.avif; https://www.mubawab-media.com/ad/8/033/425F/h/thumb_946523_property_xlarge_79192465.avif; https://www.mubawab-media.com/ad/8/033/425F/h/thumb_946524_property_xlarge_79192466.avif; https://www.mubawab-media.com/ad/8/033/425F/h/thumb_946525_property_xlarge_79192467.avif; https://www.mubawab-media.com/ad/8/033/425F/h/thumb_946526_property_xlarge_79192468.avif; https://www.mubawab-media.com/ad/8/033/425F/h/thumb_946527_property_xlarge_79192469.avif; https://www.mubawab-media.com/ad/8/033/425F/h/thumb_946528_property_xlarge_79192470.avif; https://www.mubawab-media.com/ad/8/033/425F/h/thumb_946529_property_xlarge_79192471.avif; https://www.mubawab-media.com/ad/8/033/425F/h/thumb_946530_property_xlarge_79192472.avif; https://www.mubawab-media.com/ad/8/033/425F/h/thumb_946532_property_xlarge_79192474.avif; https://www.mubawab-media.com/ad/8/033/425F/h/thumb_946533_property_xlarge_79192475.avif; https://www.mubawab-media.com/ad/8/033/425F/h/thumb_946534_property_xlarge_79192477.avif; https://www.mubawab-media.com/ad/8/033/425F/h/thumb_946536_property_xlarge_79192480.avif,"{""type de bien"": ""Maison""}","{""latitude"": ""36.8941992"", ""longitude"": ""10.2762232""}","{""piscine"": ""Oui"", ""jardin"": ""Oui"", ""terrasse"": ""Oui""}","{""etat"": ""Neuf""}","{""formulaire_contact"": ""Disponible""}",2026-02-01T12:58:05.903315,search,True
8194901,Magnifique Villa S6 à Vendre à Gammarth,https://www.mubawab.tn/fr/a/8194901/magnifique-villa-s6-%C3%A0-vendre-%C3%A0-gammarth,,La Marsa,La Marsa,"La Marsa, La Marsa",Villa,Vente,1850000.0,1 850 000 TND,1850000.0,375.0,"375
						m²",0,6,0,,,,,"NewKey La Marsa met à la vente une magnifique Villa s6 à Gammarth .Au rez-de-chaussée , on trouve un salon , salle à manger , un séjour , une cuisine et une salle d'eau pour les invités.A l'étage , y'a Trois suites .Au sous-sol , l'espace se compose d'une salle polyvalente ,salle d'eau et deux chamb","NewKey La Marsa met à la vente une magnifique Villa s6 à Gammarth .Au rez-de-chaussée , on trouve un salon , salle à manger , un séjour , une cuisine et une salle d'eau pour les invités.A l'étage , y'a Trois suites .Au sous-sol , l'espace se compose d'une salle polyvalente ,salle d'eau et deux chambres .Deux Place de parking sous-sol sont disponibles . Référence du bien: Ref8268a",Garage; Entre-seul; Parking; Sous-sol,Parking; Garage; Sous-sol,Garage; Entre-seul,https://www.mubawab-media.com/assets/logos/mubawab.png; https://www.mubawab-media.com/assets/common/loading.gif; https://www.mubawab-media.com/ad/8/194/901F/h/thumb_1140473_property_xlarge_80813173.avif; https://www.mubawab-media.com/ad/8/194/901F/h/thumb_1140455_property_xlarge_80813174.avif; https://www.mubawab-media.com/ad/8/194/901F/h/thumb_1140472_property_xlarge_80813175.avif; https://www.mubawab-media.com/ad/8/194/901F/h/thumb_1140470_property_xlarge_80813176.avif; https://www.mubawab-media.com/ad/8/194/901F/h/thumb_1140469_property_xlarge_80813177.avif; https://www.mubawab-media.com/ad/8/194/901F/h/thumb_1140468_property_xlarge_80813178.avif; https://www.mubawab-media.com/ad/8/194/901F/h/thumb_1140467_property_xlarge_80813179.avif; https://www.mubawab-media.com/ad/8/194/901F/h/thumb_1140465_property_xlarge_80813180.avif; https://www.mubawab-media.com/ad/8/194/901F/h/thumb_1140464_property_xlarge_80813181.avif; https://www.mubawab-media.com/ad/8/194/901F/h/thumb_1140463_property_xlarge_80813182.avif; https://www.mubawab-media.com/ad/8/194/901F/h/thumb_1140462_property_xlarge_80813183.avif; https://www.mubawab-media.com/ad/8/194/901F/h/thumb_1140460_property_xlarge_80813184.avif; https://www.mubawab-media.com/ad/8/194/901F/h/thumb_1140459_property_xlarge_80813185.avif; https://www.mubawab-media.com/ad/8/194/901F/h/thumb_1140458_property_xlarge_80813186.avif,"{""type de bien"": ""Maison""}","{""latitude"": ""36.8941992"", ""longitude"": ""10.2762232""}","{""parking"": ""Oui""}","{""etat"": ""Neuf""}","{""formulaire_contact"": ""Disponible""}",2026-02-01T12:58:05.919298,search,True
8186804,À Vendre – Superbe Villa S5 à La Marsa avec Piscine,https://www.mubawab.tn/fr/a/8186804/%C3%A0-vendre-%E2%80%93-superbe-villa-s5-%C3%A0-la-marsa-avec-piscine,,La Marsa,La Marsa,"La Marsa, La Marsa",Villa,Vente,3800000.0,3 800 000 TND,3800000.0,876.0,"876
						m²",6,5,0,,,,,"22Estates vous propose à la vente d’une belle villa à fort potentiel, idéalement située à La Marsa, dans un environnement calme et recherché. Édifiée sur un terrain généreux de 876 m² avec une surface bâtie de 370 m², cette propriété rare offre de nombreuses possibilités d’aménagement pour créer une","22Estates vous propose à la vente d’une belle villa à fort potentiel, idéalement située à La Marsa, dans un environnement calme et recherché. Édifiée sur un terrain généreux de 876 m² avec une surface bâtie de 370 m², cette propriété rare offre de nombreuses possibilités d’aménagement pour créer une maison familiale de rêve.Dès l’entrée, vous serez accueilli par un vaste jardin paysager et une magnifique piscine entourée d’espaces de détente, parfaits pour les moments en famille ou entre amis.Au rez-de-chaussée on trouve un vaste salon et une salle à manger ouverts sur le jardin et la piscine, un charmant jardin d’hiver, lumineux et agréable, une cuisine indépendante avec accès vers l’extérieur, Une chambre de rangement, une salle d’eau invités avec douche, une chambre à coucher, idéale pour les invités ou une chambre d’appoint.A l’étage on trouve une suite parentale avec dressing et sa salle d’eau privative, de trois chambres à coucher partagent une salle de bain et de deux terrasses offrant une belle vue et de beaux volumes extérieurs.A l’extérieur un grand jardin arboré, une piscine privative, un garage pouvant accueillir jusqu’à 4 véhicules, et de plusieurs espaces de détente en plein air.Cette propriété, rare sur le marché, combine calme absolu, prestations de qualité et proximité de toutes les commodités : écoles, commerces, plages et axes principaux. Pour toutes autres informations, merci de contacter le 27320200.",Jardin; Terrasse; Garage; Piscine; Chambre rangement; Chauffage central; Cuisine équipée,Chauffage central; Cuisine équipée; Garage; Terrasse; Jardin; Piscine,Jardin; Terrasse; Garage; Piscine; Chambre rangement; Chauffage central; Cuisine équipée,https://www.mubawab-media.com/assets/logos/mubawab.png; https://www.mubawab-media.com/assets/common/loading.gif; https://www.mubawab-media.com/ad/8/186/804F/h/thumb_1132614_property_large_80731584.avif; https://www.mubawab-media.com/ad/8/186/804F/h/thumb_1132613_property_large_80731585.avif; https://www.mubawab-media.com/ad/8/186/804F/h/thumb_1132561_property_large_80731588.avif; https://www.mubawab-media.com/ad/8/186/804F/h/thumb_1132556_property_large_80731587.avif; https://www.mubawab-media.com/ad/8/186/804F/h/thumb_1132558_property_large_80731586.avif; https://www.mubawab-media.com/ad/8/186/804F/h/thumb_1132555_property_large_80731589.avif; https://www.mubawab-media.com/ad/8/186/804F/h/thumb_1132568_property_large_80731590.avif; https://www.mubawab-media.com/ad/8/186/804F/h/thumb_1132562_property_large_80731591.avif; https://www.mubawab-media.com/ad/8/186/804F/h/thumb_1132563_property_large_80731592.avif; https://www.mubawab-media.com/business/9/652F/s/logo%20jpeg_70131444.avif; https://www.mubawab-media.com/ad/8/286/513F/m/thumb_1219091_property_xlarge_81785520.avif; https://www.mubawab-media.com/ad/7/792/983F/m/3a360017-6056-43e5-802c-dccd4caeac7d_GF_58126781.avif,"{""type de bien"": ""Maison"", ""etat"": ""Bon état / habitable""}","{""latitude"": ""36.876389"", ""longitude"": ""10.325278""}","{""parking"": ""Oui"", ""piscine"": ""Oui"", ""jardin"": ""Oui"", ""terrasse"": ""Oui""}","{""etat"": ""Neuf""}","{""formulaire_contact"": ""Disponible""}",2026-02-01T12:58:05.930761,search,True
7901012,À vendre un Triplex S4 à la marsa,https://www.mubawab.tn/fr/a/7901012/%C3%A0-vendre-un-triplex-s4-%C3%A0-la-marsa,,La Marsa,Cité El Khalil,"Cité El Khalil, La Marsa",Triplex,Vente,870000.0,870 000 TND,870000.0,352.0,"352
						m²",5,4,0,,,,,"A vendre un Triplex S4 avec jardin à cité el khalil, au rez-de-chaussée vous trouverez un salon, séjour, cuisine équipée et une salle d'eau invités, au sous sol vous trouverez une deuxième cuisine, un garage pour 3 voitures et une chambre de service, à l'étage: une suite parentale avec dressing et","A vendre un Triplex S4 avec jardin à cité el khalil, au rez-de-chaussée vous trouverez un salon, séjour, cuisine équipée et une salle d'eau invités, au sous sol vous trouverez une deuxième cuisine, un garage pour 3 voitures et une chambre de service, à l'étage: une suite parentale avec dressing et salle de douche et 2 chambres avec dressing qui partagent une salle de bain avec cabine de douche. Sur le toit, une chambre à coucher avec dressing et une magnifique terrasse.Superficies: 148m² de terrain.47m² de jardin352m² en bâtiPrix: 870000mdt",Jardin; Terrasse; Garage; Chambre rangement; Entre-seul; Salon européen; Antenne parabolique; Climatisation; Chauffage central; Sécurité; Double vitrage; Porte blindée; Cuisine équipée; Réfrigérateur; Four; Machine à laver; Micro-ondes,Climatisation; Chauffage central; Sécurité; Double vitrage; Porte blindée; Cuisine équipée; Garage; Terrasse; Jardin,Jardin; Terrasse; Garage; Chambre rangement; Entre-seul; Salon européen; Antenne parabolique; Climatisation; Chauffage central; Sécurité; Double vitrage; Porte blindée; Cuisine équipée; Réfrigérateur; Four; Machine à laver; Micro-ondes,https://www.mubawab-media.com/assets/logos/mubawab.png; https://www.mubawab-media.com/assets/common/loading.gif; https://www.mubawab-media.com/ad/7/901/012F/h/472335623_599692922660875_8763368106574670445_n_79580629.avif; https://www.mubawab-media.com/ad/7/901/012F/h/FB_IMG_1713820350073_73651526.avif; https://www.mubawab-media.com/ad/7/901/012F/h/FB_IMG_1713820352018_73651527.avif; https://www.mubawab-media.com/ad/7/901/012F/h/472769256_599021242868686_4229005282975189736_n_79580630.avif; https://www.mubawab-media.com/ad/7/901/012F/h/473008943_623868050029487_425249571803269860_n_79580631.avif; https://www.mubawab-media.com/ad/7/901/012F/h/472917009_619304183968697_2975827901775586885_n_79580632.avif; https://www.mubawab-media.com/ad/7/901/012F/h/472806113_576561308634614_5062842147476549808_n_79580633.avif; https://www.mubawab-media.com/ad/7/901/012F/h/470057163_8797667916997699_8498861477944212325_n_79580634.avif; https://www.mubawab-media.com/ad/7/901/012F/h/472294121_3914686305443186_6195553723127741760_n_79580635.avif; https://www.mubawab-media.com/ad/7/901/012F/h/471988712_534422256276928_4644861087006658179_n_79580636.avif; https://www.mubawab-media.com/ad/7/901/012F/h/472560466_1537495006944188_1011668816306263380_n_79580637.avif; https://www.mubawab-media.com/ad/7/901/012F/h/473185683_590260810548170_8337968426392510899_n_79580638.avif; https://www.mubawab-media.com/ad/7/901/012F/h/473554240_1946601629139157_5949687293521970027_n_79580639.avif; https://www.mubawab-media.com/ad/7/901/012F/h/473147350_1188798469451202_1744879051604656540_n_79580640.avif,"{""type de bien"": ""Maison"", ""etat"": ""Bon état / habitable"", ""années"": ""1-5 ans"", ""orientation"": ""Ouest"", ""type du sol"": ""Marbre""}","{""latitude"": ""36.876389"", ""longitude"": ""10.325278""}","{""parking"": ""Oui"", ""climatisation"": ""Oui"", ""securite"": ""Oui"", ""jardin"": ""Oui"", ""terrasse"": ""Oui""}","{""etat"": ""Neuf""}","{""formulaire_contact"": ""Disponible""}",2026-02-01T12:58:05.941853,search,True
8244846,A Vendre triplex S3 A GAMMARTH,https://www.mubawab.tn/fr/a/8244846/a-vendre-triplex-s3-a-gammarth,,La Marsa,Gammarth,"Gammarth, La Marsa",Triplex,Vente,980000.0,980 000 TND,980000.0,300.0,"300
						m²",3,3,1,,,,,"By Louati Immo met à votre disposition la vente un triplex de haut standing S3 avec jardin Neuf direct promoteur dans une résidence très agréable et proche de toutes commodités à GAMMARTH . Ie Rdc se compose d’un salon lumineux une cuisine trés bien aménagé et équipée,salle d’eau invitée, une cham","By Louati Immo met à votre disposition la vente un triplex de haut standing S3 avec jardin Neuf direct promoteur dans une résidence très agréable et proche de toutes commodités à GAMMARTH .Ie Rdc se compose d’un salon lumineux une cuisine trés bien aménagé et équipée,salle d’eau invitée, une chambre sejour qui donne acces sur le jardin de 50 m2 et le piscine.A L’etage on trouve une suite parentale avec salle de douche, Deux chambre à coucher avec dressing et une salle de douche. le duplex bénéficie d’une bonne orientation sur le jardinSurface bâti; 240m2Surface jardin;50 m2Remise des clé decembre 2025 .Deux place parking sous sol privée et une chambre a votre dispositions.",Jardin; Garage; Piscine,Garage; Jardin; Piscine,Jardin; Garage; Piscine,https://www.mubawab-media.com/assets/logos/mubawab.png; https://www.mubawab-media.com/assets/common/loading.gif; https://www.mubawab-media.com/ad/8/244/846F/h/thumb_1196915_property_large_81333115.avif; https://www.mubawab-media.com/ad/8/244/846F/h/thumb_1196908_property_large_81333116.avif; https://www.mubawab-media.com/ad/8/244/846F/h/thumb_1196910_property_large_81333117.avif; https://www.mubawab-media.com/ad/8/244/846F/h/thumb_1196906_property_large_81333118.avif; https://www.mubawab-media.com/ad/8/244/846F/h/thumb_1196917_property_large_81333119.avif; https://www.mubawab-media.com/ad/8/244/846F/h/thumb_1196914_property_large_81333120.avif; https://www.mubawab-media.com/ad/8/244/846F/h/thumb_1196913_property_large_81333121.avif; https://www.mubawab-media.com/ad/8/244/846F/h/thumb_1196918_property_large_81333122.avif; https://www.mubawab-media.com/ad/8/244/846F/h/thumb_1196912_property_large_81333123.avif; https://www.mubawab-media.com/ad/8/244/846F/h/thumb_1196911_property_large_81333124.avif; https://www.mubawab-media.com/ad/8/244/846F/h/thumb_1196909_property_large_81333125.avif; https://www.mubawab-media.com/ad/8/244/846F/h/thumb_1196916_property_large_81333126.avif; https://www.mubawab-media.com/ad/8/244/846F/h/thumb_1196907_property_large_81333127.avif,"{""type de bien"": ""Maison"", ""etat"": ""Bon état / habitable""}","{""latitude"": ""36.876389"", ""longitude"": ""10.325278""}","{""parking"": ""Oui"", ""piscine"": ""Oui"", ""jardin"": ""Oui""}","{""etat"": ""Neuf""}","{""formulaire_contact"": ""Disponible""}",2026-02-01T12:58:05.954950,search,True
8217572,Vente maison à Gammarth. Surface de 170 m². Terrasse de 80 m...,https://www.mubawab.tn/fr/a/8217572/vente-maison-%C3%A0-gammarth-surface-de-170-m%C2%B2-terrasse-de-80-m2-et-jardin,,La Marsa,Gammarth,"Gammarth, La Marsa",Duplex,Vente,0,Prix à consulter,0,170.0,"170
						m²",0,3,0,,,,,"SOPROGIM vous propose un duplex en tres bon état à vendre à Gammarth .composé de 3 suites un salon ,une cuisine équipé une salle d’eau surface de 170 m². . Les extérieurs se composent d'un jardin et une piscine et une vue mer","SOPROGIM vous propose un duplex en tres bon état à vendre à Gammarth .composé de 3 suites un salon ,une cuisine équipé une salle d’eau surface de 170 m².. Les extérieurs se composent d'un jardin et une piscine et une vue mer",Jardin; Terrasse; Vue sur mer; Piscine; Antenne parabolique; Climatisation; Chauffage central; Sécurité; Cuisine équipée; Réfrigérateur; Four; Machine à laver; Micro-ondes,Climatisation; Chauffage central; Sécurité; Cuisine équipée; Terrasse; Jardin; Vue sur mer; Piscine,Jardin; Terrasse; Vue sur mer; Piscine; Antenne parabolique; Climatisation; Chauffage central; Sécurité; Cuisine équipée; Réfrigérateur; Four; Machine à laver; Micro-ondes,https://www.mubawab-media.com/assets/logos/mubawab.png; https://www.mubawab-media.com/assets/common/loading.gif; https://www.mubawab-media.com/ad/8/217/572F/h/photo_0_81043914.avif; https://www.mubawab-media.com/ad/8/217/572F/h/photo_1_81043915.avif; https://www.mubawab-media.com/ad/8/217/572F/h/photo_2_81043916.avif; https://www.mubawab-media.com/ad/8/217/572F/h/photo_3_81043917.avif; https://www.mubawab-media.com/ad/8/217/572F/h/photo_4_81043918.avif; https://www.mubawab-media.com/ad/8/217/572F/h/photo_5_81043919.avif; https://www.mubawab-media.com/ad/8/217/572F/h/photo_6_81043920.avif; https://www.mubawab-media.com/ad/8/217/572F/h/photo_7_81043921.avif; https://www.mubawab-media.com/business/12/940F/s/DSC_9784%20copy%20%282%29_80725610.avif; https://www.mubawab-media.com/ad/8/263/627F/m/WhatsApp%20Image%202025-12-01%20at%2008.29.24%20%284%29_81586914.avif; https://www.mubawab-media.com/ad/8/288/301F/m/1000205981_81804647.avif; https://www.mubawab-media.com/ad/7/993/856F/m/thumb_897458_property_xlarge_78796046.avif,"{""type de bien"": ""Maison"", ""surface de la parcelle"": ""80\n\t\t\t\t\t\t\t\tm²"", ""etat"": ""Bon état / habitable"", ""années"": ""10-20 ans"", ""orientation"": ""Nord"", ""type du sol"": ""Marbre"", ""nombre d'étages"": ""2""}","{""latitude"": ""36.917739"", ""longitude"": ""10.288893""}","{""climatisation"": ""Oui"", ""securite"": ""Oui"", ""piscine"": ""Oui"", ""jardin"": ""Oui"", ""terrasse"": ""Oui""}","{""etat"": ""Neuf""}","{""formulaire_contact"": ""Disponible""}",2026-02-01T12:58:05.965043,search,True
8252487,Immeuble Gaya à vendre à la Marsa,https://www.mubawab.tn/fr/a/8252487/immeuble-gaya-%C3%A0-vendre-%C3%A0-la-marsa,,La Marsa,La Marsa,"La Marsa, La Marsa",Maison,Vente,700000.0,700 000 TND,700000.0,225.0,"225
						m²",8,6,0,,,,,"Immeuble sur un terrain de 225m², situé à Jbal Khaoui, La Marsa. Au RDC, on a un appart S2, 1 ér étage, on a S4, à l'extérieur, on a un terrasse et 4 garage. Contaceter Agent: 56290850","Immeuble sur un terrain de 225m², situé à Jbal Khaoui, La Marsa. Au RDC, on a un appart S2, 1 ér étage, on a S4, à l'extérieur, on a un terrasse et 4 garage. Contaceter Agent: 56290850.",Terrasse; Garage,Garage; Terrasse,Terrasse; Garage,https://www.mubawab-media.com/assets/logos/mubawab.png; https://www.mubawab-media.com/assets/common/loading.gif; https://www.mubawab-media.com/ad/8/252/487F/h/94a4a862-def1-443b-982f-28613b427ee0_GF_81410631.avif; https://www.mubawab-media.com/ad/8/252/487F/h/0815a2f5-2edd-4685-ab9b-905901289c81_GF_81410632.avif; https://www.mubawab-media.com/ad/8/252/487F/h/d19f981d-a57c-4ae9-898b-69c649525c3f_GF_81410633.avif; https://www.mubawab-media.com/ad/8/252/487F/h/00f12bb8-acd3-4915-a9ce-79e6a7b87140_GF_81410634.avif; https://www.mubawab-media.com/ad/8/252/487F/h/7faa1178-f9e4-4962-9485-2d74a882d570_GF_81410635.avif; https://www.mubawab-media.com/ad/8/252/487F/h/995faf4e-d650-4324-b419-1e6e34032efa_GF_81410636.avif; https://www.mubawab-media.com/ad/8/252/487F/h/9fe12e4d-2414-4428-9424-f16cf970ba81_GF_81410637.avif; https://www.mubawab-media.com/business/7/171F/s/logo4280avif; https://www.mubawab-media.com/ad/8/012/675F/m/WhatsApp%20Image%202024-09-16%20%C3%A0%2021.13.11_50f9436b_78991157.avif; https://www.mubawab-media.com/ad/8/258/691F/m/thumb_1214330_property_xlarge_81474308.avif; https://www.mubawab-media.com/ad/8/243/453F/m/d290abde-3c77-49c7-9c23-aec31cbca854_GF%20-%20Copie_81316981.avif; https://www.mubawab-media.com/ad/8/143/266F/m/0d29aa42-cab9-4905-adaf-26c4d834a899_GF_80280951.avif,"{""type de bien"": ""Maison"", ""etat"": ""Bon état / habitable""}","{""latitude"": ""36.876389"", ""longitude"": ""10.325278""}","{""parking"": ""Oui"", ""terrasse"": ""Oui""}","{""etat"": ""Neuf""}","{""formulaire_contact"": ""Disponible""}",2026-02-01T12:58:05.978786,search,True
8251594,A vendre Superbe villa S4 à La Marsa,https://www.mubawab.tn/fr/a/8251594/a-vendre-superbe-villa-s4-%C3%A0-la-marsa,,La Marsa,La Marsa,"La Marsa, La Marsa",Villa,Vente,1800000.0,1 800 000 TND,1800000.0,580.0,"580
						m²",0,5,0,,,,,Immo Street met à la vente dans un beau quartier calme et sécurisé à la marsa une magnifique villa S4 batie sur deux niveaux avec piscine . Référence du bien: Ref260a,Immo Street met à la vente dans un beau quartier calme et sécurisé à la marsa une magnifique villa S4 batie sur deux niveaux avec piscine . Référence du bien: Ref260a,Piscine; Sécurité,Sécurité; Piscine,Piscine; Sécurité,https://www.mubawab-media.com/assets/logos/mubawab.png; https://www.mubawab-media.com/assets/common/loading.gif; https://www.mubawab-media.com/ad/8/251/594F/h/thumb_752378_property_xlarge_81401534.avif; https://www.mubawab-media.com/ad/8/251/594F/h/thumb_752393_property_xlarge_81401535.avif; https://www.mubawab-media.com/ad/8/251/594F/h/thumb_752392_property_xlarge_81401536.avif; https://www.mubawab-media.com/ad/8/251/594F/h/thumb_752384_property_xlarge_81401537.avif; https://www.mubawab-media.com/ad/8/251/594F/h/thumb_752394_property_xlarge_81401538.avif; https://www.mubawab-media.com/ad/8/251/594F/h/thumb_752398_property_xlarge_81401539.avif; https://www.mubawab-media.com/ad/8/251/594F/h/thumb_752382_property_xlarge_81401540.avif; https://www.mubawab-media.com/ad/8/251/594F/h/thumb_752381_property_xlarge_81401541.avif; https://www.mubawab-media.com/ad/8/251/594F/h/thumb_752390_property_xlarge_81401542.avif; https://www.mubawab-media.com/ad/8/251/594F/h/thumb_752389_property_xlarge_81401544.avif; https://www.mubawab-media.com/ad/8/251/594F/h/thumb_752388_property_xlarge_81401545.avif; https://www.mubawab-media.com/ad/8/251/594F/h/thumb_752391_property_xlarge_81401546.avif; https://www.mubawab-media.com/ad/8/251/594F/h/thumb_752387_property_xlarge_81401547.avif; https://www.mubawab-media.com/ad/8/251/594F/h/thumb_752386_property_xlarge_81401548.avif,"{""type de bien"": ""Maison""}","{""latitude"": ""36.8941992"", ""longitude"": ""10.2762232""}","{""securite"": ""Oui"", ""piscine"": ""Oui""}","{""etat"": ""Neuf""}","{""formulaire_contact"": ""Disponible""}",2026-02-01T12:58:05.988218,search,True
8251586,A vendre Superbe villa S3 plain pied à La Marsa,https://www.mubawab.tn/fr/a/8251586/a-vendre-superbe-villa-s3-plain-pied-%C3%A0-la-marsa,,La Marsa,La Marsa,"La Marsa, La Marsa",Villa,Vente,1400000.0,1 400 000 TND,1400000.0,650.0,"650
						m²",0,4,0,,,,,"Immo Street met à la vente dans un beau quartier calme et sécurisé à la Marsa une magnifique villa S3 de plain pied et une vue dégagée , bâtie sur un terrain de 640 m² et Superficie bâtit 166 m²L'atout majeur est son espace extérieur Il jouit d'un jardin gazonné piscinable .La villa est équipée de c","Immo Street met à la vente dans un beau quartier calme et sécurisé à la Marsa une magnifique villa S3 de plain pied et une vue dégagée , bâtie sur un terrain de 640 m² et Superficie bâtit 166 m²L'atout majeur est son espace extérieur Il jouit d'un jardin gazonné piscinable .La villa est équipée de climatiseurs et du chauffage central. Un garage qui peut abriter trois voitures est disponible. Référence du bien: Ref286a",Jardin; Garage; Climatisation; Chauffage central; Sécurité,Climatisation; Chauffage central; Sécurité; Garage; Jardin,Jardin; Garage; Climatisation; Chauffage central; Sécurité,https://www.mubawab-media.com/assets/logos/mubawab.png; https://www.mubawab-media.com/assets/common/loading.gif; https://www.mubawab-media.com/ad/8/251/586F/h/thumb_756428_property_xlarge_81401464.avif; https://www.mubawab-media.com/ad/8/251/586F/h/thumb_756433_property_xlarge_81401465.avif; https://www.mubawab-media.com/ad/8/251/586F/h/thumb_756432_property_xlarge_81401466.avif; https://www.mubawab-media.com/ad/8/251/586F/h/thumb_756429_property_xlarge_81401488.avif; https://www.mubawab-media.com/ad/8/251/586F/h/thumb_756430_property_xlarge_81401489.avif; https://www.mubawab-media.com/ad/8/251/586F/h/thumb_756431_property_xlarge_81401490.avif; https://www.mubawab-media.com/business/7/488F/s/20200215_163210.avif; https://www.mubawab-media.com/ad/8/012/675F/m/WhatsApp%20Image%202024-09-16%20%C3%A0%2021.13.11_50f9436b_78991157.avif; https://www.mubawab-media.com/ad/8/243/176F/m/thumb_1193839_property_xlarge_81313798.avif; https://www.mubawab-media.com/ad/8/277/992F/m/iVfsvFSymIXblOfT-thumb_81694277.avif; https://www.mubawab-media.com/ad/8/246/140F/m/thumb_1232191_property_big_81684443.avif,"{""type de bien"": ""Maison""}","{""latitude"": ""36.8941992"", ""longitude"": ""10.2762232""}","{""parking"": ""Oui"", ""climatisation"": ""Oui"", ""securite"": ""Oui"", ""jardin"": ""Oui""}","{""etat"": ""Neuf""}","{""formulaire_contact"": ""Disponible""}",2026-02-01T12:58:05.998207,search,True
8251583,Villa s5 avec piscine à Gammarth supérieur,https://www.mubawab.tn/fr/a/8251583/villa-s5-avec-piscine-%C3%A0-gammarth-sup%C3%A9rieur,,La Marsa,Gammarth Supérieur,"Gammarth Supérieur, La Marsa",Villa,Vente,0,7 000 TND,7000.0,380.0,"380
						m²",0,6,0,,,,,"Immo Street vous propose à la location une villa s5 sur 3 niveaux avec piscine dans un emplacement privilégié, calme et bien sécurisé a Gammarth supérieur.Au rez-de-chaussée :Un salon / salle à mangerUne Cuisine équipéeUne Salle d’eauune chambreA l'étage, vous trouverez :Une Suite parentale avec dre","Immo Street vous propose à la location une villa s5 sur 3 niveaux avec piscine dans un emplacement privilégié, calme et bien sécurisé a Gammarth supérieur.Au rez-de-chaussée :Un salon / salle à mangerUne Cuisine équipéeUne Salle d’eauune chambreA l'étage, vous trouverez :Une Suite parentale avec dressing et salle de bainUne suite juniorUne salle de bain avec baignoireUn BalconAu rez de jardin , vous disposez :Un salonUne salle de bain avec doucheUne chambre à coucherUne chambre de service avec une salle de bainCette villa dispose également d’une piscine , un jardin ainsi qu'un Hammam. Référence du bien: Ref324a",Jardin; Terrasse; Piscine; Sécurité; Cuisine équipée; Balcon,Sécurité; Cuisine équipée; Terrasse; Jardin; Piscine; Balcon,Jardin; Terrasse; Piscine; Sécurité; Cuisine équipée,https://www.mubawab-media.com/assets/logos/mubawab.png; https://www.mubawab-media.com/assets/common/loading.gif; https://www.mubawab-media.com/ad/8/251/583F/h/thumb_847858_property_xlarge_81401442.avif; https://www.mubawab-media.com/ad/8/251/583F/h/thumb_847865_property_xlarge_81401443.avif; https://www.mubawab-media.com/ad/8/251/583F/h/thumb_847857_property_xlarge_81401444.avif; https://www.mubawab-media.com/ad/8/251/583F/h/thumb_847856_property_xlarge_81401445.avif; https://www.mubawab-media.com/ad/8/251/583F/h/thumb_847855_property_xlarge_81401446.avif; https://www.mubawab-media.com/ad/8/251/583F/h/thumb_847859_property_xlarge_81401447.avif; https://www.mubawab-media.com/ad/8/251/583F/h/thumb_847861_property_xlarge_81401448.avif; https://www.mubawab-media.com/ad/8/251/583F/h/thumb_847862_property_xlarge_81401449.avif; https://www.mubawab-media.com/business/7/488F/s/20200215_163210.avif; https://www.mubawab-media.com/ad/8/244/912F/m/thumb_1118085_property_xlarge_81333812.avif; https://www.mubawab-media.com/ad/8/276/496F/m/thumb_1231377_property_xlarge_81677838.avif; https://www.mubawab-media.com/ad/8/259/732F/m/thumb_954411_property_xlarge_81484768.avif,"{""type de bien"": ""Maison""}","{""latitude"": ""36.8931787"", ""longitude"": ""10.3099394""}","{""securite"": ""Oui"", ""piscine"": ""Oui"", ""jardin"": ""Oui"", ""terrasse"": ""Oui""}","{""etat"": ""Neuf""}","{""formulaire_contact"": ""Disponible""}",2026-02-01T12:58:06.009883,search,True
7919037,Villa à gammarth à la vente,https://www.mubawab.tn/fr/a/7919037/villa-%C3%A0-gammarth-%C3%A0-la-vente,,La Marsa,Gammarth,"Gammarth, La Marsa",Villa,Vente,1900000.0,1 900 000 TND,1900000.0,553.0,"553
						m²",6,5,0,,,,,"Rbz immobilier vous propose la vente d'une villa sise à gammarth côte café journal construite sur un terrain de 553m2 composée de deux niveaux avec 400m2 couvert , elle est composé au rez-de-chaussée d'un grand salon, salle à manger , une chambre d'amis, une chambre conçue pr un séjour, salle d'e","Rbz immobilier vous propose la vente d'une villa sise à gammarth côte café journal construite sur un terrain de 553m2 composée de deux niveaux avec 400m2 couvert , elle est composé au rez-de-chaussée d'un grand salon, salle à manger , une chambre d'amis, une chambre conçue pr un séjour, salle d'eau pr invités, cuisine. Au 1er étage y a 3 chambres à coucher avec salle de bain commune plus une grande suite parentale. Au sous-sol y a un garage plus garage à l'extérieur et un jardin qui fait le tour de la villa. Prix 1.9",Jardin; Terrasse; Garage; Salon européen; Antenne parabolique; Climatisation; Chauffage central; Double vitrage; Cuisine équipée; Sous-sol,Climatisation; Chauffage central; Double vitrage; Cuisine équipée; Garage; Terrasse; Jardin; Sous-sol,Jardin; Terrasse; Garage; Salon européen; Antenne parabolique; Climatisation; Chauffage central; Double vitrage; Cuisine équipée,https://www.mubawab-media.com/assets/logos/mubawab.png; https://www.mubawab-media.com/assets/common/loading.gif; https://www.mubawab-media.com/ad/7/919/037F/h/1000107582_75533572.avif; https://www.mubawab-media.com/ad/7/919/037F/h/1000107586_75533574.avif; https://www.mubawab-media.com/ad/7/919/037F/h/1000107599_75533575.avif; https://www.mubawab-media.com/ad/7/919/037F/h/1000107588_75533576.avif; https://www.mubawab-media.com/ad/7/919/037F/h/1000107589_75533577.avif; https://www.mubawab-media.com/ad/7/919/037F/h/1000107593_75533578.avif; https://www.mubawab-media.com/ad/7/919/037F/h/1000107574_75533579.avif; https://www.mubawab-media.com/ad/7/919/037F/h/1000107569_75533580.avif; https://www.mubawab-media.com/ad/7/919/037F/h/1000107598_75533581.avif; https://www.mubawab-media.com/ad/7/919/037F/h/1000107587_75533582.avif; https://www.mubawab-media.com/ad/7/919/037F/h/1000107584_75533583.avif; https://www.mubawab-media.com/ad/7/919/037F/h/1000107570_75533584.avif; https://www.mubawab-media.com/ad/7/919/037F/h/1000107571_75533585.avif; https://www.mubawab-media.com/ad/7/919/037F/h/1000107576_75533586.avif,"{""type de bien"": ""Maison"", ""etat"": ""À rénover"", ""années"": ""20-30 ans"", ""orientation"": ""Nord"", ""type du sol"": ""Carrelage""}","{""latitude"": ""36.917739"", ""longitude"": ""10.288893""}","{""parking"": ""Oui"", ""climatisation"": ""Oui"", ""jardin"": ""Oui"", ""terrasse"": ""Oui""}","{""etat"": ""Neuf""}","{""formulaire_contact"": ""Disponible""}",2026-02-01T12:58:06.022375,search,True
8250200,Superbe maison à vendre à Gammarth. Superficie 306 m². Conci...,https://www.mubawab.tn/fr/a/8250200/superbe-maison-%C3%A0-vendre-%C3%A0-gammarth-superficie-306-m%C2%B2-conciergerie-%C3%A0-disposition-syst%C3%A8me-de-climatisation,,La Marsa,Gammarth,"Gammarth, La Marsa",Maison,Vente,1650000.0,1 650 000 TND,1650000.0,306.0,"306
						m²",0,3,0,,,,,"Ne laissez pas passer cette maison à vendre. Prix 1 650 000 TND. 3 chambres à coucher, 3 salles de bains, 306 m². Moins de 20 ans. Type de sol: Marbre. Confort et tranquillité avec chauffage central et double vitrage. En prime, une vue mer du jardin Venez découvrir cette maison à vendre à Gammarth.","Ne laissez pas passer cette maison à vendre. Prix 1 650 000 TND. 3 chambres à coucher, 3 salles de bains, 306 m². Moins de 20 ans. Type de sol: Marbre. Confort et tranquillité avec chauffage central et double vitrage. En prime, une vue mer du jardinVenez découvrir cette maison à vendre à Gammarth. Appréciez le confort de la climatisation. La résidence dispose également d'un service de concierge. Vous bénéficierez d'une terrasse et d'un jardin.Programmez dès maintenant votre visite pour cette maison d'exception. Cuisine bien équipée. Spacieux salon européen.",Jardin; Terrasse; Garage; Vue sur mer; Concierge; Chambre rangement; Salon européen; Climatisation; Chauffage central; Double vitrage; Cuisine équipée,Concierge; Climatisation; Chauffage central; Double vitrage; Cuisine équipée; Garage; Terrasse; Jardin; Vue sur mer,Jardin; Terrasse; Garage; Vue sur mer; Concierge; Chambre rangement; Salon européen; Climatisation; Chauffage central; Double vitrage; Cuisine équipée,https://www.mubawab-media.com/assets/logos/mubawab.png; https://www.mubawab-media.com/assets/common/loading.gif; https://www.mubawab-media.com/ad/8/250/200F/h/photo_0_81388111.avif; https://www.mubawab-media.com/ad/8/250/200F/h/photo_1_81388112.avif; https://www.mubawab-media.com/ad/8/250/200F/h/photo_2_81388113.avif; https://www.mubawab-media.com/ad/8/250/200F/h/photo_3_81388114.avif; https://www.mubawab-media.com/ad/8/250/200F/h/photo_4_81388115.avif; https://www.mubawab-media.com/ad/8/250/200F/h/photo_5_81388116.avif; https://www.mubawab-media.com/ad/8/250/200F/h/photo_6_81388117.avif; https://www.mubawab-media.com/ad/8/250/200F/h/photo_7_81388118.avif; https://www.mubawab-media.com/ad/8/250/200F/h/photo_8_81388119.avif; https://www.mubawab-media.com/ad/8/250/200F/h/photo_9_81388120.avif; https://www.mubawab-media.com/ad/8/250/200F/h/photo_10_81388121.avif; https://www.mubawab-media.com/ad/8/250/200F/h/photo_11_81388122.avif; https://www.mubawab-media.com/ad/8/250/200F/h/photo_12_81388123.avif; https://www.mubawab-media.com/ad/8/250/200F/h/photo_13_81388124.avif,"{""type de bien"": ""Maison"", ""surface de la parcelle"": ""209\n\t\t\t\t\t\t\t\tm²"", ""etat"": ""Bon état / habitable"", ""années"": ""10-20 ans"", ""orientation"": ""Sud"", ""type du sol"": ""Marbre""}","{""latitude"": ""36.92071657988606"", ""longitude"": ""10.307902116286959""}","{""parking"": ""Oui"", ""climatisation"": ""Oui"", ""concierge"": ""Oui"", ""jardin"": ""Oui"", ""terrasse"": ""Oui""}","{""etat"": ""Neuf""}","{""formulaire_contact"": ""Disponible""}",2026-02-01T12:58:06.036475,search,True
8248363,A Vendre une villa arabesque à la Marsa,https://www.mubawab.tn/fr/a/8248363/a-vendre-une-villa-arabesque-%C3%A0-la-marsa,,La Marsa,La Marsa,"La Marsa, La Marsa",Villa,Vente,2200000.0,2 200 000 TND,2200000.0,450.0,"450
						m²",5,4,0,,,,,"Villa à vendre – Style Arabesque en S4 Emplacement privilégié à La Marsa -Cité des juges 2. Venez découvrir cette magnifique villa de style arabesque, offrant un cadre de vie raffiné et authentique. Située dans un quartier résidentiel calme et prisé, cette villa en S4 (4 chambres et un salon spaci","Villa à vendre – Style Arabesque en S4Emplacement privilégié à La Marsa -Cité des juges 2.Venez découvrir cette magnifique villa de style arabesque, offrant un cadre de vie raffiné et authentique. Située dans un quartier résidentiel calme et prisé, cette villa en S4 (4 chambres et un salon spacieux) allie à la perfection le charme de l’architecture traditionnelle. Idéale pour une grande famille ou pour ceux recherchant une demeure d’exception.Surface habitable : environ de 350 m²Surface terrain : 450m²Prix de vente : 1.750.000DTLa villa se distingue par sa façade majestueuse, ornée de motifs géométriques et floraux inspirés de l’art arabesque. Des arches élégantes et des colonnes décoratives viennent souligner le style traditionnel tout en offrant une esthétique intemporelle. Plusieurs terrasses et balcons offrent des vues imprenables sur le jardin et les environs, idéals pour profiter du soleil ou organiser des repas en extérieur. Un hall spacieux avec des murs décorés de carreaux en céramique traditionnels, des fresques murales, créant une ambiance chaleureuse et accueillante. Un salon vaste et lumineux avec de grandes fenêtres offrant une vue dégagée sur le jardin. Le sol est recouvert de marbre ou de terre cuite.Une cuisine aménagée avec des rangements , elle est idéale pour les amateurs de cuisine. La villa dispose de quatre chambres bien agencées, chacune offrant des espaces de rangement généreux et une décoration soignée. La chambre principale dispose d’un grand dressing et d’un coin bureau ou lecture. Les chambres secondaires sont idéales pour les enfants ou les invités.Une salle d’eau pour les invités et une salle de bain avec des mosaïques artisanales et des finitions en marbre ou en pierre naturelle.Un garage spacieux peut accueillir plusieurs véhicules, avec un accès direct à la maison.Contact :216 92 091 094 / 27 21 27 21contact@viprealestate.tn",Jardin; Terrasse; Garage; Chambre rangement; Salon européen; Antenne parabolique; Climatisation; Chauffage central; Double vitrage; Porte blindée; Cuisine équipée; Réfrigérateur; Four; Machine à laver,Climatisation; Chauffage central; Double vitrage; Porte blindée; Cuisine équipée; Garage; Terrasse; Jardin,Jardin; Terrasse; Garage; Chambre rangement; Salon européen; Antenne parabolique; Climatisation; Chauffage central; Double vitrage; Porte blindée; Cuisine équipée; Réfrigérateur; Four; Machine à laver,https://www.mubawab-media.com/assets/logos/mubawab.png; https://www.mubawab-media.com/assets/common/loading.gif; https://www.mubawab-media.com/ad/8/248/363F/h/thumb_1100117_property_large_81367844.avif; https://www.mubawab-media.com/ad/8/248/363F/h/thumb_1100132_property_large_81367845.avif; https://www.mubawab-media.com/ad/8/248/363F/h/thumb_1100125_property_large_81367846.avif; https://www.mubawab-media.com/ad/8/248/363F/h/thumb_1100111_property_large_81367847.avif; https://www.mubawab-media.com/ad/8/248/363F/h/thumb_1100130_property_large_81367848.avif; https://www.mubawab-media.com/ad/8/248/363F/h/thumb_1100118_property_large_81367849.avif; https://www.mubawab-media.com/ad/8/248/363F/h/thumb_1100121_property_large_81367850.avif; https://www.mubawab-media.com/ad/8/248/363F/h/thumb_1100116_property_large_81367851.avif; https://www.mubawab-media.com/ad/8/248/363F/h/thumb_1100115_property_large_81367852.avif; https://www.mubawab-media.com/ad/8/248/363F/h/thumb_1100114_property_large_81367853.avif; https://www.mubawab-media.com/ad/8/248/363F/h/thumb_1100113_property_large_81367854.avif; https://www.mubawab-media.com/ad/8/248/363F/h/thumb_1100112_property_large_81367855.avif; https://www.mubawab-media.com/ad/8/248/363F/h/thumb_1100120_property_large_81367856.avif; https://www.mubawab-media.com/ad/8/248/363F/h/thumb_1100133_property_large_81367857.avif,"{""type de bien"": ""Maison"", ""etat"": ""Bon état / habitable"", ""années"": ""5-10 ans"", ""type du sol"": ""Marbre"", ""nombre d'étages"": ""2""}","{""latitude"": ""36.876389"", ""longitude"": ""10.325278""}","{""parking"": ""Oui"", ""climatisation"": ""Oui"", ""jardin"": ""Oui"", ""terrasse"": ""Oui""}","{""etat"": ""Neuf""}","{""formulaire_contact"": ""Disponible""}",2026-02-01T12:58:06.049426,search,True
8218255,Duplex S3 avec vue mer à Gammarth,https://www.mubawab.tn/fr/a/8218255/duplex-s3-avec-vue-mer-%C3%A0-gammarth,,La Marsa,Gammarth,"Gammarth, La Marsa",Duplex,Vente,1600000.0,1 600 000 TND,1600000.0,300.0,"300
						m²",4,3,0,,,,,"22Estates vous propose à la vente un élégant duplex S3 avec une superbe vue sur mer, situé à Gammarth. Le rez-de-chaussée comprend un salon lumineux, un séjour convivial, une salle d’eau invités, une cuisine entièrement équipée, ainsi qu’une chambre de service. À l’étage, vous découvrirez deux","22Estates vous propose à la vente un élégant duplex S3 avec une superbe vue sur mer, situé à Gammarth.Le rez-de-chaussée comprend un salon lumineux, un séjour convivial, une salle d’eau invités, une cuisine entièrement équipée, ainsi qu’une chambre de service.À l’étage, vous découvrirez deux chambres à coucher, une salle de bain commune, ainsi qu’une suite parentale dotée d’un dressing et d’une salle d’eau avec douche.Enfin, le dernier niveau vous réserve un rooftop privatif offrant une vue imprenable sur la marina de Gammarth – un véritable espace de vie en plein air, idéal pour se détendre ou recevoir. Pour toutes autres informations merci de contacter le27320200",Jardin; Terrasse; Vue sur mer; Climatisation; Chauffage central; Sécurité; Double vitrage; Porte blindée; Cuisine équipée,Climatisation; Chauffage central; Sécurité; Double vitrage; Porte blindée; Cuisine équipée; Terrasse; Jardin; Vue sur mer,Jardin; Terrasse; Vue sur mer; Climatisation; Chauffage central; Sécurité; Double vitrage; Porte blindée; Cuisine équipée,https://www.mubawab-media.com/assets/logos/mubawab.png; https://www.mubawab-media.com/assets/common/loading.gif; https://www.mubawab-media.com/ad/8/218/255F/h/thumb_1164737_property_large_81051181.avif; https://www.mubawab-media.com/ad/8/218/255F/h/thumb_1164747_property_large_81051182.avif; https://www.mubawab-media.com/ad/8/218/255F/h/thumb_1164744_property_large_81051183.avif; https://www.mubawab-media.com/ad/8/218/255F/h/thumb_1164740_property_large_81051184.avif; https://www.mubawab-media.com/ad/8/218/255F/h/thumb_1164733_property_large_81051185.avif; https://www.mubawab-media.com/ad/8/218/255F/h/thumb_1164742_property_large_81051186.avif; https://www.mubawab-media.com/ad/8/218/255F/h/thumb_1164731_property_large_81051187.avif; https://www.mubawab-media.com/ad/8/218/255F/h/thumb_1164756_property_large_81051188.avif; https://www.mubawab-media.com/ad/8/218/255F/h/thumb_1164754_property_large_81051189.avif; https://www.mubawab-media.com/ad/8/218/255F/h/thumb_1164753_property_large_81051190.avif; https://www.mubawab-media.com/ad/8/218/255F/h/thumb_1164751_property_large_81051191.avif; https://www.mubawab-media.com/ad/8/218/255F/h/thumb_1164749_property_large_81051192.avif; https://www.mubawab-media.com/ad/8/218/255F/h/thumb_1164746_property_large_81051193.avif; https://www.mubawab-media.com/ad/8/218/255F/h/thumb_1164739_property_large_81051194.avif,"{""type de bien"": ""Maison"", ""etat"": ""Bon état / habitable""}","{""latitude"": ""36.876389"", ""longitude"": ""10.325278""}","{""climatisation"": ""Oui"", ""securite"": ""Oui"", ""jardin"": ""Oui"", ""terrasse"": ""Oui""}","{""etat"": ""Neuf""}","{""formulaire_contact"": ""Disponible""}",2026-02-01T12:58:06.063227,search,True
8249201,Maison jardin de carthage,https://www.mubawab.tn/fr/a/8249201/maison-jardin-de-carthage,,La Marsa,Ain Zaghouan Sud,"Ain Zaghouan Sud, La Marsa",Villa,Vente,2800000.0,2 800 000 TND,2800000.0,1440.0,"1440
						m²",7,4,0,,,,,Je propose à la vente une villa répartie sur trois étages comprenant deux salons un séjour une salle à manger une buanderie et une chambre de service Trois grandes suites Garage Jardin Piscine abritée différentes terrasses Balcons Ce logement vous propose toutes les commodités nécessaires com,Je propose à la vente une villa répartie sur trois étages comprenant deux salons un séjour une salle à manger une buanderie et une chambre de service Trois grandes suites Garage Jardin Piscine abritée différentes terrasses Balcons Ce logement vous propose toutes les commodités nécessaires combinant confort et qualité des équipements de première marque pour un mode de vie exceptionnel Cuisine spacieuse aménagée et équipée dotée d'un îlot central Terrasse Douche extérieure Trois vastes suites chacune avec chambre pour le dressing Équipements haut de gamme et de marque Système de chauffage central Climatisation Alarme Système de domotique Chauffe solaire De grands dressings Surface construite 480 m² répartis sur trois niveaux titre bleu individuel prix negociable me contacter sur le,Jardin; Terrasse; Garage; Piscine; Chambre rangement; Salon européen; Antenne parabolique; Cheminée; Climatisation; Chauffage central; Sécurité; Double vitrage; Porte blindée; Cuisine équipée; Buanderie; Balcon,Climatisation; Chauffage central; Sécurité; Double vitrage; Porte blindée; Cuisine équipée; Garage; Terrasse; Jardin; Piscine; Cheminée; Buanderie; Balcon,Jardin; Terrasse; Garage; Piscine; Chambre rangement; Salon européen; Antenne parabolique; Cheminée; Climatisation; Chauffage central; Sécurité; Double vitrage; Porte blindée; Cuisine équipée,https://www.mubawab-media.com/assets/logos/mubawab.png; https://www.mubawab-media.com/assets/common/loading.gif; https://www.mubawab-media.com/ad/8/249/201F/h/Messenger_creation_45526F38-1EA2-4083-B684-9B190E4FA662_81377075.avif; https://www.mubawab-media.com/ad/8/249/201F/h/Messenger_creation_6CF8B344-93F2-4ABD-9AD5-C3250326AC6D_81377076.avif; https://www.mubawab-media.com/ad/8/249/201F/h/Messenger_creation_D1BF6AE7-7961-4BF6-B3D4-E1068247B39D_81377077.avif; https://www.mubawab-media.com/ad/8/249/201F/h/Messenger_creation_6F5F097D-54F7-4812-B9C1-C29B587EF762_81377078.avif; https://www.mubawab-media.com/ad/8/249/201F/h/Messenger_creation_3E5B91D2-FB5C-4250-BFAF-A47CCB4DCDEF_81377079.avif; https://www.mubawab-media.com/ad/8/249/201F/h/Messenger_creation_C50D52FC-768D-481B-AE0E-E5EC49383B6F_81377080.avif; https://www.mubawab-media.com/ad/8/249/201F/h/Messenger_creation_66FB6C0C-08AD-4A86-B9A3-FE5B378069B5_81377081.avif; https://www.mubawab-media.com/ad/8/249/201F/h/Messenger_creation_638166C1-090A-4A36-998B-AD197820DA65_81377082.avif; https://www.mubawab-media.com/ad/8/249/201F/h/Messenger_creation_3E14B821-F6A7-47FC-BD8A-26369F827CA4_81377083.avif; https://www.mubawab-media.com/ad/8/249/201F/h/Messenger_creation_CE918989-8661-4C71-ACBB-A56F045C9DD2_81377084.avif; https://www.mubawab-media.com/ad/8/249/201F/h/Messenger_creation_060376F6-9F18-4682-9CAD-7974691D9A61_81377085.avif; https://www.mubawab-media.com/ad/8/249/201F/h/Messenger_creation_4187BF52-EB53-4C14-A194-48B731A78E87_81377086.avif,"{""type de bien"": ""Maison"", ""surface de la parcelle"": ""480\n\t\t\t\t\t\t\t\tm²"", ""etat"": ""Project neuf"", ""type du sol"": ""Marbre"", ""nombre d'étages"": ""3""}","{""latitude"": ""36.85788270000002"", ""longitude"": ""10.2733997""}","{""parking"": ""Oui"", ""climatisation"": ""Oui"", ""securite"": ""Oui"", ""piscine"": ""Oui"", ""jardin"": ""Oui"", ""terrasse"": ""Oui""}","{""etat"": ""Neuf""}","{""formulaire_contact"": ""Disponible""}",2026-02-01T12:59:48.073568,search,True
8246817,À louer une villa s5 à gammarth,https://www.mubawab.tn/fr/a/8246817/%C3%A0-louer-une-villa-s5-%C3%A0-gammarth,,La Marsa,Gammarth,"Gammarth, La Marsa",Villa,Vente,0,Prix à consulter,0,600.0,"600
						m²",6,3,1,,,,,A Louer Villa S5 à Gammarth – La Marsa Grand salon salle à manger ouverts sur l’extérieur 2 suites parentales avec baignoire 3 chambres à coucher avec salle de bain commune Salle d’eau invités Cuisine équipée Jardin paysager Piscine Garage pour 3 voitures,A Louer Villa S5 à Gammarth – La MarsaGrand salon salle à manger ouverts sur l’extérieur2 suites parentales avec baignoire3 chambres à coucher avec salle de bain communeSalle d’eau invitésCuisine équipéeJardin paysagerPiscineGarage pour 3 voitures,Jardin; Garage; Piscine; Cuisine équipée,Cuisine équipée; Garage; Jardin; Piscine,Jardin; Garage; Piscine; Cuisine équipée,https://www.mubawab-media.com/assets/logos/mubawab.png; https://www.mubawab-media.com/assets/common/loading.gif; https://www.mubawab-media.com/ad/8/246/817F/h/thumb_1199444_property_large_81353714.avif; https://www.mubawab-media.com/ad/8/246/817F/h/thumb_1199432_property_large_81353715.avif; https://www.mubawab-media.com/ad/8/246/817F/h/thumb_1199450_property_large_81353716.avif; https://www.mubawab-media.com/ad/8/246/817F/h/thumb_1199448_property_large_81353717.avif; https://www.mubawab-media.com/ad/8/246/817F/h/thumb_1199447_property_large_81353718.avif; https://www.mubawab-media.com/ad/8/246/817F/h/thumb_1199446_property_large_81353719.avif; https://www.mubawab-media.com/ad/8/246/817F/h/thumb_1199443_property_large_81353720.avif; https://www.mubawab-media.com/ad/8/246/817F/h/thumb_1199442_property_large_81353721.avif; https://www.mubawab-media.com/ad/8/246/817F/h/thumb_1199439_property_large_81353722.avif; https://www.mubawab-media.com/ad/8/246/817F/h/thumb_1199438_property_large_81353723.avif; https://www.mubawab-media.com/ad/8/246/817F/h/thumb_1199435_property_large_81353724.avif; https://www.mubawab-media.com/ad/8/246/817F/h/thumb_1199434_property_large_81353725.avif; https://www.mubawab-media.com/ad/8/246/817F/h/thumb_1199452_property_large_81353726.avif,"{""type de bien"": ""Maison"", ""etat"": ""Bon état / habitable""}","{""latitude"": ""36.876389"", ""longitude"": ""10.325278""}","{""parking"": ""Oui"", ""piscine"": ""Oui"", ""jardin"": ""Oui""}","{""etat"": ""Neuf""}","{""formulaire_contact"": ""Disponible""}",2026-02-01T12:59:48.079181,search,True
8242835,À vendre un triplex s3,https://www.mubawab.tn/fr/a/8242835/%C3%A0-vendre-un-triplex-s3,,La Marsa,La Marsa,"La Marsa, La Marsa",Duplex,Vente,675000.0,675 000 TND,675000.0,187.0,"187
						m²",3,3,1,,,,,"On vous propose à la vente un triplex (S3) situé au RDC d’une résidence calme et sécurisée à La Marsa Route du relais. Le duplex est composé comme suit: Au RDC: Un salon avec petit balcon. Une cuisine nouvellement refaite, totalement équipée avec accès à une charmante terrasse. A l’","On vous propose à la vente un triplex (S3) situé au RDC d’une résidence calme et sécurisée à La Marsa Route du relais.Le duplex est composé comme suit:Au RDC:Un salon avec petit balcon.Une cuisine nouvellement refaite, totalement équipée avec accès à une charmante terrasse.A l’étage:03 Chambres à coucher avec dressings, dont une avec balconUne salle de bain commune.Au sous-sol :Une grande pièce qui peut servir d’un séjour ou une salle de jeux.Chauffage centralClimatisation dans toutes les piècesPlace de stationnement",Terrasse; Garage; Entre-seul; Cheminée; Climatisation; Chauffage central; Cuisine équipée; Balcon; Sous-sol,Climatisation; Chauffage central; Cuisine équipée; Garage; Terrasse; Cheminée; Balcon; Sous-sol,Terrasse; Garage; Entre-seul; Cheminée; Climatisation; Chauffage central; Cuisine équipée,https://www.mubawab-media.com/assets/logos/mubawab.png; https://www.mubawab-media.com/assets/common/loading.gif; https://www.mubawab-media.com/ad/8/242/835F/h/thumb_1194326_property_large_81310316.avif; https://www.mubawab-media.com/ad/8/242/835F/h/thumb_1194322_property_large_81310314.avif; https://www.mubawab-media.com/ad/8/242/835F/h/thumb_1194311_property_large_81310317.avif; https://www.mubawab-media.com/ad/8/242/835F/h/thumb_1194324_property_large_81310318.avif; https://www.mubawab-media.com/ad/8/242/835F/h/thumb_1194323_property_large_81310319.avif; https://www.mubawab-media.com/ad/8/242/835F/h/thumb_1194321_property_large_81310320.avif; https://www.mubawab-media.com/ad/8/242/835F/h/thumb_1194320_property_large_81310321.avif; https://www.mubawab-media.com/ad/8/242/835F/h/thumb_1194319_property_large_81310322.avif; https://www.mubawab-media.com/ad/8/242/835F/h/thumb_1194318_property_large_81310323.avif; https://www.mubawab-media.com/ad/8/242/835F/h/thumb_1194317_property_large_81310324.avif; https://www.mubawab-media.com/ad/8/242/835F/h/thumb_1194316_property_large_81310325.avif; https://www.mubawab-media.com/ad/8/242/835F/h/thumb_1194315_property_large_81310326.avif; https://www.mubawab-media.com/ad/8/242/835F/h/thumb_1194314_property_large_81310327.avif; https://www.mubawab-media.com/ad/8/242/835F/h/thumb_1194313_property_large_81310328.avif,"{""type de bien"": ""Maison"", ""etat"": ""Bon état / habitable"", ""nombre d'étages"": ""4""}","{""latitude"": ""36.876389"", ""longitude"": ""10.325278""}","{""parking"": ""Oui"", ""climatisation"": ""Oui"", ""terrasse"": ""Oui""}","{""etat"": ""Neuf""}","{""formulaire_contact"": ""Disponible""}",2026-02-01T12:59:48.084195,search,True
8247697,Studio s1 terrain à vendre à Bhar Lazreg,https://www.mubawab.tn/fr/a/8247697/studio-s1-terrain-%C3%A0-vendre-%C3%A0-bhar-lazreg,,La Marsa,Bhar Lazreg,"Bhar Lazreg, La Marsa",Maison,Vente,0,Prix à consulter,0,136.0,"136
						m²",0,1,1,,,,,Studio s1 terrain 136m et Elle possède un titre de propriété et des compteurs d'eau et d'électricité séparés,Studio s1 terrain 136m et Elle possède un titre de propriété et des compteurs d'eau et d'électricité séparés.,,,,https://www.mubawab-media.com/assets/logos/mubawab.png; https://www.mubawab-media.com/assets/common/loading.gif; https://www.mubawab-media.com/ad/8/247/697F/h/photo_00_81362521.avif; https://www.mubawab-media.com/ad/8/247/697F/h/photo_01_81362522.avif; https://www.mubawab-media.com/ad/8/247/697F/h/photo_03_81362524.avif; https://www.mubawab-media.com/ad/8/247/697F/h/photo_04_81362525.avif; https://www.mubawab-media.com/assets/common/banks/atijjaribank.png; https://www.mubawab-media.com/assets/common/app-store/google-play-small.png; https://www.mubawab-media.com/assets/common/app-store/app-store-small.png,"{""type de bien"": ""Maison"", ""etat"": ""À rénover""}","{""latitude"": ""36.876389"", ""longitude"": ""10.325278""}",{},"{""etat"": ""Neuf""}","{""formulaire_contact"": ""Disponible""}",2026-02-01T12:59:48.089309,search,True
8247651,À vendre un triplex avec jardin,https://www.mubawab.tn/fr/a/8247651/%C3%A0-vendre-un-triplex-avec-jardin,,La Marsa,Gammarth,"Gammarth, La Marsa",Triplex,Vente,485000.0,485 000 TND,485000.0,225.0,"225
						m²",1,3,0,,,,,s3 mini jardin 225m2,s3mini jardin225m2,Jardin,Jardin,Jardin,https://www.mubawab-media.com/assets/logos/mubawab.png; https://www.mubawab-media.com/assets/common/loading.gif; https://www.mubawab-media.com/ad/8/247/651F/h/WhatsApp%20Image%202025-11-05%20at%2021.14.28%20%281%29_81362045.avif; https://www.mubawab-media.com/ad/8/247/651F/h/WhatsApp%20Image%202025-11-05%20at%2021.14.28%20%282%29_81362046.avif; https://www.mubawab-media.com/ad/8/247/651F/h/WhatsApp%20Image%202025-11-05%20at%2021.14.28_81362047.avif; https://www.mubawab-media.com/ad/8/247/651F/h/WhatsApp%20Image%202025-11-05%20at%2021.14.29_81362048.avif; https://www.mubawab-media.com/business/13/323F/s/WhatsApp%20Image%202025-12-06%20at%2021.59.51_81582789.avif; https://www.mubawab-media.com/ad/7/948/140F/m/WhatsApp%20Image%202024-07-04%20%C3%A0%2010.50.39_911a771a_77952234_77953132.avif; https://www.mubawab-media.com/ad/7/948/127F/m/WhatsApp%20Image%202024-07-04%20%C3%A0%2010.50.39_911a771a_77952234_77952702.avif; https://www.mubawab-media.com/ad/8/290/741F/m/thumb_1264568_property_large_81830237.avif; https://www.mubawab-media.com/ad/8/287/802F/m/thumb_1241324_property_large_81799077.avif; https://www.mubawab-media.com/assets/common/banks/atijjaribank.png,"{""type de bien"": ""Maison"", ""etat"": ""Bon état / habitable""}","{""latitude"": ""36.876389"", ""longitude"": ""10.325278""}","{""jardin"": ""Oui""}","{""etat"": ""Neuf""}","{""formulaire_contact"": ""Disponible""}",2026-02-01T12:59:48.092418,search,True
8247646,À vendre étage de villa,https://www.mubawab.tn/fr/a/8247646/%C3%A0-vendre-%C3%A9tage-de-villa,,La Marsa,Ain Zaghouan Sud,"Ain Zaghouan Sud, La Marsa",Villa,Vente,200000.0,200 000 TND,200000.0,80.0,"80
						m²",1,2,1,,,,,s2 80m2 ain zaghouane,s280m2ain zaghouane,,,,https://www.mubawab-media.com/assets/logos/mubawab.png; https://www.mubawab-media.com/assets/common/loading.gif; https://www.mubawab-media.com/ad/8/247/646F/h/WhatsApp%20Image%202025-11-05%20at%2021.16.46%20%281%29_81362016.avif; https://www.mubawab-media.com/ad/8/247/646F/h/WhatsApp%20Image%202025-11-05%20at%2021.16.46%20%282%29_81362017.avif; https://www.mubawab-media.com/ad/8/247/646F/h/WhatsApp%20Image%202025-11-05%20at%2021.16.46_81362018.avif; https://www.mubawab-media.com/ad/8/247/646F/h/WhatsApp%20Image%202025-11-05%20at%2021.16.48_81362019.avif; https://www.mubawab-media.com/ad/8/247/646F/h/WhatsApp%20Image%202025-11-05%20at%2021.16.49%20%281%29_81362020.avif; https://www.mubawab-media.com/ad/8/247/646F/h/WhatsApp%20Image%202025-11-05%20at%2021.16.49%20%282%29_81362021.avif; https://www.mubawab-media.com/ad/8/247/646F/h/WhatsApp%20Image%202025-11-05%20at%2021.16.49%20%283%29_81362022.avif; https://www.mubawab-media.com/ad/8/247/646F/h/WhatsApp%20Image%202025-11-05%20at%2021.16.49%20%284%29_81362023.avif; https://www.mubawab-media.com/ad/8/247/646F/h/WhatsApp%20Image%202025-11-05%20at%2021.16.49%20%285%29_81362024.avif; https://www.mubawab-media.com/ad/8/247/646F/h/WhatsApp%20Image%202025-11-05%20at%2021.16.49_81362025.avif; https://www.mubawab-media.com/business/13/323F/s/WhatsApp%20Image%202025-12-06%20at%2021.59.51_81582789.avif,"{""type de bien"": ""Maison"", ""etat"": ""Bon état / habitable""}","{""latitude"": ""36.876389"", ""longitude"": ""10.325278""}",{},"{""etat"": ""Neuf""}","{""formulaire_contact"": ""Disponible""}",2026-02-01T12:59:48.095425,search,True
8246474,Villa vente à la marsa,https://www.mubawab.tn/fr/a/8246474/villa-vente-%C3%A0-la-marsa,,La Marsa,La Marsa,"La Marsa, La Marsa",Villa,Vente,0,Prix à consulter,0,550.0,"550
						m²",6,4,0,,,,,Rbz immobilier vous propose la vente d'une villa qui fait l'angle de deux rues à la marsa ville derriére les deux kiosques dans un quartier résidentiel . Cette villa est construite sur 2 niveaux avec 4 chambres dont une suite et une chambre au rez de chaussée avec salon salle a manger ouvranr sur un,Rbz immobilier vous propose la vente d'une villa qui fait l'angle de deux rues à la marsa ville derriére les deux kiosques dans un quartier résidentiel . Cette villa est construite sur 2 niveaux avec 4 chambres dont une suite et une chambre au rez de chaussée avec salon salle a manger ouvranr sur un grand jardin et piscine . La villa est a rénover completement .Prix sur demande,Jardin; Terrasse; Garage; Piscine; Salon européen; Climatisation; Chauffage central; Cuisine équipée,Climatisation; Chauffage central; Cuisine équipée; Garage; Terrasse; Jardin; Piscine,Jardin; Terrasse; Garage; Piscine; Salon européen; Climatisation; Chauffage central; Cuisine équipée,https://www.mubawab-media.com/assets/logos/mubawab.png; https://www.mubawab-media.com/assets/common/loading.gif; https://www.mubawab-media.com/ad/8/246/474F/h/1000191706_81349914.avif; https://www.mubawab-media.com/ad/8/246/474F/h/1000191707_81349915.avif; https://www.mubawab-media.com/ad/8/246/474F/h/1000191705_81349916.avif; https://www.mubawab-media.com/ad/8/246/474F/h/1000191704_81349917.avif; https://www.mubawab-media.com/ad/8/246/474F/h/1000191703_81349918.avif; https://www.mubawab-media.com/business/7/594F/s/Logo%20RBZ_7607720.avif; https://www.mubawab-media.com/ad/8/263/627F/m/WhatsApp%20Image%202025-12-01%20at%2008.29.24%20%284%29_81586914.avif; https://www.mubawab-media.com/ad/8/288/301F/m/1000205981_81804647.avif; https://www.mubawab-media.com/ad/7/993/856F/m/thumb_897458_property_xlarge_78796046.avif; https://www.mubawab-media.com/ad/8/181/360F/m/WhatsApp%20Image%202025-07-15%20%C3%A0%2014.22.15_40999249_80676137.avif; https://www.mubawab-media.com/assets/common/banks/atijjaribank.png,"{""type de bien"": ""Maison"", ""surface de la parcelle"": ""723\n\t\t\t\t\t\t\t\tm²"", ""etat"": ""À rénover"", ""années"": ""10-20 ans"", ""orientation"": ""Nord"", ""type du sol"": ""Carrelage"", ""nombre d'étages"": ""2""}","{""latitude"": ""36.8941992"", ""longitude"": ""10.2762232""}","{""parking"": ""Oui"", ""climatisation"": ""Oui"", ""piscine"": ""Oui"", ""jardin"": ""Oui"", ""terrasse"": ""Oui""}","{""etat"": ""Neuf""}","{""formulaire_contact"": ""Disponible""}",2026-02-01T12:59:48.099621,search,True
8245652,À vendre – Villa S5 avec piscine à Marsa Nassim,https://www.mubawab.tn/fr/a/8245652/%C3%A0-vendre-%E2%80%93-villa-s5-avec-piscine-%C3%A0-marsa-nassim,,La Marsa,La Marsa,"La Marsa, La Marsa",Villa,Vente,0,Prix à consulter,0,850.0,"850
						m²",0,5,0,,,,,"Immo Street vous propose à la vente une superbe villa S5 avec piscine, édifiée sur un terrain de 850 m² et offrant une surface bâtie de 400 m², idéalement située dans l’un des quartiers les plus paisibles et résidentiels de Marsa Nassim.Composition : Spacieux salon Salle à manger conviviale Cui","Immo Street vous propose à la vente une superbe villa S5 avec piscine, édifiée sur un terrain de 850 m² et offrant une surface bâtie de 400 m², idéalement située dans l’un des quartiers les plus paisibles et résidentiels de Marsa Nassim.Composition :Spacieux salonSalle à manger convivialeCuisine entièrement équipéeSéjour lumineuxÀ l’étage :Suite parentaleTrois chambresSalle de bainExtérieurs :Jardin arboréPiscineGarage ferméCette villa séduit par son excellent emplacement, sa luminosité exceptionnelle grâce à son exposition d’angle, et son agencement fonctionnel, idéal pour une vie familiale harmonieuse. Référence du bien: Ref380a",Jardin; Garage; Piscine; Cuisine équipée,Cuisine équipée; Garage; Jardin; Piscine,Jardin; Garage; Piscine; Cuisine équipée,https://www.mubawab-media.com/assets/logos/mubawab.png; https://www.mubawab-media.com/assets/common/loading.gif; https://www.mubawab-media.com/ad/8/245/652F/h/thumb_994519_property_xlarge_81341892.avif; https://www.mubawab-media.com/ad/8/245/652F/h/thumb_994517_property_xlarge_81341893.avif; https://www.mubawab-media.com/ad/8/245/652F/h/thumb_994518_property_xlarge_81341894.avif; https://www.mubawab-media.com/ad/8/245/652F/h/thumb_994520_property_xlarge_81341895.avif; https://www.mubawab-media.com/ad/8/245/652F/h/thumb_994521_property_xlarge_81341896.avif; https://www.mubawab-media.com/ad/8/245/652F/h/thumb_994522_property_xlarge_81341897.avif; https://www.mubawab-media.com/business/7/488F/s/20200215_163210.avif; https://www.mubawab-media.com/ad/8/012/675F/m/WhatsApp%20Image%202024-09-16%20%C3%A0%2021.13.11_50f9436b_78991157.avif; https://www.mubawab-media.com/ad/8/289/868F/m/thumb_1263498_property_large_81820843.avif; https://www.mubawab-media.com/ad/8/243/176F/m/thumb_1193839_property_xlarge_81313798.avif; https://www.mubawab-media.com/ad/8/244/912F/m/thumb_1118085_property_xlarge_81333812.avif,"{""type de bien"": ""Maison""}","{""latitude"": ""36.876389"", ""longitude"": ""10.325278""}","{""parking"": ""Oui"", ""piscine"": ""Oui"", ""jardin"": ""Oui""}","{""etat"": ""Neuf""}","{""formulaire_contact"": ""Disponible""}",2026-02-01T12:59:48.107146,search,True
8245650,À vendre une Villa S4 d'exception a Gammarth zone touristiqu...,https://www.mubawab.tn/fr/a/8245650/%C3%A0-vendre-une-villa-s4-d-exception-a-gammarth-zone-touristique,,La Marsa,Gammarth,"Gammarth, La Marsa",Villa,Vente,2150000.0,2 150 000 TND,2150000.0,460.0,"460
						m²",0,4,0,,,,,"Immo street vous propose une Magnifique Villa S4 d'exception à la vendre bâtie sur deux niveaux sur un terrain de 460 m² dans un emplacement privilégié, calme et bien sécurisé a Gammarth zone touristique.A l'entrée on trouve un salon ouvrant sur le jardin, une salle à manger, une cuisine équipée ,u","Immo street vous propose une Magnifique Villa S4 d'exception à la vendre bâtie sur deux niveaux sur un terrain de 460 m² dans un emplacement privilégié, calme et bien sécurisé a Gammarth zone touristique.A l'entrée on trouve un salon ouvrant sur le jardin, une salle à manger, une cuisine équipée ,une Salle d'eau pour les invités Chambre de service .A l'étage l'espace est composé d'une grande suite parentale avec sa propre salle de bain, deux chambres à coucher partageant une salle de bainUne grande belles terrasses en rooftop avec piscine vue sur la mer.4 places disponibles Référence du bien: Ref361a",Jardin; Terrasse; Piscine; Sécurité; Cuisine équipée,Sécurité; Cuisine équipée; Terrasse; Jardin; Piscine,Jardin; Terrasse; Piscine; Sécurité; Cuisine équipée,https://www.mubawab-media.com/assets/logos/mubawab.png; https://www.mubawab-media.com/assets/common/loading.gif; https://www.mubawab-media.com/ad/8/245/650F/h/thumb_945733_property_xlarge_81341882.avif; https://www.mubawab-media.com/ad/8/245/650F/h/thumb_945735_property_xlarge_81341883.avif; https://www.mubawab-media.com/ad/8/245/650F/h/thumb_945727_property_xlarge_81341884.avif; https://www.mubawab-media.com/ad/8/245/650F/h/thumb_945737_property_xlarge_81341885.avif; https://www.mubawab-media.com/ad/8/245/650F/h/thumb_945728_property_xlarge_81341886.avif; https://www.mubawab-media.com/ad/8/245/650F/h/thumb_945729_property_xlarge_81341887.avif; https://www.mubawab-media.com/ad/8/245/650F/h/thumb_945730_property_xlarge_81341888.avif; https://www.mubawab-media.com/ad/8/245/650F/h/thumb_945731_property_xlarge_81341889.avif; https://www.mubawab-media.com/ad/8/245/650F/h/thumb_945732_property_xlarge_81341890.avif; https://www.mubawab-media.com/business/7/488F/s/20200215_163210.avif; https://www.mubawab-media.com/ad/8/289/868F/m/thumb_1263498_property_large_81820843.avif; https://www.mubawab-media.com/ad/8/241/146F/m/566365879_1113405827222346_46165390430367950_n-2_81294016.avif,"{""type de bien"": ""Maison""}","{""latitude"": ""36.917739"", ""longitude"": ""10.288893""}","{""securite"": ""Oui"", ""piscine"": ""Oui"", ""jardin"": ""Oui"", ""terrasse"": ""Oui""}","{""etat"": ""Neuf""}","{""formulaire_contact"": ""Disponible""}",2026-02-01T12:59:48.113351,search,True
8245643,Location villa S4 avec piscine Golden Tulipe,https://www.mubawab.tn/fr/a/8245643/location-villa-s4-avec-piscine-golden-tulipe,,La Marsa,Gammarth,"Gammarth, La Marsa",Villa,Vente,0,Prix à consulter,0,980.0,"980
						m²",0,5,0,,,,,"Immo Street vous propose à la location une villa s5 bâtie sur 3 niveaux avec piscine et jardin dans un emplacement privilégié, calme et bien sécurisé au Golten Tulip Gammarth , c'est une magnifique villa offrant un cadre luxueux et confortable. Elle est répartie sur plusieurs niveaux .Au rez de cha","Immo Street vous propose à la location une villa s5 bâtie sur 3 niveaux avec piscine et jardin dans un emplacement privilégié, calme et bien sécurisé au Golten Tulip Gammarth , c'est une magnifique villa offrant un cadre luxueux et confortable. Elle est répartie sur plusieurs niveaux .Au rez de chaussé : on trouve un grand salon ,un séjour le tout donne sur le jardin et la piscine ,une salle d'eau invités , une grande cuisine aménagée et équipée.Au premier étage : une suites parentale et deux chambres a coucher avec salle de bain commune.Au sous-sol : un grand salon, une chambre à coucher et une salle d'eau avec douche. Référence du bien: Ref291a",Jardin; Piscine; Entre-seul; Sécurité; Cuisine équipée,Sécurité; Cuisine équipée; Jardin; Piscine,Jardin; Piscine; Entre-seul; Sécurité; Cuisine équipée,https://www.mubawab-media.com/assets/logos/mubawab.png; https://www.mubawab-media.com/assets/common/loading.gif; https://www.mubawab-media.com/ad/8/245/643F/h/thumb_937043_property_xlarge_81341814.avif; https://www.mubawab-media.com/ad/8/245/643F/h/thumb_937041_property_xlarge_81341815.avif; https://www.mubawab-media.com/ad/8/245/643F/h/thumb_760824_property_xlarge_81341816.avif; https://www.mubawab-media.com/ad/8/245/643F/h/thumb_937042_property_xlarge_81341817.avif; https://www.mubawab-media.com/ad/8/245/643F/h/thumb_937040_property_xlarge_81341818.avif; https://www.mubawab-media.com/ad/8/245/643F/h/thumb_937039_property_xlarge_81341819.avif; https://www.mubawab-media.com/ad/8/245/643F/h/thumb_937038_property_xlarge_81341820.avif; https://www.mubawab-media.com/ad/8/245/643F/h/thumb_937037_property_xlarge_81341821.avif; https://www.mubawab-media.com/ad/8/245/643F/h/thumb_937036_property_xlarge_81341822.avif; https://www.mubawab-media.com/ad/8/245/643F/h/thumb_937035_property_xlarge_81341823.avif; https://www.mubawab-media.com/ad/8/245/643F/h/thumb_937034_property_xlarge_81341824.avif; https://www.mubawab-media.com/ad/8/245/643F/h/thumb_937033_property_xlarge_81341825.avif; https://www.mubawab-media.com/ad/8/245/643F/h/thumb_937032_property_xlarge_81341826.avif,"{""type de bien"": ""Maison""}","{""latitude"": ""36.917739"", ""longitude"": ""10.288893""}","{""securite"": ""Oui"", ""piscine"": ""Oui"", ""jardin"": ""Oui""}","{""etat"": ""Neuf""}","{""formulaire_contact"": ""Disponible""}",2026-02-01T12:59:48.119879,search,True
8245642,Villa S4 à Gammarth Supérieur,https://www.mubawab.tn/fr/a/8245642/villa-s4-%C3%A0-gammarth-sup%C3%A9rieur,,La Marsa,Gammarth Supérieur,"Gammarth Supérieur, La Marsa",Villa,Vente,0,Prix à consulter,0,700.0,"700
						m²",0,6,0,,,,,Immo Sreet vous propose à la location une villa S4 avec une grande piscine entourée d'un jardin gazonnée et arboré très bien située dans l'un des meilleurs quartiers à Gammarth supérieur . Référence du bien: Ref289a,Immo Sreet vous propose à la location une villa S4 avec une grande piscine entourée d'un jardin gazonnée et arboré très bien située dans l'un des meilleurs quartiers à Gammarth supérieur . Référence du bien: Ref289a,Jardin; Piscine,Jardin; Piscine,Jardin; Piscine,https://www.mubawab-media.com/assets/logos/mubawab.png; https://www.mubawab-media.com/assets/common/loading.gif; https://www.mubawab-media.com/ad/8/245/642F/h/thumb_759166_property_xlarge_81341798.avif; https://www.mubawab-media.com/ad/8/245/642F/h/thumb_759170_property_xlarge_81341799.avif; https://www.mubawab-media.com/ad/8/245/642F/h/thumb_759161_property_xlarge_81341800.avif; https://www.mubawab-media.com/ad/8/245/642F/h/thumb_759158_property_xlarge_81341801.avif; https://www.mubawab-media.com/ad/8/245/642F/h/thumb_759162_property_xlarge_81341802.avif; https://www.mubawab-media.com/ad/8/245/642F/h/thumb_759171_property_xlarge_81341803.avif; https://www.mubawab-media.com/ad/8/245/642F/h/thumb_759169_property_xlarge_81341804.avif; https://www.mubawab-media.com/ad/8/245/642F/h/thumb_759172_property_xlarge_81341805.avif; https://www.mubawab-media.com/ad/8/245/642F/h/thumb_759168_property_xlarge_81341806.avif; https://www.mubawab-media.com/ad/8/245/642F/h/thumb_759167_property_xlarge_81341807.avif; https://www.mubawab-media.com/ad/8/245/642F/h/thumb_759165_property_xlarge_81341808.avif; https://www.mubawab-media.com/ad/8/245/642F/h/thumb_759164_property_xlarge_81341809.avif; https://www.mubawab-media.com/ad/8/245/642F/h/thumb_759163_property_xlarge_81341810.avif; https://www.mubawab-media.com/ad/8/245/642F/h/thumb_759160_property_xlarge_81341811.avif,"{""type de bien"": ""Maison""}","{""latitude"": ""36.8931787"", ""longitude"": ""10.3099394""}","{""piscine"": ""Oui"", ""jardin"": ""Oui""}","{""etat"": ""Neuf""}","{""formulaire_contact"": ""Disponible""}",2026-02-01T12:59:48.125901,search,True
8245641,A vendre une Villa a rénover a la Marsa les pins,https://www.mubawab.tn/fr/a/8245641/a-vendre-une-villa-a-r%C3%A9nover-a-la-marsa-les-pins,,La Marsa,La Marsa,"La Marsa, La Marsa",Villa,Vente,2000000.0,2 000 000 TND,2000000.0,680.0,"680
						m²",0,4,0,,,,,Immo Street met à la vente dans un beau quartier très prisé calme et sécurisé à Marsa les Pins une villa S4 à rénover bâtie sur deux niveaux avec jardin sur un terrain de 680 m² Référence du bien: Ref353a,Immo Street met à la vente dans un beau quartier très prisé calme et sécurisé à Marsa les Pins une villa S4 à rénover bâtie sur deux niveaux avec jardin sur un terrain de 680 m² Référence du bien: Ref353a,Jardin; Sécurité,Sécurité; Jardin,Jardin; Sécurité,https://www.mubawab-media.com/assets/logos/mubawab.png; https://www.mubawab-media.com/assets/common/loading.gif; https://www.mubawab-media.com/ad/8/245/641F/h/thumb_940598_property_xlarge_81341797.avif; https://www.mubawab-media.com/business/7/488F/s/20200215_163210.avif; https://www.mubawab-media.com/ad/8/289/868F/m/thumb_1263498_property_large_81820843.avif; https://www.mubawab-media.com/ad/8/231/632F/m/thumb_1181290_property_xlarge_81196810.avif; https://www.mubawab-media.com/ad/8/287/142F/m/thumb_1240303_property_large_81792131.avif; https://www.mubawab-media.com/ad/8/062/966F/m/thumb_982003_property_large_79486364.avif; https://www.mubawab-media.com/assets/common/banks/atijjaribank.png; https://www.mubawab-media.com/assets/common/app-store/google-play-small.png; https://www.mubawab-media.com/assets/common/app-store/app-store-small.png,"{""type de bien"": ""Maison""}","{""latitude"": ""36.8941992"", ""longitude"": ""10.2762232""}","{""securite"": ""Oui"", ""jardin"": ""Oui""}","{""etat"": ""Neuf""}","{""formulaire_contact"": ""Disponible""}",2026-02-01T12:59:48.129466,search,True
8243998,À vendre une maison sur 3 niveaux,https://www.mubawab.tn/fr/a/8243998/%C3%A0-vendre-une-maison-sur-3-niveaux,,La Marsa,La Marsa,"La Marsa, La Marsa",Maison,Vente,480000.0,480 000 TND,480000.0,225.0,"225
						m²",2,2,1,,,,,"On vous propose à la vente une maison sur 3 niveaux ( un RDC fini et 2 étages inachevés) située sur la route du relais (Route express Marsa Gammarth). Superficie totale de 225m², soit 15m/15m RDC fini et habitable, Composé de : 2 chambres enfants séparées d une douche, wc et lavabo Une","On vous propose à la vente une maison sur 3 niveaux ( un RDC fini et 2 étages inachevés) située sur la route du relais (Route express Marsa Gammarth).Superficie totale de 225m², soit 15m/15mRDC fini et habitable,Composé de :2 chambres enfants séparées d une douche, wc et lavaboUne suite parentale avec salle de bainUn SalonUne cuisine agencée et équipéeAU DESSUS : 2 étages en cours de construction (inachevés)Un jardin entourant la maison des 3 côtésUn sondage d’eau douce",Jardin; Terrasse,Terrasse; Jardin,Jardin; Terrasse,https://www.mubawab-media.com/assets/logos/mubawab.png; https://www.mubawab-media.com/assets/common/loading.gif; https://www.mubawab-media.com/ad/8/243/998F/h/thumb_1195675_property_large_81322577.avif; https://www.mubawab-media.com/ad/8/243/998F/h/thumb_1195673_property_large_81322578.avif; https://www.mubawab-media.com/ad/8/243/998F/h/thumb_1195674_property_large_81322579.avif; https://www.mubawab-media.com/ad/8/243/998F/h/thumb_1195671_property_large_81322580.avif; https://www.mubawab-media.com/ad/8/243/998F/h/thumb_1195672_property_large_81322581.avif; https://www.mubawab-media.com/business/10/865F/s/logo%20B2B%20consulting_79084993.avif; https://www.mubawab-media.com/ad/7/948/127F/m/WhatsApp%20Image%202024-07-04%20%C3%A0%2010.50.39_911a771a_77952234_77952702.avif; https://www.mubawab-media.com/ad/8/290/741F/m/thumb_1264568_property_large_81830237.avif; https://www.mubawab-media.com/ad/8/287/802F/m/thumb_1241324_property_large_81799077.avif; https://www.mubawab-media.com/ad/8/190/942F/m/IMG-20250724-WA0003_80771530.avif; https://www.mubawab-media.com/assets/common/banks/atijjaribank.png,"{""type de bien"": ""Maison"", ""etat"": ""Bon état / habitable""}","{""latitude"": ""36.876389"", ""longitude"": ""10.325278""}","{""jardin"": ""Oui"", ""terrasse"": ""Oui""}","{""etat"": ""Neuf""}","{""formulaire_contact"": ""Disponible""}",2026-02-01T12:59:48.131476,search,True
8245308,À louer Villa à la Marina Gammarth,https://www.mubawab.tn/fr/a/8245308/%C3%A0-louer-villa-%C3%A0-la-marina-gammarth,,La Marsa,Gammarth,"Gammarth, La Marsa",Villa,Vente,0,7 500 TND,7500.0,550.0,"550
						m²",0,5,0,,,,,"Immo Street vous propose à la location une superbe villa S3 avec piscine – Marina GammarthNichée au cœur d’un quartier prestigieux, hautement sécurisé et surveillé 24h/24, cette villa moderne vous offre un cadre de vie exceptionnel, alliant luxe, confort et sérénité. Caractéristiques principales :","Immo Street vous propose à la location une superbe villa S3 avec piscine – Marina GammarthNichée au cœur d’un quartier prestigieux, hautement sécurisé et surveillé 24h/24, cette villa moderne vous offre un cadre de vie exceptionnel, alliant luxe, confort et sérénité.Caractéristiques principales :Vue mer imprenableUne suite parentale spacieuse à l’étageDeux chambres à coucher supplémentairesUne chambre de serviceUn grand salon lumineux avec vue panoramique et accès direct au jardinUne cuisine haut de gamme entièrement équipéePiscine privée et jardin paysagéUn bien rare, pensé pour ceux qui recherchent un environnement exclusif et raffiné. Référence du bien: Ref415a",Jardin; Piscine; Sécurité,Sécurité; Jardin; Piscine,Jardin; Piscine; Sécurité,https://www.mubawab-media.com/assets/logos/mubawab.png; https://www.mubawab-media.com/assets/common/loading.gif; https://www.mubawab-media.com/ad/8/245/308F/h/thumb_1081808_property_xlarge_81338554.avif; https://www.mubawab-media.com/ad/8/245/308F/h/thumb_1081804_property_xlarge_81338555.avif; https://www.mubawab-media.com/ad/8/245/308F/h/thumb_1081805_property_xlarge_81338556.avif; https://www.mubawab-media.com/ad/8/245/308F/h/thumb_1081806_property_xlarge_81338557.avif; https://www.mubawab-media.com/ad/8/245/308F/h/thumb_1081807_property_xlarge_81338558.avif; https://www.mubawab-media.com/ad/8/245/308F/h/thumb_1081809_property_xlarge_81338559.avif; https://www.mubawab-media.com/ad/8/245/308F/h/thumb_1081810_property_xlarge_81338560.avif; https://www.mubawab-media.com/business/7/488F/s/20200215_163210.avif; https://www.mubawab-media.com/ad/8/244/912F/m/thumb_1118085_property_xlarge_81333812.avif; https://www.mubawab-media.com/ad/8/276/496F/m/thumb_1231377_property_xlarge_81677838.avif; https://www.mubawab-media.com/ad/8/259/732F/m/thumb_954411_property_xlarge_81484768.avif; https://www.mubawab-media.com/ad/8/251/583F/m/thumb_847858_property_xlarge_81401442.avif,"{""type de bien"": ""Maison""}","{""latitude"": ""36.917739"", ""longitude"": ""10.288893""}","{""securite"": ""Oui"", ""piscine"": ""Oui"", ""jardin"": ""Oui""}","{""etat"": ""Neuf""}","{""formulaire_contact"": ""Disponible""}",2026-02-01T12:59:48.134481,search,True
8244909,À Louer Prestigieuse Villa S4 au Golf de Gammarth,https://www.mubawab.tn/fr/a/8244909/%C3%A0-louer-prestigieuse-villa-s4-au-golf-de-gammarth,,La Marsa,Gammarth,"Gammarth, La Marsa",Villa,Vente,0,7 000 TND,7000.0,1400.0,"1400
						m²",0,4,0,,,,,"Immo Street a le plaisir de vous présenter à la location une magnifique villa S4, nichée dans un cadre privilégié, calme et hautement sécurisé, au sein de la prestigieuse résidence Golf de Gammarth. Référence du bien: Ref453a","Immo Street a le plaisir de vous présenter à la location une magnifique villa S4, nichée dans un cadre privilégié, calme et hautement sécurisé, au sein de la prestigieuse résidence Golf de Gammarth. Référence du bien: Ref453a",Sécurité,Sécurité,Sécurité,https://www.mubawab-media.com/assets/logos/mubawab.png; https://www.mubawab-media.com/assets/common/loading.gif; https://www.mubawab-media.com/ad/8/244/909F/h/thumb_1146115_property_xlarge_81333758.avif; https://www.mubawab-media.com/ad/8/244/909F/h/thumb_1146119_property_xlarge_81333759.avif; https://www.mubawab-media.com/ad/8/244/909F/h/thumb_1146105_property_xlarge_81333760.avif; https://www.mubawab-media.com/ad/8/244/909F/h/thumb_1146111_property_xlarge_81333761.avif; https://www.mubawab-media.com/ad/8/244/909F/h/thumb_1146100_property_xlarge_81333762.avif; https://www.mubawab-media.com/ad/8/244/909F/h/thumb_1146107_property_xlarge_81333763.avif; https://www.mubawab-media.com/ad/8/244/909F/h/thumb_1146106_property_xlarge_81333764.avif; https://www.mubawab-media.com/ad/8/244/909F/h/thumb_1146104_property_xlarge_81333765.avif; https://www.mubawab-media.com/ad/8/244/909F/h/thumb_1146103_property_xlarge_81333766.avif; https://www.mubawab-media.com/ad/8/244/909F/h/thumb_1146102_property_xlarge_81333767.avif; https://www.mubawab-media.com/ad/8/244/909F/h/thumb_1146101_property_xlarge_81333768.avif; https://www.mubawab-media.com/ad/8/244/909F/h/thumb_1146123_property_xlarge_81333769.avif; https://www.mubawab-media.com/ad/8/244/909F/h/thumb_1146124_property_xlarge_81333770.avif,"{""type de bien"": ""Maison""}","{""latitude"": ""36.917739"", ""longitude"": ""10.288893""}","{""securite"": ""Oui""}","{""etat"": ""Neuf""}","{""formulaire_contact"": ""Disponible""}",2026-02-01T12:59:48.140687,search,True
8244866,À vendre – Grande villa R2 à Gammarth Supérieur,https://www.mubawab.tn/fr/a/8244866/%C3%A0-vendre-%E2%80%93-grande-villa-r2-%C3%A0-gammarth-sup%C3%A9rieur,,La Marsa,Gammarth Supérieur,"Gammarth Supérieur, La Marsa",Villa,Vente,2500000.0,2 500 000 TND,2500000.0,813.0,"813
						m²",0,9,0,,,,,"Immo Street vous propose à la vente une spacieuse villa à Gammarth Supérieur, idéalement située dans un quartier résidentiel calme et proche du Café Journal.Édifiée sur un terrain de 812 m² et offrant une surface bâtie d’environ 400 m², cette propriété se distingue par ses volumes généreux, son gran","Immo Street vous propose à la vente une spacieuse villa à Gammarth Supérieur, idéalement située dans un quartier résidentiel calme et proche du Café Journal.Édifiée sur un terrain de 812 m² et offrant une surface bâtie d’environ 400 m², cette propriété se distingue par ses volumes généreux, son grand jardin aménagé et son fort potentiel d’aménagement.Caractéristiques principales :Villa R2 avec deux entrées indépendantesPlus de 9 chambres, dont plusieurs suites3 salons, 3 séjours et 3 cuisinesEspace bureauPlusieurs terrasses avec belle vue dégagée à l’étageGrand jardin verdoyant2 espaces de parkingTitre foncier individuelRéférence du bien: Ref472a",Jardin; Terrasse; Garage,Garage; Terrasse; Jardin,Jardin; Terrasse; Garage,https://www.mubawab-media.com/assets/logos/mubawab.png; https://www.mubawab-media.com/assets/common/loading.gif; https://www.mubawab-media.com/ad/8/244/866F/h/thumb_1188583_property_xlarge_81333343.avif; https://www.mubawab-media.com/ad/8/244/866F/h/thumb_1188584_property_xlarge_81333344.avif; https://www.mubawab-media.com/ad/8/244/866F/h/thumb_1188585_property_xlarge_81333345.avif; https://www.mubawab-media.com/business/7/488F/s/20200215_163210.avif; https://www.mubawab-media.com/ad/8/289/868F/m/thumb_1263498_property_large_81820843.avif; https://www.mubawab-media.com/ad/8/241/146F/m/566365879_1113405827222346_46165390430367950_n-2_81294016.avif; https://www.mubawab-media.com/ad/8/178/947F/m/IMG_1459_80652339.avif; https://www.mubawab-media.com/ad/8/053/570F/m/thumb_962458_property_large_79394357.avif; https://www.mubawab-media.com/assets/common/banks/atijjaribank.png; https://www.mubawab-media.com/assets/common/app-store/google-play-small.png; https://www.mubawab-media.com/assets/common/app-store/app-store-small.png,"{""type de bien"": ""Maison""}","{""latitude"": ""36.8931787"", ""longitude"": ""10.3099394""}","{""parking"": ""Oui"", ""jardin"": ""Oui"", ""terrasse"": ""Oui""}","{""etat"": ""Neuf""}","{""formulaire_contact"": ""Disponible""}",2026-02-01T12:59:48.145145,search,True
8239630,À vendre – Maison à deux étages à Gammarth Village,https://www.mubawab.tn/fr/a/8239630/%C3%A0-vendre-%E2%80%93-maison-%C3%A0-deux-%C3%A9tages-%C3%A0-gammarth-village,,La Marsa,Gammarth Village,"Gammarth Village, La Marsa",Villa,Vente,570000.0,570 000 TND,570000.0,380.0,"380
						m²",4,3,1,,,,,"Maison située à Gammarth Village, proche de toutes les commodités et à seulement quelques minutes de la plage. Construite sur deux niveaux, elle offre une superficie couverte de 380 m² sur un terrain de 300 m². Le rez-de-chaussée comprend un grand salon, trois chambres, une cuisine indépendant","Maison située à Gammarth Village, proche de toutes les commodités et à seulement quelques minutes de la plage.Construite sur deux niveaux, elle offre une superficie couverte de 380 m² sur un terrain de 300 m².Le rez-de-chaussée comprend un grand salon, trois chambres, une cuisine indépendante ouvrant sur une petite cour intérieure ainsi qu’une grande terrasse à l’avant de la maison.Le deuxième étage, dont le gros œuvre est terminé, reste à aménager avec la possibilité d’y créer deux appartements indépendants.",Jardin; Terrasse; Garage,Garage; Terrasse; Jardin,Jardin; Terrasse; Garage,https://www.mubawab-media.com/assets/logos/mubawab.png; https://www.mubawab-media.com/assets/common/loading.gif; https://www.mubawab-media.com/ad/8/239/630F/h/WhatsApp%20Image%202025-10-22%20at%2021.44.20_81278777.avif; https://www.mubawab-media.com/ad/8/239/630F/h/WhatsApp%20Image%202025-10-22%20at%2021.40.40_81278778.avif; https://www.mubawab-media.com/ad/8/239/630F/h/WhatsApp%20Image%202025-10-22%20at%2021.40.40%20%281%29_81278779.avif; https://www.mubawab-media.com/ad/8/239/630F/h/WhatsApp%20Image%202025-10-22%20at%2021.40.39%20%281%29_81278780.avif; https://www.mubawab-media.com/ad/8/239/630F/h/WhatsApp%20Image%202025-10-22%20at%2021.40.39_81278781.avif; https://www.mubawab-media.com/ad/8/239/630F/h/WhatsApp%20Image%202025-10-22%20at%2021.48.47_81278782.avif; https://www.mubawab-media.com/ad/7/948/140F/m/WhatsApp%20Image%202024-07-04%20%C3%A0%2010.50.39_911a771a_77952234_77953132.avif; https://www.mubawab-media.com/ad/8/290/741F/m/thumb_1264568_property_large_81830237.avif; https://www.mubawab-media.com/ad/8/287/802F/m/thumb_1241324_property_large_81799077.avif; https://www.mubawab-media.com/ad/8/265/526F/m/photo_00_81558290.avif; https://www.mubawab-media.com/assets/common/banks/atijjaribank.png,"{""type de bien"": ""Maison"", ""surface de la parcelle"": ""300\n\t\t\t\t\t\t\t\tm²"", ""etat"": ""Bon état / habitable"", ""années"": ""5-10 ans"", ""type du sol"": ""Carrelage"", ""nombre d'étages"": ""2""}","{""latitude"": ""36.876389"", ""longitude"": ""10.325278""}","{""parking"": ""Oui"", ""jardin"": ""Oui"", ""terrasse"": ""Oui""}","{""etat"": ""Neuf""}","{""formulaire_contact"": ""Disponible""}",2026-02-01T12:59:48.147740,search,True
8241465,Maison r2 a la marsa,https://www.mubawab.tn/fr/a/8241465/maison-r2-a-la-marsa,,La Marsa,La Marsa,"La Marsa, La Marsa",Maison,Vente,485000.0,485 000 TND,485000.0,225.0,"225
						m²",1,3,0,,,,,"PARTICULIER Je mets en vente MA maison, Superficie totale de 225m², soit 15m/15 RDC. fini et habitable, Composé de 2 chambres enfants séparées d une douche, wc et lavabo 1 suite parentale avec salle de bain Un Salon Une cuisine large et sympatique L ensemble de l intérieur est bien","PARTICULIERJe mets en vente MA maison,Superficie totale de 225m², soit 15m/15RDC. fini et habitable,Composé de2 chambres enfants séparées d une douche, wc et lavabo1 suite parentale avec salle de bainUn SalonUne cuisine large et sympatiqueL ensemble de l intérieur est bien aéré et bien ensoleilléAU DESSUS : 2 étages en état. de constructionUn jardin entourant la maison des 3 côtésUn emplacement pour parking voitureUn sondage d eau douceEMPLACEMENT :A 200M de la route express Tunis ghamarthAu niveau du rond point cité alkhalil où se trouve amen bank, on tourne a gauche du côté bhar azrag, a 200m de ce rond pointBon voisinage,Tous les Papiers juridiques en règleRENSEIGNEMENTS",Jardin; Terrasse; Garage; Parking,Parking; Garage; Terrasse; Jardin,Jardin; Terrasse; Garage,https://www.mubawab-media.com/assets/logos/mubawab.png; https://www.mubawab-media.com/assets/common/loading.gif; https://www.mubawab-media.com/ad/8/241/465F/h/4aac7a3e-0817-42f6-8910-90a4ff1e210a_81297089.avif; https://www.mubawab-media.com/ad/8/241/465F/h/1cf473a5-3e02-4d11-b557-18fa3ca39550_81297090.avif; https://www.mubawab-media.com/ad/8/241/465F/h/6e728f84-1fc2-4293-ab8e-bb2224b303f2_81297091.avif; https://www.mubawab-media.com/ad/8/241/465F/h/818d76a6-5338-4817-b69d-f78f6c3fc7aa_81297092.avif; https://www.mubawab-media.com/ad/8/241/465F/h/b1dcfe47-467a-4e96-832a-6ef3f8018c84_81297093.avif; https://www.mubawab-media.com/ad/8/241/465F/h/5bebd47c-4d11-4ba8-abc8-6ffb0e834351_81297094.avif; https://www.mubawab-media.com/ad/8/241/465F/h/28966cbe-3590-4d15-b239-b122998e693c_81297095.avif; https://www.mubawab-media.com/ad/8/241/465F/h/7ea36a09-557d-44c6-b8c5-4de692197f18_81297096.avif; https://www.mubawab-media.com/ad/8/241/465F/h/5dcab944-1f59-4097-9e7c-0dfa8b0368e0_81297097.avif; https://www.mubawab-media.com/ad/7/948/140F/m/WhatsApp%20Image%202024-07-04%20%C3%A0%2010.50.39_911a771a_77952234_77953132.avif; https://www.mubawab-media.com/ad/7/948/127F/m/WhatsApp%20Image%202024-07-04%20%C3%A0%2010.50.39_911a771a_77952234_77952702.avif; https://www.mubawab-media.com/ad/8/290/741F/m/thumb_1264568_property_large_81830237.avif,"{""type de bien"": ""Maison"", ""surface de la parcelle"": ""176\n\t\t\t\t\t\t\t\tm²"", ""etat"": ""À rénover"", ""années"": ""1-5 ans"", ""orientation"": ""Ouest"", ""type du sol"": ""Marbre"", ""nombre d'étages"": ""2""}","{""latitude"": ""36.876389"", ""longitude"": ""10.325278""}","{""parking"": ""Oui"", ""jardin"": ""Oui"", ""terrasse"": ""Oui""}","{""etat"": ""Neuf""}","{""formulaire_contact"": ""Disponible""}",2026-02-01T12:59:48.153764,search,True
8223535,A vendre Un triplex S4 A Ain Zaghouan Nord,https://www.mubawab.tn/fr/a/8223535/a-vendre-un-triplex-s4-a-ain-zaghouan-nord,,La Marsa,Ain Zaghouan Nord,"Ain Zaghouan Nord, La Marsa",Triplex,Vente,1300000.0,1 300 000 TND,1300000.0,250.0,"250
						m²",4,4,1,,,,,"By Louati Immo met à votre disposition la vente un triplex de haut standing S4 avec jardin Neuf direct promoteur dans une résidence très agréable et proche de toutes commodités à Ain Zaghouan nord . Ie Rdc se compose d’un salon lumineux une cuisine trés bien aménagé et équipée,salle d’eau invitée,","By Louati Immo met à votre disposition la vente un triplex de haut standing S4 avec jardin Neuf direct promoteur dans une résidence très agréable et proche de toutes commodités à Ain Zaghouan nord .Ie Rdc se compose d’un salon lumineux une cuisine trés bien aménagé et équipée,salle d’eau invitée, une chambre sejour qui donne acces sur le jardin de 56 m2 et le piscine.A L’etage on trouve une suite parentale avec salle de douche, Deux chambre à coucher avec dressing et une salle de douche. le duplex bénéficie d’une bonne orientation sur le jardinSurface bâti; 194m2Surface jardin;56 m2Remise des clé Juin 2026.Deux place parking sous sol privée ,espace des jeux et cellier a votre dispositions.",Jardin; Garage; Piscine; Entre-seul,Garage; Jardin; Piscine,Jardin; Garage; Piscine; Entre-seul,https://www.mubawab-media.com/assets/logos/mubawab.png; https://www.mubawab-media.com/assets/common/loading.gif; https://www.mubawab-media.com/ad/8/223/535F/h/thumb_1171561_property_large_81107989.avif; https://www.mubawab-media.com/ad/8/223/535F/h/thumb_1171555_property_large_81107990.avif; https://www.mubawab-media.com/ad/8/223/535F/h/thumb_1171560_property_large_81107991.avif; https://www.mubawab-media.com/ad/8/223/535F/h/thumb_1171549_property_large_81107992.avif; https://www.mubawab-media.com/ad/8/223/535F/h/thumb_1171559_property_large_81107993.avif; https://www.mubawab-media.com/ad/8/223/535F/h/thumb_1171558_property_large_81107994.avif; https://www.mubawab-media.com/ad/8/223/535F/h/thumb_1171557_property_large_81107995.avif; https://www.mubawab-media.com/ad/8/223/535F/h/thumb_1171554_property_large_81107996.avif; https://www.mubawab-media.com/ad/8/223/535F/h/thumb_1171552_property_large_81107997.avif; https://www.mubawab-media.com/ad/8/223/535F/h/thumb_1171551_property_large_81107998.avif; https://www.mubawab-media.com/ad/8/223/535F/h/thumb_1171553_property_large_81107999.avif; https://www.mubawab-media.com/ad/8/223/535F/h/thumb_1171550_property_large_81108000.avif; https://www.mubawab-media.com/ad/8/223/535F/h/thumb_1171556_property_large_81108001.avif; https://www.mubawab-media.com/ad/8/223/535F/h/thumb_1171562_property_large_81108002.avif,"{""type de bien"": ""Maison"", ""etat"": ""Bon état / habitable""}","{""latitude"": ""36.876389"", ""longitude"": ""10.325278""}","{""parking"": ""Oui"", ""piscine"": ""Oui"", ""jardin"": ""Oui""}","{""etat"": ""Neuf""}","{""formulaire_contact"": ""Disponible""}",2026-02-01T12:59:48.159502,search,True
8236753,À vendre une maison a Gammarth,https://www.mubawab.tn/fr/a/8236753/%C3%A0-vendre-une-maison-a-gammarth,,La Marsa,Gammarth,"Gammarth, La Marsa",Maison,Vente,0,Prix à consulter,0,120.0,"120
						m²",3,2,1,,,,,À vendre une petite maison s2 a Gammarth haut standing de 120m2 et de 35m2 terrasse. il composer de: une salon lumineux une cuisine 1 chambre a couche avec dressing 1 suite et dressing tout les chambre climatiser et chauffe gaze de ville place parking interphone prix 390MD (négoci,À vendre une petite maison s2 a Gammarth haut standing de 120m2 et de 35m2 terrasse.il composer de:une salon lumineuxune cuisine1 chambre a couche avec dressing1 suite et dressingtout les chambre climatiser et chauffegaze de villeplace parkinginterphoneprix 390MD (négociable)pour plus d'informations contacté nous :55028101/ 23140593..........,Jardin; Terrasse; Garage; Climatisation; Chauffage central; Cuisine équipée; Parking; Interphone,Climatisation; Chauffage central; Cuisine équipée; Parking; Garage; Terrasse; Jardin; Interphone,Jardin; Terrasse; Garage; Climatisation; Chauffage central; Cuisine équipée,https://www.mubawab-media.com/assets/logos/mubawab.png; https://www.mubawab-media.com/assets/common/loading.gif; https://www.mubawab-media.com/ad/8/236/753F/h/bb9bdf31-1eb3-4a4c-8c9a-cbfe7b7dea6a_81249357.avif; https://www.mubawab-media.com/ad/8/236/753F/h/18224db2-3eb3-4ece-b543-468d6038f7b9_81249358.avif; https://www.mubawab-media.com/ad/8/236/753F/h/6bfb5ce7-6f19-4360-8f91-0c55766c80f4_81249359.avif; https://www.mubawab-media.com/ad/8/236/753F/h/2209d1e6-4e4d-492b-989e-f7d7832cfa2b_81249360.avif; https://www.mubawab-media.com/ad/8/236/753F/h/3daf89c1-9662-4620-8f41-2b55d88087a8_81249361.avif; https://www.mubawab-media.com/ad/8/236/753F/h/7b2767fe-045c-4864-8623-0e874dcc832f_81249362.avif; https://www.mubawab-media.com/business/13/323F/s/WhatsApp%20Image%202025-12-06%20at%2021.59.51_81582789.avif; https://www.mubawab-media.com/ad/8/168/057F/m/ADF2141D-79DD-4961-898C-5370E3EFDF3B_80540916.avif; https://www.mubawab-media.com/assets/common/banks/atijjaribank.png; https://www.mubawab-media.com/assets/common/app-store/google-play-small.png,"{""type de bien"": ""Maison"", ""surface de la parcelle"": ""32\n\t\t\t\t\t\t\t\tm²"", ""etat"": ""Bon état / habitable"", ""années"": ""Moins d'un an"", ""nombre d'étages"": ""2""}","{""latitude"": ""36.876389"", ""longitude"": ""10.325278""}","{""parking"": ""Oui"", ""climatisation"": ""Oui"", ""jardin"": ""Oui"", ""terrasse"": ""Oui""}","{""etat"": ""Neuf""}","{""formulaire_contact"": ""Disponible""}",2026-02-01T12:59:48.164511,search,True
8236802,À vendre une spacieuse maison à la Marsa Ville,https://www.mubawab.tn/fr/a/8236802/%C3%A0-vendre-une-spacieuse-maison-%C3%A0-la-marsa-ville,,La Marsa,La Marsa,"La Marsa, La Marsa",Maison,Vente,850000.0,850 000 TND,850000.0,270.0,"270
						m²",4,3,0,,,,,"À vendre une belle et grande maison située dans l’un des quartiers les plus recherchés de La Marsa : La Marsa ville, à proximité directe du lycée français Cailloux. Cette propriété de plain-pied (rez-de-chaussée) offre un cadre de vie confortable, lumineux et familial, parfait pour une résidence pri","À vendre une belle et grande maison située dans l’un des quartiers les plus recherchés de La Marsa : La Marsa ville, à proximité directe du lycée français Cailloux. Cette propriété de plain-pied (rez-de-chaussée) offre un cadre de vie confortable, lumineux et familial, parfait pour une résidence principale ou un investissement. Description de la maison : • Superficie généreuse avec une bonne répartition des espaces : 270m2 • Salon spacieux ouvrant sur le jardin • Trois chambres à coucher lumineuses et bien agencées • Cuisine indépendante avec accès directe à la terrasse • Salle de bain salle d’eau séparée • Grand jardin privé idéal pour les enfants, les animaux ou les moments de détente • Terrasse agréable pour profiter du soleil • Garage fermé avec un espace de rangement (type cellier ou buanderie)",Jardin; Terrasse; Garage; Chambre rangement; Entre-seul; Chauffage central; Double vitrage; Porte blindée,Chauffage central; Double vitrage; Porte blindée; Garage; Terrasse; Jardin,Jardin; Terrasse; Garage; Chambre rangement; Entre-seul; Chauffage central; Double vitrage; Porte blindée,https://www.mubawab-media.com/assets/logos/mubawab.png; https://www.mubawab-media.com/assets/common/loading.gif; https://www.mubawab-media.com/ad/8/236/802F/h/IMG_8207_81249693.avif; https://www.mubawab-media.com/ad/8/236/802F/h/IMG_8208_81249694.avif; https://www.mubawab-media.com/ad/8/236/802F/h/IMG_8216_81249695.avif; https://www.mubawab-media.com/ad/8/236/802F/h/IMG_8212_81249696.avif; https://www.mubawab-media.com/ad/8/236/802F/h/IMG_8227_81249697.avif; https://www.mubawab-media.com/ad/8/236/802F/h/IMG_8238_81249698.avif; https://www.mubawab-media.com/ad/8/236/802F/h/IMG_8230_81249699.avif; https://www.mubawab-media.com/ad/8/236/802F/h/IMG_8240_81249700.avif; https://www.mubawab-media.com/ad/8/236/802F/h/IMG_8243_81249701.avif; https://www.mubawab-media.com/ad/8/236/802F/h/IMG_8218_81249702.avif; https://www.mubawab-media.com/ad/8/012/675F/m/WhatsApp%20Image%202024-09-16%20%C3%A0%2021.13.11_50f9436b_78991157.avif; https://www.mubawab-media.com/ad/8/295/317F/m/621156463_1586310719181480_7595501479568121445_n_81881076.avif,"{""type de bien"": ""Maison"", ""surface de la parcelle"": ""30\n\t\t\t\t\t\t\t\tm²"", ""etat"": ""Bon état / habitable"", ""années"": ""10-20 ans"", ""orientation"": ""Nord"", ""type du sol"": ""Marbre"", ""nombre d'étages"": ""1""}","{""latitude"": ""36.8941992"", ""longitude"": ""10.2762232""}","{""parking"": ""Oui"", ""jardin"": ""Oui"", ""terrasse"": ""Oui""}","{""etat"": ""Neuf""}","{""formulaire_contact"": ""Disponible""}",2026-02-01T12:59:48.168038,search,True
8226871,Duplex s3 à vendre La Marsa,https://www.mubawab.tn/fr/a/8226871/duplex-s3-%C3%A0-vendre-la-marsa,,La Marsa,Cité Du Stade,"Cité Du Stade, La Marsa",Duplex,Vente,620000.0,620 000 TND,620000.0,115.0,"115
						m²",0,4,0,,,,,"REMAX Blue Sky vous propose à la vente un duplex s3 situé à la Marsa.Ce duplex se compose de :- Salon, salle à manger ouvrant sur la terrasse- Cuisine équipée- Salle d'eau invitée- Une suite parentale- Deux chambres à coucher avec dressing - Salle de bain commune Une terrasse et un garage sont dispo","REMAX Blue Sky vous propose à la vente un duplex s3 situé à la Marsa.Ce duplex se compose de :- Salon, salle à manger ouvrant sur la terrasse- Cuisine équipée- Salle d'eau invitée- Une suite parentale- Deux chambres à coucher avec dressing- Salle de bain communeUne terrasse et un garage sont disponible.Pour plus d'information veuillez nous contacter. Référence du bien: Ref469a",Terrasse; Garage; Cuisine équipée,Cuisine équipée; Garage; Terrasse,Terrasse; Garage; Cuisine équipée,https://www.mubawab-media.com/assets/logos/mubawab.png; https://www.mubawab-media.com/assets/common/loading.gif; https://www.mubawab-media.com/ad/8/226/871F/h/thumb_1175378_property_xlarge_81142608.avif; https://www.mubawab-media.com/ad/8/226/871F/h/thumb_1175382_property_xlarge_81142609.avif; https://www.mubawab-media.com/ad/8/226/871F/h/thumb_1175371_property_xlarge_81142610.avif; https://www.mubawab-media.com/ad/8/226/871F/h/thumb_1175373_property_xlarge_81142611.avif; https://www.mubawab-media.com/ad/8/226/871F/h/thumb_1175374_property_xlarge_81142612.avif; https://www.mubawab-media.com/ad/8/226/871F/h/thumb_1175377_property_xlarge_81142613.avif; https://www.mubawab-media.com/ad/8/226/871F/h/thumb_1175380_property_xlarge_81142614.avif; https://www.mubawab-media.com/ad/8/226/871F/h/thumb_1175375_property_xlarge_81142615.avif; https://www.mubawab-media.com/ad/8/226/871F/h/thumb_1175369_property_xlarge_81142616.avif; https://www.mubawab-media.com/ad/8/226/871F/h/thumb_1175384_property_xlarge_81142617.avif; https://www.mubawab-media.com/ad/8/226/871F/h/thumb_1175370_property_xlarge_81142618.avif; https://www.mubawab-media.com/ad/7/948/140F/m/WhatsApp%20Image%202024-07-04%20%C3%A0%2010.50.39_911a771a_77952234_77953132.avif,"{""type de bien"": ""Maison""}","{""latitude"": ""36.876389"", ""longitude"": ""10.325278""}","{""parking"": ""Oui"", ""terrasse"": ""Oui""}","{""etat"": ""Neuf""}","{""formulaire_contact"": ""Disponible""}",2026-02-01T12:59:48.175280,search,True
8175831,A vendre Villa S4 à la Marsa,https://www.mubawab.tn/fr/a/8175831/a-vendre-villa-s4-%C3%A0-la-marsa,,La Marsa,Cité Les Pins,"Cité Les Pins, La Marsa",Villa,Vente,1750000.0,1 750 000 TND,1750000.0,404.0,"404
						m²",4,5,1,,,,,"Opendoor vous propose à la vente une villa S4 avec jardin et garage à La Marsa. Elle se compose, au rez-de-chaussée, d’un salon-salle à manger, d’une cuisine équipée, d’une chambre à coucher et d’une salle de bain. À l’étage, vous trouverez trois chambres à coucher, une salle de bain commune, ainsi","Opendoor vous propose à la vente une villa S4 avec jardin et garage à La Marsa. Elle se compose, au rez-de-chaussée, d’un salon-salle à manger, d’une cuisine équipée, d’une chambre à coucher et d’une salle de bain. À l’étage, vous trouverez trois chambres à coucher, une salle de bain commune, ainsi qu’un sous-sol aménagé.",Jardin; Garage; Entre-seul; Cuisine équipée; Sous-sol,Cuisine équipée; Garage; Jardin; Sous-sol,Jardin; Garage; Entre-seul; Cuisine équipée,https://www.mubawab-media.com/assets/logos/mubawab.png; https://www.mubawab-media.com/assets/common/loading.gif; https://www.mubawab-media.com/ad/8/175/831F/h/thumb_1122856_property_large_80620138.avif; https://www.mubawab-media.com/ad/8/175/831F/h/thumb_1122850_property_large_80620150.avif; https://www.mubawab-media.com/ad/8/175/831F/h/thumb_1122863_property_large_80620151.avif; https://www.mubawab-media.com/ad/8/175/831F/h/thumb_1122862_property_large_80620152.avif; https://www.mubawab-media.com/ad/8/175/831F/h/thumb_1122861_property_large_80620153.avif; https://www.mubawab-media.com/ad/8/175/831F/h/thumb_1122860_property_large_80620154.avif; https://www.mubawab-media.com/ad/8/175/831F/h/thumb_1122859_property_large_80620155.avif; https://www.mubawab-media.com/ad/8/175/831F/h/thumb_1122857_property_large_80620156.avif; https://www.mubawab-media.com/ad/8/175/831F/h/thumb_1122855_property_large_80620157.avif; https://www.mubawab-media.com/ad/8/175/831F/h/thumb_1122854_property_large_80620158.avif; https://www.mubawab-media.com/ad/8/175/831F/h/thumb_1122853_property_large_80620159.avif; https://www.mubawab-media.com/ad/8/175/831F/h/thumb_1122852_property_large_80620160.avif; https://www.mubawab-media.com/ad/8/175/831F/h/thumb_1122851_property_large_80620161.avif; https://www.mubawab-media.com/ad/8/175/831F/h/thumb_1122864_property_large_80620162.avif,"{""type de bien"": ""Maison"", ""etat"": ""Bon état / habitable""}","{""latitude"": ""36.876389"", ""longitude"": ""10.325278""}","{""parking"": ""Oui"", ""jardin"": ""Oui""}","{""etat"": ""Neuf""}","{""formulaire_contact"": ""Disponible""}",2026-02-01T12:59:48.179371,search,True
8234333,Maison inachevée à vendre à cité El Khalil,https://www.mubawab.tn/fr/a/8234333/maison-inachev%C3%A9e-%C3%A0-vendre-%C3%A0-cit%C3%A9-el-khalil,,La Marsa,Cité El Khalil,"Cité El Khalil, La Marsa",Maison,Vente,375000.0,375 000 TND,375000.0,160.0,"160
						m²",3,4,1,,,,,a vendre une maison en cours de construction dans un nouveau quartier et pas loin du la route de gammarth en face cité El Khalil Composée de 2 étages séparés Premier étage comprend deux grands garages de 150 mètres Deuxième étage pour un appartement trois chambres plan béton chez un architecte 37,a vendre une maison en cours de construction dans un nouveau quartier et pas loin du la route de gammarth en face cité El KhalilComposée de 2 étages séparésPremier étage comprend deux grands garages de 150 mètresDeuxième étage pour un appartement trois chambres plan béton chez un architecte375 000Message sur WhatsApp pour plus d’informations,Garage,Garage,,https://www.mubawab-media.com/assets/logos/mubawab.png; https://www.mubawab-media.com/assets/common/loading.gif; https://www.mubawab-media.com/ad/8/234/333F/h/IMG_5986_81224592.avif; https://www.mubawab-media.com/ad/8/234/333F/h/IMG_5994_81224593.avif; https://www.mubawab-media.com/ad/8/234/333F/h/IMG_5981_81224594.avif; https://www.mubawab-media.com/ad/8/234/333F/h/IMG_5980_81224595.avif; https://www.mubawab-media.com/ad/8/234/333F/h/IMG_5977_81224596.avif; https://www.mubawab-media.com/ad/8/234/333F/h/IMG_5973_81224597.avif; https://www.mubawab-media.com/ad/8/234/333F/h/IMG_5974_81224598.avif; https://www.mubawab-media.com/ad/8/234/333F/h/IMG_5972_81224599.avif; https://www.mubawab-media.com/ad/8/234/333F/h/IMG_5975_81224600.avif; https://www.mubawab-media.com/ad/8/234/333F/h/IMG_5984_81224601.avif; https://www.mubawab-media.com/ad/8/017/927F/m/462538018_1209243977032946_3461981327121973707_n_79043096.avif; https://www.mubawab-media.com/ad/7/948/127F/m/WhatsApp%20Image%202024-07-04%20%C3%A0%2010.50.39_911a771a_77952234_77952702.avif,"{""type de bien"": ""Maison"", ""surface de la parcelle"": ""150\n\t\t\t\t\t\t\t\tm²"", ""etat"": ""Project neuf"", ""années"": ""Moins d'un an"", ""orientation"": ""Nord"", ""nombre d'étages"": ""2""}","{""latitude"": ""36.876389"", ""longitude"": ""10.325278""}","{""parking"": ""Oui""}","{""etat"": ""Neuf""}","{""formulaire_contact"": ""Disponible""}",2026-02-01T12:59:48.183387,search,True
8221649,À vendre – Villa jumelée S4 avec piscine et jardin,https://www.mubawab.tn/fr/a/8221649/%C3%A0-vendre-%E2%80%93-villa-jumel%C3%A9e-s4-avec-piscine-et-jardin,,La Marsa,Cité El Khalil,"Cité El Khalil, La Marsa",Villa,Vente,1560000.0,1 560 000 TND,1560000.0,300.0,"300
						m²",6,4,0,,,,,"DS Reality vous propose à la vente une villa jumelée S4 avec piscine et jardin, sur un terrain de 275 m² et une surface bâtie de 300 m², offrant confort, luminosité et espace pour toute la famille. Disposition : Rez-de-chaussée : salon et salle à manger, séjour, cuisine équipée avec kitchenett","DS Reality vous propose à la vente une villa jumelée S4 avec piscine et jardin, sur un terrain de 275 m² et une surface bâtie de 300 m², offrant confort, luminosité et espace pour toute la famille.Disposition :Rez-de-chaussée : salon et salle à manger, séjour, cuisine équipée avec kitchenette ouverte sur le jardin, salle d’eau pour invités1er étage : deux chambres à coucher avec dressing et une salle d’eau commune avec douche2ème étage : suite parentale avec dressing et salle d’eau avec douche, plus une chambre supplémentaire avec dressing",Jardin; Terrasse; Garage; Ascenseur; Piscine; Chambre rangement; Meublé; Salon européen; Climatisation; Chauffage central; Sécurité; Double vitrage; Porte blindée; Cuisine équipée; Four,Ascenseur; Climatisation; Chauffage central; Sécurité; Double vitrage; Porte blindée; Cuisine équipée; Garage; Terrasse; Jardin; Piscine,Jardin; Terrasse; Garage; Ascenseur; Piscine; Chambre rangement; Meublé; Salon européen; Climatisation; Chauffage central; Sécurité; Double vitrage; Porte blindée; Cuisine équipée; Four,https://www.mubawab-media.com/assets/logos/mubawab.png; https://www.mubawab-media.com/assets/common/loading.gif; https://www.mubawab-media.com/ad/8/221/649F/h/thumb_1168599_property_xlarge_81161982.avif; https://www.mubawab-media.com/ad/8/221/649F/h/thumb_1168606_property_xlarge_81161983.avif; https://www.mubawab-media.com/ad/8/221/649F/h/thumb_1168608_property_xlarge_81161984.avif; https://www.mubawab-media.com/ad/8/221/649F/h/thumb_1168613_property_xlarge_81161985.avif; https://www.mubawab-media.com/ad/8/221/649F/h/thumb_1168600_property_xlarge_81161986.avif; https://www.mubawab-media.com/ad/8/221/649F/h/thumb_1168602_property_xlarge_81161987.avif; https://www.mubawab-media.com/ad/8/221/649F/h/thumb_1168607_property_xlarge_81161988.avif; https://www.mubawab-media.com/ad/8/221/649F/h/thumb_1168603_property_xlarge_81161989.avif; https://www.mubawab-media.com/ad/8/221/649F/h/thumb_1168604_property_xlarge_81161990.avif; https://www.mubawab-media.com/ad/8/221/649F/h/thumb_1168605_property_xlarge_81161991.avif; https://www.mubawab-media.com/ad/8/221/649F/h/thumb_1168622_property_xlarge_81161992.avif; https://www.mubawab-media.com/ad/8/221/649F/h/thumb_1168598_property_xlarge_81161993.avif; https://www.mubawab-media.com/ad/8/221/649F/h/thumb_1168601_property_xlarge_81161994.avif; https://www.mubawab-media.com/ad/8/221/649F/h/thumb_1168609_property_xlarge_81161995.avif,"{""type de bien"": ""Maison"", ""etat"": ""Bon état / habitable""}","{""latitude"": ""36.876389"", ""longitude"": ""10.325278""}","{""etage"": ""2"", ""parking"": ""Oui"", ""ascenseur"": ""Oui"", ""climatisation"": ""Oui"", ""securite"": ""Oui"", ""piscine"": ""Oui"", ""jardin"": ""Oui"", ""terrasse"": ""Oui""}","{""etat"": ""Neuf""}","{""formulaire_contact"": ""Disponible""}",2026-02-01T12:59:48.187893,search,True
8129989,A Vendre une Villa sur deux niveaux indépendants,https://www.mubawab.tn/fr/a/8129989/a-vendre-une-villa-sur-deux-niveaux-ind%C3%A9pendants,,La Marsa,Cité des Juges,"Cité des Juges, La Marsa",Villa,Vente,1700000.0,1 700 000 TND,1700000.0,480.0,"480
						m²",6,6,1,,,,,Villa moderne sur deux niveaux avec entrées séparées Cette villa spacieuse et lumineuse est composée de deux niveaux indépendants offrant ainsi une grande flexibilité d’utilisation que ce soit pour une grande famille une résidence principale avec location potentielle ou même pour des professionnels,Villa moderne sur deux niveaux avec entrées séparées Cette villa spacieuse et lumineuse est composée de deux niveaux indépendants offrant ainsi une grande flexibilité d’utilisation que ce soit pour une grande famille une résidence principale avec location potentielle ou même pour des professionnels recherchant une configuration séparée pour leurs bureaux. Rez-de-chaussée Dès l’entrée vous serez accueillis dans un grand hall d’entrée qui mène à un vaste séjour avec de grandes baies vitrées offrant une vue dégagée sur le jardin et permettant un accès direct à la terrasse. L’espace salon est parfaitement agencé pour profiter des moments de détente en famille ou entre amis. Cuisine équipée idéale pour cuisiner en toute convivialité. Trois chambres spacieuses dont une suite parentale avec dressing et salle de bains privative. Salle de bains supplémentaire avec baignoire Garage avec espace de stockage pouvant accueillir deux véhicules. Premier étage Le premier étage est entièrement autonome avec son propre accès extérieur garantissant une totale intimité pour les résidents de ce niveau. Grand séjour lumineux parfait pour se détendre ou recevoir avec une vue imprenable sur les alentours. Cuisine séparée et moderne équipée avec des finitions de haute qualité. Trois chambres avec dressings une salle de bain commune. Salle d’eau supplémentaire pour plus de fonctionalité . Terrasse idéale pour prendre un repas en extérieur ou profiter du soleil. Extérieur La villa est entourée d’un jardin paysagé offrant plusieurs espaces de détente et de loisirs. Vous y trouverez une belle piscine un coin barbecue et une allée menant à un garage privatif. Un studio de deux chambres à coucher est totalement indépenant. Pour fixer un Rendez-vous de visite contacter le 92 091 094 ou 27 21 27 21.,Jardin; Terrasse; Garage; Piscine,Garage; Terrasse; Jardin; Piscine,Jardin; Terrasse; Garage; Piscine,https://www.mubawab-media.com/assets/logos/mubawab.png; https://www.mubawab-media.com/assets/common/loading.gif; https://www.mubawab-media.com/ad/8/129/989F/h/thumb_1075489_property_large_80147677.avif; https://www.mubawab-media.com/ad/8/129/989F/h/thumb_1075494_property_large_80147678.avif; https://www.mubawab-media.com/ad/8/129/989F/h/thumb_1075483_property_large_80147679.avif; https://www.mubawab-media.com/ad/8/129/989F/h/thumb_1075496_property_large_80147680.avif; https://www.mubawab-media.com/ad/8/129/989F/h/thumb_1075492_property_large_80147681.avif; https://www.mubawab-media.com/ad/8/129/989F/h/thumb_1075490_property_large_80147682.avif; https://www.mubawab-media.com/ad/8/129/989F/h/thumb_1075485_property_large_80147683.avif; https://www.mubawab-media.com/ad/8/129/989F/h/thumb_1075487_property_large_80147684.avif; https://www.mubawab-media.com/business/8/054F/s/WhatsApp%20Image%202026-01-16%20at%2010.13.43_81799087.avif; https://www.mubawab-media.com/ad/8/269/249F/m/4_81600917.avif; https://www.mubawab-media.com/ad/8/277/992F/m/iVfsvFSymIXblOfT-thumb_81694277.avif; https://www.mubawab-media.com/ad/8/231/632F/m/thumb_1181290_property_xlarge_81196810.avif,"{""type de bien"": ""Maison"", ""etat"": ""Bon état / habitable""}","{""latitude"": ""36.876389"", ""longitude"": ""10.325278""}","{""parking"": ""Oui"", ""piscine"": ""Oui"", ""jardin"": ""Oui"", ""terrasse"": ""Oui""}","{""etat"": ""Neuf""}","{""formulaire_contact"": ""Disponible""}",2026-02-01T12:59:48.195084,search,True
8225964,Duplex S3 Ain Zaghouan Nord,https://www.mubawab.tn/fr/a/8225964/duplex-s3-ain-zaghouan-nord,,La Marsa,Ain Zaghouan Nord,"Ain Zaghouan Nord, La Marsa",Duplex,Vente,450000.0,450 000 TND,450000.0,101.0,"101
						m²",4,3,0,,,,,"Duplex S3 - Ain Zaghouan Nord Référence : NV/105 Localisation : Ain Zaghouan Nord - Résidence avec standing Superficie : 101 m² Typologie : Duplex S3 Description : Duplex moderne et fonctionnel de 101 m², situé dans une résidence de standing à Ain Zaghouan Nord. Ce bien allie con","Duplex S3 - Ain Zaghouan NordRéférence : NV/105Localisation : Ain Zaghouan Nord - Résidence avec standingSuperficie : 101 m²Typologie : Duplex S3Description :Duplex moderne et fonctionnel de 101 m², situé dans une résidence de standing à Ain Zaghouan Nord. Ce bien allie confort, luminosité et espaces bien répartis.Composition :- Séjour lumineux- 3 chambres- Salle d'eau- Salle de bain- Terrasse privative- Garage inclusÉquipements et services :- Résidence sécurisée- Espaces verts- Proximité des commodités- Tranquillité et vue dégagéePrix : 450.000Atouts :- Distribution optimale- Extérieur privatif- Stationnement inclus- Secteur résidentiel priséContact : Mastouri SarraTéléphone : 55028909 - 31482711Parfait pour une famille recherchant confort et tranquillité dans un secteur en demande.",Jardin; Terrasse; Garage; Concierge; Entre-seul; Climatisation; Chauffage central; Sécurité; Cuisine équipée,Concierge; Climatisation; Chauffage central; Sécurité; Cuisine équipée; Garage; Terrasse; Jardin,Jardin; Terrasse; Garage; Concierge; Entre-seul; Climatisation; Chauffage central; Sécurité; Cuisine équipée,https://www.mubawab-media.com/assets/logos/mubawab.png; https://www.mubawab-media.com/assets/common/loading.gif; https://www.mubawab-media.com/ad/8/225/964F/h/11_81133648.avif; https://www.mubawab-media.com/ad/8/225/964F/h/9_81133649.avif; https://www.mubawab-media.com/ad/8/225/964F/h/10_81133650.avif; https://www.mubawab-media.com/ad/8/225/964F/h/16_81133651.avif; https://www.mubawab-media.com/ad/8/225/964F/h/1_81133652.avif; https://www.mubawab-media.com/ad/8/225/964F/h/2_81133653.avif; https://www.mubawab-media.com/ad/8/225/964F/h/3_81133654.avif; https://www.mubawab-media.com/ad/8/225/964F/h/4_81133655.avif; https://www.mubawab-media.com/ad/8/225/964F/h/5_81133656.avif; https://www.mubawab-media.com/ad/8/225/964F/h/15_81133657.avif; https://www.mubawab-media.com/ad/8/225/964F/h/14_81133658.avif; https://www.mubawab-media.com/ad/8/225/964F/h/6_81133659.avif; https://www.mubawab-media.com/ad/8/225/964F/h/7_81133660.avif; https://www.mubawab-media.com/ad/8/225/964F/h/12_81133661.avif,"{""type de bien"": ""Maison"", ""etat"": ""Bon état / habitable"", ""années"": ""5-10 ans"", ""nombre d'étages"": ""1""}","{""latitude"": ""36.876389"", ""longitude"": ""10.325278""}","{""parking"": ""Oui"", ""climatisation"": ""Oui"", ""concierge"": ""Oui"", ""securite"": ""Oui"", ""jardin"": ""Oui"", ""terrasse"": ""Oui""}","{""etat"": ""Neuf""}","{""formulaire_contact"": ""Disponible""}",2026-02-01T12:59:48.199872,search,True
8225839,A vendre une villa à La Marsa,https://www.mubawab.tn/fr/a/8225839/a-vendre-une-villa-%C3%A0-la-marsa,,La Marsa,Marsa Erriadh,"Marsa Erriadh, La Marsa",Villa,Vente,750000.0,750 000 TND,750000.0,111.0,"111
						m²",4,3,0,,,,,"Cette villa spacieuse et fonctionnelle offre un excellent potentiel d’investissement et de résidence. Rez-de-chaussée : 2 studios indépendants actuellement loués, assurant un revenu locatif immédiat. Chaque studio dispose de sa propre entrée, cuisine et salle d’eau. 1er étage : Un grand appa","Cette villa spacieuse et fonctionnelle offre un excellent potentiel d’investissement et de résidence.Rez-de-chaussée :2 studios indépendants actuellement loués, assurant un revenu locatif immédiat. Chaque studio dispose de sa propre entrée, cuisine et salle d’eau.1er étage :Un grand appartement de type S3, composé de :Un salon lumineux avec balcon3 chambres confortablesUne cuisine spacieuseUne salle de bain et toilettes séparéesAvantages :Bonne rentabilité grâce aux studios louésIdéal pour une famille ou une double résidencePossibilité d’aménagement supplémentaireProche de toutes commodités : écoles, commerces, transportsEmplacement stratégique, parfait pour allier vie résidentielle et investissement locatif.",Terrasse; Entre-seul; Climatisation; Balcon,Climatisation; Terrasse; Balcon,Terrasse; Entre-seul; Climatisation,https://www.mubawab-media.com/assets/logos/mubawab.png; https://www.mubawab-media.com/assets/common/loading.gif; https://www.mubawab-media.com/ad/8/225/839F/h/thumb_659555_property_large_81132103.avif; https://www.mubawab-media.com/business/6/581F/s/logo_6344138.avif; https://www.mubawab-media.com/ad/8/012/675F/m/WhatsApp%20Image%202024-09-16%20%C3%A0%2021.13.11_50f9436b_78991157.avif; https://www.mubawab-media.com/ad/8/135/053F/m/3bb24045-e5c5-4683-95d1-907f62877d19_GF_80200227.avif; https://www.mubawab-media.com/ad/8/258/691F/m/thumb_1214330_property_xlarge_81474308.avif; https://www.mubawab-media.com/ad/8/243/453F/m/d290abde-3c77-49c7-9c23-aec31cbca854_GF%20-%20Copie_81316981.avif; https://www.mubawab-media.com/assets/common/banks/atijjaribank.png; https://www.mubawab-media.com/assets/common/app-store/google-play-small.png; https://www.mubawab-media.com/assets/common/app-store/app-store-small.png,"{""type de bien"": ""Maison"", ""etat"": ""Bon état / habitable""}","{""latitude"": ""36.876389"", ""longitude"": ""10.325278""}","{""climatisation"": ""Oui"", ""terrasse"": ""Oui""}","{""etat"": ""Neuf""}","{""formulaire_contact"": ""Disponible""}",2026-02-01T12:59:48.205887,search,True
8225202,Maison à vendre — Aouina 492 m² Prix 600 MDT,https://www.mubawab.tn/fr/a/8225202/maison-%C3%A0-vendre-%E2%80%94-aouina-492-m%C2%B2-prix-600-mdt,,La Marsa,Aouina,"Aouina, La Marsa",Maison,Vente,0,Prix à consulter,0,130.0,"130
						m²",2,2,1,,,,,"Maison à vendre — Aouina (492 m²) -Maison familiale / Terrain à bâtir — Grand jardin, garage, studio indépendant Points forts : Surface totale : 492 m² Très grand jardin arboré, idéal pour la vie de famille ou aménagement paysager. Garage stationnement 2 voitures ou plus Studio indép","Maison à vendre — Aouina (492 m²) -Maison familiale / Terrain à bâtir — Grand jardin, garage, studio indépendantPoints forts :Surface totale : 492 m²Très grand jardin arboré, idéal pour la vie de famille ou aménagement paysager.Garage stationnement 2 voitures ou plusStudio indépendant (parfait pour location, invité ou bureau).Emplacement central au cœur de l’Aouina : accès rapide aux commerces, écoles et transports...Terrain constructible pour un immeuble R2منزل للبيع — العوينة (492 م²)منزل عائلي / أرض صالحة للبناء — حديقة كبيرة، ستوديو مستقلالنقاط المميزة :المساحة الجملية: 492 م²حديقة واسعة مزروعة بالأشجار، مثالية للحياة العائليةمكان مخصص للسيارات.ستوديو مستقل (مناسب للإيجار، للضيوف أو كمكتب خاص).موقع مركزي في قلب العوينة: قرب جميع المرافق من محلات، مدارس ووسائل النقل.R2 خيار استثماري: أرض قابلة للبناء لإقامة عمارة سكنية",Jardin; Garage; Chambre rangement; Entre-seul; Antenne parabolique; Climatisation,Climatisation; Garage; Jardin,Jardin; Garage; Chambre rangement; Entre-seul; Antenne parabolique; Climatisation,https://www.mubawab-media.com/assets/logos/mubawab.png; https://www.mubawab-media.com/assets/common/loading.gif; https://www.mubawab-media.com/ad/8/225/202F/h/20250926_151153_81126019.avif; https://www.mubawab-media.com/ad/8/225/202F/h/20250926_151201_81126020.avif; https://www.mubawab-media.com/ad/8/225/202F/h/20250926_151216_81126021.avif; https://www.mubawab-media.com/ad/8/225/202F/h/20250926_151231_81126022.avif; https://www.mubawab-media.com/ad/8/225/202F/h/20250926_151451_mfnr_81126023.avif; https://www.mubawab-media.com/ad/8/285/888F/m/photo_0_81778923.avif; https://www.mubawab-media.com/assets/common/banks/atijjaribank.png; https://www.mubawab-media.com/assets/common/app-store/google-play-small.png; https://www.mubawab-media.com/assets/common/app-store/app-store-small.png,"{""type de bien"": ""Maison"", ""surface de la parcelle"": ""492\n\t\t\t\t\t\t\t\tm²"", ""etat"": ""Bon état / habitable"", ""années"": ""20-30 ans"", ""orientation"": ""Sud"", ""type du sol"": ""Carrelage""}","{""latitude"": ""36.876389"", ""longitude"": ""10.325278""}","{""parking"": ""Oui"", ""climatisation"": ""Oui"", ""jardin"": ""Oui""}","{""etat"": ""Neuf""}","{""formulaire_contact"": ""Disponible""}",2026-02-01T12:59:48.208947,search,True
7967667,Deux villas jumelées à la Marsa,https://www.mubawab.tn/fr/a/7967667/deux-villas-jumel%C3%A9es-%C3%A0-la-marsa,,La Marsa,Cité El Khalil,"Cité El Khalil, La Marsa",Villa,Vente,1600000.0,1 600 000 TND,1600000.0,654.0,"654
						m²",6,5,1,,,,,"22Estates vous propose à la vente une villa est un duplex qui partagent un terrain de 654m². la villa est sur 3 niveaux dont un sous-sol qui se compose d’une cuisine une chambre un open space et une salle d’eau Au niveau du rez de chaussé on trouve un grand salon donnant sur la jardin, une cuisine,","22Estates vous propose à la vente une villa est un duplex qui partagent un terrain de 654m². la villa est sur 3 niveaux dont un sous-sol qui se compose d’une cuisine une chambre un open space et une salle d’eau Au niveau du rez de chaussé on trouve un grand salon donnant sur la jardin, une cuisine, une suite, et une salle d’eau invitées. A l’étage on trouve 2 chambres à coucher et une suite parentale. la villa possède une entrée indépendante et un garage. le terrain une villa jumelée inachevée est mise à la vente. Au sous-sol on trouve un débarras. Au niveau du rez de chaussé on trouve un salon donnant sur le jardin une cuisine une salle d’eau invitées A Létage on trouve 2 chambres à coucher une suite et une salle de bain commune. la villa possède une entrée indépendante et un garage. Pour toutes autres informations merci de contacter le27320200",Jardin; Garage; Chambre rangement; Entre-seul; Sous-sol,Garage; Jardin; Sous-sol,Jardin; Garage; Chambre rangement; Entre-seul,https://www.mubawab-media.com/assets/logos/mubawab.png; https://www.mubawab-media.com/assets/common/loading.gif; https://www.mubawab-media.com/ad/7/967/667F/h/WhatsApp%20Image%202025-09-11%20at%2016.53.14%20%288%29_81111958.avif; https://www.mubawab-media.com/ad/7/967/667F/h/WhatsApp%20Image%202025-09-11%20at%2016.53.13%20%282%29_81111959.avif; https://www.mubawab-media.com/ad/7/967/667F/h/WhatsApp%20Image%202025-09-11%20at%2016.53.14%20%287%29_81111960.avif; https://www.mubawab-media.com/ad/7/967/667F/h/WhatsApp%20Image%202025-09-11%20at%2016.53.14%20%285%29_81111961.avif; https://www.mubawab-media.com/ad/7/967/667F/h/WhatsApp%20Image%202025-09-11%20at%2016.53.15_81111962.avif; https://www.mubawab-media.com/ad/7/967/667F/h/WhatsApp%20Image%202025-09-11%20at%2016.53.14%20%286%29_81111963.avif; https://www.mubawab-media.com/ad/7/967/667F/h/WhatsApp%20Image%202025-09-11%20at%2016.53.14%20%283%29_81111964.avif; https://www.mubawab-media.com/ad/7/967/667F/h/WhatsApp%20Image%202025-09-11%20at%2016.53.14%20%282%29_81111965.avif; https://www.mubawab-media.com/ad/7/967/667F/h/WhatsApp%20Image%202025-09-11%20at%2016.53.14%20%281%29_81111966.avif; https://www.mubawab-media.com/business/9/652F/s/logo%20jpeg_70131444.avif; https://www.mubawab-media.com/ad/8/269/249F/m/4_81600917.avif; https://www.mubawab-media.com/ad/8/277/992F/m/iVfsvFSymIXblOfT-thumb_81694277.avif,"{""type de bien"": ""Maison"", ""etat"": ""Bon état / habitable""}","{""latitude"": ""36.876389"", ""longitude"": ""10.325278""}","{""parking"": ""Oui"", ""jardin"": ""Oui""}","{""etat"": ""Neuf""}","{""formulaire_contact"": ""Disponible""}",2026-02-01T12:59:48.212957,search,True
8218437,Vente villa gammarth superieur,https://www.mubawab.tn/fr/a/8218437/vente-villa-gammarth-superieur,,La Marsa,Gammarth Supérieur,"Gammarth Supérieur, La Marsa",Villa,Vente,0,Prix à consulter,0,475.0,"475
						m²",5,4,0,,,,,"À Vendre – Villa à Gammarth Supérieur Confort Immo vous propose une superbe villa située à Gammarth Supérieur, dans le quartier du Café Journal. Cette propriété S5, bâtie sur 3 niveaux, bénéficie d’un jardin verdoyant et d’une piscine privée. - Terrain : 877 m² - Surface bâtie : 475 m² (hors","À Vendre – Villa à Gammarth SupérieurConfort Immo vous propose une superbe villa située à Gammarth Supérieur, dans le quartier du Café Journal. Cette propriété S5, bâtie sur 3 niveaux, bénéficie d’un jardin verdoyant et d’une piscine privée.- Terrain : 877 m²- Surface bâtie : 475 m² (hors garage et chambre de service)- Prix de vente : 3 300 000 DT- Possibilité de location : 7 500 DT/moisDisposition :Rez-de-jardin (au niveau de la piscine) : salon une chambre/bureauRez-de-chaussée : vaste salon-salle à manger, salle d’eau invités avec douche, une chambreÉtage : suite parentale, trois chambres et une salle de bain communeUne villa de standing, idéale pour une famille à la recherche de confort et d’un cadre de vie prestigieux.",Jardin; Garage; Piscine; Chambre rangement; Climatisation; Chauffage central; Sécurité; Double vitrage; Porte blindée; Cuisine équipée,Climatisation; Chauffage central; Sécurité; Double vitrage; Porte blindée; Cuisine équipée; Garage; Jardin; Piscine,Jardin; Garage; Piscine; Chambre rangement; Climatisation; Chauffage central; Sécurité; Double vitrage; Porte blindée; Cuisine équipée,https://www.mubawab-media.com/assets/logos/mubawab.png; https://www.mubawab-media.com/assets/common/loading.gif; https://www.mubawab-media.com/ad/8/218/437F/h/WhatsApp%20Image%202025-09-15%20at%2011.15.59%20%281%29_81057486.avif; https://www.mubawab-media.com/ad/8/218/437F/h/WhatsApp%20Image%202025-09-15%20at%2011.16.00%20%282%29_81057488.avif; https://www.mubawab-media.com/ad/8/218/437F/h/WhatsApp%20Image%202025-09-15%20at%2011.15.59_81057489.avif; https://www.mubawab-media.com/ad/8/218/437F/h/WhatsApp%20Image%202025-09-15%20at%2011.15.58%20%281%29_81057490.avif; https://www.mubawab-media.com/ad/8/218/437F/h/WhatsApp%20Image%202025-09-15%20at%2011.15.58_81057491.avif; https://www.mubawab-media.com/ad/8/218/437F/h/WhatsApp%20Image%202025-09-15%20at%2011.15.59%20%282%29_81057493.avif; https://www.mubawab-media.com/ad/8/218/437F/h/WhatsApp%20Image%202025-09-15%20at%2011.15.59%20%283%29_81057494.avif; https://www.mubawab-media.com/ad/8/218/437F/h/WhatsApp%20Image%202025-09-15%20at%2011.16.00_81057495.avif; https://www.mubawab-media.com/business/7/290F/s/Fichier%203%401200x-8.avif; https://www.mubawab-media.com/ad/8/263/627F/m/WhatsApp%20Image%202025-12-01%20at%2008.29.24%20%284%29_81586914.avif; https://www.mubawab-media.com/ad/8/288/301F/m/1000205981_81804647.avif; https://www.mubawab-media.com/ad/7/993/856F/m/thumb_897458_property_xlarge_78796046.avif,"{""type de bien"": ""Maison"", ""surface de la parcelle"": ""877\n\t\t\t\t\t\t\t\tm²"", ""etat"": ""Bon état / habitable"", ""nombre d'étages"": ""3""}","{""latitude"": ""36.876389"", ""longitude"": ""10.325278""}","{""parking"": ""Oui"", ""climatisation"": ""Oui"", ""securite"": ""Oui"", ""piscine"": ""Oui"", ""jardin"": ""Oui""}","{""etat"": ""Neuf""}","{""formulaire_contact"": ""Disponible""}",2026-02-01T12:59:48.215954,search,True
8223218,Appartement S1 au Rez de chaussée avec piscine et,https://www.mubawab.tn/fr/a/8223218/appartement-s1-au-rez-de-chauss%C3%A9e-avec-piscine-et,,La Marsa,Ain Zaghouan Nord,"Ain Zaghouan Nord, La Marsa",Maison,Vente,650000.0,650 000 TND,650000.0,130.0,"130
						m²",2,1,1,,,,,Luxury House vous propose à la vente au à la location un appartement S1 Spacieux et lumineux au Rez-déchaussée avec jardin et piscine situé dans un quartier résidentiel calme et sécurisé à Gammarth touristique l’appartement se compose d’un salon une salle à manger spacieux et lumineux ouvrant sur,"Luxury House vous propose à la vente au à la location un appartement S1 Spacieux et lumineux au Rez-déchaussée avec jardin et piscine situé dans un quartier résidentiel calme et sécurisé à Gammarth touristiquel’appartement se compose d’un salon une salle à manger spacieux et lumineux ouvrant sur la piscine , une cuisine équipée ouverte sur le salon , et une salle d’eau avec douche à l’italienne .l’appartement est doté de la climatisation en Split et du chauffage centrale et une place de parking au sous sol ..",Jardin; Garage; Piscine; Climatisation; Chauffage central; Cuisine équipée,Climatisation; Chauffage central; Cuisine équipée; Garage; Jardin; Piscine,Jardin; Garage; Piscine; Climatisation; Chauffage central; Cuisine équipée,https://www.mubawab-media.com/assets/logos/mubawab.png; https://www.mubawab-media.com/assets/common/loading.gif; https://www.mubawab-media.com/ad/8/223/218F/h/thumb_1171216_property_large_81104357.avif; https://www.mubawab-media.com/ad/8/223/218F/h/thumb_1171227_property_large_81104358.avif; https://www.mubawab-media.com/ad/8/223/218F/h/thumb_1171224_property_large_81104359.avif; https://www.mubawab-media.com/ad/8/223/218F/h/thumb_1171233_property_large_81104360.avif; https://www.mubawab-media.com/ad/8/223/218F/h/thumb_1171232_property_large_81104361.avif; https://www.mubawab-media.com/ad/8/223/218F/h/thumb_1171220_property_large_81104362.avif; https://www.mubawab-media.com/ad/8/223/218F/h/thumb_1171222_property_large_81104363.avif; https://www.mubawab-media.com/business/7/744F/s/luxury.avif; https://www.mubawab-media.com/ad/7/948/140F/m/WhatsApp%20Image%202024-07-04%20%C3%A0%2010.50.39_911a771a_77952234_77953132.avif; https://www.mubawab-media.com/ad/8/265/526F/m/photo_00_81558290.avif; https://www.mubawab-media.com/ad/8/243/453F/m/d290abde-3c77-49c7-9c23-aec31cbca854_GF%20-%20Copie_81316981.avif; https://www.mubawab-media.com/ad/8/209/799F/m/9_80961695.avif,"{""type de bien"": ""Maison"", ""etat"": ""Bon état / habitable""}","{""latitude"": ""36.876389"", ""longitude"": ""10.325278""}","{""parking"": ""Oui"", ""climatisation"": ""Oui"", ""piscine"": ""Oui"", ""jardin"": ""Oui""}","{""etat"": ""Neuf""}","{""formulaire_contact"": ""Disponible""}",2026-02-01T12:59:48.221700,search,True
8186654,A vendre un Triplex avec piscine,https://www.mubawab.tn/fr/a/8186654/a-vendre-un-triplex-avec-piscine,,La Marsa,Cité El Khalil,"Cité El Khalil, La Marsa",Triplex,Vente,890000.0,890 000 TND,890000.0,265.0,"265
						m²",4,3,0,,,,,"a vendre un triplex avec piscine situé à cité el khalil, la marsa. 265m2 couvert 102m2 jardin avec piscine, douche extérieur, débarra et un abri de voiture le rez-de-chaussée est composé de: - salon et salle à manger - une cuisine équipée avec séchoir - un séjour au sous sol avec dressing et p","a vendre un triplex avec piscine situé à cité el khalil, la marsa.265m2 couvert102m2 jardin avec piscine, douche extérieur, débarra et un abri de voiturele rez-de-chaussée est composé de:- salon et salle à manger- une cuisine équipée avec séchoir- un séjour au sous sol avec dressing et parquet- une salle d'eau pour les invitésle 1ere étage est composé de:- une suite parentale- deux chambres à coucher avec placards-une salle de bainpour plus d'informations vous pouvez nous contacter au",Jardin; Garage; Piscine; Chambre rangement; Antenne parabolique; Climatisation; Chauffage central; Sécurité; Cuisine équipée,Climatisation; Chauffage central; Sécurité; Cuisine équipée; Garage; Jardin; Piscine,Jardin; Garage; Piscine; Chambre rangement; Antenne parabolique; Climatisation; Chauffage central; Sécurité; Cuisine équipée,https://www.mubawab-media.com/assets/logos/mubawab.png; https://www.mubawab-media.com/assets/common/loading.gif; https://www.mubawab-media.com/ad/8/186/654F/h/WhatsApp%20Image%202025-07-23%20%C3%A0%2011.28.02_867a6f1c_80730162.avif; https://www.mubawab-media.com/ad/8/186/654F/h/WhatsApp%20Image%202025-07-23%20%C3%A0%2011.28.02_08a5661f_80730165.avif; https://www.mubawab-media.com/ad/8/186/654F/h/WhatsApp%20Image%202025-07-23%20%C3%A0%2011.28.03_81c39aeb_80730166.avif; https://www.mubawab-media.com/ad/8/186/654F/h/WhatsApp%20Image%202025-07-23%20%C3%A0%2011.28.03_2fd08779_80730167.avif; https://www.mubawab-media.com/ad/8/186/654F/h/WhatsApp%20Image%202025-07-23%20%C3%A0%2011.50.05_9dba9e1f_80730168.avif; https://www.mubawab-media.com/ad/8/186/654F/h/WhatsApp%20Image%202025-07-23%20%C3%A0%2011.28.02_f9ee6db9_80730169.avif; https://www.mubawab-media.com/ad/8/012/675F/m/WhatsApp%20Image%202024-09-16%20%C3%A0%2021.13.11_50f9436b_78991157.avif; https://www.mubawab-media.com/ad/8/295/317F/m/621156463_1586310719181480_7595501479568121445_n_81881076.avif; https://www.mubawab-media.com/ad/8/288/951F/m/1000154867_81811348.avif; https://www.mubawab-media.com/ad/8/285/576F/m/thumb_1238288_property_large_81776172.avif; https://www.mubawab-media.com/assets/common/banks/atijjaribank.png,"{""type de bien"": ""Maison"", ""etat"": ""Bon état / habitable"", ""années"": ""1-5 ans"", ""type du sol"": ""Marbre"", ""nombre d'étages"": ""2""}","{""latitude"": ""36.876389"", ""longitude"": ""10.325278""}","{""parking"": ""Oui"", ""climatisation"": ""Oui"", ""securite"": ""Oui"", ""piscine"": ""Oui"", ""jardin"": ""Oui""}","{""etat"": ""Neuf""}","{""formulaire_contact"": ""Disponible""}",2026-02-01T12:59:48.225696,search,True
8175970,Villa à vendre la Marsa,https://www.mubawab.tn/fr/a/8175970/villa-%C3%A0-vendre-la-marsa,,La Marsa,La Marsa,"La Marsa, La Marsa",Villa,Vente,2500000.0,2 500 000 TND,2500000.0,638.0,"638
						m²",4,3,0,,,,,"22Estates vous propose à la vente une superbe villa avec piscine, située dans un quartier recherché à La Marsa. Élevée sur deux niveaux (rez-de-chaussée et sous-sol), cette propriété allie élégance, confort et fonctionnalité. Au rez-de-chaussée on trouve un vaste salon/salle à manger en open space,","22Estates vous propose à la vente une superbe villa avec piscine, située dans un quartier recherché à La Marsa. Élevée sur deux niveaux (rez-de-chaussée et sous-sol), cette propriété allie élégance, confort et fonctionnalité.Au rez-de-chaussée on trouve un vaste salon/salle à manger en open space, une salle invités, une grande cuisine moderne entièrement équipée, avec un accès direct au jardin et de deux suites parentales, chacune disposant de sa salle de douche privative et de son dressing.Au Sous-sol un espace bien-être avec hammam et jacuzzi, un open space polyvalent, une buanderie et une grande pièce aménagée en dressingUn garage sécurisé est mis à la disposition du futur acquéreur. Pour toutes autres informations merci de contacter le 27 320 200.",Jardin; Garage; Piscine; Entre-seul; Climatisation; Chauffage central; Sécurité; Double vitrage; Porte blindée; Cuisine équipée; Sous-sol,Climatisation; Chauffage central; Sécurité; Double vitrage; Porte blindée; Cuisine équipée; Garage; Jardin; Piscine; Sous-sol,Jardin; Garage; Piscine; Entre-seul; Climatisation; Chauffage central; Sécurité; Double vitrage; Porte blindée; Cuisine équipée,https://www.mubawab-media.com/assets/logos/mubawab.png; https://www.mubawab-media.com/assets/common/loading.gif; https://www.mubawab-media.com/ad/8/175/970F/h/WhatsApp%20Image%202025-09-19%20at%2008.14.23%20%281%29_81067912.avif; https://www.mubawab-media.com/ad/8/175/970F/h/thumb_1116305_property_large_80621573.avif; https://www.mubawab-media.com/ad/8/175/970F/h/thumb_1116321_property_large_80621574.avif; https://www.mubawab-media.com/ad/8/175/970F/h/thumb_1116332_property_large_80621575.avif; https://www.mubawab-media.com/ad/8/175/970F/h/thumb_1116312_property_large_80621576.avif; https://www.mubawab-media.com/ad/8/175/970F/h/thumb_1116318_property_large_80621577.avif; https://www.mubawab-media.com/ad/8/175/970F/h/thumb_1116324_property_large_80621578.avif; https://www.mubawab-media.com/ad/8/175/970F/h/thumb_1116325_property_large_80621579.avif; https://www.mubawab-media.com/ad/8/175/970F/h/thumb_1116315_property_large_80621580.avif; https://www.mubawab-media.com/ad/8/175/970F/h/thumb_1116319_property_large_80621581.avif; https://www.mubawab-media.com/ad/8/175/970F/h/thumb_1116322_property_large_80621582.avif; https://www.mubawab-media.com/ad/8/175/970F/h/thumb_1116327_property_large_80621583.avif; https://www.mubawab-media.com/ad/8/175/970F/h/thumb_1116302_property_large_80621585.avif; https://www.mubawab-media.com/ad/8/175/970F/h/thumb_1116304_property_large_80621586.avif,"{""type de bien"": ""Maison"", ""etat"": ""Bon état / habitable""}","{""latitude"": ""36.876389"", ""longitude"": ""10.325278""}","{""parking"": ""Oui"", ""climatisation"": ""Oui"", ""securite"": ""Oui"", ""piscine"": ""Oui"", ""jardin"": ""Oui""}","{""etat"": ""Neuf""}","{""formulaire_contact"": ""Disponible""}",2026-02-01T13:01:43.702017,search,True
8147452,"À vendre villa à la marsa, cité les pins",https://www.mubawab.tn/fr/a/8147452/%C3%A0-vendre-villa-%C3%A0-la-marsa-cit%C3%A9-les-pins,,La Marsa,Cité Les Pins,"Cité Les Pins, La Marsa",Villa,Vente,0,Prix à consulter,0,850.0,"850
						m²",7,6,0,,,,,"Moetaz Immobilière vous propose à la vente une magnifique villa en bon état, idéalement située à La Marsa – Cité Les Pins. D’une superficie d’environ 850 m², cette propriété spacieuse offre un cadre de vie calme et raffiné, avec un vaste jardin arboré et une grande piscine. Composition de la villa","Moetaz Immobilière vous propose à la vente une magnifique villa en bon état, idéalement située à La Marsa – Cité Les Pins. D’une superficie d’environ 850 m², cette propriété spacieuse offre un cadre de vie calme et raffiné, avec un vaste jardin arboré et une grande piscine.Composition de la villa :Rez-de-chaussée :Un grand salon lumineux ,Une salle à manger ,Une cuisine ,Deux chambres à coucher ,Une salle d’eau pour les invités.1er étage : Une suite parentale avec un grand dressing ,Trois chambres à coucher ,Une salle de bain communeCette villa allie confort, espace et tranquillité, idéale pour une grande famille ou comme résidence de prestige.Emplacement recherché – Proche de toutes commodités, écoles, commerces et accès rapide aux principaux axes.Pour plus d’informations ou pour organiser une visite, veuillez contacter Moetaz Immobilière.",Jardin; Terrasse; Garage; Piscine; Chauffage central; Double vitrage; Porte blindée,Chauffage central; Double vitrage; Porte blindée; Garage; Terrasse; Jardin; Piscine,Jardin; Terrasse; Garage; Piscine; Chauffage central; Double vitrage; Porte blindée,https://www.mubawab-media.com/assets/logos/mubawab.png; https://www.mubawab-media.com/assets/common/loading.gif; https://www.mubawab-media.com/ad/8/147/452F/h/d6bbfd1b-d72d-4077-8104-dc0e8dd971e2_80322493.avif; https://www.mubawab-media.com/ad/8/147/452F/h/32f0565b-b3f8-4046-89b3-7a0c400746eb_80322494.avif; https://www.mubawab-media.com/business/6/686F/s/logo%20final_6429983.avif; https://www.mubawab-media.com/ad/8/263/627F/m/WhatsApp%20Image%202025-12-01%20at%2008.29.24%20%284%29_81586914.avif; https://www.mubawab-media.com/ad/8/288/301F/m/1000205981_81804647.avif; https://www.mubawab-media.com/ad/7/993/856F/m/thumb_897458_property_xlarge_78796046.avif; https://www.mubawab-media.com/ad/8/181/360F/m/WhatsApp%20Image%202025-07-15%20%C3%A0%2014.22.15_40999249_80676137.avif; https://www.mubawab-media.com/assets/common/banks/atijjaribank.png; https://www.mubawab-media.com/assets/common/app-store/google-play-small.png; https://www.mubawab-media.com/assets/common/app-store/app-store-small.png,"{""type de bien"": ""Maison"", ""etat"": ""Bon état / habitable"", ""années"": ""10-20 ans"", ""nombre d'étages"": ""1""}","{""latitude"": ""36.876389"", ""longitude"": ""10.325278""}","{""parking"": ""Oui"", ""piscine"": ""Oui"", ""jardin"": ""Oui"", ""terrasse"": ""Oui""}","{""etat"": ""Neuf""}","{""formulaire_contact"": ""Disponible""}",2026-02-01T13:01:43.714597,search,True
8168543,"Villa d'angle avec jardin, Sidi Abed Aziz",https://www.mubawab.tn/fr/a/8168543/villa-d-angle-avec-jardin-sidi-abed-aziz,,La Marsa,La Marsa,"La Marsa, La Marsa",Villa,Vente,0,Prix à consulter,0,373.0,"373
						m²",4,3,0,,,,,"Cette villa est bien située sur un axe principal, offrant une excellente visibilité et un accès facile. Elle est implantée sur un terrain de 373 m², avec une surface bâtie de 200 m². Le rez-de-chaussée se compose d’un jardin, d’un salon spacieux, de trois chambres à coucher, de deux salles de bain","Cette villa est bien située sur un axe principal, offrant une excellente visibilité et un accès facile. Elle est implantée sur un terrain de 373 m², avec une surface bâtie de 200 m².Le rez-de-chaussée se compose d’un jardin, d’un salon spacieux, de trois chambres à coucher, de deux salles de bain et d’une cuisine. La construction permet une surélévation jusqu’à R3, ce qui représente une réelle opportunité pour les investisseurs souhaitant valoriser le bien.La villa comprend également deux locaux commerciaux en façade, idéals pour un usage professionnel ou pour générer des revenus locatifs.Ce bien combine confort résidentiel et potentiel commercial, dans un emplacement stratégique",Jardin; Climatisation; Chauffage central,Climatisation; Chauffage central; Jardin,Jardin; Climatisation; Chauffage central,https://www.mubawab-media.com/assets/logos/mubawab.png; https://www.mubawab-media.com/assets/common/loading.gif; https://www.mubawab-media.com/ad/8/168/543F/h/a%20vendre_80545268.avif; https://www.mubawab-media.com/business/8/012F/s/LOGO%20DOMOS%20FINAL%20RETENU_6470263.avif; https://www.mubawab-media.com/ad/8/263/627F/m/WhatsApp%20Image%202025-12-01%20at%2008.29.24%20%284%29_81586914.avif; https://www.mubawab-media.com/ad/8/288/301F/m/1000205981_81804647.avif; https://www.mubawab-media.com/ad/7/993/856F/m/thumb_897458_property_xlarge_78796046.avif; https://www.mubawab-media.com/ad/8/181/360F/m/WhatsApp%20Image%202025-07-15%20%C3%A0%2014.22.15_40999249_80676137.avif; https://www.mubawab-media.com/assets/common/banks/atijjaribank.png; https://www.mubawab-media.com/assets/common/app-store/google-play-small.png; https://www.mubawab-media.com/assets/common/app-store/app-store-small.png,"{""type de bien"": ""Maison"", ""surface de la parcelle"": ""373\n\t\t\t\t\t\t\t\tm²"", ""etat"": ""Bon état / habitable""}","{""latitude"": ""36.876389"", ""longitude"": ""10.325278""}","{""climatisation"": ""Oui"", ""jardin"": ""Oui""}","{""etat"": ""Neuf""}","{""formulaire_contact"": ""Disponible""}",2026-02-01T13:01:43.730220,search,True
8216701,Duplex s3 à la Marsa cité du stade,https://www.mubawab.tn/fr/a/8216701/duplex-s3-%C3%A0-la-marsa-cit%C3%A9-du-stade,,La Marsa,Cité Du Stade,"Cité Du Stade, La Marsa",Duplex,Vente,620000.0,620 000 TND,620000.0,140.0,"140
						m²",4,3,0,,,,,"Duplex s3 à la Marsa cité du stade A vendre à un particulier, Duplex s3 lumineux et spacieux à la Marsa cité du stade, offrant un cadre de vie exceptionnel. Le rez-de-chaussée se composé d'un salon salle à manger en marbre blanc avec une fenêtre et porte fenêtre qui donne sur un jardin intérieur (","Duplex s3 à la Marsa cité du stadeA vendre à un particulier, Duplex s3 lumineux et spacieux à la Marsa cité du stade, offrant un cadre de vie exceptionnel.Le rez-de-chaussée se composé d'un salon salle à manger en marbre blanc avec une fenêtre et porte fenêtre qui donne sur un jardin intérieur (formé par deux espaces, le premier pour déjeuner, avec une table ronde avec mosaïque et en fer forgé avec six chaises en fer forgé, et le deuxième pour prendre un café ou thé, avec un canapé et deux fauteuils tous en fer forgé); et un élégant escalier en marbre Tela, ainsi qu'une salle d'eau invités.La cuisine, bien aménagée et équipée (micro-ondes, four, réfrigérateur, plaque de cuisson, machine à laver, hotte aspirante), dispose d'une porte qui donne sur le salon et fenêtre qui donne sur le jardin extérieur.Á l'étage, profitez d'une suite parentale très spacieuse et lumineuse avec fenêtre qui donne sur le petit jardin extérieur, partie dressing et salle de douche en marbre blanc au sol et marbre rose au mur, équipée avec meuble et sanitaire de première qualité Duravit. Deux autres CC avec placards et dressing, et une sale de douche complètent l'étage. Les deux salles de douche disposent d’un toit ouvrant permettant de recevoir la lumière naturelle toute la journée. Le sol dans cet étage est en marbre Tela.Ce duplex de haute qualité, est également équipé de la climatisation, du chauffage central et d'une place de parking au RDC. Ce Duplex, fait partie d’une cité composée de 7 Duplex jumelés.La superficie totale est de 113 m2, et l’espace construit est de 140 m2 (2 x 70 m2 par étage)Agences, s’abstenir svp.",Jardin; Terrasse; Garage; Meublé; Salon européen; Antenne parabolique; Climatisation; Chauffage central; Sécurité; Porte blindée; Cuisine équipée; Réfrigérateur; Four; Machine à laver; Micro-ondes,Climatisation; Chauffage central; Sécurité; Porte blindée; Cuisine équipée; Garage; Terrasse; Jardin,Jardin; Terrasse; Garage; Meublé; Salon européen; Antenne parabolique; Climatisation; Chauffage central; Sécurité; Porte blindée; Cuisine équipée; Réfrigérateur; Four; Machine à laver; Micro-ondes,https://www.mubawab-media.com/assets/logos/mubawab.png; https://www.mubawab-media.com/assets/common/loading.gif; https://www.mubawab-media.com/ad/8/216/701F/h/1000041201_81034109.avif; https://www.mubawab-media.com/ad/8/216/701F/h/1000041008_81034110.avif; https://www.mubawab-media.com/ad/8/216/701F/h/1000040994_81034111.avif; https://www.mubawab-media.com/ad/8/216/701F/h/1000041003_81034112.avif; https://www.mubawab-media.com/ad/8/216/701F/h/1000040992-1_81034113.avif; https://www.mubawab-media.com/ad/8/216/701F/h/1000040983-1_81034114.avif; https://www.mubawab-media.com/ad/8/216/701F/h/1000041004_81034115.avif; https://www.mubawab-media.com/ad/8/216/701F/h/1000040997_81034116.avif; https://www.mubawab-media.com/ad/8/216/701F/h/1000041109_81034117.avif; https://www.mubawab-media.com/ad/8/216/701F/h/1000041195_81034118.avif; https://www.mubawab-media.com/ad/8/216/701F/h/1000040998_81034119.avif; https://www.mubawab-media.com/ad/8/216/701F/h/1000041001_81034120.avif; https://www.mubawab-media.com/ad/8/216/701F/h/1000040996_81034121.avif; https://www.mubawab-media.com/ad/8/216/701F/h/1000041007_81034122.avif,"{""type de bien"": ""Maison"", ""surface de la parcelle"": ""113\n\t\t\t\t\t\t\t\tm²"", ""etat"": ""Bon état / habitable"", ""années"": ""10-20 ans"", ""orientation"": ""Est"", ""type du sol"": ""Marbre"", ""nombre d'étages"": ""2""}","{""latitude"": ""36.876389"", ""longitude"": ""10.325278""}","{""parking"": ""Oui"", ""climatisation"": ""Oui"", ""securite"": ""Oui"", ""jardin"": ""Oui"", ""terrasse"": ""Oui""}","{""etat"": ""Neuf""}","{""formulaire_contact"": ""Disponible""}",2026-02-01T13:01:43.741970,search,True
8192125,Villa S4 à la Marsa,https://www.mubawab.tn/fr/a/8192125/villa-s4-%C3%A0-la-marsa,,La Marsa,La Marsa,"La Marsa, La Marsa",Villa,Vente,1120000.0,1 120 000 TND,0,0,,5,4,0,,,,,Neptune Immo agence immobilière située à la Marsa vous propose à la vente un s4 situé dans quartier très prisé à la Marsa. La maison est composée comme suit : -Au RDC Un salon Une chambre Une Salle d’eau invités Une cuisine donnant sur une jolie terrasse -À l’étage Une suite pare,Neptune Immo agence immobilière située à la Marsa vous propose à la vente un s4 situé dans quartier très prisé à la Marsa.La maison est composée comme suit :-Au RDCUn salonUne chambreUne Salle d’eau invitésUne cuisine donnant sur une jolie terrasse-À l’étageUne suite parentale avec un balconDeux chambres à coucher avec dressingUne salle de bains commune-Superbe vue du toit,Jardin; Terrasse; Vue sur les montagnes; Entre-seul; Climatisation; Chauffage central; Cuisine équipée; Balcon,Climatisation; Chauffage central; Cuisine équipée; Terrasse; Jardin; Balcon,Jardin; Terrasse; Vue sur les montagnes; Entre-seul; Climatisation; Chauffage central; Cuisine équipée,https://www.mubawab-media.com/assets/logos/mubawab.png; https://www.mubawab-media.com/assets/common/loading.gif; https://www.mubawab-media.com/ad/8/192/125F/h/IMG_2866_80783554.avif; https://www.mubawab-media.com/ad/8/192/125F/h/IMG_2871_80783546.avif; https://www.mubawab-media.com/ad/8/192/125F/h/IMG_2903_80783547.avif; https://www.mubawab-media.com/ad/8/192/125F/h/IMG_2870_80783548.avif; https://www.mubawab-media.com/ad/8/192/125F/h/IMG_2876_80783549.avif; https://www.mubawab-media.com/ad/8/192/125F/h/IMG_2901_80783550.avif; https://www.mubawab-media.com/ad/8/192/125F/h/IMG_2890_80783551.avif; https://www.mubawab-media.com/ad/8/192/125F/h/IMG_2886_80783552.avif; https://www.mubawab-media.com/ad/8/192/125F/h/IMG_2881_80783553.avif; https://www.mubawab-media.com/business/8/131F/s/logo-immo-finale-01-1_7773175.avif; https://www.mubawab-media.com/ad/8/012/675F/m/WhatsApp%20Image%202024-09-16%20%C3%A0%2021.13.11_50f9436b_78991157.avif; https://www.mubawab-media.com/ad/8/285/576F/m/thumb_1238288_property_large_81776172.avif,"{""type de bien"": ""Maison"", ""etat"": ""Bon état / habitable""}","{""latitude"": ""36.8941992"", ""longitude"": ""10.2762232""}","{""climatisation"": ""Oui"", ""jardin"": ""Oui"", ""terrasse"": ""Oui""}","{""etat"": ""Neuf""}","{""formulaire_contact"": ""Disponible""}",2026-02-01T13:01:43.761627,search,True
8095850,Duplex S3 à vendre à La Marsa,https://www.mubawab.tn/fr/a/8095850/duplex-s3-%C3%A0-vendre-%C3%A0-la-marsa,,La Marsa,La Marsa,"La Marsa, La Marsa",Duplex,Vente,950000.0,950 000 TND,950000.0,230.0,"230
						m²",0,4,0,,,,,"New Key La Marsa vous propose un duplex avec jardin située à La Marsa.Le rez-de-chaussée comprend un salon et une salle à manger spacieux, donnant sur le jardin ainsi qu'une cuisine avec acces au terasse.Au premier étage, vous trouverez trois chambres a coucher avec une salle de bain commune.Le jar","New Key La Marsa vous propose un duplex avec jardin située à La Marsa.Le rez-de-chaussée comprend un salon et une salle à manger spacieux, donnant sur le jardin ainsi qu'une cuisine avec acces au terasse.Au premier étage, vous trouverez trois chambres a coucher avec une salle de bain commune.Le jardin fait le tour du duplex , un abri pour deux voiture voiture. Référence du bien: Ref7698a",Jardin,Jardin,Jardin,https://www.mubawab-media.com/assets/logos/mubawab.png; https://www.mubawab-media.com/assets/common/loading.gif; https://www.mubawab-media.com/ad/8/095/850F/h/thumb_1017603_property_xlarge_79806405.avif; https://www.mubawab-media.com/ad/8/095/850F/h/thumb_1017598_property_xlarge_79806406.avif; https://www.mubawab-media.com/ad/8/095/850F/h/thumb_1017594_property_xlarge_79806407.avif; https://www.mubawab-media.com/ad/8/095/850F/h/thumb_1017601_property_xlarge_79806408.avif; https://www.mubawab-media.com/ad/8/095/850F/h/thumb_1017596_property_xlarge_79806409.avif; https://www.mubawab-media.com/ad/8/095/850F/h/thumb_1017595_property_xlarge_79806410.avif; https://www.mubawab-media.com/ad/8/095/850F/h/thumb_1017599_property_xlarge_79806411.avif; https://www.mubawab-media.com/ad/8/095/850F/h/thumb_1017604_property_xlarge_79806412.avif; https://www.mubawab-media.com/ad/8/095/850F/h/thumb_1017607_property_xlarge_79806413.avif; https://www.mubawab-media.com/business/6/985F/s/72680355_2373264952771439_7970925724703916032_n.avif; https://www.mubawab-media.com/ad/8/012/675F/m/WhatsApp%20Image%202024-09-16%20%C3%A0%2021.13.11_50f9436b_78991157.avif; https://www.mubawab-media.com/ad/8/295/317F/m/621156463_1586310719181480_7595501479568121445_n_81881076.avif,"{""type de bien"": ""Maison""}","{""latitude"": ""36.8941992"", ""longitude"": ""10.2762232""}","{""jardin"": ""Oui""}","{""etat"": ""Neuf""}","{""formulaire_contact"": ""Disponible""}",2026-02-01T13:01:43.777384,search,True
7923779,Une villa S5 à vendre à Gammarth,https://www.mubawab.tn/fr/a/7923779/une-villa-s5-%C3%A0-vendre-%C3%A0-gammarth,,La Marsa,La Marsa,"La Marsa, La Marsa",Villa,Vente,1850000.0,1 850 000 TND,1850000.0,800.0,"800
						m²",0,7,0,,,,,"Newkey la marsa vous propose à la vente une villa s5 avec piscine dans un quartier calme et bien sécurisé à Gammarth.la villa se compose comme suit:Au rez-de-chaussée: Salon, salle à manger,suite, salle d'eau invités, deux cuisines et une chambre de service .A l'étage : un deuxième salon, suite, tro","Newkey la marsa vous propose à la vente une villa s5 avec piscine dans un quartier calme et bien sécurisé à Gammarth.la villa se compose comme suit:Au rez-de-chaussée: Salon, salle à manger,suite, salle d'eau invités, deux cuisines et une chambre de service .A l'étage : un deuxième salon, suite, trois chambres et une salle de bain.La villa est entièrement chauffée et climatisée.Elle est aussi équipée d'un système d'alarme et des caméras de surveillance.Référence du bien: Ref6467a",Piscine; Climatisation; Sécurité; Alarme,Climatisation; Sécurité; Piscine; Alarme,Piscine; Climatisation; Sécurité,https://www.mubawab-media.com/assets/logos/mubawab.png; https://www.mubawab-media.com/assets/common/loading.gif; https://www.mubawab-media.com/ad/7/923/779F/h/thumb_849081_property_xlarge_78384332.avif; https://www.mubawab-media.com/ad/7/923/779F/h/thumb_849053_property_xlarge_78384333.avif; https://www.mubawab-media.com/ad/7/923/779F/h/thumb_828640_property_xlarge_78384334.avif; https://www.mubawab-media.com/ad/7/923/779F/h/thumb_828641_property_xlarge_78384335.avif; https://www.mubawab-media.com/ad/7/923/779F/h/thumb_849041_property_xlarge_78384336.avif; https://www.mubawab-media.com/ad/7/923/779F/h/thumb_849039_property_xlarge_78384337.avif; https://www.mubawab-media.com/ad/7/923/779F/h/thumb_849049_property_xlarge_78384338.avif; https://www.mubawab-media.com/ad/7/923/779F/h/thumb_849045_property_xlarge_78384339.avif; https://www.mubawab-media.com/ad/7/923/779F/h/thumb_849038_property_xlarge_78384340.avif; https://www.mubawab-media.com/ad/7/923/779F/h/thumb_849042_property_xlarge_78384341.avif; https://www.mubawab-media.com/ad/7/923/779F/h/thumb_849052_property_xlarge_78384342.avif; https://www.mubawab-media.com/ad/7/923/779F/h/thumb_828642_property_xlarge_78384343.avif; https://www.mubawab-media.com/ad/7/923/779F/h/thumb_849046_property_xlarge_78384344.avif; https://www.mubawab-media.com/ad/7/923/779F/h/thumb_828650_property_xlarge_78384345.avif,"{""type de bien"": ""Maison""}","{""latitude"": ""36.8941992"", ""longitude"": ""10.2762232""}","{""climatisation"": ""Oui"", ""securite"": ""Oui"", ""piscine"": ""Oui""}","{""etat"": ""Neuf""}","{""formulaire_contact"": ""Disponible""}",2026-02-01T13:01:43.789222,search,True
8203166,A vendre une villa sur deux niveaux a la marsa,https://www.mubawab.tn/fr/a/8203166/a-vendre-une-villa-sur-deux-niveaux-a-la-marsa,,La Marsa,La Marsa,"La Marsa, La Marsa",Villa,Vente,3300000.0,3 300 000 TND,3300000.0,400.0,"400
						m²",7,6,0,,,,,Vous cherchez une villa a la marsa saada votre agence immobilière Arcane vous propose une très belle villa sur deux niveaux et un studio indépendant a la vente villa moderne avec un très beau jardins pour avoir plus d'information n'hésiter pas de nous contacter sur 27777462,Vous cherchez une villa a la marsa saadavotre agence immobilière Arcane vous propose une très belle villa sur deux niveaux et un studio indépendant a la ventevilla moderne avec un très beau jardinspour avoir plus d'information n'hésiter pas de nous contacter sur 27777462,Jardin; Terrasse; Garage; Chambre rangement; Climatisation; Chauffage central; Double vitrage; Cuisine équipée; Four,Climatisation; Chauffage central; Double vitrage; Cuisine équipée; Garage; Terrasse; Jardin,Jardin; Terrasse; Garage; Chambre rangement; Climatisation; Chauffage central; Double vitrage; Cuisine équipée; Four,https://www.mubawab-media.com/assets/logos/mubawab.png; https://www.mubawab-media.com/assets/common/loading.gif; https://www.mubawab-media.com/ad/8/203/166F/h/t%C3%A9l%C3%A9chargement_80892961.avif; https://www.mubawab-media.com/ad/8/286/513F/m/thumb_1219091_property_xlarge_81785520.avif; https://www.mubawab-media.com/ad/7/792/983F/m/3a360017-6056-43e5-802c-dccd4caeac7d_GF_58126781.avif; https://www.mubawab-media.com/ad/7/996/924F/m/fd837f13-adfb-4af2-98d8-d1a489394920_GF_GF_78826407.avif; https://www.mubawab-media.com/ad/8/249/201F/m/Messenger_creation_45526F38-1EA2-4083-B684-9B190E4FA662_81377075.avif; https://www.mubawab-media.com/assets/common/banks/atijjaribank.png; https://www.mubawab-media.com/assets/common/app-store/google-play-small.png; https://www.mubawab-media.com/assets/common/app-store/app-store-small.png,"{""type de bien"": ""Maison"", ""surface de la parcelle"": ""498\n\t\t\t\t\t\t\t\tm²"", ""etat"": ""Bon état / habitable"", ""nombre d'étages"": ""2""}","{""latitude"": ""36.876389"", ""longitude"": ""10.325278""}","{""parking"": ""Oui"", ""climatisation"": ""Oui"", ""jardin"": ""Oui"", ""terrasse"": ""Oui""}","{""etat"": ""Neuf""}","{""formulaire_contact"": ""Disponible""}",2026-02-01T13:01:43.804637,search,True
8202850,Superbe villa à vendre à Gammarth,https://www.mubawab.tn/fr/a/8202850/superbe-villa-%C3%A0-vendre-%C3%A0-gammarth,,La Marsa,Gammarth,"Gammarth, La Marsa",Villa,Vente,1850000.0,1 850 000 TND,0,0,,4,4,0,,,,,"CLÉ D'OR IMMOBILIER met en Vente : Découvrez cette magnifique villa à vendre à Gammarth, un véritable havre de paix avec piscine et jardin privés. Idéale pour une vie de famille élégante, la villa se compose de deux suites et de deux chambres, offrant confort et intimité pour tous. Cette propriét","CLÉ D'OR IMMOBILIER met en Vente :Découvrez cette magnifique villa à vendre à Gammarth, un véritable havre de paix avec piscine et jardin privés.Idéale pour une vie de famille élégante, la villa se compose de deux suites et de deux chambres, offrant confort et intimité pour tous.Cette propriété est une opportunité rare dans l'un des quartiers les plus prisés.Pour plus d'informations ou pour organiser une visite, contactez Clé d'Or Immobilier",Jardin; Terrasse; Garage; Piscine; Antenne parabolique; Climatisation; Chauffage central; Sécurité; Double vitrage; Porte blindée; Cuisine équipée,Climatisation; Chauffage central; Sécurité; Double vitrage; Porte blindée; Cuisine équipée; Garage; Terrasse; Jardin; Piscine,Jardin; Terrasse; Garage; Piscine; Antenne parabolique; Climatisation; Chauffage central; Sécurité; Double vitrage; Porte blindée; Cuisine équipée,https://www.mubawab-media.com/assets/logos/mubawab.png; https://www.mubawab-media.com/assets/common/loading.gif; https://www.mubawab-media.com/ad/8/202/850F/h/3da40296-2ba1-4933-b773-230ee534f1ae_81236713.avif; https://www.mubawab-media.com/ad/8/202/850F/h/41f17600-5fa2-456f-a7f4-66bf9fb7e55e_81236714.avif; https://www.mubawab-media.com/ad/8/202/850F/h/a242e53a-0678-480e-934e-a17a06e9603f_81236715.avif; https://www.mubawab-media.com/ad/8/202/850F/h/19f263f0-86d7-4367-8c3b-a3bf39a2a199_81236716.avif; https://www.mubawab-media.com/ad/8/202/850F/h/17b2690f-d58c-40f3-a905-b082e4da0718_81236717.avif; https://www.mubawab-media.com/ad/8/202/850F/h/7af6fcc3-b231-4738-8b14-181d2332d6c4_81236718.avif; https://www.mubawab-media.com/ad/8/202/850F/h/b984e140-382e-44f4-9357-35094951ec8a_81236719.avif; https://www.mubawab-media.com/ad/8/202/850F/h/9dd11c0b-6fc0-4c7e-87c9-c75d15833d94_81236720.avif; https://www.mubawab-media.com/ad/8/202/850F/h/8fcc8dfd-f869-4100-a281-8e3325c535e7_81236721.avif; https://www.mubawab-media.com/ad/8/202/850F/h/5cd5cdbf-6eb3-4e5b-940a-5f6ee4a2f4ab_81236722.avif; https://www.mubawab-media.com/ad/8/202/850F/h/a3fdd202-9578-4bcd-ac92-e988b21e5648_81236723.avif; https://www.mubawab-media.com/ad/8/202/850F/h/ee213391-4dd8-444c-81e4-0cb1fbc1a9e1_81236724.avif; https://www.mubawab-media.com/ad/8/202/850F/h/7d2b2308-b127-4c56-86c7-afc79a98578e_81236725.avif; https://www.mubawab-media.com/ad/8/202/850F/h/a03dc0dc-9337-4a85-8dd4-15158691f40e_81236726.avif,"{""type de bien"": ""Maison"", ""etat"": ""Bon état / habitable"", ""type du sol"": ""Marbre""}","{""latitude"": ""36.876389"", ""longitude"": ""10.325278""}","{""parking"": ""Oui"", ""climatisation"": ""Oui"", ""securite"": ""Oui"", ""piscine"": ""Oui"", ""jardin"": ""Oui"", ""terrasse"": ""Oui""}","{""etat"": ""Neuf""}","{""formulaire_contact"": ""Disponible""}",2026-02-01T13:01:43.818946,search,True
8184989,Villa à vendre à la marsa,https://www.mubawab.tn/fr/a/8184989/villa-%C3%A0-vendre-%C3%A0-la-marsa,,La Marsa,La Marsa,"La Marsa, La Marsa",Villa,Vente,0,Prix à consulter,0,400.0,"400
						m²",7,6,0,,,,,"À vendre – Superbe villa d’angle à La Marsa Ennassim Située dans l’un des quartiers les plus prisés de La Marsa Ennassim, cette magnifique villa d’angle offre un cadre de vie idéal, à proximité immédiate de toutes les commodités (écoles, commerces, transports…). Terrain : 850 m² Surface bât","À vendre – Superbe villa d’angle à La Marsa EnnassimSituée dans l’un des quartiers les plus prisés de La Marsa Ennassim, cette magnifique villa d’angle offre un cadre de vie idéal, à proximité immédiate de toutes les commodités (écoles, commerces, transports…).Terrain : 850 m²Surface bâtie : 400 m²Composition :Spacieux salonSalle à manger convivialeCuisine équipéeSéjour lumineuxÀ l’étage :Suite parentaleTrois chambresSalle de bainExtérieurs :Jardin arboréGarage ferméCette villa bénéficie d’un excellent emplacement, d’une belle luminosité grâce à son exposition d’angle, et d’un agencement optimal pour une vie confortable en famille.Pour plus d’informations ou une visite, n’hésitez pas à nous contacter.",Jardin; Terrasse; Garage; Piscine; Climatisation; Chauffage central; Cuisine équipée,Climatisation; Chauffage central; Cuisine équipée; Garage; Terrasse; Jardin; Piscine,Jardin; Terrasse; Garage; Piscine; Climatisation; Chauffage central; Cuisine équipée,https://www.mubawab-media.com/assets/logos/mubawab.png; https://www.mubawab-media.com/assets/common/loading.gif; https://www.mubawab-media.com/ad/8/184/989F/h/1000004823_80712018.avif; https://www.mubawab-media.com/ad/8/184/989F/h/1000005772_80712019.avif; https://www.mubawab-media.com/ad/8/184/989F/h/1000005771_80712020.avif; https://www.mubawab-media.com/ad/8/184/989F/h/1000005768_80712021.avif; https://www.mubawab-media.com/ad/8/184/989F/h/1000005767_80712022.avif; https://www.mubawab-media.com/ad/8/184/989F/h/1000005769_80712023.avif; https://www.mubawab-media.com/ad/8/184/989F/h/1000005765_80712024.avif; https://www.mubawab-media.com/ad/8/184/989F/h/1000004822_80712025.avif; https://www.mubawab-media.com/ad/8/184/989F/h/1000004826_80712026.avif; https://www.mubawab-media.com/ad/8/184/989F/h/1000004825_80712027.avif; https://www.mubawab-media.com/ad/8/184/989F/h/1000004832_80712028.avif; https://www.mubawab-media.com/ad/8/184/989F/h/1000004817_80712029.avif; https://www.mubawab-media.com/ad/8/184/989F/h/1000004802_80712030.avif; https://www.mubawab-media.com/ad/8/184/989F/h/1000004812_80712031.avif,"{""type de bien"": ""Maison"", ""surface de la parcelle"": ""850\n\t\t\t\t\t\t\t\tm²"", ""etat"": ""Bon état / habitable"", ""années"": ""20-30 ans"", ""orientation"": ""Nord"", ""type du sol"": ""Carrelage"", ""nombre d'étages"": ""1""}","{""latitude"": ""36.8941992"", ""longitude"": ""10.2762232""}","{""parking"": ""Oui"", ""climatisation"": ""Oui"", ""piscine"": ""Oui"", ""jardin"": ""Oui"", ""terrasse"": ""Oui""}","{""etat"": ""Neuf""}","{""formulaire_contact"": ""Disponible""}",2026-02-01T13:01:43.840970,search,True
8190101,Villa plain pied à vendre La Marsa,https://www.mubawab.tn/fr/a/8190101/villa-plain-pied-%C3%A0-vendre-la-marsa,,La Marsa,Cité Du Stade,"Cité Du Stade, La Marsa",Villa,Vente,1400000.0,1 400 000 TND,1400000.0,640.0,"640
						m²",0,5,0,,,,,"RE/MAX Blue Sky vous propose à la vente dans un beau quartier calme et sécurisé à la Marsa une magnifique villa S3 de plain pied et une vue dégagée , bâtie sur un terrain de 640 m² et Superficie bâtit 166 m².L'atout majeur est son espace extérieur Il jouit d'un jardin gazonné piscinable .La villa es","RE/MAX Blue Sky vous propose à la vente dans un beau quartier calme et sécurisé à la Marsa une magnifique villa S3 de plain pied et une vue dégagée , bâtie sur un terrain de 640 m² et Superficie bâtit 166 m².L'atout majeur est son espace extérieur Il jouit d'un jardin gazonné piscinable .La villa est équipée de climatiseurs et du chauffage central. Un garage qui peut abriter trois voitures est disponible.Pour plus d'information veuillez nous contacter. Référence du bien: Ref121a",Jardin; Garage; Chauffage central; Sécurité,Chauffage central; Sécurité; Garage; Jardin,Jardin; Garage; Chauffage central; Sécurité,https://www.mubawab-media.com/assets/logos/mubawab.png; https://www.mubawab-media.com/assets/common/loading.gif; https://www.mubawab-media.com/ad/8/190/101F/h/thumb_763399_property_xlarge_80763672.avif; https://www.mubawab-media.com/ad/8/190/101F/h/thumb_1010861_property_xlarge_80763673.avif; https://www.mubawab-media.com/ad/8/190/101F/h/thumb_1010837_property_xlarge_80763674.avif; https://www.mubawab-media.com/ad/8/190/101F/h/thumb_763401_property_xlarge_80763675.avif; https://www.mubawab-media.com/ad/8/190/101F/h/thumb_1010842_property_xlarge_80763676.avif; https://www.mubawab-media.com/ad/8/190/101F/h/thumb_1010834_property_xlarge_80763677.avif; https://www.mubawab-media.com/ad/8/190/101F/h/thumb_1010855_property_xlarge_80763678.avif; https://www.mubawab-media.com/ad/8/190/101F/h/thumb_1010845_property_xlarge_80763679.avif; https://www.mubawab-media.com/ad/8/190/101F/h/thumb_1010852_property_xlarge_80763680.avif; https://www.mubawab-media.com/ad/8/190/101F/h/thumb_1010840_property_xlarge_80763681.avif; https://www.mubawab-media.com/ad/8/190/101F/h/thumb_1010831_property_xlarge_80763682.avif; https://www.mubawab-media.com/ad/8/190/101F/h/thumb_1010858_property_xlarge_80763683.avif; https://www.mubawab-media.com/ad/8/190/101F/h/thumb_763397_property_xlarge_80763684.avif; https://www.mubawab-media.com/ad/8/190/101F/h/thumb_763400_property_xlarge_80763685.avif,"{""type de bien"": ""Maison""}","{""latitude"": ""36.876389"", ""longitude"": ""10.325278""}","{""parking"": ""Oui"", ""securite"": ""Oui"", ""jardin"": ""Oui""}","{""etat"": ""Neuf""}","{""formulaire_contact"": ""Disponible""}",2026-02-01T13:01:43.851599,search,True
8142661,Une coquette villa de haut standin avec piscine,https://www.mubawab.tn/fr/a/8142661/une-coquette-villa-de-haut-standin-avec-piscine,,La Marsa,Gammarth Supérieur,"Gammarth Supérieur, La Marsa",Villa,Vente,1400000.0,1 400 000 TND,1400000.0,234.0,"234
						m²",3,2,0,,,,,"on met a la vente a gammarht sup quartier résidentielle et très calme une coquette villa luxueusement meublé avec une pcsine et un beau jardin elle se compose d'un salon donnant sur le jardin, une salle d'eau deux suites meuble et équipement importes(, plaque a induction four ect) maison domoti","on met a la vente a gammarht sup quartier résidentielle et très calme une coquette villa luxueusement meublé avec une pcsine et un beau jardinelle se compose d'un salon donnant sur le jardin, une salle d'eaudeux suitesmeuble et équipement importes(, plaque a induction four ect)maison domotisée, chauffage et climatisation centralesuperficie totale 230M² plain pied, trés bien orientéprix 1.4 MDpour visité merci de nous contactez sur le 23 371 342 ou 58 911 217",Jardin; Meublé; Climatisation; Chauffage central; Four; Piscine,Climatisation; Chauffage central; Jardin; Piscine,Jardin; Meublé; Climatisation; Chauffage central; Four,https://www.mubawab-media.com/assets/logos/mubawab.png; https://www.mubawab-media.com/assets/common/loading.gif; https://www.mubawab-media.com/ad/8/142/661F/h/IMG-20250513-WA0017_80275089.avif; https://www.mubawab-media.com/ad/8/142/661F/h/IMG-20250513-WA0011_80275090.avif; https://www.mubawab-media.com/ad/8/142/661F/h/IMG-20250513-WA0010_80275091.avif; https://www.mubawab-media.com/ad/8/142/661F/h/IMG-20250513-WA0013_80275092.avif; https://www.mubawab-media.com/ad/8/142/661F/h/IMG-20250513-WA0015_80275093.avif; https://www.mubawab-media.com/ad/8/142/661F/h/IMG-20250513-WA0009_80275094.avif; https://www.mubawab-media.com/ad/8/142/661F/h/IMG-20250513-WA0014_80275095.avif; https://www.mubawab-media.com/ad/8/142/661F/h/IMG-20250513-WA0008_80275096.avif; https://www.mubawab-media.com/business/7/404F/s/IMG-20210314-WA0004_6985756.avif; https://www.mubawab-media.com/ad/8/012/675F/m/WhatsApp%20Image%202024-09-16%20%C3%A0%2021.13.11_50f9436b_78991157.avif; https://www.mubawab-media.com/ad/8/243/176F/m/thumb_1193839_property_xlarge_81313798.avif; https://www.mubawab-media.com/ad/8/277/992F/m/iVfsvFSymIXblOfT-thumb_81694277.avif,"{""type de bien"": ""Maison"", ""surface de la parcelle"": ""20\n\t\t\t\t\t\t\t\tm²"", ""etat"": ""Bon état / habitable"", ""années"": ""Moins d'un an"", ""orientation"": ""Sud"", ""type du sol"": ""Marbre"", ""nombre d'étages"": ""1""}","{""latitude"": ""36.876389"", ""longitude"": ""10.325278""}","{""climatisation"": ""Oui"", ""piscine"": ""Oui"", ""jardin"": ""Oui""}","{""etat"": ""Neuf""}","{""formulaire_contact"": ""Disponible""}",2026-02-01T13:01:43.864899,search,True
8179350,A vendre Villa S4 à la Marsa,https://www.mubawab.tn/fr/a/8179350/a-vendre-villa-s4-%C3%A0-la-marsa,,La Marsa,La Marsa,"La Marsa, La Marsa",Villa,Vente,1750000.0,1 750 000 TND,1750000.0,404.0,"404
						m²",0,5,0,,,,,"Luxury House vous propose à la vente une villa S4 avec jardin et garage à La Marsa. Elle se compose, au rez-de-chaussée, d’un salon-salle à manger, d’une cuisine équipée, d’une chambre à coucher et d’une salle de bain. À l’étage, vous trouverez trois chambres à coucher, une salle de bain commune, ai","Luxury House vous propose à la vente une villa S4 avec jardin et garage à La Marsa. Elle se compose, au rez-de-chaussée, d’un salon-salle à manger, d’une cuisine équipée, d’une chambre à coucher et d’une salle de bain. À l’étage, vous trouverez trois chambres à coucher, une salle de bain commune, ainsi qu’un sous-sol aménagé. Référence du bien: Ref1927a",Jardin; Garage; Entre-seul; Cuisine équipée; Sous-sol,Cuisine équipée; Garage; Jardin; Sous-sol,Jardin; Garage; Entre-seul; Cuisine équipée,https://www.mubawab-media.com/assets/logos/mubawab.png; https://www.mubawab-media.com/assets/common/loading.gif; https://www.mubawab-media.com/ad/8/179/350F/h/thumb_1125417_property_xlarge_80656184.avif; https://www.mubawab-media.com/ad/8/179/350F/h/thumb_1125415_property_xlarge_80656185.avif; https://www.mubawab-media.com/ad/8/179/350F/h/thumb_1125412_property_xlarge_80656186.avif; https://www.mubawab-media.com/ad/8/179/350F/h/thumb_1125411_property_xlarge_80656187.avif; https://www.mubawab-media.com/ad/8/179/350F/h/thumb_1125410_property_xlarge_80656188.avif; https://www.mubawab-media.com/ad/8/179/350F/h/thumb_1125409_property_xlarge_80656189.avif; https://www.mubawab-media.com/ad/8/179/350F/h/thumb_1125414_property_xlarge_80656190.avif; https://www.mubawab-media.com/ad/8/179/350F/h/thumb_1125413_property_xlarge_80656191.avif; https://www.mubawab-media.com/ad/8/179/350F/h/thumb_1125408_property_xlarge_80656192.avif; https://www.mubawab-media.com/business/7/744F/s/luxury.avif; https://www.mubawab-media.com/ad/8/269/249F/m/4_81600917.avif; https://www.mubawab-media.com/ad/8/231/632F/m/thumb_1181290_property_xlarge_81196810.avif,"{""type de bien"": ""Maison""}","{""latitude"": ""36.8941992"", ""longitude"": ""10.2762232""}","{""parking"": ""Oui"", ""jardin"": ""Oui""}","{""etat"": ""Neuf""}","{""formulaire_contact"": ""Disponible""}",2026-02-01T13:01:43.869323,search,True
7955570,Particulier vend triplex neuf haut standing,https://www.mubawab.tn/fr/a/7955570/particulier-vend-triplex-neuf-haut-standing,,La Marsa,Bhar Lazreg,"Bhar Lazreg, La Marsa",Triplex,Vente,720000.0,720 000 TND,720000.0,120.0,"120
						m²",5,5,0,,,,,"Particulier vend un triplex neuf, haut standing, situé à l’angle d’une rue, avec titre foncier. Superficie du terrain : 120 m². Quartier très calme, à 5 minutes du carrefour de La Marsa, 10 minutes de la plage de La Marsa, et 15 minutes de l’aéroport Tunis-Carthage. Le triplex comprend : – Un rez-d","Particulier vend un triplex neuf, haut standing, situé à l’angle d’une rue, avec titre foncier. Superficie du terrain : 120 m². Quartier très calme, à 5 minutes du carrefour de La Marsa, 10 minutes de la plage de La Marsa, et 15 minutes de l’aéroport Tunis-Carthage.Le triplex comprend :– Un rez-de-chaussée de type S2 avec dressing, salle de bain, cuisine équipée, entrée pour voiture, chauffage central et climatisation.1er étage: entrée indépendante S2, cuisine, S.B, chauffage central climatisation.2éme étage: S1, cuisine, S.B, Véranda et terrasse, chauffage central et climatisationAdresse: Rond point cité Khalil vers Soukra, coté mosqué Tawba.",Terrasse; Garage; Climatisation; Chauffage central; Cuisine équipée,Climatisation; Chauffage central; Cuisine équipée; Garage; Terrasse,Terrasse; Garage; Climatisation; Chauffage central; Cuisine équipée,https://www.mubawab-media.com/assets/logos/mubawab.png; https://www.mubawab-media.com/assets/common/loading.gif; https://www.mubawab-media.com/ad/7/955/570F/h/f16a0550-8362-4833-a723-8b704da2b4c0_78421206.avif; https://www.mubawab-media.com/ad/7/955/570F/h/fcf6e020-9786-4ce9-b414-11b1f5a3211f_78421207.avif; https://www.mubawab-media.com/ad/7/955/570F/h/4a141a3a-92ea-4f65-aa9a-b10b1ee84ce2_78421208.avif; https://www.mubawab-media.com/ad/7/955/570F/h/203d9974-8be5-4d99-9de4-02154c1337d4_78421209.avif; https://www.mubawab-media.com/ad/7/955/570F/h/764c8cff-54da-44b6-83c0-d2df1bc8814a_78421210.avif; https://www.mubawab-media.com/ad/7/955/570F/h/abd11a97-d6ac-4fb3-9441-99945e6df16f_78421211.avif; https://www.mubawab-media.com/ad/7/955/570F/h/b7d25a66-fb4f-4e41-82f5-eb410820f0cd_78421212.avif; https://www.mubawab-media.com/ad/7/955/570F/h/b188f41e-9e8b-4132-83c8-a19dd5149b1a_78421213.avif; https://www.mubawab-media.com/ad/7/955/570F/h/c1ff2673-fc6a-469b-ab61-d9e2a35390bd_78421214.avif; https://www.mubawab-media.com/ad/7/955/570F/h/d8708ea1-5d48-4f05-880e-f3d638be07df_78421215.avif; https://www.mubawab-media.com/ad/7/955/570F/h/d91598e4-80ad-4541-bf09-4cb023314d83_78421216.avif; https://www.mubawab-media.com/ad/7/955/570F/h/f5e98a64-7c13-4b53-84b9-d9168fd31312_78421217.avif; https://www.mubawab-media.com/ad/7/955/570F/h/Capture%20d%27%C3%A9cran%202024-07-13%20120342_78421218.avif,"{""type de bien"": ""Maison"", ""etat"": ""Project neuf"", ""années"": ""Moins d'un an""}","{""latitude"": ""36.876389"", ""longitude"": ""10.325278""}","{""parking"": ""Oui"", ""climatisation"": ""Oui"", ""terrasse"": ""Oui""}","{""etat"": ""Neuf""}","{""formulaire_contact"": ""Disponible""}",2026-02-01T13:01:43.884894,search,True
8085951,Nouvelle maison à vendre. La marsa,https://www.mubawab.tn/fr/a/8085951/nouvelle-maison-%C3%A0-vendre-la-marsa,,La Marsa,Cité El Khalil,"Cité El Khalil, La Marsa",Maison,Vente,350000.0,350 000 TND,350000.0,105.0,"105
						m²",11,4,0,,,,,"Maison nouvellement construite Bien finie Localisation : La Marsa , près du rond-point cité El Khalil. Prix à débattre Composée de 2 étages séparés garage pour voiture. Chaque étage comprend S2 Message sur WhatsApp pour recevoir la vidéo de la maison","Maison nouvellement construiteBien finieLocalisation : La Marsa , près du rond-point cité El Khalil.Prix à débattreComposée de 2 étages séparés garage pour voiture.Chaque étage comprend S2Message sur WhatsApp pour recevoir la vidéo de la maison.",Garage,Garage,Garage,https://www.mubawab-media.com/assets/logos/mubawab.png; https://www.mubawab-media.com/assets/common/loading.gif; https://www.mubawab-media.com/ad/8/085/951F/h/1000001123_79711985.avif; https://www.mubawab-media.com/ad/8/017/927F/m/462538018_1209243977032946_3461981327121973707_n_79043096.avif; https://www.mubawab-media.com/ad/8/148/247F/m/photo_00_80414471.avif; https://www.mubawab-media.com/ad/8/285/830F/m/thumb_1238800_property_large_81778360.avif; https://www.mubawab-media.com/ad/8/234/333F/m/IMG_5986_81224592.avif; https://www.mubawab-media.com/assets/common/banks/atijjaribank.png; https://www.mubawab-media.com/assets/common/app-store/google-play-small.png; https://www.mubawab-media.com/assets/common/app-store/app-store-small.png,"{""type de bien"": ""Maison"", ""surface de la parcelle"": ""100\n\t\t\t\t\t\t\t\tm²"", ""etat"": ""Project neuf"", ""années"": ""Moins d'un an"", ""orientation"": ""Sud"", ""nombre d'étages"": ""2""}","{""latitude"": ""36.876389"", ""longitude"": ""10.325278""}","{""parking"": ""Oui""}","{""etat"": ""Neuf""}","{""formulaire_contact"": ""Disponible""}",2026-02-01T13:01:43.895356,search,True
8168057,Duplex a l’aouina en face takassim,https://www.mubawab.tn/fr/a/8168057/duplex-a-l%E2%80%99aouina-en-face-takassim,,La Marsa,Aouina,"Aouina, La Marsa",Duplex,Vente,0,Prix à consulter,0,164.0,"164
						m²",1,3,0,,,,,Duplex à l’aouina en face de takasiim en bon état de s3 de deux salle de bain à 400mille dinars et le prix est négosiable,Duplex à l’aouina en face de takasiim en bon état de s3 de deux salle de bain à 400mille dinars et le prix est négosiable,,,,https://www.mubawab-media.com/assets/logos/mubawab.png; https://www.mubawab-media.com/assets/common/loading.gif; https://www.mubawab-media.com/ad/8/168/057F/h/ADF2141D-79DD-4961-898C-5370E3EFDF3B_80540916.avif; https://www.mubawab-media.com/ad/8/168/057F/h/C229EACB-DB96-42CB-A746-3DEB45803897_80540917.avif; https://www.mubawab-media.com/ad/8/168/057F/h/BBE99C30-60FE-4FC4-8AFC-9B40E91B3651_80540918.avif; https://www.mubawab-media.com/ad/8/168/057F/h/09569A75-5742-4A86-8749-D833C81AEF20_80540919.avif; https://www.mubawab-media.com/ad/8/168/057F/h/3DC1AD72-4889-4D8D-8FC1-D9C836DD5563_80540920.avif; https://www.mubawab-media.com/ad/8/168/057F/h/7B2FA2A6-96BA-4849-BA33-83D8DF57F259_80540921.avif; https://www.mubawab-media.com/ad/8/168/057F/h/4EA7F4D3-FEDD-4622-86EB-3BB19544738A_80540922.avif; https://www.mubawab-media.com/ad/8/168/057F/h/FB82BD05-249A-41A6-A18F-2C06498A2D12_80540923.avif; https://www.mubawab-media.com/ad/8/168/057F/h/B131C09F-342F-4EC8-A271-DFBEE713162F_80540924.avif; https://www.mubawab-media.com/ad/8/168/057F/h/5DEB1C46-87B7-4420-8973-539CE1B1F111_80540925.avif; https://www.mubawab-media.com/ad/8/168/057F/h/1F05270B-E807-4698-8CAC-97B8CCFC5A1E_80540926.avif; https://www.mubawab-media.com/ad/8/168/057F/h/4793439E-97FF-4D6E-AB46-611515327B12_80540927.avif; https://www.mubawab-media.com/ad/8/168/057F/h/E811260A-E88C-4EDB-BBE6-39CC2BE64EFB_80540928.avif; https://www.mubawab-media.com/ad/8/168/057F/h/9B6EF5D8-E70E-4AC1-8FAB-5C2292229F59_80540929.avif,"{""type de bien"": ""Maison"", ""etat"": ""Bon état / habitable"", ""années"": ""5-10 ans"", ""orientation"": ""Nord"", ""type du sol"": ""Parquet"", ""nombre d'étages"": ""2""}","{""latitude"": ""36.8533886"", ""longitude"": ""10.2504908""}",{},"{""etat"": ""Neuf""}","{""formulaire_contact"": ""Disponible""}",2026-02-01T13:01:43.902499,search,True
8038007,Une Magnifique Villa S3 à vendre à Gammarth,https://www.mubawab.tn/fr/a/8038007/une-magnifique-villa-s3-%C3%A0-vendre-%C3%A0-gammarth,,La Marsa,La Marsa,"La Marsa, La Marsa",Villa,Vente,1980000.0,1 980 000 TND,1980000.0,317.0,"317
						m²",0,2,0,,,,,"NewKey La Marsa propose à la vente une charmante villa de 3 chambres à Gammarth.Au rez-de-chaussée, vous trouverez un salon, une salle à manger, une cuisine entièrement équipée ainsi qu'une salle d'eau pour les invités.A l'étage, se trouvent une suite parentale et deux chambres avec une salle de bai","NewKey La Marsa propose à la vente une charmante villa de 3 chambres à Gammarth.Au rez-de-chaussée, vous trouverez un salon, une salle à manger, une cuisine entièrement équipée ainsi qu'une salle d'eau pour les invités.A l'étage, se trouvent une suite parentale et deux chambres avec une salle de bain commune.Au sous-sol, vous pourrez profiter d'un espace de vie supplémentaire avec un salon, une buanderie, une salle d'eau et un bain maure.La villa dispose également d'un garage pour deux voitures. Référence du bien: Ref7257a",Garage; Entre-seul; Cuisine équipée; Buanderie; Sous-sol,Cuisine équipée; Garage; Buanderie; Sous-sol,Garage; Entre-seul; Cuisine équipée,https://www.mubawab-media.com/assets/logos/mubawab.png; https://www.mubawab-media.com/assets/common/loading.gif; https://www.mubawab-media.com/ad/8/038/007F/h/thumb_953054_property_xlarge_79238959.avif; https://www.mubawab-media.com/ad/8/038/007F/h/thumb_953045_property_xlarge_79238960.avif; https://www.mubawab-media.com/ad/8/038/007F/h/thumb_953062_property_xlarge_79238961.avif; https://www.mubawab-media.com/ad/8/038/007F/h/thumb_953061_property_xlarge_79238962.avif; https://www.mubawab-media.com/ad/8/038/007F/h/thumb_953060_property_xlarge_79238963.avif; https://www.mubawab-media.com/ad/8/038/007F/h/thumb_953052_property_xlarge_79238964.avif; https://www.mubawab-media.com/ad/8/038/007F/h/thumb_953050_property_xlarge_79238965.avif; https://www.mubawab-media.com/ad/8/038/007F/h/thumb_953048_property_xlarge_79238966.avif; https://www.mubawab-media.com/ad/8/038/007F/h/thumb_953047_property_xlarge_79238967.avif; https://www.mubawab-media.com/ad/8/038/007F/h/thumb_953049_property_xlarge_79238968.avif; https://www.mubawab-media.com/ad/8/038/007F/h/thumb_953051_property_xlarge_79238969.avif; https://www.mubawab-media.com/ad/8/038/007F/h/thumb_953053_property_xlarge_79238970.avif; https://www.mubawab-media.com/ad/8/038/007F/h/thumb_953046_property_xlarge_79238971.avif; https://www.mubawab-media.com/ad/8/038/007F/h/thumb_953058_property_xlarge_79238972.avif,"{""type de bien"": ""Maison""}","{""latitude"": ""36.8941992"", ""longitude"": ""10.2762232""}","{""parking"": ""Oui""}","{""etat"": ""Neuf""}","{""formulaire_contact"": ""Disponible""}",2026-02-01T13:01:43.912944,search,True
8110206,Magnifique Villa à Vendre à La Marsa,https://www.mubawab.tn/fr/a/8110206/magnifique-villa-%C3%A0-vendre-%C3%A0-la-marsa,,La Marsa,La Marsa,"La Marsa, La Marsa",Villa,Vente,2300000.0,2 300 000 TND,2300000.0,600.0,"600
						m²",0,6,0,,,,,"Newkey La Marsa vous propose une villa moderne et épurée de style balinais à la vente à La Marsa.La villa se compose d'un spacieux salon et d'une salle à manger lumineux donnant sur une belle terrasse, une piscine et un jardin.La cuisine américaine est entièrement équipée et une suite avec douche à","Newkey La Marsa vous propose une villa moderne et épurée de style balinais à la vente à La Marsa.La villa se compose d'un spacieux salon et d'une salle à manger lumineux donnant sur une belle terrasse, une piscine et un jardin.La cuisine américaine est entièrement équipée et une suite avec douche à l'italienne se trouve également au rez-de-chaussée.A l'étage, on retrouve deux suites avec leur propre salle de douche, ainsi qu'une grande suite parentale avec double vasque, douche et baignoire.La villa dispose également de deux garages pouvant accueillir jusqu'à trois voitures, d'un chauffage au sol, de climatiseurs en split, d'un système de caméra de surveillance, d'une alarme, d'une douche extérieure et d'un puits.Référence du bien: Ref7716a",Jardin; Terrasse; Garage; Piscine; Climatisation; Chauffage central; Sécurité,Climatisation; Chauffage central; Sécurité; Garage; Terrasse; Jardin; Piscine,Jardin; Terrasse; Garage; Piscine; Climatisation; Chauffage central; Sécurité,https://www.mubawab-media.com/assets/logos/mubawab.png; https://www.mubawab-media.com/assets/common/loading.gif; https://www.mubawab-media.com/ad/8/110/206F/h/thumb_1021195_property_xlarge_79946368.avif; https://www.mubawab-media.com/ad/8/110/206F/h/thumb_1021192_property_xlarge_79946369.avif; https://www.mubawab-media.com/ad/8/110/206F/h/thumb_1021194_property_xlarge_79946370.avif; https://www.mubawab-media.com/ad/8/110/206F/h/thumb_1021196_property_xlarge_79946371.avif; https://www.mubawab-media.com/ad/8/110/206F/h/thumb_1021197_property_xlarge_79946372.avif; https://www.mubawab-media.com/ad/8/110/206F/h/thumb_1021198_property_xlarge_79946373.avif; https://www.mubawab-media.com/ad/8/110/206F/h/thumb_1021199_property_xlarge_79946374.avif; https://www.mubawab-media.com/ad/8/110/206F/h/thumb_1021200_property_xlarge_79946375.avif; https://www.mubawab-media.com/ad/8/110/206F/h/thumb_1021202_property_xlarge_79946376.avif; https://www.mubawab-media.com/business/6/985F/s/72680355_2373264952771439_7970925724703916032_n.avif; https://www.mubawab-media.com/ad/8/289/868F/m/thumb_1263498_property_large_81820843.avif; https://www.mubawab-media.com/ad/8/241/146F/m/566365879_1113405827222346_46165390430367950_n-2_81294016.avif,"{""type de bien"": ""Maison""}","{""latitude"": ""36.8941992"", ""longitude"": ""10.2762232""}","{""parking"": ""Oui"", ""climatisation"": ""Oui"", ""securite"": ""Oui"", ""piscine"": ""Oui"", ""jardin"": ""Oui"", ""terrasse"": ""Oui""}","{""etat"": ""Neuf""}","{""formulaire_contact"": ""Disponible""}",2026-02-01T13:01:43.918048,search,True
8161526,Spacieuse maison S3 à la Marsa ville,https://www.mubawab.tn/fr/a/8161526/spacieuse-maison-s3-%C3%A0-la-marsa-ville,,La Marsa,La Marsa,"La Marsa, La Marsa",Maison,Vente,850000.0,850 000 TND,850000.0,270.0,"270
						m²",4,3,0,,,,,"À vendre une belle et grande maison située dans l’un des quartiers les plus recherchés de La Marsa : La Marsa ville ,à proximité directe du lycée français Cailloux. Cette propriété de plain-pied (rez-de-chaussée) offre un cadre de vie confortable, lumineux et familial, parfait pour une résidence pri","À vendre une belle et grande maison située dans l’un des quartiers les plus recherchés de La Marsa : La Marsa ville ,à proximité directe du lycée français Cailloux. Cette propriété de plain-pied (rez-de-chaussée) offre un cadre de vie confortable, lumineux et familial, parfait pour une résidence principale-Superficie généreuse avec une bonne répartition des espaces: 270 m2-Salon spacieux ouvrant sur le jardin-Trois chambres à coucher lumineuses et bien agencées-Cuisine indépendante avec accès directe à la terrasse-Salle de bain salle d’eau séparée-Grand jardin privé idéal pour les enfants, les animaux ou les moments de détente-Terrasse agréable pour profiter du soleil-Garage fermé avec un espace de rangement (type cellier ou buanderie)",Jardin; Terrasse; Garage; Chambre rangement; Entre-seul; Chauffage central; Double vitrage; Porte blindée; Cuisine équipée,Chauffage central; Double vitrage; Porte blindée; Cuisine équipée; Garage; Terrasse; Jardin,Jardin; Terrasse; Garage; Chambre rangement; Entre-seul; Chauffage central; Double vitrage; Porte blindée; Cuisine équipée,https://www.mubawab-media.com/assets/logos/mubawab.png; https://www.mubawab-media.com/assets/common/loading.gif; https://www.mubawab-media.com/ad/8/161/526F/h/IMG_8207_80475402.avif; https://www.mubawab-media.com/ad/8/161/526F/h/IMG_8208_80475403.avif; https://www.mubawab-media.com/ad/8/161/526F/h/IMG_8212_80475404.avif; https://www.mubawab-media.com/ad/8/161/526F/h/IMG_8227_80475405.avif; https://www.mubawab-media.com/ad/8/161/526F/h/IMG_8230_80475406.avif; https://www.mubawab-media.com/ad/8/161/526F/h/IMG_8238_80475407.avif; https://www.mubawab-media.com/ad/8/161/526F/h/IMG_8240_80475408.avif; https://www.mubawab-media.com/ad/8/161/526F/h/IMG_8243_80475409.avif; https://www.mubawab-media.com/ad/8/161/526F/h/IMG_8218_80475410.avif; https://www.mubawab-media.com/ad/8/161/526F/h/IMG_8256_80475411.avif; https://www.mubawab-media.com/ad/8/161/526F/h/IMG_8255_80475412.avif; https://www.mubawab-media.com/ad/8/161/526F/h/IMG_8263_80475413.avif; https://www.mubawab-media.com/ad/8/161/526F/h/IMG_8214_80475414.avif; https://www.mubawab-media.com/ad/8/161/526F/h/IMG_8203_80475415.avif,"{""type de bien"": ""Maison"", ""surface de la parcelle"": ""230\n\t\t\t\t\t\t\t\tm²"", ""etat"": ""Bon état / habitable"", ""années"": ""10-20 ans"", ""orientation"": ""Nord"", ""type du sol"": ""Marbre"", ""nombre d'étages"": ""1""}","{""latitude"": ""36.8941992"", ""longitude"": ""10.2762232""}","{""parking"": ""Oui"", ""jardin"": ""Oui"", ""terrasse"": ""Oui""}","{""etat"": ""Neuf""}","{""formulaire_contact"": ""Disponible""}",2026-02-01T13:01:43.937427,search,True
8053577,A Vendre Villa s4 à La Marsa cité riadh,https://www.mubawab.tn/fr/a/8053577/a-vendre-villa-s4-%C3%A0-la-marsa-cit%C3%A9-riadh,,La Marsa,La Marsa,"La Marsa, La Marsa",Villa,Vente,1050000.0,1 050 000 TND,1050000.0,408.0,"408
						m²",3,5,1,,,,,Vip Real Estate met à la Vente une villla jumelée d’un seil coté environ de 300m² Habitable sur un terrain de 408m² enveloppée par un jardin et une Terrasse. À l’entrée un salon lumineux et spacieux. La cuisine s’ouvre sur une autre cuisine fonctionnelle. Une salle d’eau pour les invités est éga,Vip Real Estate met à la Vente une villla jumelée d’un seil coté environ de 300m² Habitable sur un terrain de 408m² enveloppée par un jardin et une Terrasse. À l’entrée un salon lumineux et spacieux. La cuisine s’ouvre sur une autre cuisine fonctionnelle. Une salle d’eau pour les invités est également disponible. L’étage de la villa se compose d’un salon spacieux Une salle de chambres à coucher sont aménagées partagent une salle de bain commune. Possible d’avoir un Etage suppléméntaire. Cette villa représente une belle opportunité à ne pas manquer. Contactez-nous pour plus d’informations ou pour organiser une visite,Jardin; Terrasse,Terrasse; Jardin,Jardin; Terrasse,https://www.mubawab-media.com/assets/logos/mubawab.png; https://www.mubawab-media.com/assets/common/loading.gif; https://www.mubawab-media.com/ad/8/053/577F/h/thumb_956465_property_large_79394394.avif; https://www.mubawab-media.com/ad/8/053/577F/h/thumb_956467_property_large_79394395.avif; https://www.mubawab-media.com/ad/8/053/577F/h/thumb_956466_property_large_79394396.avif; https://www.mubawab-media.com/ad/8/053/577F/h/thumb_956464_property_large_79394397.avif; https://www.mubawab-media.com/ad/8/053/577F/h/thumb_956468_property_large_79394398.avif; https://www.mubawab-media.com/business/8/054F/s/WhatsApp%20Image%202026-01-16%20at%2010.13.43_81799087.avif; https://www.mubawab-media.com/ad/8/012/675F/m/WhatsApp%20Image%202024-09-16%20%C3%A0%2021.13.11_50f9436b_78991157.avif; https://www.mubawab-media.com/ad/8/295/317F/m/621156463_1586310719181480_7595501479568121445_n_81881076.avif; https://www.mubawab-media.com/ad/8/288/951F/m/1000154867_81811348.avif; https://www.mubawab-media.com/ad/8/285/576F/m/thumb_1238288_property_large_81776172.avif; https://www.mubawab-media.com/assets/common/banks/atijjaribank.png,"{""type de bien"": ""Maison"", ""etat"": ""Bon état / habitable""}","{""latitude"": ""36.876389"", ""longitude"": ""10.325278""}","{""jardin"": ""Oui"", ""terrasse"": ""Oui""}","{""etat"": ""Neuf""}","{""formulaire_contact"": ""Disponible""}",2026-02-01T13:01:43.949561,search,True
8150469,"Maison S3 de 175m², Marsa ville",https://www.mubawab.tn/fr/a/8150469/maison-s3-de-175m%C2%B2-marsa-ville,,La Marsa,La Marsa,"La Marsa, La Marsa",Maison,Vente,1800000.0,1 800 000 TND,1800000.0,175.0,"175
						m²",4,3,0,,,,,"- Très bien située à deux minutes à pied du rond-point Tunisie Telecom. - Usage commercial ou habitation, suite à son emplacement sur une artère principale. - Au rez-de-chaussée se trouvent un salon, une cuisine et une salle de douche. - A l'étage se trouvent trois chambres à coucher dont deux on","- Très bien située à deux minutes à pied du rond-point Tunisie Telecom.- Usage commercial ou habitation, suite à son emplacement sur une artère principale.- Au rez-de-chaussée se trouvent un salon, une cuisine et une salle de douche.- A l'étage se trouvent trois chambres à coucher dont deux ont des balcons, qui se partagent une salle de bain.- une terrasse et un jardin son disponible.- Possibilité de rajouter un deuxième étage.",Jardin; Terrasse; Balcon,Terrasse; Jardin; Balcon,Jardin; Terrasse,https://www.mubawab-media.com/assets/logos/mubawab.png; https://www.mubawab-media.com/assets/common/loading.gif; https://www.mubawab-media.com/ad/8/150/469F/h/6ef96311-243f-47d7-883f-39dacb93b6e3_80351996.avif; https://www.mubawab-media.com/ad/8/150/469F/h/6496d8ee-5855-4174-8f0b-ff1ae4c6215d_80351997.avif; https://www.mubawab-media.com/ad/8/150/469F/h/00a01ac6-a03f-4b08-b325-4c3bb3eda829_80351998.avif; https://www.mubawab-media.com/ad/8/150/469F/h/eacb7a0c-4418-45b4-b375-9b16e3c34b33_80351999.avif; https://www.mubawab-media.com/ad/8/150/469F/h/97473e82-3c5b-40bc-a216-3aad44816d7a_80352000.avif; https://www.mubawab-media.com/ad/8/150/469F/h/f8d5258c-35ff-42e1-a10e-476bfbfd02c2_80352001.avif; https://www.mubawab-media.com/ad/8/150/469F/h/cac788c1-b7f5-4dbe-8e44-2a1c99f909a1_80352002.avif; https://www.mubawab-media.com/ad/8/150/469F/h/32cc322f-6d85-4396-941a-6c5f8566feab_80352003.avif; https://www.mubawab-media.com/business/9/052F/s/382987945_254750600893559_8771594024453997613_n_58447309.avif; https://www.mubawab-media.com/ad/8/269/249F/m/4_81600917.avif; https://www.mubawab-media.com/ad/8/231/632F/m/thumb_1181290_property_xlarge_81196810.avif; https://www.mubawab-media.com/ad/8/265/915F/m/IMG_20251203_152815_559_561_HDR_2025-12-03_21-09-49_capture%20d%27%C3%A9cran_81562244.avif,"{""type de bien"": ""Maison"", ""etat"": ""Bon état / habitable""}","{""latitude"": ""36.876389"", ""longitude"": ""10.325278""}","{""jardin"": ""Oui"", ""terrasse"": ""Oui""}","{""etat"": ""Neuf""}","{""formulaire_contact"": ""Disponible""}",2026-02-01T13:01:43.961817,search,True
8146636,Villa S6 à Vendre à La Marsa,https://www.mubawab.tn/fr/a/8146636/villa-s6-%C3%A0-vendre-%C3%A0-la-marsa,,La Marsa,La Marsa,"La Marsa, La Marsa",Villa,Vente,0,Prix à consulter,0,787.0,"787
						m²",0,6,0,,,,,"L'agence immobilière New Key La Marsa propose à la vente une magnifique villa de 6 pièces dans l'un des quartiers les plus prisés de La Marsa.Au rez-de-chaussée, vous trouverez un vaste salon lumineux donnant accès à une terrasse et à un jardin gazonné avec piscine.Vous pourrez également profiter d","L'agence immobilière New Key La Marsa propose à la vente une magnifique villa de 6 pièces dans l'un des quartiers les plus prisés de La Marsa.Au rez-de-chaussée, vous trouverez un vaste salon lumineux donnant accès à une terrasse et à un jardin gazonné avec piscine.Vous pourrez également profiter d'une salle à manger spacieuse et d'une cuisine entièrement équipée.Une suite parentale et une chambre à coucher complètent ce niveau.A l'étage, deux chambres à coucher, deux suites parentales avec leur propre salle de bain, ainsi qu'une salle de bain commune pour les autres chambres.Chaque chambre offre une vue imprenable sur le jardin et la piscine.Un garage pour deux voitures est également à votre disposition.Référence du bien: Ref8035a",Jardin; Terrasse; Garage; Piscine; Cuisine équipée,Cuisine équipée; Garage; Terrasse; Jardin; Piscine,Jardin; Terrasse; Garage; Piscine; Cuisine équipée,https://www.mubawab-media.com/assets/logos/mubawab.png; https://www.mubawab-media.com/assets/common/loading.gif; https://www.mubawab-media.com/ad/8/146/636F/h/thumb_1012380_property_xlarge_80314155.avif; https://www.mubawab-media.com/ad/8/146/636F/h/thumb_1095147_property_xlarge_80314156.avif; https://www.mubawab-media.com/ad/8/146/636F/h/thumb_1095158_property_xlarge_80314157.avif; https://www.mubawab-media.com/ad/8/146/636F/h/thumb_1095157_property_xlarge_80314158.avif; https://www.mubawab-media.com/ad/8/146/636F/h/thumb_1095155_property_xlarge_80314159.avif; https://www.mubawab-media.com/ad/8/146/636F/h/thumb_1095154_property_xlarge_80314160.avif; https://www.mubawab-media.com/ad/8/146/636F/h/thumb_1095153_property_xlarge_80314161.avif; https://www.mubawab-media.com/ad/8/146/636F/h/thumb_1095152_property_xlarge_80314162.avif; https://www.mubawab-media.com/ad/8/146/636F/h/thumb_1095150_property_xlarge_80314163.avif; https://www.mubawab-media.com/ad/8/146/636F/h/thumb_1095149_property_xlarge_80314164.avif; https://www.mubawab-media.com/ad/8/146/636F/h/thumb_1095159_property_xlarge_80314165.avif; https://www.mubawab-media.com/business/6/985F/s/72680355_2373264952771439_7970925724703916032_n.avif,"{""type de bien"": ""Maison""}","{""latitude"": ""36.8941992"", ""longitude"": ""10.2762232""}","{""parking"": ""Oui"", ""piscine"": ""Oui"", ""jardin"": ""Oui"", ""terrasse"": ""Oui""}","{""etat"": ""Neuf""}","{""formulaire_contact"": ""Disponible""}",2026-02-01T13:01:43.969413,search,True
8137664,Triplex S4 Neuf à Gammarth,https://www.mubawab.tn/fr/a/8137664/triplex-s4-neuf-%C3%A0-gammarth,,La Marsa,La Marsa,"La Marsa, La Marsa",Triplex,Vente,1500000.0,1 500 000 TND,1500000.0,250.0,"250
						m²",0,4,0,,,,,"Newkey La Marsa vous propose à la location un triplex avec ascenseur.Ce logement comprend au rez-de-chaussée une cuisine ouverte équipée, une salle d'eau et un salon en double hauteur qui s'ouvre sur la piscine.Au premier étage, vous trouverez trois suites avec leur propre salle de bain.Au deuxième","Newkey La Marsa vous propose à la location un triplex avec ascenseur.Ce logement comprend au rez-de-chaussée une cuisine ouverte équipée, une salle d'eau et un salon en double hauteur qui s'ouvre sur la piscine.Au premier étage, vous trouverez trois suites avec leur propre salle de bain.Au deuxième étage, une grande suite parentale avec balcon et une chambre dressing.Le sous-sol comprend une chambre de service ainsi qu'un garage privatif.Référence du bien: Ref7966a",Terrasse; Garage; Ascenseur; Piscine; Entre-seul; Balcon; Sous-sol,Ascenseur; Garage; Terrasse; Piscine; Balcon; Sous-sol,Terrasse; Garage; Ascenseur; Piscine; Entre-seul,https://www.mubawab-media.com/assets/logos/mubawab.png; https://www.mubawab-media.com/assets/common/loading.gif; https://www.mubawab-media.com/ad/8/137/664F/h/thumb_1079669_property_xlarge_80225346.avif; https://www.mubawab-media.com/ad/8/137/664F/h/thumb_1080386_property_xlarge_80225348.avif; https://www.mubawab-media.com/ad/8/137/664F/h/thumb_1080397_property_xlarge_80225359.avif; https://www.mubawab-media.com/ad/8/137/664F/h/thumb_1080396_property_xlarge_80225360.avif; https://www.mubawab-media.com/ad/8/137/664F/h/thumb_1080395_property_xlarge_80225361.avif; https://www.mubawab-media.com/ad/8/137/664F/h/thumb_1080394_property_xlarge_80225362.avif; https://www.mubawab-media.com/ad/8/137/664F/h/thumb_1080393_property_xlarge_80225363.avif; https://www.mubawab-media.com/ad/8/137/664F/h/thumb_1080392_property_xlarge_80225364.avif; https://www.mubawab-media.com/ad/8/137/664F/h/thumb_1080391_property_xlarge_80225365.avif; https://www.mubawab-media.com/ad/8/137/664F/h/thumb_1080390_property_xlarge_80225366.avif; https://www.mubawab-media.com/ad/8/137/664F/h/thumb_1080389_property_xlarge_80225367.avif; https://www.mubawab-media.com/ad/8/137/664F/h/thumb_1080388_property_xlarge_80225368.avif; https://www.mubawab-media.com/ad/8/137/664F/h/thumb_1080387_property_xlarge_80225369.avif; https://www.mubawab-media.com/ad/8/137/664F/h/thumb_1080398_property_xlarge_80225370.avif,"{""type de bien"": ""Maison""}","{""latitude"": ""36.8941992"", ""longitude"": ""10.2762232""}","{""parking"": ""Oui"", ""ascenseur"": ""Oui"", ""piscine"": ""Oui"", ""terrasse"": ""Oui""}","{""etat"": ""Neuf""}","{""formulaire_contact"": ""Disponible""}",2026-02-01T13:01:43.982033,search,True
8140876,Vente villa gammarth touristique,https://www.mubawab.tn/fr/a/8140876/vente-villa-gammarth-touristique,,La Marsa,Gammarth,"Gammarth, La Marsa",Villa,Vente,3200000.0,3 200 000 TND,3200000.0,400.0,"400
						m²",8,5,0,,,,,"À Vendre – Superbe Villa à Gammarth Touristique Emplacement privilégié – Gammarth Touristique Terrain : 600 m² Prix : 3 200 000 DT Découvrez cette magnifique villa située dans l’un des quartiers les plus prisés de Gammarth. Nichée sur un terrain de 600 m², cette propriété offre un cadre de vie","À Vendre – Superbe Villa à Gammarth TouristiqueEmplacement privilégié – Gammarth TouristiqueTerrain : 600 m²Prix : 3 200 000 DTDécouvrez cette magnifique villa située dans l’un des quartiers les plus prisés de Gammarth. Nichée sur un terrain de 600 m², cette propriété offre un cadre de vie alliant confort, luxe et tranquillité.Composition :Rez-de-chaussée :Jardin arboréPiscine privéeSpacieux salon lumineuxSalle à manger convivialeSalle d’eau pour invitésCuisine entièrement équipéeÀ l’étage :3 chambres confortablesCette villa est idéale pour une résidence principale ou une maison de vacances, proche de toutes les commodités et à quelques minutes des plages.Pour plus d’informations ou pour organiser une visite, n’hésitez pas à nous contacter.",Jardin; Terrasse; Garage; Piscine; Chambre rangement; Climatisation; Chauffage central; Sécurité; Porte blindée; Cuisine équipée,Climatisation; Chauffage central; Sécurité; Porte blindée; Cuisine équipée; Garage; Terrasse; Jardin; Piscine,Jardin; Terrasse; Garage; Piscine; Chambre rangement; Climatisation; Chauffage central; Sécurité; Porte blindée; Cuisine équipée,https://www.mubawab-media.com/assets/logos/mubawab.png; https://www.mubawab-media.com/assets/common/loading.gif; https://www.mubawab-media.com/ad/8/140/876F/h/thumb_1088705_property_xlarge_80257926.avif; https://www.mubawab-media.com/ad/8/140/876F/h/thumb_1088708_property_xlarge_80257927.avif; https://www.mubawab-media.com/ad/8/140/876F/h/thumb_1088711_property_xlarge_80257928.avif; https://www.mubawab-media.com/ad/8/140/876F/h/thumb_1088725_property_xlarge_80257929.avif; https://www.mubawab-media.com/ad/8/140/876F/h/thumb_1088753_property_xlarge_80257930.avif; https://www.mubawab-media.com/ad/8/140/876F/h/thumb_1088759_property_xlarge_80257931.avif; https://www.mubawab-media.com/ad/8/140/876F/h/thumb_1088715_property_xlarge_80257932.avif; https://www.mubawab-media.com/business/7/290F/s/Fichier%203%401200x-8.avif; https://www.mubawab-media.com/ad/8/286/513F/m/thumb_1219091_property_xlarge_81785520.avif; https://www.mubawab-media.com/ad/7/792/983F/m/3a360017-6056-43e5-802c-dccd4caeac7d_GF_58126781.avif; https://www.mubawab-media.com/ad/7/996/924F/m/fd837f13-adfb-4af2-98d8-d1a489394920_GF_GF_78826407.avif; https://www.mubawab-media.com/ad/8/249/201F/m/Messenger_creation_45526F38-1EA2-4083-B684-9B190E4FA662_81377075.avif,"{""type de bien"": ""Maison"", ""surface de la parcelle"": ""600\n\t\t\t\t\t\t\t\tm²"", ""etat"": ""Bon état / habitable""}","{""latitude"": ""36.876389"", ""longitude"": ""10.325278""}","{""parking"": ""Oui"", ""climatisation"": ""Oui"", ""securite"": ""Oui"", ""piscine"": ""Oui"", ""jardin"": ""Oui"", ""terrasse"": ""Oui""}","{""etat"": ""Neuf""}","{""formulaire_contact"": ""Disponible""}",2026-02-01T13:01:43.991375,search,True
8146944,Duplex S4 haut standing Gammarth,https://www.mubawab.tn/fr/a/8146944/duplex-s4-haut-standing-gammarth,,La Marsa,Gammarth Village,"Gammarth Village, La Marsa",Villa,Vente,800000.0,800 000 TND,800000.0,200.0,"200
						m²",5,4,0,,,,,"Réf: AVM01784 Perla Immo met en vente un duplex R1 haut standing; Emplacement: Gammarth village, quartier propre proche de toutes commodités. Superficie terrain: 200 m² Superficie Bâtit: 130*2 m² Typologie S4. Composition:Rez de chaussée: salon salle à manger, une salle d’eau d’invités et une cuisin","Réf: AVM01784 Perla Immo met en vente un duplex R1 haut standing; Emplacement: Gammarth village, quartier propre proche de toutes commodités. Superficie terrain: 200 m² Superficie Bâtit: 130*2 m² Typologie S4. Composition:Rez de chaussée: salon salle à manger, une salle d’eau d’invités et une cuisine bien équipée avec séchoir (terrasse). A l’étage: 4 chambres à coucher dont trois avec dressings et une salle de bain commune. Climatiseurs. Chauffage central. Garage pour une voiture. Un petit jardin",Jardin; Terrasse; Garage; Climatisation; Chauffage central; Cuisine équipée,Climatisation; Chauffage central; Cuisine équipée; Garage; Terrasse; Jardin,Jardin; Terrasse; Garage; Climatisation; Chauffage central; Cuisine équipée,https://www.mubawab-media.com/assets/logos/mubawab.png; https://www.mubawab-media.com/assets/common/loading.gif; https://www.mubawab-media.com/ad/8/146/944F/h/thumb_1095932_property_large_80317376.avif; https://www.mubawab-media.com/ad/8/146/944F/h/thumb_1095918_property_large_80317377.avif; https://www.mubawab-media.com/ad/8/146/944F/h/thumb_1095936_property_large_80317378.avif; https://www.mubawab-media.com/ad/8/146/944F/h/thumb_1095935_property_large_80317379.avif; https://www.mubawab-media.com/ad/8/146/944F/h/thumb_1095933_property_large_80317380.avif; https://www.mubawab-media.com/ad/8/146/944F/h/thumb_1095930_property_large_80317381.avif; https://www.mubawab-media.com/ad/8/146/944F/h/thumb_1095925_property_large_80317382.avif; https://www.mubawab-media.com/ad/8/146/944F/h/thumb_1095924_property_large_80317383.avif; https://www.mubawab-media.com/ad/8/146/944F/h/thumb_1095922_property_large_80317384.avif; https://www.mubawab-media.com/ad/8/146/944F/h/thumb_1095919_property_large_80317385.avif; https://www.mubawab-media.com/ad/8/146/944F/h/thumb_1095937_property_large_80317386.avif; https://www.mubawab-media.com/ad/8/146/944F/h/thumb_1095939_property_large_80317387.avif,"{""type de bien"": ""Maison"", ""etat"": ""Bon état / habitable"", ""nombre d'étages"": ""2""}","{""latitude"": ""36.876389"", ""longitude"": ""10.325278""}","{""parking"": ""Oui"", ""climatisation"": ""Oui"", ""jardin"": ""Oui"", ""terrasse"": ""Oui""}","{""etat"": ""Neuf""}","{""formulaire_contact"": ""Disponible""}",2026-02-01T13:01:44.001270,search,True
8134947,Petit local,https://www.mubawab.tn/fr/a/8134947/petit-local,,La Marsa,La Marsa,"La Marsa, La Marsa",Maison,Vente,0,Prix à consulter,0,12.0,"12
						m²",1,1,1,,,,,À vendre un petit local de 12 m2 plus mizzanine à sidi abed el Aziz la marsa en 2 eme position à moins que 10 minute à pied de la plage,À vendre un petit local de 12 m2 plus mizzanine à sidi abed el Aziz la marsa en 2 eme position à moins que 10 minute à pied de la plage,Entre-seul,,Entre-seul,https://www.mubawab-media.com/assets/logos/mubawab.png; https://www.mubawab-media.com/assets/common/loading.gif; https://www.mubawab-media.com/ad/8/134/947F/h/1000050378_80199296.avif; https://www.mubawab-media.com/assets/common/banks/atijjaribank.png; https://www.mubawab-media.com/assets/common/app-store/google-play-small.png; https://www.mubawab-media.com/assets/common/app-store/app-store-small.png,"{""type de bien"": ""Maison"", ""surface de la parcelle"": ""12\n\t\t\t\t\t\t\t\tm²"", ""etat"": ""À rénover""}","{""latitude"": ""36.88953637840888"", ""longitude"": ""10.320607190672565""}",{},"{""etat"": ""Neuf""}","{""formulaire_contact"": ""Disponible""}",2026-02-01T13:01:44.009299,search,True
8126535,Maison en vente,https://www.mubawab.tn/fr/a/8126535/maison-en-vente,,La Marsa,Bhar Lazreg,"Bhar Lazreg, La Marsa",Maison,Vente,0,Prix à consulter,0,151.0,"151
						m²",1,2,1,,,,,"Une maison composée de rez-de-chaussée et d’un premier étage rez-de-chaussée, détient deux garage un salon et deux chambres à coucher et une salle de bain. Le premier étage détient d’une cuisine moderne, deux chambres, un salon et une salle de bain, situé dans un beau quartier de la Marsa bhar laz","Une maison composée de rez-de-chaussée et d’un premier étagerez-de-chaussée, détient deux garage un salon et deux chambres à coucher et une salle de bain.Le premier étage détient d’une cuisine moderne, deux chambres, un salon et une salle de bain, situé dans un beau quartier de la Marsa bhar lazreg, auprès de toutes les commodités, Carrefour, centre-ville,marsa",Garage; Antenne parabolique; Sécurité; Cuisine équipée,Sécurité; Cuisine équipée; Garage,Garage; Antenne parabolique; Sécurité; Cuisine équipée,https://www.mubawab-media.com/assets/logos/mubawab.png; https://www.mubawab-media.com/assets/common/loading.gif; https://www.mubawab-media.com/ad/8/126/535F/h/IMG_6120_80113304.avif; https://www.mubawab-media.com/ad/8/263/627F/m/WhatsApp%20Image%202025-12-01%20at%2008.29.24%20%284%29_81586914.avif; https://www.mubawab-media.com/ad/8/288/301F/m/1000205981_81804647.avif; https://www.mubawab-media.com/ad/7/993/856F/m/thumb_897458_property_xlarge_78796046.avif; https://www.mubawab-media.com/ad/8/181/360F/m/WhatsApp%20Image%202025-07-15%20%C3%A0%2014.22.15_40999249_80676137.avif; https://www.mubawab-media.com/assets/common/banks/atijjaribank.png; https://www.mubawab-media.com/assets/common/app-store/google-play-small.png; https://www.mubawab-media.com/assets/common/app-store/app-store-small.png,"{""type de bien"": ""Maison"", ""etat"": ""Project neuf"", ""années"": ""1-5 ans"", ""nombre d'étages"": ""2""}","{""latitude"": ""36.876389"", ""longitude"": ""10.325278""}","{""parking"": ""Oui"", ""securite"": ""Oui""}","{""etat"": ""Neuf""}","{""formulaire_contact"": ""Disponible""}",2026-02-01T13:01:44.017880,search,True
8116568,Villa vue mer à Carthage,https://www.mubawab.tn/fr/a/8116568/villa-vue-mer-%C3%A0-carthage,,La Marsa,La Marsa,"La Marsa, La Marsa",Villa,Vente,6500000.0,6 500 000 TND,6500000.0,700.0,"700
						m²",0,0,0,,,,,Référence du bien: Ref6960a,Référence du bien: Ref6960a,,,,https://www.mubawab-media.com/assets/logos/mubawab.png; https://www.mubawab-media.com/assets/common/loading.gif; https://www.mubawab-media.com/ad/8/116/568F/h/thumb_904543_property_xlarge_80010863.avif; https://www.mubawab-media.com/ad/8/116/568F/h/thumb_904538_property_xlarge_80010864.avif; https://www.mubawab-media.com/ad/8/116/568F/h/thumb_904553_property_xlarge_80010865.avif; https://www.mubawab-media.com/ad/8/116/568F/h/thumb_904554_property_xlarge_80010866.avif; https://www.mubawab-media.com/ad/8/116/568F/h/thumb_904555_property_xlarge_80010867.avif; https://www.mubawab-media.com/ad/8/116/568F/h/thumb_904556_property_xlarge_80010868.avif; https://www.mubawab-media.com/ad/8/116/568F/h/thumb_904557_property_xlarge_80010869.avif; https://www.mubawab-media.com/ad/8/116/568F/h/thumb_904558_property_xlarge_80010870.avif; https://www.mubawab-media.com/ad/8/116/568F/h/thumb_904559_property_xlarge_80010871.avif; https://www.mubawab-media.com/ad/8/116/568F/h/thumb_904560_property_xlarge_80010872.avif; https://www.mubawab-media.com/ad/8/116/568F/h/thumb_904561_property_xlarge_80010873.avif; https://www.mubawab-media.com/ad/8/116/568F/h/thumb_904562_property_xlarge_80010874.avif; https://www.mubawab-media.com/ad/8/116/568F/h/thumb_904563_property_xlarge_80010875.avif; https://www.mubawab-media.com/ad/8/116/568F/h/thumb_904552_property_xlarge_80010876.avif,"{""type de bien"": ""Maison""}","{""latitude"": ""36.876389"", ""longitude"": ""10.325278""}",{},"{""etat"": ""Neuf""}","{""formulaire_contact"": ""Disponible""}",2026-02-01T13:01:44.029132,search,True
8101975,Une villa s3,https://www.mubawab.tn/fr/a/8101975/une-villa-s3,,La Marsa,Gammarth Supérieur,"Gammarth Supérieur, La Marsa",Villa,Vente,2400000.0,2 400 000 TND,2400000.0,600.0,"600
						m²",5,4,0,,,,,On vous propose à la vente une villa avec piscine située à Gammarth touristique à 5mn à pied de la plage et 2mn en voiture de carrefour Gammarth. Superficie 600 m² RDC Salon salle à manger avec cheminée au bois naturel qui donnent sur la piscine. Une cuisine totalement équipée qui donne aussi sur la,On vous propose à la vente une villa avec piscine située à Gammarth touristique à 5mn à pied de la plage et 2mn en voiture de carrefour Gammarth. Superficie 600 m² RDC Salon salle à manger avec cheminée au bois naturel qui donnent sur la piscine. Une cuisine totalement équipée qui donne aussi sur la piscine. Une salle d’eau invités. 1er étage Une suite parentale 2 chambres à coucher Une salle de bain commune Sous sol Un garage pour 2 voitures Un petit studio Tous les équipements sont de haute qualité et de dernière génération hight-tech. Prix MD Pour plus d’informations veuillez prendre contact avec notre agent immobilier,Jardin; Terrasse; Garage; Piscine; Entre-seul; Cheminée; Climatisation; Chauffage central; Sécurité; Porte blindée; Cuisine équipée,Climatisation; Chauffage central; Sécurité; Porte blindée; Cuisine équipée; Garage; Terrasse; Jardin; Piscine; Cheminée,Jardin; Terrasse; Garage; Piscine; Entre-seul; Cheminée; Climatisation; Chauffage central; Sécurité; Porte blindée; Cuisine équipée,https://www.mubawab-media.com/assets/logos/mubawab.png; https://www.mubawab-media.com/assets/common/loading.gif; https://www.mubawab-media.com/ad/8/101/975F/h/thumb_1028900_property_large_79865187.avif; https://www.mubawab-media.com/ad/8/101/975F/h/thumb_1028904_property_large_79865183.avif; https://www.mubawab-media.com/ad/8/101/975F/h/thumb_1028893_property_large_79865182.avif; https://www.mubawab-media.com/ad/8/101/975F/h/thumb_1028903_property_large_79865184.avif; https://www.mubawab-media.com/ad/8/101/975F/h/thumb_1028902_property_large_79865185.avif; https://www.mubawab-media.com/ad/8/101/975F/h/thumb_1028901_property_large_79865186.avif; https://www.mubawab-media.com/ad/8/101/975F/h/thumb_1028899_property_large_79865188.avif; https://www.mubawab-media.com/ad/8/101/975F/h/thumb_1028898_property_large_79865189.avif; https://www.mubawab-media.com/ad/8/101/975F/h/thumb_1028897_property_large_79865190.avif; https://www.mubawab-media.com/ad/8/101/975F/h/thumb_1028896_property_large_79865191.avif; https://www.mubawab-media.com/ad/8/101/975F/h/thumb_1028895_property_large_79865192.avif; https://www.mubawab-media.com/ad/8/101/975F/h/thumb_1028894_property_large_79865193.avif; https://www.mubawab-media.com/ad/8/101/975F/h/thumb_1028905_property_large_79865194.avif,"{""type de bien"": ""Maison"", ""etat"": ""Bon état / habitable""}","{""latitude"": ""36.876389"", ""longitude"": ""10.325278""}","{""parking"": ""Oui"", ""climatisation"": ""Oui"", ""securite"": ""Oui"", ""piscine"": ""Oui"", ""jardin"": ""Oui"", ""terrasse"": ""Oui""}","{""etat"": ""Neuf""}","{""formulaire_contact"": ""Disponible""}",2026-02-01T13:01:44.038867,search,True
8097341,Villa S5 à Vendre à Gammarth,https://www.mubawab.tn/fr/a/8097341/villa-s5-%C3%A0-vendre-%C3%A0-gammarth,,La Marsa,La Marsa,"La Marsa, La Marsa",Villa,Vente,1500000.0,1 500 000 TND,1500000.0,350.0,"350
						m²",0,5,0,,,,,"New Key La Marsa vous propose à la location une villa à Gammarth.Au rez-de-chaussée, vous trouverez un salon donnant sur la terrasse et la piscine, ainsi qu'une cuisine équipée et une salle d'eau pour les invités.À l'étage, vous découvrirez trois suites avec dressings et salles de bain attenantes.Au","New Key La Marsa vous propose à la location une villa à Gammarth.Au rez-de-chaussée, vous trouverez un salon donnant sur la terrasse et la piscine, ainsi qu'une cuisine équipée et une salle d'eau pour les invités.À l'étage, vous découvrirez trois suites avec dressings et salles de bain attenantes.Au rez-de-jardin, se trouvent deux chambres à coucher et une salle de bain.La terrasse et la piscine ont une superficie de 40m².La villa dispose également d'un chauffage central et d'une climatisation par système split.Un garage privé pour deux voitures est également inclus. Référence du bien: Ref7711a",Jardin; Terrasse; Garage; Piscine; Climatisation; Chauffage central; Cuisine équipée,Climatisation; Chauffage central; Cuisine équipée; Garage; Terrasse; Jardin; Piscine,Jardin; Terrasse; Garage; Piscine; Climatisation; Chauffage central; Cuisine équipée,https://www.mubawab-media.com/assets/logos/mubawab.png; https://www.mubawab-media.com/assets/common/loading.gif; https://www.mubawab-media.com/ad/8/097/341F/h/thumb_1020204_property_xlarge_79820621.avif; https://www.mubawab-media.com/ad/8/097/341F/h/thumb_1020230_property_xlarge_79820622.avif; https://www.mubawab-media.com/ad/8/097/341F/h/thumb_1020242_property_xlarge_79820623.avif; https://www.mubawab-media.com/ad/8/097/341F/h/thumb_1020241_property_xlarge_79820624.avif; https://www.mubawab-media.com/ad/8/097/341F/h/thumb_1020240_property_xlarge_79820625.avif; https://www.mubawab-media.com/ad/8/097/341F/h/thumb_1020239_property_xlarge_79820626.avif; https://www.mubawab-media.com/ad/8/097/341F/h/thumb_1020238_property_xlarge_79820627.avif; https://www.mubawab-media.com/ad/8/097/341F/h/thumb_1020237_property_xlarge_79820628.avif; https://www.mubawab-media.com/ad/8/097/341F/h/thumb_1020235_property_xlarge_79820629.avif; https://www.mubawab-media.com/ad/8/097/341F/h/thumb_1020234_property_xlarge_79820630.avif; https://www.mubawab-media.com/ad/8/097/341F/h/thumb_1020232_property_xlarge_79820631.avif; https://www.mubawab-media.com/ad/8/097/341F/h/thumb_1020231_property_xlarge_79820632.avif; https://www.mubawab-media.com/ad/8/097/341F/h/thumb_1020243_property_xlarge_79820633.avif,"{""type de bien"": ""Maison""}","{""latitude"": ""36.8941992"", ""longitude"": ""10.2762232""}","{""parking"": ""Oui"", ""climatisation"": ""Oui"", ""piscine"": ""Oui"", ""jardin"": ""Oui"", ""terrasse"": ""Oui""}","{""etat"": ""Neuf""}","{""formulaire_contact"": ""Disponible""}",2026-02-01T13:01:44.051116,search,True
8081333,A vendre un Duplex en S4 avec jardin à Cité el Khalil,https://www.mubawab.tn/fr/a/8081333/a-vendre-un-duplex-en-s4-avec-jardin-%C3%A0-cit%C3%A9-el-khalil,,La Marsa,La Marsa,"La Marsa, La Marsa",Duplex,Vente,950000.0,950 000 TND,950000.0,230.0,"230
						m²",5,4,0,,,,,"Alpha Centauri vous propose à la vente un duplex en S4 de 230m2, avec jardin à Cité Khalil, route du Relais. Au rez-de-chaussée vous serez accueilli par : Un hall d'entrée dessert un open-space avec cuisine moderne et équipée (micro-ondes, four, plaque à 5 feux et hotte) attenante à une terrasse","Alpha Centauri vous propose à la vente un duplex en S4 de 230m2, avec jardin à Cité Khalil, route du Relais.Au rez-de-chaussée vous serez accueilli par :Un hall d'entrée dessert un open-space avec cuisine moderne et équipée (micro-ondes, four, plaque à 5 feux et hotte) attenante à une terrasse.Un salon avec baies vitrées donnant sur le jardin.Une salle d'eau invités avec porte coulissante.Une chambre à coucher de plain-pied avec dressing et baie vitrée donnant également sur le jardin.A l'étage vous découvrirez :Un hall avec balcon.Deux chambres à coucher avec dressing.Une salle d'eau avec double vasques et douche à l'italienne.Une suite parentale avec dressing-room et une salle d'eau avec grande douche à l'italienne.Le duplex est chauffé, climatisé, et dispose du système d'alarme, du double vitrage et de caméras de surveillance.2 places de parking à l'intérieur de la résidence gardée avec porte télécommandée.Pour de plus amples informations, ou pour planifier une visite n'hésitez pas à nous contacter.",Jardin; Terrasse; Garage; Climatisation; Chauffage central; Sécurité; Double vitrage; Cuisine équipée; Four; Micro-ondes,Climatisation; Chauffage central; Sécurité; Double vitrage; Cuisine équipée; Garage; Terrasse; Jardin,Jardin; Terrasse; Garage; Climatisation; Chauffage central; Sécurité; Double vitrage; Cuisine équipée; Four; Micro-ondes,https://www.mubawab-media.com/assets/logos/mubawab.png; https://www.mubawab-media.com/assets/common/loading.gif; https://www.mubawab-media.com/ad/8/081/333F/h/thumb_1001736_property_large_79666667.avif; https://www.mubawab-media.com/ad/8/081/333F/h/thumb_1001731_property_large_79666668.avif; https://www.mubawab-media.com/ad/8/081/333F/h/thumb_1001739_property_large_79666669.avif; https://www.mubawab-media.com/ad/8/081/333F/h/thumb_1001755_property_large_79666670.avif; https://www.mubawab-media.com/ad/8/081/333F/h/thumb_1001734_property_large_79666671.avif; https://www.mubawab-media.com/ad/8/081/333F/h/thumb_1001738_property_large_79666672.avif; https://www.mubawab-media.com/ad/8/081/333F/h/thumb_1001743_property_large_79666673.avif; https://www.mubawab-media.com/ad/8/081/333F/h/thumb_1001741_property_large_79666674.avif; https://www.mubawab-media.com/ad/8/081/333F/h/thumb_1001723_property_large_79666675.avif; https://www.mubawab-media.com/ad/8/081/333F/h/thumb_1001726_property_large_79666676.avif; https://www.mubawab-media.com/ad/8/081/333F/h/thumb_1001751_property_large_79666677.avif; https://www.mubawab-media.com/ad/8/081/333F/h/thumb_1001732_property_large_79666678.avif; https://www.mubawab-media.com/ad/8/081/333F/h/thumb_1001722_property_large_79666679.avif; https://www.mubawab-media.com/ad/8/081/333F/h/thumb_1001744_property_large_79666680.avif,"{""type de bien"": ""Maison"", ""etat"": ""Bon état / habitable""}","{""latitude"": ""36.876389"", ""longitude"": ""10.325278""}","{""parking"": ""Oui"", ""climatisation"": ""Oui"", ""securite"": ""Oui"", ""jardin"": ""Oui"", ""terrasse"": ""Oui""}","{""etat"": ""Neuf""}","{""formulaire_contact"": ""Disponible""}",2026-02-01T13:01:44.061979,search,True
8085613,Triplex au lac 1 vente s5,https://www.mubawab.tn/fr/a/8085613/triplex-au-lac-1-vente-s5,,La Marsa,Les Berges Du Lac 1,"Les Berges Du Lac 1, La Marsa",Triplex,Vente,950000.0,950 000 TND,950000.0,220.0,"220
						m²",6,5,0,,,,,"Rbz immobilier vous propose la vente d'un joli Triplex d'une superficie de 220m2 aux berges du lac 1 dans une résidence calme et sécurisée proche de toutes les commodités. Ce Triplex est composé d'un très grand salon , salle à manger donnant sur une tres grandet errasse, une grande chambre à couche","Rbz immobilier vous propose la vente d'un joli Triplex d'une superficie de 220m2 aux berges du lac 1 dans une résidence calme et sécurisée proche de toutes les commodités. Ce Triplex est composé d'un très grand salon , salle à manger donnant sur une tres grandet errasse, une grande chambre à coucher, salle d'eau pour invités. Une grande cuisine équipée, un séchoir. Au 1er on trouve 3 grandes chambres à coucher avec une salle de bain commune plus une grande suite parentale avec salle salle de bain privative.Au rez de jardin on trouve une grande pièce conçue pour un deuxième salon ou aire de jeux pour enfants plus un grand garage privé pour 2 voitures.le Triplex dispose d'une entrée indépendante, revêtement en marbre thala de 1er choix avec climatisation et chauffage central...Prix 950.000 dt",Jardin; Terrasse; Garage; Ascenseur; Salon européen; Climatisation; Chauffage central; Double vitrage; Porte blindée; Cuisine équipée,Ascenseur; Climatisation; Chauffage central; Double vitrage; Porte blindée; Cuisine équipée; Garage; Terrasse; Jardin,Jardin; Terrasse; Garage; Ascenseur; Salon européen; Climatisation; Chauffage central; Double vitrage; Porte blindée; Cuisine équipée,https://www.mubawab-media.com/assets/logos/mubawab.png; https://www.mubawab-media.com/assets/common/loading.gif; https://www.mubawab-media.com/ad/8/085/613F/h/1000145966_79708420.avif; https://www.mubawab-media.com/ad/8/085/613F/h/1000145976_79708421.avif; https://www.mubawab-media.com/ad/8/085/613F/h/1000145977_79708422.avif; https://www.mubawab-media.com/ad/8/085/613F/h/1000145975_79708423.avif; https://www.mubawab-media.com/ad/8/085/613F/h/1000145974_79708424.avif; https://www.mubawab-media.com/ad/8/085/613F/h/1000145971_79708425.avif; https://www.mubawab-media.com/ad/8/085/613F/h/1000145969_79708426.avif; https://www.mubawab-media.com/ad/8/085/613F/h/1000145968_79708427.avif; https://www.mubawab-media.com/ad/8/085/613F/h/1000145967_79708428.avif; https://www.mubawab-media.com/ad/8/085/613F/h/1000145965_79708429.avif; https://www.mubawab-media.com/ad/8/085/613F/h/1000145964_79708430.avif; https://www.mubawab-media.com/ad/8/085/613F/h/1000145963_79708431.avif; https://www.mubawab-media.com/ad/8/085/613F/h/1000145978_79708432.avif; https://www.mubawab-media.com/ad/8/085/613F/h/1000145983_79708433.avif,"{""type de bien"": ""Maison"", ""surface de la parcelle"": ""220\n\t\t\t\t\t\t\t\tm²"", ""etat"": ""Bon état / habitable"", ""années"": ""5-10 ans"", ""orientation"": ""Ouest"", ""type du sol"": ""Marbre"", ""nombre d'étages"": ""2""}","{""latitude"": ""36.8355152"", ""longitude"": ""10.2241758""}","{""parking"": ""Oui"", ""ascenseur"": ""Oui"", ""climatisation"": ""Oui"", ""jardin"": ""Oui"", ""terrasse"": ""Oui""}","{""etat"": ""Neuf""}","{""formulaire_contact"": ""Disponible""}",2026-02-01T13:01:44.074723,search,True
8083839,Deux Villa jumelée avec piscine à vendre aux Berges du Lac 2,https://www.mubawab.tn/fr/a/8083839/deux-villa-jumel%C3%A9e-avec-piscine-%C3%A0-vendre-aux-berges-du-lac-2,,La Marsa,Les Berges Du Lac 2,"Les Berges Du Lac 2, La Marsa",Villa,Vente,8000000.0,8 000 000 TND,8000000.0,780.0,"780
						m²",0,0,0,,,,,Référence du bien: Ref7455a,Référence du bien: Ref7455a,Piscine,Piscine,,https://www.mubawab-media.com/assets/logos/mubawab.png; https://www.mubawab-media.com/assets/common/loading.gif; https://www.mubawab-media.com/ad/8/083/839F/h/thumb_983126_property_xlarge_79690268.avif; https://www.mubawab-media.com/ad/8/083/839F/h/thumb_983118_property_xlarge_79690269.avif; https://www.mubawab-media.com/ad/8/083/839F/h/thumb_983091_property_xlarge_79690270.avif; https://www.mubawab-media.com/ad/8/083/839F/h/thumb_983124_property_xlarge_79690271.avif; https://www.mubawab-media.com/ad/8/083/839F/h/thumb_983125_property_xlarge_79690272.avif; https://www.mubawab-media.com/ad/8/083/839F/h/thumb_983127_property_xlarge_79690273.avif; https://www.mubawab-media.com/ad/8/083/839F/h/thumb_983128_property_xlarge_79690274.avif; https://www.mubawab-media.com/ad/8/083/839F/h/thumb_983129_property_xlarge_79690275.avif; https://www.mubawab-media.com/ad/8/083/839F/h/thumb_983130_property_xlarge_79690276.avif; https://www.mubawab-media.com/ad/8/083/839F/h/thumb_983131_property_xlarge_79690277.avif; https://www.mubawab-media.com/ad/8/083/839F/h/thumb_983132_property_xlarge_79690278.avif; https://www.mubawab-media.com/ad/8/083/839F/h/thumb_983123_property_xlarge_79690279.avif; https://www.mubawab-media.com/ad/8/083/839F/h/thumb_983122_property_xlarge_79690280.avif; https://www.mubawab-media.com/ad/8/083/839F/h/thumb_983112_property_xlarge_79690281.avif,"{""type de bien"": ""Maison""}","{""latitude"": ""36.8468986"", ""longitude"": ""10.2641808""}","{""piscine"": ""Oui""}","{""etat"": ""Neuf""}","{""formulaire_contact"": ""Disponible""}",2026-02-01T13:01:44.088105,search,True
8098597,Magnifique Villa S4 à vendre à La Soukra,https://www.mubawab.tn/fr/a/8098597/magnifique-villa-s4-%C3%A0-vendre-%C3%A0-la-soukra,,La Soukra,,La Soukra,Villa,Vente,0,Prix à consulter,0,615.0,"615
						m²",6,5,0,,,,,"New Key La Soukra met en vente une belle villa avec un jardin et une piscine qui s'étale sur un terrain de 615 m² avec 340 m² de bâti, située dans un quartier résidentiel et calme, proche de toutes commodités à La Soukra.On y trouve un grand salon, une salle à manger, une cuisine aménagée, un séjour","New Key La Soukra met en vente une belle villa avec un jardin et une piscine qui s'étale sur un terrain de 615 m² avec 340 m² de bâti, située dans un quartier résidentiel et calme, proche de toutes commodités à La Soukra.On y trouve un grand salon, une salle à manger, une cuisine aménagée, un séjour, une salle d'eau invités avec une douche et une deuxième cuisine de service.L'étage présente la partie nuit avec une grande suite parentale et 02 chambres à coucher avec leur salle de bain commune.Un garage pour 03 voitures est à votre disposition. Référence du bien: Ref7737a",Jardin; Garage; Piscine,Garage; Jardin; Piscine,Jardin; Garage; Piscine,https://www.mubawab-media.com/assets/logos/mubawab.png; https://www.mubawab-media.com/assets/common/loading.gif; https://www.mubawab-media.com/ad/8/098/597F/h/thumb_1239999_property_xlarge_81795452.avif; https://www.mubawab-media.com/ad/8/098/597F/h/thumb_1022569_property_xlarge_81795453.avif; https://www.mubawab-media.com/ad/8/098/597F/h/thumb_1022570_property_xlarge_81795454.avif; https://www.mubawab-media.com/ad/8/098/597F/h/thumb_1022571_property_xlarge_81795455.avif; https://www.mubawab-media.com/ad/8/098/597F/h/thumb_1022572_property_xlarge_81795456.avif; https://www.mubawab-media.com/ad/8/098/597F/h/thumb_1022573_property_xlarge_81795457.avif; https://www.mubawab-media.com/ad/8/098/597F/h/thumb_1022574_property_xlarge_81795458.avif; https://www.mubawab-media.com/ad/8/098/597F/h/thumb_1239991_property_xlarge_81795459.avif; https://www.mubawab-media.com/ad/8/098/597F/h/thumb_1239997_property_xlarge_81795460.avif; https://www.mubawab-media.com/ad/8/098/597F/h/thumb_1240005_property_xlarge_81795461.avif; https://www.mubawab-media.com/ad/8/098/597F/h/thumb_1239989_property_xlarge_81795462.avif; https://www.mubawab-media.com/ad/8/098/597F/h/thumb_1239990_property_xlarge_81795463.avif; https://www.mubawab-media.com/ad/8/098/597F/h/thumb_1239987_property_xlarge_81795464.avif; https://www.mubawab-media.com/ad/8/098/597F/h/thumb_1239992_property_xlarge_81795465.avif,"{""type de bien"": ""Maison"", ""etat"": ""Bon état / habitable""}","{""latitude"": ""36.88833"", ""longitude"": ""10.27417""}","{""parking"": ""Oui"", ""piscine"": ""Oui"", ""jardin"": ""Oui""}","{""etat"": ""Neuf""}","{""formulaire_contact"": ""Disponible""}",2026-02-01T13:03:50.336257,search,True
8265974,Triplex S3 à vendre à La Soukra,https://www.mubawab.tn/fr/a/8265974/triplex-s3-%C3%A0-vendre-%C3%A0-la-soukra,,La Soukra,,La Soukra,Villa,Vente,1137000.0,1 137 000 TND,1137000.0,340.0,"340
						m²",4,4,0,,,,,"New Key La Soukra met à la vente des villas trés haut standing de style Triplex S3 situé à La Soukra offrant tout le confort nécessaire dans un cadre calme et agréable.il se compose d'une grande piéce à vivre avec grande terrasse, cuisine moderne et equipée, 01 suite parentale moderne avec douche à","New Key La Soukra met à la vente des villas trés haut standing de style Triplex S3 situé à La Soukra offrant tout le confort nécessaire dans un cadre calme et agréable.il se compose d'une grande piéce à vivre avec grande terrasse, cuisine moderne et equipée, 01 suite parentale moderne avec douche à l'italienne, 02 chambres à coucher qui partagent une salle de bain,Piscine privée et une place de parking au sous sol.Disponibles plusieurs superficies et typologies selon vos besoin: S4 et S5 de 340m² jusqu'à 515m² . Référence du bien: Ref8658a",Terrasse; Garage; Piscine; Parking,Parking; Garage; Terrasse; Piscine,Terrasse; Garage; Piscine,https://www.mubawab-media.com/assets/logos/mubawab.png; https://www.mubawab-media.com/assets/common/loading.gif; https://www.mubawab-media.com/ad/8/265/974F/h/thumb_1219433_property_xlarge_81562900.avif; https://www.mubawab-media.com/ad/8/265/974F/h/thumb_1219440_property_xlarge_81562901.avif; https://www.mubawab-media.com/ad/8/265/974F/h/thumb_1219443_property_xlarge_81562902.avif; https://www.mubawab-media.com/ad/8/265/974F/h/thumb_1219427_property_xlarge_81562903.avif; https://www.mubawab-media.com/ad/8/265/974F/h/thumb_1219431_property_xlarge_81562904.avif; https://www.mubawab-media.com/ad/8/265/974F/h/thumb_1219429_property_xlarge_81562905.avif; https://www.mubawab-media.com/ad/8/265/974F/h/thumb_1219432_property_xlarge_81562906.avif; https://www.mubawab-media.com/ad/8/265/974F/h/thumb_1219441_property_xlarge_81562907.avif; https://www.mubawab-media.com/ad/8/265/974F/h/thumb_1219436_property_xlarge_81562908.avif; https://www.mubawab-media.com/ad/8/265/974F/h/thumb_1219437_property_xlarge_81562909.avif; https://www.mubawab-media.com/ad/8/265/974F/h/thumb_1219439_property_xlarge_81562910.avif; https://www.mubawab-media.com/ad/8/265/974F/h/thumb_1219430_property_xlarge_81562911.avif; https://www.mubawab-media.com/ad/8/265/974F/h/thumb_1219424_property_xlarge_81562912.avif; https://www.mubawab-media.com/ad/8/265/974F/h/thumb_1219434_property_xlarge_81562913.avif,"{""type de bien"": ""Maison"", ""etat"": ""Bon état / habitable""}","{""latitude"": ""36.88833"", ""longitude"": ""10.27417""}","{""parking"": ""Oui"", ""piscine"": ""Oui"", ""terrasse"": ""Oui""}","{""etat"": ""Neuf""}","{""formulaire_contact"": ""Disponible""}",2026-02-01T13:03:50.349542,search,True
8168231,Luxueuse Villa S5 à vendre à La Soukra,https://www.mubawab.tn/fr/a/8168231/luxueuse-villa-s5-%C3%A0-vendre-%C3%A0-la-soukra,,La Soukra,,La Soukra,Villa,Vente,1870000.0,1 870 000 TND,1870000.0,314.0,"314
						m²",0,5,0,,,,,"New key La Soukra vous propose à la vente une villa de prestige se caractérisant par son architecture élégante située dans un quartier prisé à La Soukra.D'une surface habitable de 375 m², cette villa dispose d'un standing haut de gamme Au rez-de-chaussée, vous trouverez un grand salon lumineux avec","New key La Soukra vous propose à la vente une villa de prestige se caractérisant par son architecture élégante située dans un quartier prisé à La Soukra.D'une surface habitable de 375 m², cette villa dispose d'un standing haut de gammeAu rez-de-chaussée, vous trouverez un grand salon lumineux avec des grandes baies vitrées donnant directement sur la piscine, une salle d'eau invités, un séjour et une cuisine moderne bien aménagée qui donne également sur la piscine avec un accès au garage et à une deuxième cuisine extérieur et une salle de douche extérieur.A l'étage, vous découvrirez une suite parentale avec sa propre salle de bain et dressing, ainsi que 02 autres suites juniors.Au deuxième étage un studio aménagée.Chaque pièce bénéficie d'une belle luminosité grâce à de grandes fenêtres.Un jardin paysager, une belle piscine sont à votre disposition. Référence du bien: Ref8151a",Jardin; Garage; Piscine,Garage; Jardin; Piscine,Jardin; Garage; Piscine,https://www.mubawab-media.com/assets/logos/mubawab.png; https://www.mubawab-media.com/assets/common/loading.gif; https://www.mubawab-media.com/ad/8/168/231F/h/thumb_1116714_property_xlarge_80542054.avif; https://www.mubawab-media.com/ad/8/168/231F/h/thumb_1116717_property_xlarge_80542055.avif; https://www.mubawab-media.com/ad/8/168/231F/h/thumb_1116705_property_xlarge_80542056.avif; https://www.mubawab-media.com/ad/8/168/231F/h/thumb_1116715_property_xlarge_80542057.avif; https://www.mubawab-media.com/ad/8/168/231F/h/thumb_1116707_property_xlarge_80542058.avif; https://www.mubawab-media.com/ad/8/168/231F/h/thumb_1116711_property_xlarge_80542059.avif; https://www.mubawab-media.com/ad/8/168/231F/h/thumb_1116712_property_xlarge_80542060.avif; https://www.mubawab-media.com/ad/8/168/231F/h/thumb_1116704_property_xlarge_80542061.avif; https://www.mubawab-media.com/ad/8/168/231F/h/thumb_1116709_property_xlarge_80542062.avif; https://www.mubawab-media.com/business/8/390F/s/173569684_3743946405703280_2342906483815680692_n_12649711.avif; https://www.mubawab-media.com/ad/8/250/870F/m/thumb_1203498_property_xlarge_81394327.avif; https://www.mubawab-media.com/ad/8/021/113F/m/2EDCB506-8302-40C9-93FB-2C18ED5D087F_79073010.avif,"{""type de bien"": ""Maison""}","{""latitude"": ""36.88833"", ""longitude"": ""10.27417""}","{""parking"": ""Oui"", ""piscine"": ""Oui"", ""jardin"": ""Oui""}","{""etat"": ""Neuf""}","{""formulaire_contact"": ""Disponible""}",2026-02-01T13:03:50.361916,search,True
8294188,A vendre Duplex 195m² à la Soukra,https://www.mubawab.tn/fr/a/8294188/a-vendre-duplex-195m%C2%B2-%C3%A0-la-soukra,,La Soukra,,La Soukra,Duplex,Vente,0,Prix à consulter,0,195.0,"195
						m²",4,3,0,,,,,"A vendre en exclusivité : Un Duplex haut standing – 195 m² – La Soukra – Duplex situé dans une résidence moderne R2, sans ascenseur, sécurisée et proche de toutes commodités – Entrée totalement indépendante directement au duplex Rez-de-chaussée : – Hall d’entrée – Salon lumineux avec séj","A vendre en exclusivité :Un Duplex haut standing – 195 m² – La Soukra– Duplex situé dans une résidence moderne R2, sans ascenseur, sécurisée et proche de toutes commodités– Entrée totalement indépendante directement au duplexRez-de-chaussée :– Hall d’entrée– Salon lumineux avec séjour ouvert– Salle d’eau invités– Cuisine contemporaine attenante à un séchoir équipé de rangements– Jardin privatifÉtage :– Suite parentale avec salle de bain– Deux chambres spacieuses– Salle de bain communeÉquipements :– Chauffage central– Climatisation split système– Deux places de parking au sous-sol– CellierN’hésitez pas à nous contacter pour plus d’informations ou pour organiser une visite.",Jardin; Garage; Concierge; Entre-seul; Climatisation; Chauffage central; Sécurité; Porte blindée; Cuisine équipée; Four; Micro-ondes; Ascenseur,Ascenseur; Concierge; Climatisation; Chauffage central; Sécurité; Porte blindée; Cuisine équipée; Garage; Jardin,Jardin; Garage; Concierge; Entre-seul; Climatisation; Chauffage central; Sécurité; Porte blindée; Cuisine équipée; Four; Micro-ondes,https://www.mubawab-media.com/assets/logos/mubawab.png; https://www.mubawab-media.com/assets/common/loading.gif; https://www.mubawab-media.com/ad/8/294/188F/h/c7316496-f4cf-4587-943e-0904268bb6d4_81866229.avif; https://www.mubawab-media.com/ad/8/294/188F/h/fdd267ca-76e4-4dbe-8e0f-977ed7a9fd88_81866230.avif; https://www.mubawab-media.com/ad/8/294/188F/h/e023f4c5-491b-4ecd-a840-c74e986099cc_81866231.avif; https://www.mubawab-media.com/ad/8/294/188F/h/764d735f-0aea-420c-a6e2-b04a0382340d_81866232.avif; https://www.mubawab-media.com/ad/8/294/188F/h/038cf4a7-a76b-437e-ab35-2872b84039cd_81866233.avif; https://www.mubawab-media.com/ad/8/294/188F/h/1a477358-2afb-46eb-b767-c2e78e7a56ff_81866234.avif; https://www.mubawab-media.com/ad/8/294/188F/h/f7398a9b-2d0f-4b02-bf8d-a12c00c52812_81866235.avif; https://www.mubawab-media.com/ad/8/294/188F/h/eba22080-abc7-4aa7-b2d3-21062288fa96_81866236.avif; https://www.mubawab-media.com/assets/common/agency-nologo.jpg; https://www.mubawab-media.com/ad/7/941/270F/m/sous-sol-comm_77422390.avif; https://www.mubawab-media.com/ad/8/098/597F/m/thumb_1239999_property_xlarge_81795452.avif; https://www.mubawab-media.com/ad/8/211/984F/m/thumb_1157879_property_large_80984260.avif,"{""type de bien"": ""Maison"", ""etat"": ""Bon état / habitable"", ""années"": ""5-10 ans"", ""type du sol"": ""Marbre""}","{""latitude"": ""36.883333"", ""longitude"": ""10.25""}","{""parking"": ""Oui"", ""ascenseur"": ""Oui"", ""climatisation"": ""Oui"", ""concierge"": ""Oui"", ""securite"": ""Oui"", ""jardin"": ""Oui""}","{""etat"": ""Neuf""}","{""formulaire_contact"": ""Disponible""}",2026-02-01T13:03:50.375506,search,True
8285727,Villa avec 3 appartements séparés à La Soukra,https://www.mubawab.tn/fr/a/8285727/villa-avec-3-appartements-s%C3%A9par%C3%A9s-%C3%A0-la-soukra,,La Soukra,Chotrana 3,"Chotrana 3, La Soukra",Villa,Vente,980000.0,980 000 TND,980000.0,764.0,"764
						m²",10,8,0,,,,,A Vendre Villa S4 avec jardin sur deux étages séparés à La Soukra Emplacement: Chotrana 3 Superficie : 764m² terrain Composition: * Au RDC: 280m² Salon Salle à manger Salle d'eau invités Salle de douche Cuisine s'ouvre sur le jardin Deux chambres à coucher avec dressing Deux suites pa,A VendreVilla S4 avec jardin sur deux étages séparés à La SoukraEmplacement: Chotrana 3Superficie : 764m² terrainComposition:* Au RDC: 280m²SalonSalle à mangerSalle d'eau invitésSalle de doucheCuisine s'ouvre sur le jardinDeux chambres à coucher avec dressingDeux suites parentales avec salle de bainChauffage centraleClimatiseurs* Au 1ér étage :Composé de deux appartements :- Appartement S2 : 140m²SalonCuisineSuite parentale avec salle de bainChambre à coucherSalle de doucheChauffage centraleDeux terrasse- Appartement S2: 140m²SalonCuisineDeux chambres à coucherSalle de bain avec jaccuziSalle de doucheChauffage centrale* Jardin* Garage* Titre individuel* Prix 980 000 DT,Jardin; Terrasse; Garage; Salon européen; Climatisation; Chauffage central; Cuisine équipée,Climatisation; Chauffage central; Cuisine équipée; Garage; Terrasse; Jardin,Jardin; Terrasse; Garage; Salon européen; Climatisation; Chauffage central; Cuisine équipée,https://www.mubawab-media.com/assets/logos/mubawab.png; https://www.mubawab-media.com/assets/common/loading.gif; https://www.mubawab-media.com/ad/8/285/727F/h/thumb_1238372_property_xlarge_81777619.avif; https://www.mubawab-media.com/ad/8/285/727F/h/thumb_1238364_property_xlarge_81777620.avif; https://www.mubawab-media.com/ad/8/285/727F/h/thumb_1238368_property_xlarge_81777621.avif; https://www.mubawab-media.com/ad/8/285/727F/h/thumb_1238367_property_xlarge_81777622.avif; https://www.mubawab-media.com/ad/8/285/727F/h/thumb_1238376_property_xlarge_81777623.avif; https://www.mubawab-media.com/ad/8/285/727F/h/thumb_1238352_property_xlarge_81777624.avif; https://www.mubawab-media.com/ad/8/285/727F/h/thumb_1238374_property_xlarge_81777625.avif; https://www.mubawab-media.com/ad/8/285/727F/h/thumb_1238353_property_xlarge_81777626.avif; https://www.mubawab-media.com/ad/8/285/727F/h/thumb_1238344_property_xlarge_81777627.avif; https://www.mubawab-media.com/ad/8/285/727F/h/thumb_1238347_property_xlarge_81777628.avif; https://www.mubawab-media.com/ad/8/285/727F/h/thumb_1238356_property_xlarge_81777629.avif; https://www.mubawab-media.com/ad/8/285/727F/h/thumb_1238349_property_xlarge_81777630.avif; https://www.mubawab-media.com/ad/8/285/727F/h/thumb_1238346_property_xlarge_81777631.avif; https://www.mubawab-media.com/ad/8/285/727F/h/thumb_1238345_property_xlarge_81777632.avif,"{""type de bien"": ""Maison"", ""etat"": ""Bon état / habitable""}","{""latitude"": ""36.883333"", ""longitude"": ""10.25""}","{""surface_terrain"": ""764"", ""parking"": ""Oui"", ""climatisation"": ""Oui"", ""jardin"": ""Oui"", ""terrasse"": ""Oui""}","{""etat"": ""Neuf""}","{""formulaire_contact"": ""Disponible""}",2026-02-01T13:03:50.387535,search,True
8252784,A vendre Duplex 195m² à la Soukra,https://www.mubawab.tn/fr/a/8252784/a-vendre-duplex-195m%C2%B2-%C3%A0-la-soukra,,La Soukra,,La Soukra,Duplex,Vente,0,Prix à consulter,0,195.0,"195
						m²",4,3,0,,,,,"La Maison de l’immobilier vous propose à la vente en exclusivité : Un Duplex haut standing – 195 m² – La Soukra – Duplex situé dans une résidence moderne R2, sans ascenseur, sécurisée et proche de toutes commodités – Entrée totalement indépendante directement au duplex Rez-de-chaussée : –","La Maison de l’immobilier vous propose à la vente en exclusivité :Un Duplex haut standing – 195 m² – La Soukra– Duplex situé dans une résidence moderne R2, sans ascenseur, sécurisée et proche de toutes commodités– Entrée totalement indépendante directement au duplexRez-de-chaussée :– Hall d’entrée– Salon lumineux avec séjour ouvert– Salle d’eau invités– Cuisine contemporaine attenante à un séchoir équipé de rangements– Jardin privatifÉtage :– Suite parentale avec salle de bain– Deux chambres spacieuses– Salle de bain communeÉquipements :– Chauffage central– Climatisation split système– Deux places de parking au sous-sol– CellierN’hésitez pas à nous contacter pour plus d’informations ou pour organiser une visite.",Jardin; Garage; Concierge; Entre-seul; Climatisation; Chauffage central; Sécurité; Porte blindée; Cuisine équipée; Ascenseur,Ascenseur; Concierge; Climatisation; Chauffage central; Sécurité; Porte blindée; Cuisine équipée; Garage; Jardin,Jardin; Garage; Concierge; Entre-seul; Climatisation; Chauffage central; Sécurité; Porte blindée; Cuisine équipée,https://www.mubawab-media.com/assets/logos/mubawab.png; https://www.mubawab-media.com/assets/common/loading.gif; https://www.mubawab-media.com/ad/8/252/784F/h/581978275_1193331422717568_8115166208368372082_n_81413557.avif; https://www.mubawab-media.com/ad/8/252/784F/h/579658122_4453260228230121_5560615279175611961_n_81413560.avif; https://www.mubawab-media.com/ad/8/252/784F/h/580009551_1514763316471299_1962266098894199376_n_81413555.avif; https://www.mubawab-media.com/ad/8/252/784F/h/582025528_2650545155303970_990259230658069472_n_81413556.avif; https://www.mubawab-media.com/ad/8/252/784F/h/582048760_1897328134518381_362817737093680580_n_81413558.avif; https://www.mubawab-media.com/ad/8/252/784F/h/582993677_1227772812510296_6533345468547770574_n_81413559.avif; https://www.mubawab-media.com/ad/8/252/784F/h/582241124_1844470939503719_1077786158780659083_n_81413561.avif; https://www.mubawab-media.com/ad/8/252/784F/h/582621424_1534722484820752_1779716910385086233_n_81413562.avif; https://www.mubawab-media.com/ad/8/252/784F/h/580797116_1193633892828048_4936945092800103245_n_81413563.avif; https://www.mubawab-media.com/ad/8/252/784F/h/582972557_1341615444111955_6821350441532547849_n_81413564.avif; https://www.mubawab-media.com/ad/8/252/784F/h/582020313_1162966752480876_5931000909888337865_n_81413565.avif; https://www.mubawab-media.com/ad/8/252/784F/h/581968258_2007013850083582_9152976308068478012_n_81413566.avif; https://www.mubawab-media.com/ad/8/252/784F/h/582412024_2657779724580313_2504868755395485475_n_81413554.avif,"{""type de bien"": ""Maison"", ""surface de la parcelle"": ""195\n\t\t\t\t\t\t\t\tm²"", ""etat"": ""Bon état / habitable"", ""années"": ""10-20 ans"", ""type du sol"": ""Marbre""}","{""latitude"": ""36.883333"", ""longitude"": ""10.25""}","{""parking"": ""Oui"", ""ascenseur"": ""Oui"", ""climatisation"": ""Oui"", ""concierge"": ""Oui"", ""securite"": ""Oui"", ""jardin"": ""Oui""}","{""etat"": ""Neuf""}","{""formulaire_contact"": ""Disponible""}",2026-02-01T13:03:50.398287,search,True
8258750,Villa jumelée à La Soukra,https://www.mubawab.tn/fr/a/8258750/villa-jumel%C3%A9e-%C3%A0-la-soukra,,La Soukra,,La Soukra,Villa,Vente,615000.0,615 000 TND,615000.0,184.0,"184
						m²",5,4,0,,,,,"En exclusivité A Vendre Une Villa jumelée S4 située à La Souka dans un quartier résidentiel à Cité Les Orangées - Ras Jdir Elle se compose de : RDC : salon , séjour , cuisine équipée avec une grand terrasse , salle d'eau. 1 ér étage : suite parentale , 2 chambres à coucher , salle de bain","En exclusivitéA Vendre Une Villa jumelée S4 située à La Souka dans un quartier résidentiel à Cité Les Orangées - Ras JdirElle se compose de :RDC : salon , séjour , cuisine équipée avec une grand terrasse , salle d'eau.1 ér étage : suite parentale , 2 chambres à coucher , salle de bainSous Sol : garage pour deux voituresDocument : titre bleu individuelSuperficie : 184 m²Prix : 615 milles (négociable)votre conseillère en immobilier islem: (téléphone / WhatsApp)",Terrasse; Garage; Chambre rangement; Climatisation; Chauffage central; Cuisine équipée,Climatisation; Chauffage central; Cuisine équipée; Garage; Terrasse,Terrasse; Garage; Chambre rangement; Climatisation; Chauffage central; Cuisine équipée,https://www.mubawab-media.com/assets/logos/mubawab.png; https://www.mubawab-media.com/assets/common/loading.gif; https://www.mubawab-media.com/ad/8/258/750F/h/Slide1_81532055.avif; https://www.mubawab-media.com/ad/8/258/750F/h/Slide2_81532057.avif; https://www.mubawab-media.com/ad/8/258/750F/h/Slide3_81532058.avif; https://www.mubawab-media.com/ad/8/258/750F/h/Slide4_81532059.avif; https://www.mubawab-media.com/ad/8/258/750F/h/Slide5_81532060.avif; https://www.mubawab-media.com/ad/8/258/750F/h/Slide6_81532061.avif; https://www.mubawab-media.com/ad/8/258/750F/h/Slide7_81532062.avif; https://www.mubawab-media.com/ad/8/258/750F/h/Slide8_81532063.avif; https://www.mubawab-media.com/ad/8/258/750F/h/Slide9_81532064.avif; https://www.mubawab-media.com/ad/8/258/750F/h/Slide10_81532065.avif; https://www.mubawab-media.com/ad/8/258/750F/h/Slide11_81532066.avif; https://www.mubawab-media.com/ad/8/258/750F/h/Slide12_81532067.avif; https://www.mubawab-media.com/ad/8/258/750F/h/Slide13_81532068.avif; https://www.mubawab-media.com/ad/8/258/750F/h/Slide14_81532069.avif,"{""type de bien"": ""Maison"", ""etat"": ""Bon état / habitable"", ""type du sol"": ""Marbre"", ""nombre d'étages"": ""2""}","{""latitude"": ""36.883333"", ""longitude"": ""10.25""}","{""parking"": ""Oui"", ""climatisation"": ""Oui"", ""terrasse"": ""Oui""}","{""etat"": ""Neuf""}","{""formulaire_contact"": ""Disponible""}",2026-02-01T13:03:50.409940,search,True
8212588,Duplex S3 avec piscine à vendre à La Soukra,https://www.mubawab.tn/fr/a/8212588/duplex-s3-avec-piscine-%C3%A0-vendre-%C3%A0-la-soukra,,La Soukra,,La Soukra,Duplex,Vente,790000.0,790 000 TND,790000.0,245.0,"245
						m²",4,3,0,,,,,"New Key La Soukra met à la vente un duplex S3 avec piscine dans une résidence agréable et gardée située dans un quartier résidentiel, calme et accessible à La Soukra.A l'entrée on trouve une grande pièce à vivre lumineuse salon, salle à manger qui donnent sur une belle terrasse et la piscine, une cu","New Key La Soukra met à la vente un duplex S3 avec piscine dans une résidence agréable et gardée située dans un quartier résidentiel, calme et accessible à La Soukra.A l'entrée on trouve une grande pièce à vivre lumineuse salon, salle à manger qui donnent sur une belle terrasse et la piscine, une cuisine bien aménagée et équipée qui ouvre sur un grand séchoir en baie-vitrée avec un coin repas vue direct sur un jardin gazonné et arboré, une salle d'eau invités et un débarras.L'étage loge une suite parentale avec sa salle de douche et son dressing ouvrant sur une grande terrasse avec une vue dégagée, 02 spacieuses chambres à coucher avec leur salle de bain commune.Chauffage et climatisation centrale, des panneaux photovoltaïques et un abri de voiture sont à votre disposition. Référence du bien: Ref8273a",Jardin; Terrasse; Piscine; Chambre rangement; Climatisation; Chauffage central,Climatisation; Chauffage central; Terrasse; Jardin; Piscine,Jardin; Terrasse; Piscine; Chambre rangement; Climatisation; Chauffage central,https://www.mubawab-media.com/assets/logos/mubawab.png; https://www.mubawab-media.com/assets/common/loading.gif; https://www.mubawab-media.com/ad/8/212/588F/h/thumb_1141057_property_xlarge_80990224.avif; https://www.mubawab-media.com/ad/8/212/588F/h/thumb_1141036_property_xlarge_80990225.avif; https://www.mubawab-media.com/ad/8/212/588F/h/thumb_1141061_property_xlarge_80990226.avif; https://www.mubawab-media.com/ad/8/212/588F/h/thumb_1141030_property_xlarge_80990227.avif; https://www.mubawab-media.com/ad/8/212/588F/h/thumb_1141059_property_xlarge_80990228.avif; https://www.mubawab-media.com/ad/8/212/588F/h/thumb_1141042_property_xlarge_80990229.avif; https://www.mubawab-media.com/ad/8/212/588F/h/thumb_1141040_property_xlarge_80990230.avif; https://www.mubawab-media.com/ad/8/212/588F/h/thumb_1141032_property_xlarge_80990231.avif; https://www.mubawab-media.com/ad/8/212/588F/h/thumb_1141033_property_xlarge_80990232.avif; https://www.mubawab-media.com/ad/8/212/588F/h/thumb_1141034_property_xlarge_80990233.avif; https://www.mubawab-media.com/ad/8/212/588F/h/thumb_1141043_property_xlarge_80990234.avif; https://www.mubawab-media.com/ad/8/212/588F/h/thumb_1141039_property_xlarge_80990235.avif,"{""type de bien"": ""Maison"", ""etat"": ""Bon état / habitable""}","{""latitude"": ""36.88833"", ""longitude"": ""10.27417""}","{""climatisation"": ""Oui"", ""piscine"": ""Oui"", ""jardin"": ""Oui"", ""terrasse"": ""Oui""}","{""etat"": ""Neuf""}","{""formulaire_contact"": ""Disponible""}",2026-02-01T13:03:50.426956,search,True
8118749,A Vendre Villa RDC à Soukra,https://www.mubawab.tn/fr/a/8118749/a-vendre-villa-rdc-%C3%A0-soukra,,La Soukra,Chotrana 2,"Chotrana 2, La Soukra",Villa,Vente,985000.0,985 000 TND,985000.0,200.0,"200
						m²",6,4,0,,,,,"Darcom-Tunisia La Soukra vous propose à la vente une villa avec Piscine en cours de finition ayant une superficie terrain de 546 m² et d’environ de 200 m² bâtie , avec son style moderne la Villa est érigée sur un seul niveau situé à Soukra Chotrana II. bénéficie de finitions de qualité et d'équipe","Darcom-Tunisia La Soukra vous propose à la vente une villa avec Piscine en cours de finition ayant une superficie terrain de 546 m² et d’environ de 200 m² bâtie , avec son style moderne la Villa est érigée sur un seul niveau situé à Soukra Chotrana II.bénéficie de finitions de qualité et d'équipements haut de gamme, tels que des revêtements en marbre ""THELA"", des sanitaires de premier choix et des portes en bois nobles.À l’entrée, nous y retrouvons un hall, un salon spacieux vaste donnant sur le jardin .une cuisine équipée avec un porte coulissante qui donne sur le salon.La partie nuit comprend une suite parentale avec salle de bain, trois chambres à coucher et une salle de bain communeL’espace extérieur vous offre un jardin vaste avec une piscine qui satisfera votre besoin de verdure et de plein air tout en étant chez vous. Ainsi qu’un débarra .Un parking pour deux voitures est disponible.Si vous souhaitez visiter le bien n’hésitez pas à nous contacter",Jardin; Garage; Piscine; Concierge; Chambre rangement; Antenne parabolique; Chauffage central; Double vitrage; Porte blindée; Cuisine équipée; Four; Micro-ondes,Concierge; Chauffage central; Double vitrage; Porte blindée; Cuisine équipée; Garage; Jardin; Piscine,Jardin; Garage; Piscine; Concierge; Chambre rangement; Antenne parabolique; Chauffage central; Double vitrage; Porte blindée; Cuisine équipée; Four; Micro-ondes,https://www.mubawab-media.com/assets/logos/mubawab.png; https://www.mubawab-media.com/assets/common/loading.gif; https://www.mubawab-media.com/ad/8/118/749F/h/exterieur_81309311.avif; https://www.mubawab-media.com/ad/8/118/749F/h/salonn_81309312.avif; https://www.mubawab-media.com/ad/8/118/749F/h/salon%20_81309313.avif; https://www.mubawab-media.com/ad/8/118/749F/h/terrasse_81309314.avif; https://www.mubawab-media.com/ad/8/118/749F/h/hall%20de%20nuit_81309315.avif; https://www.mubawab-media.com/ad/8/118/749F/h/hall_81309316.avif; https://www.mubawab-media.com/ad/8/118/749F/h/thumb_1061133_property_xlarge_80034214.avif; https://www.mubawab-media.com/ad/8/118/749F/h/thumb_1061130_property_xlarge_80034212.avif; https://www.mubawab-media.com/ad/8/118/749F/h/thumb_1061141_property_xlarge_80034215.avif; https://www.mubawab-media.com/ad/8/118/749F/h/thumb_1061150_property_xlarge_80034217.avif; https://www.mubawab-media.com/ad/8/118/749F/h/thumb_1061154_property_xlarge_80034219.avif; https://www.mubawab-media.com/business/8/008F/s/grand_6471550.avif,"{""type de bien"": ""Maison"", ""surface de la parcelle"": ""546\n\t\t\t\t\t\t\t\tm²"", ""etat"": ""Bon état / habitable"", ""années"": ""Moins d'un an"", ""type du sol"": ""Marbre"", ""nombre d'étages"": ""1""}","{""latitude"": ""36.883333"", ""longitude"": ""10.25""}","{""parking"": ""Oui"", ""concierge"": ""Oui"", ""piscine"": ""Oui"", ""jardin"": ""Oui""}","{""etat"": ""Neuf""}","{""formulaire_contact"": ""Disponible""}",2026-02-01T13:03:50.437188,search,True
8292053,Villa Borj Louzir,https://www.mubawab.tn/fr/a/8292053/villa-borj-louzir,,La Soukra,Borj Louzir,"Borj Louzir, La Soukra",Villa,Vente,700000.0,700 000 TND,700000.0,466.0,"466
						m²",4,5,0,,,,,"nous proposons à la vente une spacieuse villa bâtie sur un terrain de 466 m², répartie sur deux niveau (RDC 1er étage) . Caractéristique principale: superficie du terrain : 466 m² Typologie : villa R1 superficie de chaque étage : 235 m²","nous proposons à la vente une spacieuse villa bâtie sur un terrain de 466 m², répartie sur deux niveau (RDC 1er étage) .Caractéristique principale:superficie du terrain : 466 m²Typologie : villa R1superficie de chaque étage : 235 m²",Terrasse; Garage; Chauffage central,Chauffage central; Garage; Terrasse,Terrasse25 m²; Garage3 Places; Chauffage central,https://www.mubawab-media.com/assets/logos/mubawab.png; https://www.mubawab-media.com/assets/common/loading.gif; https://www.mubawab-media.com/ad/8/292/053F/h/WhatsApp%20Image%202025-12-29%20at%2014.04.29%20%287%29_81844042.avif; https://www.mubawab-media.com/ad/8/292/053F/h/WhatsApp%20Image%202025-12-29%20at%2014.04.29%20%284%29_81844040.avif; https://www.mubawab-media.com/ad/8/292/053F/h/WhatsApp%20Image%202025-12-29%20at%2014.04.29%20%281%29_81844038.avif; https://www.mubawab-media.com/ad/8/292/053F/h/WhatsApp%20Image%202025-12-29%20at%2014.04.29%20%282%29_81844039.avif; https://www.mubawab-media.com/ad/8/292/053F/h/WhatsApp%20Image%202025-12-29%20at%2014.04.29%20%285%29_81844041.avif; https://www.mubawab-media.com/assets/common/agency-nologo.jpg; https://www.mubawab-media.com/ad/7/906/143F/m/d0d2df5f-4240-42e3-b784-fb45eba080ee_GF_74347242.avif; https://www.mubawab-media.com/ad/8/254/920F/m/582318475_1202227461807867_2495380543889644462_n_81435836.avif; https://www.mubawab-media.com/ad/8/286/012F/m/thumb_1238340_property_xlarge_81780508.avif; https://www.mubawab-media.com/ad/8/258/750F/m/Slide1_81532055.avif; https://www.mubawab-media.com/assets/common/banks/atijjaribank.png,"{""type de bien"": ""Maison"", ""etat"": ""À rénover"", ""années"": ""30-50 ans"", ""orientation"": ""Sud"", ""type du sol"": ""Carrelage"", ""nombre d'étages"": ""1""}","{""latitude"": ""36.883333"", ""longitude"": ""10.25""}","{""parking"": ""Oui"", ""terrasse"": ""Oui""}","{""etat"": ""Neuf""}","{""formulaire_contact"": ""Disponible""}",2026-02-01T13:03:50.446953,search,True
8295471,Villa jumelée HS A BORJ LOUZIR,https://www.mubawab.tn/fr/a/8295471/villa-jumel%C3%A9e-hs-a-borj-louzir,,La Soukra,Borj Louzir,"Borj Louzir, La Soukra",Villa,Vente,0,Prix à consulter,0,250.0,"250
						m²",7,4,0,,,,,"On vous propose à la vente une Villa jumelée de Haut standing proche de toues commodités tout en étant calme et accessible, bâtis sur un terrain de 363m² et couvrant une superficie bâtie au environ de 250 m². La villa très bien située proche de toutes commodité tout en étant calme et accessible, su","On vous propose à la vente une Villa jumelée de Haut standing proche de toues commodités tout en étant calme et accessible, bâtis sur un terrain de 363m² et couvrant une superficie bâtie au environ de 250 m².La villa très bien située proche de toutes commodité tout en étant calme et accessible, sur une rue en deuxième position par rapport à la rue principale de Borj Louzir, se compose :Un rez-de-chaussée composé d’un hall à l’entrée, un grand salon, un séjour et d’une cuisine équipée ouvrant sur le jardin et d’une salle d’eau.Un premier étage composé d’une grande chambre parents et deux autres chambres avec placards et d’une salle de bain.Un Studio S1 indépendant avec douche et WCUn grand garage pour 2 voitures avec douche et WC ou qui peut-être, aussi, loué pour usage professionnel.Pour plus de détail et RDV de visite veuillez nous contacter.",Jardin; Terrasse; Garage; Antenne parabolique; Climatisation; Chauffage central; Sécurité; Double vitrage; Porte blindée; Cuisine équipée; Réfrigérateur; Four,Climatisation; Chauffage central; Sécurité; Double vitrage; Porte blindée; Cuisine équipée; Garage; Terrasse; Jardin,Jardin30 m²; Terrasse6 m²; Garage2 Places; Antenne parabolique; Climatisation; Chauffage central; Sécurité; Double vitrage; Porte blindée; Cuisine équipée; Réfrigérateur; Four,https://www.mubawab-media.com/assets/logos/mubawab.png; https://www.mubawab-media.com/assets/common/loading.gif; https://www.mubawab-media.com/ad/8/295/471F/h/EXT13_81882782.avif; https://www.mubawab-media.com/ad/8/295/471F/h/CHMB2_81882783.avif; https://www.mubawab-media.com/ad/8/295/471F/h/CHMB6_81882784.avif; https://www.mubawab-media.com/ad/8/295/471F/h/CUIS1_81882785.avif; https://www.mubawab-media.com/ad/8/295/471F/h/EXT8_81882786.avif; https://www.mubawab-media.com/ad/8/295/471F/h/Facade_81882787.avif; https://www.mubawab-media.com/ad/8/295/471F/h/GARAGE1_81882788.avif; https://www.mubawab-media.com/ad/8/295/471F/h/HALL1_81882789.avif; https://www.mubawab-media.com/ad/8/295/471F/h/HALL3_81882790.avif; https://www.mubawab-media.com/ad/8/295/471F/h/HALL4_81882791.avif; https://www.mubawab-media.com/ad/8/233/302F/m/5a657ce6-0d20-4fb0-a35a-4045d0c5dc19_81214032.avif; https://www.mubawab-media.com/assets/common/banks/atijjaribank.png,"{""type de bien"": ""Maison"", ""etat"": ""Jamais habité / rénové"", ""années"": ""1-5 ans"", ""type du sol"": ""Marbre"", ""nombre d'étages"": ""2""}","{""latitude"": ""36.883333"", ""longitude"": ""10.25""}","{""parking"": ""Oui"", ""climatisation"": ""Oui"", ""securite"": ""Oui"", ""jardin"": ""Oui"", ""terrasse"": ""Oui""}","{""etat"": ""Neuf""}","{""formulaire_contact"": ""Disponible""}",2026-02-01T13:03:50.454315,search,True
8250870,À VENDRE Villa de Prestige à La Soukra,https://www.mubawab.tn/fr/a/8250870/%C3%A0-vendre-villa-de-prestige-%C3%A0-la-soukra,,La Soukra,La Soukra,"La Soukra, La Soukra",Villa,Vente,1700000.0,1 700 000 TND,1700000.0,1250.0,"1250
						m²",6,4,0,,,,,"Immo Street vous propose à la vente une somptueuse villa de prestigeNichée au fond d’une impasse, dans un cadre calme et verdoyant, cette villa de 490 m² sur un terrain de 1 250 m² allie élégance, confort et matériaux haut de gamme. Rez-de-chaussée : Salon lumineux avec salle à manger donnant sur l","Immo Street vous propose à la vente une somptueuse villa de prestigeNichée au fond d’une impasse, dans un cadre calme et verdoyant, cette villa de 490 m² sur un terrain de 1 250 m² allie élégance, confort et matériaux haut de gamme.Rez-de-chaussée :Salon lumineux avec salle à manger donnant sur la terrasse, le jardin et la piscineCuisine indépendante entièrement équipéeSalle d’eau invitésChambre de serviceÉtage :Trois chambres avec salle de bain communeSuite parentale avec dressing et salle de bain privativeTerrasse spacieuse avec vue dégagéeRéférence du bien: Ref479a",Jardin; Terrasse; Piscine,Terrasse; Jardin; Piscine,Jardin; Terrasse; Piscine,https://www.mubawab-media.com/assets/logos/mubawab.png; https://www.mubawab-media.com/assets/common/loading.gif; https://www.mubawab-media.com/ad/8/250/870F/h/thumb_1203498_property_xlarge_81394327.avif; https://www.mubawab-media.com/ad/8/250/870F/h/thumb_1203497_property_xlarge_81394328.avif; https://www.mubawab-media.com/ad/8/250/870F/h/thumb_1203496_property_xlarge_81394329.avif; https://www.mubawab-media.com/ad/8/250/870F/h/thumb_1203495_property_xlarge_81394330.avif; https://www.mubawab-media.com/ad/8/250/870F/h/thumb_1203493_property_xlarge_81394331.avif; https://www.mubawab-media.com/ad/8/250/870F/h/thumb_1203489_property_xlarge_81394332.avif; https://www.mubawab-media.com/ad/8/250/870F/h/thumb_1203490_property_xlarge_81394333.avif; https://www.mubawab-media.com/ad/8/250/870F/h/thumb_1203491_property_xlarge_81394334.avif; https://www.mubawab-media.com/ad/8/250/870F/h/thumb_1203492_property_xlarge_81394335.avif; https://www.mubawab-media.com/ad/8/250/870F/h/thumb_1203494_property_xlarge_81394336.avif; https://www.mubawab-media.com/business/7/488F/s/20200215_163210.avif; https://www.mubawab-media.com/ad/8/168/231F/m/thumb_1116714_property_xlarge_80542054.avif,"{""type de bien"": ""Maison"", ""etat"": ""Bon état / habitable""}","{""latitude"": ""36.88832999999998"", ""longitude"": ""10.274169999999998""}","{""piscine"": ""Oui"", ""jardin"": ""Oui"", ""terrasse"": ""Oui""}","{""etat"": ""Neuf""}","{""formulaire_contact"": ""Disponible""}",2026-02-01T13:03:50.463561,search,True
8021113,À vendre une magnifique villa jumelée s4 à la Soukra,https://www.mubawab.tn/fr/a/8021113/%C3%A0-vendre-une-magnifique-villa-jumel%C3%A9e-s4-%C3%A0-la-soukra,,La Soukra,La Soukra,"La Soukra, La Soukra",Villa,Vente,1550000.0,1 550 000 TND,1550000.0,240.0,"240
						m²",4,4,0,,,,,RÉF: SVF 747 Soukra Négoce vous propose à la vente une magnifique villa jumelée S4 en cours de construction de très haut standing avec jardin et piscine d'une superficie de 240m2 située dans l'un des plus beaux quartiers de la Soukra. **au rez-de-chaussée on trouve un salon spacieux donnant sur,"RÉF: SVF 747Soukra Négoce vous propose à la vente une magnifique villa jumelée S4 en cours de construction de très haut standing avec jardin et piscine d'une superficie de 240m2 située dans l'un des plus beaux quartiers de la Soukra.**au rez-de-chaussée on trouve un salon spacieux donnant sur le jardin et la piscine , une cuisine bien aménagée, une suite avec dressing tune salle de douche, une salle de bain** L'étage loge la partie nuit qui se compose d'une spacieuse suite parentale avec dressing et une salle de douche, deux chambres à coucher avec dressings et une salle de bain commune** A l'extérieur : un jardin gazonné embelli d'une piscine , 02 abris de voitures sont à votre disposition** Cette villa se distingue par la noblesse des matériaux** Remise de clés Mars 2025Prix sur demande",Jardin; Terrasse; Garage; Piscine; Climatisation; Chauffage central; Sécurité; Double vitrage; Porte blindée; Cuisine équipée,Climatisation; Chauffage central; Sécurité; Double vitrage; Porte blindée; Cuisine équipée; Garage; Terrasse; Jardin; Piscine,Jardin; Terrasse; Garage; Piscine; Climatisation; Chauffage central; Sécurité; Double vitrage; Porte blindée; Cuisine équipée,https://www.mubawab-media.com/assets/logos/mubawab.png; https://www.mubawab-media.com/assets/common/loading.gif; https://www.mubawab-media.com/ad/8/021/113F/h/2EDCB506-8302-40C9-93FB-2C18ED5D087F_79073010.avif; https://www.mubawab-media.com/ad/8/021/113F/h/F2637C62-7B3A-45B9-A237-D94DF8A2FB01_79073009.avif; https://www.mubawab-media.com/ad/8/021/113F/h/99CBF229-EEE7-4F08-B553-314C6761D287_79073008.avif; https://www.mubawab-media.com/ad/8/021/113F/h/6E78341C-D4F1-4757-AAC1-5D0B4464C924_79073011.avif; https://www.mubawab-media.com/ad/8/021/113F/h/DCEA1930-0C25-4BBA-A06F-BF543489EA23_79073012.avif; https://www.mubawab-media.com/ad/8/021/113F/h/E5B783E2-136D-49F7-BE79-57CEBE238B20_1_105_c_79073013.avif; https://www.mubawab-media.com/ad/8/021/113F/h/C73966D1-4351-4696-A917-64034DCEAD53_1_105_c_79073014.avif; https://www.mubawab-media.com/ad/8/021/113F/h/46578AE3-D0B3-46EB-83F8-43846DB7A466_1_105_c_79073015.avif; https://www.mubawab-media.com/business/7/231F/s/SOUKRA%20-%20copie.avif; https://www.mubawab-media.com/ad/8/250/870F/m/thumb_1203498_property_xlarge_81394327.avif; https://www.mubawab-media.com/ad/7/847/354F/m/1_GF_71518055.avif; https://www.mubawab-media.com/ad/8/275/575F/m/thumb_1230719_property_large_81666852.avif,"{""type de bien"": ""Maison"", ""etat"": ""Bon état / habitable""}","{""latitude"": ""36.883333"", ""longitude"": ""10.25""}","{""parking"": ""Oui"", ""climatisation"": ""Oui"", ""securite"": ""Oui"", ""piscine"": ""Oui"", ""jardin"": ""Oui"", ""terrasse"": ""Oui""}","{""etat"": ""Neuf""}","{""formulaire_contact"": ""Disponible""}",2026-02-01T13:03:50.470316,search,True
7872801,A vendre Duplex S4 à Chotrana I,https://www.mubawab.tn/fr/a/7872801/a-vendre-duplex-s4-%C3%A0-chotrana-i,,La Soukra,Chotrana 1,"Chotrana 1, La Soukra",Duplex,Vente,850000.0,850 000 TND,850000.0,190.0,"190
						m²",5,4,0,,,,,Agence immobilière DARCOM TUNISIA LA SOUKRA vous propose à la vente des Duplex neufs modernes situés dans une résidence R2 de Haut Standing implantée à Chotrana I à proximité de l’aéroport et tous services. Des Duplex de 190m² avec un jardin 46m² à 850.000 DT TTC y compris deux places parking sous,"Agence immobilière DARCOM TUNISIA LA SOUKRA vous propose à la vente des Duplex neufs modernes situés dans une résidence R2 de Haut Standing implantée à Chotrana I à proximité de l’aéroport et tous services.Des Duplex de 190m² avec un jardin 46m² à 850.000 DT TTC y compris deux places parking sous-solCaméras de surveillanceIsolation thermique et acoustiqueMarbre KadhelCuisines équipées (Hotte, Plaque et Four de marque Premium)Chaudière RielloDressings agencésRevêtement cuisines et salles de bains en grès dans la masseÉquipements sanitaires de haute gammeChauffage central et Climatisation Split (salon et une chambre)Portes en bois nobleMenuiserie aluminium est de très bonne qualité avec des volets roulants électriquesNe ratez pas cette opportunité de devenir propriétaire d’un tel appartement !",Jardin; Terrasse; Garage; Ascenseur; Piscine; Concierge; Chambre rangement; Entre-seul; Antenne parabolique; Climatisation; Chauffage central; Sécurité; Double vitrage; Porte blindée; Cuisine équipée; Four; Micro-ondes; Parking; Sous-sol,Ascenseur; Concierge; Climatisation; Chauffage central; Sécurité; Double vitrage; Porte blindée; Cuisine équipée; Parking; Garage; Terrasse; Jardin; Piscine; Sous-sol,Jardin; Terrasse; Garage; Ascenseur; Piscine; Concierge; Chambre rangement; Entre-seul; Antenne parabolique; Climatisation; Chauffage central; Sécurité; Double vitrage; Porte blindée; Cuisine équipée; Four; Micro-ondes,https://www.mubawab-media.com/assets/logos/mubawab.png; https://www.mubawab-media.com/assets/common/loading.gif; https://www.mubawab-media.com/ad/7/872/801F/h/thumb_783233_property_xlarge_77848422.avif; https://www.mubawab-media.com/ad/7/872/801F/h/thumb_783236_property_xlarge_77848429.avif; https://www.mubawab-media.com/ad/7/872/801F/h/thumb_783235_property_xlarge_77848425.avif; https://www.mubawab-media.com/ad/7/872/801F/h/thumb_714402_property_xlarge_77848427.avif; https://www.mubawab-media.com/ad/7/872/801F/h/thumb_714403_property_xlarge_77848428.avif; https://www.mubawab-media.com/ad/7/872/801F/h/thumb_783234_property_xlarge_77848423.avif; https://www.mubawab-media.com/ad/7/872/801F/h/thumb_783237_property_xlarge_77848426.avif; https://www.mubawab-media.com/ad/7/872/801F/h/thumb_783238_property_xlarge_77848424.avif; https://www.mubawab-media.com/ad/7/872/801F/h/thumb_714404_property_xlarge_77848421.avif; https://www.mubawab-media.com/business/8/008F/s/grand_6471550.avif; https://www.mubawab-media.com/ad/8/212/588F/m/thumb_1141057_property_xlarge_80990224.avif; https://www.mubawab-media.com/ad/8/292/053F/m/WhatsApp%20Image%202025-12-29%20at%2014.04.29%20%287%29_81844042.avif,"{""type de bien"": ""Maison"", ""etat"": ""Bon état / habitable"", ""années"": ""Moins d'un an"", ""type du sol"": ""Marbre"", ""nombre d'étages"": ""4""}","{""latitude"": ""36.88342644076738"", ""longitude"": ""10.222869997284857""}","{""parking"": ""Oui"", ""ascenseur"": ""Oui"", ""climatisation"": ""Oui"", ""concierge"": ""Oui"", ""securite"": ""Oui"", ""piscine"": ""Oui"", ""jardin"": ""Oui"", ""terrasse"": ""Oui""}","{""etat"": ""Neuf""}","{""formulaire_contact"": ""Disponible""}",2026-02-01T13:03:50.479402,search,True
8145609,A Vendre Villa Moderne la soukra Chotrana II,https://www.mubawab.tn/fr/a/8145609/a-vendre-villa-moderne-la-soukra-chotrana-ii,,La Soukra,Chotrana 2,"Chotrana 2, La Soukra",Villa,Vente,2500000.0,2 500 000 TND,2500000.0,600.0,"600
						m²",8,5,0,,,,,"EN EXLUSIVITE Darcom Tunisia La Soukra vous offre à la vente une pépite Villa . Cette somptueuse villa est située dans le quartier prisé de Chotrana 2, à La Soukra, offrant un cadre de vie exceptionnel dans un environnement calme et résidentiel. Caractéristiques principales de la villa :","EN EXLUSIVITEDarcom Tunisia La Soukra vous offre à la vente une pépite Villa .Cette somptueuse villa est située dans le quartier prisé de Chotrana 2, à La Soukra, offrant un cadre de vie exceptionnel dans un environnement calme et résidentiel.Caractéristiques principales de la villa :Superficie du terrain : 1470m²Superficie construite : 600m²Composition de la villa :Rez-de-chaussée :Un vaste salon lumineux donnant sur le jardin, idéal pour recevoir et se détendre.Une salle à manger élégante avec une cuisine moderne entièrement équipée, créant un espace convivial et fonctionnel.Une salle d'eau pour les invités, pratique et bien aménagée.Un séjour séparerUne suite d'invité au rez-de-chaussée, offrant confort et intimité.Une chambre de service, parfaite pour le personnelÀ l’étage :Trois superbes suites, chacune avec sa propre salle de bain privée, offrant confort et tranquillité.Une Chambre à coucher ça peut être un bureau de travail ou un deuxieme séjour à l'étage.Une grande terrasse avec vue imprenable, idéale pour se détendre ou organiser des événements en extérieur.Extérieurs :Un grand jardin aménagé, soigné et agréable, offrant une belle verdure et un espace idéal pour des moments en famille et entre amis.Une piscine moderne, parfaite pour profiter des journées ensoleillées.Un garage spacieux, pouvant accueillir plus de deux véhicules ou plus",Jardin; Terrasse; Garage; Piscine; Chambre rangement; Entre-seul; Antenne parabolique; Climatisation; Chauffage central; Sécurité; Double vitrage; Cuisine équipée; Réfrigérateur; Four; Micro-ondes,Climatisation; Chauffage central; Sécurité; Double vitrage; Cuisine équipée; Garage; Terrasse; Jardin; Piscine,Jardin; Terrasse; Garage; Piscine; Chambre rangement; Entre-seul; Antenne parabolique; Climatisation; Chauffage central; Sécurité; Double vitrage; Cuisine équipée; Réfrigérateur; Four; Micro-ondes,https://www.mubawab-media.com/assets/logos/mubawab.png; https://www.mubawab-media.com/assets/common/loading.gif; https://www.mubawab-media.com/ad/8/145/609F/h/thumb_1094494_property_xlarge_80304189.avif; https://www.mubawab-media.com/ad/8/145/609F/h/thumb_1094470_property_xlarge_80304190.avif; https://www.mubawab-media.com/ad/8/145/609F/h/thumb_1094474_property_xlarge_80304191.avif; https://www.mubawab-media.com/business/8/008F/s/grand_6471550.avif; https://www.mubawab-media.com/ad/8/259/756F/m/thumb_1216797_property_large_81485054.avif; https://www.mubawab-media.com/ad/7/903/445F/m/thumb_806381_property_xlarge_77848458.avif; https://www.mubawab-media.com/ad/7/845/862F/m/thumb_737011_property_xlarge_77848512.avif; https://www.mubawab-media.com/ad/8/126/927F/m/thumb_1071702_property_xlarge_80117040.avif; https://www.mubawab-media.com/assets/common/banks/atijjaribank.png; https://www.mubawab-media.com/assets/common/app-store/google-play-small.png; https://www.mubawab-media.com/assets/common/app-store/app-store-small.png,"{""type de bien"": ""Maison"", ""surface de la parcelle"": ""1427\n\t\t\t\t\t\t\t\tm²"", ""etat"": ""Bon état / habitable"", ""type du sol"": ""Marbre"", ""nombre d'étages"": ""2""}","{""latitude"": ""36.883333"", ""longitude"": ""10.25""}","{""parking"": ""Oui"", ""climatisation"": ""Oui"", ""securite"": ""Oui"", ""piscine"": ""Oui"", ""jardin"": ""Oui"", ""terrasse"": ""Oui""}","{""etat"": ""Neuf""}","{""formulaire_contact"": ""Disponible""}",2026-02-01T13:03:50.487658,search,True
7906143,Villa Andrew à Vendre à Chotrana 1,https://www.mubawab.tn/fr/a/7906143/villa-andrew-%C3%A0-vendre-%C3%A0-chotrana-1,,La Soukra,Chotrana 1,"Chotrana 1, La Soukra",Villa,Vente,580000.0,580 000 TND,580000.0,850.0,"850
						m²",5,4,0,,,,,"Une jolie villa situé sur la route principale de Chotrana 1, La Soukra. A l'entrée, on trouve un salon, un séjour, une cuisine équipée, une salle d'eau pour les invités, 3 chambres à coucher et une salle de bain. A l'extérieur, on trouve une cuisine extérieur, une terrasse et un jardin. Pour tous le","Une jolie villa situé sur la route principale de Chotrana 1, La Soukra. A l'entrée, on trouve un salon, un séjour, une cuisine équipée, une salle d'eau pour les invités, 3 chambres à coucher et une salle de bain. A l'extérieur, on trouve une cuisine extérieur, une terrasse et un jardin. Pour tous les renseignements, contacter L'agent.",Jardin; Terrasse; Cuisine équipée,Cuisine équipée; Terrasse; Jardin,Jardin; Terrasse; Cuisine équipée,https://www.mubawab-media.com/assets/logos/mubawab.png; https://www.mubawab-media.com/assets/common/loading.gif; https://www.mubawab-media.com/ad/7/906/143F/h/d0d2df5f-4240-42e3-b784-fb45eba080ee_GF_74347242.avif; https://www.mubawab-media.com/ad/7/906/143F/h/6b66c147-1104-4963-9229-806ceb1a8d56_GF_74347243.avif; https://www.mubawab-media.com/ad/7/906/143F/h/137fe1c7-5010-47cb-8b7c-2442cd434d73_GF_74347244.avif; https://www.mubawab-media.com/ad/7/906/143F/h/899cdfca-3f4d-4fcd-83b7-695a98f1db9d_GF_74347245.avif; https://www.mubawab-media.com/ad/7/906/143F/h/5933c1b3-ae3b-4681-b5fa-eed6d67fcfb1_GF_74347246.avif; https://www.mubawab-media.com/ad/7/906/143F/h/25228b74-915a-4299-a8f9-aa0f6d303c91_GF_74347247.avif; https://www.mubawab-media.com/ad/7/906/143F/h/82805622-2d70-4ef8-8b1f-ee556747035a_GF_74347248.avif; https://www.mubawab-media.com/ad/7/906/143F/h/d0a1424f-7314-4ee5-a063-07a8b8fc3932_GF_74347249.avif; https://www.mubawab-media.com/ad/7/906/143F/h/d0d2df5f-4240-42e3-b784-fb45eba080ee_GF_74347250.avif; https://www.mubawab-media.com/ad/7/906/143F/h/e138e80e-b7cb-4f1d-8ced-99f95479cec4_GF_74347251.avif; https://www.mubawab-media.com/ad/7/906/143F/h/ebbe5efc-0e7f-4537-8da3-272753bfcd0d_GF_74347252.avif; https://www.mubawab-media.com/business/8/645F/s/home_20875676.avif,"{""type de bien"": ""Maison"", ""etat"": ""Bon état / habitable""}","{""latitude"": ""36.883333"", ""longitude"": ""10.25""}","{""jardin"": ""Oui"", ""terrasse"": ""Oui""}","{""etat"": ""Neuf""}","{""formulaire_contact"": ""Disponible""}",2026-02-01T13:03:50.496142,search,True
7847354,Triplex Alice à Vendre à La Soukra,https://www.mubawab.tn/fr/a/7847354/triplex-alice-%C3%A0-vendre-%C3%A0-la-soukra,,La Soukra,La Soukra,"La Soukra, La Soukra",Triplex,Vente,1250000.0,1 250 000 TND,1250000.0,260.0,"260
						m²",5,4,0,,,,,"Un Triplex de très haut standing d’une superficie de 260 m² sur un terrain de 232 m² situé dans une résidence chic à la Soukra. Au RDC, on a un salon, un séjour, une cuisine bien équipée et une salle d’eau pour les invités. Au 1 er étage, on a 3 suites parentales. Au 2éme étage, on a une suite paren","Un Triplex de très haut standing d’une superficie de 260 m² sur un terrain de 232 m² situé dans une résidence chic à la Soukra. Au RDC, on a un salon, un séjour, une cuisine bien équipée et une salle d’eau pour les invités. Au 1 er étage, on a 3 suites parentales. Au 2éme étage, on a une suite parentale, kitchenette et une terrasse de superficie 60m. Ce triplex dispose d’une piscine de superficie 18m², un jardin de 124 m² et un abri de voiture. NB : Le prix affiché est hors taxe. Pour tous les renseignements, contacter l'agent sur le 53650940.Prix demandé: 1100MD TTC",Jardin; Terrasse; Garage; Piscine; Climatisation; Chauffage central; Cuisine équipée,Climatisation; Chauffage central; Cuisine équipée; Garage; Terrasse; Jardin; Piscine,Jardin; Terrasse; Garage; Piscine; Climatisation; Chauffage central; Cuisine équipée,https://www.mubawab-media.com/assets/logos/mubawab.png; https://www.mubawab-media.com/assets/common/loading.gif; https://www.mubawab-media.com/ad/7/847/354F/h/1_GF_71518055.avif; https://www.mubawab-media.com/ad/7/847/354F/h/2_GF_71518057.avif; https://www.mubawab-media.com/ad/7/847/354F/h/3_GF_71518058.avif; https://www.mubawab-media.com/ad/7/847/354F/h/4_GF_71518059.avif; https://www.mubawab-media.com/ad/7/847/354F/h/5_GF_71518060.avif; https://www.mubawab-media.com/ad/7/847/354F/h/6_GF_71518061.avif; https://www.mubawab-media.com/ad/7/847/354F/h/7_GF_71518062.avif; https://www.mubawab-media.com/ad/7/847/354F/h/8_GF_71518063.avif; https://www.mubawab-media.com/ad/7/847/354F/h/9_GF_71518064.avif; https://www.mubawab-media.com/ad/7/847/354F/h/10_GF_71518065.avif; https://www.mubawab-media.com/ad/7/847/354F/h/11_GF_71518066.avif; https://www.mubawab-media.com/ad/7/847/354F/h/12_GF_71518067.avif; https://www.mubawab-media.com/ad/7/847/354F/h/13_GF_71518068.avif; https://www.mubawab-media.com/ad/7/847/354F/h/14_GF_71518069.avif,"{""type de bien"": ""Maison"", ""etat"": ""Bon état / habitable""}","{""latitude"": ""36.883333"", ""longitude"": ""10.25""}","{""parking"": ""Oui"", ""climatisation"": ""Oui"", ""piscine"": ""Oui"", ""jardin"": ""Oui"", ""terrasse"": ""Oui""}","{""etat"": ""Neuf""}","{""formulaire_contact"": ""Disponible""}",2026-02-01T13:03:50.504758,search,True
8292355,La Soukra / Chotrana 1: Maison R2 3 locaux,https://www.mubawab.tn/fr/a/8292355/la-soukra-chotrana-1-maison-r2-3-locaux,,La Soukra,Chotrana 1,"Chotrana 1, La Soukra",Maison,Vente,960000.0,960 000 TND,960000.0,350.0,"350
						m²",8,8,0,,,,,"A vendre – maison à Chotrana 1 (La Soukra) – Avenue principale Opportunité rare idéalement située sur l’avenue principale de Chotrana 1, avec grande façade et excellente visibilité commerciale. Terrain de 1000 m² comprenant : Maison R2 (2 étages) à rénover, avec fort potentiel (possibilité d’aménage","A vendre – maison à Chotrana 1 (La Soukra) – Avenue principaleOpportunité rare idéalement située sur l’avenue principale de Chotrana 1, avec grande façade et excellente visibilité commerciale.Terrain de 1000 m² comprenant :Maison R2 (2 étages) à rénover, avec fort potentiel (possibilité d’aménagement en plusieurs appartements)3 locaux commerciaux d’environ 270 m², vides et disponiblesParking privé pour 6 voituresBien idéal pour investisseurs ou projet commercial (école, centre médical, showroom, bureaux, restaurant, salle de sport, etc.).Visites possibles immédiatement",Terrasse; Garage; Parking,Parking; Garage; Terrasse,Terrasse300 m²; Garage3 Places,https://www.mubawab-media.com/assets/logos/mubawab.png; https://www.mubawab-media.com/assets/common/loading.gif; https://www.mubawab-media.com/ad/8/292/355F/h/1000009886_81846739.avif; https://www.mubawab-media.com/ad/8/292/355F/h/1000012674_81846740.avif; https://www.mubawab-media.com/ad/8/292/355F/h/1000009889_81846741.avif; https://www.mubawab-media.com/ad/8/292/355F/h/1000012671_81846742.avif; https://www.mubawab-media.com/ad/8/212/588F/m/thumb_1141057_property_xlarge_80990224.avif; https://www.mubawab-media.com/ad/8/285/727F/m/thumb_1238372_property_xlarge_81777619.avif; https://www.mubawab-media.com/ad/8/118/749F/m/exterieur_81309311.avif; https://www.mubawab-media.com/ad/7/872/801F/m/thumb_783233_property_xlarge_77848422.avif; https://www.mubawab-media.com/assets/common/banks/atijjaribank.png; https://www.mubawab-media.com/assets/common/app-store/google-play-small.png; https://www.mubawab-media.com/assets/common/app-store/app-store-small.png,"{""type de bien"": ""Maison"", ""surface de la parcelle"": ""1000\n\t\t\t\t\t\t\t\tm²"", ""etat"": ""À rénover"", ""années"": ""30-50 ans"", ""orientation"": ""Ouest"", ""type du sol"": ""Carrelage"", ""nombre d'étages"": ""2""}","{""latitude"": ""36.896544"", ""longitude"": ""10.217961""}","{""parking"": ""Oui"", ""terrasse"": ""Oui""}","{""etat"": ""Neuf""}","{""formulaire_contact"": ""Disponible""}",2026-02-01T13:03:50.514278,search,True
8044313,A vendre Villa BUREAU 1250m2,https://www.mubawab.tn/fr/a/8044313/a-vendre-villa-bureau-1250m2,,La Soukra,Charguia 1,"Charguia 1, La Soukra",Villa,Vente,1100000.0,1 100 000 TND,1100000.0,1250.0,"1250
						m²",10,5,0,,,,,"Située dans un quartier résidentiel calme et sécurisé, cette propriété offre un potentiel exceptionnel. Le terrain de 1250 m² accueille une villa et un bureau indépendant avec garage, tous deux à rénover ou à repenser selon vos besoins. Points forts : Emplacement privilégié dans un secteur recherc","Située dans un quartier résidentiel calme et sécurisé, cette propriété offre un potentiel exceptionnel. Le terrain de 1250 m² accueille une villa et un bureau indépendant avec garage, tous deux à rénover ou à repenser selon vos besoins.Points forts :Emplacement privilégié dans un secteur recherché.Prix imbattable, Moins de 1000 DT le m2 bien en dessous du marché localIdéal pour un projet de rénovation ou une nouvelle construction.Prix : 1 100 000 million de dinars (négociable).Pour plus d'informations,",Jardin; Terrasse; Garage; Chambre rangement; Entre-seul; Antenne parabolique; Climatisation; Chauffage central; Double vitrage; Cuisine équipée,Climatisation; Chauffage central; Double vitrage; Cuisine équipée; Garage; Terrasse; Jardin,Jardin850 m²; Terrasse100 m²; Garage1 Place; Chambre rangement; Entre-seul; Antenne parabolique; Climatisation; Chauffage central; Double vitrage; Cuisine équipée,https://www.mubawab-media.com/assets/logos/mubawab.png; https://www.mubawab-media.com/assets/common/loading.gif; https://www.mubawab-media.com/ad/8/044/313F/h/IMG_3232_81821577.avif; https://www.mubawab-media.com/ad/8/044/313F/h/IMG_9310_79300611.avif; https://www.mubawab-media.com/ad/8/044/313F/h/IMG_9311_79300610.avif; https://www.mubawab-media.com/ad/8/044/313F/h/Plan-ge%CC%81ometre_81821573.avif; https://www.mubawab-media.com/ad/8/044/313F/h/WhatsApp%20Image%202023-05-16%20at%2012.05.58%20%282%29%202_81821574.avif; https://www.mubawab-media.com/ad/8/044/313F/h/WhatsApp%20Image%202023-05-16%20at%2012.05.58%202_81821575.avif; https://www.mubawab-media.com/ad/8/044/313F/h/WhatsApp%20Image%202023-05-16%20at%2012.05.58%20%281%29%202_81821576.avif; https://www.mubawab-media.com/ad/8/265/974F/m/thumb_1219433_property_xlarge_81562900.avif; https://www.mubawab-media.com/ad/8/285/727F/m/thumb_1238372_property_xlarge_81777619.avif; https://www.mubawab-media.com/ad/8/118/749F/m/exterieur_81309311.avif; https://www.mubawab-media.com/ad/8/292/355F/m/1000009886_81846739.avif; https://www.mubawab-media.com/assets/common/banks/atijjaribank.png,"{""type de bien"": ""Maison"", ""etat"": ""À rénover"", ""années"": ""30-50 ans"", ""type du sol"": ""Carrelage"", ""nombre d'étages"": ""1""}","{""latitude"": ""36.85470262886041"", ""longitude"": ""10.202187973926389""}","{""parking"": ""Oui"", ""climatisation"": ""Oui"", ""jardin"": ""Oui"", ""terrasse"": ""Oui""}","{""etat"": ""Neuf""}","{""formulaire_contact"": ""Disponible""}",2026-02-01T13:03:50.521033,search,True
8289220,Maison situé soukra tout près de mosquée Roudha,https://www.mubawab.tn/fr/a/8289220/maison-situ%C3%A9-soukra-tout-pr%C3%A8s-de-mosqu%C3%A9e-roudha,,La Soukra,La Soukra,"La Soukra, La Soukra",Maison,Vente,0,Prix à consulter,0,100.0,"100
						m²",3,2,1,,,,,Proche de toutes les commodités et très sûr,Proche de toutes les commodités et très sûr.,,,,https://www.mubawab-media.com/assets/logos/mubawab.png; https://www.mubawab-media.com/assets/common/loading.gif; https://www.mubawab-media.com/ad/8/289/220F/h/1000002687_81814320.avif; https://www.mubawab-media.com/ad/8/289/220F/h/1000002684_81814321.avif; https://www.mubawab-media.com/ad/8/289/220F/h/1000002686_81814322.avif; https://www.mubawab-media.com/ad/8/289/220F/h/1000002683_81814323.avif; https://www.mubawab-media.com/ad/8/289/220F/h/1000002685_81814324.avif; https://www.mubawab-media.com/ad/8/221/254F/m/IMG-20210621-WA0005_81082658.avif; https://www.mubawab-media.com/ad/8/207/360F/m/1000002686_80934146.avif; https://www.mubawab-media.com/assets/common/banks/atijjaribank.png; https://www.mubawab-media.com/assets/common/app-store/google-play-small.png; https://www.mubawab-media.com/assets/common/app-store/app-store-small.png,"{""type de bien"": ""Maison"", ""surface de la parcelle"": ""200\n\t\t\t\t\t\t\t\tm²"", ""etat"": ""À rénover"", ""années"": ""30-50 ans"", ""orientation"": ""Est"", ""type du sol"": ""Carrelage"", ""nombre d'étages"": ""1""}","{""latitude"": ""36.88833"", ""longitude"": ""10.27417""}",{},"{""etat"": ""Neuf""}","{""formulaire_contact"": ""Disponible""}",2026-02-01T13:03:50.528197,search,True
8283918,A vendre Duplex S4 à Chotrana 1,https://www.mubawab.tn/fr/a/8283918/a-vendre-duplex-s4-%C3%A0-chotrana-1,,La Soukra,Chotrana 1,"Chotrana 1, La Soukra",Duplex,Vente,830000.0,830 000 TND,830000.0,226.0,"226
						m²",4,3,0,,,,,Darcom Tunisia LA Soukra met à la vente un charmant Duplex de 226 m² sis dans une résidence R2 dotée d’un bon emplacement à chotrana 1 la Soukra et se compose comme suit : RDC : -Un salon/salle à manger donnant sur un jardin de 40 m². -Une pièce pour séjour. -Une cuisine agencée et équi,"Darcom Tunisia LA Soukra met à la vente un charmant Duplex de 226 m² sis dans une résidence R2 dotée d’un bon emplacement à chotrana 1 la Soukra et se compose comme suit :RDC :-Un salon/salle à manger donnant sur un jardin de 40 m².-Une pièce pour séjour.-Une cuisine agencée et équipée (Hotte, Plaque, Four) à neuf.-Une salle d’eau d'invité.- une deuxième kitchenetteL’étage :-Une suite parentale avec salle de bain et disposant offrant une vue sur le jardin-Deux chambre à coucher avec dressings-Une salle de bain communeN’hésitez pas à contacter nos conseillers pour un rendez-vous.",Jardin; Terrasse; Garage; Concierge; Chambre rangement; Entre-seul; Antenne parabolique; Climatisation; Chauffage central; Sécurité; Double vitrage; Porte blindée; Cuisine équipée; Four,Concierge; Climatisation; Chauffage central; Sécurité; Double vitrage; Porte blindée; Cuisine équipée; Garage; Terrasse; Jardin,Jardin; Terrasse; Garage; Concierge; Chambre rangement; Entre-seul; Antenne parabolique; Climatisation; Chauffage central; Sécurité; Double vitrage; Porte blindée; Cuisine équipée; Four,https://www.mubawab-media.com/assets/logos/mubawab.png; https://www.mubawab-media.com/assets/common/loading.gif; https://www.mubawab-media.com/ad/8/283/918F/h/jardin_81758998.avif; https://www.mubawab-media.com/ad/8/283/918F/h/chambre%201_81758999.avif; https://www.mubawab-media.com/ad/8/283/918F/h/cuisine_81759000.avif; https://www.mubawab-media.com/ad/8/283/918F/h/hall%20entre_81759001.avif; https://www.mubawab-media.com/ad/8/283/918F/h/salon_81759002.avif; https://www.mubawab-media.com/ad/8/283/918F/h/sdb%20suite_81759003.avif; https://www.mubawab-media.com/business/8/008F/s/grand_6471550.avif; https://www.mubawab-media.com/ad/8/212/588F/m/thumb_1141057_property_xlarge_80990224.avif; https://www.mubawab-media.com/ad/8/292/053F/m/WhatsApp%20Image%202025-12-29%20at%2014.04.29%20%287%29_81844042.avif; https://www.mubawab-media.com/ad/7/872/801F/m/thumb_783233_property_xlarge_77848422.avif; https://www.mubawab-media.com/ad/8/254/920F/m/582318475_1202227461807867_2495380543889644462_n_81435836.avif,"{""type de bien"": ""Maison"", ""etat"": ""Bon état / habitable"", ""années"": ""1-5 ans"", ""type du sol"": ""Marbre"", ""nombre d'étages"": ""1""}","{""latitude"": ""36.883333"", ""longitude"": ""10.25""}","{""parking"": ""Oui"", ""climatisation"": ""Oui"", ""concierge"": ""Oui"", ""securite"": ""Oui"", ""jardin"": ""Oui"", ""terrasse"": ""Oui""}","{""etat"": ""Neuf""}","{""formulaire_contact"": ""Disponible""}",2026-02-01T13:03:50.534264,search,True
8211984,A vendre une villa jumelée à la Soukra,https://www.mubawab.tn/fr/a/8211984/a-vendre-une-villa-jumel%C3%A9e-%C3%A0-la-soukra,,La Soukra,La Soukra,"La Soukra, La Soukra",Villa,Vente,0,Prix à consulter,0,240.0,"240
						m²",2,2,1,,,,,"Mami Immo vous propose la vente d’une villa jumelée neuve à la Soukra dans un cadre paisible . Caractéristiques de la Villa Rez de chaussée Un vaste salon lumineux, baigné de lumière naturelle grace a ses baies vitrées qui offrent une vue imprenable sur la piscine . Une cuisine moderne entiérem","Mami Immo vous propose la vente d’une villa jumelée neuve à la Soukra dans un cadre paisible .Caractéristiques de la VillaRez de chausséeUn vaste salon lumineux, baigné de lumière naturelle grace a ses baies vitrées qui offrent une vue imprenable sur la piscine .Une cuisine moderne entiérement équipéeUne salle d’eau pratique et contemporaine avec une douche à l’italienneA l’étage01 suite spacieuse, offrant un espace de détente confortable et une salle de bain privée.02 chambres à coucher avec une salle de bain commune .Exterieur Profitez d’un jardin bien entretenu avec une piscine scintillante avec un abri de 02 voitures bien sécurisécette villa est un véritable havre de paix; alliant confort moderne et style de vie fonctionnel .Ne manquez pas cette opportunité unique de devenir propriétaire d’une villa de revepour plus d’informations ou pour planifier une visite , n’hésitez pas à nous contacter .",Jardin; Piscine,Jardin; Piscine,Jardin; Piscine,https://www.mubawab-media.com/assets/logos/mubawab.png; https://www.mubawab-media.com/assets/common/loading.gif; https://www.mubawab-media.com/ad/8/211/984F/h/thumb_1157879_property_large_80984260.avif; https://www.mubawab-media.com/ad/8/211/984F/h/thumb_1157877_property_large_80984261.avif; https://www.mubawab-media.com/ad/8/211/984F/h/thumb_1157880_property_large_80984262.avif; https://www.mubawab-media.com/ad/8/211/984F/h/thumb_1157888_property_large_80984263.avif; https://www.mubawab-media.com/ad/8/211/984F/h/thumb_1157887_property_large_80984264.avif; https://www.mubawab-media.com/ad/8/211/984F/h/thumb_1157886_property_large_80984265.avif; https://www.mubawab-media.com/ad/8/211/984F/h/thumb_1157885_property_large_80984266.avif; https://www.mubawab-media.com/ad/8/211/984F/h/thumb_1157884_property_large_80984267.avif; https://www.mubawab-media.com/ad/8/211/984F/h/thumb_1157883_property_large_80984268.avif; https://www.mubawab-media.com/ad/8/211/984F/h/thumb_1157882_property_large_80984269.avif; https://www.mubawab-media.com/ad/8/211/984F/h/thumb_1157881_property_large_80984270.avif; https://www.mubawab-media.com/ad/8/211/984F/h/thumb_1157878_property_large_80984271.avif; https://www.mubawab-media.com/ad/8/211/984F/h/thumb_1157890_property_large_80984272.avif; https://www.mubawab-media.com/ad/8/211/984F/h/thumb_1157892_property_large_80984273.avif,"{""type de bien"": ""Maison"", ""etat"": ""Bon état / habitable""}","{""latitude"": ""36.883333"", ""longitude"": ""10.25""}","{""piscine"": ""Oui"", ""jardin"": ""Oui""}","{""etat"": ""Neuf""}","{""formulaire_contact"": ""Disponible""}",2026-02-01T13:03:50.543644,search,True
8239455,À vendre une villa,https://www.mubawab.tn/fr/a/8239455/%C3%A0-vendre-une-villa,,La Soukra,Chotrana 3,"Chotrana 3, La Soukra",Villa,Vente,980000.0,980 000 TND,980000.0,764.0,"764
						m²",6,6,0,,,,,On vous propose à la vente une villa composée d’un Rez-de-chaussée (S4) et 2 appartements indépendants (S2) de 140m² chacun. Emplacement: Chotrana 3 La Soukra côté restaurant El Firma et Vita Top. Superficie terrain : 764 m2 . Superficie RDC: 280 m2 . À l’étage on trouve 2 appartements s2 14,On vous propose à la vente une villa composée d’un Rez-de-chaussée (S4) et 2 appartements indépendants (S2) de 140m² chacun.Emplacement: Chotrana 3 La Soukra côté restaurant El Firma et Vita Top.Superficie terrain : 764 m2 .Superficie RDC: 280 m2 .À l’étage on trouve 2 appartements s2 140 m2 chacun .Superficie Jardin : 400 m2 .Au rez-de-chaussée :Une villa s4 .Un grand salon lumineux02 Suites parentales02 chambres à coucherUne salle de bain communeUne salle d’eauUne cuisine qui donne sur le jardinUn garageÀ l’étage : 02 appartements presque identiques.Un salon avec balcon02 chambres à coucherUne salle de bain (jacuzzi)Une salle de douche,Jardin; Terrasse; Garage,Garage; Terrasse; Jardin,Jardin; Terrasse; Garage,https://www.mubawab-media.com/assets/logos/mubawab.png; https://www.mubawab-media.com/assets/common/loading.gif; https://www.mubawab-media.com/ad/8/239/455F/h/thumb_1190145_property_large_81276938.avif; https://www.mubawab-media.com/ad/8/239/455F/h/thumb_1190142_property_large_81276939.avif; https://www.mubawab-media.com/ad/8/239/455F/h/thumb_1190136_property_large_81276940.avif; https://www.mubawab-media.com/ad/8/239/455F/h/thumb_1190143_property_large_81276941.avif; https://www.mubawab-media.com/ad/8/239/455F/h/thumb_1190138_property_large_81276942.avif; https://www.mubawab-media.com/ad/8/239/455F/h/thumb_1190139_property_large_81276943.avif; https://www.mubawab-media.com/ad/8/239/455F/h/thumb_1190140_property_large_81276944.avif; https://www.mubawab-media.com/ad/8/239/455F/h/thumb_1190141_property_large_81276945.avif; https://www.mubawab-media.com/ad/8/239/455F/h/thumb_1190144_property_large_81276946.avif; https://www.mubawab-media.com/ad/8/239/455F/h/thumb_1190137_property_large_81276947.avif; https://www.mubawab-media.com/business/10/865F/s/logo%20B2B%20consulting_79084993.avif; https://www.mubawab-media.com/ad/8/212/588F/m/thumb_1141057_property_xlarge_80990224.avif,"{""type de bien"": ""Maison"", ""etat"": ""Bon état / habitable""}","{""latitude"": ""36.883333"", ""longitude"": ""10.25""}","{""parking"": ""Oui"", ""jardin"": ""Oui"", ""terrasse"": ""Oui""}","{""etat"": ""Neuf""}","{""formulaire_contact"": ""Disponible""}",2026-02-01T13:03:50.551177,search,True
8254920,Duplex avec jardin la Soukra,https://www.mubawab.tn/fr/a/8254920/duplex-avec-jardin-la-soukra,,La Soukra,La Soukra,"La Soukra, La Soukra",Duplex,Vente,740000.0,740 000 TND,740000.0,380.0,"380
						m²",5,3,0,,,,,Notre Agence Immobilière El Gesmi met à la vente duplexe S3 haut standing entrée indépendante avec jardin dans une Cartée très calme Située à : La Soukra Compose de : salon lumineux et salle à manger séjour grande cuisine équipé avec séchoir 2 chambres à coucher avec dont avec dres,Notre Agence Immobilière El Gesmimet à la vente duplexe S3 haut standing entrée indépendante avec jardin dans une Cartée très calmeSituée à :La SoukraCompose de :salon lumineux et salle à mangerséjourgrande cuisine équipé avec séchoir2 chambres à coucher avec dont avec dressingsuite parentale avec salle d'eau et dressingsalle de bainsalle d'eau pour les invitéela duplexe est équipé par :chauffage centralClimatiseursjardin4 abri de voituresuperficie:380m²prix de vente : 740.000MD,Jardin; Terrasse; Garage; Ascenseur; Chambre rangement; Cheminée; Climatisation; Chauffage central; Sécurité; Double vitrage; Porte blindée; Cuisine équipée,Ascenseur; Climatisation; Chauffage central; Sécurité; Double vitrage; Porte blindée; Cuisine équipée; Garage; Terrasse; Jardin; Cheminée,Jardin; Terrasse; Garage; Ascenseur; Chambre rangement; Cheminée; Climatisation; Chauffage central; Sécurité; Double vitrage; Porte blindée; Cuisine équipée,https://www.mubawab-media.com/assets/logos/mubawab.png; https://www.mubawab-media.com/assets/common/loading.gif; https://www.mubawab-media.com/ad/8/254/920F/h/582318475_1202227461807867_2495380543889644462_n_81435836.avif; https://www.mubawab-media.com/ad/8/254/920F/h/582319688_2290712601374226_1605302068415678507_n_81435837.avif; https://www.mubawab-media.com/ad/8/254/920F/h/584399140_863562409952670_9201710794528290876_n_81435838.avif; https://www.mubawab-media.com/ad/8/254/920F/h/582053463_604476822728597_5596048042752839978_n_81435839.avif; https://www.mubawab-media.com/ad/8/254/920F/h/582253178_695281683274613_36358722176310295_n_81435840.avif; https://www.mubawab-media.com/ad/8/254/920F/h/582308496_882436794954923_2266041419656805627_n%20%281%29_81435841.avif; https://www.mubawab-media.com/ad/8/254/920F/h/582308496_882436794954923_2266041419656805627_n_81435842.avif; https://www.mubawab-media.com/ad/8/254/920F/h/582426881_3022230638165651_8132159417734626817_n_81435843.avif; https://www.mubawab-media.com/ad/8/254/920F/h/582580629_1199337195402755_7611103799957401207_n_81435844.avif; https://www.mubawab-media.com/ad/8/254/920F/h/582608290_1994803321308232_8026182423087452587_n_81435845.avif; https://www.mubawab-media.com/business/12/427F/s/Gold%20%20Black%20Home%20Icon%20Real%20Estate%20Logo_80311039.avif; https://www.mubawab-media.com/ad/8/212/588F/m/thumb_1141057_property_xlarge_80990224.avif,"{""type de bien"": ""Maison"", ""etat"": ""Bon état / habitable""}","{""latitude"": ""36.883333"", ""longitude"": ""10.25""}","{""parking"": ""Oui"", ""ascenseur"": ""Oui"", ""climatisation"": ""Oui"", ""securite"": ""Oui"", ""jardin"": ""Oui"", ""terrasse"": ""Oui""}","{""etat"": ""Neuf""}","{""formulaire_contact"": ""Disponible""}",2026-02-01T13:03:50.558503,search,True
7876250,A vendre Villa 800 m² à Chotrana III La soukra,https://www.mubawab.tn/fr/a/7876250/a-vendre-villa-800-m%C2%B2-%C3%A0-chotrana-iii-la-soukra,,La Soukra,La Soukra,"La Soukra, La Soukra",Villa,Vente,990000.0,990 000 TND,990000.0,800.0,"800
						m²",11,6,0,,,,,"Darcom Tunisia la soukra met à la vente une villa d’une superficie terrain de 800 m² avec un bâti de 560m² réparti sur deux niveaux , située dans un quartier résidentiel calme doté d’un très bon emplacement à Chotrana III la soukra.- RDC : - un grand salon/salle à manger ouvrant sur un beau jardin","Darcom Tunisia la soukra met à la vente une villa d’une superficie terrain de 800 m² avec un bâti de 560m² réparti sur deux niveaux , située dans un quartier résidentiel calme doté d’un très bon emplacement à Chotrana III la soukra.- RDC :- un grand salon/salle à manger ouvrant sur un beau jardin-une cuisine aménagée et équipée-une salle d’eau d’invitésUn bloc nuit séparé bénéficiant comprenant de deux suites disposant de grands dressings et une salle de bain, ainsi que deux chambres à coucher chacune avec des placards et qui se partagent une salle de douche.Les chambres bénéficient d'une très bonne orientation.- A l'étage :Deux Appartments en Type S2 séparés et indépendantChauffage central et climatisation split installésUn grand garage pour 4 voitures est à dispositionN’hésitez pas à contacter nos conseillers pour un rendez-vous",Jardin; Terrasse; Garage; Antenne parabolique; Climatisation; Chauffage central; Cuisine équipée,Climatisation; Chauffage central; Cuisine équipée; Garage; Terrasse; Jardin,Jardin; Terrasse; Garage; Antenne parabolique; Climatisation; Chauffage central; Cuisine équipée,https://www.mubawab-media.com/assets/logos/mubawab.png; https://www.mubawab-media.com/assets/common/loading.gif; https://www.mubawab-media.com/ad/7/876/250F/h/thumb_778786_property_xlarge_77848598.avif; https://www.mubawab-media.com/ad/7/876/250F/h/thumb_778785_property_xlarge_77848599.avif; https://www.mubawab-media.com/ad/7/876/250F/h/thumb_778784_property_xlarge_77848600.avif; https://www.mubawab-media.com/business/8/008F/s/grand_6471550.avif; https://www.mubawab-media.com/ad/8/285/727F/m/thumb_1238372_property_xlarge_81777619.avif; https://www.mubawab-media.com/ad/8/118/749F/m/exterieur_81309311.avif; https://www.mubawab-media.com/ad/7/872/801F/m/thumb_783233_property_xlarge_77848422.avif; https://www.mubawab-media.com/ad/8/292/355F/m/1000009886_81846739.avif; https://www.mubawab-media.com/assets/common/banks/atijjaribank.png; https://www.mubawab-media.com/assets/common/app-store/google-play-small.png; https://www.mubawab-media.com/assets/common/app-store/app-store-small.png,"{""type de bien"": ""Maison"", ""etat"": ""Bon état / habitable""}","{""latitude"": ""36.88833"", ""longitude"": ""10.27417""}","{""parking"": ""Oui"", ""climatisation"": ""Oui"", ""jardin"": ""Oui"", ""terrasse"": ""Oui""}","{""etat"": ""Neuf""}","{""formulaire_contact"": ""Disponible""}",2026-02-01T13:03:50.567145,search,True
8286012,Villa de 319m2 terrain et 350m2 bâti à borj louzir,https://www.mubawab.tn/fr/a/8286012/villa-de-319m2-terrain-et-350m2-b%C3%A2ti-%C3%A0-borj-louzir,,La Soukra,Borj Louzir,"Borj Louzir, La Soukra",Villa,Vente,665000.0,665 000 TND,665000.0,319.0,"319
						m²",6,6,0,,,,,"Emplacement : Borj Louzir – Ariana Terrain : 319 m² Surface bâtie : 350 m² Villa à deux étages totalement indépendants Rez-de-chaussée :Salon spacieux3 chambres à coucherCuisine avec accès à la terrasseSalle de bain1er étage :Salon en open space3 chambres à coucherCuisine équipée (plaque, hotte et f","Emplacement : Borj Louzir – ArianaTerrain : 319 m²Surface bâtie : 350 m²Villa à deux étages totalement indépendantsRez-de-chaussée :Salon spacieux3 chambres à coucherCuisine avec accès à la terrasseSalle de bain1er étage :Salon en open space3 chambres à coucherCuisine équipée (plaque, hotte et four)Salle de bainSalle d’eauChauffage centralClimatisation split-systèmeJardinGarage pour 2 voituresPrix : 665 000 DTRéférence du bien: Ref3971a",Jardin; Terrasse; Garage; Climatisation; Chauffage central; Cuisine équipée; Four,Climatisation; Chauffage central; Cuisine équipée; Garage; Terrasse; Jardin,Jardin; Terrasse; Garage; Climatisation; Chauffage central; Cuisine équipée; Four,https://www.mubawab-media.com/assets/logos/mubawab.png; https://www.mubawab-media.com/assets/common/loading.gif; https://www.mubawab-media.com/ad/8/286/012F/h/thumb_1238340_property_xlarge_81780508.avif; https://www.mubawab-media.com/ad/8/286/012F/h/thumb_1238338_property_xlarge_81780509.avif; https://www.mubawab-media.com/ad/8/286/012F/h/thumb_1238341_property_xlarge_81780510.avif; https://www.mubawab-media.com/ad/8/286/012F/h/thumb_1238334_property_xlarge_81780511.avif; https://www.mubawab-media.com/ad/8/286/012F/h/thumb_1238330_property_xlarge_81780512.avif; https://www.mubawab-media.com/ad/8/286/012F/h/thumb_1238337_property_xlarge_81780513.avif; https://www.mubawab-media.com/ad/8/286/012F/h/thumb_1238336_property_xlarge_81780514.avif; https://www.mubawab-media.com/ad/8/286/012F/h/thumb_1238331_property_xlarge_81780515.avif; https://www.mubawab-media.com/ad/8/286/012F/h/thumb_1238333_property_xlarge_81780516.avif; https://www.mubawab-media.com/ad/8/286/012F/h/thumb_1238335_property_xlarge_81780517.avif; https://www.mubawab-media.com/ad/8/286/012F/h/thumb_1238339_property_xlarge_81780518.avif; https://www.mubawab-media.com/ad/8/286/012F/h/thumb_1238332_property_xlarge_81780519.avif,"{""type de bien"": ""Maison""}","{""latitude"": ""36.8650901"", ""longitude"": ""10.2123551""}","{""surface_terrain"": ""319"", ""parking"": ""Oui"", ""climatisation"": ""Oui"", ""jardin"": ""Oui"", ""terrasse"": ""Oui""}","{""etat"": ""Neuf""}","{""formulaire_contact"": ""Disponible""}",2026-02-01T13:03:50.573196,search,True
8285050,Maison S3 avec terrasse à La Soukra,https://www.mubawab.tn/fr/a/8285050/maison-s3-avec-terrasse-%C3%A0-la-soukra,,La Soukra,Mosque Erraoudha,"Mosque Erraoudha, La Soukra",Maison,Vente,372000.0,372 000 TND,372000.0,227.0,"227
						m²",4,3,1,,,,,A vendre Maison S3 avec terrasse à La Soukra Superficie: 227m² / 110m² bâtit Composition Salon Trois chambres à coucher Salle de bain Cuisine Dressing Prix: 372 000 DT,A vendreMaison S3 avec terrasse à La SoukraSuperficie: 227m² / 110m² bâtitCompositionSalonTrois chambres à coucherSalle de bainCuisineDressingPrix: 372 000 DT,Jardin; Terrasse,Terrasse; Jardin,Jardin; Terrasse,https://www.mubawab-media.com/assets/logos/mubawab.png; https://www.mubawab-media.com/assets/common/loading.gif; https://www.mubawab-media.com/ad/8/285/050F/h/thumb_1223779_property_xlarge_81770498.avif; https://www.mubawab-media.com/ad/8/285/050F/h/thumb_1223786_property_xlarge_81770499.avif; https://www.mubawab-media.com/ad/8/285/050F/h/thumb_1223772_property_xlarge_81770500.avif; https://www.mubawab-media.com/ad/8/285/050F/h/thumb_1223770_property_xlarge_81770501.avif; https://www.mubawab-media.com/ad/8/285/050F/h/thumb_1223775_property_xlarge_81770502.avif; https://www.mubawab-media.com/ad/8/285/050F/h/thumb_1223781_property_xlarge_81770503.avif; https://www.mubawab-media.com/ad/8/285/050F/h/thumb_1223776_property_xlarge_81770504.avif; https://www.mubawab-media.com/ad/8/285/050F/h/thumb_1223778_property_xlarge_81770505.avif; https://www.mubawab-media.com/ad/8/285/050F/h/thumb_1223780_property_xlarge_81770506.avif; https://www.mubawab-media.com/ad/8/285/050F/h/thumb_1223792_property_xlarge_81770507.avif; https://www.mubawab-media.com/ad/8/285/050F/h/thumb_1223783_property_xlarge_81770508.avif; https://www.mubawab-media.com/ad/8/285/050F/h/thumb_1223774_property_xlarge_81770509.avif,"{""type de bien"": ""Maison"", ""etat"": ""Bon état / habitable""}","{""latitude"": ""36.883333"", ""longitude"": ""10.25""}","{""jardin"": ""Oui"", ""terrasse"": ""Oui""}","{""etat"": ""Neuf""}","{""formulaire_contact"": ""Disponible""}",2026-02-01T13:03:50.581778,search,True
8275575,"Une villa jumelée s4, La Soukra",https://www.mubawab.tn/fr/a/8275575/une-villa-jumel%C3%A9e-s4-la-soukra,,La Soukra,Sidi Frej,"Sidi Frej, La Soukra",Villa,Vente,1300000.0,1 300 000 TND,1300000.0,300.0,"300
						m²",5,4,0,,,,,"A vendre à La Soukra, une villa jumelée de 364m2 couvert sur un terrain de 300m2. La villa est érigée sur 3 niveaux. Le Rdc est composé d’un salon avec un accès àla terrasse aménagée d’une piscine, d’une cuisine ouverte agencée et équipée complétée par un séchoir et une deuxième cuisine et d’une sal","A vendre à La Soukra, une villa jumelée de 364m2 couvert sur un terrain de 300m2. La villa est érigée sur 3 niveaux. Le Rdc est composé d’un salon avec un accès àla terrasse aménagée d’une piscine, d’une cuisine ouverte agencée et équipée complétée par un séchoir et une deuxième cuisine et d’une salle d’eau. Le 1er étage est composé de deux suites enfants équipée chacune d’un dressing et d’une salle de douche, et d’une suite parentale équipée d’un dressing room et d’une salle de bain. Le 2ème étage est composé d’une chambre à coucher, d’une salle de douche, et d’une terrasse.",Terrasse; Garage; Piscine; Climatisation; Chauffage central; Sécurité; Double vitrage; Porte blindée; Cuisine équipée,Climatisation; Chauffage central; Sécurité; Double vitrage; Porte blindée; Cuisine équipée; Garage; Terrasse; Piscine,Terrasse; Garage; Piscine; Climatisation; Chauffage central; Sécurité; Double vitrage; Porte blindée; Cuisine équipée,https://www.mubawab-media.com/assets/logos/mubawab.png; https://www.mubawab-media.com/assets/common/loading.gif; https://www.mubawab-media.com/ad/8/275/575F/h/thumb_1230719_property_large_81666852.avif; https://www.mubawab-media.com/ad/8/275/575F/h/thumb_1230720_property_large_81666853.avif; https://www.mubawab-media.com/ad/8/275/575F/h/thumb_1230721_property_large_81666854.avif; https://www.mubawab-media.com/business/7/082F/s/61374084_830453034022117_1808585804650381312_n_10395952.avif; https://www.mubawab-media.com/ad/8/265/974F/m/thumb_1219433_property_xlarge_81562900.avif; https://www.mubawab-media.com/ad/7/847/354F/m/1_GF_71518055.avif; https://www.mubawab-media.com/ad/8/044/313F/m/IMG_3232_81821577.avif; https://www.mubawab-media.com/ad/7/962/447F/m/454263818_983419006908516_1058752792311806494_n_78585235.avif; https://www.mubawab-media.com/assets/common/banks/atijjaribank.png; https://www.mubawab-media.com/assets/common/app-store/google-play-small.png; https://www.mubawab-media.com/assets/common/app-store/app-store-small.png,"{""type de bien"": ""Maison"", ""etat"": ""Bon état / habitable"", ""années"": ""Moins d'un an"", ""nombre d'étages"": ""2""}","{""latitude"": ""36.883333"", ""longitude"": ""10.25""}","{""etage"": ""2"", ""parking"": ""Oui"", ""climatisation"": ""Oui"", ""securite"": ""Oui"", ""piscine"": ""Oui"", ""terrasse"": ""Oui""}","{""etat"": ""Neuf""}","{""formulaire_contact"": ""Disponible""}",2026-02-01T13:03:50.588302,search,True
7905229,Duplex Independent a Soukra avec jardin,https://www.mubawab.tn/fr/a/7905229/duplex-independent-a-soukra-avec-jardin,,La Soukra,La Soukra,"La Soukra, La Soukra",Villa,Vente,850000.0,850 000 TND,850000.0,230.0,"230
						m²",4,3,0,,,,,A vendre : Duplex Independent a Soukra avec jardin Superficie terrain : 230 m² Superficie jardin : 100 m² Superficie bâtie: 200 m² Composition : Au réez de chaussée : Salon Cuisine équipée Salle d'eau A l'étage: Deux chambres avec dressings Salle de douche Une suite,A vendre : Duplex Independent a Soukra avec jardinSuperficie terrain : 230 m²Superficie jardin : 100 m²Superficie bâtie: 200 m²Composition :Au réez de chaussée :SalonCuisine équipéeSalle d'eauA l'étage:Deux chambres avec dressingsSalle de doucheUne suite parentale avec une salle de bain et dressingClimatisationChauffage centralePrix du vente : 850 .000 dtContacter agence villa ( agence immobilière agrée),Jardin; Climatisation; Chauffage central; Cuisine équipée,Climatisation; Chauffage central; Cuisine équipée; Jardin,Jardin; Climatisation; Chauffage central; Cuisine équipée,https://www.mubawab-media.com/assets/logos/mubawab.png; https://www.mubawab-media.com/assets/common/loading.gif; https://www.mubawab-media.com/ad/7/905/229F/h/445810192_415860231416121_1782601812425583373_n_75707523.avif; https://www.mubawab-media.com/ad/7/905/229F/h/322591827_3479405758940360_6561151302453297442_n_74252287.avif; https://www.mubawab-media.com/ad/7/905/229F/h/442423485_1511439216449753_5708752116776966892_n_75707524.avif; https://www.mubawab-media.com/ad/7/905/229F/h/445635441_2087811754936524_4543336208719015745_n_75707525.avif; https://www.mubawab-media.com/ad/7/905/229F/h/445648034_828808169153074_4319992999031115506_n_75707526.avif; https://www.mubawab-media.com/ad/7/905/229F/h/445873978_822872525873297_2811381117926351421_n_75707527.avif; https://www.mubawab-media.com/business/7/466F/s/82844627_498767614082585_8366555078101827584_n.avif; https://www.mubawab-media.com/ad/8/212/588F/m/thumb_1141057_property_xlarge_80990224.avif; https://www.mubawab-media.com/ad/8/292/053F/m/WhatsApp%20Image%202025-12-29%20at%2014.04.29%20%287%29_81844042.avif; https://www.mubawab-media.com/ad/7/872/801F/m/thumb_783233_property_xlarge_77848422.avif; https://www.mubawab-media.com/ad/8/283/918F/m/jardin_81758998.avif,"{""type de bien"": ""Maison"", ""etat"": ""Bon état / habitable"", ""années"": ""1-5 ans""}","{""latitude"": ""36.88333299999999"", ""longitude"": ""10.25""}","{""climatisation"": ""Oui"", ""jardin"": ""Oui""}","{""etat"": ""Neuf""}","{""formulaire_contact"": ""Disponible""}",2026-02-01T13:03:50.594702,search,True
8212587,Villa Neuve S3 avec piscine à vendre à La Soukra,https://www.mubawab.tn/fr/a/8212587/villa-neuve-s3-avec-piscine-%C3%A0-vendre-%C3%A0-la-soukra,,La Soukra,La Soukra,"La Soukra, La Soukra",Villa,Vente,960000.0,960 000 TND,960000.0,180.0,"180
						m²",0,3,0,,,,,"New Key La Soukra met à la vente une villa neuve S3 avec piscine en cours de finition dans un quartier calme et résidentiel à La Soukra.On y trouve un salon en double hauteur donnat sur la piscine, cuisine équipée et une salle d'eau invités.Un escalier suspendu en bois avec éclairage en LED nous mèn","New Key La Soukra met à la vente une villa neuve S3 avec piscine en cours de finition dans un quartier calme et résidentiel à La Soukra.On y trouve un salon en double hauteur donnat sur la piscine, cuisine équipée et une salle d'eau invités.Un escalier suspendu en bois avec éclairage en LED nous mène vers la partie nuit qui se compose de 03 suites.Climatisation en splitChauffage centralJardinPiscine 2m50/5m50 avec cascade d'eau.Un garage pour 02 voituresPrix inachevée : 800 MD Référence du bien: Ref8336a",Jardin; Garage; Piscine; Climatisation; Chauffage central; Cuisine équipée,Climatisation; Chauffage central; Cuisine équipée; Garage; Jardin; Piscine,Jardin; Garage; Piscine; Climatisation; Chauffage central; Cuisine équipée,https://www.mubawab-media.com/assets/logos/mubawab.png; https://www.mubawab-media.com/assets/common/loading.gif; https://www.mubawab-media.com/ad/8/212/587F/h/thumb_1156794_property_xlarge_80990221.avif; https://www.mubawab-media.com/ad/8/212/587F/h/thumb_1156795_property_xlarge_80990222.avif; https://www.mubawab-media.com/ad/8/212/587F/h/thumb_1156796_property_xlarge_80990223.avif; https://www.mubawab-media.com/business/8/390F/s/173569684_3743946405703280_2342906483815680692_n_12649711.avif; https://www.mubawab-media.com/ad/8/212/588F/m/thumb_1141057_property_xlarge_80990224.avif; https://www.mubawab-media.com/ad/8/285/727F/m/thumb_1238372_property_xlarge_81777619.avif; https://www.mubawab-media.com/ad/8/118/749F/m/exterieur_81309311.avif; https://www.mubawab-media.com/ad/7/872/801F/m/thumb_783233_property_xlarge_77848422.avif; https://www.mubawab-media.com/assets/common/banks/atijjaribank.png; https://www.mubawab-media.com/assets/common/app-store/google-play-small.png; https://www.mubawab-media.com/assets/common/app-store/app-store-small.png,"{""type de bien"": ""Maison""}","{""latitude"": ""36.88833"", ""longitude"": ""10.27417""}","{""parking"": ""Oui"", ""climatisation"": ""Oui"", ""piscine"": ""Oui"", ""jardin"": ""Oui""}","{""etat"": ""Neuf""}","{""formulaire_contact"": ""Disponible""}",2026-02-01T13:03:50.601226,search,True
7087845,Villa de Maitre plein pied à la Soukra,https://www.mubawab.tn/fr/a/7087845/villa-de-maitre-plein-pied-%C3%A0-la-soukra,,La Soukra,Chotrana 3,"Chotrana 3, La Soukra",Villa,Vente,0,Prix à consulter,0,3226.0,"3226
						m²",8,6,0,,,,,"Darcom Tunisia A sélectionné pour vous une villa de plain-pied d'une superficie de 700 m² sur un terrain de 3226m2. Située à Chotrana (Soukra) secteur réunissant de nombreuses maisons de campagne, cette résidence moderne convient aux amateurs d'espace. La Villa construite avec des matériaux haut","Darcom TunisiaA sélectionné pour vous une villa de plain-pied d'une superficie de 700 m² sur un terrain de 3226m2. Située à Chotrana (Soukra) secteur réunissant de nombreuses maisons de campagne, cette résidence moderne convient aux amateurs d'espace.La Villa construite avec des matériaux haut de gamme et ses aménagements ont été conçu pour un mode de vie convivialL'espace nuit contient Une suite parentale dotée d'une vaste salle de bain et douche en marbre, un jardin d'hiver ainsi qu'un dressing-room.3 chambres dotées chacune d'un dressing Une spacieuse salle de bain et douche en marbre.La grande entrée munie d'un dôme vitré et d'une belle hauteur sous plafond donne accès àUn vaste salon, une salle à manger et un espace rustique avec cheminée. Accès par une porte fenêtre à la terrasse de la piscine et au grand jardin entretenu (oliviers centenaires, palmiers californiensUn séjour avec terrasse donnant sur le verger d'agrumes pour profiter du calme comme à la campagne,D'autre part, une cuisine en marbre entièrement équipée et moderne, une salle d'eau, des toilettes, une chambre avec dressing et une chambre de service clôturent l'espace intérieur.Un second espace a été prévu pour une salle de sauna équipée d'un jacuzzi ainsi qu'une seconde cuisine moderne et équipée. Accueillante façade en angle.",Jardin; Terrasse; Garage; Piscine; Concierge; Chambre rangement; Antenne parabolique; Cheminée; Climatisation; Chauffage central; Sécurité; Cuisine équipée; Réfrigérateur; Four; Micro-ondes,Concierge; Climatisation; Chauffage central; Sécurité; Cuisine équipée; Garage; Terrasse; Jardin; Piscine; Cheminée,Jardin; Terrasse; Garage; Piscine; Concierge; Chambre rangement; Antenne parabolique; Cheminée; Climatisation; Chauffage central; Sécurité; Cuisine équipée; Réfrigérateur; Four; Micro-ondes,https://www.mubawab-media.com/assets/logos/mubawab.png; https://www.mubawab-media.com/assets/common/loading.gif; https://www.mubawab-media.com/ad/7/087/845F/h/thumb_158991_property_xlarge_77848534.avif; https://www.mubawab-media.com/ad/7/087/845F/h/thumb_159010_property_xlarge_77848527.avif; https://www.mubawab-media.com/ad/7/087/845F/h/thumb_158984_property_xlarge_77848525.avif; https://www.mubawab-media.com/ad/7/087/845F/h/thumb_158983_property_xlarge_77848526.avif; https://www.mubawab-media.com/ad/7/087/845F/h/thumb_159011_property_xlarge_77848528.avif; https://www.mubawab-media.com/ad/7/087/845F/h/thumb_159014_property_xlarge_77848529.avif; https://www.mubawab-media.com/ad/7/087/845F/h/thumb_159013_property_xlarge_77848530.avif; https://www.mubawab-media.com/ad/7/087/845F/h/thumb_159012_property_xlarge_77848531.avif; https://www.mubawab-media.com/ad/7/087/845F/h/thumb_230837_property_xlarge_77848532.avif; https://www.mubawab-media.com/ad/7/087/845F/h/thumb_159009_property_xlarge_77848533.avif; https://www.mubawab-media.com/ad/7/087/845F/h/thumb_158990_property_xlarge_77848535.avif; https://www.mubawab-media.com/ad/7/087/845F/h/thumb_158989_property_xlarge_77848536.avif; https://www.mubawab-media.com/ad/7/087/845F/h/thumb_158988_property_xlarge_77848537.avif; https://www.mubawab-media.com/ad/7/087/845F/h/thumb_158987_property_xlarge_77848538.avif,"{""type de bien"": ""Maison"", ""etat"": ""Bon état / habitable""}","{""latitude"": ""36.883333"", ""longitude"": ""10.25""}","{""parking"": ""Oui"", ""climatisation"": ""Oui"", ""concierge"": ""Oui"", ""securite"": ""Oui"", ""piscine"": ""Oui"", ""jardin"": ""Oui"", ""terrasse"": ""Oui""}","{""etat"": ""Neuf""}","{""formulaire_contact"": ""Disponible""}",2026-02-01T13:03:50.608208,search,True
7600478,À vendre villa s5 à la Soukra Ain Sobh,https://www.mubawab.tn/fr/a/7600478/%C3%A0-vendre-villa-s5-%C3%A0-la-soukra-ain-sobh,,La Soukra,La Soukra,"La Soukra, La Soukra",Villa,Vente,530000.0,530 000 TND,530000.0,230.0,"230
						m²",6,5,0,,,,,A vendre : Villa S5 à La Soukra à chotrana 1 Ain sobh avec jardin et piscine Terrain:448m² Batie:230m² Composition : . Réez de chaussée : -Un salon qui donne sur le jardin et la piscine -Deux chambres à coucher avec dressings -Une cuisine bien équipée -Une salle de bain .Ex,A vendre : Villa S5 à La Soukra à chotrana 1 Ain sobh avec jardin et piscineTerrain:448m² Batie:230m²Composition :. Réez de chaussée :-Un salon qui donne sur le jardin et la piscine-Deux chambres à coucher avec dressings-Une cuisine bien équipée-Une salle de bain.Extérieur :-chambre de service.Etage :-Deux chambres à coucher avec dressings dont une suite parentale et sa salle de bainClimatisationchauffage centralAbris pour trois voitures530.000 md,Jardin; Terrasse; Garage; Ascenseur; Vue sur les montagnes; Piscine; Concierge; Antenne parabolique; Climatisation; Chauffage central; Sécurité; Double vitrage; Porte blindée; Cuisine équipée; Four,Ascenseur; Concierge; Climatisation; Chauffage central; Sécurité; Double vitrage; Porte blindée; Cuisine équipée; Garage; Terrasse; Jardin; Piscine,Jardin; Terrasse; Garage; Ascenseur; Vue sur les montagnes; Piscine; Concierge; Antenne parabolique; Climatisation; Chauffage central; Sécurité; Double vitrage; Porte blindée; Cuisine équipée; Four,https://www.mubawab-media.com/assets/logos/mubawab.png; https://www.mubawab-media.com/assets/common/loading.gif; https://www.mubawab-media.com/ad/7/600/478F/h/WhatsApp%20Image%202025-02-01%20%C3%A0%2009.34.37_22b3ad5a_81672190.avif; https://www.mubawab-media.com/ad/7/600/478F/h/WhatsApp%20Image%202025-02-01%20%C3%A0%2009.53.46_17479325_81672191.avif; https://www.mubawab-media.com/ad/7/600/478F/h/417463667_367873002659281_937553551975188882_n%20%281%29_81672192.avif; https://www.mubawab-media.com/ad/7/600/478F/h/417463759_367873312659250_9091678387230554927_n%20%281%29_81672193.avif; https://www.mubawab-media.com/ad/7/600/478F/h/417549530_367873522659229_8153612239446930169_n%20%281%29_81672194.avif; https://www.mubawab-media.com/ad/7/600/478F/h/WhatsApp%20Image%202025-02-01%20%C3%A0%2009.31.05_ce6b02e6_81672195.avif; https://www.mubawab-media.com/ad/7/600/478F/h/WhatsApp%20Image%202025-02-01%20%C3%A0%2009.31.06_a3d8aaee_81672196.avif; https://www.mubawab-media.com/ad/7/600/478F/h/WhatsApp%20Image%202025-02-01%20%C3%A0%2009.31.06_fe46d8c6_81672197.avif; https://www.mubawab-media.com/ad/7/600/478F/h/WhatsApp%20Image%202025-02-01%20%C3%A0%2009.31.07_96ce5b13_81672198.avif; https://www.mubawab-media.com/business/8/775F/s/image2_27021201.avif; https://www.mubawab-media.com/ad/7/906/143F/m/d0d2df5f-4240-42e3-b784-fb45eba080ee_GF_74347242.avif; https://www.mubawab-media.com/ad/8/245/586F/m/1000059818_81341376.avif,"{""type de bien"": ""Maison"", ""etat"": ""Bon état / habitable"", ""années"": ""5-10 ans"", ""orientation"": ""Est"", ""type du sol"": ""Marbre"", ""nombre d'étages"": ""2""}","{""latitude"": ""36.883333"", ""longitude"": ""10.25""}","{""parking"": ""Oui"", ""ascenseur"": ""Oui"", ""climatisation"": ""Oui"", ""concierge"": ""Oui"", ""securite"": ""Oui"", ""piscine"": ""Oui"", ""jardin"": ""Oui"", ""terrasse"": ""Oui""}","{""etat"": ""Neuf""}","{""formulaire_contact"": ""Disponible""}",2026-02-01T13:03:50.620105,search,True
8275646,Forsa une coquette maison indépendante,https://www.mubawab.tn/fr/a/8275646/forsa-une-coquette-maison-ind%C3%A9pendante,,La Soukra,Chotrana 2,"Chotrana 2, La Soukra",Maison,Vente,0,Prix à consulter,0,100.0,"100
						m²",1,3,0,,,,,A vendre une coquette maison indépendante s3 récemment battie papier reglo a sidi Slimane pres de nour jaafer et esprit la ghazelle pas de echange slvp,A vendre une coquette maison indépendante s3 récemment battie papier reglo a sidi Slimane pres de nour jaafer et esprit la ghazelle pas de echange slvp,Vue sur les montagnes; Chambre rangement,,Vue sur les montagnes; Chambre rangement,https://www.mubawab-media.com/assets/logos/mubawab.png; https://www.mubawab-media.com/assets/common/loading.gif; https://www.mubawab-media.com/ad/8/275/646F/h/IMG_20251216_123059_81667648.avif; https://www.mubawab-media.com/ad/8/275/646F/h/IMG_20251216_123054_81667649.avif; https://www.mubawab-media.com/ad/8/275/646F/h/IMG_20251216_123033_81667650.avif; https://www.mubawab-media.com/ad/8/275/646F/h/IMG-20251223-WA0002_81667651.avif; https://www.mubawab-media.com/ad/8/275/646F/h/IMG-20251223-WA0003_81667652.avif; https://www.mubawab-media.com/ad/8/275/646F/h/IMG-20251223-WA0005_81667843.avif; https://www.mubawab-media.com/ad/8/275/646F/h/IMG-20251223-WA0006_81667844.avif; https://www.mubawab-media.com/assets/common/banks/atijjaribank.png; https://www.mubawab-media.com/assets/common/app-store/google-play-small.png; https://www.mubawab-media.com/assets/common/app-store/app-store-small.png,"{""type de bien"": ""Maison"", ""surface de la parcelle"": ""150\n\t\t\t\t\t\t\t\tm²"", ""etat"": ""Project neuf"", ""années"": ""Moins d'un an"", ""type du sol"": ""Marbre"", ""nombre d'étages"": ""1""}","{""latitude"": ""36.89654399999999"", ""longitude"": ""10.217961""}",{},"{""etat"": ""Neuf""}","{""formulaire_contact"": ""Disponible""}",2026-02-01T13:03:50.629287,search,True
7962447,Une superbe villa à chotrana 1,https://www.mubawab.tn/fr/a/7962447/une-superbe-villa-%C3%A0-chotrana-1,,La Soukra,Chotrana 1,"Chotrana 1, La Soukra",Villa,Vente,1200000.0,1 200 000 TND,1200000.0,458.0,"458
						m²",6,5,0,,,,,"A Vendre une luxueuse villa spacieuse avec un grand jardin piscinable dans une impasse privé à chotrana 1 .. Notre Villa comporte au rez-chaussée un grand Salon qui donne sur le jardin, séjour, cuisine moderne très bien équipée ,kitchinette , Hammem marocain et une salle d'eau pour invité. Le 1 e","A Vendre une luxueuse villa spacieuse avec un grand jardin piscinable dans une impasse privé à chotrana 1 ..Notre Villa comporte au rez-chaussée un grand Salon qui donne sur le jardin, séjour, cuisine moderne très bien équipée ,kitchinette , Hammem marocain et une salle d'eau pour invité.Le 1 er étage est consacré pour la partie nuit se compose d'une suite parentale avec balcon, deux chambres à coucher avec dressing, chambre d'amies ,salle de bain avec jacuzzi et douche à l'italienne et une terrasse.La Villa est équipée par chauffage centrale, système d'alarme et sondage.A l'extérieur on trouve un abri pour voitures et une douche.Titre Bleu IndividuelSuperficie: 458 m²Couvert: 300m²Prix :1.200 MDvotre conseillère en immobilier islem: (téléphone / WhatsApp)",Jardin; Terrasse; Garage; Salon européen; Climatisation; Chauffage central; Sécurité; Double vitrage; Porte blindée; Cuisine équipée; Réfrigérateur; Four; Balcon,Climatisation; Chauffage central; Sécurité; Double vitrage; Porte blindée; Cuisine équipée; Garage; Terrasse; Jardin; Balcon,Jardin; Terrasse; Garage; Salon européen; Climatisation; Chauffage central; Sécurité; Double vitrage; Porte blindée; Cuisine équipée; Réfrigérateur; Four,https://www.mubawab-media.com/assets/logos/mubawab.png; https://www.mubawab-media.com/assets/common/loading.gif; https://www.mubawab-media.com/ad/7/962/447F/h/454263818_983419006908516_1058752792311806494_n_78585235.avif; https://www.mubawab-media.com/ad/7/962/447F/h/453634293_983419280241822_8568610026000917769_n_78585234.avif; https://www.mubawab-media.com/ad/7/962/447F/h/454633469_983419326908484_2356271966791434446_n_78585236.avif; https://www.mubawab-media.com/ad/7/962/447F/h/454290469_983419120241838_4972406762037358099_n_78585238.avif; https://www.mubawab-media.com/ad/7/962/447F/h/454290057_983419433575140_8156089091698404379_n_78585231.avif; https://www.mubawab-media.com/ad/7/962/447F/h/454218396_983419223575161_8464820844665086556_n_78585233.avif; https://www.mubawab-media.com/ad/7/962/447F/h/454007822_983419186908498_369534808815423734_n_78585237.avif; https://www.mubawab-media.com/ad/7/962/447F/h/454436273_983419210241829_2921405496467345104_n_78585239.avif; https://www.mubawab-media.com/ad/7/962/447F/h/454263902_983419393575144_2073953818894370765_n_78585240.avif; https://www.mubawab-media.com/ad/7/962/447F/h/454564046_983418023575281_6761349708177177543_n_78585241.avif; https://www.mubawab-media.com/ad/7/962/447F/h/454267554_983424626907954_3490203242798749277_n_78585242.avif; https://www.mubawab-media.com/ad/7/962/447F/h/454471563_983424276907989_2618570264556853951_n_78585243.avif; https://www.mubawab-media.com/ad/7/962/447F/h/454289406_983419303575153_933745441367348203_n_78585244.avif; https://www.mubawab-media.com/ad/7/962/447F/h/454295052_983424710241279_972005925845446226_n_78585249.avif,"{""type de bien"": ""Maison"", ""surface de la parcelle"": ""300\n\t\t\t\t\t\t\t\tm²"", ""etat"": ""Bon état / habitable"", ""années"": ""1-5 ans"", ""type du sol"": ""Marbre""}","{""latitude"": ""36.883333"", ""longitude"": ""10.25""}","{""parking"": ""Oui"", ""climatisation"": ""Oui"", ""securite"": ""Oui"", ""jardin"": ""Oui"", ""terrasse"": ""Oui""}","{""etat"": ""Neuf""}","{""formulaire_contact"": ""Disponible""}",2026-02-01T13:05:33.261045,search,True
8273574,A vendre un Triplex à La Soukra,https://www.mubawab.tn/fr/a/8273574/a-vendre-un-triplex-%C3%A0-la-soukra,,La Soukra,La Soukra,"La Soukra, La Soukra",Triplex,Vente,0,Prix à consulter,0,254.0,"254
						m²",5,4,0,,,,,"Ce triplex se distingue par une distribution fonctionnelle et des prestations soignées. Il comprend quatre suites, dont une suite au rez-de-chaussée et trois suites au premier étage, chacune disposant de sa salle d’eau privative, offrant confort et intimité. Le rez-de-chaussée accueille également","Ce triplex se distingue par une distribution fonctionnelle et des prestations soignées. Il comprend quatre suites, dont une suite au rez-de-chaussée et trois suites au premier étage, chacune disposant de sa salle d’eau privative, offrant confort et intimité.Le rez-de-chaussée accueille également une salle d’eau pour invités, apportant un réel avantage en termes de praticité.La cuisine entièrement aménagée bénéficie d’équipements modernes et de rangements optimisés, répondant aux exigences d’un usage quotidien.Le bien dispose d’un jardin privatif de 50 m², constituant un espace extérieur agréable et exploitable.L’ensemble offre des volumes équilibrés et une conception pensée pour un cadre de vie confortable et durable.",Jardin; Garage; Entre-seul; Climatisation; Chauffage central,Climatisation; Chauffage central; Garage; Jardin,Jardin; Garage; Entre-seul; Climatisation; Chauffage central,https://www.mubawab-media.com/assets/logos/mubawab.png; https://www.mubawab-media.com/assets/common/loading.gif; https://www.mubawab-media.com/ad/8/273/574F/h/thumb_660246_property_large_81646721.avif; https://www.mubawab-media.com/ad/8/273/574F/h/thumb_660254_property_large_81646722.avif; https://www.mubawab-media.com/ad/8/273/574F/h/thumb_660265_property_large_81646723.avif; https://www.mubawab-media.com/ad/8/273/574F/h/thumb_660250_property_large_81646724.avif; https://www.mubawab-media.com/ad/8/273/574F/h/thumb_660260_property_large_81646725.avif; https://www.mubawab-media.com/ad/8/273/574F/h/thumb_660262_property_large_81646726.avif; https://www.mubawab-media.com/ad/8/273/574F/h/thumb_660244_property_large_81646727.avif; https://www.mubawab-media.com/ad/8/273/574F/h/thumb_660245_property_large_81646728.avif; https://www.mubawab-media.com/ad/8/273/574F/h/thumb_660259_property_large_81646729.avif; https://www.mubawab-media.com/ad/8/273/574F/h/thumb_660263_property_large_81646730.avif; https://www.mubawab-media.com/ad/8/273/574F/h/thumb_660264_property_large_81646731.avif; https://www.mubawab-media.com/ad/8/273/574F/h/thumb_660249_property_large_81646732.avif; https://www.mubawab-media.com/ad/8/273/574F/h/thumb_660251_property_large_81646733.avif; https://www.mubawab-media.com/ad/8/273/574F/h/thumb_660258_property_large_81646734.avif,"{""type de bien"": ""Maison"", ""etat"": ""Bon état / habitable"", ""nombre d'étages"": ""3""}","{""latitude"": ""36.883333"", ""longitude"": ""10.25""}","{""parking"": ""Oui"", ""climatisation"": ""Oui"", ""jardin"": ""Oui""}","{""etat"": ""Neuf""}","{""formulaire_contact"": ""Disponible""}",2026-02-01T13:05:33.269765,search,True
7850293,Une Villa inachevée S4 à vendre à La Soukra,https://www.mubawab.tn/fr/a/7850293/une-villa-inachev%C3%A9e-s4-%C3%A0-vendre-%C3%A0-la-soukra,,La Soukra,La Soukra,"La Soukra, La Soukra",Villa,Vente,850000.0,850 000 TND,850000.0,400.0,"400
						m²",0,5,0,,,,,"New key La Soukra met à la vente une villa inachevée S4 avec un grand jardin piscinable, située dans un quartier calme et ultra sécurisé à La Soukra.Le rez-de-chaussée se compose d'un grand salon lumineux ouvrant sur la terrasse et la piscine, une cuisine et une chambre avec sa salle d'eau .L'étage","New key La Soukra met à la vente une villa inachevée S4 avec un grand jardin piscinable, située dans un quartier calme et ultra sécurisé à La Soukra.Le rez-de-chaussée se compose d'un grand salon lumineux ouvrant sur la terrasse et la piscine, une cuisine et une chambre avec sa salle d'eau .L'étage loge 01 suite et 2 chambres à coucher avec leur salle de bain commune .Un abri pour 02 voiture est à votre disposition sont à votre disposition. Référence du bien: Ref5930a",Jardin; Terrasse; Piscine; Sécurité,Sécurité; Terrasse; Jardin; Piscine,Jardin; Terrasse; Piscine; Sécurité,https://www.mubawab-media.com/assets/logos/mubawab.png; https://www.mubawab-media.com/assets/common/loading.gif; https://www.mubawab-media.com/ad/7/850/293F/h/thumb_742551_property_xlarge_65827112.avif; https://www.mubawab-media.com/ad/7/850/293F/h/thumb_742527_property_xlarge_65827115.avif; https://www.mubawab-media.com/business/8/390F/s/173569684_3743946405703280_2342906483815680692_n_12649711.avif; https://www.mubawab-media.com/ad/8/212/588F/m/thumb_1141057_property_xlarge_80990224.avif; https://www.mubawab-media.com/ad/8/292/053F/m/WhatsApp%20Image%202025-12-29%20at%2014.04.29%20%287%29_81844042.avif; https://www.mubawab-media.com/ad/7/872/801F/m/thumb_783233_property_xlarge_77848422.avif; https://www.mubawab-media.com/ad/8/283/918F/m/jardin_81758998.avif; https://www.mubawab-media.com/assets/common/banks/atijjaribank.png; https://www.mubawab-media.com/assets/common/app-store/google-play-small.png; https://www.mubawab-media.com/assets/common/app-store/app-store-small.png,"{""type de bien"": ""Maison""}","{""latitude"": ""36.88833"", ""longitude"": ""10.27417""}","{""securite"": ""Oui"", ""piscine"": ""Oui"", ""jardin"": ""Oui"", ""terrasse"": ""Oui""}","{""etat"": ""Neuf""}","{""formulaire_contact"": ""Disponible""}",2026-02-01T13:05:33.282954,search,True
8239137,Villa de haut standing S4 à vendre à La Soukra,https://www.mubawab.tn/fr/a/8239137/villa-de-haut-standing-s4-%C3%A0-vendre-%C3%A0-la-soukra,,La Soukra,La Soukra,"La Soukra, La Soukra",Villa,Vente,1250000.0,1 250 000 TND,1250000.0,238.0,"238
						m²",0,5,0,,,,,"New Key La Soukra met à la vente une superbe villa S4 avec piscine situé dans un quartier résidentiel et bien accessible à La Soukra.On y trouve un grand salon lumineux, une salle à manger, le tout donne sur la piscine, un séjour indépendant , une grande cuisine bien équipée et une salle d'eau invit","New Key La Soukra met à la vente une superbe villa S4 avec piscine situé dans un quartier résidentiel et bien accessible à La Soukra.On y trouve un grand salon lumineux, une salle à manger, le tout donne sur la piscine, un séjour indépendant , une grande cuisine bien équipée et une salle d'eau invités.Le premier étage loge 02 grandes suites chacune avec son room dressing et sa sa salle de douche.Au deuxième étage on trouve la Master suite avec sa salle de bain avec douche et baignoire et son room-dressing et une belle et grande terrasse.L'extérieur : un beau jardin gazonné, une piscine et un abri pour 02 voitures. Référence du bien: Ref8490a",Jardin; Terrasse; Piscine; Cuisine équipée,Cuisine équipée; Terrasse; Jardin; Piscine,Jardin; Terrasse; Piscine; Cuisine équipée,https://www.mubawab-media.com/assets/logos/mubawab.png; https://www.mubawab-media.com/assets/common/loading.gif; https://www.mubawab-media.com/ad/8/239/137F/h/thumb_1188713_property_xlarge_81273644.avif; https://www.mubawab-media.com/ad/8/239/137F/h/thumb_1188696_property_xlarge_81273645.avif; https://www.mubawab-media.com/ad/8/239/137F/h/thumb_1188702_property_xlarge_81273646.avif; https://www.mubawab-media.com/ad/8/239/137F/h/thumb_1188701_property_xlarge_81273647.avif; https://www.mubawab-media.com/ad/8/239/137F/h/thumb_1188705_property_xlarge_81273648.avif; https://www.mubawab-media.com/ad/8/239/137F/h/thumb_1188718_property_xlarge_81273649.avif; https://www.mubawab-media.com/ad/8/239/137F/h/thumb_1188698_property_xlarge_81273650.avif; https://www.mubawab-media.com/ad/8/239/137F/h/thumb_1188697_property_xlarge_81273651.avif; https://www.mubawab-media.com/ad/8/239/137F/h/thumb_1188708_property_xlarge_81273652.avif; https://www.mubawab-media.com/ad/8/239/137F/h/thumb_1188712_property_xlarge_81273653.avif; https://www.mubawab-media.com/ad/8/239/137F/h/thumb_1188710_property_xlarge_81273654.avif; https://www.mubawab-media.com/ad/8/239/137F/h/thumb_1188695_property_xlarge_81273655.avif; https://www.mubawab-media.com/ad/8/239/137F/h/thumb_1188700_property_xlarge_81273656.avif; https://www.mubawab-media.com/ad/8/239/137F/h/thumb_1188706_property_xlarge_81273657.avif,"{""type de bien"": ""Maison""}","{""latitude"": ""36.88833"", ""longitude"": ""10.27417""}","{""piscine"": ""Oui"", ""jardin"": ""Oui"", ""terrasse"": ""Oui""}","{""etat"": ""Neuf""}","{""formulaire_contact"": ""Disponible""}",2026-02-01T13:05:33.295423,search,True
8082525,Une Belle Villa indépendante à vendre à La Soukra,https://www.mubawab.tn/fr/a/8082525/une-belle-villa-ind%C3%A9pendante-%C3%A0-vendre-%C3%A0-la-soukra,,La Soukra,La Soukra,"La Soukra, La Soukra",Villa,Vente,1950000.0,1 950 000 TND,1950000.0,430.0,"430
						m²",0,6,0,,,,,"New Key La Soukra met à la vente une Villa indépendante en cours de finition située dans l'un des plus beaux quartiers de La Soukra.Elle se compose d'un spacieux salon lumineux et une salle à manger le tout donne sur une belle piscine, une cuisine aménagée communicante avec une deuxième cuisine de s","New Key La Soukra met à la vente une Villa indépendante en cours de finition située dans l'un des plus beaux quartiers de La Soukra.Elle se compose d'un spacieux salon lumineux et une salle à manger le tout donne sur une belle piscine, une cuisine aménagée communicante avec une deuxième cuisine de service, une salle d'eau invités, une chambre de service et une suite.A l'étage on trouve un grand séjour en baie-vitrée et 03 somptueuses suites avec leurs dressings et leurs salles de bain, un bureau et un romm-dressing.L'extérieur : un beau jardin gazonné et arboré, une piscine et un abri de voitures. Référence du bien: Ref7596a",Jardin; Piscine,Jardin; Piscine,Jardin; Piscine,https://www.mubawab-media.com/assets/logos/mubawab.png; https://www.mubawab-media.com/assets/common/loading.gif; https://www.mubawab-media.com/ad/8/082/525F/h/thumb_1002474_property_xlarge_79677886.avif; https://www.mubawab-media.com/ad/8/082/525F/h/thumb_1002466_property_xlarge_79677887.avif; https://www.mubawab-media.com/ad/8/082/525F/h/thumb_1002468_property_xlarge_79677888.avif; https://www.mubawab-media.com/ad/8/082/525F/h/thumb_1002462_property_xlarge_79677889.avif; https://www.mubawab-media.com/ad/8/082/525F/h/thumb_1002457_property_xlarge_79677890.avif; https://www.mubawab-media.com/ad/8/082/525F/h/thumb_1002453_property_xlarge_79677891.avif; https://www.mubawab-media.com/business/8/390F/s/173569684_3743946405703280_2342906483815680692_n_12649711.avif; https://www.mubawab-media.com/ad/8/168/231F/m/thumb_1116714_property_xlarge_80542054.avif; https://www.mubawab-media.com/ad/8/250/870F/m/thumb_1203498_property_xlarge_81394327.avif; https://www.mubawab-media.com/ad/8/168/234F/m/thumb_1116323_property_xlarge_80542072.avif; https://www.mubawab-media.com/ad/8/224/840F/m/17_81133029.avif,"{""type de bien"": ""Maison""}","{""latitude"": ""36.88833"", ""longitude"": ""10.27417""}","{""piscine"": ""Oui"", ""jardin"": ""Oui""}","{""etat"": ""Neuf""}","{""formulaire_contact"": ""Disponible""}",2026-02-01T13:05:33.304968,search,True
7549906,A vendre une grande villa a la soukra,https://www.mubawab.tn/fr/a/7549906/a-vendre-une-grande-villa-a-la-soukra,,La Soukra,La Soukra,"La Soukra, La Soukra",Villa,Vente,3500000.0,3 500 000 TND,3500000.0,2700.0,"2700
						m²",10,8,0,,,,,"A vendre une Villa à la soukra. Elle est composée : Au Rez de chaussé :d'un spacieux salon donnant sur le jardin et le piscine ,un séjour, une salle à manger et une suite parentale avec salle de bain ,une salle d'eau, une cuisine équipée, et une chambre de service. A l'étage, on trouve un bureau,","A vendre une Villa à la soukra.Elle est composée :Au Rez de chaussé :d'un spacieux salon donnant sur le jardin et le piscine ,un séjour, une salle à manger et une suite parentale avec salle de bain ,une salle d'eau, une cuisine équipée, et une chambre de service.A l'étage, on trouve un bureau,cinq chambres à coucher et une salle de bain, une suite avec salle de bain beaucoup de rangements, plusieurs dépendances, deux garages et plusieurs parking aériens.cette villa est entourée d'un jardin gazonnée et ornée d'une piscine ,un garage et plusieurs parking aériens,deux grande terrasses sont a dispositionClimatisations et chauffage central dans chaque pièces sont disponibles.Superficie terrain 2700m² Superficie bâtie 750m²Prix :3.500.000dt contacter agence villa ( agence immobilière agrée)",Jardin; Terrasse; Garage; Vue sur les montagnes; Piscine; Chambre rangement; Salon européen; Antenne parabolique; Climatisation; Chauffage central; Cuisine équipée; Dépendances,Climatisation; Chauffage central; Cuisine équipée; Garage; Terrasse; Jardin; Piscine; Dépendances,Jardin; Terrasse; Garage; Vue sur les montagnes; Piscine; Chambre rangement; Salon européen; Antenne parabolique; Climatisation; Chauffage central; Cuisine équipée,https://www.mubawab-media.com/assets/logos/mubawab.png; https://www.mubawab-media.com/assets/common/loading.gif; https://www.mubawab-media.com/ad/7/549/906F/h/308819744_509055924386963_2155924315512410926_n_32838629.avif; https://www.mubawab-media.com/ad/7/549/906F/h/308338349_777874496640108_1688980618083175183_n_32838630.avif; https://www.mubawab-media.com/ad/7/549/906F/h/297997668_2377812792369954_947164770230683584_n_32838631.avif; https://www.mubawab-media.com/ad/7/549/906F/h/308994777_517937503505394_8303720978084575635_n_32838632.avif; https://www.mubawab-media.com/ad/7/549/906F/h/308542750_1305922476890690_2729301337137542802_n_32838633.avif; https://www.mubawab-media.com/ad/7/549/906F/h/307940397_5744593615584103_7238245707300780459_n_32838634.avif; https://www.mubawab-media.com/ad/7/549/906F/h/308504727_898907291071138_5994904139852906216_n_32838635.avif; https://www.mubawab-media.com/ad/7/549/906F/h/308669532_1753213158385147_8204800788020307737_n_32838636.avif; https://www.mubawab-media.com/ad/7/549/906F/h/308868890_619093019938696_8349229203846922921_n_32838637.avif; https://www.mubawab-media.com/ad/7/549/906F/h/308877876_830691407941081_2897865682255751033_n_32838638.avif; https://www.mubawab-media.com/ad/7/549/906F/h/309297960_399142598896379_33365587739759844_n_32838639.avif; https://www.mubawab-media.com/ad/7/549/906F/h/309298990_489983609700115_6032483008369977811_n_32838640.avif; https://www.mubawab-media.com/ad/7/549/906F/h/309329285_1148280206110826_3733375319731078760_n_32838641.avif; https://www.mubawab-media.com/ad/7/549/906F/h/309401509_2913881795572656_2773454192298768875_n_32838642.avif,"{""type de bien"": ""Maison"", ""etat"": ""Bon état / habitable"", ""années"": ""Moins d'un an"", ""orientation"": ""Est""}","{""latitude"": ""36.883333"", ""longitude"": ""10.25""}","{""parking"": ""Oui"", ""climatisation"": ""Oui"", ""piscine"": ""Oui"", ""jardin"": ""Oui"", ""terrasse"": ""Oui""}","{""etat"": ""Neuf""}","{""formulaire_contact"": ""Disponible""}",2026-02-01T13:05:33.313828,search,True
8129024,Duplex soukra,https://www.mubawab.tn/fr/a/8129024/duplex-soukra,,La Soukra,La Soukra,"La Soukra, La Soukra",Duplex,Vente,0,Prix à consulter,0,300.0,"300
						m²",5,4,0,,,,,A vendre un beau duplex composée d'un salon salle à manger cuisine salle d'eau invité séjour et a l'étage suite parentale et 2 chambres a coucher aussi piscine et garage,A vendre un beau duplex composée d'un salon salle à manger cuisine salle d'eau invité séjour et a l'étage suite parentale et 2 chambres a coucher aussi piscine et garage,Jardin; Terrasse; Garage; Piscine; Climatisation; Chauffage central; Porte blindée; Cuisine équipée,Climatisation; Chauffage central; Porte blindée; Cuisine équipée; Garage; Terrasse; Jardin; Piscine,Jardin; Terrasse; Garage; Piscine; Climatisation; Chauffage central; Porte blindée; Cuisine équipée,https://www.mubawab-media.com/assets/logos/mubawab.png; https://www.mubawab-media.com/assets/common/loading.gif; https://www.mubawab-media.com/ad/8/129/024F/h/488483180_1689763918599428_7726539381739306991_n%20%281%29_80137637.avif; https://www.mubawab-media.com/ad/8/129/024F/h/488158456_543324358801488_5827475105091964214_n_80137638.avif; https://www.mubawab-media.com/ad/8/129/024F/h/487094303_1223831782678200_8067097821258521749_n_80137639.avif; https://www.mubawab-media.com/ad/8/129/024F/h/487232421_1399294377736514_7552473964275812152_n_80137640.avif; https://www.mubawab-media.com/ad/8/129/024F/h/487677954_997241295329965_7038616522387979539_n_80137641.avif; https://www.mubawab-media.com/ad/8/129/024F/h/487724448_1556140898402465_7853479232391194113_n_80137642.avif; https://www.mubawab-media.com/ad/8/129/024F/h/487921969_967613938774138_5103349586293697581_n_80137643.avif; https://www.mubawab-media.com/ad/8/129/024F/h/488177608_4435292493417461_4629635673586257750_n_80137644.avif; https://www.mubawab-media.com/ad/8/129/024F/h/488177608_4435292493417461_4629635673586257750_n_80137645.avif; https://www.mubawab-media.com/ad/8/129/024F/h/488617850_2479792552351984_1737029410710472359_n_80137646.avif; https://www.mubawab-media.com/business/7/508F/s/80436831_1208131326057681_3719689068452249600_n.avif; https://www.mubawab-media.com/ad/7/941/270F/m/sous-sol-comm_77422390.avif,"{""type de bien"": ""Maison"", ""surface de la parcelle"": ""248\n\t\t\t\t\t\t\t\tm²"", ""etat"": ""Bon état / habitable"", ""années"": ""10-20 ans"", ""orientation"": ""Ouest"", ""type du sol"": ""Marbre"", ""nombre d'étages"": ""1""}","{""latitude"": ""36.883333"", ""longitude"": ""10.25""}","{""parking"": ""Oui"", ""climatisation"": ""Oui"", ""piscine"": ""Oui"", ""jardin"": ""Oui"", ""terrasse"": ""Oui""}","{""etat"": ""Neuf""}","{""formulaire_contact"": ""Disponible""}",2026-02-01T13:05:33.323295,search,True
8239804,Un Triplex s4 avec piscine à la soukra,https://www.mubawab.tn/fr/a/8239804/un-triplex-s4-avec-piscine-%C3%A0-la-soukra,,La Soukra,Chotrana 1,"Chotrana 1, La Soukra",Triplex,Vente,1350000.0,1 350 000 TND,1350000.0,365.0,"365
						m²",5,4,1,,,,,"Seven Real Estate vous propose à la vente un triplex neuf direct promoteur avec piscine à la Soukra . il se compose comme suit : Au Rez-de-chaussée: un salon salle à manger , une salle d’eau invités , une cuisine équipée (plaque ,hotte ,four, micro-onde, lave-vaisselle, réfrigérateur ) Au 1er ét","Seven Real Estate vous propose à la vente un triplex neuf direct promoteur avec piscine à la Soukra .il se compose comme suit :Au Rez-de-chaussée: un salon salle à manger , une salle d’eau invités , une cuisine équipée (plaque ,hotte ,four, micro-onde, lave-vaisselle, réfrigérateur )Au 1er étage : Une suite parentaleAu 2éme étage : une suite junior , deux chambres à coucher et une salle de bain ,une grande terrasseAu sous-sol : un grand espace de vie ; un cellier et un garage pour trois voituresà l’extérieur : une piscine à débordement et un jardinle triplex est équipé de chauffage central et de climatisation en split et d’un système domotique",Jardin; Terrasse; Garage; Piscine; Entre-seul; Climatisation; Chauffage central; Cuisine équipée; Réfrigérateur; Four; Micro-ondes; Sous-sol,Climatisation; Chauffage central; Cuisine équipée; Garage; Terrasse; Jardin; Piscine; Sous-sol,Jardin; Terrasse; Garage; Piscine; Entre-seul; Climatisation; Chauffage central; Cuisine équipée; Réfrigérateur; Four; Micro-ondes,https://www.mubawab-media.com/assets/logos/mubawab.png; https://www.mubawab-media.com/assets/common/loading.gif; https://www.mubawab-media.com/ad/8/239/804F/h/thumb_1190184_property_large_81280543.avif; https://www.mubawab-media.com/ad/8/239/804F/h/thumb_1190185_property_large_81280544.avif; https://www.mubawab-media.com/ad/8/239/804F/h/thumb_1190186_property_large_81280545.avif; https://www.mubawab-media.com/ad/8/239/804F/h/thumb_1190187_property_large_81280546.avif; https://www.mubawab-media.com/ad/8/239/804F/h/thumb_1190189_property_large_81280547.avif; https://www.mubawab-media.com/ad/8/239/804F/h/thumb_1190190_property_large_81280548.avif; https://www.mubawab-media.com/ad/8/239/804F/h/thumb_1190191_property_large_81280549.avif; https://www.mubawab-media.com/ad/8/239/804F/h/thumb_1190192_property_large_81280550.avif; https://www.mubawab-media.com/ad/8/239/804F/h/thumb_1190193_property_large_81280551.avif; https://www.mubawab-media.com/ad/8/239/804F/h/thumb_1190194_property_large_81280552.avif; https://www.mubawab-media.com/ad/8/239/804F/h/thumb_1190195_property_large_81280553.avif; https://www.mubawab-media.com/ad/8/239/804F/h/thumb_1190196_property_large_81280554.avif; https://www.mubawab-media.com/ad/8/239/804F/h/thumb_1190198_property_large_81280555.avif; https://www.mubawab-media.com/ad/8/239/804F/h/thumb_1190199_property_large_81280556.avif,"{""type de bien"": ""Maison"", ""etat"": ""Bon état / habitable""}","{""latitude"": ""36.883333"", ""longitude"": ""10.25""}","{""parking"": ""Oui"", ""climatisation"": ""Oui"", ""piscine"": ""Oui"", ""jardin"": ""Oui"", ""terrasse"": ""Oui""}","{""etat"": ""Neuf""}","{""formulaire_contact"": ""Disponible""}",2026-02-01T13:05:33.339024,search,True
8226492,À Vendre un duplex à La Soukra,https://www.mubawab.tn/fr/a/8226492/%C3%A0-vendre-un-duplex-%C3%A0-la-soukra,,La Soukra,La Soukra,"La Soukra, La Soukra",Duplex,Vente,690000.0,690 000 TND,690000.0,245.0,"245
						m²",4,3,0,,,,,"RE/MAX VÏP vous propose à la vente un DUPLEX de 245 m² bâtis sur un terrain de 380 m², situé dans une résidence sécurisée, dans un quartier résidentiel à La Soukra. Son orientation sud-est lui assure luminosité et confort au quotidien. Il est composé de : Au rez-de-chaussée -Un salon/salle à ma","RE/MAX VÏP vous propose à la vente un DUPLEX de 245 m² bâtis sur un terrain de 380 m², situé dans une résidence sécurisée, dans un quartier résidentiel à La Soukra.Son orientation sud-est lui assure luminosité et confort au quotidien.Il est composé de :Au rez-de-chaussée-Un salon/salle à manger avec accès sur le jardin-Une cuisine équipée (plaque, hotte, four, lave-vaisselle) avec terrasse et débarras-Une salle d’eau invités avec doucheÀ l’étage :• Une suite parentale• 2 chambres à coucher• Une salle de bain commune avec doucheÀ l’extérieur :-Jardin sur 3 côtés de la maison-Terrasse aménagée avec douche extérieure-Cuisine extérieure-Abri de voiture privatif pour 3 véhiculesÉquipements : chauffage central, climatisation en split dans toutes les pièces.Possibilité de vente avec meubles.",Jardin; Terrasse; Garage; Concierge; Chambre rangement; Meublé; Entre-seul; Salon européen; Climatisation; Chauffage central; Sécurité; Cuisine équipée; Réfrigérateur; Four; Machine à laver; Micro-ondes,Concierge; Climatisation; Chauffage central; Sécurité; Cuisine équipée; Garage; Terrasse; Jardin,Jardin; Terrasse; Garage; Concierge; Chambre rangement; Meublé; Entre-seul; Salon européen; Climatisation; Chauffage central; Sécurité; Cuisine équipée; Réfrigérateur; Four; Machine à laver; Micro-ondes,https://www.mubawab-media.com/assets/logos/mubawab.png; https://www.mubawab-media.com/assets/common/loading.gif; https://www.mubawab-media.com/ad/8/226/492F/h/IMG_1761_81138845.avif; https://www.mubawab-media.com/ad/8/226/492F/h/IMG_1763_81138846.avif; https://www.mubawab-media.com/ad/8/226/492F/h/IMG_1764_81139451.avif; https://www.mubawab-media.com/ad/8/226/492F/h/IMG_1793_81139461.avif; https://www.mubawab-media.com/ad/8/226/492F/h/IMG_1796_81139462.avif; https://www.mubawab-media.com/ad/8/226/492F/h/IMG_1771_81139452.avif; https://www.mubawab-media.com/ad/8/226/492F/h/IMG_1781_81139456.avif; https://www.mubawab-media.com/ad/8/226/492F/h/IMG_1791_81139460.avif; https://www.mubawab-media.com/ad/8/226/492F/h/IMG_1778_81139455.avif; https://www.mubawab-media.com/ad/8/226/492F/h/IMG_1776_81139454.avif; https://www.mubawab-media.com/ad/8/226/492F/h/IMG_1783_81139457.avif; https://www.mubawab-media.com/ad/8/226/492F/h/IMG_1787_81139459.avif; https://www.mubawab-media.com/ad/8/226/492F/h/IMG_1786_81139458.avif; https://www.mubawab-media.com/ad/8/226/492F/h/IMG_1772_81139453.avif,"{""type de bien"": ""Maison"", ""surface de la parcelle"": ""380\n\t\t\t\t\t\t\t\tm²"", ""etat"": ""Bon état / habitable"", ""années"": ""10-20 ans"", ""orientation"": ""Sud"", ""type du sol"": ""Marbre"", ""nombre d'étages"": ""2""}","{""latitude"": ""36.88026829080414"", ""longitude"": ""10.244720400204258""}","{""parking"": ""Oui"", ""climatisation"": ""Oui"", ""concierge"": ""Oui"", ""securite"": ""Oui"", ""jardin"": ""Oui"", ""terrasse"": ""Oui""}","{""etat"": ""Neuf""}","{""formulaire_contact"": ""Disponible""}",2026-02-01T13:05:33.353889,search,True
7791924,Deux villas inachevées à Rue Du Parc La Soukra,https://www.mubawab.tn/fr/a/7791924/deux-villas-inachev%C3%A9es-%C3%A0-rue-du-parc-la-soukra,,La Soukra,La Soukra,"La Soukra, La Soukra",Villa,Vente,790000.0,790 000 TND,790000.0,280.0,"280
						m²",4,3,0,,,,,"A Vendre Deux Villas inachevées situées à Rue Du Parc La Soukra pas loin de Britch School 1/ cette villa se compose de : RDC salon , séjour , cuisine , salle d'eau 1 ér étage : 3 suites Superficie terrain : 280 m² Superficie couverte: 240 m² Prix : 790 mille dinars 2/ cette villa se compose","A Vendre Deux Villas inachevées situées à Rue Du Parc La Soukra pas loin de Britch School1/ cette villa se compose de :RDC salon , séjour , cuisine , salle d'eau1 ér étage : 3 suitesSuperficie terrain : 280 m²Superficie couverte: 240 m²Prix : 790 mille dinars2/ cette villa se compose de :RDC salon , séjour , cuisine , salle d'eau1 ér étage : 3 suitesSuperficie terrain : 320 m²Superficie couverte: 240 m²Prix : 840 mille dinarsvotre conseillère en immobilier islem: (téléphone / WhatsApp)",Terrasse; Garage,Garage; Terrasse,Terrasse; Garage,https://www.mubawab-media.com/assets/logos/mubawab.png; https://www.mubawab-media.com/assets/common/loading.gif; https://www.mubawab-media.com/ad/7/791/924F/h/1_81384763.avif; https://www.mubawab-media.com/ad/7/791/924F/h/2_81384764.avif; https://www.mubawab-media.com/ad/7/791/924F/h/3_81384765.avif; https://www.mubawab-media.com/ad/7/791/924F/h/4_81384766.avif; https://www.mubawab-media.com/ad/7/791/924F/h/Slide1_81384767.avif; https://www.mubawab-media.com/ad/7/791/924F/h/Slide2_81384768.avif; https://www.mubawab-media.com/ad/7/791/924F/h/Slide3_81384769.avif; https://www.mubawab-media.com/ad/7/791/924F/h/Slide4_81384770.avif; https://www.mubawab-media.com/ad/7/791/924F/h/Slide5_81384771.avif; https://www.mubawab-media.com/ad/7/791/924F/h/Slide6_81384772.avif; https://www.mubawab-media.com/ad/7/791/924F/h/Slide7_81384773.avif; https://www.mubawab-media.com/ad/7/791/924F/h/Slide8_81384774.avif; https://www.mubawab-media.com/ad/7/791/924F/h/Slide9_81384775.avif; https://www.mubawab-media.com/ad/7/791/924F/h/Slide10_81384776.avif,"{""type de bien"": ""Maison"", ""surface de la parcelle"": ""240\n\t\t\t\t\t\t\t\tm²"", ""etat"": ""Bon état / habitable"", ""années"": ""Moins d'un an""}","{""latitude"": ""36.883333"", ""longitude"": ""10.25""}","{""parking"": ""Oui"", ""terrasse"": ""Oui""}","{""etat"": ""Neuf""}","{""formulaire_contact"": ""Disponible""}",2026-02-01T13:05:33.370657,search,True
8259756,Villa de maitre Soukra,https://www.mubawab.tn/fr/a/8259756/villa-de-maitre-soukra,,La Soukra,Sidi Frej,"Sidi Frej, La Soukra",Villa,Vente,2700000.0,2 700 000 TND,2700000.0,1300.0,"1300
						m²",6,5,0,,,,,"Réf: AVM01993 Perla Immo met en vente une villa de maitre de deux niveaux Emplacement: Soukra Sidi Frej proche de la closerie Endroit privilégié, calme, sécurisé et proche de toutes les commodités. Superficie terrain : 1300 m² Superficie Bâtit : 550 m² Composition : En rez de chaussée: un gra","Réf: AVM01993Perla Immo met en vente une villa de maitre de deux niveauxEmplacement: Soukra Sidi Frej proche de la closerieEndroit privilégié, calme, sécurisé et proche de toutes les commodités.Superficie terrain : 1300 m²Superficie Bâtit : 550 m²Composition :En rez de chaussée: un grand salon salle magistraux, une skifa à la sfaxienne, salon de famille avec cheminée qui ouvre sur une terrasse, une véranda ouvrant sur le jardin, une suite parentale ( avec dressing et salle de bain), une salle d’eau, une cuisine communicante sur la salle à manger, une chambre à coucher avec douche.En premier étage: un bureau spacieux, deux chambres à coucher, une salle de bain, un terrasse de 200 m² extensible en R2.Standing de très haute gamme, la maison est exploitable pour une famille aimant le désigne original et le plan est très bien fait.Le villa peut être autrement exploitable comme maison d’hôte ou espace de fêtes et cérémonies..Climatiseurs.Chauffage central.Parking pour 4 voitures.Garage pour deux voitures.Jardin de 4 côtésPiscinable en façadePrix : 2.700.000 dtTitre individuelContact: 20338278 ou 98617607 ou 71717175",Jardin; Terrasse; Garage; Cheminée; Climatisation; Chauffage central; Cuisine équipée; Véranda,Climatisation; Chauffage central; Cuisine équipée; Garage; Terrasse; Jardin; Cheminée; Véranda,Jardin; Terrasse; Garage; Cheminée; Climatisation; Chauffage central; Cuisine équipée,https://www.mubawab-media.com/assets/logos/mubawab.png; https://www.mubawab-media.com/assets/common/loading.gif; https://www.mubawab-media.com/ad/8/259/756F/h/thumb_1216797_property_large_81485054.avif; https://www.mubawab-media.com/business/8/249F/s/unnamed_9038877.avif; https://www.mubawab-media.com/ad/8/145/609F/m/thumb_1094494_property_xlarge_80304189.avif; https://www.mubawab-media.com/ad/7/845/862F/m/thumb_737011_property_xlarge_77848512.avif; https://www.mubawab-media.com/assets/common/banks/atijjaribank.png; https://www.mubawab-media.com/assets/common/app-store/google-play-small.png; https://www.mubawab-media.com/assets/common/app-store/app-store-small.png,"{""type de bien"": ""Maison"", ""etat"": ""Bon état / habitable""}","{""latitude"": ""36.883333"", ""longitude"": ""10.25""}","{""parking"": ""Oui"", ""climatisation"": ""Oui"", ""jardin"": ""Oui"", ""terrasse"": ""Oui""}","{""etat"": ""Neuf""}","{""formulaire_contact"": ""Disponible""}",2026-02-01T13:05:33.382317,search,True
8259424,Duplex 2 S4 Chotrana 1,https://www.mubawab.tn/fr/a/8259424/duplex-2-s4-chotrana-1,,La Soukra,Chotrana 1,"Chotrana 1, La Soukra",Duplex,Vente,850000.0,850 000 TND,850000.0,236.0,"236
						m²",4,4,1,,,,,"Réf: AVM02004 Perla Immo met en vente un duplex 2S4 Emplacement: Chotrana 1 Superficie couverte : 236 m² Superficie non couverte : 46 m² Composition : Un rez de chaussée: deux salons ouvrant directement sur le jardin, une cuisine indépendante spacieuse bien équipée, une chambre de service agen","Réf: AVM02004Perla Immo met en vente un duplex 2S4Emplacement: Chotrana 1Superficie couverte : 236 m²Superficie non couverte : 46 m²Composition :Un rez de chaussée: deux salons ouvrant directement sur le jardin, une cuisine indépendante spacieuse bien équipée, une chambre de service agencée et une salle d’eau.Premier étage: une suite parentale spacieuse (ave dressing et salle de bain) , deux chambres à coucher avec dressings et une salle de bain commune.Climatisation centraleChauffage central.Abri pour voitureJardin (46 m²)Prix : 850.000 dtTitre individuelContact: 20338278 ou 98617607 ou 71717175",Jardin; Climatisation; Chauffage central,Climatisation; Chauffage central; Jardin,Jardin; Climatisation; Chauffage central,https://www.mubawab-media.com/assets/logos/mubawab.png; https://www.mubawab-media.com/assets/common/loading.gif; https://www.mubawab-media.com/ad/8/259/424F/h/thumb_1216284_property_large_81481697.avif; https://www.mubawab-media.com/ad/8/259/424F/h/thumb_1216283_property_large_81481698.avif; https://www.mubawab-media.com/ad/8/259/424F/h/thumb_1216285_property_large_81481699.avif; https://www.mubawab-media.com/ad/8/259/424F/h/thumb_1216293_property_large_81481700.avif; https://www.mubawab-media.com/ad/8/259/424F/h/thumb_1216291_property_large_81481701.avif; https://www.mubawab-media.com/ad/8/259/424F/h/thumb_1216292_property_large_81481702.avif; https://www.mubawab-media.com/ad/8/259/424F/h/thumb_1216290_property_large_81481703.avif; https://www.mubawab-media.com/ad/8/259/424F/h/thumb_1216289_property_large_81481704.avif; https://www.mubawab-media.com/ad/8/259/424F/h/thumb_1216295_property_large_81481705.avif; https://www.mubawab-media.com/ad/8/259/424F/h/thumb_1216288_property_large_81481706.avif; https://www.mubawab-media.com/ad/8/259/424F/h/thumb_1216287_property_large_81481707.avif; https://www.mubawab-media.com/ad/8/259/424F/h/thumb_1216286_property_large_81481708.avif; https://www.mubawab-media.com/ad/8/259/424F/h/thumb_1216296_property_large_81481709.avif; https://www.mubawab-media.com/ad/8/259/424F/h/thumb_1216297_property_large_81481710.avif,"{""type de bien"": ""Maison"", ""etat"": ""Bon état / habitable""}","{""latitude"": ""36.883333"", ""longitude"": ""10.25""}","{""climatisation"": ""Oui"", ""jardin"": ""Oui""}","{""etat"": ""Neuf""}","{""formulaire_contact"": ""Disponible""}",2026-02-01T13:05:33.392486,search,True
8168234,Villa d'exception S5 à vendre à La Soukra,https://www.mubawab.tn/fr/a/8168234/villa-d-exception-s5-%C3%A0-vendre-%C3%A0-la-soukra,,La Soukra,La Soukra,"La Soukra, La Soukra",Villa,Vente,1950000.0,1 950 000 TND,1950000.0,309.0,"309
						m²",0,5,0,,,,,New Key La Soukra met à la vente une villa neuve d'exception de haut standing S5 avec une belle piscine et un jardin arboré située dans un quartier calme et résidentiel à La Soukra.Les pièces de vie offrent un bel espace avec un salon lumineux avec une cheminée à l'éthanol et un jardin d'hiver donna,"New Key La Soukra met à la vente une villa neuve d'exception de haut standing S5 avec une belle piscine et un jardin arboré située dans un quartier calme et résidentiel à La Soukra.Les pièces de vie offrent un bel espace avec un salon lumineux avec une cheminée à l'éthanol et un jardin d'hiver donnant sur un le jardin, une cuisine moderne avec îlot central très bien aménagée donnant sur la piscine avec un accès au garage, une salle d'eau invités, un placard de rangement d'entrée et une chambre à coucher avec dressing.Le premier étage se compose de 02 grandes suites juniors et 01 Master suite.Au deuxième étage on trouve un studio aménagée avec une kitchenette bien équipée, un grand dressing, une chambre à coucher et une salle de douche le tout donne sur une grande et belle terrasse.Un beau jardin, une piscine avec une douche extérieur, Abri de voitures et garage avec portail électrique sont à votre disposition.Une villa de très haut standing sans vis-à-vis avec des matériaux de qualité et des finitions soignées. Référence du bien: Ref8149a",Jardin; Terrasse; Garage; Piscine; Cheminée,Garage; Terrasse; Jardin; Piscine; Cheminée,Jardin; Terrasse; Garage; Piscine; Cheminée,https://www.mubawab-media.com/assets/logos/mubawab.png; https://www.mubawab-media.com/assets/common/loading.gif; https://www.mubawab-media.com/ad/8/168/234F/h/thumb_1116323_property_xlarge_80542072.avif; https://www.mubawab-media.com/ad/8/168/234F/h/thumb_1116326_property_xlarge_80542073.avif; https://www.mubawab-media.com/ad/8/168/234F/h/thumb_1116309_property_xlarge_80542074.avif; https://www.mubawab-media.com/ad/8/168/234F/h/thumb_1116331_property_xlarge_80542075.avif; https://www.mubawab-media.com/ad/8/168/234F/h/thumb_1116329_property_xlarge_80542076.avif; https://www.mubawab-media.com/ad/8/168/234F/h/thumb_1116311_property_xlarge_80542077.avif; https://www.mubawab-media.com/ad/8/168/234F/h/thumb_1116316_property_xlarge_80542078.avif; https://www.mubawab-media.com/ad/8/168/234F/h/thumb_1116336_property_xlarge_80542079.avif; https://www.mubawab-media.com/ad/8/168/234F/h/thumb_1116333_property_xlarge_80542080.avif; https://www.mubawab-media.com/ad/8/168/234F/h/thumb_1116306_property_xlarge_80542081.avif; https://www.mubawab-media.com/ad/8/168/234F/h/thumb_1116314_property_xlarge_80542082.avif; https://www.mubawab-media.com/ad/8/168/234F/h/thumb_1116335_property_xlarge_80542083.avif,"{""type de bien"": ""Maison""}","{""latitude"": ""36.88833"", ""longitude"": ""10.27417""}","{""parking"": ""Oui"", ""piscine"": ""Oui"", ""jardin"": ""Oui"", ""terrasse"": ""Oui""}","{""etat"": ""Neuf""}","{""formulaire_contact"": ""Disponible""}",2026-02-01T13:05:33.407421,search,True
8231428,Villa 1000 m² à vendre à Chotrana 3,https://www.mubawab.tn/fr/a/8231428/villa-1000-m%C2%B2-%C3%A0-vendre-%C3%A0-chotrana-3,,La Soukra,Chotrana 3,"Chotrana 3, La Soukra",Villa,Vente,0,Prix à consulter,0,1000.0,"1000
						m²",6,6,1,,,,,L’agence immobilière GLMK vous propose à la vente une charmante villa Emplacement : Chotrana 3 Type : Villa Surface Terrain : 1000 m² Superficie batis : 600 m2 Composition RDC : – Un Grand Salon Salle à manger – Une Cuisine bien équipée avec une salle à manger – Deux chambres à coucher a,"L’agence immobilière GLMK vous propose à la vente une charmante villaEmplacement : Chotrana 3Type : VillaSurface Terrain : 1000 m²Superficie batis : 600 m2Composition RDC :– Un Grand Salon Salle à manger– Une Cuisine bien équipée avec une salle à manger– Deux chambres à coucher avec dressing– Une suite parentale avec une chambre dressing et une salle de bain_ Une salle de bain_ Une chambre de service_ Un Hammen artisanal* Chauffage central et climatiseurs en Siplit.Composition Etage : Identique au RDC* Un Studio au 2ème étage* Un Grand Jardin gasonné, des arbres fruité* deux garages* entrée pour 10 voitures50 137 422 / 50 133 262GLMK HOME&CIERUE DES EMERAUDES LAC 2",Jardin; Chauffage central; Cuisine équipée,Chauffage central; Cuisine équipée; Jardin,Jardin; Chauffage central; Cuisine équipée,https://www.mubawab-media.com/assets/logos/mubawab.png; https://www.mubawab-media.com/assets/common/loading.gif; https://www.mubawab-media.com/ad/8/231/428F/h/thumb_1180372_property_large_81194833.avif; https://www.mubawab-media.com/ad/8/231/428F/h/thumb_1180356_property_large_81194822.avif; https://www.mubawab-media.com/ad/8/231/428F/h/thumb_1180370_property_large_81194823.avif; https://www.mubawab-media.com/ad/8/231/428F/h/thumb_1180368_property_large_81194824.avif; https://www.mubawab-media.com/ad/8/231/428F/h/thumb_1180367_property_large_81194825.avif; https://www.mubawab-media.com/ad/8/231/428F/h/thumb_1180366_property_large_81194826.avif; https://www.mubawab-media.com/ad/8/231/428F/h/thumb_1180365_property_large_81194827.avif; https://www.mubawab-media.com/ad/8/231/428F/h/thumb_1180364_property_large_81194828.avif; https://www.mubawab-media.com/ad/8/231/428F/h/thumb_1180362_property_large_81194829.avif; https://www.mubawab-media.com/ad/8/231/428F/h/thumb_1180361_property_large_81194830.avif; https://www.mubawab-media.com/ad/8/231/428F/h/thumb_1180360_property_large_81194831.avif; https://www.mubawab-media.com/ad/8/231/428F/h/thumb_1180358_property_large_81194832.avif,"{""type de bien"": ""Maison"", ""etat"": ""Bon état / habitable""}","{""latitude"": ""36.883333"", ""longitude"": ""10.25""}","{""etage"": ""2"", ""parking"": ""Oui"", ""jardin"": ""Oui""}","{""etat"": ""Neuf""}","{""formulaire_contact"": ""Disponible""}",2026-02-01T13:05:33.418051,search,True
8210967,A vendre VILLA INDÉPENDANTE S3 à Borj Louzir,https://www.mubawab.tn/fr/a/8210967/a-vendre-villa-ind%C3%A9pendante-s3-%C3%A0-borj-louzir,,La Soukra,Mosque Erraoudha,"Mosque Erraoudha, La Soukra",Villa,Vente,378000.0,378 000 TND,378000.0,110.0,"110
						m²",4,3,1,,,,,"VILLA INDÉPENDANTE AVEC POSSIBILITÉ D’EXTENSION Située à Borj Louzir dans le quartier de la Mosquée Erraoudha, la villa est édifiée sur un terrain de 220m2 et bénéficie de 110m2 de surface couverte. - salon - jardin au devant - cuisine avec accès a une terrasse à l’arrière - 3 chambres a couch","VILLA INDÉPENDANTE AVEC POSSIBILITÉ D’EXTENSIONSituée à Borj Louzir dans le quartier de la Mosquée Erraoudha, la villa est édifiée sur un terrain de 220m2 et bénéficie de 110m2 de surface couverte.- salon- jardin au devant- cuisine avec accès a une terrasse à l’arrière- 3 chambres a coucher dont une avec dressing- 1 salle de bainQuartier proche de toutes les commodités à 500m de l’avenue de l’UMA",Jardin; Terrasse; Salon européen,Terrasse; Jardin,Jardin; Terrasse; Salon européen,https://www.mubawab-media.com/assets/logos/mubawab.png; https://www.mubawab-media.com/assets/common/loading.gif; https://www.mubawab-media.com/ad/8/210/967F/h/IMG_1309_80974493.avif; https://www.mubawab-media.com/ad/8/210/967F/h/IMG_1305_80974494.avif; https://www.mubawab-media.com/ad/8/210/967F/h/IMG_1293_80974495.avif; https://www.mubawab-media.com/ad/8/210/967F/h/IMG_1302_80974496.avif; https://www.mubawab-media.com/ad/8/210/967F/h/IMG_1299_80974497.avif; https://www.mubawab-media.com/ad/8/210/967F/h/IMG_1295_80974498.avif; https://www.mubawab-media.com/ad/8/210/967F/h/IMG_1292_80974499.avif; https://www.mubawab-media.com/ad/8/210/967F/h/IMG_1294_80974500.avif; https://www.mubawab-media.com/ad/8/210/967F/h/IMG_1297_80974501.avif; https://www.mubawab-media.com/ad/8/210/967F/h/IMG_1296_80974502.avif; https://www.mubawab-media.com/ad/8/210/967F/h/IMG_1284_80974503.avif; https://www.mubawab-media.com/ad/8/210/967F/h/IMG_1277_80974504.avif,"{""type de bien"": ""Maison"", ""surface de la parcelle"": ""220\n\t\t\t\t\t\t\t\tm²"", ""etat"": ""Bon état / habitable"", ""années"": ""10-20 ans"", ""orientation"": ""Sud"", ""type du sol"": ""Carrelage"", ""nombre d'étages"": ""1""}","{""latitude"": ""36.883333"", ""longitude"": ""10.25""}","{""jardin"": ""Oui"", ""terrasse"": ""Oui""}","{""etat"": ""Neuf""}","{""formulaire_contact"": ""Disponible""}",2026-02-01T13:05:33.428275,search,True
8222190,A vendre Villa de 764 m² Chotrana 3,https://www.mubawab.tn/fr/a/8222190/a-vendre-villa-de-764-m%C2%B2-chotrana-3,,La Soukra,Chotrana 3,"Chotrana 3, La Soukra",Villa,Vente,990000.0,990 000 TND,990000.0,560.0,"560
						m²",9,6,0,,,,,Cette villa est érigée sur deux niveaux dont l’étage est réparti en deux appartements avec deux entrées totalement indépendante idéal pour une grande famille ou un investissement locatif. Elle offre un cadre de vie agréable et fort potentiel d’aménagement. Elle est située dans un quartier recherché,"Cette villa est érigée sur deux niveaux dont l’étage est réparti en deux appartements avec deux entrées totalement indépendante idéal pour une grande famille ou un investissement locatif.Elle offre un cadre de vie agréable et fort potentiel d’aménagement. Elle est située dans un quartier recherché, cette propriété se distingue par sa conception pratique et évolutive.A l’extérieure, la villa dispose d’un terrain permettant la réalisation d’une piscine, ainsi qu’un jardin qui peut être aménagé selon vos envies.Le salon, d’une générosité remarquable, déduit par ses volumes ouverts, sa luminosité exceptionnelle et son atmosphère raffinée, offrant un espace de vie à la fois élégant et fonctionnel.La cuisine est totalement aménagée et équipée par un coin repas annexée par un séchoir qui donne axé su jardin pour plus de fonctionnalité.La partie jour est complété par une chambre d’ami et une salle d’eau pour les invités.La partie nuit loge deux suites parentales et une chambre à coucher qui se partage une salle de bain.L’étage abrite deux appartements en S2 dont un habitable de suite et le deuxième nécessite quelques travaux d’embellissement. Ils sont similaire de conception offrant autonomie et intimité, balcon pour profiter des beaux jours.Un garage de 20 m² fermé pouvant accueillir deux voitures, elle dispose d’un espace à l’extérieur offrant la possibilité de stationner deux autres voitures en toutes sécurités.Toutes les pièces sont équipées par des climatisations en split système et chauffage central.",Jardin; Terrasse; Garage; Piscine; Chambre rangement; Climatisation; Chauffage central; Double vitrage; Porte blindée; Cuisine équipée,Climatisation; Chauffage central; Double vitrage; Porte blindée; Cuisine équipée; Garage; Terrasse; Jardin; Piscine,Jardin; Terrasse; Garage; Piscine; Chambre rangement; Climatisation; Chauffage central; Double vitrage; Porte blindée; Cuisine équipée,https://www.mubawab-media.com/assets/logos/mubawab.png; https://www.mubawab-media.com/assets/common/loading.gif; https://www.mubawab-media.com/ad/8/222/190F/h/2ef47e3a-9e3a-45c3-ae9b-83baffbc822a-1_81093297.avif; https://www.mubawab-media.com/ad/8/222/190F/h/790e7446-55ac-4802-ba92-af96dfd1a4ec_81093298.avif; https://www.mubawab-media.com/ad/8/222/190F/h/57a15579-5450-4472-8468-3d73ff499ccc_81093299.avif; https://www.mubawab-media.com/ad/8/222/190F/h/b2e9f1d6-04de-492f-9392-41d7c8b61f39_81093300.avif; https://www.mubawab-media.com/ad/8/222/190F/h/2ff6905d-3c04-42c2-ab73-3ba7ff75ddad_81093301.avif; https://www.mubawab-media.com/ad/8/222/190F/h/bae0f201-b685-4080-8362-36f7a0446429_81093302.avif; https://www.mubawab-media.com/ad/8/222/190F/h/515ef267-c1b2-4690-ae7f-42b189be0f79_81093303.avif; https://www.mubawab-media.com/ad/8/222/190F/h/859c5787-3d5e-411a-b0bd-255ab3f86ed0_81093304.avif; https://www.mubawab-media.com/ad/8/222/190F/h/bfbbb4a1-cfbb-4c74-9443-60f88469710d_81093305.avif; https://www.mubawab-media.com/ad/8/222/190F/h/f7978c66-b51a-4d10-8d93-5db93d0dc459_81093306.avif; https://www.mubawab-media.com/business/11/185F/s/398472612_122100412358099810_2590122473257359148_n_81230410.avif; https://www.mubawab-media.com/ad/8/285/727F/m/thumb_1238372_property_xlarge_81777619.avif,"{""type de bien"": ""Maison"", ""surface de la parcelle"": ""764\n\t\t\t\t\t\t\t\tm²"", ""etat"": ""Bon état / habitable"", ""années"": ""20-30 ans"", ""orientation"": ""Est"", ""type du sol"": ""Marbre"", ""nombre d'étages"": ""2""}","{""latitude"": ""36.883333"", ""longitude"": ""10.25""}","{""parking"": ""Oui"", ""climatisation"": ""Oui"", ""securite"": ""Oui"", ""piscine"": ""Oui"", ""jardin"": ""Oui"", ""terrasse"": ""Oui""}","{""etat"": ""Neuf""}","{""formulaire_contact"": ""Disponible""}",2026-02-01T13:05:33.438158,search,True
8230455,Villa à vendre – Borj Louzir,https://www.mubawab.tn/fr/a/8230455/villa-%C3%A0-vendre-%E2%80%93-borj-louzir,,La Soukra,Borj Louzir,"Borj Louzir, La Soukra",Villa,Vente,0,Prix à consulter,0,225.0,"225
						m²",6,4,0,,,,,"Villa à vendre – Borj Louzir Exclusivité Indeed Immobilier Découvrez cette villa spacieuse et évolutive, idéale pour une grande famille ou un projet d’investissement ! Borj Louzir Terrain : 487 m² Bâti : 225 m² 4 chambres : 3 chambres 1 suite parentale Double salon : salon salle à ma","Villa à vendre – Borj LouzirExclusivité Indeed ImmobilierDécouvrez cette villa spacieuse et évolutive, idéale pour une grande famille ou un projet d’investissement !Borj LouzirTerrain : 487 m² Bâti : 225 m²4 chambres : 3 chambres 1 suite parentaleDouble salon : salon salle à mangerSalle d’eau au rez-de-chausséePossibilité de construire 2 étages supplémentairesDouble entrée de garageQuartier calme, sécurisé et proche de toutes commoditésContactez-nous dès maintenant pour organiser une visite !26454266 Message privéIndeed Immobilier – Trouvez plus qu’un bien, trouvez un chez-vous.Exclusivité Indeed ImmobilierDécouvrez cette villa spacieuse et évolutive, idéale pour une grande famille ou un projet d’investissement !Borj LouzirTerrain : 487 m² Bâti : 225 m²4 chambres : 3 chambres 1 suite parentaleDouble salon : salon salle à mangerSalle d’eau au rez-de-chausséePossibilité de construire 2 étages supplémentairesDouble entrée de garageQuartier calme, sécurisé et proche de toutes commoditésContactez-nous dès maintenant pour organiser une visite !26454266 Message privéIndeed Immobilier – Trouvez plus qu’un bien, trouvez un chez-vous.",Terrasse; Garage,Garage; Terrasse,Terrasse; Garage,https://www.mubawab-media.com/assets/logos/mubawab.png; https://www.mubawab-media.com/assets/common/loading.gif; https://www.mubawab-media.com/ad/8/230/455F/h/10_81184339.avif; https://www.mubawab-media.com/ad/8/230/455F/h/2_81184340.avif; https://www.mubawab-media.com/ad/8/230/455F/h/14_81184341.avif; https://www.mubawab-media.com/ad/8/230/455F/h/13_81184342.avif; https://www.mubawab-media.com/ad/8/230/455F/h/4_81184343.avif; https://www.mubawab-media.com/ad/8/230/455F/h/6_81184344.avif; https://www.mubawab-media.com/ad/8/230/455F/h/9_81184345.avif; https://www.mubawab-media.com/ad/8/230/455F/h/8_81184346.avif; https://www.mubawab-media.com/ad/8/230/455F/h/1_81184347.avif; https://www.mubawab-media.com/ad/8/230/455F/h/3_81184348.avif; https://www.mubawab-media.com/ad/8/230/455F/h/11_81184349.avif; https://www.mubawab-media.com/business/13/483F/s/logo_81134356.avif,"{""type de bien"": ""Maison"", ""surface de la parcelle"": ""487\n\t\t\t\t\t\t\t\tm²"", ""etat"": ""Bon état / habitable"", ""orientation"": ""Est"", ""nombre d'étages"": ""1""}","{""latitude"": ""36.883333"", ""longitude"": ""10.25""}","{""parking"": ""Oui"", ""terrasse"": ""Oui""}","{""etat"": ""Neuf""}","{""formulaire_contact"": ""Disponible""}",2026-02-01T13:05:33.449192,search,True
8254193,A vendre Duplex 2S4 à Chotrana1,https://www.mubawab.tn/fr/a/8254193/a-vendre-duplex-2s4-%C3%A0-chotrana1,,La Soukra,Chotrana 1,"Chotrana 1, La Soukra",Duplex,Vente,850000.0,850 000 TND,850000.0,238.0,"238
						m²",2,4,0,,,,,"Un duplex 2 Salons 3 chambres et une chambre de service situé dans un environnement calme et agréable, dans une résidence R2. Au rez-de-chaussée, vous trouverez deux salons ouvrant directement sur le jardin, une cuisine indépendante spacieuse et entièrement équipée avec four , une chambre de servi","Un duplex 2 Salons3 chambres et une chambre de service situé dans un environnement calme et agréable, dans une résidence R2.Au rez-de-chaussée, vous trouverez deux salons ouvrant directement sur le jardin, une cuisine indépendante spacieuse et entièrement équipée avec four , une chambre de service agencée et une salle d'eau.À l’étage, une suite parentale avec dressing et salle de bain, deux chambres à coucher avec dressing et une salle de bain commune.À l’extérieur, un jardin de 46m2, et un abri pour une voiture.Le duplex est équipé du chauffage central et de la climatisation central.",Jardin; Terrasse; Concierge; Chambre rangement; Salon européen; Climatisation; Chauffage central; Sécurité; Double vitrage; Porte blindée; Cuisine équipée; Four; Micro-ondes,Concierge; Climatisation; Chauffage central; Sécurité; Double vitrage; Porte blindée; Cuisine équipée; Terrasse; Jardin,Jardin; Terrasse; Concierge; Chambre rangement; Salon européen; Climatisation; Chauffage central; Sécurité; Double vitrage; Porte blindée; Cuisine équipée; Four; Micro-ondes,https://www.mubawab-media.com/assets/logos/mubawab.png; https://www.mubawab-media.com/assets/common/loading.gif; https://www.mubawab-media.com/ad/8/254/193F/h/WhatsApp%20Image%202025-11-17%20at%206.45.29%20PM%20%282%29_81428435.avif; https://www.mubawab-media.com/ad/8/254/193F/h/WhatsApp%20Image%202025-11-17%20at%206.49.16%20PM%20%283%29_81428436.avif; https://www.mubawab-media.com/ad/8/254/193F/h/WhatsApp%20Image%202025-11-17%20at%206.49.16%20PM%20%284%29_81428437.avif; https://www.mubawab-media.com/ad/8/254/193F/h/WhatsApp%20Image%202025-11-17%20at%206.45.33%20PM%20%281%29_81428438.avif; https://www.mubawab-media.com/ad/8/254/193F/h/WhatsApp%20Image%202025-11-17%20at%206.49.16%20PM%20%285%29_81428439.avif; https://www.mubawab-media.com/ad/8/254/193F/h/WhatsApp%20Image%202025-11-17%20at%206.49.16%20PM%20%282%29_81428440.avif; https://www.mubawab-media.com/ad/8/254/193F/h/WhatsApp%20Image%202025-11-17%20at%206.49.15%20PM_81428441.avif; https://www.mubawab-media.com/ad/8/254/193F/h/WhatsApp%20Image%202025-11-17%20at%206.49.16%20PM%20%281%29_81428442.avif; https://www.mubawab-media.com/ad/8/254/193F/h/WhatsApp%20Image%202025-11-17%20at%206.49.16%20PM_81428443.avif; https://www.mubawab-media.com/ad/8/212/588F/m/thumb_1141057_property_xlarge_80990224.avif; https://www.mubawab-media.com/ad/8/292/053F/m/WhatsApp%20Image%202025-12-29%20at%2014.04.29%20%287%29_81844042.avif; https://www.mubawab-media.com/ad/7/872/801F/m/thumb_783233_property_xlarge_77848422.avif,"{""type de bien"": ""Maison"", ""etat"": ""Bon état / habitable"", ""années"": ""1-5 ans"", ""orientation"": ""Ouest"", ""type du sol"": ""Marbre"", ""nombre d'étages"": ""2""}","{""latitude"": ""36.883333"", ""longitude"": ""10.25""}","{""climatisation"": ""Oui"", ""concierge"": ""Oui"", ""securite"": ""Oui"", ""jardin"": ""Oui"", ""terrasse"": ""Oui""}","{""etat"": ""Neuf""}","{""formulaire_contact"": ""Disponible""}",2026-02-01T13:05:33.459910,search,True
8195671,Villa de luxe Soukra Yakout Hamaoui,https://www.mubawab.tn/fr/a/8195671/villa-de-luxe-soukra-yakout-hamaoui,,La Soukra,La Soukra,"La Soukra, La Soukra",Villa,Vente,1380000.0,1 380 000 TND,1380000.0,305.0,"305
						m²",4,4,1,,,,,"Réf: AVM01883 Perla Immo met en vente une villa de luxe Emplacement : Soukra Yakout Hamaoui Dans une résidence gardée. Endroit privilégié, calme, sécurisé et proche de toutes les commodités. Superficie terrain : 305 m² Superficie Bâtit : 260 m² Typologie : S4 Composition : Rez de chaussée :","Réf: AVM01883Perla Immo met en vente une villa de luxeEmplacement : Soukra Yakout HamaouiDans une résidence gardée.Endroit privilégié, calme, sécurisé et proche de toutes les commodités.Superficie terrain : 305 m²Superficie Bâtit : 260 m²Typologie : S4Composition :Rez de chaussée : Un séjour, hall double hauteur, salon lumineux à double hauteur avec vue imprenable sur la piscine, cuisine entièrement équipée avec séchoir et salle d’eau avec douche.Premier étage: trois suites luxueuses avec douche à l’italienne, dont une avec jacuzzi dressing et balcon privé.Climatisation central.Chauffage central et split.Parking pour deux voitures.Jardin privé (130 m²)- Piscine 9/3- Caméras de surveillance- CellierPrix : 1380000 dt- Titre collectif- Bâti 2025Contact: 20338278 ou 98617607 ou 71717175",Jardin; Terrasse; Garage; Piscine; Entre-seul; Climatisation; Chauffage central; Sécurité; Cuisine équipée,Climatisation; Chauffage central; Sécurité; Cuisine équipée; Garage; Terrasse; Jardin; Piscine,Jardin; Terrasse; Garage; Piscine; Entre-seul; Climatisation; Chauffage central; Sécurité; Cuisine équipée,https://www.mubawab-media.com/assets/logos/mubawab.png; https://www.mubawab-media.com/assets/common/loading.gif; https://www.mubawab-media.com/ad/8/195/671F/h/thumb_1141645_property_large_80820506.avif; https://www.mubawab-media.com/ad/8/195/671F/h/thumb_1141648_property_large_80820507.avif; https://www.mubawab-media.com/ad/8/195/671F/h/thumb_1141642_property_large_80820508.avif; https://www.mubawab-media.com/ad/8/195/671F/h/thumb_1141639_property_large_80820509.avif; https://www.mubawab-media.com/ad/8/195/671F/h/thumb_1141647_property_large_80820510.avif; https://www.mubawab-media.com/ad/8/195/671F/h/thumb_1141646_property_large_80820511.avif; https://www.mubawab-media.com/ad/8/195/671F/h/thumb_1141644_property_large_80820512.avif; https://www.mubawab-media.com/ad/8/195/671F/h/thumb_1141643_property_large_80820513.avif; https://www.mubawab-media.com/ad/8/195/671F/h/thumb_1141641_property_large_80820514.avif; https://www.mubawab-media.com/ad/8/195/671F/h/thumb_1141640_property_large_80820515.avif; https://www.mubawab-media.com/ad/8/195/671F/h/thumb_1141649_property_large_80820516.avif; https://www.mubawab-media.com/ad/8/195/671F/h/thumb_1141650_property_large_80820517.avif,"{""type de bien"": ""Maison"", ""etat"": ""Bon état / habitable""}","{""latitude"": ""36.883333"", ""longitude"": ""10.25""}","{""parking"": ""Oui"", ""climatisation"": ""Oui"", ""securite"": ""Oui"", ""piscine"": ""Oui"", ""jardin"": ""Oui"", ""terrasse"": ""Oui""}","{""etat"": ""Neuf""}","{""formulaire_contact"": ""Disponible""}",2026-02-01T13:05:33.469515,search,True
8236421,Villa de Prestige avec piscine à vendre à La Soukra,https://www.mubawab.tn/fr/a/8236421/villa-de-prestige-avec-piscine-%C3%A0-vendre-%C3%A0-la-soukra,,La Soukra,La Soukra,"La Soukra, La Soukra",Villa,Vente,0,Prix à consulter,0,750.0,"750
						m²",6,6,0,,,,,"New Key La Soukra met à la vente en exclusivité une belle villa de prestige qui s'étale sur un terrain de 750 m² avec un bâti de 450 m² située dans l'un des plus beaux et recherchés quartiers de La Soukra.Un quartier résidentiel, accessible, excellent voisinage.Au rez-de-chaussée : on trouve un salo","New Key La Soukra met à la vente en exclusivité une belle villa de prestige qui s'étale sur un terrain de 750 m² avec un bâti de 450 m² située dans l'un des plus beaux et recherchés quartiers de La Soukra.Un quartier résidentiel, accessible, excellent voisinage.Au rez-de-chaussée : on trouve un salon avec une cheminée fonctionnelle, une salle à manger , une grande terrasse en baie-vitrée le tout donne directement sur la piscine.Une suite avec sa salle de douche, une cuisine équipée, une deuxième cuisine de service, un séjour et une salle d'eau invités.Quant à l'étage il présente la partie nuit :grande master suite avec son room-dressing et sa salle de bain et 02 suites juniors.L'éxtérieur : un jardin paysager et arboré qui ne laisse aucun vis-vis-vis qui fait le tour de la propriété.Une Belle piscineUne cabane en bois qui convient à une loge, débarras ou atelier.Un abri pour plusieurs voituresDes panneaux photovoltaiquesRéférence du bien: Ref8468a",Jardin; Terrasse; Piscine; Chambre rangement; Cheminée; Cuisine équipée,Cuisine équipée; Terrasse; Jardin; Piscine; Cheminée,Jardin; Terrasse; Piscine; Chambre rangement; Cheminée; Cuisine équipée,https://www.mubawab-media.com/assets/logos/mubawab.png; https://www.mubawab-media.com/assets/common/loading.gif; https://www.mubawab-media.com/ad/8/236/421F/h/thumb_1185275_property_xlarge_81245833.avif; https://www.mubawab-media.com/business/8/390F/s/173569684_3743946405703280_2342906483815680692_n_12649711.avif; https://www.mubawab-media.com/ad/7/941/270F/m/sous-sol-comm_77422390.avif; https://www.mubawab-media.com/ad/8/098/597F/m/thumb_1239999_property_xlarge_81795452.avif; https://www.mubawab-media.com/ad/8/294/188F/m/c7316496-f4cf-4587-943e-0904268bb6d4_81866229.avif; https://www.mubawab-media.com/ad/8/211/984F/m/thumb_1157879_property_large_80984260.avif; https://www.mubawab-media.com/assets/common/banks/atijjaribank.png; https://www.mubawab-media.com/assets/common/app-store/google-play-small.png; https://www.mubawab-media.com/assets/common/app-store/app-store-small.png,"{""type de bien"": ""Maison"", ""etat"": ""Bon état / habitable""}","{""latitude"": ""36.88833"", ""longitude"": ""10.27417""}","{""piscine"": ""Oui"", ""jardin"": ""Oui"", ""terrasse"": ""Oui""}","{""etat"": ""Neuf""}","{""formulaire_contact"": ""Disponible""}",2026-02-01T13:05:33.477982,search,True
8245586,Mosque Erraoudha maison,https://www.mubawab.tn/fr/a/8245586/mosque-erraoudha-maison,,La Soukra,Mosque Erraoudha,"Mosque Erraoudha, La Soukra",Maison,Vente,425000.0,425 000 TND,425000.0,110.0,"110
						m²",4,3,1,,,,,"227m S3 A vendre Une etage, possibilité de batir 2 autre niveaux. Pres de toute comidité: pres de hamadi abid soukra. Emplacement idéal","227mS3A vendreUne etage, possibilité de batir 2 autre niveaux.Pres de toute comidité: pres de hamadi abid soukra.Emplacement idéal",Jardin; Terrasse; Garage,Garage; Terrasse; Jardin,Jardin; Terrasse; Garage,https://www.mubawab-media.com/assets/logos/mubawab.png; https://www.mubawab-media.com/assets/common/loading.gif; https://www.mubawab-media.com/ad/8/245/586F/h/1000059818_81341376.avif; https://www.mubawab-media.com/ad/8/245/586F/h/1000059817_81341377.avif; https://www.mubawab-media.com/ad/8/245/586F/h/1000059819_81341378.avif; https://www.mubawab-media.com/ad/8/285/050F/m/thumb_1223779_property_xlarge_81770498.avif; https://www.mubawab-media.com/ad/8/210/967F/m/IMG_1309_80974493.avif; https://www.mubawab-media.com/ad/7/767/688F/m/received_2304025326548902_54860553.avif; https://www.mubawab-media.com/ad/8/194/043F/m/542716786_1320266482999302_9215885585183052718_n_81034124.avif; https://www.mubawab-media.com/assets/common/banks/atijjaribank.png; https://www.mubawab-media.com/assets/common/app-store/google-play-small.png; https://www.mubawab-media.com/assets/common/app-store/app-store-small.png,"{""type de bien"": ""Maison"", ""surface de la parcelle"": ""227\n\t\t\t\t\t\t\t\tm²"", ""etat"": ""Bon état / habitable"", ""années"": ""10-20 ans"", ""orientation"": ""Nord"", ""type du sol"": ""Parquet"", ""nombre d'étages"": ""1""}","{""latitude"": ""36.883333"", ""longitude"": ""10.25""}","{""parking"": ""Oui"", ""jardin"": ""Oui"", ""terrasse"": ""Oui""}","{""etat"": ""Neuf""}","{""formulaire_contact"": ""Disponible""}",2026-02-01T13:05:33.487490,search,True
8146111,A vendre une villa à chotrana 1,https://www.mubawab.tn/fr/a/8146111/a-vendre-une-villa-%C3%A0-chotrana-1,,La Soukra,Chotrana 1,"Chotrana 1, La Soukra",Villa,Vente,835000.0,835 000 TND,835000.0,810.0,"810
						m²",5,6,1,,,,,Agence immobilière Le Carré 9 vous propose à la vente une villa S5 située à Chotrana 1. Cette villa est édifiée sur un terrain de 810m² avec une bâtisse de 310m² sur deux niveaux. Le rez-de-chaussée se compose d’un salon et salle à manger un séjour une cuisine une buanderie et une pièce de sto,Agence immobilière Le Carré 9 vous propose à la vente une villa S5 située à Chotrana 1.Cette villa est édifiée sur un terrain de 810m² avec une bâtisse de 310m² sur deux niveaux.Le rez-de-chaussée se compose d’un salon et salle à manger un séjour une cuisine une buanderie et une pièce de stockage et une toilette.L’étage contient une suite parentale sa chambre de dressing sa salle de douche et une grande terrasse trois chambres à coucher avec placards ainsi une salle de bain commune.L’extérieur loge un grand jardin piscinable un garage pour une voiture et une entrée pour 4 véhicules.Dossier juridique en règles avec un titre foncier.Pour plus d’informations veuillez nous contacter au 28177388 ou bien 23219610.,Jardin; Terrasse; Garage; Climatisation; Chauffage central; Cuisine équipée; Buanderie,Climatisation; Chauffage central; Cuisine équipée; Garage; Terrasse; Jardin; Buanderie,Jardin; Terrasse; Garage; Climatisation; Chauffage central; Cuisine équipée,https://www.mubawab-media.com/assets/logos/mubawab.png; https://www.mubawab-media.com/assets/common/loading.gif; https://www.mubawab-media.com/ad/8/146/111F/h/thumb_1094938_property_large_80309022.avif; https://www.mubawab-media.com/ad/8/146/111F/h/thumb_1094929_property_large_80309023.avif; https://www.mubawab-media.com/ad/8/146/111F/h/thumb_1094940_property_large_80309024.avif; https://www.mubawab-media.com/ad/8/146/111F/h/thumb_1094934_property_large_80309025.avif; https://www.mubawab-media.com/ad/8/146/111F/h/thumb_1094931_property_large_80309026.avif; https://www.mubawab-media.com/ad/8/146/111F/h/thumb_1094939_property_large_80309027.avif; https://www.mubawab-media.com/ad/8/146/111F/h/thumb_1094926_property_large_80309028.avif; https://www.mubawab-media.com/ad/8/146/111F/h/thumb_1094935_property_large_80309029.avif; https://www.mubawab-media.com/ad/8/146/111F/h/thumb_1094933_property_large_80309030.avif; https://www.mubawab-media.com/ad/8/146/111F/h/thumb_1094930_property_large_80309031.avif; https://www.mubawab-media.com/ad/8/146/111F/h/thumb_1094941_property_large_80309032.avif; https://www.mubawab-media.com/ad/8/146/111F/h/thumb_1094937_property_large_80309033.avif; https://www.mubawab-media.com/ad/8/146/111F/h/thumb_1094936_property_large_80309034.avif; https://www.mubawab-media.com/ad/8/146/111F/h/thumb_1094927_property_large_80309035.avif,"{""type de bien"": ""Maison"", ""etat"": ""Bon état / habitable""}","{""latitude"": ""36.883333"", ""longitude"": ""10.25""}","{""parking"": ""Oui"", ""climatisation"": ""Oui"", ""jardin"": ""Oui"", ""terrasse"": ""Oui""}","{""etat"": ""Neuf""}","{""formulaire_contact"": ""Disponible""}",2026-02-01T13:05:33.495021,search,True
7911326,Villa inachevée à vendre à La Soukra,https://www.mubawab.tn/fr/a/7911326/villa-inachev%C3%A9e-%C3%A0-vendre-%C3%A0-la-soukra,,La Soukra,La Soukra,"La Soukra, La Soukra",Villa,Vente,690000.0,690 000 TND,690000.0,200.0,"200
						m²",4,3,0,,,,,"New Key La Soukra met à la vente une villa jumelée S3 avec piscine bien située à La Soukra, emplacement très calme et sécurisé.Le rez-de-chaussée se compose d'un spacieux salon donnant accès sur la piscine , une grande cuisine agencée et bien aménagée, et une salle d'eau visiteurs .L'étage présente","New Key La Soukra met à la vente une villa jumelée S3 avec piscine bien située à La Soukra, emplacement très calme et sécurisé.Le rez-de-chaussée se compose d'un spacieux salon donnant accès sur la piscine , une grande cuisine agencée et bien aménagée, et une salle d'eau visiteurs .L'étage présente la partie nuit ou on trouve 01 suite parentale et 02 chambres à coucher avec leur salle de bain commune.L'extérieur : Un jardin gazonné et arboré, une piscine, un local technique et un abri pour voiture.Référence du bien: Ref6346a",Jardin; Piscine; Sécurité,Sécurité; Jardin; Piscine,Jardin; Piscine; Sécurité,https://www.mubawab-media.com/assets/logos/mubawab.png; https://www.mubawab-media.com/assets/common/loading.gif; https://www.mubawab-media.com/ad/7/911/326F/h/thumb_810296_property_xlarge_74898434.avif; https://www.mubawab-media.com/ad/7/911/326F/h/thumb_810294_property_xlarge_74898437.avif; https://www.mubawab-media.com/ad/7/911/326F/h/thumb_810298_property_xlarge_74898440.avif; https://www.mubawab-media.com/ad/7/911/326F/h/thumb_810292_property_xlarge_74898444.avif; https://www.mubawab-media.com/ad/7/911/326F/h/thumb_810276_property_xlarge_74898447.avif; https://www.mubawab-media.com/ad/7/911/326F/h/thumb_810291_property_xlarge_74898450.avif; https://www.mubawab-media.com/business/8/390F/s/173569684_3743946405703280_2342906483815680692_n_12649711.avif; https://www.mubawab-media.com/ad/8/292/053F/m/WhatsApp%20Image%202025-12-29%20at%2014.04.29%20%287%29_81844042.avif; https://www.mubawab-media.com/ad/7/906/143F/m/d0d2df5f-4240-42e3-b784-fb45eba080ee_GF_74347242.avif; https://www.mubawab-media.com/ad/8/254/920F/m/582318475_1202227461807867_2495380543889644462_n_81435836.avif; https://www.mubawab-media.com/ad/8/286/012F/m/thumb_1238340_property_xlarge_81780508.avif,"{""type de bien"": ""Maison"", ""etat"": ""Bon état / habitable""}","{""latitude"": ""36.88833"", ""longitude"": ""10.27417""}","{""securite"": ""Oui"", ""piscine"": ""Oui"", ""jardin"": ""Oui""}","{""etat"": ""Neuf""}","{""formulaire_contact"": ""Disponible""}",2026-02-01T13:05:33.505996,search,True
8242210,Villa a Vendre à chotrana 3,https://www.mubawab.tn/fr/a/8242210/villa-a-vendre-%C3%A0-chotrana-3,,La Soukra,Chotrana 3,"Chotrana 3, La Soukra",Villa,Vente,980000.0,980 000 TND,980000.0,560.0,"560
						m²",9,8,0,,,,,"Hive real estate vous propose à la Vente une spacieuse villa située à Chotrana 3, construite sur deux niveaux indépendants, offrant confort, fonctionnalité et potentiel pour habitation familiale ou investissement locatif. Rez-de-chaussée : La villa principale se compose d’un grand salon lumineux,","Hive real estate vous propose à la Vente une spacieuse villa située à Chotrana 3, construite sur deux niveaux indépendants, offrant confort, fonctionnalité et potentiel pour habitation familiale ou investissement locatif.Rez-de-chaussée :La villa principale se compose d’un grand salon lumineux, d’une cuisine bien aménagée, de quatre chambres à coucher dont deux suites parentales avec salle de bain privative, ainsi que deux autres chambres partageant une salle de bain commune et une salle d'eau invités.Premier étage :Le premier étage abrite deux appartements de type S2, chacun comprenant un salon, deux chambres à coucher, une cuisine fonctionnelle et une salle de bain.Cette propriété est idéale pour une grande famille ou pour ceux qui souhaitent combiner résidence principale et rendement locatif. Elle bénéficie d’un bon emplacement dans un quartier calme et recherché de Chotrana 3.",Jardin; Terrasse; Garage; Entre-seul; Salon européen; Climatisation; Chauffage central; Double vitrage; Porte blindée; Cuisine équipée,Climatisation; Chauffage central; Double vitrage; Porte blindée; Cuisine équipée; Garage; Terrasse; Jardin,Jardin; Terrasse; Garage; Entre-seul; Salon européen; Climatisation; Chauffage central; Double vitrage; Porte blindée; Cuisine équipée,https://www.mubawab-media.com/assets/logos/mubawab.png; https://www.mubawab-media.com/assets/common/loading.gif; https://www.mubawab-media.com/ad/8/242/210F/h/313b5d49-8d92-4bd9-b5e4-b864d412f3f8_81304384.avif; https://www.mubawab-media.com/business/10/261F/s/logo%20tt1_81264350.avif; https://www.mubawab-media.com/ad/8/212/588F/m/thumb_1141057_property_xlarge_80990224.avif; https://www.mubawab-media.com/ad/8/285/727F/m/thumb_1238372_property_xlarge_81777619.avif; https://www.mubawab-media.com/ad/8/118/749F/m/exterieur_81309311.avif; https://www.mubawab-media.com/ad/7/872/801F/m/thumb_783233_property_xlarge_77848422.avif; https://www.mubawab-media.com/assets/common/banks/atijjaribank.png; https://www.mubawab-media.com/assets/common/app-store/google-play-small.png; https://www.mubawab-media.com/assets/common/app-store/app-store-small.png,"{""type de bien"": ""Maison"", ""surface de la parcelle"": ""764\n\t\t\t\t\t\t\t\tm²"", ""etat"": ""Bon état / habitable"", ""années"": ""10-20 ans""}","{""latitude"": ""36.883333"", ""longitude"": ""10.25""}","{""parking"": ""Oui"", ""climatisation"": ""Oui"", ""jardin"": ""Oui"", ""terrasse"": ""Oui""}","{""etat"": ""Neuf""}","{""formulaire_contact"": ""Disponible""}",2026-02-01T13:05:33.514613,search,True
7767688,Jolie villa s3,https://www.mubawab.tn/fr/a/7767688/jolie-villa-s3,,La Soukra,Borj Louzir,"Borj Louzir, La Soukra",Villa,Vente,380000.0,380 000 TND,380000.0,157.0,"157
						m²",4,3,1,,,,,Bonjour A vendre Jolie villa de 157m2 sur terrain de 500m2 à bord louzir 3 chambres Grand sejour 1 salle de bain Wc séparés Cuisine équipée 1 véranda 1 garage Possibilité de construire un étage 380 000 dinars,BonjourA vendreJolie villa de 157m2 sur terrain de 500m2 à bord louzir3 chambresGrand sejour1 salle de bainWc séparésCuisine équipée1 véranda1 garagePossibilité de construire un étage380 000 dinars,Jardin; Terrasse; Garage; Chambre rangement; Salon européen; Climatisation; Cuisine équipée; Véranda,Climatisation; Cuisine équipée; Garage; Terrasse; Jardin; Véranda,Jardin; Terrasse; Garage; Chambre rangement; Salon européen; Climatisation; Cuisine équipée,https://www.mubawab-media.com/assets/logos/mubawab.png; https://www.mubawab-media.com/assets/common/loading.gif; https://www.mubawab-media.com/ad/7/767/688F/h/received_2304025326548902_54860553.avif; https://www.mubawab-media.com/ad/7/767/688F/h/received_1400270816742224_54860554.avif; https://www.mubawab-media.com/ad/7/767/688F/h/received_2168464196738841_54860555.avif; https://www.mubawab-media.com/ad/7/767/688F/h/received_618309808564332_54860556.avif; https://www.mubawab-media.com/ad/7/767/688F/h/received_238870616721571_54860557.avif; https://www.mubawab-media.com/ad/7/767/688F/h/received_1912757388806569_54860558.avif; https://www.mubawab-media.com/ad/7/767/688F/h/36625_80490032.avif; https://www.mubawab-media.com/ad/7/767/688F/h/36627_80490038.avif; https://www.mubawab-media.com/ad/7/767/688F/h/36626_80490039.avif; https://www.mubawab-media.com/ad/8/285/050F/m/thumb_1223779_property_xlarge_81770498.avif; https://www.mubawab-media.com/ad/8/210/967F/m/IMG_1309_80974493.avif; https://www.mubawab-media.com/ad/8/047/943F/m/1d7e0a07-d08e-4a48-a11f-919be63af48b_79337141.avif,"{""type de bien"": ""Maison"", ""surface de la parcelle"": ""500\n\t\t\t\t\t\t\t\tm²"", ""etat"": ""Bon état / habitable"", ""années"": ""10-20 ans"", ""type du sol"": ""Carrelage""}","{""latitude"": ""36.88333299999999"", ""longitude"": ""10.25""}","{""parking"": ""Oui"", ""climatisation"": ""Oui"", ""jardin"": ""Oui"", ""terrasse"": ""Oui""}","{""etat"": ""Neuf""}","{""formulaire_contact"": ""Disponible""}",2026-02-01T13:05:33.522394,search,True
8224840,Villa a vendre,https://www.mubawab.tn/fr/a/8224840/villa-a-vendre,,La Soukra,La Soukra,"La Soukra, La Soukra",Villa,Vente,1600000.0,1 600 000 TND,1600000.0,2400.0,"2400
						m²",10,8,0,,,,,"Villa Prestige - Quartier Résidentiel Calme Référence : NV/301 Localisation : Secteur résidentiel prisé Superficie terrain : 1 400 m² Surface bâtie par étage : 350 m² Description : Exceptionnelle villa spacieuse et lumineuse, nichée dans un quartier calme et résidentiel. Cette pro","Villa Prestige - Quartier Résidentiel CalmeRéférence : NV/301Localisation : Secteur résidentiel priséSuperficie terrain : 1 400 m²Surface bâtie par étage : 350 m²Description :Exceptionnelle villa spacieuse et lumineuse, nichée dans un quartier calme et résidentiel. Cette propriété d'exception offre un cadre de vie raffiné et des possibilités d'investissement multiples.Caractéristiques :- Terrain de 1 400 m² avec jardin arboré d'oliviers (bonne récolte)- Surface bâtie de 350 m² par étage- Entrées séparées pour chaque niveau- Chaque étage comprend : 4 chambres grand salon- Garage privatif- Grand jardin paysagerAtouts exclusifs :- Architecture moderne et prestigieuse- Lumière naturelle abondante- Espaces généreux et fonctionnels- Confort absolu pour famille exigeante- Parfait pour résidence de luxe ou investissement (maison d'hôtes)Opportunité :Idéale pour :- Résidence principale haut de gamme- Investissement rentable en maison d'hôtes- Propriété de prestigePrix : 1 650 000 DT (légerement négociable)Contact :Pour visite ou information complémentaire :Téléphone : 55028909 - 31482711Une opportunité rare alliant prestige et potentiel d'investissement exceptionnel.",Jardin; Terrasse; Garage; Concierge; Chambre rangement; Entre-seul; Antenne parabolique; Sécurité; Cuisine équipée,Concierge; Sécurité; Cuisine équipée; Garage; Terrasse; Jardin,Jardin; Terrasse; Garage; Concierge; Chambre rangement; Entre-seul; Antenne parabolique; Sécurité; Cuisine équipée,https://www.mubawab-media.com/assets/logos/mubawab.png; https://www.mubawab-media.com/assets/common/loading.gif; https://www.mubawab-media.com/ad/8/224/840F/h/17_81133029.avif; https://www.mubawab-media.com/ad/8/224/840F/h/4_81133019.avif; https://www.mubawab-media.com/ad/8/224/840F/h/6_81133020.avif; https://www.mubawab-media.com/ad/8/224/840F/h/7_81133021.avif; https://www.mubawab-media.com/ad/8/224/840F/h/14_81133022.avif; https://www.mubawab-media.com/ad/8/224/840F/h/5_81133023.avif; https://www.mubawab-media.com/ad/8/224/840F/h/8_81133024.avif; https://www.mubawab-media.com/ad/8/224/840F/h/9_81133025.avif; https://www.mubawab-media.com/ad/8/224/840F/h/10_81133026.avif; https://www.mubawab-media.com/ad/8/224/840F/h/11_81133027.avif; https://www.mubawab-media.com/ad/8/224/840F/h/12_81133028.avif; https://www.mubawab-media.com/ad/8/224/840F/h/18_81133030.avif; https://www.mubawab-media.com/ad/8/224/840F/h/19_81133031.avif; https://www.mubawab-media.com/ad/8/224/840F/h/23_81133032.avif,"{""type de bien"": ""Maison"", ""surface de la parcelle"": ""2400\n\t\t\t\t\t\t\t\tm²"", ""etat"": ""Bon état / habitable"", ""années"": ""10-20 ans"", ""nombre d'étages"": ""2""}","{""latitude"": ""36.883333"", ""longitude"": ""10.25""}","{""parking"": ""Oui"", ""concierge"": ""Oui"", ""securite"": ""Oui"", ""jardin"": ""Oui"", ""terrasse"": ""Oui""}","{""etat"": ""Neuf""}","{""formulaire_contact"": ""Disponible""}",2026-02-01T13:05:33.535330,search,True
8145915,Une splendide villa S4 avec piscine à vendre à La Soukra,https://www.mubawab.tn/fr/a/8145915/une-splendide-villa-s4-avec-piscine-%C3%A0-vendre-%C3%A0-la-soukra,,La Soukra,La Soukra,"La Soukra, La Soukra",Villa,Vente,0,Prix à consulter,0,300.0,"300
						m²",5,4,0,,,,,"New Key La Soukra met à la vente une superbe villa neuve S4 avec piscine située dans un quartier résdentiel, calme et bien accessible à La Soukra.Un spacieux salon lumineux qui donne sur la piscine et un séjour.Une cuisine aménagée et bien équipéeUne salle d'eau invités La partie nuit à l'étage est","New Key La Soukra met à la vente une superbe villa neuve S4 avec piscine située dans un quartier résdentiel, calme et bien accessible à La Soukra.Un spacieux salon lumineux qui donne sur la piscine et un séjour.Une cuisine aménagée et bien équipéeUne salle d'eau invitésLa partie nuit à l'étage est composée de :Une suite parentale avec son dressing et sa salle de douche03 chambres à coucher avec leurs dressingsUne salle de bain commune.Une belle piscine et un jardin à l'espace extérieur.Chauffage central et climatiseurs en split.Système d'alarme et caméras de surveillanceUn Abri pour 02 voitures.Référence du bien: Ref8021a",Jardin; Piscine; Chauffage central; Sécurité,Chauffage central; Sécurité; Jardin; Piscine,Jardin; Piscine; Chauffage central; Sécurité,https://www.mubawab-media.com/assets/logos/mubawab.png; https://www.mubawab-media.com/assets/common/loading.gif; https://www.mubawab-media.com/ad/8/145/915F/h/thumb_1093900_property_xlarge_80307094.avif; https://www.mubawab-media.com/ad/8/145/915F/h/thumb_1093910_property_xlarge_80307095.avif; https://www.mubawab-media.com/ad/8/145/915F/h/thumb_1093908_property_xlarge_80307096.avif; https://www.mubawab-media.com/ad/8/145/915F/h/thumb_1093892_property_xlarge_80307097.avif; https://www.mubawab-media.com/ad/8/145/915F/h/thumb_1093893_property_xlarge_80307098.avif; https://www.mubawab-media.com/ad/8/145/915F/h/thumb_1093891_property_xlarge_80307099.avif; https://www.mubawab-media.com/ad/8/145/915F/h/thumb_1093881_property_xlarge_80307100.avif; https://www.mubawab-media.com/ad/8/145/915F/h/thumb_1093879_property_xlarge_80307101.avif; https://www.mubawab-media.com/ad/8/145/915F/h/thumb_1093887_property_xlarge_80307102.avif; https://www.mubawab-media.com/ad/8/145/915F/h/thumb_1093886_property_xlarge_80307103.avif; https://www.mubawab-media.com/ad/8/145/915F/h/thumb_1093899_property_xlarge_80307104.avif; https://www.mubawab-media.com/business/8/390F/s/173569684_3743946405703280_2342906483815680692_n_12649711.avif,"{""type de bien"": ""Maison"", ""etat"": ""Bon état / habitable""}","{""latitude"": ""36.88833"", ""longitude"": ""10.27417""}","{""securite"": ""Oui"", ""piscine"": ""Oui"", ""jardin"": ""Oui""}","{""etat"": ""Neuf""}","{""formulaire_contact"": ""Disponible""}",2026-02-01T13:05:33.548302,search,True
8240133,Un Triplex en s5 avec piscine à La Soukra,https://www.mubawab.tn/fr/a/8240133/un-triplex-en-s5-avec-piscine-%C3%A0-la-soukra,,La Soukra,Chotrana 1,"Chotrana 1, La Soukra",Triplex,Vente,1980000.0,1 980 000 TND,1980000.0,339.0,"339
						m²",6,5,1,,,,,"Seven Real Estate Vous propose à la vente un triplex direct promoteur en s5 neuf avec piscine il se compose comme suit : Au Rez-de-chaussée : un salon salle à manger , un séjour séparé ,une salle de douche et une cuisine aménagée entièrement équipée Au 1er étage : une suite parentale , deux cha","Seven Real Estate Vous propose à la vente un triplex direct promoteur en s5 neuf avec piscineil se compose comme suit :Au Rez-de-chaussée : un salon salle à manger , un séjour séparé ,une salle de douche et une cuisine aménagée entièrement équipéeAu 1er étage : une suite parentale , deux chambres à coucher et une salle de bain avec baignoire et doucheau 2éme étage : une chambre à coucher , une salle de douche , une tisanerie et une grande terrasseAu sous-sol : un cellier , un garage pour deux voituresà l’extérieur : une piscine à débordement et un jardinle triplex est équipé de chauffage central et de climatisation en split et d’un système domotique",Jardin; Terrasse; Garage; Piscine; Entre-seul; Climatisation; Chauffage central,Climatisation; Chauffage central; Garage; Terrasse; Jardin; Piscine,Jardin; Terrasse; Garage; Piscine; Entre-seul; Climatisation; Chauffage central,https://www.mubawab-media.com/assets/logos/mubawab.png; https://www.mubawab-media.com/assets/common/loading.gif; https://www.mubawab-media.com/ad/8/240/133F/h/thumb_1190318_property_large_81283995.avif; https://www.mubawab-media.com/ad/8/240/133F/h/thumb_1190333_property_large_81283996.avif; https://www.mubawab-media.com/ad/8/240/133F/h/thumb_1190334_property_large_81283997.avif; https://www.mubawab-media.com/ad/8/240/133F/h/thumb_1190335_property_large_81283998.avif; https://www.mubawab-media.com/ad/8/240/133F/h/thumb_1190336_property_large_81283999.avif; https://www.mubawab-media.com/ad/8/240/133F/h/thumb_1190337_property_large_81284000.avif; https://www.mubawab-media.com/ad/8/240/133F/h/thumb_1190338_property_large_81284001.avif; https://www.mubawab-media.com/ad/8/240/133F/h/thumb_1190339_property_large_81284002.avif; https://www.mubawab-media.com/ad/8/240/133F/h/thumb_1190340_property_large_81284003.avif; https://www.mubawab-media.com/ad/8/240/133F/h/thumb_1190341_property_large_81284004.avif; https://www.mubawab-media.com/ad/8/240/133F/h/thumb_1190342_property_large_81284005.avif; https://www.mubawab-media.com/ad/8/240/133F/h/thumb_1190343_property_large_81284006.avif; https://www.mubawab-media.com/ad/8/240/133F/h/thumb_1190344_property_large_81284007.avif; https://www.mubawab-media.com/ad/8/240/133F/h/thumb_1190332_property_large_81284008.avif,"{""type de bien"": ""Maison"", ""etat"": ""Bon état / habitable""}","{""latitude"": ""36.883333"", ""longitude"": ""10.25""}","{""parking"": ""Oui"", ""climatisation"": ""Oui"", ""piscine"": ""Oui"", ""jardin"": ""Oui"", ""terrasse"": ""Oui""}","{""etat"": ""Neuf""}","{""formulaire_contact"": ""Disponible""}",2026-02-01T13:05:33.558483,search,True
8233302,A vendre une villa a la soukra,https://www.mubawab.tn/fr/a/8233302/a-vendre-une-villa-a-la-soukra,,La Soukra,Cité de l'aéroport,"Cité de l'aéroport, La Soukra",Villa,Vente,0,Prix à consulter,0,250.0,"250
						m²",7,7,0,,,,,"Novume Immobilier vous propose une belle villa spacieuse, idéale pour une grande famille. Répartie sur trois niveaux, cette villa offre un cadre de vie confortable, lumineux et fonctionnel. Au rez-de-chaussée, vous trouverez une grande salon , parfait pour recevoir. La cuisine, bien équipée et","Novume Immobilier vous propose une belle villa spacieuse, idéale pour une grande famille.Répartie sur trois niveaux, cette villa offre un cadre de vie confortable, lumineux et fonctionnel.Au rez-de-chaussée, vous trouverez une grande salon , parfait pour recevoir. La cuisine, bien équipée et soigneusement entretenue, s’ouvre sur une agréable terrasse donnant sur le jardin. Un grande garage sous sol .Au rez-de-jardin, un grand espace de repos vous accueille avec un accès direct au jardin, offrant ainsi un coin détente idéal. Ce niveau comprend également:- une salle de bain- une salon convenant parfaitement à un espace invité ou indépendant.- trois chambre à coucherÀ l'étage, quatre chambres à coucher dont deux avec de spacieux balcons, ainsi qu'une salle de bain, offrent un espace nuit confortable pour toute la famille.Le jardin entoure la maison et offre un beau potentiel. Quelques retouches permettront de redonner toute sa verdure au gazon.Un bien rare, à découvrir sans tarder.Pour plus de détails ou pour organiser une visite, contactez novume Immobilier au 55028101/55028103",Jardin; Terrasse; Garage; Antenne parabolique; Cuisine équipée,Cuisine équipée; Garage; Terrasse; Jardin,Jardin; Terrasse; Garage; Antenne parabolique; Cuisine équipée,https://www.mubawab-media.com/assets/logos/mubawab.png; https://www.mubawab-media.com/assets/common/loading.gif; https://www.mubawab-media.com/ad/8/233/302F/h/5a657ce6-0d20-4fb0-a35a-4045d0c5dc19_81214032.avif; https://www.mubawab-media.com/ad/8/233/302F/h/a811ac8a-1329-4d7b-8b38-c85fc4a69ca4_81214033.avif; https://www.mubawab-media.com/ad/8/233/302F/h/ff9222a4-2fa4-440e-a472-ba3172941044_81214034.avif; https://www.mubawab-media.com/ad/8/233/302F/h/f00847e0-3783-4d4a-8896-a99f739d4d50_81214035.avif; https://www.mubawab-media.com/ad/8/233/302F/h/273f7627-f1d1-445b-ad6d-24690b31df04_81214036.avif; https://www.mubawab-media.com/ad/8/233/302F/h/2ddad264-3380-405c-8ece-609394283a7e_81214037.avif; https://www.mubawab-media.com/ad/8/233/302F/h/4adebca7-6759-48c0-96fc-4c83930e8016_81214038.avif; https://www.mubawab-media.com/ad/8/233/302F/h/d6d33154-6eff-48f8-8ca5-5555ef34209e_81214039.avif; https://www.mubawab-media.com/ad/8/233/302F/h/ddf63102-be05-4edf-a4ba-c8eefa8e588d_81214040.avif; https://www.mubawab-media.com/ad/8/233/302F/h/4c6fdfd6-c8ff-4161-9477-8a3db7cc2946_81214041.avif; https://www.mubawab-media.com/ad/8/233/302F/h/84348605-b215-4e15-afdb-6689e3bb9fb6_81214042.avif; https://www.mubawab-media.com/ad/8/233/302F/h/b57a039b-b147-4644-a0c6-43ea603e9e6f_81214043.avif; https://www.mubawab-media.com/ad/8/233/302F/h/dd422558-419a-45c0-8370-e5945c8d8845_81214044.avif; https://www.mubawab-media.com/ad/8/233/302F/h/526dac2e-3271-4a5a-8b57-0aef7a85db7d_81214045.avif,"{""type de bien"": ""Maison"", ""surface de la parcelle"": ""300\n\t\t\t\t\t\t\t\tm²"", ""etat"": ""À rénover"", ""années"": ""5-10 ans"", ""nombre d'étages"": ""2""}","{""latitude"": ""36.883333"", ""longitude"": ""10.25""}","{""parking"": ""Oui"", ""jardin"": ""Oui"", ""terrasse"": ""Oui""}","{""etat"": ""Neuf""}","{""formulaire_contact"": ""Disponible""}",2026-02-01T13:05:33.569520,search,True
8047943,A vendre maison de 400 m² sur un terrain de 215 m²,https://www.mubawab.tn/fr/a/8047943/a-vendre-maison-de-400-m%C2%B2-sur-un-terrain-de-215-m%C2%B2,,La Soukra,Borj Louzir,"Borj Louzir, La Soukra",Maison,Vente,320000.0,320 000 TND,320000.0,400.0,"400
						m²",4,3,0,,,,,"Cette demeure est une opportunité pour la transformer en une propriété exceptionnelle sur deux étages, située dans un quartier recherché . Elle est parfaite pour un investissement à fort potentiel. Une excellente opportunité pour ajouter votre touche personnelle et augmenter ça valeur, elle n'attend","Cette demeure est une opportunité pour la transformer en une propriété exceptionnelle sur deux étages, située dans un quartier recherché . Elle est parfaite pour un investissement à fort potentiel. Une excellente opportunité pour ajouter votre touche personnelle et augmenter ça valeur, elle n'attend que vos idées de rénovations. Un studio est disponible déjà loué",Terrasse; Garage,Garage; Terrasse,Terrasse; Garage,https://www.mubawab-media.com/assets/logos/mubawab.png; https://www.mubawab-media.com/assets/common/loading.gif; https://www.mubawab-media.com/ad/8/047/943F/h/1d7e0a07-d08e-4a48-a11f-919be63af48b_79337141.avif; https://www.mubawab-media.com/ad/8/047/943F/h/5bff3fe6-8586-4086-92da-6fb139337b40_79337142.avif; https://www.mubawab-media.com/ad/8/047/943F/h/10e4a59f-6f10-4118-86f2-8f2f53d78c6c_79337143.avif; https://www.mubawab-media.com/ad/8/047/943F/h/301e7548-ab0b-48a4-97b0-75de0cb94511_79337144.avif; https://www.mubawab-media.com/business/11/185F/s/398472612_122100412358099810_2590122473257359148_n_81230410.avif; https://www.mubawab-media.com/ad/8/145/421F/m/496927090_122104744028864180_2272730811919880806_n_80302406.avif; https://www.mubawab-media.com/assets/common/banks/atijjaribank.png; https://www.mubawab-media.com/assets/common/app-store/google-play-small.png; https://www.mubawab-media.com/assets/common/app-store/app-store-small.png,"{""type de bien"": ""Maison"", ""etat"": ""À rénover"", ""années"": ""10-20 ans"", ""orientation"": ""Est"", ""type du sol"": ""Carrelage""}","{""latitude"": ""36.883333"", ""longitude"": ""10.25""}","{""parking"": ""Oui"", ""terrasse"": ""Oui""}","{""etat"": ""Neuf""}","{""formulaire_contact"": ""Disponible""}",2026-02-01T13:05:33.578000,search,True
8226768,Lot d'investissement Rentable Soukra,https://www.mubawab.tn/fr/a/8226768/lot-d-investissement-rentable-soukra,,La Soukra,Cité de l'aéroport,"Cité de l'aéroport, La Soukra",Maison,Vente,550000.0,550 000 TND,550000.0,275.0,"275
						m²",5,12,0,,,,,"Lot d'Investissement Rentable - Soukra / Rue de l'Aéroport Localisation : Rue de l'Aéroport, Soukra - Quartier Aziza Nahj El Matar. Emplacement stratégique et très fréquenté. Descriptif du Bien : Nous présentons un lot exceptionnel parfait pour un investissement locatif immédiat. Ce bien se co","Lot d'Investissement Rentable - Soukra / Rue de l'AéroportLocalisation : Rue de l'Aéroport, Soukra - Quartier Aziza Nahj El Matar. Emplacement stratégique et très fréquenté.Descriptif du Bien : Nous présentons un lot exceptionnel parfait pour un investissement locatif immédiat. Ce bien se compose de 4 appartements de type S3 et d'un local commercial, le tout sur une surface totale de 275 m².Composition du Lot :Rez-de-chaussée :1 grand appartement S31 appartement S31 local commercialPremier étage :2 appartements S3Opportunité d'Investissement :Potentiel de Rendement : Ce lot offre un potentiel de revenu locatif mensuel minimum de2 000 DT, assurant une excellente rentabilité.Projet Clé en Main : Idéal pour les investisseurs recherchant un projet diversifié, alliant l'immobilier d'habitation et commercial.Emplacement Prisé : Situé dans un quartier dynamique près de l'aéroport, garantissant une forte demande locative.Prix de Vente : 550 000 DTPour plus d'informations ou pour organiser une visite :NOVUM IMMO55028909-55028101-31482711",Jardin; Terrasse; Entre-seul; Antenne parabolique,Terrasse; Jardin,Jardin; Terrasse; Entre-seul; Antenne parabolique,https://www.mubawab-media.com/assets/logos/mubawab.png; https://www.mubawab-media.com/assets/common/loading.gif; https://www.mubawab-media.com/ad/8/226/768F/h/4_81141408.avif; https://www.mubawab-media.com/ad/8/226/768F/h/7_81141409.avif; https://www.mubawab-media.com/ad/8/226/768F/h/1_81141410.avif; https://www.mubawab-media.com/ad/8/226/768F/h/2_81141411.avif; https://www.mubawab-media.com/ad/8/226/768F/h/3_81141412.avif; https://www.mubawab-media.com/ad/8/226/768F/h/5_81141413.avif; https://www.mubawab-media.com/ad/8/226/768F/h/6_81141414.avif; https://www.mubawab-media.com/ad/8/226/768F/h/8_81141415.avif; https://www.mubawab-media.com/ad/8/226/768F/h/9_81141416.avif; https://www.mubawab-media.com/ad/8/226/768F/h/10_81141417.avif; https://www.mubawab-media.com/business/13/323F/s/WhatsApp%20Image%202025-12-06%20at%2021.59.51_81582789.avif; https://www.mubawab-media.com/ad/7/906/143F/m/d0d2df5f-4240-42e3-b784-fb45eba080ee_GF_74347242.avif,"{""type de bien"": ""Maison"", ""etat"": ""Bon état / habitable"", ""années"": ""10-20 ans"", ""nombre d'étages"": ""1""}","{""latitude"": ""36.883333"", ""longitude"": ""10.25""}","{""jardin"": ""Oui"", ""terrasse"": ""Oui""}","{""etat"": ""Neuf""}","{""formulaire_contact"": ""Disponible""}",2026-02-01T13:05:33.595341,search,True
8221254,Titre bleu,https://www.mubawab.tn/fr/a/8221254/titre-bleu,,La Soukra,La Soukra,"La Soukra, La Soukra",Maison,Vente,0,Prix à consulter,0,150.0,"150
						m²",4,3,1,,,,,"Appartement à vendre au premier étage d'une superficie de 150 mètres carrés se compose de 3 chambres à coucher, un salon, une salle de bain et une cuisine avec un balcon de 32 mètres carrés donnant sur la rue principale. Sa façade mesure 8m40 et il est possible de changer son usage de résidentiel à","Appartement à vendre au premier étage d'une superficie de 150 mètres carrés se compose de 3 chambres à coucher, un salon, une salle de bain et une cuisine avec un balcon de 32 mètres carrés donnant sur la rue principale.Sa façade mesure 8m40 et il est possible de changer son usage de résidentiel à commercial.Excellente opportunité située sur la rue Union du Maghreb Arabe à Ariana, avec l'avantage d'une facture d'électricité gratuite en photovoltaïque.",Terrasse; Balcon,Terrasse; Balcon,Terrasse,https://www.mubawab-media.com/assets/logos/mubawab.png; https://www.mubawab-media.com/assets/common/loading.gif; https://www.mubawab-media.com/ad/8/221/254F/h/IMG-20210621-WA0005_81082658.avif; https://www.mubawab-media.com/ad/8/289/220F/m/1000002687_81814320.avif; https://www.mubawab-media.com/ad/8/207/360F/m/1000002686_80934146.avif; https://www.mubawab-media.com/assets/common/banks/atijjaribank.png; https://www.mubawab-media.com/assets/common/app-store/google-play-small.png; https://www.mubawab-media.com/assets/common/app-store/app-store-small.png,"{""type de bien"": ""Maison"", ""etat"": ""Bon état / habitable"", ""nombre d'étages"": ""1""}","{""latitude"": ""36.87422064196062"", ""longitude"": ""10.239330479315568""}","{""terrasse"": ""Oui""}","{""etat"": ""Neuf""}","{""formulaire_contact"": ""Disponible""}",2026-02-01T13:05:33.601972,search,True
8194043,Appartement S2,https://www.mubawab.tn/fr/a/8194043/appartement-s2,,La Soukra,La Soukra,"La Soukra, La Soukra",Maison,Vente,360000.0,360 000 TND,360000.0,105.0,"105
						m²",2,2,1,2022,,,,"À Vendre Appartement S2 Haut Standing – Résidence R2 à La Soukra DS Reality vous propose à la vente un élégant appartement S2 d’une superficie de 105 m², situé au 1er étage d’une résidence R2 haut standing, récemment construite (année 2022), dans un quartier calme et bien desservi à La Soukra.","À Vendre Appartement S2 Haut Standing – Résidence R2 à La SoukraDS Reality vous propose à la vente un élégant appartement S2 d’une superficie de 105 m², situé au 1er étage d’une résidence R2 haut standing, récemment construite (année 2022), dans un quartier calme et bien desservi à La Soukra.Caractéristiques principales :Superficie totale : 105 m²Titre foncier individuel disponibleSalon lumineux avec accès à un balconCuisine entièrement équipée : plaque, hotte, four séchoir attenantDeux chambres à coucher avec avec dressing intégréSalle de bain moderne4 climatiseurs déjà installésChauffage centralPlace de parking privative à l’intérieur de la résidence",Terrasse; Garage; Chauffage central; Cuisine équipée; Four; Balcon,Chauffage central; Cuisine équipée; Garage; Terrasse; Balcon,Terrasse; Garage; Chauffage central; Cuisine équipée; Four,https://www.mubawab-media.com/assets/logos/mubawab.png; https://www.mubawab-media.com/assets/common/loading.gif; https://www.mubawab-media.com/ad/8/194/043F/h/542716786_1320266482999302_9215885585183052718_n_81034124.avif; https://www.mubawab-media.com/ad/8/194/043F/h/thumb_1140009_property_large_80804741.avif; https://www.mubawab-media.com/ad/8/194/043F/h/544906900_1320266649665952_9084440061658361372_n_81034125.avif; https://www.mubawab-media.com/ad/8/194/043F/h/thumb_1140008_property_large_80804740.avif; https://www.mubawab-media.com/ad/8/194/043F/h/thumb_1140004_property_large_80804737.avif; https://www.mubawab-media.com/ad/8/194/043F/h/thumb_1140005_property_large_80804738.avif; https://www.mubawab-media.com/ad/8/194/043F/h/542495331_1320266586332625_2824800793182745881_n_81034126.avif; https://www.mubawab-media.com/ad/8/194/043F/h/thumb_1140006_property_large_80804739.avif; https://www.mubawab-media.com/ad/8/194/043F/h/543431659_1320266486332635_1600803659688759312_n_81034127.avif; https://www.mubawab-media.com/ad/8/194/043F/h/542691319_1320266576332626_648693893023920792_n_81034128.avif; https://www.mubawab-media.com/business/9/178F/s/DS%20Reality_79678597.avif; https://www.mubawab-media.com/ad/8/285/050F/m/thumb_1223779_property_xlarge_81770498.avif,"{""type de bien"": ""Maison"", ""etat"": ""Bon état / habitable""}","{""latitude"": ""36.883333"", ""longitude"": ""10.25""}","{""parking"": ""Oui"", ""terrasse"": ""Oui""}","{""annee_construction"": 2022, ""etat"": ""Neuf""}","{""formulaire_contact"": ""Disponible""}",2026-02-01T13:05:33.609972,search,True
8214322,Villa inachevée à vendre à La Soukra,https://www.mubawab.tn/fr/a/8214322/villa-inachev%C3%A9e-%C3%A0-vendre-%C3%A0-la-soukra,,La Soukra,La Soukra,"La Soukra, La Soukra",Villa,Vente,0,Prix à consulter,0,300.0,"300
						m²",0,3,0,,,,,"New Key La Soukra met à la vente une villa inachevée S3 située dans l'un des plus beaux quartiers de la Soukra.Un quartier résidentiel, calme, privatif et avec un bon voisinage.On y trouve un jardin d'entrée, un spacieux salon lumineux et une salle à manger donnant sur la terrasse et un grand jardin","New Key La Soukra met à la vente une villa inachevée S3 située dans l'un des plus beaux quartiers de la Soukra.Un quartier résidentiel, calme, privatif et avec un bon voisinage.On y trouve un jardin d'entrée, un spacieux salon lumineux et une salle à manger donnant sur la terrasse et un grand jardin.Une grande cuisine et une salle d'eau invités.L'étage présente la partie nuit avec une Master suite et 02 suites juniors.02 Villas jumelées inchevées identiques.Possibilité de les vendres finiesRéférence du bien: Ref8252a",Jardin; Terrasse,Terrasse; Jardin,Jardin; Terrasse,https://www.mubawab-media.com/assets/logos/mubawab.png; https://www.mubawab-media.com/assets/common/loading.gif; https://www.mubawab-media.com/ad/8/214/322F/h/thumb_1135737_property_xlarge_81009052.avif; https://www.mubawab-media.com/business/8/390F/s/173569684_3743946405703280_2342906483815680692_n_12649711.avif; https://www.mubawab-media.com/ad/7/941/270F/m/sous-sol-comm_77422390.avif; https://www.mubawab-media.com/ad/8/212/588F/m/thumb_1141057_property_xlarge_80990224.avif; https://www.mubawab-media.com/ad/8/292/053F/m/WhatsApp%20Image%202025-12-29%20at%2014.04.29%20%287%29_81844042.avif; https://www.mubawab-media.com/ad/8/098/597F/m/thumb_1239999_property_xlarge_81795452.avif; https://www.mubawab-media.com/assets/common/banks/atijjaribank.png; https://www.mubawab-media.com/assets/common/app-store/google-play-small.png; https://www.mubawab-media.com/assets/common/app-store/app-store-small.png,"{""type de bien"": ""Maison""}","{""latitude"": ""36.88833"", ""longitude"": ""10.27417""}","{""jardin"": ""Oui"", ""terrasse"": ""Oui""}","{""etat"": ""Neuf""}","{""formulaire_contact"": ""Disponible""}",2026-02-01T13:07:25.204233,search,True
8211683,Maison s3 dar fadhal La Soukra,https://www.mubawab.tn/fr/a/8211683/maison-s3-dar-fadhal-la-soukra,,La Soukra,Dar Fadhal,"Dar Fadhal, La Soukra",Dar,Vente,145000.0,145 000 TND,145000.0,140.0,"140
						m²",4,3,1,,,,,"À Vendre – Maisonnette à Dar Fadhal, La Soukra Nous mettons à votre disposition une jolie maisonnette située dans un quartier calme et recherché à Dar Fadhal – La Soukra. Composition : Rez-de-chaussée : un grand salon lumineux, un séjour et une cuisine séparée 1er étage : trois chambres","À Vendre – Maisonnette à Dar Fadhal, La SoukraNous mettons à votre disposition une jolie maisonnette située dans un quartier calme et recherché à Dar Fadhal – La Soukra.Composition :Rez-de-chaussée : un grand salon lumineux, un séjour et une cuisine séparée1er étage : trois chambres à coucher une salle de bain commune2ᵉ me étage : Un débarras et une terrasseConfort : équipée du gaz de ville et chauffage centralAtouts :Possibilité de construire jusqu’à 2 étages supplémentairesTitre foncier individuel disponibleSuperficie totale : 70 m²Prix : 145 000 DTPour plus d’informations ou pour organiser une visite, contactez le 52242006",Terrasse; Chambre rangement; Chauffage central,Chauffage central; Terrasse,Terrasse; Chambre rangement; Chauffage central,https://www.mubawab-media.com/assets/logos/mubawab.png; https://www.mubawab-media.com/assets/common/loading.gif; https://www.mubawab-media.com/ad/8/211/683F/h/8855_80981671.avif; https://www.mubawab-media.com/business/7/868F/s/1602782501699_logo%20houssem.avif; https://www.mubawab-media.com/ad/8/209/769F/m/photo_00_80961428.avif; https://www.mubawab-media.com/assets/common/banks/atijjaribank.png; https://www.mubawab-media.com/assets/common/app-store/google-play-small.png; https://www.mubawab-media.com/assets/common/app-store/app-store-small.png,"{""type de bien"": ""Maison"", ""surface de la parcelle"": ""70\n\t\t\t\t\t\t\t\tm²"", ""etat"": ""Bon état / habitable"", ""années"": ""10-20 ans"", ""orientation"": ""Sud"", ""type du sol"": ""Carrelage"", ""nombre d'étages"": ""2""}","{""latitude"": ""36.883333"", ""longitude"": ""10.25""}","{""terrasse"": ""Oui""}","{""etat"": ""Neuf""}","{""formulaire_contact"": ""Disponible""}",2026-02-01T13:07:25.209263,search,True
8209769,Très belle maison en vente à Cité El Mansoura. Surface total...,https://www.mubawab.tn/fr/a/8209769/tr%C3%A8s-belle-maison-en-vente-%C3%A0-cit%C3%A9-el-mansoura-surface-totale-100-m%C2%B2-fen%C3%AAtres-double-vitrage,,La Soukra,Cité El Mansoura,"Cité El Mansoura, La Soukra",Maison,Vente,140000.0,140 000 TND,140000.0,100.0,"100
						m²",0,4,0,,,,,"Occasion à saisir pour cette maison à vendre. Prix 140 000 TND. 4 chambres à coucher, 2 salles de bains, 100 m². Bon état. Calme garanti avec double vitrage. Venez découvrir cette maison à vendre à Cité El Mansoura, La Soukra. Superbe terrasse","Occasion à saisir pour cette maison à vendre. Prix 140 000 TND. 4 chambres à coucher, 2 salles de bains, 100 m². Bon état. Calme garanti avec double vitrage.Venez découvrir cette maison à vendre à Cité El Mansoura, La Soukra. Superbe terrasse.",Terrasse; Double vitrage,Double vitrage; Terrasse,Terrasse; Double vitrage,https://www.mubawab-media.com/assets/logos/mubawab.png; https://www.mubawab-media.com/assets/common/loading.gif; https://www.mubawab-media.com/ad/8/209/769F/h/photo_00_80961428.avif; https://www.mubawab-media.com/ad/8/209/769F/h/photo_01_80961429.avif; https://www.mubawab-media.com/ad/8/209/769F/h/photo_02_80961430.avif; https://www.mubawab-media.com/ad/8/209/769F/h/photo_03_80961431.avif; https://www.mubawab-media.com/ad/8/209/769F/h/photo_04_80961432.avif; https://www.mubawab-media.com/ad/8/209/769F/h/photo_05_80961433.avif; https://www.mubawab-media.com/ad/8/209/769F/h/photo_06_80961434.avif; https://www.mubawab-media.com/ad/8/209/769F/h/photo_07_80961435.avif; https://www.mubawab-media.com/ad/8/209/769F/h/photo_08_80961436.avif; https://www.mubawab-media.com/ad/8/209/769F/h/photo_09_80961437.avif; https://www.mubawab-media.com/ad/8/209/769F/h/photo_010_80961438.avif; https://www.mubawab-media.com/ad/8/211/683F/m/8855_80981671.avif,"{""type de bien"": ""Maison"", ""etat"": ""Bon état / habitable"", ""nombre d'étages"": ""2""}","{""latitude"": ""36.876689520899774"", ""longitude"": ""10.199382534808375""}","{""terrasse"": ""Oui""}","{""etat"": ""Neuf""}","{""formulaire_contact"": ""Disponible""}",2026-02-01T13:07:25.214273,search,True
8207360,Maison située à soukra,https://www.mubawab.tn/fr/a/8207360/maison-situ%C3%A9e-%C3%A0-soukra,,La Soukra,Mosque Erraoudha,"Mosque Erraoudha, La Soukra",Maison,Vente,0,Prix à consulter,0,200.0,"200
						m²",2,3,1,,,,,Cette maison est située sur un emplacement stratégique et sécurisé près du mosquée El Rawdha,Cette maison est située sur un emplacement stratégique et sécurisé près du mosquée El Rawdha,Jardin,Jardin,Jardin,https://www.mubawab-media.com/assets/logos/mubawab.png; https://www.mubawab-media.com/assets/common/loading.gif; https://www.mubawab-media.com/ad/8/207/360F/h/1000002686_80934146.avif; https://www.mubawab-media.com/ad/8/207/360F/h/1000002684_80934147.avif; https://www.mubawab-media.com/ad/8/207/360F/h/1000002685_80934145.avif; https://www.mubawab-media.com/ad/8/207/360F/h/1000002687_80934148.avif; https://www.mubawab-media.com/ad/8/207/360F/h/1000002683_80934149.avif; https://www.mubawab-media.com/ad/8/289/220F/m/1000002687_81814320.avif; https://www.mubawab-media.com/ad/8/221/254F/m/IMG-20210621-WA0005_81082658.avif; https://www.mubawab-media.com/assets/common/banks/atijjaribank.png; https://www.mubawab-media.com/assets/common/app-store/google-play-small.png; https://www.mubawab-media.com/assets/common/app-store/app-store-small.png,"{""type de bien"": ""Maison"", ""etat"": ""Bon état / habitable"", ""années"": ""20-30 ans"", ""orientation"": ""Est"", ""type du sol"": ""Carrelage"", ""nombre d'étages"": ""1""}","{""latitude"": ""36.883333"", ""longitude"": ""10.25""}","{""jardin"": ""Oui""}","{""etat"": ""Neuf""}","{""formulaire_contact"": ""Disponible""}",2026-02-01T13:07:25.219893,search,True
8048367,Petit immeuble avec 4 apparts à La Soukra,https://www.mubawab.tn/fr/a/8048367/petit-immeuble-avec-4-apparts-%C3%A0-la-soukra,,La Soukra,La Soukra,"La Soukra, La Soukra",Maison,Vente,440000.0,440 000 TND,440000.0,240.0,"240
						m²",10,4,0,,,,,Idéal pour investissement!! L'Agence Immobilière Good Life vous propose à la vente un petit immeuble érigé sur deux niveaux indépendants sur un terrain de 150 m² à La Soukra près du Parc de la Saoukra. la valeur locative de ce bien est autour de 2100dt/mois en loyers. Ce bien est situé près d,"Idéal pour investissement!!L'Agence Immobilière Good Life vous propose à la vente un petit immeuble érigé sur deux niveaux indépendants sur un terrain de 150 m² à La Soukra près du Parc de la Saoukra.la valeur locative de ce bien est autour de 2100dt/mois en loyers.Ce bien est situé près de l’hôpital Monji Slim, de l'hypermarché Carrefour ainsi que l'université UTC.Chaque étage se compose d'un S2 et un studio et est muni de compteurs eau, électricité et gaz.Le rez-de-chaussée se compose d'un studio et d'un appartement en S2, chacun avec son entrée indépendante.Un escalier mène vers le toit terrasse avec la possibilité de bâtir un 2ème étage.Le bien est neuf et est construit en 2015.Pour plus d'information ou visite, n'hésitez pas à contacter votre conseillère en immobilier Dorsaf NOMANE au 28910850 par tél ou WhatsApp.",Terrasse; Cuisine équipée; Four,Cuisine équipée; Terrasse,Terrasse; Cuisine équipée; Four,https://www.mubawab-media.com/assets/logos/mubawab.png; https://www.mubawab-media.com/assets/common/loading.gif; https://www.mubawab-media.com/ad/8/048/367F/h/1_79404574.avif; https://www.mubawab-media.com/ad/8/048/367F/h/2_79404575.avif; https://www.mubawab-media.com/ad/8/048/367F/h/3_79404576.avif; https://www.mubawab-media.com/ad/8/048/367F/h/4_79404577.avif; https://www.mubawab-media.com/ad/8/048/367F/h/5_79404578.avif; https://www.mubawab-media.com/ad/8/048/367F/h/6_79404579.avif; https://www.mubawab-media.com/ad/8/048/367F/h/7_79404580.avif; https://www.mubawab-media.com/ad/8/048/367F/h/8_79404581.avif; https://www.mubawab-media.com/ad/8/048/367F/h/9_79404582.avif; https://www.mubawab-media.com/ad/8/048/367F/h/10_79404583.avif; https://www.mubawab-media.com/business/6/630F/s/Sans%20titre%20%284%29_13995753.avif; https://www.mubawab-media.com/ad/8/285/050F/m/thumb_1223779_property_xlarge_81770498.avif,"{""type de bien"": ""Maison"", ""etat"": ""Bon état / habitable"", ""années"": ""5-10 ans""}","{""latitude"": ""36.883333"", ""longitude"": ""10.25""}","{""etage"": ""2"", ""terrasse"": ""Oui""}","{""annee_construction"": 2015, ""etat"": ""Neuf""}","{""formulaire_contact"": ""Disponible""}",2026-02-01T13:07:25.225906,search,True
8109108,"Une villa individuelle avec piscine, chotrana 2",https://www.mubawab.tn/fr/a/8109108/une-villa-individuelle-avec-piscine-chotrana-2,,La Soukra,Chotrana 1,"Chotrana 1, La Soukra",Villa,Vente,0,Prix à consulter,0,450.0,"450
						m²",5,5,0,,,,,A vendre à Chotrana 2 une villa s5 de 450m² couvert et 880 m2 jardin sis dans un quartier calme. Elle est composée au RDC d’un salon lumineux grâce au baie vitrée qui enveloppe l’espace avec un accès au jardin d’une cuisine agencée et équipée d’une chambre de service et d’une salle d’eau invités. Le,A vendre à Chotrana 2 une villa s5 de 450m² couvert et 880 m2 jardin sis dans un quartier calme. Elle est composée au RDC d’un salon lumineux grâce au baie vitrée qui enveloppe l’espace avec un accès au jardin d’une cuisine agencée et équipée d’une chambre de service et d’une salle d’eau invités. Le 1er étage est réservé à la partie nuit composé d’une suite équipée par sa propre salle d’eau et trois chambres à coucher qui partagent une salle de bain. Jardin Piscine Un garage pour 3 voitures ️Pour plus d’informations veuillez contacter le 29 622 041/ 29 622 212,Jardin; Terrasse; Garage; Piscine; Chambre rangement; Climatisation; Chauffage central; Sécurité; Double vitrage; Porte blindée; Cuisine équipée,Climatisation; Chauffage central; Sécurité; Double vitrage; Porte blindée; Cuisine équipée; Garage; Terrasse; Jardin; Piscine,Jardin; Terrasse; Garage; Piscine; Chambre rangement; Climatisation; Chauffage central; Sécurité; Double vitrage; Porte blindée; Cuisine équipée,https://www.mubawab-media.com/assets/logos/mubawab.png; https://www.mubawab-media.com/assets/common/loading.gif; https://www.mubawab-media.com/ad/8/109/108F/h/thumb_1037278_property_large_79934975.avif; https://www.mubawab-media.com/business/7/082F/s/61374084_830453034022117_1808585804650381312_n_10395952.avif; https://www.mubawab-media.com/ad/7/941/270F/m/sous-sol-comm_77422390.avif; https://www.mubawab-media.com/ad/8/098/597F/m/thumb_1239999_property_xlarge_81795452.avif; https://www.mubawab-media.com/ad/8/294/188F/m/c7316496-f4cf-4587-943e-0904268bb6d4_81866229.avif; https://www.mubawab-media.com/ad/8/211/984F/m/thumb_1157879_property_large_80984260.avif; https://www.mubawab-media.com/assets/common/banks/atijjaribank.png; https://www.mubawab-media.com/assets/common/app-store/google-play-small.png; https://www.mubawab-media.com/assets/common/app-store/app-store-small.png,"{""type de bien"": ""Maison"", ""surface de la parcelle"": ""880\n\t\t\t\t\t\t\t\tm²"", ""etat"": ""Bon état / habitable"", ""années"": ""5-10 ans"", ""orientation"": ""Sud"", ""nombre d'étages"": ""2""}","{""latitude"": ""36.883333"", ""longitude"": ""10.25""}","{""parking"": ""Oui"", ""climatisation"": ""Oui"", ""securite"": ""Oui"", ""piscine"": ""Oui"", ""jardin"": ""Oui"", ""terrasse"": ""Oui""}","{""etat"": ""Neuf""}","{""formulaire_contact"": ""Disponible""}",2026-02-01T13:07:25.233984,search,True
8172172,Villa de maitre à vendre à la soukra,https://www.mubawab.tn/fr/a/8172172/villa-de-maitre-%C3%A0-vendre-%C3%A0-la-soukra,,La Soukra,Aéroport Tunis Carthage,"Aéroport Tunis Carthage, La Soukra",Villa,Vente,0,Prix à consulter,0,4943.0,"4943
						m²",2,2,1,,,,,L’agence immobilière GLMK vous propose à la Vente une Villa de maitre à Soukra Emplacement : Soukra Type : Villa. Typologie : S5 Superficie terrain: 4943m² Composition : RDC Hall d’entrée Un Grand Salon salle à manger Un Séjour Une suite parentale avec dressing et salle de bain Cuis,L’agence immobilière GLMK vous propose à la Vente une Villa de maitre à SoukraEmplacement : SoukraType : Villa.Typologie : S5Superficie terrain: 4943m²Composition :RDCHall d’entréeUn Grand Salon salle à mangerUn SéjourUne suite parentale avec dressing et salle de bainCuisine bien équipée avec terrasse et un cellierUne chambre de service avec dressig et salle de bainUne salle d’eauRDJUne suite pour les invités avec dressing et salle de bainMezzanineDeux Chambre à couchers avec dressingUne salle de bain communeSuite Parentale avec dressing et salle de bainExtérieur :un grand jardin gazonnéDes Arbres fruitésUne Grande Piscineun puis agé de 100 ansMejelUn grage pour deux voituresUn grand parkingUn studio composé de deux chambres et cuisine pour le gardien_ photovoltaique_ Climatisation centrale_ Chauffage centrale_ CheminéContact agence : 50 133 262 /50 137 422GLMK HOME & CIEAdresse : rue des emeraudes Lac 2,Jardin; Terrasse; Garage; Piscine; Concierge; Entre-seul; Climatisation; Chauffage central; Cuisine équipée; Réfrigérateur; Four; Machine à laver; Micro-ondes,Concierge; Climatisation; Chauffage central; Cuisine équipée; Garage; Terrasse; Jardin; Piscine,Jardin; Terrasse; Garage; Piscine; Concierge; Entre-seul; Climatisation; Chauffage central; Cuisine équipée; Réfrigérateur; Four; Machine à laver; Micro-ondes,https://www.mubawab-media.com/assets/logos/mubawab.png; https://www.mubawab-media.com/assets/common/loading.gif; https://www.mubawab-media.com/ad/8/172/172F/h/thumb_1118361_property_large_80583211.avif; https://www.mubawab-media.com/ad/8/172/172F/h/thumb_1118359_property_large_80583201.avif; https://www.mubawab-media.com/ad/8/172/172F/h/thumb_1118358_property_large_80583202.avif; https://www.mubawab-media.com/ad/8/172/172F/h/thumb_1118357_property_large_80583203.avif; https://www.mubawab-media.com/ad/8/172/172F/h/thumb_1118356_property_large_80583204.avif; https://www.mubawab-media.com/ad/8/172/172F/h/thumb_1118355_property_large_80583205.avif; https://www.mubawab-media.com/ad/8/172/172F/h/thumb_1118353_property_large_80583206.avif; https://www.mubawab-media.com/ad/8/172/172F/h/thumb_1118352_property_large_80583207.avif; https://www.mubawab-media.com/ad/8/172/172F/h/thumb_1118351_property_large_80583208.avif; https://www.mubawab-media.com/ad/8/172/172F/h/thumb_1118360_property_large_80583209.avif; https://www.mubawab-media.com/ad/8/172/172F/h/thumb_1118330_property_large_80583210.avif; https://www.mubawab-media.com/ad/8/172/172F/h/thumb_1118369_property_large_80583212.avif; https://www.mubawab-media.com/ad/8/172/172F/h/thumb_1118368_property_large_80583213.avif; https://www.mubawab-media.com/ad/8/172/172F/h/thumb_1118367_property_large_80583214.avif,"{""type de bien"": ""Maison"", ""etat"": ""Bon état / habitable""}","{""latitude"": ""36.883333"", ""longitude"": ""10.25""}","{""parking"": ""Oui"", ""climatisation"": ""Oui"", ""concierge"": ""Oui"", ""piscine"": ""Oui"", ""jardin"": ""Oui"", ""terrasse"": ""Oui""}","{""etat"": ""Neuf""}","{""formulaire_contact"": ""Disponible""}",2026-02-01T13:07:25.240731,search,True
8162571,Un duplex S3,https://www.mubawab.tn/fr/a/8162571/un-duplex-s3,,La Soukra,Chotrana 1,"Chotrana 1, La Soukra",Duplex,Vente,860000.0,860 000 TND,860000.0,190.0,"190
						m²",4,3,0,,,,,"Ds Reality met à votre disposition à la vente un duplex S3 d’une superficie 190m2 bâti et 35 m2 jardin dans une résidence R2 à la soukra Chotrana 1 , il se compose : *Rez-de-chaussée : - Un spacieux salon salle à manger ouvrant à un espace de jardin -Une cuisine équipée par plaque hotte four","Ds Reality met à votre disposition à la vente un duplex S3 d’une superficie 190m2 bâti et 35 m2 jardin dans une résidence R2 à la soukra Chotrana 1 , il se compose :*Rez-de-chaussée :- Un spacieux salon salle à manger ouvrant à un espace de jardin-Une cuisine équipée par plaque hotte four-Une salle d’eau d’invitéPartie nuit:-Une suite parentale avec dressing-Deux chambres à coucher l’un avec balcon-Une salle de bain commune-La climatisation split et chauffage central-Deux place de parking sous-sol",Jardin; Terrasse; Garage; Ascenseur; Concierge; Entre-seul; Climatisation; Chauffage central; Sécurité; Double vitrage; Porte blindée; Cuisine équipée; Four; Balcon,Ascenseur; Concierge; Climatisation; Chauffage central; Sécurité; Double vitrage; Porte blindée; Cuisine équipée; Garage; Terrasse; Jardin; Balcon,Jardin; Terrasse; Garage; Ascenseur; Concierge; Entre-seul; Climatisation; Chauffage central; Sécurité; Double vitrage; Porte blindée; Cuisine équipée; Four,https://www.mubawab-media.com/assets/logos/mubawab.png; https://www.mubawab-media.com/assets/common/loading.gif; https://www.mubawab-media.com/ad/8/162/571F/h/IMG_7437_80485776.avif; https://www.mubawab-media.com/ad/8/162/571F/h/IMG_7429_80485777.avif; https://www.mubawab-media.com/ad/8/162/571F/h/IMG_7428_80485778.avif; https://www.mubawab-media.com/ad/8/162/571F/h/IMG_7430_80485779.avif; https://www.mubawab-media.com/ad/8/162/571F/h/IMG_7431_80485780.avif; https://www.mubawab-media.com/ad/8/162/571F/h/IMG_7432_80485781.avif; https://www.mubawab-media.com/ad/8/162/571F/h/IMG_7434_80485782.avif; https://www.mubawab-media.com/ad/8/162/571F/h/IMG_7435_80485783.avif; https://www.mubawab-media.com/ad/8/162/571F/h/IMG_7438_80485784.avif; https://www.mubawab-media.com/ad/8/162/571F/h/IMG_7443_80485785.avif; https://www.mubawab-media.com/ad/8/162/571F/h/IMG_7444_80485786.avif; https://www.mubawab-media.com/ad/8/162/571F/h/IMG_7445_80485787.avif; https://www.mubawab-media.com/ad/8/162/571F/h/IMG_7446_80485788.avif; https://www.mubawab-media.com/ad/8/162/571F/h/IMG_7447_80485789.avif,"{""type de bien"": ""Maison"", ""etat"": ""Bon état / habitable""}","{""latitude"": ""36.896544"", ""longitude"": ""10.217961""}","{""parking"": ""Oui"", ""ascenseur"": ""Oui"", ""climatisation"": ""Oui"", ""concierge"": ""Oui"", ""securite"": ""Oui"", ""jardin"": ""Oui"", ""terrasse"": ""Oui""}","{""etat"": ""Neuf""}","{""formulaire_contact"": ""Disponible""}",2026-02-01T13:07:25.256315,search,True
8110325,A vendre Villa Jumelée à Soukra Chotrana 3,https://www.mubawab.tn/fr/a/8110325/a-vendre-villa-jumel%C3%A9e-%C3%A0-soukra-chotrana-3,,La Soukra,Chotrana 3,"Chotrana 3, La Soukra",Villa,Vente,850000.0,850 000 TND,850000.0,400.0,"400
						m²",4,3,0,,,,,"Agence Darcom Tunisia vous propose à la vente une villa jumelée ayant une superficie bâtie de 400 m² située dans un bon emplacement à Chotrana 3 la Soukra. La villa est répartie sur trois niveaux . Rez de chausséé composé d’un salon ,salle à manger avec Terrasse donnat sur le jardin, une cuis","Agence Darcom Tunisia vous propose à la vente une villa jumelée ayant une superficie bâtie de 400 m² située dans un bon emplacement à Chotrana 3 la Soukra.La villa est répartie sur trois niveaux .Rez de chausséé composé d’un salon ,salle à manger avec Terrasse donnat sur le jardin, une cuisine aménagée et équipée (Hotte, Plaque et Four) et une salle d’eau pour invités ainsi qu’un abris pour deux voitures.L'étage est consacré pour la partie nuit qui comprend une suite parentale et deux chambres à coucher qui se partagent une salle de bain.2 Coquette studio en deuxiéme étageLa villa est équipée d’un système central de climatisation et chauffage.N’hésitez pas à contacter nos conseillers pour un rendez-vous.",Jardin; Terrasse; Garage; Chambre rangement; Antenne parabolique; Climatisation; Chauffage central; Cuisine équipée; Four,Climatisation; Chauffage central; Cuisine équipée; Garage; Terrasse; Jardin,Jardin; Terrasse; Garage; Chambre rangement; Antenne parabolique; Climatisation; Chauffage central; Cuisine équipée; Four,https://www.mubawab-media.com/assets/logos/mubawab.png; https://www.mubawab-media.com/assets/common/loading.gif; https://www.mubawab-media.com/ad/8/110/325F/h/thumb_1052164_property_xlarge_79947802.avif; https://www.mubawab-media.com/ad/8/110/325F/h/thumb_1052165_property_xlarge_79947803.avif; https://www.mubawab-media.com/ad/8/110/325F/h/thumb_1052166_property_xlarge_79947804.avif; https://www.mubawab-media.com/ad/8/110/325F/h/thumb_1052167_property_xlarge_79947805.avif; https://www.mubawab-media.com/ad/8/110/325F/h/thumb_1052168_property_xlarge_79947806.avif; https://www.mubawab-media.com/business/8/008F/s/grand_6471550.avif; https://www.mubawab-media.com/ad/8/212/588F/m/thumb_1141057_property_xlarge_80990224.avif; https://www.mubawab-media.com/ad/8/292/053F/m/WhatsApp%20Image%202025-12-29%20at%2014.04.29%20%287%29_81844042.avif; https://www.mubawab-media.com/ad/7/872/801F/m/thumb_783233_property_xlarge_77848422.avif; https://www.mubawab-media.com/ad/8/283/918F/m/jardin_81758998.avif; https://www.mubawab-media.com/assets/common/banks/atijjaribank.png,"{""type de bien"": ""Maison"", ""surface de la parcelle"": ""300\n\t\t\t\t\t\t\t\tm²"", ""etat"": ""Bon état / habitable"", ""années"": ""1-5 ans"", ""type du sol"": ""Parquet"", ""nombre d'étages"": ""2""}","{""latitude"": ""36.883333"", ""longitude"": ""10.25""}","{""parking"": ""Oui"", ""climatisation"": ""Oui"", ""jardin"": ""Oui"", ""terrasse"": ""Oui""}","{""etat"": ""Neuf""}","{""formulaire_contact"": ""Disponible""}",2026-02-01T13:07:25.264961,search,True
8138202,Villa duplex haut standing Soukra,https://www.mubawab.tn/fr/a/8138202/villa-duplex-haut-standing-soukra,,La Soukra,La Soukra,"La Soukra, La Soukra",Villa,Vente,1050000.0,1 050 000 TND,1050000.0,253.0,"253
						m²",4,4,1,,,,,Réf AVM01730 A vendre une villa duplex haut standing R1 Emplacement Soukra Yakout Hamaoui Superficie terrain 253 m² Superficie Bâtit 250 m² Typologie S4 Composition Rez de chaussée Salon salle à manger une salle d’eau d’invités cuisine à l’américaine bien équipée agencée une terrasse piscine avec do,Réf AVM01730 A vendre une villa duplex haut standing R1 Emplacement Soukra Yakout Hamaoui Superficie terrain 253 m² Superficie Bâtit 250 m² Typologie S4 Composition Rez de chaussée Salon salle à manger une salle d’eau d’invités cuisine à l’américaine bien équipée agencée une terrasse piscine avec douche extérieure porte amenant à une cuisine extérieure bien équipée. Premier étage Trois suites terrasse. 4 climatiseurs Chauffage central. Place parking pour 3 voitures. Un petit jardin (80 m²) Prix 1050000dt Contact 20338278 ou 98617607 ou 71717175,Jardin; Terrasse; Garage; Piscine; Chauffage central,Chauffage central; Garage; Terrasse; Jardin; Piscine,Jardin; Terrasse; Garage; Piscine; Chauffage central,https://www.mubawab-media.com/assets/logos/mubawab.png; https://www.mubawab-media.com/assets/common/loading.gif; https://www.mubawab-media.com/ad/8/138/202F/h/thumb_1085428_property_large_80230644.avif; https://www.mubawab-media.com/ad/8/138/202F/h/thumb_1085429_property_large_80230645.avif; https://www.mubawab-media.com/ad/8/138/202F/h/thumb_1085430_property_large_80230646.avif; https://www.mubawab-media.com/business/8/249F/s/unnamed_9038877.avif; https://www.mubawab-media.com/ad/8/265/974F/m/thumb_1219433_property_xlarge_81562900.avif; https://www.mubawab-media.com/ad/8/285/727F/m/thumb_1238372_property_xlarge_81777619.avif; https://www.mubawab-media.com/ad/8/118/749F/m/exterieur_81309311.avif; https://www.mubawab-media.com/ad/7/872/801F/m/thumb_783233_property_xlarge_77848422.avif; https://www.mubawab-media.com/assets/common/banks/atijjaribank.png; https://www.mubawab-media.com/assets/common/app-store/google-play-small.png; https://www.mubawab-media.com/assets/common/app-store/app-store-small.png,"{""type de bien"": ""Maison"", ""etat"": ""Bon état / habitable""}","{""latitude"": ""36.883333"", ""longitude"": ""10.25""}","{""parking"": ""Oui"", ""piscine"": ""Oui"", ""jardin"": ""Oui"", ""terrasse"": ""Oui""}","{""etat"": ""Neuf""}","{""formulaire_contact"": ""Disponible""}",2026-02-01T13:07:25.271016,search,True
8187237,À vendre – Immeuble à Borj Louzir,https://www.mubawab.tn/fr/a/8187237/%C3%A0-vendre-%E2%80%93-immeuble-%C3%A0-borj-louzir,,La Soukra,Borj Louzir,"Borj Louzir, La Soukra",Maison,Vente,360000.0,360 000 TND,360000.0,265.0,"265
						m²",1,2,1,,,,,Une belle opportunité d'investissement ! L’immeuble est composé de 5 studios : 4 unités S1 1 unité S2 Deux compteurs STEG Raccordement au gaz de ville Deux compteurs SONEDE Quartier calme et bien desservi Idéal pour location ou résidence avec revenus locatifs assurés Pour plus d’i,"Une belle opportunité d'investissement !L’immeuble est composé de 5 studios :4 unités S11 unité S2Deux compteurs STEGRaccordement au gaz de villeDeux compteurs SONEDEQuartier calme et bien desserviIdéal pour location ou résidence avec revenus locatifs assurésPour plus d’informations ou une visite, veuillez me contacter par téléphone",,,,https://www.mubawab-media.com/assets/logos/mubawab.png; https://www.mubawab-media.com/assets/common/loading.gif; https://www.mubawab-media.com/ad/8/187/237F/h/IMG-20250717-WA0001_80736086.avif; https://www.mubawab-media.com/ad/8/187/237F/h/IMG-20250717-WA0004_80736087.avif; https://www.mubawab-media.com/ad/8/187/237F/h/IMG-20250717-WA0002_80736090.avif; https://www.mubawab-media.com/ad/8/187/237F/h/IMG-20250717-WA0000_80736088.avif; https://www.mubawab-media.com/ad/8/187/237F/h/IMG-20250717-WA0005_80736089.avif; https://www.mubawab-media.com/ad/8/285/050F/m/thumb_1223779_property_xlarge_81770498.avif; https://www.mubawab-media.com/ad/8/210/967F/m/IMG_1309_80974493.avif; https://www.mubawab-media.com/ad/7/767/688F/m/received_2304025326548902_54860553.avif; https://www.mubawab-media.com/ad/8/047/943F/m/1d7e0a07-d08e-4a48-a11f-919be63af48b_79337141.avif; https://www.mubawab-media.com/assets/common/banks/atijjaribank.png; https://www.mubawab-media.com/assets/common/app-store/google-play-small.png,"{""type de bien"": ""Maison"", ""surface de la parcelle"": ""200\n\t\t\t\t\t\t\t\tm²"", ""etat"": ""Bon état / habitable"", ""type du sol"": ""Carrelage"", ""nombre d'étages"": ""2""}","{""latitude"": ""36.883333"", ""longitude"": ""10.25""}",{},"{""etat"": ""Neuf""}","{""formulaire_contact"": ""Disponible""}",2026-02-01T13:07:25.276016,search,True
8072774,A vendre villa jumèle s 4 avec piscine a la soukra,https://www.mubawab.tn/fr/a/8072774/a-vendre-villa-jum%C3%A8le-s-4-avec-piscine-a-la-soukra,,La Soukra,La Soukra,"La Soukra, La Soukra",Villa,Vente,1100000.0,1 100 000 TND,1100000.0,255.0,"255
						m²",4,4,1,,,,,a vendre villa jumelé surface terrain 255 m2 .surface couverte 245 m2 .rdc salon cuisine ouverte suite amis WC invités vasque invités cuisine de préparation. Garage pour voiture. Terrasse piscine salle d’eau . 2 places de voitures découvertes un petit jardin. A l’étage 3 suites terrasse tisaneri .al,a vendre villa jumelé surface terrain 255 m2 .surface couverte 245 m2 .rdc salon cuisine ouverte suite amis WC invités vasque invités cuisine de préparation. Garage pour voiture. Terrasse piscine salle d’eau . 2 places de voitures découvertes un petit jardin. A l’étage 3 suites terrasse tisaneri .alarme panneau solaire caméra de surveillance interphone connecté,Jardin; Terrasse; Garage; Piscine; Cheminée; Climatisation; Chauffage central; Sécurité; Cuisine équipée; Réfrigérateur; Four; Machine à laver; Alarme; Interphone,Climatisation; Chauffage central; Sécurité; Cuisine équipée; Garage; Terrasse; Jardin; Piscine; Cheminée; Alarme; Interphone,Jardin; Terrasse; Garage; Piscine; Cheminée; Climatisation; Chauffage central; Sécurité; Cuisine équipée; Réfrigérateur; Four; Machine à laver,https://www.mubawab-media.com/assets/logos/mubawab.png; https://www.mubawab-media.com/assets/common/loading.gif; https://www.mubawab-media.com/ad/8/072/774F/h/thumb_991185_property_large_79582322.avif; https://www.mubawab-media.com/ad/8/072/774F/h/thumb_991186_property_large_79582323.avif; https://www.mubawab-media.com/ad/8/072/774F/h/thumb_991187_property_large_79582324.avif; https://www.mubawab-media.com/ad/8/072/774F/h/thumb_991188_property_large_79582325.avif; https://www.mubawab-media.com/ad/8/072/774F/h/thumb_991189_property_large_79582326.avif; https://www.mubawab-media.com/ad/8/072/774F/h/thumb_991190_property_large_79582327.avif; https://www.mubawab-media.com/ad/8/072/774F/h/thumb_991191_property_large_79582328.avif; https://www.mubawab-media.com/ad/8/072/774F/h/thumb_991192_property_large_79582329.avif; https://www.mubawab-media.com/ad/8/072/774F/h/thumb_991193_property_large_79582330.avif; https://www.mubawab-media.com/ad/8/072/774F/h/thumb_991194_property_large_79582331.avif; https://www.mubawab-media.com/business/10/865F/s/logo%20B2B%20consulting_79084993.avif; https://www.mubawab-media.com/ad/8/265/974F/m/thumb_1219433_property_xlarge_81562900.avif,"{""type de bien"": ""Maison"", ""etat"": ""Bon état / habitable"", ""nombre d'étages"": ""1""}","{""latitude"": ""36.883333"", ""longitude"": ""10.25""}","{""parking"": ""Oui"", ""climatisation"": ""Oui"", ""securite"": ""Oui"", ""piscine"": ""Oui"", ""jardin"": ""Oui"", ""terrasse"": ""Oui""}","{""etat"": ""Neuf""}","{""formulaire_contact"": ""Disponible""}",2026-02-01T13:07:25.281817,search,True
8144327,Superbe appartement S4 avec piscine à vendre à la Soukra,https://www.mubawab.tn/fr/a/8144327/superbe-appartement-s4-avec-piscine-%C3%A0-vendre-%C3%A0-la-soukra,,La Soukra,La Soukra,"La Soukra, La Soukra",Maison,Vente,0,Prix à consulter,0,420.0,"420
						m²",5,5,0,,,,,"New Key La Soukra met à la vente un superbe appartement S4 avec piscine, situé dans une résidence calme et très sécurisée pas loin de l'hypermarché ""Carrefour"" à La Soukra.Il est composé d'un spacieux salon lumineux donnant sur la piscine, d'un séjour indépendant qui donne sur le jardin, d'une cuisi","New Key La Soukra met à la vente un superbe appartement S4 avec piscine, situé dans une résidence calme et très sécurisée pas loin de l'hypermarché ""Carrefour"" à La Soukra.Il est composé d'un spacieux salon lumineux donnant sur la piscine, d'un séjour indépendant qui donne sur le jardin, d'une cuisine aménagée et bien équipée, un débarras,un séchoir, une chambre de service avec sa salle douche et d'une salle d'eau pour les invités.La partie nuit loge une spacieuse suite parentale avec un grand dressing et sa une salle de bain donnnat sur le jardin et de deux chambres à coucher avec leur salle de bain commune avec baignoire et douche.A l'extérieur, on trouve un jardin gazonné et arboré de 220 m² et une belle piscine.Un Grand appartement de prestige qui s'étale sur un terrain de 497 m² dans un emplacement priviligié.03 places de parking et un cellier sont à votre disposition au sous-sol. Référence du bien: Ref8010a",Jardin; Garage; Piscine; Chambre rangement; Entre-seul; Sécurité,Sécurité; Garage; Jardin; Piscine,Jardin; Garage; Piscine; Chambre rangement; Entre-seul; Sécurité,https://www.mubawab-media.com/assets/logos/mubawab.png; https://www.mubawab-media.com/assets/common/loading.gif; https://www.mubawab-media.com/ad/8/144/327F/h/thumb_1092829_property_xlarge_80291641.avif; https://www.mubawab-media.com/ad/8/144/327F/h/thumb_1092830_property_xlarge_80291642.avif; https://www.mubawab-media.com/ad/8/144/327F/h/thumb_1092828_property_xlarge_80291643.avif; https://www.mubawab-media.com/ad/8/144/327F/h/thumb_1092825_property_xlarge_80291644.avif; https://www.mubawab-media.com/ad/8/144/327F/h/thumb_1092833_property_xlarge_80291645.avif; https://www.mubawab-media.com/ad/8/144/327F/h/thumb_1092832_property_xlarge_80291646.avif; https://www.mubawab-media.com/ad/8/144/327F/h/thumb_1092826_property_xlarge_80291647.avif; https://www.mubawab-media.com/ad/8/144/327F/h/thumb_1092834_property_xlarge_80291648.avif; https://www.mubawab-media.com/ad/8/144/327F/h/thumb_1092827_property_xlarge_80291649.avif; https://www.mubawab-media.com/business/8/390F/s/173569684_3743946405703280_2342906483815680692_n_12649711.avif; https://www.mubawab-media.com/ad/7/941/270F/m/sous-sol-comm_77422390.avif; https://www.mubawab-media.com/ad/8/098/597F/m/thumb_1239999_property_xlarge_81795452.avif,"{""type de bien"": ""Maison"", ""etat"": ""Bon état / habitable""}","{""latitude"": ""36.88833"", ""longitude"": ""10.27417""}","{""parking"": ""Oui"", ""securite"": ""Oui"", ""piscine"": ""Oui"", ""jardin"": ""Oui""}","{""etat"": ""Neuf""}","{""formulaire_contact"": ""Disponible""}",2026-02-01T13:07:25.289007,search,True
8100205,Une villa sur deux niveaux à borj louzir,https://www.mubawab.tn/fr/a/8100205/une-villa-sur-deux-niveaux-%C3%A0-borj-louzir,,La Soukra,Borj Louzir,"Borj Louzir, La Soukra",Villa,Vente,500000.0,500 000 TND,500000.0,500.0,"500
						m²",5,4,1,,,,,A vendre une villa à Mansoura borej louzir ghazela sur deux niveaux Surface terrain 500 mètre Surface bâtie 450 mètre Titre bleu Chaque niveau contient un étage -salon -4 chambres -cuisine -Studio s2 à l'extérieur Prix 500 md Contacter agence villa (agence immobilière agrée) Tel :,A vendre une villa à Mansoura borej louzir ghazela sur deux niveauxSurface terrain 500 mètreSurface bâtie 450 mètreTitre bleuChaque niveau contient un étage-salon-4 chambres-cuisine-Studio s2 à l'extérieurPrix 500 mdContacter agence villa (agence immobilière agrée)Tel : 29387777.#appartement #vente #agence #maison louer #Furnished #meubles #Location #rent #realstate #promoteur #neuf,Jardin; Terrasse; Entre-seul; Sécurité; Porte blindée; Cuisine équipée,Sécurité; Porte blindée; Cuisine équipée; Terrasse; Jardin,Jardin; Terrasse; Entre-seul; Sécurité; Porte blindée; Cuisine équipée,https://www.mubawab-media.com/assets/logos/mubawab.png; https://www.mubawab-media.com/assets/common/loading.gif; https://www.mubawab-media.com/ad/8/100/205F/h/480943762_1975843119493366_1567674611522268079_n_79847431.avif; https://www.mubawab-media.com/ad/8/100/205F/h/479959291_1361538454843347_6728614097391365907_n_79847432.avif; https://www.mubawab-media.com/ad/8/100/205F/h/479991205_1182755179885501_4199354193218095062_n_79847433.avif; https://www.mubawab-media.com/ad/8/100/205F/h/480630424_3323556467792036_2509273754989099709_n_79847434.avif; https://www.mubawab-media.com/ad/8/100/205F/h/481117099_975779934686076_4535077211557262284_n_79847435.avif; https://www.mubawab-media.com/business/7/466F/s/82844627_498767614082585_8366555078101827584_n.avif; https://www.mubawab-media.com/ad/7/600/478F/m/WhatsApp%20Image%202025-02-01%20%C3%A0%2009.34.37_22b3ad5a_81672190.avif; https://www.mubawab-media.com/ad/8/245/586F/m/1000059818_81341376.avif; https://www.mubawab-media.com/ad/8/226/768F/m/4_81141408.avif; https://www.mubawab-media.com/ad/8/048/367F/m/1_79404574.avif; https://www.mubawab-media.com/assets/common/banks/atijjaribank.png,"{""type de bien"": ""Maison"", ""etat"": ""Bon état / habitable""}","{""latitude"": ""36.883333"", ""longitude"": ""10.25""}","{""securite"": ""Oui"", ""jardin"": ""Oui"", ""terrasse"": ""Oui""}","{""etat"": ""Neuf""}","{""formulaire_contact"": ""Disponible""}",2026-02-01T13:07:25.294005,search,True
8174431,À VENDRE – Maison Inachevée avec Potentiel Exceptionnel,https://www.mubawab.tn/fr/a/8174431/%C3%A0-vendre-%E2%80%93-maison-inachev%C3%A9e-avec-potentiel-exceptionnel,,La Soukra,Dar Fadhal,"Dar Fadhal, La Soukra",Dar,Vente,0,Prix à consulter,0,154.0,"154
						m²",0,1,1,,,,,"À VENDRE – Maison Inachevée avec Potentiel Exceptionnel Superficie terrain : 154 m² ️ Surface bâtie : 120 m² Papiers en règle – Titre foncier disponible Autorisation de raccordement STEG (électricité) Autorisation de raccordement SONEDE (eau) À vendre, une maison inachevée située dans un quartier","À VENDRE – Maison Inachevée avec Potentiel ExceptionnelSuperficie terrain : 154 m²️ Surface bâtie : 120 m²Papiers en règle – Titre foncier disponibleAutorisation de raccordement STEG (électricité)Autorisation de raccordement SONEDE (eau)À vendre, une maison inachevée située dans un quartier calme et en plein développement. Bénéficiant d’une bonne orientation et d’un potentiel de personnalisation, ce bien est idéal pour un projet familial ou un investissement locatif.️ Structure solide et bien conçue️ Possibilité d’aménagement selon vos goûts️ Accès facile, proche des commoditésPrix attractif – Opportunité à ne pas manquer !Pour plus d’informations ou pour organiser une visite, merci de nous contacter.",,,,https://www.mubawab-media.com/assets/logos/mubawab.png; https://www.mubawab-media.com/assets/common/loading.gif; https://www.mubawab-media.com/ad/8/174/431F/h/photo_0_80606063.avif; https://www.mubawab-media.com/ad/8/174/431F/h/photo_1_80606064.avif; https://www.mubawab-media.com/ad/8/174/431F/h/photo_2_80606065.avif; https://www.mubawab-media.com/ad/8/174/431F/h/photo_3_80606066.avif; https://www.mubawab-media.com/ad/8/174/431F/h/photo_4_80606067.avif; https://www.mubawab-media.com/ad/8/174/431F/h/photo_5_80606068.avif; https://www.mubawab-media.com/ad/8/174/431F/h/photo_6_80606069.avif; https://www.mubawab-media.com/ad/8/174/431F/h/photo_7_80606070.avif; https://www.mubawab-media.com/assets/common/banks/atijjaribank.png; https://www.mubawab-media.com/assets/common/app-store/google-play-small.png; https://www.mubawab-media.com/assets/common/app-store/app-store-small.png,"{""type de bien"": ""Maison"", ""surface de la parcelle"": ""120\n\t\t\t\t\t\t\t\tm²"", ""etat"": ""Project neuf""}","{""latitude"": ""36.883333"", ""longitude"": ""10.25""}",{},"{""etat"": ""Neuf""}","{""formulaire_contact"": ""Disponible""}",2026-02-01T13:07:25.298052,search,True
8078676,Penthouse à vendre à La Soukra,https://www.mubawab.tn/fr/a/8078676/penthouse-%C3%A0-vendre-%C3%A0-la-soukra,,La Soukra,La Soukra,"La Soukra, La Soukra",Maison,Vente,0,Prix à consulter,0,320.0,"320
						m²",0,4,0,,,,,"New Key La Soukra mettra en vente un Penthouse S4 distingué par sa piscine privée et ses espaces lumineux et bien équipés, dans un projet exceptionnel près du parc à La Soukra.L'accueil présente un hall d'entrée donnant sur la piscine, un spacieux salon lumineux et une cheminée, une salle à manger,","New Key La Soukra mettra en vente un Penthouse S4 distingué par sa piscine privée et ses espaces lumineux et bien équipés, dans un projet exceptionnel près du parc à La Soukra.L'accueil présente un hall d'entrée donnant sur la piscine, un spacieux salon lumineux et une cheminée, une salle à manger, une grande cuisine équipée avec accès direct au jardin et une salle d'eau pour les invités.La partie nuit comprend 4 grandes suites, chacune avec son dressing et sa salle de bain donnant sur une grande terrasse, ainsi qu'un jardin d'hiver décoratif.À l'extérieur, un beau jardin gazonné et arboré, une belle piscine et deux places de parking au sous-sol sont à votre disposition.Ce Penthouse est idéal pour ceux qui recherchent confort, espace et sérénité dans un cadre privilégié à La Soukra. Référence du bien: Ref7551a",Jardin; Terrasse; Garage; Piscine; Entre-seul; Cheminée; Cuisine équipée,Cuisine équipée; Garage; Terrasse; Jardin; Piscine; Cheminée,Jardin; Terrasse; Garage; Piscine; Entre-seul; Cheminée; Cuisine équipée,https://www.mubawab-media.com/assets/logos/mubawab.png; https://www.mubawab-media.com/assets/common/loading.gif; https://www.mubawab-media.com/ad/8/078/676F/h/thumb_996852_property_xlarge_79640530.avif; https://www.mubawab-media.com/ad/8/078/676F/h/thumb_996847_property_xlarge_79640531.avif; https://www.mubawab-media.com/ad/8/078/676F/h/thumb_996851_property_xlarge_79640532.avif; https://www.mubawab-media.com/ad/8/078/676F/h/thumb_996850_property_xlarge_79640533.avif; https://www.mubawab-media.com/ad/8/078/676F/h/thumb_996845_property_xlarge_79640534.avif; https://www.mubawab-media.com/ad/8/078/676F/h/thumb_996848_property_xlarge_79640535.avif; https://www.mubawab-media.com/business/8/390F/s/173569684_3743946405703280_2342906483815680692_n_12649711.avif; https://www.mubawab-media.com/ad/7/941/270F/m/sous-sol-comm_77422390.avif; https://www.mubawab-media.com/ad/8/212/588F/m/thumb_1141057_property_xlarge_80990224.avif; https://www.mubawab-media.com/ad/8/292/053F/m/WhatsApp%20Image%202025-12-29%20at%2014.04.29%20%287%29_81844042.avif; https://www.mubawab-media.com/ad/8/098/597F/m/thumb_1239999_property_xlarge_81795452.avif,"{""type de bien"": ""Maison""}","{""latitude"": ""36.88833"", ""longitude"": ""10.27417""}","{""parking"": ""Oui"", ""piscine"": ""Oui"", ""jardin"": ""Oui"", ""terrasse"": ""Oui""}","{""etat"": ""Neuf""}","{""formulaire_contact"": ""Disponible""}",2026-02-01T13:07:25.302824,search,True
7764144,Une Superbe Villa de plain pied à vendre à Chotrana 1,https://www.mubawab.tn/fr/a/7764144/une-superbe-villa-de-plain-pied-%C3%A0-vendre-%C3%A0-chotrana-1,,La Soukra,Chotrana 1,"Chotrana 1, La Soukra",Villa,Vente,1350000.0,1 350 000 TND,1350000.0,1500.0,"1500
						m²",5,4,0,,,,,"New Key La Soukra met à la vente une belle villa de plain pied qui s'étale sur un terrain de 1500 m² située dans un quartier calme et résidentiel à La Soukra ""Chotrana 1"". Au rez-de-chaussée : un grand salon , une salle à manger, un séjour indépendant ,une cuisine, une salle d'eau invités, 01 suite","New Key La Soukra met à la vente une belle villa de plain pied qui s'étale sur un terrain de 1500 m² située dans un quartier calme et résidentiel à La Soukra ""Chotrana 1"". Au rez-de-chaussée : un grand salon , une salle à manger, un séjour indépendant ,une cuisine, une salle d'eau invités, 01 suite et 03 chambres à coucher avec leur salle de bain commune. A l'extérieur : une chambre de service, une buanderie, un débarras, une loge gardien, un joli jardin gazonné et arboré avec une piscine et un abri pour 04 voitures. Référence du bien: Ref5267a",Jardin; Piscine; Concierge; Chambre rangement; Buanderie,Concierge; Jardin; Piscine; Buanderie,Jardin; Piscine; Concierge; Chambre rangement,https://www.mubawab-media.com/assets/logos/mubawab.png; https://www.mubawab-media.com/assets/common/loading.gif; https://www.mubawab-media.com/ad/7/764/144F/h/thumb_1002884_property_xlarge_79675133.avif; https://www.mubawab-media.com/ad/7/764/144F/h/thumb_1002891_property_xlarge_79675134.avif; https://www.mubawab-media.com/ad/7/764/144F/h/thumb_1002887_property_xlarge_79675135.avif; https://www.mubawab-media.com/business/8/390F/s/173569684_3743946405703280_2342906483815680692_n_12649711.avif; https://www.mubawab-media.com/ad/8/265/974F/m/thumb_1219433_property_xlarge_81562900.avif; https://www.mubawab-media.com/ad/7/847/354F/m/1_GF_71518055.avif; https://www.mubawab-media.com/ad/8/044/313F/m/IMG_3232_81821577.avif; https://www.mubawab-media.com/ad/8/275/575F/m/thumb_1230719_property_large_81666852.avif; https://www.mubawab-media.com/assets/common/banks/atijjaribank.png; https://www.mubawab-media.com/assets/common/app-store/google-play-small.png; https://www.mubawab-media.com/assets/common/app-store/app-store-small.png,"{""type de bien"": ""Maison"", ""etat"": ""Bon état / habitable""}","{""latitude"": ""36.896544"", ""longitude"": ""10.217961""}","{""concierge"": ""Oui"", ""piscine"": ""Oui"", ""jardin"": ""Oui""}","{""etat"": ""Neuf""}","{""formulaire_contact"": ""Disponible""}",2026-02-01T13:07:25.307342,search,True
8149803,Immeuble à vendre à Sokra R1,https://www.mubawab.tn/fr/a/8149803/immeuble-%C3%A0-vendre-%C3%A0-sokra-r1,,La Soukra,Mosque Erraoudha,"Mosque Erraoudha, La Soukra",Maison,Vente,1450000.0,1 450 000 TND,1450000.0,760.0,"760
						m²",4,8,0,,,,,"À vendre à Sokra, quartier Mostfa Mohsen, un immeuble bâti sur un terrain de 550 m² avec une surface couverte de 760 m². Composé de 6 locaux commerciaux en rez-de-chaussée et de 4 appartements au premier étage (chaque appartement comprend un salon et 2 chambres). Actuellement, 80 % de l’immeuble e","À vendre à Sokra, quartier Mostfa Mohsen, un immeuble bâti sur un terrain de 550 m² avec une surface couverte de 760 m².Composé de 6 locaux commerciaux en rez-de-chaussée et de 4 appartements au premier étage (chaque appartement comprend un salon et 2 chambres).Actuellement, 80 % de l’immeuble est loué, générant un revenu mensuel stable de 6 000 dinars.Un permis de construction pour un deuxième étage est déjà disponible, offrant un potentiel d’expansion intéressant.",Terrasse; Garage; Chambre rangement; Entre-seul; Antenne parabolique; Climatisation; Chauffage central; Porte blindée; Cuisine équipée; Réfrigérateur; Four; Machine à laver; Micro-ondes,Climatisation; Chauffage central; Porte blindée; Cuisine équipée; Garage; Terrasse,Terrasse; Garage; Chambre rangement; Entre-seul; Antenne parabolique; Climatisation; Chauffage central; Porte blindée; Cuisine équipée; Réfrigérateur; Four; Machine à laver; Micro-ondes,https://www.mubawab-media.com/assets/logos/mubawab.png; https://www.mubawab-media.com/assets/common/loading.gif; https://www.mubawab-media.com/ad/8/149/803F/h/IMG_1911_80345261.avif; https://www.mubawab-media.com/ad/8/149/803F/h/IMG_1913_80345262.avif; https://www.mubawab-media.com/ad/8/149/803F/h/IMG_1914_80345263.avif; https://www.mubawab-media.com/ad/8/149/803F/h/IMG_1912_80345264.avif; https://www.mubawab-media.com/ad/8/021/113F/m/2EDCB506-8302-40C9-93FB-2C18ED5D087F_79073010.avif; https://www.mubawab-media.com/ad/7/847/354F/m/1_GF_71518055.avif; https://www.mubawab-media.com/ad/8/275/575F/m/thumb_1230719_property_large_81666852.avif; https://www.mubawab-media.com/ad/7/962/447F/m/454263818_983419006908516_1058752792311806494_n_78585235.avif; https://www.mubawab-media.com/assets/common/banks/atijjaribank.png; https://www.mubawab-media.com/assets/common/app-store/google-play-small.png; https://www.mubawab-media.com/assets/common/app-store/app-store-small.png,"{""type de bien"": ""Maison"", ""surface de la parcelle"": ""500\n\t\t\t\t\t\t\t\tm²"", ""etat"": ""Bon état / habitable"", ""années"": ""5-10 ans"", ""orientation"": ""Nord"", ""type du sol"": ""Marbre"", ""nombre d'étages"": ""2""}","{""latitude"": ""36.883333"", ""longitude"": ""10.25""}","{""parking"": ""Oui"", ""climatisation"": ""Oui"", ""terrasse"": ""Oui""}","{""etat"": ""Neuf""}","{""formulaire_contact"": ""Disponible""}",2026-02-01T13:07:25.310886,search,True
8151168,À vendre: Villa moderne à La Soukra,https://www.mubawab.tn/fr/a/8151168/%C3%A0-vendre-villa-moderne-%C3%A0-la-soukra,,La Soukra,Chotrana 1,"Chotrana 1, La Soukra",Villa,Vente,1400000.0,1 400 000 TND,1400000.0,300.0,"300
						m²",6,4,0,,,,,"lumineuse villa meublée, au design contemporain, érigée sur un terrain de 430 m², idéalement située dans l’un des quartiers les plus prisés de La Soukra. Dès l’entrée, un vaste salon à double hauteur baigné de lumière naturelle, agrémenté d’une cheminée élégante. La villa offre également un séjou","lumineuse villa meublée, au design contemporain, érigée sur un terrain de 430 m², idéalement située dans l’un des quartiers les plus prisés de La Soukra.Dès l’entrée, un vaste salon à double hauteur baigné de lumière naturelle, agrémenté d’une cheminée élégante. La villa offre également un séjour indépendant pour plus d’intimité, ainsi qu’une cuisine américaine aménagée et entièrement équipée (plaque, hotte, four, lave-vaisselle, réfrigérateur encastré). Une seconde cuisine de service, avec un WC dédié au personnel, complète l’espace jour.À l’étage, l’espace nuit se compose de :• Une suite parentale spacieuse, dotée d’un grand dressing et d’une salle de douche privative.• Deux chambres supplémentaires partageant une salle de bain commune.À l’extérieur, un jardin et une magnifique piscine avec cascade d’eau, créant un véritable havre de paix.Un grand garage pouvant accueillir deux véhicules qui a un accès direct à la maison.",Jardin; Terrasse; Garage; Piscine; Meublé; Cheminée; Climatisation; Chauffage central; Cuisine équipée; Réfrigérateur; Four; Machine à laver; Micro-ondes,Climatisation; Chauffage central; Cuisine équipée; Garage; Terrasse; Jardin; Piscine; Cheminée,Jardin; Terrasse; Garage; Piscine; Meublé; Cheminée; Climatisation; Chauffage central; Cuisine équipée; Réfrigérateur; Four; Machine à laver; Micro-ondes,https://www.mubawab-media.com/assets/logos/mubawab.png; https://www.mubawab-media.com/assets/common/loading.gif; https://www.mubawab-media.com/ad/8/151/168F/h/att.tQFryI_QlFX5QAVYcGni-sKBSTJPF29ApmACCtvvk6o_80359563.avif; https://www.mubawab-media.com/ad/8/151/168F/h/att.2MP3EFWG2tVTTQCOlAiA_2cPet7xfkQrZjT4T7j52cw_80359468.avif; https://www.mubawab-media.com/ad/8/151/168F/h/att.bMDN03w7Xfuhc7gqHAlza-corwfQJsQreVULn4jtc7I_80359564.avif; https://www.mubawab-media.com/ad/8/151/168F/h/att.Tmq5DdUO6tZUDUYsPwTchjfkFzV_o25cMO-vANoySaQ_80359565.avif; https://www.mubawab-media.com/ad/8/151/168F/h/att.D7A61D6B-8560-41D4-8E6E-9B1DAB9C409B.transcode_80359566.avif; https://www.mubawab-media.com/ad/8/151/168F/h/att.qhGjrvvORoOrK1BQ1pDyplo68KfIgdgZczwOQucHc_A_80359567.avif; https://www.mubawab-media.com/ad/8/151/168F/h/att.YAbXzJzSdfLnu2FAfDGUTPRZYOD5pn-XSQ10ZTz0_d8_80359469.avif; https://www.mubawab-media.com/ad/8/151/168F/h/att.B543D287-C8E6-4537-BB7C-5A918E067DF9.transcode_80359568.avif; https://www.mubawab-media.com/ad/8/151/168F/h/att.FSDX5v99D61mlbvybQM5dAvkL48WbqN6Aploi8QXuVs_80359569.avif; https://www.mubawab-media.com/ad/8/151/168F/h/att.B6bDpr5Zr4dNGLf_DGNYREbbTQOK6tj-oDVc_dahUC0_80359570.avif; https://www.mubawab-media.com/ad/8/151/168F/h/att.4myvCblq435IuujM_BExE3JdWl-WlkV1ewS618w6eE0_80359470.avif; https://www.mubawab-media.com/ad/8/151/168F/h/att.RPH7VoV3WpWy9ZxO-UBHv6lkVYOb9FLhpfElpTpaxp0_80359571.avif; https://www.mubawab-media.com/ad/8/151/168F/h/att.E8SACZnXNyS6mD1N6eld4lp68vdByziSLO1msdeV-rg_80359572.avif; https://www.mubawab-media.com/ad/8/151/168F/h/att.oYW-6ZtpoF7SrLPPVjDXiFGgvNRCPoe_l8Nm9a6X3mQ_80359573.avif,"{""type de bien"": ""Maison"", ""surface de la parcelle"": ""430\n\t\t\t\t\t\t\t\tm²"", ""etat"": ""Bon état / habitable"", ""années"": ""5-10 ans"", ""orientation"": ""Est"", ""nombre d'étages"": ""1""}","{""latitude"": ""36.87479392823043"", ""longitude"": ""10.26754854230561""}","{""parking"": ""Oui"", ""climatisation"": ""Oui"", ""piscine"": ""Oui"", ""jardin"": ""Oui"", ""terrasse"": ""Oui""}","{""etat"": ""Neuf""}","{""formulaire_contact"": ""Disponible""}",2026-02-01T13:07:25.315884,search,True
8148836,Triplex à la soukra,https://www.mubawab.tn/fr/a/8148836/triplex-%C3%A0-la-soukra,,La Soukra,La Soukra,"La Soukra, La Soukra",Triplex,Vente,970000.0,970 000 TND,970000.0,278.0,"278
						m²",7,5,0,,,,,"ag imm soukra vend un triplex de très haut standing avec un beau jardin à la belle résidence onyx à la soukra, la résidence s’étale sur 1 hectare et bénéficie d’un grand espace commun bien aménagé en jardins et espace de jeux ce triplex est indépendant, sans vis à vis et très bien orienté - s","ag imm soukra vend un triplex de très haut standing avec un beau jardin à la belle résidence onyx à la soukra, la résidence s’étale sur 1 hectare et bénéficie d’un grand espace commun bien aménagé en jardins et espace de jeuxce triplex est indépendant, sans vis à vis et très bien orienté- surface couverte : 253 m²- surface jardin : 55 m² (10 m *5.5 m)- 2 places de parking au sous-sol : 25 m²- il a une entrée indépendante au rdc et une 2eme entrée à partir du sous-sol- toutes les pièces sont orientées sud-est et ouvrent sur le jardin privé du triplex.- marbre blanc dans toute les pièces et marbre onyx dans les sde et les sdb ,- double vitrage, isolation, bois noble, climatisation centrale, cuisine équipée, placards aménagés, etc- sous-sol : séjour , sdb, chambre, placards et 2places de parking- rdc : salon sam, sejour, cuisine , sde et jardin- etage : 1 suite parentale (avec dressing et sdb) et 2 chambres et 1 sdb",Jardin; Garage; Entre-seul; Climatisation; Double vitrage; Cuisine équipée; Parking; Sous-sol,Climatisation; Double vitrage; Cuisine équipée; Parking; Garage; Jardin; Sous-sol,Jardin; Garage; Entre-seul; Climatisation; Double vitrage; Cuisine équipée,https://www.mubawab-media.com/assets/logos/mubawab.png; https://www.mubawab-media.com/assets/common/loading.gif; https://www.mubawab-media.com/ad/8/148/836F/h/2_80336682.avif; https://www.mubawab-media.com/ad/8/212/588F/m/thumb_1141057_property_xlarge_80990224.avif; https://www.mubawab-media.com/ad/8/285/727F/m/thumb_1238372_property_xlarge_81777619.avif; https://www.mubawab-media.com/ad/8/118/749F/m/exterieur_81309311.avif; https://www.mubawab-media.com/ad/7/872/801F/m/thumb_783233_property_xlarge_77848422.avif; https://www.mubawab-media.com/assets/common/banks/atijjaribank.png; https://www.mubawab-media.com/assets/common/app-store/google-play-small.png; https://www.mubawab-media.com/assets/common/app-store/app-store-small.png,"{""type de bien"": ""Maison"", ""surface de la parcelle"": ""200\n\t\t\t\t\t\t\t\tm²"", ""etat"": ""Project neuf"", ""années"": ""5-10 ans"", ""orientation"": ""Sud"", ""type du sol"": ""Marbre"", ""nombre d'étages"": ""2""}","{""latitude"": ""36.883333"", ""longitude"": ""10.25""}","{""parking"": ""Oui"", ""climatisation"": ""Oui"", ""jardin"": ""Oui""}","{""etat"": ""Neuf""}","{""formulaire_contact"": ""Disponible""}",2026-02-01T13:07:25.322952,search,True
8059193,Villa S5 à vendre à La Soukra,https://www.mubawab.tn/fr/a/8059193/villa-s5-%C3%A0-vendre-%C3%A0-la-soukra,,La Soukra,La Soukra,"La Soukra, La Soukra",Villa,Vente,0,Prix à consulter,0,880.0,"880
						m²",6,5,0,,,,,"Découvrez une magnifique villa S5 à vendre à La Soukra, proposée par New Key La Soukra.Cette propriété exceptionnelle se distingue par son grand jardin gazonné, sa piscine privée et ses espaces lumineux et bien agencés.Détails de la villa :Rez-de-chaussée :Un spacieux salon lumineux ouvert sur le ja","Découvrez une magnifique villa S5 à vendre à La Soukra, proposée par New Key La Soukra.Cette propriété exceptionnelle se distingue par son grand jardin gazonné, sa piscine privée et ses espaces lumineux et bien agencés.Détails de la villa :Rez-de-chaussée :Un spacieux salon lumineux ouvert sur le jardin.Une grande cuisine équipée avec accès direct au jardin.Une chambre de service avec douche.Une salle d'eau pour les invités.Premier étage :Une suite parentale avec un grand dressing et une salle de douche privée.Trois chambres à coucher équipées de dressings.Une salle de bain commune donnant sur une grande terrasse.Atouts supplémentaires :Un garage pouvant accueillir jusqu'à 3 voitures.Cette villa est idéale pour ceux qui recherchent confort, espace et sérénité dans un cadre privilégié à La Soukra. Contactez-nous pour plus d'informations ou une visite. Référence du bien: Ref7409a",Jardin; Terrasse; Garage; Piscine; Cuisine équipée,Cuisine équipée; Garage; Terrasse; Jardin; Piscine,Jardin; Terrasse; Garage; Piscine; Cuisine équipée,https://www.mubawab-media.com/assets/logos/mubawab.png; https://www.mubawab-media.com/assets/common/loading.gif; https://www.mubawab-media.com/ad/8/059/193F/h/WhatsApp%20Image%202025-03-10%20at%2010.10.35_79908572.avif; https://www.mubawab-media.com/ad/8/059/193F/h/WhatsApp%20Image%202025-03-10%20at%2010.10.34%20%283%29_79908573.avif; https://www.mubawab-media.com/ad/8/059/193F/h/thumb_976958_property_xlarge_79450100.avif; https://www.mubawab-media.com/ad/8/059/193F/h/thumb_976956_property_xlarge_79450101.avif; https://www.mubawab-media.com/ad/8/059/193F/h/thumb_976965_property_xlarge_79450102.avif; https://www.mubawab-media.com/ad/8/059/193F/h/thumb_976954_property_xlarge_79450103.avif; https://www.mubawab-media.com/ad/8/059/193F/h/thumb_976957_property_xlarge_79450104.avif; https://www.mubawab-media.com/ad/8/059/193F/h/thumb_976967_property_xlarge_79450105.avif; https://www.mubawab-media.com/ad/8/059/193F/h/WhatsApp%20Image%202025-03-10%20at%2010.10.34%20%284%29_79908574.avif; https://www.mubawab-media.com/ad/8/059/193F/h/WhatsApp%20Image%202025-03-10%20at%2010.10.34%20%282%29_79908575.avif; https://www.mubawab-media.com/ad/8/059/193F/h/WhatsApp%20Image%202025-03-10%20at%2010.10.34_79908576.avif; https://www.mubawab-media.com/ad/8/059/193F/h/WhatsApp%20Image%202025-03-10%20at%2010.10.36_79908577.avif,"{""type de bien"": ""Maison"", ""etat"": ""Bon état / habitable""}","{""latitude"": ""36.88833"", ""longitude"": ""10.27417""}","{""parking"": ""Oui"", ""piscine"": ""Oui"", ""jardin"": ""Oui"", ""terrasse"": ""Oui""}","{""etat"": ""Neuf""}","{""formulaire_contact"": ""Disponible""}",2026-02-01T13:07:25.325958,search,True
8082648,A louer une villa avec une piscine à La Soukra,https://www.mubawab.tn/fr/a/8082648/a-louer-une-villa-avec-une-piscine-%C3%A0-la-soukra,,La Soukra,La Soukra,"La Soukra, La Soukra",Villa,Vente,0,12 000 TND,12000.0,650.0,"650
						m²",8,6,0,,,,,"Agence immobilière Immoliv vous propose à la location une villa atypique récemment construite située à la Soukra. Cette demeure est composée de deux niveaux qui s’étalent sur un terrain de 2000m² et 650m² habitable. Au rez-de-chaussée de la villa on découvre un espace de vie spacieux et lumineux,","Agence immobilière Immoliv vous propose à la location une villa atypique récemment construite située à la Soukra.Cette demeure est composée de deux niveaux qui s’étalent sur un terrain de 2000m² et 650m² habitable.Au rez-de-chaussée de la villa on découvre un espace de vie spacieux et lumineux, une salle à manger donnant sur le jardin, une cuisine entièrement équipée avec des électroménagers de haute gamme, une suite avec sa propre salle de bain, une chambre de service et une salle d’eau invités complète la partie jour.Des escaliers nous mènent à l’étage qui comporte une suite parentale principale avec sa salle de bain, trois autres suites avec leurs salles de bains qui donnent sur des terrasses ainsi que de dressings.A l’extérieur de la villa on trouve à l’entrée d’un grand jardin très bien entretenu et également d’une piscine et une loge gardien,La villa est dotée du chauffage central et d’une climatisation en Split.Entrée de voiture pour 5 véhicules.Veuillez nous visiter sur notre site web : https://immoliv.tn/",Jardin; Terrasse; Garage; Piscine; Concierge; Chambre rangement; Climatisation; Chauffage central; Cuisine équipée; Four,Concierge; Climatisation; Chauffage central; Cuisine équipée; Garage; Terrasse; Jardin; Piscine,Jardin; Terrasse; Garage; Piscine; Concierge; Chambre rangement; Climatisation; Chauffage central; Cuisine équipée; Four,https://www.mubawab-media.com/assets/logos/mubawab.png; https://www.mubawab-media.com/assets/common/loading.gif; https://www.mubawab-media.com/ad/8/082/648F/h/6_79679280.avif; https://www.mubawab-media.com/ad/8/082/648F/h/1_79679180.avif; https://www.mubawab-media.com/ad/8/082/648F/h/2_79679243.avif; https://www.mubawab-media.com/ad/8/082/648F/h/3_79679245.avif; https://www.mubawab-media.com/ad/8/082/648F/h/4_79679246.avif; https://www.mubawab-media.com/ad/8/082/648F/h/5_79679247.avif; https://www.mubawab-media.com/business/11/161F/s/logo%202_79974737.avif; https://www.mubawab-media.com/assets/common/banks/atijjaribank.png; https://www.mubawab-media.com/assets/common/app-store/google-play-small.png; https://www.mubawab-media.com/assets/common/app-store/app-store-small.png,"{""type de bien"": ""Maison"", ""surface de la parcelle"": ""2000\n\t\t\t\t\t\t\t\tm²"", ""etat"": ""Bon état / habitable"", ""nombre d'étages"": ""2""}","{""latitude"": ""36.883333"", ""longitude"": ""10.25""}","{""parking"": ""Oui"", ""climatisation"": ""Oui"", ""concierge"": ""Oui"", ""piscine"": ""Oui"", ""jardin"": ""Oui"", ""terrasse"": ""Oui""}","{""etat"": ""Neuf""}","{""formulaire_contact"": ""Disponible""}",2026-02-01T13:07:25.332020,search,True
8137723,Une Coquette villa avec piscine à vendre à La Soukra,https://www.mubawab.tn/fr/a/8137723/une-coquette-villa-avec-piscine-%C3%A0-vendre-%C3%A0-la-soukra,,La Soukra,La Soukra,"La Soukra, La Soukra",Villa,Vente,1100000.0,1 100 000 TND,1100000.0,400.0,"400
						m²",0,4,0,,,,,"New Key La Soukra met à la vente une coquette villa avec une piscine située dans un quartier très calme, agréable et sécurisé à La Soukra.Le rez-de-chaussée présente l'accueil ou on trouve un grand salon lumineux, une salle à manger, une cuisine bien aménagée, le tout donne sur la piscine et le jard","New Key La Soukra met à la vente une coquette villa avec une piscine située dans un quartier très calme, agréable et sécurisé à La Soukra.Le rez-de-chaussée présente l'accueil ou on trouve un grand salon lumineux, une salle à manger, une cuisine bien aménagée, le tout donne sur la piscine et le jardin.L'étage loge la partie nuit avec deux spacieuses suites donnant accès à une immense et belle terrasse et une chambre à coucher avec dressing.L'extérieur est très joli avec un beau jardin gazonné et arboré, une grande piscine, un coin bar et un coin barbecue et un abri pour plusieurs voitures.La dispose également des panneaux photovoltaïques et un sondage. Référence du bien: Ref7932a",Jardin; Terrasse; Piscine; Sécurité,Sécurité; Terrasse; Jardin; Piscine,Jardin; Terrasse; Piscine; Sécurité,https://www.mubawab-media.com/assets/logos/mubawab.png; https://www.mubawab-media.com/assets/common/loading.gif; https://www.mubawab-media.com/ad/8/137/723F/h/thumb_759844_property_xlarge_80225935.avif; https://www.mubawab-media.com/ad/8/137/723F/h/thumb_1075205_property_xlarge_80225936.avif; https://www.mubawab-media.com/ad/8/137/723F/h/thumb_1075206_property_xlarge_80225937.avif; https://www.mubawab-media.com/ad/8/137/723F/h/thumb_1075207_property_xlarge_80225938.avif; https://www.mubawab-media.com/ad/8/137/723F/h/thumb_1075208_property_xlarge_80225939.avif; https://www.mubawab-media.com/ad/8/137/723F/h/thumb_1075209_property_xlarge_80225940.avif; https://www.mubawab-media.com/ad/8/137/723F/h/thumb_1075210_property_xlarge_80225941.avif; https://www.mubawab-media.com/ad/8/137/723F/h/thumb_1075211_property_xlarge_80225942.avif; https://www.mubawab-media.com/ad/8/137/723F/h/thumb_1075212_property_xlarge_80225943.avif; https://www.mubawab-media.com/business/8/390F/s/173569684_3743946405703280_2342906483815680692_n_12649711.avif; https://www.mubawab-media.com/ad/8/265/974F/m/thumb_1219433_property_xlarge_81562900.avif; https://www.mubawab-media.com/ad/8/285/727F/m/thumb_1238372_property_xlarge_81777619.avif,"{""type de bien"": ""Maison""}","{""latitude"": ""36.88833"", ""longitude"": ""10.27417""}","{""securite"": ""Oui"", ""piscine"": ""Oui"", ""jardin"": ""Oui"", ""terrasse"": ""Oui""}","{""etat"": ""Neuf""}","{""formulaire_contact"": ""Disponible""}",2026-02-01T13:07:25.339078,search,True
8145421,A Vendre Appartement S2,https://www.mubawab.tn/fr/a/8145421/a-vendre-appartement-s2,,La Soukra,La Soukra,"La Soukra, La Soukra",Maison,Vente,350300.0,350 300 TND,3100.0,113.0,"113
						m²",3,2,1,,,,,"TOUIHRI IMMO vous propose un nouvelle opportunité, une appartement s3 au premier étage dans d'une résidence sécurise, calme et gardée situe a la nouvelle Soukra . superficie 113m² se compose : cuisine équipée avec balcon une salle de bain suite parentèle deux chambre Ainsi que chauffage","TOUIHRI IMMO vous propose un nouvelle opportunité, une appartement s3 au premier étage dans d'une résidence sécurise, calme et gardée situe a la nouvelle Soukra .superficie 113m²se compose :cuisine équipée avec balconune salle de bainsuite parentèledeux chambreAinsi que chauffage central et climatisationplace parkingprix 3100dt/m²",Terrasse; Garage; Ascenseur; Concierge; Climatisation; Chauffage central; Sécurité; Double vitrage; Cuisine équipée; Parking; Balcon,Ascenseur; Concierge; Climatisation; Chauffage central; Sécurité; Double vitrage; Cuisine équipée; Parking; Garage; Terrasse; Balcon,Terrasse; Garage; Ascenseur; Concierge; Climatisation; Chauffage central; Sécurité; Double vitrage; Cuisine équipée,https://www.mubawab-media.com/assets/logos/mubawab.png; https://www.mubawab-media.com/assets/common/loading.gif; https://www.mubawab-media.com/ad/8/145/421F/h/496927090_122104744028864180_2272730811919880806_n_80302406.avif; https://www.mubawab-media.com/ad/8/145/421F/h/496940450_122104743590864180_8983695389968964212_n_80302407.avif; https://www.mubawab-media.com/ad/8/145/421F/h/497096418_122104743668864180_4178929884600740336_n_80302408.avif; https://www.mubawab-media.com/ad/8/145/421F/h/497720101_122104743674864180_3400870160085920301_n_80302409.avif; https://www.mubawab-media.com/ad/8/145/421F/h/496936687_122104743800864180_1074294442101675534_n_80302410.avif; https://www.mubawab-media.com/ad/8/145/421F/h/497807659_122104743884864180_6039340261861706224_n_80302411.avif; https://www.mubawab-media.com/ad/8/145/421F/h/496544434_122104743914864180_6989923642500557224_n_80302412.avif; https://www.mubawab-media.com/ad/8/145/421F/h/497479406_122104743962864180_6363799778038389309_n_80302413.avif; https://www.mubawab-media.com/ad/8/145/421F/h/496926711_122104743830864180_7495520201520673840_n_80302414.avif; https://www.mubawab-media.com/ad/8/145/421F/h/496630028_122104744064864180_1049140906500586499_n_80302415.avif; https://www.mubawab-media.com/ad/8/145/421F/h/497510676_122104743758864180_2768535226321368386_n_80302416.avif; https://www.mubawab-media.com/business/12/377F/s/0_80271784.avif,"{""type de bien"": ""Maison"", ""etat"": ""Bon état / habitable"", ""années"": ""Moins d'un an"", ""nombre d'étages"": ""1""}","{""latitude"": ""36.883333"", ""longitude"": ""10.25""}","{""parking"": ""Oui"", ""ascenseur"": ""Oui"", ""climatisation"": ""Oui"", ""concierge"": ""Oui"", ""securite"": ""Oui"", ""terrasse"": ""Oui""}","{""etat"": ""Neuf""}","{""formulaire_contact"": ""Disponible""}",2026-02-01T13:07:25.343690,search,True
8107007,Villa S4 Chotrana 1,https://www.mubawab.tn/fr/a/8107007/villa-s4-chotrana-1,,La Soukra,Chotrana 1,"Chotrana 1, La Soukra",Villa,Vente,870000.0,870 000 TND,870000.0,434.0,"434
						m²",4,4,1,,,,,Réf AVM01690 A vendre une villa S4 Emplacement Chotrana 1 Superficie totale 434 m² Superficie couverte 210 m² Typologie #S4 Composition Un salon une suite parentale trois chambres à coucher une salle de bain une salle d’eau et une cuisine spacieuse bien équipée avec séchoir. Climatiseurs Chauffage c,Réf AVM01690 A vendre une villa S4 Emplacement Chotrana 1 Superficie totale 434 m² Superficie couverte 210 m² Typologie #S4 Composition Un salon une suite parentale trois chambres à coucher une salle de bain une salle d’eau et une cuisine spacieuse bien équipée avec séchoir. Climatiseurs Chauffage central. Jardin de 4 cotés. Abri pour deux voitures Prix 870000 dt Titre individuel Contact 20338278 ou 98617607 ou 71717175,Jardin; Chauffage central,Chauffage central; Jardin,Jardin; Chauffage central,https://www.mubawab-media.com/assets/logos/mubawab.png; https://www.mubawab-media.com/assets/common/loading.gif; https://www.mubawab-media.com/ad/8/107/007F/h/thumb_1034439_property_large_79914544.avif; https://www.mubawab-media.com/ad/8/107/007F/h/thumb_1034427_property_large_79914545.avif; https://www.mubawab-media.com/ad/8/107/007F/h/thumb_1034441_property_large_79914546.avif; https://www.mubawab-media.com/ad/8/107/007F/h/thumb_1034444_property_large_79914547.avif; https://www.mubawab-media.com/ad/8/107/007F/h/thumb_1034446_property_large_79914548.avif; https://www.mubawab-media.com/ad/8/107/007F/h/thumb_1034438_property_large_79914549.avif; https://www.mubawab-media.com/ad/8/107/007F/h/thumb_1034437_property_large_79914550.avif; https://www.mubawab-media.com/ad/8/107/007F/h/thumb_1034436_property_large_79914551.avif; https://www.mubawab-media.com/ad/8/107/007F/h/thumb_1034428_property_large_79914552.avif; https://www.mubawab-media.com/ad/8/107/007F/h/thumb_1034429_property_large_79914553.avif; https://www.mubawab-media.com/ad/8/107/007F/h/thumb_1034430_property_large_79914554.avif; https://www.mubawab-media.com/ad/8/107/007F/h/thumb_1034431_property_large_79914555.avif; https://www.mubawab-media.com/ad/8/107/007F/h/thumb_1034432_property_large_79914556.avif; https://www.mubawab-media.com/ad/8/107/007F/h/thumb_1034433_property_large_79914557.avif,"{""type de bien"": ""Maison"", ""etat"": ""Bon état / habitable""}","{""latitude"": ""36.883333"", ""longitude"": ""10.25""}","{""jardin"": ""Oui""}","{""etat"": ""Neuf""}","{""formulaire_contact"": ""Disponible""}",2026-02-01T13:07:25.351738,search,True
7904980,A vendre une magnifique villa à la Soukra,https://www.mubawab.tn/fr/a/7904980/a-vendre-une-magnifique-villa-%C3%A0-la-soukra,,La Soukra,Cité El Boustene 1,"Cité El Boustene 1, La Soukra",Villa,Vente,1250000.0,1 250 000 TND,1250000.0,432.0,"432
						m²",0,3,1,,,,,"Agence immobilière Carthage City vous propose pour la vente une magnifique villa à la Souka à proximité de SHELL SOUKRA . Superficie du Terrain :432m² Superficie couverte :220m² Vocation :R2 (Possibilité d'ajouter deux étages ) Elle est composée d’une cuisine équipée, une salle d’eau, un grand","Agence immobilière Carthage City vous propose pour la vente une magnifique villa à la Souka à proximité de SHELL SOUKRA .Superficie du Terrain :432m²Superficie couverte :220m²Vocation :R2 (Possibilité d'ajouter deux étages )Elle est composée d’une cuisine équipée, une salle d’eau, un grand salon, un séjour séparé.La partie nuit se compose d’une chambre parentale, une salle de bain et de deux chambres à coucher.A l’intérieur on trouve un jardin et un grand garage",Jardin; Terrasse; Garage; Chambre rangement; Climatisation; Chauffage central; Sécurité; Double vitrage; Porte blindée; Cuisine équipée,Climatisation; Chauffage central; Sécurité; Double vitrage; Porte blindée; Cuisine équipée; Garage; Terrasse; Jardin,Jardin; Terrasse; Garage; Chambre rangement; Climatisation; Chauffage central; Sécurité; Double vitrage; Porte blindée; Cuisine équipée,https://www.mubawab-media.com/assets/logos/mubawab.png; https://www.mubawab-media.com/assets/common/loading.gif; https://www.mubawab-media.com/ad/7/904/980F/h/photo_00_74178873.avif; https://www.mubawab-media.com/ad/7/904/980F/h/photo_01_74178874.avif; https://www.mubawab-media.com/ad/7/904/980F/h/photo_02_74178875.avif; https://www.mubawab-media.com/ad/7/904/980F/h/photo_03_74178876.avif; https://www.mubawab-media.com/ad/7/904/980F/h/photo_04_74178877.avif; https://www.mubawab-media.com/ad/7/904/980F/h/photo_05_74178878.avif; https://www.mubawab-media.com/ad/7/904/980F/h/photo_06_74178879.avif; https://www.mubawab-media.com/ad/7/904/980F/h/photo_07_74178880.avif; https://www.mubawab-media.com/ad/7/904/980F/h/photo_08_74178881.avif; https://www.mubawab-media.com/ad/7/904/980F/h/photo_09_74178882.avif; https://www.mubawab-media.com/ad/7/904/980F/h/photo_010_74178883.avif; https://www.mubawab-media.com/ad/7/904/980F/h/photo_011_74178884.avif; https://www.mubawab-media.com/ad/7/904/980F/h/photo_012_74178885.avif,"{""type de bien"": ""Maison"", ""etat"": ""Bon état / habitable"", ""années"": ""5-10 ans"", ""orientation"": ""Nord"", ""type du sol"": ""Marbre""}","{""latitude"": ""36.883333"", ""longitude"": ""10.25""}","{""parking"": ""Oui"", ""climatisation"": ""Oui"", ""securite"": ""Oui"", ""jardin"": ""Oui"", ""terrasse"": ""Oui""}","{""etat"": ""Neuf""}","{""formulaire_contact"": ""Disponible""}",2026-02-01T13:07:25.355740,search,True
7903445,A vendre Villa Moderne à La Soukra,https://www.mubawab.tn/fr/a/7903445/a-vendre-villa-moderne-%C3%A0-la-soukra,,La Soukra,La Soukra,"La Soukra, La Soukra",Villa,Vente,2000000.0,2 000 000 TND,2000000.0,958.0,"958
						m²",1,4,0,,,,,"Darcom-Tunisia La Soukra vous propose à la vente une splendide villa à la Soukra Chotran II avec architecture moderne .Cette villa est construite dans un cartier calme avec voisinage de luxe.Elle se compose au rez de chaussée d'un grand salon très lumineux donnant sur la piscine et le jardin ,Une l","Darcom-Tunisia La Soukra vous propose à la vente une splendide villa à la Soukra Chotran II avec architecture moderne .Cette villa est construite dans un cartier calme avec voisinage de luxe.Elle se compose au rez de chaussée d'un grand salon très lumineux donnant sur la piscine et le jardin ,Une luxueuse cuisine ouverte ,une salle d'eau pour les invités et une suite donnant aussi sur la piscine.À l'étage on trouve deux Chambres a coucher avec des magnifiques dimension et très lumineuse,l'une d'entre elles a une terrasse .une séjour disponible a l'étage.Un studio très bien équipé pour femme de ménage ou gardien.À l'extérieur on trouve une tres grande piscine à débordement mesurant 12,5 mètres de longueur sur 4,5 mètres de largeur entouré d'un jardin.Un Abri pour voituresLes matériaux utilisés sont des matériaux noble et de très bonnes qualités.Le terrain fait 958 M²La surface couverte :330 M²Prix de vente : 2.000.000d ttcSi vous souhaitez visiter le bien n’hésitez pas à nous contacter",Jardin; Terrasse; Garage; Piscine; Chambre rangement; Antenne parabolique; Cheminée; Climatisation; Chauffage central; Double vitrage; Porte blindée; Cuisine équipée; Four; Micro-ondes,Climatisation; Chauffage central; Double vitrage; Porte blindée; Cuisine équipée; Garage; Terrasse; Jardin; Piscine; Cheminée,Jardin; Terrasse; Garage; Piscine; Chambre rangement; Antenne parabolique; Cheminée; Climatisation; Chauffage central; Double vitrage; Porte blindée; Cuisine équipée; Four; Micro-ondes,https://www.mubawab-media.com/assets/logos/mubawab.png; https://www.mubawab-media.com/assets/common/loading.gif; https://www.mubawab-media.com/ad/7/903/445F/h/thumb_806381_property_xlarge_77848458.avif; https://www.mubawab-media.com/ad/7/903/445F/h/thumb_806403_property_xlarge_77848457.avif; https://www.mubawab-media.com/ad/7/903/445F/h/thumb_806383_property_xlarge_77848459.avif; https://www.mubawab-media.com/ad/7/903/445F/h/thumb_806395_property_xlarge_77848460.avif; https://www.mubawab-media.com/ad/7/903/445F/h/thumb_806389_property_xlarge_77848461.avif; https://www.mubawab-media.com/ad/7/903/445F/h/thumb_806398_property_xlarge_77848462.avif; https://www.mubawab-media.com/ad/7/903/445F/h/thumb_806397_property_xlarge_77848463.avif; https://www.mubawab-media.com/ad/7/903/445F/h/thumb_806405_property_xlarge_77848464.avif; https://www.mubawab-media.com/ad/7/903/445F/h/thumb_806404_property_xlarge_77848465.avif; https://www.mubawab-media.com/ad/7/903/445F/h/thumb_806402_property_xlarge_77848466.avif; https://www.mubawab-media.com/ad/7/903/445F/h/thumb_806401_property_xlarge_77848467.avif; https://www.mubawab-media.com/ad/7/903/445F/h/thumb_806400_property_xlarge_77848468.avif; https://www.mubawab-media.com/ad/7/903/445F/h/thumb_806399_property_xlarge_77848469.avif; https://www.mubawab-media.com/ad/7/903/445F/h/thumb_806394_property_xlarge_77848470.avif,"{""type de bien"": ""Maison"", ""etat"": ""Bon état / habitable""}","{""latitude"": ""36.8835815482385"", ""longitude"": ""10.222537217774319""}","{""parking"": ""Oui"", ""climatisation"": ""Oui"", ""piscine"": ""Oui"", ""jardin"": ""Oui"", ""terrasse"": ""Oui""}","{""etat"": ""Neuf""}","{""formulaire_contact"": ""Disponible""}",2026-02-01T13:07:25.362794,search,True
7845862,A Vendre Villa de 2048 m² à Soukra,https://www.mubawab.tn/fr/a/7845862/a-vendre-villa-de-2048-m%C2%B2-%C3%A0-soukra,,La Soukra,La Soukra,"La Soukra, La Soukra",Villa,Vente,2500000.0,2 500 000 TND,2500000.0,2048.0,"2048
						m²",7,6,0,,,,,"Darcom-tunisia la soukra met à la vente villa plain pied , située dans un quartier calme, résidentiel qui se distingue par son entourage.Elle se dresse sur un terrain de 2048 m², entourée d’un jardin gazonné et bien entretenu honoré par une piscine.Un grand hall d'entrée qui nous améne dans un spaci","Darcom-tunisia la soukra met à la vente villa plain pied , située dans un quartier calme, résidentiel qui se distingue par son entourage.Elle se dresse sur un terrain de 2048 m², entourée d’un jardin gazonné et bien entretenu honoré par une piscine.Un grand hall d'entrée qui nous améne dans un spacieux salon ,salle à manger ouvrant sur un beau jardin ,une salle d'eau d'invité se trouve dans un autre hall de la villa qui s'ouvre à une cuisine agencée et équipée par une hotte, une plaque et un four. Elle donne accès au jardin.La partie nuit loge quatre chambres à coucher, dont deux suites. Les deux suites sont équipées par leurs propres salles de bain et par leur propre dressing . Une salle de bain commune est à disposition. Pour finir, un studio à l’extérieur offre plus de dépendance.Un garage pour 4 voitures est disponible.Un abri pour sept voitures est à disposition.La villa est équipée d'une climatisation en split-système ,d'un chauffage central,et d’un système photovoltaïque.N’hésitez pas à contacter nos conseillers pour un rendez-vous.54.010.782 - 54.010.768 - 31.207.707contact@darcomtunisia.comRéférence du bien: Ref1382a",Garage; Piscine; Climatisation; Chauffage central; Four; Jardin,Climatisation; Chauffage central; Garage; Jardin; Piscine,Garage; Piscine; Climatisation; Chauffage central; Four,https://www.mubawab-media.com/assets/logos/mubawab.png; https://www.mubawab-media.com/assets/common/loading.gif; https://www.mubawab-media.com/ad/7/845/862F/h/thumb_737011_property_xlarge_77848512.avif; https://www.mubawab-media.com/ad/7/845/862F/h/thumb_737012_property_xlarge_77848513.avif; https://www.mubawab-media.com/ad/7/845/862F/h/thumb_737024_property_xlarge_77848514.avif; https://www.mubawab-media.com/ad/7/845/862F/h/thumb_737022_property_xlarge_77848515.avif; https://www.mubawab-media.com/ad/7/845/862F/h/thumb_737021_property_xlarge_77848516.avif; https://www.mubawab-media.com/ad/7/845/862F/h/thumb_737023_property_xlarge_77848517.avif; https://www.mubawab-media.com/ad/7/845/862F/h/thumb_737026_property_xlarge_77848518.avif; https://www.mubawab-media.com/ad/7/845/862F/h/thumb_737020_property_xlarge_77848519.avif; https://www.mubawab-media.com/ad/7/845/862F/h/thumb_737027_property_xlarge_77848520.avif; https://www.mubawab-media.com/business/8/008F/s/grand_6471550.avif; https://www.mubawab-media.com/ad/8/145/609F/m/thumb_1094494_property_xlarge_80304189.avif; https://www.mubawab-media.com/ad/8/259/756F/m/thumb_1216797_property_large_81485054.avif,"{""type de bien"": ""Maison"", ""etat"": ""Bon état / habitable""}","{""latitude"": ""36.87174332062169"", ""longitude"": ""10.236469076701189""}","{""parking"": ""Oui"", ""climatisation"": ""Oui"", ""piscine"": ""Oui"", ""jardin"": ""Oui""}","{""etat"": ""Neuf""}","{""formulaire_contact"": ""Disponible""}",2026-02-01T13:07:25.371904,search,True
8099765,A vendre Un Triplex à La Soukra,https://www.mubawab.tn/fr/a/8099765/a-vendre-un-triplex-%C3%A0-la-soukra,,La Soukra,La Soukra,"La Soukra, La Soukra",Triplex,Vente,870000.0,870 000 TND,870000.0,300.0,"300
						m²",4,4,1,,,,,Offrez-vous ce triplex situé à La Soukra Caractéristiques Rez-de-chaussée Grand salon lumineux Ouvert sur un jardin spacieux de 300 m² Séjour convivial Un espace chaleureux. Cuisine équipée Fonctionnelle et moderne. Salle d’eau pour les invités Pratique et élégante. À l’étage Suite parentale avec sa,Offrez-vous ce triplex situé à La Soukra Caractéristiques Rez-de-chaussée Grand salon lumineux Ouvert sur un jardin spacieux de 300 m² Séjour convivial Un espace chaleureux. Cuisine équipée Fonctionnelle et moderne. Salle d’eau pour les invités Pratique et élégante. À l’étage Suite parentale avec salle de bain privative. Trois chambres à coucher Spacieuses et lumineuses. Salle de bain Bien agencée. Sous-Sol Cellier Espace de rangement pratique. Deux places de parking Sécurisées et accessibles. Extérieur Jardin paysager Un espace extérieur verdoyant Équipements Chauffage central Climatisation en split,Jardin; Garage; Entre-seul; Climatisation; Chauffage central; Cuisine équipée; Sous-sol,Climatisation; Chauffage central; Cuisine équipée; Garage; Jardin; Sous-sol,Jardin; Garage; Entre-seul; Climatisation; Chauffage central; Cuisine équipée,https://www.mubawab-media.com/assets/logos/mubawab.png; https://www.mubawab-media.com/assets/common/loading.gif; https://www.mubawab-media.com/ad/8/099/765F/h/thumb_657249_property_large_79843236.avif; https://www.mubawab-media.com/ad/8/099/765F/h/thumb_657237_property_large_79843237.avif; https://www.mubawab-media.com/ad/8/099/765F/h/thumb_657240_property_large_79843238.avif; https://www.mubawab-media.com/ad/8/099/765F/h/thumb_657239_property_large_79843239.avif; https://www.mubawab-media.com/ad/8/099/765F/h/thumb_657241_property_large_79843240.avif; https://www.mubawab-media.com/ad/8/099/765F/h/thumb_657238_property_large_79843241.avif; https://www.mubawab-media.com/ad/8/099/765F/h/thumb_657242_property_large_79843242.avif; https://www.mubawab-media.com/ad/8/099/765F/h/thumb_657247_property_large_79843243.avif; https://www.mubawab-media.com/ad/8/099/765F/h/thumb_657246_property_large_79843244.avif; https://www.mubawab-media.com/ad/8/099/765F/h/thumb_657250_property_large_79843245.avif; https://www.mubawab-media.com/business/6/581F/s/logo_6344138.avif; https://www.mubawab-media.com/ad/8/212/588F/m/thumb_1141057_property_xlarge_80990224.avif,"{""type de bien"": ""Maison"", ""etat"": ""Bon état / habitable""}","{""latitude"": ""36.883333"", ""longitude"": ""10.25""}","{""parking"": ""Oui"", ""climatisation"": ""Oui"", ""jardin"": ""Oui""}","{""etat"": ""Neuf""}","{""formulaire_contact"": ""Disponible""}",2026-02-01T13:07:25.375902,search,True
8126927,A vendre luxueuse villa S4 à Chotrana 3,https://www.mubawab.tn/fr/a/8126927/a-vendre-luxueuse-villa-s4-%C3%A0-chotrana-3,,La Soukra,Chotrana 3,"Chotrana 3, La Soukra",Villa,Vente,2100000.0,2 100 000 TND,2100000.0,400.0,"400
						m²",0,5,0,,,,,Luxury House vous propose à la vente une luxueuse villa S4 avec piscine et jardin sur deux niveaux situé à Chotrana 3 . Superficie terrain : 400m2 Superficie bâtis :AU RDC : Un spacieux salon lumineux Double cuisine Un bar Un bureau Chambre de service Un jardin Une piscine Un abri de deux voitures,Luxury House vous propose à la vente une luxueuse villa S4 avec piscine et jardin sur deux niveaux situé à Chotrana 3 .Superficie terrain : 400m2Superficie bâtis :AU RDC :Un spacieux salon lumineuxDouble cuisineUn barUn bureauChambre de serviceUn jardinUne piscineUn abri de deux voituresÀ L’ÉTAGE :04 Suites parentales Référence du bien: Ref1833a,Jardin; Piscine,Jardin; Piscine,Jardin; Piscine,https://www.mubawab-media.com/assets/logos/mubawab.png; https://www.mubawab-media.com/assets/common/loading.gif; https://www.mubawab-media.com/ad/8/126/927F/h/thumb_1071702_property_xlarge_80117040.avif; https://www.mubawab-media.com/ad/8/126/927F/h/thumb_1071704_property_xlarge_80117041.avif; https://www.mubawab-media.com/ad/8/126/927F/h/thumb_1071698_property_xlarge_80117042.avif; https://www.mubawab-media.com/ad/8/126/927F/h/thumb_1071690_property_xlarge_80117043.avif; https://www.mubawab-media.com/ad/8/126/927F/h/thumb_1071697_property_xlarge_80117044.avif; https://www.mubawab-media.com/ad/8/126/927F/h/thumb_1071696_property_xlarge_80117045.avif; https://www.mubawab-media.com/ad/8/126/927F/h/thumb_1071701_property_xlarge_80117046.avif; https://www.mubawab-media.com/ad/8/126/927F/h/thumb_1071691_property_xlarge_80117047.avif; https://www.mubawab-media.com/ad/8/126/927F/h/thumb_1071693_property_xlarge_80117048.avif; https://www.mubawab-media.com/ad/8/126/927F/h/thumb_1071700_property_xlarge_80117049.avif; https://www.mubawab-media.com/ad/8/126/927F/h/thumb_1071699_property_xlarge_80117050.avif; https://www.mubawab-media.com/ad/8/126/927F/h/thumb_1071703_property_xlarge_80117051.avif; https://www.mubawab-media.com/ad/8/126/927F/h/thumb_1071694_property_xlarge_80117052.avif; https://www.mubawab-media.com/ad/8/126/927F/h/thumb_1071695_property_xlarge_80117053.avif,"{""type de bien"": ""Maison""}","{""latitude"": ""36.896544"", ""longitude"": ""10.217961""}","{""piscine"": ""Oui"", ""jardin"": ""Oui""}","{""etat"": ""Neuf""}","{""formulaire_contact"": ""Disponible""}",2026-02-01T13:07:25.381975,search,True
8121790,À vendre Duplex S4 jumelé à La Soukra avec piscine,https://www.mubawab.tn/fr/a/8121790/%C3%A0-vendre-duplex-s4-jumel%C3%A9-%C3%A0-la-soukra-avec-piscine,,La Soukra,La Soukra,"La Soukra, La Soukra",Duplex,Vente,850000.0,850 000 TND,850000.0,290.0,"290
						m²",0,5,0,,,,,Luxury House vous propose à la vente un Duplex S4 avec piscine et jardin jumelé à La Soukra- Superficie du terrain: 290 m²- Superficie bâtie: 196 m²Composition:Rez-de-chaussée:-un salon-une cuisine équipée avec plaque hotte four et micro-ondes-une chambre à coucher-une salle d'eau invités.- À l'é,Luxury House vous propose à la vente un Duplex S4 avec piscine et jardin jumelé à La Soukra- Superficie du terrain: 290 m²- Superficie bâtie: 196 m²Composition:Rez-de-chaussée:-un salon-une cuisine équipée avec plaque hotte four et micro-ondes-une chambre à coucher-une salle d'eau invités.- À l'étage:-deux chambres à coucher avec dressing partageant une salle de bain-une suite parentale avec dressing-salle de douche.le Duplex est doté de la climatisation en Split et du chauffage central et une place de parking abritéeRéférence du bien: Ref1814a,Jardin; Garage; Piscine; Climatisation; Chauffage central; Cuisine équipée; Four; Micro-ondes,Climatisation; Chauffage central; Cuisine équipée; Garage; Jardin; Piscine,Jardin; Garage; Piscine; Climatisation; Chauffage central; Cuisine équipée; Four; Micro-ondes,https://www.mubawab-media.com/assets/logos/mubawab.png; https://www.mubawab-media.com/assets/common/loading.gif; https://www.mubawab-media.com/ad/8/121/790F/h/thumb_1063165_property_xlarge_80064257.avif; https://www.mubawab-media.com/ad/8/121/790F/h/thumb_1063166_property_xlarge_80064258.avif; https://www.mubawab-media.com/ad/8/121/790F/h/thumb_1063164_property_xlarge_80064259.avif; https://www.mubawab-media.com/ad/8/121/790F/h/thumb_1063162_property_xlarge_80064260.avif; https://www.mubawab-media.com/ad/8/121/790F/h/thumb_1063137_property_xlarge_80064261.avif; https://www.mubawab-media.com/ad/8/121/790F/h/thumb_1063159_property_xlarge_80064262.avif; https://www.mubawab-media.com/ad/8/121/790F/h/thumb_1063161_property_xlarge_80064263.avif; https://www.mubawab-media.com/ad/8/121/790F/h/thumb_1063163_property_xlarge_80064264.avif; https://www.mubawab-media.com/ad/8/121/790F/h/thumb_1063154_property_xlarge_80064265.avif; https://www.mubawab-media.com/ad/8/121/790F/h/thumb_1063160_property_xlarge_80064266.avif; https://www.mubawab-media.com/ad/8/121/790F/h/thumb_1063148_property_xlarge_80064267.avif; https://www.mubawab-media.com/ad/8/121/790F/h/thumb_1063138_property_xlarge_80064268.avif; https://www.mubawab-media.com/ad/8/121/790F/h/thumb_1063149_property_xlarge_80064269.avif; https://www.mubawab-media.com/ad/8/121/790F/h/thumb_1063156_property_xlarge_80064270.avif,"{""type de bien"": ""Maison""}","{""latitude"": ""36.88833"", ""longitude"": ""10.27417""}","{""parking"": ""Oui"", ""climatisation"": ""Oui"", ""piscine"": ""Oui"", ""jardin"": ""Oui""}","{""etat"": ""Neuf""}","{""formulaire_contact"": ""Disponible""}",2026-02-01T13:07:25.387484,search,True
8054192,Une Somptueuse Villa de Maître de plain pied à La Soukra,https://www.mubawab.tn/fr/a/8054192/une-somptueuse-villa-de-ma%C3%AEtre-de-plain-pied-%C3%A0-la-soukra,,La Soukra,La Soukra,"La Soukra, La Soukra",Villa,Vente,0,Prix à consulter,0,2500.0,"2500
						m²",0,4,0,,,,,"New Key La Soukra met à la vente une superbe villa de maître de plain-pied qui s'étale sur un terrain de 2500 m² avec 460 m² de bâti, située dans un quartier très calme et résidentiel à La Soukra.L'accueil présente un hall d'entrée, un gigantesque salon en baies vitrées qui vous permettront de prof","New Key La Soukra met à la vente une superbe villa de maître de plain-pied qui s'étale sur un terrain de 2500 m² avec 460 m² de bâti, située dans un quartier très calme et résidentiel à La Soukra.L'accueil présente un hall d'entrée, un gigantesque salon en baies vitrées qui vous permettront de profiter de la vue sur le jardin et la piscine tout en étant à l'intérieur, un deuxième salon, une salle à mange le tout donne sur une belle et grande terrasse couverte,, une cuisine bien équipée, un débarras, une deuxième cuisine de service, une salle d'eau invités et un compartiment personnel et un grand garage pour deux voitures.La partie nuit loge 04 grandes suites chacune avec son dressing et sa salle de bain, un jardin d'hiver décoratif, un débarras qui mène directement à une grande piscine chauffée couverte.A L'extérieur : un beau jardin gazonné et arboré, une belle piscine, une loge gardien et un abri pour plusieurs voitures.Une Villa d'exception avec un style arabesque et des matières nobles, elle est idéale pour une famille à la recherche d'un cadre de vie paisible et confortable.Référence du bien: Ref7390a",Jardin; Terrasse; Garage; Piscine; Concierge; Chambre rangement; Cuisine équipée,Concierge; Cuisine équipée; Garage; Terrasse; Jardin; Piscine,Jardin; Terrasse; Garage; Piscine; Concierge; Chambre rangement; Cuisine équipée,https://www.mubawab-media.com/assets/logos/mubawab.png; https://www.mubawab-media.com/assets/common/loading.gif; https://www.mubawab-media.com/ad/8/054/192F/h/thumb_970478_property_xlarge_79400796.avif; https://www.mubawab-media.com/ad/8/054/192F/h/thumb_970479_property_xlarge_79400797.avif; https://www.mubawab-media.com/ad/8/054/192F/h/thumb_970535_property_xlarge_79400798.avif; https://www.mubawab-media.com/ad/8/054/192F/h/thumb_970531_property_xlarge_79400799.avif; https://www.mubawab-media.com/ad/8/054/192F/h/thumb_970494_property_xlarge_79400800.avif; https://www.mubawab-media.com/ad/8/054/192F/h/thumb_970498_property_xlarge_79400801.avif; https://www.mubawab-media.com/ad/8/054/192F/h/thumb_970546_property_xlarge_79400802.avif; https://www.mubawab-media.com/ad/8/054/192F/h/thumb_970529_property_xlarge_79400803.avif; https://www.mubawab-media.com/ad/8/054/192F/h/thumb_970528_property_xlarge_79400804.avif; https://www.mubawab-media.com/ad/8/054/192F/h/thumb_970539_property_xlarge_79400805.avif; https://www.mubawab-media.com/ad/8/054/192F/h/thumb_970489_property_xlarge_79400806.avif; https://www.mubawab-media.com/ad/8/054/192F/h/thumb_970480_property_xlarge_79400807.avif,"{""type de bien"": ""Maison""}","{""latitude"": ""36.88833"", ""longitude"": ""10.27417""}","{""parking"": ""Oui"", ""concierge"": ""Oui"", ""piscine"": ""Oui"", ""jardin"": ""Oui"", ""terrasse"": ""Oui""}","{""etat"": ""Neuf""}","{""formulaire_contact"": ""Disponible""}",2026-02-01T13:07:25.394041,search,True
7914065,À vendre duplex avec piscine à la soukra,https://www.mubawab.tn/fr/a/7914065/%C3%A0-vendre-duplex-avec-piscine-%C3%A0-la-soukra,,La Soukra,La Soukra,"La Soukra, La Soukra",Duplex,Vente,990000.0,990 000 TND,990000.0,250.0,"250
						m²",4,3,0,,,,,"L'agence Immobilière la Cible immo vous propose à la vente un duplex haut standing dans une résidence gardée et proche de toutes commodités à la soukra. Il est composé d'un spacieux salon salle à manger qui donne sur le jardin et la piscine, une cuisine totalement équipée et une salle d'eau. À l","L'agence Immobilière la Cible immo vous propose à la vente un duplex haut standing dans une résidence gardée et proche de toutes commodités à la soukra.Il est composé d'un spacieux salon salle à manger qui donne sur le jardin et la piscine, une cuisine totalement équipée et une salle d'eau.À l'étage, trois suites.Remise des clés mars 2026",Jardin; Terrasse; Garage; Piscine; Concierge; Antenne parabolique; Climatisation; Chauffage central; Sécurité; Double vitrage; Porte blindée; Cuisine équipée,Concierge; Climatisation; Chauffage central; Sécurité; Double vitrage; Porte blindée; Cuisine équipée; Garage; Terrasse; Jardin; Piscine,Jardin; Terrasse; Garage; Piscine; Concierge; Antenne parabolique; Climatisation; Chauffage central; Sécurité; Double vitrage; Porte blindée; Cuisine équipée,https://www.mubawab-media.com/assets/logos/mubawab.png; https://www.mubawab-media.com/assets/common/loading.gif; https://www.mubawab-media.com/ad/7/914/065F/h/FB_IMG_1715603427322_75194140.avif; https://www.mubawab-media.com/ad/7/914/065F/h/FB_IMG_1715603421520_75194142.avif; https://www.mubawab-media.com/ad/7/914/065F/h/FB_IMG_1715603505545_75194143.avif; https://www.mubawab-media.com/ad/7/914/065F/h/FB_IMG_1715603502787_75194144.avif; https://www.mubawab-media.com/ad/7/914/065F/h/FB_IMG_1715603517983_75194145.avif; https://www.mubawab-media.com/ad/7/914/065F/h/FB_IMG_1715603424237_75194146.avif; https://www.mubawab-media.com/ad/7/914/065F/h/FB_IMG_1715603508615_75194147.avif; https://www.mubawab-media.com/ad/7/914/065F/h/FB_IMG_1715603520619_75194148.avif; https://www.mubawab-media.com/ad/7/914/065F/h/FB_IMG_1715603511657_75194149.avif; https://www.mubawab-media.com/business/8/643F/s/logo_21291690.avif; https://www.mubawab-media.com/ad/8/285/727F/m/thumb_1238372_property_xlarge_81777619.avif; https://www.mubawab-media.com/ad/8/118/749F/m/exterieur_81309311.avif,"{""type de bien"": ""Maison"", ""etat"": ""Bon état / habitable""}","{""latitude"": ""36.88833000000001"", ""longitude"": ""10.274169999999998""}","{""parking"": ""Oui"", ""climatisation"": ""Oui"", ""concierge"": ""Oui"", ""securite"": ""Oui"", ""piscine"": ""Oui"", ""jardin"": ""Oui"", ""terrasse"": ""Oui""}","{""etat"": ""Neuf""}","{""formulaire_contact"": ""Disponible""}",2026-02-01T13:07:25.400680,search,True
8108121,A vendre un triplex contemporain à la soukra,https://www.mubawab.tn/fr/a/8108121/a-vendre-un-triplex-contemporain-%C3%A0-la-soukra,,La Soukra,Aéroport Tunis Carthage,"Aéroport Tunis Carthage, La Soukra",Villa,Vente,1200000.0,1 200 000 TND,1200000.0,280.0,"280
						m²",5,7,1,,,,,On met à la vente une villa triplex avec un grand jardin de 100m² piscinable dans une résidence prestigieuse trés bien gardée et sécurisé à la soukra prés de carrefour . Il s’agit d’un triplex avec une entrée indépendante de haut standing qui se compose comme suit Au rez-de-chaussée on trouve à l’,On met à la vente une villa triplex avec un grand jardin de 100m² piscinable dans une résidence prestigieuse trés bien gardée et sécurisé à la soukra prés de carrefour . Il s’agit d’un triplex avec une entrée indépendante de haut standing qui se compose comme suit Au rez-de-chaussée on trouve à l’entrée un jardin dhiver qui donne sur une piéce de vie en double hauteur qui peut contenir aisément un salon et une salle à manger s’ouvrant avec une baie vitrée coulissante donnant sur le jardin une grande cuisine équipée et aménagée en ilots central avec un grand séchoir buanderie une salle d’eau invité avec douche un séjour ouvrant sur le jardin une chambre de service et un axce direct vers le parking au sous sol . Au premier étage on trouve une chambre enfant avec dressing une salle de bain en commun et une grande suite parentale avec un dressing room et une grande salle de bain avec douche et beignoire . Au deuxiéme étage on touve deux chambres à coucher et une salle de bain commune . Le triplex dispose d’une climatisation et chaffage centrale dans toutes les pieces un systéme d’alarme et de deux places de parking au sous-sol et un cellier . NB titres fonciers en règle Pour tout renseignement complémentaire merci de contacter l’agence immobiliére ID Home au numéro suivant 216 54278181,Jardin; Garage; Entre-seul; Climatisation; Sécurité; Cuisine équipée,Climatisation; Sécurité; Cuisine équipée; Garage; Jardin,Jardin; Garage; Entre-seul; Climatisation; Sécurité; Cuisine équipée,https://www.mubawab-media.com/assets/logos/mubawab.png; https://www.mubawab-media.com/assets/common/loading.gif; https://www.mubawab-media.com/ad/8/108/121F/h/thumb_1026641_property_large_79925303.avif; https://www.mubawab-media.com/ad/8/108/121F/h/thumb_1026651_property_large_79925304.avif; https://www.mubawab-media.com/ad/8/108/121F/h/thumb_1026650_property_large_79925305.avif; https://www.mubawab-media.com/ad/8/108/121F/h/thumb_1026649_property_large_79925306.avif; https://www.mubawab-media.com/ad/8/108/121F/h/thumb_1026648_property_large_79925307.avif; https://www.mubawab-media.com/ad/8/108/121F/h/thumb_1026647_property_large_79925308.avif; https://www.mubawab-media.com/ad/8/108/121F/h/thumb_1026646_property_large_79925309.avif; https://www.mubawab-media.com/ad/8/108/121F/h/thumb_1026645_property_large_79925310.avif; https://www.mubawab-media.com/ad/8/108/121F/h/thumb_1026644_property_large_79925311.avif; https://www.mubawab-media.com/ad/8/108/121F/h/thumb_1026643_property_large_79925312.avif; https://www.mubawab-media.com/ad/8/108/121F/h/thumb_1026652_property_large_79925313.avif; https://www.mubawab-media.com/business/8/898F/s/logo%20ID%20HOME_34740873.avif,"{""type de bien"": ""Maison"", ""etat"": ""Bon état / habitable""}","{""latitude"": ""36.883333"", ""longitude"": ""10.25""}","{""parking"": ""Oui"", ""climatisation"": ""Oui"", ""securite"": ""Oui"", ""jardin"": ""Oui""}","{""etat"": ""Neuf""}","{""formulaire_contact"": ""Disponible""}",2026-02-01T13:09:19.894939,search,True
8104510,"À Vendre –Maison s4 Plain Pied à La Soukra, Tunis",https://www.mubawab.tn/fr/a/8104510/%C3%A0-vendre-%E2%80%93maison-s4-plain-pied-%C3%A0-la-soukra-tunis,,La Soukra,La Soukra,"La Soukra, La Soukra",Maison,Vente,0,Prix à consulter,0,170.0,"170
						m²",5,4,1,,,,,"Vous rêvez d'avoir votre propriété personnelle .. Découvrez cette spacieuse maison s4 de plain-pied, offrant 170 m² habitables sur un terrain de 450 m², située dans un quartier calme et recherché de La Soukra. Disposition des espaces : Partie nuit : • 3 chambres à coucher avec dressing • 1 sall","Vous rêvez d'avoir votre propriété personnelle ..Découvrez cette spacieuse maison s4 de plain-pied, offrant 170 m² habitables sur un terrain de 450 m², située dans un quartier calme et recherché de La Soukra.Disposition des espaces :Partie nuit :• 3 chambres à coucher avec dressing• 1 salle de bain• Dressing supplémentaire tout au long du couloir, offrant un grand espace de rangementPartie jour :• Entrée accueillante• Salon lumineux et ouvert• Séjour (pouvant servir de chambre d’amis)• Grande cuisine• Salle d’eauExtérieur :• Grand jardin arboré avec possibilité d’aménager une piscine• Spacieuse terrasse• Entrée pouvant accueillir plusieurs voituresÉquipements :• Chauffage central alimenté au gaz de ville• Nombreux rangements intégrés• Proximité immédiate des commerces, écoles et transportsAvec un prix imbattable de 530 mille dinars, qui correspond seulement à la valeur d’un terrain dans ce quartier",Jardin; Terrasse; Garage; Piscine; Chauffage central,Chauffage central; Garage; Terrasse; Jardin; Piscine,Jardin; Terrasse; Garage; Piscine; Chauffage central,https://www.mubawab-media.com/assets/logos/mubawab.png; https://www.mubawab-media.com/assets/common/loading.gif; https://www.mubawab-media.com/ad/8/104/510F/h/Messenger_creation_490438590798828_79890164.avif; https://www.mubawab-media.com/ad/8/104/510F/h/Messenger_creation_603696155901247_79890165.avif; https://www.mubawab-media.com/ad/8/104/510F/h/Messenger_creation_948487400734650_79890166.avif; https://www.mubawab-media.com/ad/8/104/510F/h/Messenger_creation_656228780135826_79890167.avif; https://www.mubawab-media.com/ad/8/104/510F/h/Messenger_creation_2652711548273396_79890168.avif; https://www.mubawab-media.com/ad/8/104/510F/h/received_1844154426339160_79890169.avif; https://www.mubawab-media.com/ad/8/104/510F/h/Messenger_creation_2129904627455777_79890170.avif; https://www.mubawab-media.com/assets/common/banks/atijjaribank.png; https://www.mubawab-media.com/assets/common/app-store/google-play-small.png; https://www.mubawab-media.com/assets/common/app-store/app-store-small.png,"{""type de bien"": ""Maison"", ""surface de la parcelle"": ""450\n\t\t\t\t\t\t\t\tm²"", ""etat"": ""Bon état / habitable""}","{""latitude"": ""36.88833"", ""longitude"": ""10.27417""}","{""parking"": ""Oui"", ""piscine"": ""Oui"", ""jardin"": ""Oui"", ""terrasse"": ""Oui""}","{""etat"": ""Neuf""}","{""formulaire_contact"": ""Disponible""}",2026-02-01T13:09:19.907847,search,True
8025661,A Vendre Une Bella Villa S5 à Choutrana 3,https://www.mubawab.tn/fr/a/8025661/a-vendre-une-bella-villa-s5-%C3%A0-choutrana-3,,La Soukra,Chotrana 3,"Chotrana 3, La Soukra",Villa,Vente,1000000.0,1 000 000 TND,1000000.0,410.0,"410
						m²",5,5,1,,,,,"L'agence Premier Déclic est ravie de vous proposer cette magnifique villa S5, idéale pour une famille recherchant espace, confort et élégance.Caractéristiques : Emplacement : Chotrana 3 Surface du terrain : 410 m² Surface couverte : 350 m² Composition : S5 (5 chambres spacieuses) Extérieurs : Jard","L'agence Premier Déclic est ravie de vous proposer cette magnifique villa S5, idéale pour une famille recherchant espace, confort et élégance.Caractéristiques :Emplacement : Chotrana 3Surface du terrain : 410 m²Surface couverte : 350 m²Composition : S5 (5 chambres spacieuses)Extérieurs :Jardin verdoyantAbri pour deux voituresDeux façades offrant une luminosité exceptionnellePrix à consulter.Cette villa est conçue pour offrir un cadre de vie agréable et fonctionnel. Pour plus d’informations ou pour organiser une visite, contactez-nous dès maintenant ! Référence du bien: Ref251a",Jardin; Climatisation; Chauffage central,Climatisation; Chauffage central; Jardin,Jardin; Climatisation; Chauffage central,https://www.mubawab-media.com/assets/logos/mubawab.png; https://www.mubawab-media.com/assets/common/loading.gif; https://www.mubawab-media.com/ad/8/025/661F/h/thumb_937443_property_large_79115843.avif; https://www.mubawab-media.com/ad/8/025/661F/h/thumb_937450_property_large_79115844.avif; https://www.mubawab-media.com/ad/8/025/661F/h/thumb_937444_property_large_79115845.avif; https://www.mubawab-media.com/ad/8/025/661F/h/thumb_937449_property_large_79115846.avif; https://www.mubawab-media.com/ad/8/025/661F/h/thumb_937438_property_large_79115847.avif; https://www.mubawab-media.com/ad/8/025/661F/h/thumb_937439_property_large_79115848.avif; https://www.mubawab-media.com/ad/8/025/661F/h/thumb_937451_property_large_79115849.avif; https://www.mubawab-media.com/ad/8/025/661F/h/thumb_937446_property_large_79115850.avif; https://www.mubawab-media.com/ad/8/025/661F/h/thumb_937448_property_large_79115851.avif; https://www.mubawab-media.com/ad/8/025/661F/h/thumb_937447_property_large_79115852.avif; https://www.mubawab-media.com/ad/8/025/661F/h/thumb_937442_property_large_79115853.avif; https://www.mubawab-media.com/ad/8/025/661F/h/thumb_937440_property_large_79115854.avif,"{""type de bien"": ""Maison"", ""etat"": ""Bon état / habitable""}","{""latitude"": ""36.883333"", ""longitude"": ""10.25""}","{""climatisation"": ""Oui"", ""jardin"": ""Oui""}","{""etat"": ""Neuf""}","{""formulaire_contact"": ""Disponible""}",2026-02-01T13:09:19.920809,search,True
7902016,A Vendre Un Joli Duplex Haut Standing S3 Jamais Habité à Cho...,https://www.mubawab.tn/fr/a/7902016/a-vendre-un-joli-duplex-haut-standing-s3-jamais-habit%C3%A9-%C3%A0-choutrana-2,,La Soukra,Chotrana 1,"Chotrana 1, La Soukra",Duplex,Vente,785000.0,785 000 TND,785000.0,191.0,"191
						m²",3,3,0,,,,,"L'agence Premier Déclic vous propose à la Vente Un Magnifique Duplex jamais habité à Choutrana ""2"" Direct promoteur.Le Duplex se compose :- D'un grand et magnifique salon .- Une très belle cuisine Avec Séchoir ,-Une salle d'eau pour les invités.-Une Chambre De Dressing.À l'étage on trouve :- Une sui","L'agence Premier Déclic vous propose à la Vente Un Magnifique Duplex jamais habité à Choutrana ""2"" Direct promoteur.Le Duplex se compose :- D'un grand et magnifique salon .- Une très belle cuisine Avec Séchoir ,-Une salle d'eau pour les invités.-Une Chambre De Dressing.À l'étage on trouve :- Une suite parentale avec Balcon .-Deux chambres à coucher avec dressing .-Une Salle De Bain .-Une Salle De Douche .La surface couverte est de 191 M2 plus un jardin piscinable .-Prix : 785.000dtLe Duplex est entièrement chauffé et climatisé.Pour plus de détails, n’hésitez pas à nous contacter.- Référence du bien: Ref145a",Jardin; Terrasse; Climatisation; Chauffage central; Balcon,Climatisation; Chauffage central; Terrasse; Jardin; Balcon,Jardin; Terrasse; Climatisation; Chauffage central,https://www.mubawab-media.com/assets/logos/mubawab.png; https://www.mubawab-media.com/assets/common/loading.gif; https://www.mubawab-media.com/ad/7/902/016F/h/thumb_804854_property_xlarge_78338616.avif; https://www.mubawab-media.com/ad/7/902/016F/h/thumb_804842_property_xlarge_78338617.avif; https://www.mubawab-media.com/ad/7/902/016F/h/thumb_804846_property_xlarge_78338618.avif; https://www.mubawab-media.com/ad/7/902/016F/h/thumb_804853_property_xlarge_78338621.avif; https://www.mubawab-media.com/ad/7/902/016F/h/thumb_804852_property_xlarge_78338623.avif; https://www.mubawab-media.com/ad/7/902/016F/h/thumb_804850_property_xlarge_78338625.avif; https://www.mubawab-media.com/ad/7/902/016F/h/thumb_804848_property_xlarge_78338627.avif; https://www.mubawab-media.com/ad/7/902/016F/h/thumb_804847_property_xlarge_78338630.avif; https://www.mubawab-media.com/ad/7/902/016F/h/thumb_804845_property_xlarge_78338634.avif; https://www.mubawab-media.com/ad/7/902/016F/h/thumb_804844_property_xlarge_78338638.avif; https://www.mubawab-media.com/ad/7/902/016F/h/thumb_804843_property_xlarge_78338640.avif; https://www.mubawab-media.com/ad/7/902/016F/h/thumb_804856_property_xlarge_78338642.avif; https://www.mubawab-media.com/ad/7/902/016F/h/thumb_804857_property_xlarge_78338643.avif; https://www.mubawab-media.com/ad/7/902/016F/h/thumb_804851_property_xlarge_78338644.avif,"{""type de bien"": ""Maison"", ""etat"": ""Bon état / habitable""}","{""latitude"": ""36.88333299999999"", ""longitude"": ""10.25""}","{""climatisation"": ""Oui"", ""jardin"": ""Oui"", ""terrasse"": ""Oui""}","{""etat"": ""Neuf""}","{""formulaire_contact"": ""Disponible""}",2026-02-01T13:09:19.935969,search,True
7770986,Une Villa S5 avec piscine à vendre à La Soukra,https://www.mubawab.tn/fr/a/7770986/une-villa-s5-avec-piscine-%C3%A0-vendre-%C3%A0-la-soukra,,La Soukra,Sidi Salah,"Sidi Salah, La Soukra",Villa,Vente,540000.0,540 000 TND,540000.0,411.0,"411
						m²",5,3,0,,,,,"New Key La Soukra met à la vente une belle villa S5 situé dans un quartier calme et résidentiel à La Soukra-sidi Salah . Dans la Partie jour on trouve un grand salon ouvrant sur une grande terrasse, la piscine et le jardin , une chambre de séjour et une salle à manger ,une cuisine très bien équipée","New Key La Soukra met à la vente une belle villa S5 situé dans un quartier calme et résidentiel à La Soukra-sidi Salah . Dans la Partie jour on trouve un grand salon ouvrant sur une grande terrasse, la piscine et le jardin , une chambre de séjour et une salle à manger ,une cuisine très bien équipée de ( plaque, hotte, four ) qui donne accès sur une terrasse extérieure et une chambre de service . Quant à la Partie nuit à l'étage elle loge 01 suite parentale avec un grand balcon et 02 chambres à coucher avec une salle de bain commune. Abri pour deux voitures à l'intérieur et un abri à l’extérieur. Référence du bien: Ref5290a",Jardin; Terrasse; Piscine; Four,Terrasse; Jardin; Piscine,Jardin; Terrasse; Piscine; Four,https://www.mubawab-media.com/assets/logos/mubawab.png; https://www.mubawab-media.com/assets/common/loading.gif; https://www.mubawab-media.com/ad/7/770/986F/h/thumb_666964_property_xlarge_56844827.avif; https://www.mubawab-media.com/ad/7/770/986F/h/thumb_666965_property_xlarge_56844831.avif; https://www.mubawab-media.com/ad/7/770/986F/h/thumb_666963_property_xlarge_56844832.avif; https://www.mubawab-media.com/ad/7/770/986F/h/thumb_666960_property_xlarge_56844833.avif; https://www.mubawab-media.com/ad/7/770/986F/h/thumb_666961_property_xlarge_56844834.avif; https://www.mubawab-media.com/ad/7/770/986F/h/thumb_652596_property_xlarge_56844835.avif; https://www.mubawab-media.com/ad/7/770/986F/h/thumb_666962_property_xlarge_56844836.avif; https://www.mubawab-media.com/business/8/390F/s/173569684_3743946405703280_2342906483815680692_n_12649711.avif; https://www.mubawab-media.com/ad/7/906/143F/m/d0d2df5f-4240-42e3-b784-fb45eba080ee_GF_74347242.avif; https://www.mubawab-media.com/ad/7/600/478F/m/WhatsApp%20Image%202025-02-01%20%C3%A0%2009.34.37_22b3ad5a_81672190.avif; https://www.mubawab-media.com/ad/8/226/768F/m/4_81141408.avif; https://www.mubawab-media.com/ad/8/048/367F/m/1_79404574.avif,"{""type de bien"": ""Maison"", ""etat"": ""Bon état / habitable"", ""années"": ""10-20 ans""}","{""latitude"": ""36.883333"", ""longitude"": ""10.25""}","{""piscine"": ""Oui"", ""jardin"": ""Oui"", ""terrasse"": ""Oui""}","{""etat"": ""Neuf""}","{""formulaire_contact"": ""Disponible""}",2026-02-01T13:09:19.950550,search,True
8078677,Une Splendide Villa indépendante à vendre à La Soukra,https://www.mubawab.tn/fr/a/8078677/une-splendide-villa-ind%C3%A9pendante-%C3%A0-vendre-%C3%A0-la-soukra,,La Soukra,La Soukra,"La Soukra, La Soukra",Villa,Vente,0,Prix à consulter,0,835.0,"835
						m²",0,7,0,,,,,"New Key La Soukra met à la vente une Superbe villa de maître située au fond d'une impasse, avec un excellent voisinage dans un quartier calme et sécurisé à La Soukra.Construite sur un terrain de 835m², la villa offre une surface habitable de 700m².Au premier étage, vous trouverez une magnifique suit","New Key La Soukra met à la vente une Superbe villa de maître située au fond d'une impasse, avec un excellent voisinage dans un quartier calme et sécurisé à La Soukra.Construite sur un terrain de 835m², la villa offre une surface habitable de 700m².Au premier étage, vous trouverez une magnifique suite parentale, une grande suite et deux chambres pour enfants avec une salle de bain attenante.Il y a également un grand séjour qui peut être transformé en salle de cinéma, avec accès à une belle terrasse.Au rez-de-chaussée, vous découvrirez un grand salon, une salle à manger pouvant accueillir une cuisine de finition, le tout donnant sur le jardin.Il y a également un bureau, une suite avec une deuxième chambre, une grande cuisine équipée, une buanderie séparée et un WC extérieur avec douche.À l'extérieur, vous pourrez profiter d'un immense abri pour 6 voitures, ainsi qu'un garage pour 2 voitures qui peut également servir de salle de sport.Il y a aussi une petite chambre, une piscine de 3,5 m sur 11 m avec jacuzzi et électrolyseur de sel.La maison est équipée d'un système d'alarme et de caméras de surveillance haute résolution pour une sécurité optimale. Référence du bien: Ref7558a",Jardin; Terrasse; Garage; Piscine; Sécurité; Cuisine équipée,Sécurité; Cuisine équipée; Garage; Terrasse; Jardin; Piscine,Jardin; Terrasse; Garage; Piscine; Sécurité; Cuisine équipée,https://www.mubawab-media.com/assets/logos/mubawab.png; https://www.mubawab-media.com/assets/common/loading.gif; https://www.mubawab-media.com/ad/8/078/677F/h/thumb_998198_property_xlarge_79640536.avif; https://www.mubawab-media.com/ad/8/078/677F/h/thumb_998208_property_xlarge_79640537.avif; https://www.mubawab-media.com/ad/8/078/677F/h/thumb_998220_property_xlarge_79640538.avif; https://www.mubawab-media.com/ad/8/078/677F/h/thumb_998210_property_xlarge_79640539.avif; https://www.mubawab-media.com/ad/8/078/677F/h/thumb_998202_property_xlarge_79640540.avif; https://www.mubawab-media.com/ad/8/078/677F/h/thumb_998192_property_xlarge_79640541.avif; https://www.mubawab-media.com/ad/8/078/677F/h/thumb_998194_property_xlarge_79640542.avif; https://www.mubawab-media.com/ad/8/078/677F/h/thumb_998217_property_xlarge_79640543.avif; https://www.mubawab-media.com/ad/8/078/677F/h/thumb_998219_property_xlarge_79640544.avif; https://www.mubawab-media.com/ad/8/078/677F/h/thumb_998206_property_xlarge_79640545.avif; https://www.mubawab-media.com/ad/8/078/677F/h/thumb_998205_property_xlarge_79640546.avif; https://www.mubawab-media.com/ad/8/078/677F/h/thumb_998203_property_xlarge_79640547.avif; https://www.mubawab-media.com/ad/8/078/677F/h/thumb_998196_property_xlarge_79640548.avif; https://www.mubawab-media.com/ad/8/078/677F/h/thumb_998221_property_xlarge_79640549.avif,"{""type de bien"": ""Maison""}","{""latitude"": ""36.88833"", ""longitude"": ""10.27417""}","{""parking"": ""Oui"", ""securite"": ""Oui"", ""piscine"": ""Oui"", ""jardin"": ""Oui"", ""terrasse"": ""Oui""}","{""etat"": ""Neuf""}","{""formulaire_contact"": ""Disponible""}",2026-02-01T13:09:19.969379,search,True
8031661,Une Splendide Villa S4 près de Closerie à La Soukra,https://www.mubawab.tn/fr/a/8031661/une-splendide-villa-s4-pr%C3%A8s-de-closerie-%C3%A0-la-soukra,,La Soukra,La Soukra,"La Soukra, La Soukra",Villa,Vente,0,Prix à consulter,0,300.0,"300
						m²",5,5,0,,,,,"New Key La Soukra met à votre disposition la vente d'une villa neuve jamais habité idéalement située dans un Compound Résidentiel près de closerie à La Soukra. L'accueil présente un salon lumineux en double hauteur gorgé de lumière donnant accès sur le jardin et la piscine, une cuisine ouverte bien","New Key La Soukra met à votre disposition la vente d'une villa neuve jamais habité idéalement située dans un Compound Résidentiel près de closerie à La Soukra. L'accueil présente un salon lumineux en double hauteur gorgé de lumière donnant accès sur le jardin et la piscine, une cuisine ouverte bien aménagée et équipée, une deuxième cuisine de service équipée, une chambre à coucher et une salle d'eau invités. L'étage loge la partie nuit avec 03 grandes suites avec dressings et salles de douche. A l'extérieur : un beau jardin gazonné sans vis-à-vis et une piscine. Un Abri de voitures est à votre disposition. Référence du bien: Ref7192a",Jardin; Piscine,Jardin; Piscine,Jardin; Piscine,https://www.mubawab-media.com/assets/logos/mubawab.png; https://www.mubawab-media.com/assets/common/loading.gif; https://www.mubawab-media.com/ad/8/031/661F/h/thumb_969803_property_xlarge_79389320.avif; https://www.mubawab-media.com/ad/8/031/661F/h/thumb_969802_property_xlarge_79389321.avif; https://www.mubawab-media.com/ad/8/031/661F/h/thumb_969801_property_xlarge_79389322.avif; https://www.mubawab-media.com/ad/8/031/661F/h/thumb_943790_property_xlarge_79174702.avif; https://www.mubawab-media.com/ad/8/031/661F/h/thumb_943792_property_xlarge_79174718.avif; https://www.mubawab-media.com/ad/8/031/661F/h/thumb_943791_property_xlarge_79174716.avif; https://www.mubawab-media.com/ad/8/031/661F/h/thumb_943794_property_xlarge_79174719.avif; https://www.mubawab-media.com/ad/8/031/661F/h/thumb_943795_property_xlarge_79174720.avif; https://www.mubawab-media.com/business/8/390F/s/173569684_3743946405703280_2342906483815680692_n_12649711.avif; https://www.mubawab-media.com/ad/7/941/270F/m/sous-sol-comm_77422390.avif; https://www.mubawab-media.com/ad/8/098/597F/m/thumb_1239999_property_xlarge_81795452.avif; https://www.mubawab-media.com/ad/8/294/188F/m/c7316496-f4cf-4587-943e-0904268bb6d4_81866229.avif,"{""type de bien"": ""Maison"", ""etat"": ""Bon état / habitable""}","{""latitude"": ""36.88833"", ""longitude"": ""10.27417""}","{""piscine"": ""Oui"", ""jardin"": ""Oui""}","{""etat"": ""Neuf""}","{""formulaire_contact"": ""Disponible""}",2026-02-01T13:09:19.990933,search,True
7987536,À Vendre Villa de Luxe Neuve Très Haut Standing à Choutrana...,https://www.mubawab.tn/fr/a/7987536/%C3%A0-vendre-villa-de-luxe-neuve-tr%C3%A8s-haut-standing-%C3%A0-choutrana-1,,La Soukra,Chotrana 1,"Chotrana 1, La Soukra",Villa,Vente,1280000.0,1 280 000 TND,1280000.0,370.0,"370
						m²",4,4,1,,,,,"L'agence immobilière Premier Déclic est fière de vous présenter cette magnifique villa neuve au design moderne, située à Chotrana 1.Détails de la Villa : Terrain : 370 m² Surface couverte : 260 m²Rez-de-chaussée : Salon spacieux avec salle à manger Grande cuisine luxueuse et moderne Chambre à couche","L'agence immobilière Premier Déclic est fière de vous présenter cette magnifique villa neuve au design moderne, située à Chotrana 1.Détails de la Villa :Terrain : 370 m²Surface couverte : 260 m²Rez-de-chaussée :Salon spacieux avec salle à mangerGrande cuisine luxueuse et moderneChambre à coucherSalle d'eauPremier étage :Chambre à coucher avec dressingSalle d'eauDeux grandes suites parentalesChambre avec dressingExtérieur :Jardin soigneusement aménagé entourant la villaPiscine avec cascade pour des moments de détenteAbri pour deux voituresL'orientation de cette villa a été optimisée pour offrir une luminosité naturelle exceptionnelle tout au long de la journée, créant une atmosphère chaleureuse et accueillante.Pour plus d’informations ou pour organiser une visite, n’hésitez pas à nous contacter. Référence du bien: Ref223a",Jardin; Piscine,Jardin; Piscine,Jardin; Piscine,https://www.mubawab-media.com/assets/logos/mubawab.png; https://www.mubawab-media.com/assets/common/loading.gif; https://www.mubawab-media.com/ad/7/987/536F/h/thumb_891840_property_large_78732096.avif; https://www.mubawab-media.com/ad/7/987/536F/h/thumb_891833_property_large_78732097.avif; https://www.mubawab-media.com/ad/7/987/536F/h/thumb_891841_property_large_78732098.avif; https://www.mubawab-media.com/ad/7/987/536F/h/thumb_891829_property_large_78732099.avif; https://www.mubawab-media.com/ad/7/987/536F/h/thumb_891838_property_large_78732100.avif; https://www.mubawab-media.com/ad/7/987/536F/h/thumb_891828_property_large_78732101.avif; https://www.mubawab-media.com/ad/7/987/536F/h/thumb_891839_property_large_78732102.avif; https://www.mubawab-media.com/ad/7/987/536F/h/thumb_891844_property_large_78732103.avif; https://www.mubawab-media.com/ad/7/987/536F/h/thumb_891825_property_large_78732104.avif; https://www.mubawab-media.com/ad/7/987/536F/h/thumb_891836_property_large_78732105.avif; https://www.mubawab-media.com/ad/7/987/536F/h/thumb_891835_property_large_78732106.avif; https://www.mubawab-media.com/ad/7/987/536F/h/thumb_891832_property_large_78732107.avif; https://www.mubawab-media.com/ad/7/987/536F/h/thumb_891830_property_large_78732108.avif; https://www.mubawab-media.com/ad/7/987/536F/h/thumb_891845_property_large_78732109.avif,"{""type de bien"": ""Maison"", ""etat"": ""Bon état / habitable""}","{""latitude"": ""36.883333"", ""longitude"": ""10.25""}","{""piscine"": ""Oui"", ""jardin"": ""Oui""}","{""etat"": ""Neuf""}","{""formulaire_contact"": ""Disponible""}",2026-02-01T13:09:20.002479,search,True
