id,promotion_id,titre,url,ville,region,quartier,adresse,type_bien,standing,statut_construction,date_livraison,prix,prix_text,prix_type,prix_m2,surface,surface_text,nombre_pieces,nombre_chambres,nombre_sdb,description_courte,description_complete,caracteristiques,equipements,equipements_complets,images,images_completes,video_url,video_id,videos_completes,has_video,plans,logo_agence,nom_agence,caracteristiques_detaillees,localisation_exacte,informations_promotion,conditions_vente,promoteur_info,contact_info,date_scraping,page_source,is_valid
4164,4164,Résidence EMNA 3 Nouvelle Soukra,https://www.mubawab.tn/fr/p/4164/details,La Marsa,,Ain Zaghouan Nord,Ain Zaghouan Nord à La Marsa,Résidence,Haut standing,Finalisé,,510000.0,"À partir de 
							510 000 TND",À partir de,0,0,,0,0,0,Résidence EMNA 3 Nouvelle Soukra,Écoles Hôpitaux,,,Spa,https://www.mubawab-media.com/promotion/4/164F/logo/s/Logo-KAYEN-2025%20%281%29_79250725.avif; https://www.mubawab-media.com/promotion/4/164F/pictures/h/rendu%20jour_01_78839312.avif,https://www.mubawab-media.com/promotion/4/164F/pictures/h/rendu%20jour_01_78839312.avif; https://www.mubawab-media.com/promotion/4/164F/pictures/h/WhatsApp%20Image%202024-08-21%20%C3%A0%2013.00.59_f98fe257_78839313.avif; https://www.mubawab-media.com/promotion/4/164F/pictures/h/rendu%20jour_02_78839314.avif; https://www.mubawab-media.com/promotion/4/164F/pictures/h/rendu%20jour_03_78839315.avif; https://www.mubawab-media.com/promotion/4/164F/pictures/h/rendu%20jour_04_78839316.avif; https://www.mubawab-media.com/promotion/4/164F/pictures/h/rendu%20jour_05_78839317.avif; https://www.mubawab-media.com/promotion/4/164F/pictures/h/rendu%20jour_06_78839318.avif; https://www.mubawab-media.com/promotion/4/164F/pictures/h/rendu%20jour_07_78839319.avif; https://www.mubawab-media.com/promotion/4/164F/pictures/h/rendu%20jour_08_78839320.avif; https://www.mubawab-media.com/promotion/4/164F/pictures/h/rendu%20jour_09_78839321.avif; https://www.mubawab-media.com/promotion/4/164F/pictures/h/WhatsApp%20Image%202024-09-06%20%C3%A0%2009.50.59_c17fd1de_78839322.avif; https://www.mubawab-media.com/promotion/4/164F/pictures/h/rendu%20jour_10_78839323.avif; https://www.mubawab-media.com/promotion/4/164F/pictures/h/rendu%20jour_11_78839324.avif; https://www.mubawab-media.com/promotion/4/164F/pictures/h/rendu%20jour_12_78839325.avif; https://www.mubawab-media.com/promotion/4/164F/pictures/h/rendu%20nuit_01%20%281%29_78839326.avif; https://www.mubawab-media.com/promotion/4/164F/pictures/h/rendu%20nuit_02%20%281%29_78839327.avif; https://www.mubawab-media.com/promotion/4/164F/pictures/h/rendu%20nuit_03%20%281%29_78839328.avif; https://www.mubawab-media.com/promotion/4/164F/pictures/h/WhatsApp%20Image%202024-08-21%20%C3%A0%2013.03.56_a14b51da_78839329.avif; https://www.mubawab-media.com/promotion/4/164F/pictures/h/WhatsApp%20Image%202024-08-21%20%C3%A0%2013.02.42_e9826faf_78839330.avif; https://www.mubawab-media.com/promotion/4/164F/pictures/h/WhatsApp%20Image%202024-09-05%20%C3%A0%2017.11.11_87d28ee0_78839331.avif,,,https://www.youtube.com/embed/QXaOQTF_0WQ?wmode=opaque&rel=0; https://www.youtube.com/watch?v=QXaOQTF_0WQ,False,,https://www.mubawab-media.com/promotion/4/164F/logo/s/Logo-KAYEN-2025%20%281%29_79250725.avif,,{},{},{},{},{},"{""formulaire_contact"": ""Disponible""}",2026-02-01T17:54:44.372058,search,True
3772,3772,Carthage centre - Centre commercial...,https://www.mubawab.tn/fr/p/3772/details,Tunis,,Bab Bhar,Bab Bhar à Tunis,Bureau,Haut standing,Finalisé,,308000.0,"À partir de 
							308 000 TND",À partir de,0,0,,0,0,0,Carthage centre - Centre commercial...,Écoles Hôpitaux,,,Spa; Sécurité,https://www.mubawab-media.com/promotion/3/772F/logo/s/t%C3%A9l%C3%A9chargement%20%2824%29_40362243.avif; https://www.mubawab-media.com/promotion/3/772F/pictures/h/2%20%281%29_40362215.avif,https://www.mubawab-media.com/promotion/3/772F/pictures/h/2%20%281%29_40362215.avif; https://www.mubawab-media.com/promotion/3/772F/pictures/h/IMG_1748_40362218.avif; https://www.mubawab-media.com/promotion/3/772F/pictures/h/Carthage2_40362219.avif; https://www.mubawab-media.com/promotion/3/772F/pictures/h/IMG_1732_40362222.avif; https://www.mubawab-media.com/promotion/3/772F/pictures/h/IMG_1814_40362223.avif; https://www.mubawab-media.com/promotion/3/772F/pictures/h/IMG_1813_40362224.avif; https://www.mubawab-media.com/promotion/3/772F/pictures/h/2%20%2818%29_40362225.avif; https://www.mubawab-media.com/promotion/3/772F/pictures/h/19%20%281%29_40362226.avif; https://www.mubawab-media.com/promotion/3/772F/pictures/h/r_View01%20-%20copie_40362227.avif; https://www.mubawab-media.com/promotion/3/772F/pictures/h/r_View03_40362228.avif; https://www.mubawab-media.com/promotion/3/772F/pictures/h/r_View02_40362229.avif; https://www.mubawab-media.com/promotion/3/772F/pictures/h/resto_40362230.avif; https://www.mubawab-media.com/promotion/3/772F/pictures/h/open_00_40362231.avif; https://www.mubawab-media.com/promotion/3/772F/pictures/h/parking_40362236.avif; https://www.mubawab-media.com/promotion/3/772F/pictures/h/Carthage4%20%282%29_40362237.avif; https://www.mubawab-media.com/promotion/3/772F/pictures/h/9%20%2813%29_40362240.avif; https://www.mubawab-media.com/promotion/3/772F/pictures/h/carthage%20center_40362241.avif,,,https://www.youtube.com/embed/mzLQpjz7haM?wmode=opaque&rel=0; https://www.youtube.com/watch?v=mzLQpjz7haM,False,,https://www.mubawab-media.com/promotion/3/772F/logo/s/t%C3%A9l%C3%A9chargement%20%2824%29_40362243.avif,,{},{},{},{},{},"{""formulaire_contact"": ""Disponible""}",2026-02-01T17:54:44.393359,search,True
4458,4458,Résidence ÉDEN - Les Jardins de Cart...,https://www.mubawab.tn/fr/p/4458/details,Carthage,,Jardins de Carthage,Les Jardins de Carthage à Le Kram,Résidence,Haut standing,En cours de construction,,540000.0,"À partir de 
							540 000 TND",À partir de,0,0,,0,0,0,Résidence ÉDEN - Les Jardins de Cart...,Écoles Hôpitaux,Jardin,,Climatisation; Parking; Isolation; Jardin; Fibre optique; Ascenseur; Chauffage; Spa; Double vitrage; Sécurité,https://www.mubawab-media.com/promotion/4/458F/logo/s/LOGO-ICHBILIA_page-0001_80757496.avif,https://www.mubawab-media.com/promotion/4/458F/pictures/h/048%20copie_80758753.avif; https://www.mubawab-media.com/promotion/4/458F/pictures/h/Ichbilia_EDEN_80758752.avif; https://www.mubawab-media.com/promotion/4/458F/pictures/h/SALON%203D_80757483.avif; https://www.mubawab-media.com/promotion/4/458F/pictures/h/CUISINE%203D_80757494.avif; https://www.mubawab-media.com/promotion/4/458F/pictures/h/SALON%20V2%203D_80757484.avif; https://www.mubawab-media.com/promotion/4/458F/pictures/h/SUITE%20PARENTALE%203D_80757485.avif; https://www.mubawab-media.com/promotion/4/458F/pictures/h/BLOC%20B%20%28S%2B2%29%20Type%201_80757486.avif; https://www.mubawab-media.com/promotion/4/458F/pictures/h/BLOC%20B%20%28S%2B2%29%20Type%202_80757487.avif; https://www.mubawab-media.com/promotion/4/458F/pictures/h/BLOC%20C%20%28S%2B2%29%20Type%201_80757488.avif; https://www.mubawab-media.com/promotion/4/458F/pictures/h/BLOC%20C%20%28S%2B2%29%20Type%202_80757489.avif; https://www.mubawab-media.com/promotion/4/458F/pictures/h/BLOC%20C%20%28S%2B2%29%20Type%203_80757490.avif; https://www.mubawab-media.com/promotion/4/458F/pictures/h/BLOC%20C%20%28S%2B2%29%20Type%204_80757491.avif; https://www.mubawab-media.com/promotion/4/458F/pictures/h/BLOC%20C%20%28S%2B3%29%20Type%201_80757492.avif; https://www.mubawab-media.com/promotion/4/458F/pictures/h/BLOC%20C%20%28S%2B3%29%20Type%202_80757493.avif; https://www.mubawab-media.com/promotion/4/458F/pictures/h/localisation%20EDEN_80757495.avif,,,,False,,https://www.mubawab-media.com/promotion/4/458F/logo/s/LOGO-ICHBILIA_page-0001_80757496.avif,,{},{},{},{},{},"{""formulaire_contact"": ""Disponible""}",2026-02-01T17:54:44.405751,search,True
4340,4340,Résidence HEDI 3 à Boumhel Bassatine...,https://www.mubawab.tn/fr/p/4340/details,Boumhel,,Bou Mhel,Bou Mhel à Boumhel Bassatine,Résidence,Haut standing,En cours de construction,,190000.0,"À partir de 
							190 000 TND",À partir de,0,0,,0,0,0,Résidence HEDI 3 à Boumhel Bassatine...,Écoles Hôpitaux,,,Climatisation; Parking; Ascenseur; Chauffage; Spa,https://www.mubawab-media.com/promotion/4/340F/logo/s/logo_79962347.avif,https://www.mubawab-media.com/promotion/4/340F/pictures/h/01%20%281%29_79962344.avif; https://www.mubawab-media.com/promotion/4/340F/pictures/h/02%20%281%29_79962345.avif; https://www.mubawab-media.com/promotion/4/340F/pictures/h/03%20%281%29_79962346.avif,,,,False,,https://www.mubawab-media.com/promotion/4/340F/logo/s/logo_79962347.avif,,"{""nombre_appartements"": ""34""}",{},{},{},{},"{""formulaire_contact"": ""Disponible""}",2026-02-01T17:54:44.419024,search,True
3938,3938,Résidence Fleur de Lys - Cité El Fao...,https://www.mubawab.tn/fr/p/3938/details,Ariana,,Jardins d'El Menzah 2,Les Jardins d'El Menzah 2 à Ariana Ville,Résidence,Haut standing,En cours de construction,,185000.0,"À partir de 
							185 000 TND",À partir de,0,0,,0,0,0,Résidence Fleur de Lys - Cité El Fao...,Écoles Hôpitaux,Jardin,,Parking; Jardin; Ascenseur; Spa; Sécurité,https://www.mubawab-media.com/promotion/3/938F/logo/s/393736698_924624112405382_7760105151623056868_n_60455685.avif,https://www.mubawab-media.com/promotion/3/938F/pictures/h/1000016496_60455383.avif; https://www.mubawab-media.com/promotion/3/938F/pictures/h/IMG_7790_60455385.avif; https://www.mubawab-media.com/promotion/3/938F/pictures/h/IMG_7808_60455386.avif; https://www.mubawab-media.com/promotion/3/938F/pictures/h/IMG_7807_60455387.avif; https://www.mubawab-media.com/promotion/3/938F/pictures/h/IMG_7789%20%281%29_60455388.avif; https://www.mubawab-media.com/promotion/3/938F/pictures/h/IMG_7835%20%281%29_60455389.avif; https://www.mubawab-media.com/promotion/3/938F/pictures/h/IMG_7838_60455390.avif; https://www.mubawab-media.com/promotion/3/938F/pictures/h/IMG_7825_60455391.avif; https://www.mubawab-media.com/promotion/3/938F/pictures/h/IMG_7817_60455392.avif; https://www.mubawab-media.com/promotion/3/938F/pictures/h/IMG_7804_60455393.avif; https://www.mubawab-media.com/promotion/3/938F/pictures/h/IMG_7803_60455394.avif; https://www.mubawab-media.com/promotion/3/938F/pictures/h/IMG_7802%20%281%29_60455395.avif; https://www.mubawab-media.com/promotion/3/938F/pictures/h/IMG_7792-Enhanced-NR_60455396.avif; https://www.mubawab-media.com/promotion/3/938F/pictures/h/IMG_7791-Enhanced-NR_60455397.avif; https://www.mubawab-media.com/promotion/3/938F/pictures/h/IMG_7788%20%281%29_60455398.avif; https://www.mubawab-media.com/promotion/3/938F/pictures/h/IMG_7787%20%281%29_60455399.avif; https://www.mubawab-media.com/promotion/3/938F/pictures/h/IMG_7811%20%281%29_60457488.avif; https://www.mubawab-media.com/promotion/3/938F/pictures/h/IMG_7812_60457490.avif,,,,False,,https://www.mubawab-media.com/promotion/3/938F/logo/s/393736698_924624112405382_7760105151623056868_n_60455685.avif,,{},{},{},{},{},"{""formulaire_contact"": ""Disponible""}",2026-02-01T17:54:44.425813,search,True
4034,4034,Résidence Le Palais aux jardins de...,https://www.mubawab.tn/fr/p/4034/details,Carthage,,Jardins de Carthage,Les Jardins de Carthage à Le Kram,Résidence,Haut standing,En cours de construction,,370000.0,"À partir de 
							370 000 TND",À partir de,0,0,,0,0,0,Résidence Le Palais aux jardins de...,Écoles Hôpitaux,Jardin,,Parking; Jardin; Ascenseur; Spa; Salle de sport,https://www.mubawab-media.com/promotion/4/034F/logo/s/LOGO%20GROUPE%20KETATA_79235874.avif; https://www.mubawab-media.com/promotion/4/034F/pictures/h/Palais%204_00000_81748051.avif,https://www.mubawab-media.com/promotion/4/034F/pictures/h/Palais%204_00000_81748051.avif; https://www.mubawab-media.com/promotion/4/034F/pictures/h/Capture%20d%27%C3%A9cran%202025-12-22%20114548_81739522.avif; https://www.mubawab-media.com/promotion/4/034F/pictures/h/le%20palais_0003%2B_74496447.avif; https://www.mubawab-media.com/promotion/4/034F/pictures/h/Capture%20d%27%C3%A9cran%202025-12-22%20114817_81739523.avif; https://www.mubawab-media.com/promotion/4/034F/pictures/h/Capture%20d%27%C3%A9cran%202025-12-22%20114750_81739524.avif; https://www.mubawab-media.com/promotion/4/034F/pictures/h/Capture%20d%27%C3%A9cran%202025-12-22%20114522_81739525.avif,,,https://www.youtube.com/embed/gKBy7OM6jsE?wmode=opaque&rel=0; https://www.youtube.com/watch?v=gKBy7OM6jsE,False,,https://www.mubawab-media.com/promotion/4/034F/logo/s/LOGO%20GROUPE%20KETATA_79235874.avif,,{},{},{},{},{},"{""formulaire_contact"": ""Disponible""}",2026-02-01T17:54:44.433644,search,True
4082,4082,LOTISSEMENT VIABILISE MOHAMEDIA,https://www.mubawab.tn/fr/p/4082/details,Mohammedia,,Cité Bou Akroucha,Cité Bou Akroucha à Mohamadia,Terrain,Économique,En cours de construction,,49000.0,"À partir de 
							49 000 TND",À partir de,418.8034188034188,117.0,117m²,0,0,0,LOTISSEMENT VIABILISE MOHAMEDIA,Écoles Hôpitaux,,,Spa,https://www.mubawab-media.com/promotion/4/082F/logo/s/t%C3%A9l%C3%A9chargement_77478269.avif,https://www.mubawab-media.com/promotion/4/082F/pictures/h/Capture_77082810.avif; https://www.mubawab-media.com/promotion/4/082F/pictures/h/lotissement%20mhamdia%202023_77082811.avif,,,,False,,https://www.mubawab-media.com/promotion/4/082F/logo/s/t%C3%A9l%C3%A9chargement_77478269.avif,,{},{},{},{},{},"{""formulaire_contact"": ""Disponible""}",2026-02-01T17:54:44.434645,search,True
4343,4343,Résidence Aicha 2 Ain zaghouan,https://www.mubawab.tn/fr/p/4343/details,La Marsa,,Ain Zaghouan Nord,Ain Zaghouan Nord à La Marsa,Appartement,Haut standing,En cours de construction,,400000.0,"À partir de 
							400 000 TND",À partir de,0,0,,0,0,0,"Haut standing, En cours de construction",Écoles Hôpitaux,,,Climatisation; Isolation; Jardin; Ascenseur; Spa; Sécurité,https://www.mubawab-media.com/promotion/4/343F/logo/s/CV%20Verso_79973476.avif; https://www.mubawab-media.com/promotion/4/343F/pictures/h/RESIDENCE-AICHA-2-1024x768%20%281%29_79973449.avif,https://www.mubawab-media.com/promotion/4/343F/pictures/h/RESIDENCE-AICHA-2-1024x768%20%281%29_79973449.avif; https://www.mubawab-media.com/promotion/4/343F/pictures/h/RESIDENCE-AICHA-3_79973447.avif; https://www.mubawab-media.com/promotion/4/343F/pictures/h/IMG_1544_80113515.avif; https://www.mubawab-media.com/promotion/4/343F/pictures/h/IMG_1546_80113516.avif; https://www.mubawab-media.com/promotion/4/343F/pictures/h/IMG_1547_80113517.avif; https://www.mubawab-media.com/promotion/4/343F/pictures/h/IMG_1549_80113518.avif; https://www.mubawab-media.com/promotion/4/343F/pictures/h/IMG_1555_80113519.avif; https://www.mubawab-media.com/promotion/4/343F/pictures/h/IMG_1556_80113520.avif; https://www.mubawab-media.com/promotion/4/343F/pictures/h/IMG_1557_80113521.avif; https://www.mubawab-media.com/promotion/4/343F/pictures/h/IMG_1558_80113522.avif; https://www.mubawab-media.com/promotion/4/343F/pictures/h/IMG_1565_80113523.avif; https://www.mubawab-media.com/promotion/4/343F/pictures/h/IMG_1568_80113524.avif; https://www.mubawab-media.com/promotion/4/343F/pictures/h/IMG_1570_80113525.avif; https://www.mubawab-media.com/promotion/4/343F/pictures/h/IMG_1571_80113526.avif; https://www.mubawab-media.com/promotion/4/343F/pictures/h/IMG_1578_80113527.avif; https://www.mubawab-media.com/promotion/4/343F/pictures/h/IMG_1579_80113528.avif; https://www.mubawab-media.com/promotion/4/343F/pictures/h/IMG_1580_80113529.avif; https://www.mubawab-media.com/promotion/4/343F/pictures/h/IMG_1581_80113530.avif; https://www.mubawab-media.com/promotion/4/343F/pictures/h/IMG_1601_80113531.avif; https://www.mubawab-media.com/promotion/4/343F/pictures/h/IMG_1611_80113532.avif,,,https://www.youtube.com/embed/dZDXXM-8iq4?wmode=opaque&rel=0; https://www.youtube.com/watch?v=dZDXXM-8iq4,False,,https://www.mubawab-media.com/promotion/4/343F/logo/s/CV%20Verso_79973476.avif,,{},{},{},{},{},"{""formulaire_contact"": ""Disponible""}",2026-02-01T17:54:44.439539,search,True
4374,4374,Résidence FATMA à Sousse Jaouhara,https://www.mubawab.tn/fr/p/4374/details,Sousse,,,Sousse Jaouhara,Résidence,Haut standing,Finalisé,,225000.0,"À partir de 
							225 000 TND",À partir de,0,0,,0,0,0,Résidence FATMA à Sousse Jaouhara,Écoles Hôpitaux,,,Parking; Spa,https://www.mubawab-media.com/business/12/191F/s/logo_80140984.avif; https://www.mubawab-media.com/promotion/4/374F/pictures/h/490372002_1203723071755295_1344749261296138073_n_80141113.avif,https://www.mubawab-media.com/promotion/4/374F/pictures/h/490372002_1203723071755295_1344749261296138073_n_80141113.avif; https://www.mubawab-media.com/promotion/4/374F/pictures/h/App.0-1_80243033.avif; https://www.mubawab-media.com/promotion/4/374F/pictures/h/490521714_1203723311755271_2385834928280733409_n_80141114.avif; https://www.mubawab-media.com/promotion/4/374F/pictures/h/484081835_1175046901289579_8588444157730302789_n_80141116.avif; https://www.mubawab-media.com/promotion/4/374F/pictures/h/482242294_1176547797806156_8236154194527588077_n_80141117.avif; https://www.mubawab-media.com/promotion/4/374F/pictures/h/483909997_1175046847956251_5110045772258954231_n_80141115.avif; https://www.mubawab-media.com/promotion/4/374F/pictures/h/491400497_1203724655088470_2248565831909332026_n_80141123.avif; https://www.mubawab-media.com/promotion/4/374F/pictures/h/488569417_1196395039154765_4306749625644171080_n_80141127.avif; https://www.mubawab-media.com/promotion/4/374F/pictures/h/488213561_1192357786225157_4192744304922501652_n_80141124.avif; https://www.mubawab-media.com/promotion/4/374F/pictures/h/490192532_1203723105088625_2478354660416392568_n_80141118.avif; https://www.mubawab-media.com/promotion/4/374F/pictures/h/490587626_1201233182004284_1212327759449851074_n_80141119.avif; https://www.mubawab-media.com/promotion/4/374F/pictures/h/490592198_1201233145337621_2302644530862060203_n_80141120.avif; https://www.mubawab-media.com/promotion/4/374F/pictures/h/488908347_1198596855601250_5952034342135426940_n_80141121.avif; https://www.mubawab-media.com/promotion/4/374F/pictures/h/490454994_1203723068421962_4656543396096603916_n_80141122.avif; https://www.mubawab-media.com/promotion/4/374F/pictures/h/486948086_1187592120035057_2047649956542270659_n_80141125.avif; https://www.mubawab-media.com/promotion/4/374F/pictures/h/486665757_1187592090035060_6791125111915232264_n_80141126.avif; https://www.mubawab-media.com/promotion/4/374F/pictures/h/490221684_1201232995337636_6322910037815525888_n_80141128.avif; https://www.mubawab-media.com/promotion/4/374F/pictures/h/490463229_1203723358421933_9110032043773479255_n_80141129.avif,,,https://www.youtube.com/embed/Ra1YeXpWekc?wmode=opaque&rel=0; https://www.youtube.com/watch?v=Ra1YeXpWekc,False,,https://www.mubawab-media.com/business/12/191F/s/logo_80140984.avif,,{},{},{},{},{},"{""formulaire_contact"": ""Disponible""}",2026-02-01T17:54:44.447937,search,True
4427,4427,Résidence Omrane 16- Élégance à Riad...,https://www.mubawab.tn/fr/p/4427/details,Raoued,,Cité el Ghaze,Cité el Ghazela à Raoued,Résidence,Haut standing,En cours de construction,,369000.0,"À partir de 
							369 000 TND",À partir de,0,0,,0,0,0,Résidence Omrane 16- Élégance à Riad...,Écoles Hôpitaux,,,Terrasse; Climatisation; Isolation; Chauffage; Ascenseur; Spa; Double vitrage; Sécurité,https://www.mubawab-media.com/business/12/631F/s/470185209_989006219925080_6333395753146662232_n_80501363.avif,https://www.mubawab-media.com/promotion/4/427F/pictures/h/O16%20project%20nuit%2001_80564332.avif; https://www.mubawab-media.com/promotion/4/427F/pictures/h/Copy%20of%20O16%20project%2002_80500310.avif; https://www.mubawab-media.com/promotion/4/427F/pictures/h/Copy%20of%20O16%20project%20nuit%2002_80500311.avif; https://www.mubawab-media.com/promotion/4/427F/pictures/h/8_80500312.avif; https://www.mubawab-media.com/promotion/4/427F/pictures/h/9_80500313.avif; https://www.mubawab-media.com/promotion/4/427F/pictures/h/10_80500314.avif; https://www.mubawab-media.com/promotion/4/427F/pictures/h/11_80500315.avif; https://www.mubawab-media.com/promotion/4/427F/pictures/h/12_80500316.avif; https://www.mubawab-media.com/promotion/4/427F/pictures/h/13_80500317.avif; https://www.mubawab-media.com/promotion/4/427F/pictures/h/14_80500318.avif; https://www.mubawab-media.com/promotion/4/427F/pictures/h/16_80500319.avif; https://www.mubawab-media.com/promotion/4/427F/pictures/h/17_80500320.avif; https://www.mubawab-media.com/promotion/4/427F/pictures/h/19_80500321.avif; https://www.mubawab-media.com/promotion/4/427F/pictures/h/21_80500322.avif; https://www.mubawab-media.com/promotion/4/427F/pictures/h/22_80500323.avif; https://www.mubawab-media.com/promotion/4/427F/pictures/h/25_80500324.avif; https://www.mubawab-media.com/promotion/4/427F/pictures/h/26_80500325.avif; https://www.mubawab-media.com/promotion/4/427F/pictures/h/28_80500326.avif; https://www.mubawab-media.com/promotion/4/427F/pictures/h/IMG-20250508-WA0012_80500327.avif; https://www.mubawab-media.com/promotion/4/427F/pictures/h/IMG-20250508-WA0015_80500328.avif,,,,False,,,,{},{},{},{},{},"{""formulaire_contact"": ""Disponible""}",2026-02-01T17:54:44.449934,search,True
4430,4430,Des bureaux à louer- Lac 2 et Bélvéd...,https://www.mubawab.tn/fr/p/4430/details,La Marsa,,Berges Du Lac 2,Les Berges Du Lac 2 à La Marsa,Bureau,Haut standing,Finalisé,,0,Prix à consulter,À consulter,0,0,,0,0,0,Des bureaux à louer- Lac 2 et Bélvéd...,Écoles Hôpitaux,Spa,,Parking; Ascenseur; Spa,https://www.mubawab-media.com/assets/common/agency-nologo.jpg,https://www.mubawab-media.com/promotion/4/430F/pictures/h/WhatsApp%20Image%202025-06-20%20at%2013.57.07%20%281%29_80509080.avif; https://www.mubawab-media.com/promotion/4/430F/pictures/h/WhatsApp%20Image%202025-06-20%20at%2013.12.22_80509067.avif; https://www.mubawab-media.com/promotion/4/430F/pictures/h/WhatsApp%20Image%202025-06-20%20at%2013.11.53_80509065.avif; https://www.mubawab-media.com/promotion/4/430F/pictures/h/WhatsApp%20Image%202025-06-20%20at%2013.12.21_80509066.avif; https://www.mubawab-media.com/promotion/4/430F/pictures/h/WhatsApp%20Image%202025-06-20%20at%2013.12.29%20%281%29_80509068.avif; https://www.mubawab-media.com/promotion/4/430F/pictures/h/WhatsApp%20Image%202025-06-20%20at%2013.12.29%20%282%29_80509069.avif; https://www.mubawab-media.com/promotion/4/430F/pictures/h/WhatsApp%20Image%202025-06-20%20at%2013.12.29%20%283%29_80509070.avif; https://www.mubawab-media.com/promotion/4/430F/pictures/h/WhatsApp%20Image%202025-06-20%20at%2013.12.30%20%281%29_80509071.avif; https://www.mubawab-media.com/promotion/4/430F/pictures/h/WhatsApp%20Image%202025-06-20%20at%2013.12.30%20%282%29_80509072.avif; https://www.mubawab-media.com/promotion/4/430F/pictures/h/WhatsApp%20Image%202025-06-20%20at%2013.12.30%20%283%29_80509073.avif; https://www.mubawab-media.com/promotion/4/430F/pictures/h/WhatsApp%20Image%202025-06-20%20at%2013.12.30_80509074.avif; https://www.mubawab-media.com/promotion/4/430F/pictures/h/WhatsApp%20Image%202025-06-20%20at%2013.12.31%20%281%29_80509075.avif; https://www.mubawab-media.com/promotion/4/430F/pictures/h/WhatsApp%20Image%202025-06-20%20at%2013.12.31%20%282%29_80509076.avif; https://www.mubawab-media.com/promotion/4/430F/pictures/h/WhatsApp%20Image%202025-06-20%20at%2013.12.31_80509077.avif; https://www.mubawab-media.com/promotion/4/430F/pictures/h/WhatsApp%20Image%202025-06-20%20at%2013.12.32%20%281%29_80509078.avif; https://www.mubawab-media.com/promotion/4/430F/pictures/h/WhatsApp%20Image%202025-06-20%20at%2013.12.32%20%282%29_80509079.avif; https://www.mubawab-media.com/promotion/4/430F/pictures/h/WhatsApp%20Image%202025-06-20%20at%2013.57.07_80509081.avif; https://www.mubawab-media.com/promotion/4/430F/pictures/h/WhatsApp%20Image%202025-06-20%20at%2013.57.08%20%281%29_80509082.avif; https://www.mubawab-media.com/promotion/4/430F/pictures/h/WhatsApp%20Image%202025-06-20%20at%2013.57.08%20%282%29_80509083.avif; https://www.mubawab-media.com/promotion/4/430F/pictures/h/WhatsApp%20Image%202025-06-20%20at%2013.57.08_80509084.avif,,,,False,,https://www.mubawab-media.com/assets/common/agency-nologo.jpg,,{},{},{},{},{},"{""formulaire_contact"": ""Disponible""}",2026-02-01T17:54:44.457219,search,True
4404,4404,Résidence SUN CITY La Soukra,https://www.mubawab.tn/fr/p/4404/details,,,,La Soukra,Résidence,Haut standing,En cours de construction,,0,Prix à consulter,À consulter,0,0,,0,0,0,"Haut standing, En cours de construction",Écoles Hôpitaux,,,Climatisation; Parking; Isolation; Salle de bain; Chauffage; Spa; Sécurité,https://www.mubawab-media.com/promotion/4/404F/logo/s/SPIRIT%20%20LOGO%20_80377515.avif,https://www.mubawab-media.com/promotion/4/404F/pictures/h/RESIDENCE%20SUN%20CITY%20s1%20%C3%A0%20partir%20de%20%20280000_81034989.avif; https://www.mubawab-media.com/promotion/4/404F/pictures/h/1_80377506.avif; https://www.mubawab-media.com/promotion/4/404F/pictures/h/HALL%20D%27ENTREE%20%20SUN%20CITY_81011201.avif; https://www.mubawab-media.com/promotion/4/404F/pictures/h/COULOIR%20SUN%20CITY_81011203.avif; https://www.mubawab-media.com/promotion/4/404F/pictures/h/SALON%202_81020387.avif; https://www.mubawab-media.com/promotion/4/404F/pictures/h/COULOIR%20CIRCULATION%20SUN%20CITY_81011204.avif; https://www.mubawab-media.com/promotion/4/404F/pictures/h/SUN%20CITY%20LOGO%200206_80423258.avif; https://www.mubawab-media.com/promotion/4/404F/pictures/h/cuisine%20t%C3%A9moin%20vb_80377513.avif; https://www.mubawab-media.com/promotion/4/404F/pictures/h/A05%20SALLE%20D%27EAU%203_80423256.avif; https://www.mubawab-media.com/promotion/4/404F/pictures/h/CHAMBRE%20%20PARENTS_80423257.avif; https://www.mubawab-media.com/promotion/4/404F/pictures/h/2_80377508.avif; https://www.mubawab-media.com/promotion/4/404F/pictures/h/A05%20SALLE%20D%27EAU%202_80377512.avif; https://www.mubawab-media.com/promotion/4/404F/pictures/h/SDE_80377514.avif; https://www.mubawab-media.com/promotion/4/404F/pictures/h/SALLE%20D%27EAU_81002491.avif; https://www.mubawab-media.com/promotion/4/404F/pictures/h/A05%20SALLE%20D%27EAU_80584371.avif; https://www.mubawab-media.com/promotion/4/404F/pictures/h/sde%20parent%201_80423255.avif; https://www.mubawab-media.com/promotion/4/404F/pictures/h/A05%20SALON%202_80377509.avif; https://www.mubawab-media.com/promotion/4/404F/pictures/h/SALON%203_80584372.avif; https://www.mubawab-media.com/promotion/4/404F/pictures/h/CHAMBRE%20PARENTALE_80729824.avif; https://www.mubawab-media.com/promotion/4/404F/pictures/h/A05%20SALON%20CUISINE_80729830.avif,,,,False,https://www.mubawab-media.com/promotion/4/404F/pictures/h/PLAN%20RDC%20_80913067.avif; https://www.mubawab-media.com/promotion/4/404F/pictures/h/Plan%20R%2B2%20_page-0001_80378927.avif; https://www.mubawab-media.com/promotion/4/404F/pictures/h/Plan%20R%2B1_page-0001_80378926.avif,https://www.mubawab-media.com/promotion/4/404F/logo/s/SPIRIT%20%20LOGO%20_80377515.avif,,"{""nombre_appartements"": ""25""}",{},{},{},{},"{""formulaire_contact"": ""Disponible""}",2026-02-01T17:54:44.462140,search,True
3755,3755,Résidence REGALIA,https://www.mubawab.tn/fr/p/3755/details,La Marsa,,Ain Zaghouan Nord,Ain Zaghouan Nord à La Marsa,Résidence,Haut standing,En cours de construction,,427000.0,"À partir de 
							427 000 TND",À partir de,0,0,,0,0,0,"Haut standing, En cours de construction",Écoles Hôpitaux,,,Terrasse; Spa; Jardin; Salle de sport,https://www.mubawab-media.com/promotion/3/755F/logo/s/Miniature_36554513.avif; https://www.mubawab-media.com/promotion/3/755F/pictures/h/regalia-2_36554500.avif,https://www.mubawab-media.com/promotion/3/755F/pictures/h/regalia-2_36554500.avif; https://www.mubawab-media.com/promotion/3/755F/pictures/h/ext-5-1_36554498.avif; https://www.mubawab-media.com/promotion/3/755F/pictures/h/regalia-nuit-1-1_36554497.avif; https://www.mubawab-media.com/promotion/3/755F/pictures/h/ext-1_36554499.avif; https://www.mubawab-media.com/promotion/3/755F/pictures/h/06-1_36554501.avif; https://www.mubawab-media.com/promotion/3/755F/pictures/h/09-1_36554502.avif; https://www.mubawab-media.com/promotion/3/755F/pictures/h/08%20%281%29_36554503.avif; https://www.mubawab-media.com/promotion/3/755F/pictures/h/08_36554504.avif; https://www.mubawab-media.com/promotion/3/755F/pictures/h/05_36554505.avif; https://www.mubawab-media.com/promotion/3/755F/pictures/h/10-1_36554506.avif; https://www.mubawab-media.com/promotion/3/755F/pictures/h/04_36554507.avif; https://www.mubawab-media.com/promotion/3/755F/pictures/h/03%20%281%29_36554508.avif; https://www.mubawab-media.com/promotion/3/755F/pictures/h/02%20%281%29_36554509.avif; https://www.mubawab-media.com/promotion/3/755F/pictures/h/03_36554510.avif; https://www.mubawab-media.com/promotion/3/755F/pictures/h/02_36554511.avif; https://www.mubawab-media.com/promotion/3/755F/pictures/h/01-1_36554512.avif,,,https://www.youtube.com/embed/CPMO7LePWQY?wmode=opaque&rel=0; https://www.youtube.com/watch?v=CPMO7LePWQY,False,,https://www.mubawab-media.com/promotion/3/755F/logo/s/Miniature_36554513.avif,,{},{},{},{},{},"{""formulaire_contact"": ""Disponible""}",2026-02-01T17:54:44.462140,search,True
3896,3896,Résidence Floria - Cité el Ghazela,https://www.mubawab.tn/fr/p/3896/details,Raoued,,Cité el Ghaze,Cité el Ghazela à Raoued,Appartement,Haut standing,En cours de construction,,309900.0,"À partir de 
							309 900 TND",À partir de,0,0,,0,0,0,Résidence Floria - Cité el Ghazela,Écoles Hôpitaux,,,Parking; Jardin; Hammam; Spa; Sécurité,https://www.mubawab-media.com/promotion/3/896F/logo/s/logo-sni-vertical_51074654.avif; https://www.mubawab-media.com/promotion/3/896F/pictures/h/image_6483441%20%282%29_51074639.avif,https://www.mubawab-media.com/promotion/3/896F/pictures/h/image_6483441%20%282%29_51074639.avif; https://www.mubawab-media.com/promotion/3/896F/pictures/h/02%20%288%29_51074640.avif; https://www.mubawab-media.com/promotion/3/896F/pictures/h/06%20%281%29_51074641.avif; https://www.mubawab-media.com/promotion/3/896F/pictures/h/ch1_51074642.avif; https://www.mubawab-media.com/promotion/3/896F/pictures/h/ch2_51074643.avif; https://www.mubawab-media.com/promotion/3/896F/pictures/h/ch4_51074644.avif; https://www.mubawab-media.com/promotion/3/896F/pictures/h/ch3_51074645.avif; https://www.mubawab-media.com/promotion/3/896F/pictures/h/cuisine%201_51074646.avif; https://www.mubawab-media.com/promotion/3/896F/pictures/h/salon%203_51074647.avif; https://www.mubawab-media.com/promotion/3/896F/pictures/h/salon%201_51074648.avif; https://www.mubawab-media.com/promotion/3/896F/pictures/h/sdb1_51074649.avif; https://www.mubawab-media.com/promotion/3/896F/pictures/h/cuisine%202_51074650.avif; https://www.mubawab-media.com/promotion/3/896F/pictures/h/sbd2_51074651.avif; https://www.mubawab-media.com/promotion/3/896F/pictures/h/salon%202_51074652.avif; https://www.mubawab-media.com/promotion/3/896F/pictures/h/sde%201_51074653.avif,,,https://www.youtube.com/embed/De52zHEFWHA?wmode=opaque&rel=0; https://www.youtube.com/watch?v=De52zHEFWHA,False,,https://www.mubawab-media.com/promotion/3/896F/logo/s/logo-sni-vertical_51074654.avif,,"{""nombre_etages"": ""6""}",{},{},{},{},"{""formulaire_contact"": ""Disponible""}",2026-02-01T17:54:44.472848,search,True
4547,4547,RÉSIDENCE MARBELLA  Aouina / Ain Za...,https://www.mubawab.tn/fr/p/4547/details,La Marsa,,Ain Zaghouan,Ain Zaghouan à La Marsa,Résidence,Haut standing,En cours de construction,,240000.0,"À partir de 
							240 000 TND",À partir de,0,0,,0,0,0,RÉSIDENCE MARBELLA  Aouina / Ain Za...,Écoles Hôpitaux,Spa,,Parking; Ascenseur; Spa; Sécurité,https://www.mubawab-media.com/promotion/4/547F/logo/s/image003%20%282%29_81613003.avif,https://www.mubawab-media.com/promotion/4/547F/pictures/h/MARBELLA_81612983.avif; https://www.mubawab-media.com/promotion/4/547F/pictures/h/1010_81618564.avif; https://www.mubawab-media.com/promotion/4/547F/pictures/h/Rendu%20Marbella_Hall%20d%27accueil_05_81612984.avif; https://www.mubawab-media.com/promotion/4/547F/pictures/h/Rendu%20Marbella_Hall%20d%27accueil_02%20_81612985.avif; https://www.mubawab-media.com/promotion/4/547F/pictures/h/Rendu%20Marbella_Hall%20d%27accueil_03%20_81612986.avif; https://www.mubawab-media.com/promotion/4/547F/pictures/h/s%2B2%20%283%29_81612987.avif; https://www.mubawab-media.com/promotion/4/547F/pictures/h/RenduMarbella_S%2B1_01_81612989.avif; https://www.mubawab-media.com/promotion/4/547F/pictures/h/RenduMarbella_S%2B1_02_81612990.avif; https://www.mubawab-media.com/promotion/4/547F/pictures/h/RenduMarbella_S%2B1_04_81612991.avif; https://www.mubawab-media.com/promotion/4/547F/pictures/h/RenduMarbella_S%2B1_08_81612993.avif; https://www.mubawab-media.com/promotion/4/547F/pictures/h/s%2B2%20%289%29_81612994.avif; https://www.mubawab-media.com/promotion/4/547F/pictures/h/s%2B2%20%2810%29_81612995.avif; https://www.mubawab-media.com/promotion/4/547F/pictures/h/s%2B2%20%2811%29_81612997.avif; https://www.mubawab-media.com/promotion/4/547F/pictures/h/RenduMarbella_S%2B1_06_81612998.avif; https://www.mubawab-media.com/promotion/4/547F/pictures/h/RenduMarbella_S%2B1_09_81613000.avif; https://www.mubawab-media.com/promotion/4/547F/pictures/h/s%2B2%20%2815%29_81613001.avif; https://www.mubawab-media.com/promotion/4/547F/pictures/h/s%2B2%20%2816%29_81613002.avif,,,,False,,https://www.mubawab-media.com/promotion/4/547F/logo/s/image003%20%282%29_81613003.avif,,{},{},{},{},{},"{""formulaire_contact"": ""Disponible""}",2026-02-01T17:54:44.476498,search,True
3276,3276,Résidence Eden Garden,https://www.mubawab.tn/fr/p/3276/details,Djerba,,,Djerba,Résidence,Haut standing,Finalisé,,580000.0,"À partir de 
							580 000 TND",À partir de,0,0,,0,0,0,"Tombez sous le charme de la Résidence Eden Garden, à Aghir !",Écoles Hôpitaux,,,Spa; Jardin; Piscine,https://www.mubawab-media.com/promotion/3/276F/logo/s/Omega%20Logo_8382979.avif; https://www.mubawab-media.com/promotion/3/276F/pictures/h/P1299730_80456513.avif,https://www.mubawab-media.com/promotion/3/276F/pictures/h/P1299730_80456513.avif; https://www.mubawab-media.com/promotion/3/276F/pictures/h/119462659_1131111690654154_5123738212193419619_n_80456515.avif; https://www.mubawab-media.com/promotion/3/276F/pictures/h/P1299726_80456510.avif; https://www.mubawab-media.com/promotion/3/276F/pictures/h/P1299734_80456509.avif; https://www.mubawab-media.com/promotion/3/276F/pictures/h/P1299722_80456511.avif; https://www.mubawab-media.com/promotion/3/276F/pictures/h/00_80456512.avif; https://www.mubawab-media.com/promotion/3/276F/pictures/h/2_80456514.avif; https://www.mubawab-media.com/promotion/3/276F/pictures/h/20200831_210024_80456516.avif; https://www.mubawab-media.com/promotion/3/276F/pictures/h/3_80456517.avif; https://www.mubawab-media.com/promotion/3/276F/pictures/h/IMG_0025_80456518.avif; https://www.mubawab-media.com/promotion/3/276F/pictures/h/20200831_154117_80456519.avif; https://www.mubawab-media.com/promotion/3/276F/pictures/h/20200831_154325_80456520.avif; https://www.mubawab-media.com/promotion/3/276F/pictures/h/20200831_210757_80456521.avif; https://www.mubawab-media.com/promotion/3/276F/pictures/h/119572094_3188433374815246_2999177473146336782_n_80456522.avif; https://www.mubawab-media.com/promotion/3/276F/pictures/h/119201935_1277553889260900_4300744161057107733_n_80456523.avif; https://www.mubawab-media.com/promotion/3/276F/pictures/h/IMG_0026_80456524.avif; https://www.mubawab-media.com/promotion/3/276F/pictures/h/288622506_5233113923446807_8521042015808115641_n_80456525.avif; https://www.mubawab-media.com/promotion/3/276F/pictures/h/288799337_5233114606780072_4268782842158911365_n_80456526.avif; https://www.mubawab-media.com/promotion/3/276F/pictures/h/IMG_0005_80456527.avif; https://www.mubawab-media.com/promotion/3/276F/pictures/h/IMG_0046_80456528.avif,,,https://www.youtube.com/embed/U2jThzhJ-SE?wmode=opaque&rel=0; https://www.youtube.com/watch?v=U2jThzhJ-SE,False,,https://www.mubawab-media.com/promotion/3/276F/logo/s/Omega%20Logo_8382979.avif,,{},{},{},{},{},"{""formulaire_contact"": ""Disponible""}",2026-02-01T17:54:44.476498,search,True
3860,3860,RESIDENCE MALAGA 2 - La Marsa,https://www.mubawab.tn/fr/p/3860/details,La Marsa,,Cité Pins,Cité Les Pins à La Marsa,Résidence,Haut standing,Finalisé,,385000.0,"À partir de 
							385 000 TND",À partir de,0,0,,0,0,0,"Lancement du nouveau projet Résidentiel dénommé ""MALAGA 2"", mitoyen à La Résidence Malaga, en face de Cité Les Pins, La Marsa.",Écoles Hôpitaux,,,Spa,https://www.mubawab-media.com/promotion/3/860F/logo/s/La%20Rose_logobl_44687755.avif,https://www.mubawab-media.com/promotion/3/860F/pictures/h/VUE%206_44687753.avif; https://www.mubawab-media.com/promotion/3/860F/pictures/h/VUE%202_44687754.avif; https://www.mubawab-media.com/promotion/3/860F/pictures/h/VUE%203_44690511.avif; https://www.mubawab-media.com/promotion/3/860F/pictures/h/VUE%205_44690512.avif; https://www.mubawab-media.com/promotion/3/860F/pictures/h/01_44715454.avif,,,,False,,https://www.mubawab-media.com/promotion/3/860F/logo/s/La%20Rose_logobl_44687755.avif,,{},{},{},{},{},"{""formulaire_contact"": ""Disponible""}",2026-02-01T17:54:44.476498,search,True
4219,4219,"Résidence La Jacaranda Cité Wafa ,Mr...",https://www.mubawab.tn/fr/p/4219/details,Nabeul,,Cité El Wafa,Cité El Wafa à Nabeul,Résidence,Haut standing,En cours de construction,,0,Prix à consulter,À consulter,0,0,,0,0,0,"Résidence La Jacaranda Cité Wafa ,Mr...",Écoles Hôpitaux,Spa,,Spa; Piscine,https://www.mubawab-media.com/promotion/4/219F/logo/s/326570055_681250767060389_5281033242276049773_n_79154380.avif,https://www.mubawab-media.com/promotion/4/219F/pictures/h/00_79154376.avif; https://www.mubawab-media.com/promotion/4/219F/pictures/h/03%20%281%29_79154377.avif; https://www.mubawab-media.com/promotion/4/219F/pictures/h/02%20%281%29_79154378.avif; https://www.mubawab-media.com/promotion/4/219F/pictures/h/01%20%281%29_79154379.avif,,,,False,,https://www.mubawab-media.com/promotion/4/219F/logo/s/326570055_681250767060389_5281033242276049773_n_79154380.avif,,{},{},{},{},{},"{""formulaire_contact"": ""Disponible""}",2026-02-01T17:54:44.488505,search,True
3981,3981,Résidence Doret Sfax,https://www.mubawab.tn/fr/p/3981/details,Sfax,,,Sfax Ville,Résidence,Haut standing,Finalisé,,232000.0,"À partir de 
							232 000 TND",À partir de,0,0,,0,0,0,"Découvrez le bloc bureautique de Dorret Sfax, un superbe bâtiment dédié aux professionnels, au niveau de la route de Taniour.",Écoles Hôpitaux,,,Isolation; Parking; Spa; Sécurité,https://www.mubawab-media.com/promotion/3/981F/logo/s/15109573_1822472171368780_7733663877251922831_n_65649235.avif; https://www.mubawab-media.com/promotion/3/981F/pictures/h/IMG_9992_65649202.avif,https://www.mubawab-media.com/promotion/3/981F/pictures/h/IMG_9992_65649202.avif; https://www.mubawab-media.com/promotion/3/981F/pictures/h/IMG_9996_65649203.avif; https://www.mubawab-media.com/promotion/3/981F/pictures/h/IMG_0001_65649204.avif; https://www.mubawab-media.com/promotion/3/981F/pictures/h/IMG_9999_65649205.avif; https://www.mubawab-media.com/promotion/3/981F/pictures/h/IMG_0002_65649206.avif; https://www.mubawab-media.com/promotion/3/981F/pictures/h/IMG_0008_65649208.avif; https://www.mubawab-media.com/promotion/3/981F/pictures/h/IMG_0010_65649209.avif; https://www.mubawab-media.com/promotion/3/981F/pictures/h/IMG_0012_65649210.avif; https://www.mubawab-media.com/promotion/3/981F/pictures/h/IMG_0013_65649211.avif; https://www.mubawab-media.com/promotion/3/981F/pictures/h/IMG_0015_65649212.avif; https://www.mubawab-media.com/promotion/3/981F/pictures/h/IMG_0016_65649213.avif; https://www.mubawab-media.com/promotion/3/981F/pictures/h/IMG_0018_65649214.avif; https://www.mubawab-media.com/promotion/3/981F/pictures/h/IMG_0024_65649215.avif; https://www.mubawab-media.com/promotion/3/981F/pictures/h/IMG_0027_65649216.avif; https://www.mubawab-media.com/promotion/3/981F/pictures/h/IMG_0035_65649217.avif; https://www.mubawab-media.com/promotion/3/981F/pictures/h/IMG_0036_65649218.avif; https://www.mubawab-media.com/promotion/3/981F/pictures/h/IMG_0038_65649219.avif; https://www.mubawab-media.com/promotion/3/981F/pictures/h/IMG_0044_65649220.avif; https://www.mubawab-media.com/promotion/3/981F/pictures/h/IMG_0045_65649221.avif; https://www.mubawab-media.com/promotion/3/981F/pictures/h/IMG_0051_65649222.avif,,,https://www.youtube.com/embed/UreFsHPaYCM?wmode=opaque&rel=0; https://www.youtube.com/watch?v=UreFsHPaYCM,False,,https://www.mubawab-media.com/promotion/3/981F/logo/s/15109573_1822472171368780_7733663877251922831_n_65649235.avif,,"{""nombre_etages"": ""4""}",{},{},"{""facilites_paiement"": ""Disponibles""}",{},"{""formulaire_contact"": ""Disponible""}",2026-02-01T17:54:44.491524,search,True
3878,3878,Fuji Apartments,https://www.mubawab.tn/fr/p/3878/details,El Menzah,,El Menzah 9,El Menzah 9 à El Menzah,Résidence,Haut standing,En cours de construction,,424000.0,"À partir de 
							424 000 TND",À partir de,0,0,,0,0,0,"Haut standing, En cours de construction",Écoles Hôpitaux,,,Parking; Domotique; Spa; Jardin,https://www.mubawab-media.com/promotion/3/878F/logo/s/logo-fuji-light_48155611.avif; https://www.mubawab-media.com/promotion/3/878F/pictures/h/Fuji%20couverture2_58228999.avif,https://www.mubawab-media.com/promotion/3/878F/pictures/h/Fuji%20couverture2_58228999.avif; https://www.mubawab-media.com/promotion/3/878F/pictures/h/after-5_48155604.avif; https://www.mubawab-media.com/promotion/3/878F/pictures/h/A11_48155602.avif; https://www.mubawab-media.com/promotion/3/878F/pictures/h/8_48155601.avif; https://www.mubawab-media.com/promotion/3/878F/pictures/h/after-4_48155603.avif; https://www.mubawab-media.com/promotion/3/878F/pictures/h/after-6%20%281%29_48155605.avif; https://www.mubawab-media.com/promotion/3/878F/pictures/h/after-6_48155606.avif; https://www.mubawab-media.com/promotion/3/878F/pictures/h/rendu_8%20%281%29_48155607.avif; https://www.mubawab-media.com/promotion/3/878F/pictures/h/rendus_3%20%281%29_48155608.avif; https://www.mubawab-media.com/promotion/3/878F/pictures/h/rendus_4%20%281%29_48155609.avif,,,https://www.youtube.com/embed/rfT0-9U4J0A?wmode=opaque&rel=0; https://www.youtube.com/watch?v=rfT0-9U4J0A,False,,https://www.mubawab-media.com/promotion/3/878F/logo/s/logo-fuji-light_48155611.avif,,{},{},{},{},{},"{""formulaire_contact"": ""Disponible""}",2026-02-01T17:54:44.496527,search,True
2664,2664,Lotissement Les Oliviers,https://www.mubawab.tn/fr/p/2664/details,Manouba,,,La Manouba,Terrain,Moyen standing,Finalisé,,0,Prix à consulter,À consulter,0,0,,0,0,0,"""Profitez sans tarder pour acheter votre terrain ed rêve au Lotissement les Oliviers à Douar Hicher (Manouba)"" :",Écoles Hôpitaux,,,Spa; Jardin,https://www.mubawab-media.com/promotion/2/664F/logo/s/logo_12272020.avif,https://www.mubawab-media.com/promotion/2/664F/pictures/h/terrain%20kapri.avif; https://www.mubawab-media.com/promotion/2/664F/pictures/h/terrain-en-vente-%C3%A0-manouba-de-1710m%C2%B2_21283066_12407661.avif; https://www.mubawab-media.com/promotion/2/664F/pictures/h/IMG_0536_12558234.avif; https://www.mubawab-media.com/promotion/2/664F/pictures/h/IMG_0537_12558235.avif; https://www.mubawab-media.com/promotion/2/664F/pictures/h/IMG_0538_12558236.avif; https://www.mubawab-media.com/promotion/2/664F/pictures/h/IMG_0540_12558237.avif; https://www.mubawab-media.com/promotion/2/664F/pictures/h/IMG_0541_12558238.avif; https://www.mubawab-media.com/promotion/2/664F/pictures/h/IMG_0542_12558239.avif; https://www.mubawab-media.com/promotion/2/664F/pictures/h/IMG_0543_12558240.avif; https://www.mubawab-media.com/promotion/2/664F/pictures/h/IMG_0546_12558241.avif; https://www.mubawab-media.com/promotion/2/664F/pictures/h/IMG_0547_12558242.avif; https://www.mubawab-media.com/promotion/2/664F/pictures/h/IMG_0544_12558243.avif; https://www.mubawab-media.com/promotion/2/664F/pictures/h/IMG_0574_12558244.avif; https://www.mubawab-media.com/promotion/2/664F/pictures/h/IMG_0576_12558245.avif; https://www.mubawab-media.com/promotion/2/664F/pictures/h/IMG_0555_12558246.avif; https://www.mubawab-media.com/promotion/2/664F/pictures/h/Kapri1_12272019_42373251.avif,,,,False,,https://www.mubawab-media.com/promotion/2/664F/logo/s/logo_12272020.avif,,{},{},{},{},{},"{""formulaire_contact"": ""Disponible""}",2026-02-01T17:54:44.499519,search,True
2448,2448,"Green Park, Les Berges du Lac- Locau...",https://www.mubawab.tn/fr/p/2448/details,La Marsa,,Berges Du Lac 2,Les Berges Du Lac 2 à La Marsa,Immobilier neuf,Standard,Finalisé,,588000.0,"À partir de 
							588 000 TND",À partir de,0,0,,0,0,0,"Green Park, Les Berges du Lac- Locau...",Écoles Hôpitaux,Vue panoramique,,Spa,https://www.mubawab-media.com/promotion/2/448F/logo/s/236937077_3849793101791960_4525761390857377405_n_76287439.avif,https://www.mubawab-media.com/promotion/2/448F/pictures/h/WhatsApp%20Image%202024-06-03%20at%2012.00.57%20%287%29_76287326.avif; https://www.mubawab-media.com/promotion/2/448F/pictures/h/5b1f84e44b825avif; https://www.mubawab-media.com/promotion/2/448F/pictures/h/WhatsApp%20Image%202024-06-03%20at%2012.02.13%20%281%29_76287327.avif; https://www.mubawab-media.com/promotion/2/448F/pictures/h/WhatsApp%20Image%202024-06-03%20at%2012.02.13%20%282%29_76287328.avif; https://www.mubawab-media.com/promotion/2/448F/pictures/h/WhatsApp%20Image%202024-06-03%20at%2012.02.13_76287329.avif; https://www.mubawab-media.com/promotion/2/448F/pictures/h/WhatsApp%20Image%202024-06-03%20at%2011.58.38%20%283%29_76287330.avif; https://www.mubawab-media.com/promotion/2/448F/pictures/h/WhatsApp%20Image%202024-06-03%20at%2011.58.38%20%284%29_76287331.avif; https://www.mubawab-media.com/promotion/2/448F/pictures/h/WhatsApp%20Image%202024-06-03%20at%2011.58.39%20%283%29_76287332.avif; https://www.mubawab-media.com/promotion/2/448F/pictures/h/WhatsApp%20Image%202024-06-03%20at%2011.58.39%20%284%29_76287333.avif; https://www.mubawab-media.com/promotion/2/448F/pictures/h/WhatsApp%20Image%202024-06-03%20at%2011.58.39%20%286%29_76287334.avif; https://www.mubawab-media.com/promotion/2/448F/pictures/h/WhatsApp%20Image%202024-06-03%20at%2011.58.39_76287335.avif; https://www.mubawab-media.com/promotion/2/448F/pictures/h/WhatsApp%20Image%202024-06-03%20at%2011.58.40%20%281%29_76287336.avif; https://www.mubawab-media.com/promotion/2/448F/pictures/h/WhatsApp%20Image%202024-06-03%20at%2012.00.51%20%281%29_76287337.avif; https://www.mubawab-media.com/promotion/2/448F/pictures/h/WhatsApp%20Image%202024-06-03%20at%2012.00.51_76287338.avif; https://www.mubawab-media.com/promotion/2/448F/pictures/h/WhatsApp%20Image%202024-06-03%20at%2012.00.52%20%282%29_76287339.avif; https://www.mubawab-media.com/promotion/2/448F/pictures/h/WhatsApp%20Image%202024-06-03%20at%2012.00.54%20%281%29_76287340.avif; https://www.mubawab-media.com/promotion/2/448F/pictures/h/WhatsApp%20Image%202024-06-03%20at%2012.00.54%20%282%29_76287341.avif; https://www.mubawab-media.com/promotion/2/448F/pictures/h/WhatsApp%20Image%202024-06-03%20at%2012.00.54_76287342.avif; https://www.mubawab-media.com/promotion/2/448F/pictures/h/WhatsApp%20Image%202024-06-03%20at%2012.00.56%20%285%29_76287343.avif; https://www.mubawab-media.com/promotion/2/448F/pictures/h/WhatsApp%20Image%202024-06-03%20at%2012.00.57%20%282%29_76287344.avif,,,,False,,https://www.mubawab-media.com/promotion/2/448F/logo/s/236937077_3849793101791960_4525761390857377405_n_76287439.avif,,{},{},{},{},{},"{""formulaire_contact"": ""Disponible""}",2026-02-01T17:56:11.136296,search,True
3099,3099,Résidence FLAVA aux Jardin de Cartha...,https://www.mubawab.tn/fr/p/3099/details,Carthage,,Jardins de Carthage,Les Jardins de Carthage à Le Kram,Résidence,Haut standing,En cours de construction,,0,Prix à consulter,À consulter,0,0,,0,0,0,Résidence FLAVA aux Jardin de Cartha...,Écoles Hôpitaux,Jardin,,Terrasse; Jardin; Hammam; Piscine; Spa; Jacuzzi; Salle de sport,https://www.mubawab-media.com/promotion/3/099F/logo/s/11_6159258.avif; https://www.mubawab-media.com/promotion/3/099F/pictures/h/FACADE%20FLAVA_81595069.avif,https://www.mubawab-media.com/promotion/3/099F/pictures/h/FACADE%20FLAVA_81595069.avif; https://www.mubawab-media.com/promotion/3/099F/pictures/h/FLAVA_81595070.avif; https://www.mubawab-media.com/promotion/3/099F/pictures/h/BLOC%20B_81595071.avif; https://www.mubawab-media.com/promotion/3/099F/pictures/h/FLAVA1_81595072.avif; https://www.mubawab-media.com/promotion/3/099F/pictures/h/ENTRE%20BLOC_81595073.avif; https://www.mubawab-media.com/promotion/3/099F/pictures/h/ASC%20FLAVA_81595074.avif; https://www.mubawab-media.com/promotion/3/099F/pictures/h/HAMMAM_81595075.avif; https://www.mubawab-media.com/promotion/3/099F/pictures/h/SALLE%20DE%20SPORT_81595076.avif; https://www.mubawab-media.com/promotion/3/099F/pictures/h/SALLE%20SOCIALE_81595077.avif,,,https://www.youtube.com/embed/Mxxegle6mF8?wmode=opaque&rel=0; https://www.youtube.com/watch?v=Mxxegle6mF8,False,,https://www.mubawab-media.com/promotion/3/099F/logo/s/11_6159258.avif,,{},{},{},{},{},"{""formulaire_contact"": ""Disponible""}",2026-02-01T17:56:11.148372,search,True
4452,4452,MONACO  Le luxe urbain à Chotrana 1...,https://www.mubawab.tn/fr/p/4452/details,,,Chotrana 1,Chotrana 1 à La Soukra,Résidence,Haut standing,En cours de construction,,0,Prix à consulter,À consulter,0,0,,0,0,0,MONACO  Le luxe urbain à Chotrana 1...,Écoles Hôpitaux,,,Spa; Salle de sport,https://www.mubawab-media.com/business/12/892F/s/274714983_354803143319249_7699867030190598734_n_80715666.avif; https://www.mubawab-media.com/promotion/4/452F/pictures/h/1A_80715205.avif,https://www.mubawab-media.com/promotion/4/452F/pictures/h/1A_80715205.avif; https://www.mubawab-media.com/promotion/4/452F/pictures/h/1B_80715206.avif; https://www.mubawab-media.com/promotion/4/452F/pictures/h/1C_80715207.avif; https://www.mubawab-media.com/promotion/4/452F/pictures/h/1D_80715208.avif; https://www.mubawab-media.com/promotion/4/452F/pictures/h/1E_80715209.avif; https://www.mubawab-media.com/promotion/4/452F/pictures/h/2A_80715210.avif; https://www.mubawab-media.com/promotion/4/452F/pictures/h/2B_80715211.avif; https://www.mubawab-media.com/promotion/4/452F/pictures/h/2C_80715212.avif; https://www.mubawab-media.com/promotion/4/452F/pictures/h/2D_80715213.avif; https://www.mubawab-media.com/promotion/4/452F/pictures/h/3A_80715214.avif; https://www.mubawab-media.com/promotion/4/452F/pictures/h/3B_80715215.avif; https://www.mubawab-media.com/promotion/4/452F/pictures/h/4A_80715216.avif; https://www.mubawab-media.com/promotion/4/452F/pictures/h/4B_80715217.avif; https://www.mubawab-media.com/promotion/4/452F/pictures/h/4C_80715218.avif; https://www.mubawab-media.com/promotion/4/452F/pictures/h/4D_80715219.avif; https://www.mubawab-media.com/promotion/4/452F/pictures/h/5A_80715220.avif; https://www.mubawab-media.com/promotion/4/452F/pictures/h/5B_80715221.avif; https://www.mubawab-media.com/promotion/4/452F/pictures/h/5D_80715222.avif; https://www.mubawab-media.com/promotion/4/452F/pictures/h/5E_80715223.avif; https://www.mubawab-media.com/promotion/4/452F/pictures/h/5F_80715224.avif,,,https://www.youtube.com/embed/6HSePSVlZ60?wmode=opaque&rel=0; https://www.youtube.com/watch?v=6HSePSVlZ60,False,,,,{},{},{},{},{},"{""formulaire_contact"": ""Disponible""}",2026-02-01T17:56:11.162661,search,True
4524,4524,Résidence Le CÉSAR aux Jardins dEl...,https://www.mubawab.tn/fr/p/4524/details,Ariana,,Jardins d'El Menzah 2,Les Jardins d'El Menzah 2 à Ariana Ville,Résidence,Haut standing,Finalisé,,312000.0,"À partir de 
							312 000 TND",À partir de,117.20510894064613,2662.0,2 662 m²,0,0,0,Résidence Le CÉSAR aux Jardins dEl...,Écoles Hôpitaux,Jardin,,Climatisation; Parking; Isolation; Jardin; Piscine; Ascenseur; Chauffage; Spa; Double vitrage; Salle de sport; Sécurité,https://www.mubawab-media.com/promotion/4/524F/logo/s/482317993_1160163236114375_8002065167763758614_n_81358988.avif; https://www.mubawab-media.com/promotion/4/524F/pictures/h/PH%203_81363485.avif,https://www.mubawab-media.com/promotion/4/524F/pictures/h/PH%203_81363485.avif; https://www.mubawab-media.com/promotion/4/524F/pictures/h/Le%20cesar_81363484.avif; https://www.mubawab-media.com/promotion/4/524F/pictures/h/PH%202_81363486.avif; https://www.mubawab-media.com/promotion/4/524F/pictures/h/PH%204_81363487.avif; https://www.mubawab-media.com/promotion/4/524F/pictures/h/PH%205_81363488.avif; https://www.mubawab-media.com/promotion/4/524F/pictures/h/Ph1_81363489.avif; https://www.mubawab-media.com/promotion/4/524F/pictures/h/PH%206_81363490.avif; https://www.mubawab-media.com/promotion/4/524F/pictures/h/A11_page-0001_81363491.avif; https://www.mubawab-media.com/promotion/4/524F/pictures/h/A12_page-0001_81363492.avif; https://www.mubawab-media.com/promotion/4/524F/pictures/h/A13_page-0001_81363493.avif; https://www.mubawab-media.com/promotion/4/524F/pictures/h/B22_page-0001_81363494.avif; https://www.mubawab-media.com/promotion/4/524F/pictures/h/B23_page-0001_81363495.avif; https://www.mubawab-media.com/promotion/4/524F/pictures/h/B24_page-0001_81363496.avif; https://www.mubawab-media.com/promotion/4/524F/pictures/h/B25_page-0001_81363497.avif; https://www.mubawab-media.com/promotion/4/524F/pictures/h/B26_page-0001_81363498.avif; https://www.mubawab-media.com/promotion/4/524F/pictures/h/C36_page-0001_81363499.avif; https://www.mubawab-media.com/promotion/4/524F/pictures/h/C41_page-0001_81363500.avif; https://www.mubawab-media.com/promotion/4/524F/pictures/h/C42_page-0001_81363501.avif; https://www.mubawab-media.com/promotion/4/524F/pictures/h/C43_page-0001_81363502.avif; https://www.mubawab-media.com/promotion/4/524F/pictures/h/C44_page-0001_81363503.avif,,,https://www.youtube.com/embed/SDwmMezZLws?wmode=opaque&rel=0; https://www.youtube.com/watch?v=SDwmMezZLws,False,,https://www.mubawab-media.com/promotion/4/524F/logo/s/482317993_1160163236114375_8002065167763758614_n_81358988.avif,,{},{},{},{},{},"{""formulaire_contact"": ""Disponible""}",2026-02-01T17:56:11.176253,search,True
4508,4508,Résidence Canopée  Chotrana 1,https://www.mubawab.tn/fr/p/4508/details,,,Chotrana 1,Chotrana 1 à La Soukra,Résidence,Haut standing,En cours de construction,,460000.0,"À partir de 
							460 000 TND",À partir de,0,0,,0,0,0,"Haut standing, En cours de construction",Écoles Hôpitaux,,,Parking; Ascenseur; Spa,https://www.mubawab-media.com/promotion/4/508F/logo/s/logo%20%289%29_81217300.avif,https://www.mubawab-media.com/promotion/4/508F/pictures/h/PosterScene%209_81217294.avif; https://www.mubawab-media.com/promotion/4/508F/pictures/h/PHOTO-2025-07-03-19-57-07%202_81217295.avif; https://www.mubawab-media.com/promotion/4/508F/pictures/h/WhatsApp%20Image%202026-01-26%20at%2009.59.24%20%285%29_81842748.avif; https://www.mubawab-media.com/promotion/4/508F/pictures/h/PosterNuit%201_1_81217296.avif; https://www.mubawab-media.com/promotion/4/508F/pictures/h/PosterScene%206_81217297.avif; https://www.mubawab-media.com/promotion/4/508F/pictures/h/PHOTO-2025-07-03-19-57-07%204_81217298.avif; https://www.mubawab-media.com/promotion/4/508F/pictures/h/WhatsApp%20Image%202025-11-18%20at%2010.43.32%20%282%29_81430587.avif; https://www.mubawab-media.com/promotion/4/508F/pictures/h/WhatsApp%20Image%202026-01-26%20at%2009.59.23%20%283%29_81842749.avif; https://www.mubawab-media.com/promotion/4/508F/pictures/h/WhatsApp%20Image%202025-11-18%20at%2010.43.32_81430588.avif; https://www.mubawab-media.com/promotion/4/508F/pictures/h/WhatsApp%20Image%202025-11-18%20at%2010.43.32%20%281%29_81430589.avif; https://www.mubawab-media.com/promotion/4/508F/pictures/h/WhatsApp%20Image%202025-11-18%20at%2010.43.33%20%281%29_81430590.avif; https://www.mubawab-media.com/promotion/4/508F/pictures/h/WhatsApp%20Image%202025-11-18%20at%2010.43.33_81430591.avif; https://www.mubawab-media.com/promotion/4/508F/pictures/h/A12_81287505.avif; https://www.mubawab-media.com/promotion/4/508F/pictures/h/A09_81287506.avif; https://www.mubawab-media.com/promotion/4/508F/pictures/h/A05_81287507.avif; https://www.mubawab-media.com/promotion/4/508F/pictures/h/A03_81287508.avif; https://www.mubawab-media.com/promotion/4/508F/pictures/h/A2-6_81287509.avif; https://www.mubawab-media.com/promotion/4/508F/pictures/h/A1-3_81287510.avif; https://www.mubawab-media.com/promotion/4/508F/pictures/h/A26%20LES%20CHENES_81287511.avif; https://www.mubawab-media.com/promotion/4/508F/pictures/h/A1-8%20%282%29_page-0001_81430592.avif,,,,False,,https://www.mubawab-media.com/promotion/4/508F/logo/s/logo%20%289%29_81217300.avif,,"{""nombre_appartements"": ""31""}",{},{},{},{},"{""formulaire_contact"": ""Disponible""}",2026-02-01T17:56:11.193090,search,True
3951,3951,Résidence The Pantheon- Ain zaghoua...,https://www.mubawab.tn/fr/p/3951/details,La Marsa,,Ain Zaghouan Nord,Ain Zaghouan Nord à La Marsa,Résidence,Haut standing,En cours de construction,,0,Prix à consulter,À consulter,0,0,,0,0,0,Résidence The Pantheon- Ain zaghoua...,Écoles Hôpitaux,,,Jardin; Piscine; Ascenseur; Spa; Salle de sport; Sécurité,https://www.mubawab-media.com/promotion/3/951F/logo/s/00_PAGE%20DE%20GARDE_62739694.avif; https://www.mubawab-media.com/promotion/3/951F/pictures/h/01-Cam02%208K%20Final%20black_81650994.avif,https://www.mubawab-media.com/promotion/3/951F/pictures/h/01-Cam02%208K%20Final%20black_81650994.avif; https://www.mubawab-media.com/promotion/3/951F/pictures/h/05final_81652086.avif; https://www.mubawab-media.com/promotion/3/951F/pictures/h/05-Cam4_81652087.avif; https://www.mubawab-media.com/promotion/3/951F/pictures/h/08-Pool_81650995.avif; https://www.mubawab-media.com/promotion/3/951F/pictures/h/Rendu%2002%20final_81650996.avif; https://www.mubawab-media.com/promotion/3/951F/pictures/h/Cam07%208K_81650997.avif; https://www.mubawab-media.com/promotion/3/951F/pictures/h/Cam26%208K_81652088.avif; https://www.mubawab-media.com/promotion/3/951F/pictures/h/Cam17_81652089.avif; https://www.mubawab-media.com/promotion/3/951F/pictures/h/IMG_2445_79378290.avif; https://www.mubawab-media.com/promotion/3/951F/pictures/h/IMG_2446_79378291.avif; https://www.mubawab-media.com/promotion/3/951F/pictures/h/SDB01_81652090.avif; https://www.mubawab-media.com/promotion/3/951F/pictures/h/SDB04_81652091.avif; https://www.mubawab-media.com/promotion/3/951F/pictures/h/SDB03_81652092.avif,,,https://www.youtube.com/embed/Q43wGGzpqas?wmode=opaque&rel=0; https://www.youtube.com/watch?v=Q43wGGzpqas,False,,https://www.mubawab-media.com/promotion/3/951F/logo/s/00_PAGE%20DE%20GARDE_62739694.avif,,{},{},{},{},{},"{""formulaire_contact"": ""Disponible""}",2026-02-01T17:56:11.197084,search,True
4086,4086,Le projet immobilier Résidence Emna,https://www.mubawab.tn/fr/p/4086/details,Raoued,,Cité el Ghaze,Cité el Ghazela à Raoued,Résidence,Haut standing,Finalisé,,0,Prix à consulter,À consulter,0,0,,0,0,0,Le projet immobilier Résidence Emna,Écoles Hôpitaux,,,Terrasse; Spa,https://www.mubawab-media.com/promotion/4/086F/logo/s/logo-sticky-v1_77399985.avif,https://www.mubawab-media.com/promotion/4/086F/pictures/h/IMG_3236_77399981.avif; https://www.mubawab-media.com/promotion/4/086F/pictures/h/IMG_2652_77399982.avif; https://www.mubawab-media.com/promotion/4/086F/pictures/h/IMG_3226_77399983.avif; https://www.mubawab-media.com/promotion/4/086F/pictures/h/IMG_2665_77399984.avif,,,,False,,https://www.mubawab-media.com/promotion/4/086F/logo/s/logo-sticky-v1_77399985.avif,,{},{},{},{},{},"{""formulaire_contact"": ""Disponible""}",2026-02-01T17:56:11.204137,search,True
2871,2871,Résidence Bousten 3 à la de la plage...,https://www.mubawab.tn/fr/p/2871/details,Hammamet,,,Hammamet,Résidence,Haut standing,En cours de construction,,280000.0,"À partir de 
							280 000 TND",À partir de,0,0,,0,0,0,Résidence Bousten 3 à la de la plage...,Écoles Hôpitaux,Hammam,,Hammam; Spa; Sécurité,https://www.mubawab-media.com/business/9/338F/s/client-logo_6803425_60766937.avif; https://www.mubawab-media.com/promotion/2/871F/pictures/h/Bousten%20%283%29_81344685.avif,https://www.mubawab-media.com/promotion/2/871F/pictures/h/Bousten%20%283%29_81344685.avif; https://www.mubawab-media.com/promotion/2/871F/pictures/h/9_14964860.avif; https://www.mubawab-media.com/promotion/2/871F/pictures/h/7cf67272-19e9-4772-8dae-99776cb8ed5f%20%281%29_81344686.avif; https://www.mubawab-media.com/promotion/2/871F/pictures/h/6_14964859.avif; https://www.mubawab-media.com/promotion/2/871F/pictures/h/3_14964861.avif; https://www.mubawab-media.com/promotion/2/871F/pictures/h/photo%20%2814%29_78990645.avif; https://www.mubawab-media.com/promotion/2/871F/pictures/h/photo%20%281%29_78990646.avif; https://www.mubawab-media.com/promotion/2/871F/pictures/h/4_14964858.avif; https://www.mubawab-media.com/promotion/2/871F/pictures/h/1_14964845.avif; https://www.mubawab-media.com/promotion/2/871F/pictures/h/2_59705475.avif,,,https://www.youtube.com/embed/m2IELNQdYAY?wmode=opaque&rel=0; https://www.youtube.com/watch?v=m2IELNQdYAY,False,,https://www.mubawab-media.com/business/9/338F/s/client-logo_6803425_60766937.avif,,{},{},{},{},{},"{""formulaire_contact"": ""Disponible""}",2026-02-01T17:56:11.206132,search,True
4074,4074,The Village Essemble Residentiel à C...,https://www.mubawab.tn/fr/p/4074/details,,,Chotrana 2,Chotrana 2 à La Soukra,Villa,Haut standing,En cours de construction,,0,Prix à consulter,À consulter,0,0,,0,0,0,The Village Essemble Residentiel à C...,Écoles Hôpitaux,,,Climatisation; Parking; Piscine; Chauffage; Spa; Salle de sport,https://www.mubawab-media.com/promotion/4/074F/logo/s/411243593_663974315906437_4637364478165232268_n_76691300_81474852.avif,https://www.mubawab-media.com/promotion/4/074F/pictures/h/WhatsApp%20Image%202025-10-31%20at%2010.20.01%20%282%29_81486434.avif; https://www.mubawab-media.com/promotion/4/074F/pictures/h/WhatsApp%20Image%202025-10-31%20at%2010.20.00%20%281%29_81486435.avif; https://www.mubawab-media.com/promotion/4/074F/pictures/h/WhatsApp%20Image%202025-10-31%20at%2010.20.01%20%281%29_81486436.avif; https://www.mubawab-media.com/promotion/4/074F/pictures/h/WhatsApp%20Image%202025-09-29%20at%2012.57.54_81486450.avif; https://www.mubawab-media.com/promotion/4/074F/pictures/h/WhatsApp%20Image%202025-10-31%20at%2010.19.58_81486437.avif; https://www.mubawab-media.com/promotion/4/074F/pictures/h/WhatsApp%20Image%202025-10-31%20at%2010.19.59%20%282%29_81486438.avif; https://www.mubawab-media.com/promotion/4/074F/pictures/h/WhatsApp%20Image%202025-10-31%20at%2010.20.00%20%282%29_81486439.avif; https://www.mubawab-media.com/promotion/4/074F/pictures/h/WhatsApp%20Image%202025-10-31%20at%2010.20.01%20%283%29_81486440.avif; https://www.mubawab-media.com/promotion/4/074F/pictures/h/WhatsApp%20Image%202025-10-31%20at%2010.20.05%20%282%29_81486441.avif; https://www.mubawab-media.com/promotion/4/074F/pictures/h/WhatsApp%20Image%202025-10-31%20at%2010.20.07_81486442.avif; https://www.mubawab-media.com/promotion/4/074F/pictures/h/Pscv2_81486443.avif; https://www.mubawab-media.com/promotion/4/074F/pictures/h/SP1%20%281%29_81486444.avif; https://www.mubawab-media.com/promotion/4/074F/pictures/h/SP2_81486445.avif; https://www.mubawab-media.com/promotion/4/074F/pictures/h/thumb_831153_project_xlarge_81486446.avif; https://www.mubawab-media.com/promotion/4/074F/pictures/h/thumb_831156_project_xlarge_81486447.avif; https://www.mubawab-media.com/promotion/4/074F/pictures/h/thumb_831157_project_xlarge_81486448.avif; https://www.mubawab-media.com/promotion/4/074F/pictures/h/thumb_831163_project_xlarge_81486449.avif,,,,False,,https://www.mubawab-media.com/promotion/4/074F/logo/s/411243593_663974315906437_4637364478165232268_n_76691300_81474852.avif,,{},{},{},{},{},"{""formulaire_contact"": ""Disponible""}",2026-02-01T17:56:11.210132,search,True
4392,4392,Résidence CLARGES à Jardin de Carth...,https://www.mubawab.tn/fr/p/4392/details,Carthage,,Jardins de Carthage,Les Jardins de Carthage à Le Kram,Résidence,Haut standing,En cours de construction,,375000.0,"À partir de 
							375 000 TND",À partir de,0,0,,0,0,0,Résidence CLARGES à Jardin de Carth...,Écoles Hôpitaux,Jardin,,Parking; Jardin; Ascenseur; Spa; Salle de sport,https://www.mubawab-media.com/promotion/4/392F/logo/s/WhatsApp%20Image%202025-05-15%20at%2008.57.11_80285658.avif; https://www.mubawab-media.com/promotion/4/392F/pictures/h/1_80285643.avif,https://www.mubawab-media.com/promotion/4/392F/pictures/h/1_80285643.avif; https://www.mubawab-media.com/promotion/4/392F/pictures/h/2_80285644.avif; https://www.mubawab-media.com/promotion/4/392F/pictures/h/4_80285645.avif; https://www.mubawab-media.com/promotion/4/392F/pictures/h/5_80285646.avif; https://www.mubawab-media.com/promotion/4/392F/pictures/h/6_80285647.avif; https://www.mubawab-media.com/promotion/4/392F/pictures/h/7_80285648.avif; https://www.mubawab-media.com/promotion/4/392F/pictures/h/8_80285649.avif; https://www.mubawab-media.com/promotion/4/392F/pictures/h/9_80285650.avif; https://www.mubawab-media.com/promotion/4/392F/pictures/h/10_80285651.avif; https://www.mubawab-media.com/promotion/4/392F/pictures/h/11_80285652.avif; https://www.mubawab-media.com/promotion/4/392F/pictures/h/12_80285653.avif; https://www.mubawab-media.com/promotion/4/392F/pictures/h/24_80285654.avif; https://www.mubawab-media.com/promotion/4/392F/pictures/h/25_80285655.avif; https://www.mubawab-media.com/promotion/4/392F/pictures/h/26_80285656.avif; https://www.mubawab-media.com/promotion/4/392F/pictures/h/27_80285657.avif,,,https://www.youtube.com/embed/Dts0dEx80F0?wmode=opaque&rel=0; https://www.youtube.com/watch?v=Dts0dEx80F0,False,,https://www.mubawab-media.com/promotion/4/392F/logo/s/WhatsApp%20Image%202025-05-15%20at%2008.57.11_80285658.avif,,{},{},{},{},{},"{""formulaire_contact"": ""Disponible""}",2026-02-01T17:56:11.213131,search,True
3937,3937,Résidence LA NOBLESSE à Sahloul 4,https://www.mubawab.tn/fr/p/3937/details,,,,Sahloul,Résidence,Haut standing,En cours de construction,,215000.0,"À partir de 
							215 000 TND",À partir de,0,0,,0,0,0,Résidence LA NOBLESSE à Sahloul 4,Écoles Hôpitaux,,,Terrasse; Parking; Climatisation; Isolation; Ascenseur; Chauffage; Spa; Double vitrage,https://www.mubawab-media.com/promotion/3/937F/logo/s/logo%20noblesse%201_73721205.avif; https://www.mubawab-media.com/promotion/3/937F/pictures/h/WhatsApp%20Image%202025-02-11%20at%2010.15.32%20%281%29_79766056.avif,https://www.mubawab-media.com/promotion/3/937F/pictures/h/WhatsApp%20Image%202025-02-11%20at%2010.15.32%20%281%29_79766056.avif; https://www.mubawab-media.com/promotion/3/937F/pictures/h/1_10%20-%20Photo_60455810.avif; https://www.mubawab-media.com/promotion/3/937F/pictures/h/WhatsApp%20Image%202025-01-14%20at%2014.28.06_79765830.avif; https://www.mubawab-media.com/promotion/3/937F/pictures/h/WhatsApp%20Image%202025-01-14%20at%2014.28.10_79765832.avif; https://www.mubawab-media.com/promotion/3/937F/pictures/h/WhatsApp%20Image%202025-04-17%20at%2017.24.26%20%287%29_80704019.avif; https://www.mubawab-media.com/promotion/3/937F/pictures/h/WhatsApp%20Image%202025-04-17%20at%2017.24.27_80704020.avif; https://www.mubawab-media.com/promotion/3/937F/pictures/h/WhatsApp%20Image%202025-04-17%20at%2017.21.08_80704021.avif; https://www.mubawab-media.com/promotion/3/937F/pictures/h/WhatsApp%20Image%202025-04-17%20at%2017.21.09%20%285%29_80704022.avif; https://www.mubawab-media.com/promotion/3/937F/pictures/h/WhatsApp%20Image%202025-04-17%20at%2017.22.11%20%282%29_80704023.avif; https://www.mubawab-media.com/promotion/3/937F/pictures/h/WhatsApp%20Image%202025-04-17%20at%2017.22.57_80704024.avif; https://www.mubawab-media.com/promotion/3/937F/pictures/h/WhatsApp%20Image%202025-04-17%20at%2017.22.58%20%283%29_80704025.avif; https://www.mubawab-media.com/promotion/3/937F/pictures/h/WhatsApp%20Image%202025-04-17%20at%2017.22.58%20%284%29_80704026.avif; https://www.mubawab-media.com/promotion/3/937F/pictures/h/WhatsApp%20Image%202025-04-17%20at%2017.22.58%20%286%29_80704027.avif; https://www.mubawab-media.com/promotion/3/937F/pictures/h/WhatsApp%20Image%202025-04-17%20at%2017.24.26%20%283%29_80704028.avif; https://www.mubawab-media.com/promotion/3/937F/pictures/h/WhatsApp%20Image%202025-04-17%20at%2017.24.26%20%284%29_80704029.avif,,,https://www.youtube.com/embed/nB1J3p5Sqbs?wmode=opaque&rel=0; https://www.youtube.com/watch?v=nB1J3p5Sqbs,False,,https://www.mubawab-media.com/promotion/3/937F/logo/s/logo%20noblesse%201_73721205.avif,,{},{},{},{},{},"{""formulaire_contact"": ""Disponible""}",2026-02-01T17:56:11.216131,search,True
2447,2447,A vendre des locaux à Montplaisir,https://www.mubawab.tn/fr/p/2447/details,Tunis,,Montpisir,Montplaisir à Tunis,Immobilier neuf,Haut standing,Finalisé,,351000.0,"À partir de 
							351 000 TND",À partir de,0,0,,0,0,0,A vendre des locaux à Montplaisir,Écoles Hôpitaux,,,Climatisation; Parking; Spa,https://www.mubawab-media.com/promotion/2/447F/logo/s/236937077_3849793101791960_4525761390857377405_n_76285519.avif,https://www.mubawab-media.com/promotion/2/447F/pictures/h/Immeuble%20Ennassim_5914214.avif; https://www.mubawab-media.com/promotion/2/447F/pictures/h/DSC_5820_5914215.avif; https://www.mubawab-media.com/promotion/2/447F/pictures/h/13330445_10154234338744399_1130287924_n_5914216.avif; https://www.mubawab-media.com/promotion/2/447F/pictures/h/13348841_10154234332854399_351160586_n_5914217.avif; https://www.mubawab-media.com/promotion/2/447F/pictures/h/13348811_10154234328449399_117953110_n_5914219.avif,,,,False,,https://www.mubawab-media.com/promotion/2/447F/logo/s/236937077_3849793101791960_4525761390857377405_n_76285519.avif,,{},{},{},{},{},"{""formulaire_contact"": ""Disponible""}",2026-02-01T17:56:11.220137,search,True
3721,3721,Résidence NOUR,https://www.mubawab.tn/fr/p/3721/details,Carthage,,Jardins de Carthage,Les Jardins de Carthage à Le Kram,Résidence,Haut standing,En cours de construction,,0,Prix à consulter,À consulter,0,0,,0,0,0,"Haut standing, En cours de construction",Écoles Hôpitaux,Jardin,,Parking; Spa; Jardin,https://www.mubawab-media.com/promotion/3/721F/logo/s/300593232_400943235478195_6920965241509118170_n_33036376.avif,https://www.mubawab-media.com/promotion/3/721F/pictures/h/WhatsApp%20Image%202025-04-28%20at%2015.50.57_81862546.avif; https://www.mubawab-media.com/promotion/3/721F/pictures/h/WhatsApp%20Image%202026-01-29%20at%2018.4_81867383.avif; https://www.mubawab-media.com/promotion/3/721F/pictures/h/WhatsApp%20Image%202026-01-29%20at%2018.40.2_81867385.avif; https://www.mubawab-media.com/promotion/3/721F/pictures/h/WhatsApp%20Image%202026-01-29%20at%2018.40.23_81867387.avif; https://www.mubawab-media.com/promotion/3/721F/pictures/h/WhatsApp%20Image%202025-04-28%20at%2015.50.56_81862549.avif; https://www.mubawab-media.com/promotion/3/721F/pictures/h/WhatsApp%20Image%202025-04-28%20at%2015.50.56%20%281%29_81862550.avif; https://www.mubawab-media.com/promotion/3/721F/pictures/h/WhatsApp%20Image%202025-04-28%20at%2015.50.55%20%282%29_81862552.avif; https://www.mubawab-media.com/promotion/3/721F/pictures/h/WhatsApp%20Image%202025-04-28%20at%2015.50.55%20%281%29_81862553.avif; https://www.mubawab-media.com/promotion/3/721F/pictures/h/WhatsApp%20Image%202026-01-29%20at%2018.40._81867384.avif; https://www.mubawab-media.com/promotion/3/721F/pictures/h/WhatsApp%20Image%202026-01-29%20at%2018.40.22_81867386.avif; https://www.mubawab-media.com/promotion/3/721F/pictures/h/WhatsApp%20Image%202026-01-29%20at%2018.40.24_81867388.avif; https://www.mubawab-media.com/promotion/3/721F/pictures/h/WhatsApp%20Image%202026-01-29%20at%2018.40.25_81867389.avif,,,,False,,https://www.mubawab-media.com/promotion/3/721F/logo/s/300593232_400943235478195_6920965241509118170_n_33036376.avif,,{},{},{},"{""facilites_paiement"": ""Disponibles""}",{},"{""formulaire_contact"": ""Disponible""}",2026-02-01T17:56:11.227904,search,True
4507,4507,Résidence Les Chênes  La Soukra,https://www.mubawab.tn/fr/p/4507/details,,,,La Soukra,Résidence,Haut standing,Finalisé,,300000.0,"À partir de 
							300 000 TND",À partir de,0,0,,0,0,0,Résidence Les Chênes  La Soukra,Écoles Hôpitaux,,,Parking; Ascenseur; Spa,https://www.mubawab-media.com/promotion/4/507F/logo/s/logo%20%289%29_81205531.avif,https://www.mubawab-media.com/promotion/4/507F/pictures/h/WhatsApp%20Image%202025-12-14%20at%2012.27.47%20%282%29_81628244.avif; https://www.mubawab-media.com/promotion/4/507F/pictures/h/Perspectiv%20les%20chenes%202_81205522.avif; https://www.mubawab-media.com/promotion/4/507F/pictures/h/WhatsApp%20Image%202025-12-14%20at%2012.27.48%20%283%29_81628246.avif; https://www.mubawab-media.com/promotion/4/507F/pictures/h/PERSPECTIVES%20LES%20CHENES%201_81205524.avif; https://www.mubawab-media.com/promotion/4/507F/pictures/h/WhatsApp%20Image%202025-10-16%20at%2009.38.38%20%281%29_81246192.avif; https://www.mubawab-media.com/promotion/4/507F/pictures/h/WhatsApp%20Image%202025-12-14%20at%2012.30.26%20%283%29_81628247.avif; https://www.mubawab-media.com/promotion/4/507F/pictures/h/WhatsApp%20Image%202025-10-16%20at%2009.38.40%20%281%29_81246193.avif; https://www.mubawab-media.com/promotion/4/507F/pictures/h/WhatsApp%20Image%202025-12-14%20at%2012.27.48%20%282%29_81628248.avif; https://www.mubawab-media.com/promotion/4/507F/pictures/h/WhatsApp%20Image%202025-10-16%20at%2009.38.39%20%282%29_81246194.avif; https://www.mubawab-media.com/promotion/4/507F/pictures/h/WhatsApp%20Image%202025-12-14%20at%2012.30.25%20%281%29_81628249.avif; https://www.mubawab-media.com/promotion/4/507F/pictures/h/WhatsApp%20Image%202025-12-14%20at%2012.30.26%20%281%29_81628250.avif; https://www.mubawab-media.com/promotion/4/507F/pictures/h/WhatsApp%20Image%202025-12-14%20at%2012.30.25_81628251.avif; https://www.mubawab-media.com/promotion/4/507F/pictures/h/WhatsApp%20Image%202025-10-16%20at%2009.38.40_81246195.avif; https://www.mubawab-media.com/promotion/4/507F/pictures/h/WhatsApp%20Image%202025-10-16%20at%2009.38.39_81246196.avif; https://www.mubawab-media.com/promotion/4/507F/pictures/h/WhatsApp%20Image%202025-10-16%20at%2009.38.34%20%281%29_81246197.avif; https://www.mubawab-media.com/promotion/4/507F/pictures/h/WhatsApp%20Image%202025-10-16%20at%2009.38.39%20%281%29_81246198.avif; https://www.mubawab-media.com/promotion/4/507F/pictures/h/WhatsApp%20Image%202025-10-16%20at%2009.38.38_81246199.avif; https://www.mubawab-media.com/promotion/4/507F/pictures/h/WhatsApp%20Image%202025-10-16%20at%2009.38.37%20%281%29_81246200.avif; https://www.mubawab-media.com/promotion/4/507F/pictures/h/WhatsApp%20Image%202025-10-16%20at%2009.38.37_81246201.avif; https://www.mubawab-media.com/promotion/4/507F/pictures/h/WhatsApp%20Image%202025-10-16%20at%2009.38.36%20%283%29_81246214.avif,,,,False,,https://www.mubawab-media.com/promotion/4/507F/logo/s/logo%20%289%29_81205531.avif,,"{""nombre_appartements"": ""16""}",{},{},{},{},"{""formulaire_contact"": ""Disponible""}",2026-02-01T17:57:03.023753,search,True
4543,4543,RÉSIDENCE MYRIAM 3  Jardins de Cart...,https://www.mubawab.tn/fr/p/4543/details,Carthage,,Jardins de Carthage,Les Jardins de Carthage à Le Kram,Résidence,Haut standing,Finalisé,,640000.0,"À partir de 
							640 000 TND",À partir de,0,0,,0,0,0,RÉSIDENCE MYRIAM 3  Jardins de Cart...,Écoles Hôpitaux,Jardin,,Parking; Jardin; Ascenseur; Spa; Sécurité,https://www.mubawab-media.com/promotion/4/543F/logo/s/logos-cipolin-al-fayrouz-hd_page-0001_81609244.avif; https://www.mubawab-media.com/promotion/4/543F/pictures/h/DSC03181_81608780.avif,https://www.mubawab-media.com/promotion/4/543F/pictures/h/DSC03181_81608780.avif; https://www.mubawab-media.com/promotion/4/543F/pictures/h/DSC03169_81608785.avif; https://www.mubawab-media.com/promotion/4/543F/pictures/h/34_81608782.avif; https://www.mubawab-media.com/promotion/4/543F/pictures/h/DSC03166_81608786.avif; https://www.mubawab-media.com/promotion/4/543F/pictures/h/DSC03144_81608781.avif; https://www.mubawab-media.com/promotion/4/543F/pictures/h/586873044_1363438828901040_3103729564533999924_n%20%281%29_81608783.avif; https://www.mubawab-media.com/promotion/4/543F/pictures/h/39_81608787.avif; https://www.mubawab-media.com/promotion/4/543F/pictures/h/DSC03162_81608784.avif; https://www.mubawab-media.com/promotion/4/543F/pictures/h/8_81608788.avif; https://www.mubawab-media.com/promotion/4/543F/pictures/h/28_81608789.avif; https://www.mubawab-media.com/promotion/4/543F/pictures/h/DSC03099_81608790.avif; https://www.mubawab-media.com/promotion/4/543F/pictures/h/25_81608791.avif; https://www.mubawab-media.com/promotion/4/543F/pictures/h/DSC03110_81608792.avif; https://www.mubawab-media.com/promotion/4/543F/pictures/h/DSC03143_81608793.avif; https://www.mubawab-media.com/promotion/4/543F/pictures/h/7_81608794.avif; https://www.mubawab-media.com/promotion/4/543F/pictures/h/14_81608795.avif; https://www.mubawab-media.com/promotion/4/543F/pictures/h/31_81608796.avif; https://www.mubawab-media.com/promotion/4/543F/pictures/h/DSC03125_81608797.avif; https://www.mubawab-media.com/promotion/4/543F/pictures/h/19_81608798.avif; https://www.mubawab-media.com/promotion/4/543F/pictures/h/DSC03127_81608799.avif,,,https://www.youtube.com/embed/2iP2inAGl8Y?wmode=opaque&rel=0; https://www.youtube.com/watch?v=2iP2inAGl8Y,False,,https://www.mubawab-media.com/promotion/4/543F/logo/s/logos-cipolin-al-fayrouz-hd_page-0001_81609244.avif,,{},{},{},{},{},"{""formulaire_contact"": ""Disponible""}",2026-02-01T17:57:03.035411,search,True
4070,4070,Vente Local commercial de 159 m à Z...,https://www.mubawab.tn/fr/p/4070/details,Ezzahra,,,Ezzahra,Résidence,Haut standing,Finalisé,,700000.0,"À partir de 
							700 000 TND",À partir de,4402.5157232704405,159.0,159 m²,0,0,0,Il est bien situé dans un boulevard comm...,Écoles Hôpitaux,,,Spa,https://www.mubawab-media.com/promotion/4/070F/logo/s/236937077_3849793101791960_4525761390857377405_n_76304199.avif,https://www.mubawab-media.com/promotion/4/070F/pictures/h/WhatsApp%20Image%202024-06-04%20at%2010.00.28_76304197.avif; https://www.mubawab-media.com/promotion/4/070F/pictures/h/WhatsApp%20Image%202024-06-04%20at%2010.00.58_76304198.avif,,,,False,,https://www.mubawab-media.com/promotion/4/070F/logo/s/236937077_3849793101791960_4525761390857377405_n_76304199.avif,,{},{},{},{},{},"{""formulaire_contact"": ""Disponible""}",2026-02-01T17:57:03.042255,search,True
4518,4518,Résidence Mallorca  Jardins de Cart...,https://www.mubawab.tn/fr/p/4518/details,Carthage,,Jardins de Carthage,Les Jardins de Carthage à Le Kram,Résidence,Haut standing,En cours de construction,,450000.0,"À partir de 
							450 000 TND",À partir de,0,0,,0,0,0,Résidence Mallorca  Jardins de Cart...,Écoles Hôpitaux,Jardin,,Parking; Jardin; Piscine; Ascenseur; Spa; Salle de sport; Sécurité,https://www.mubawab-media.com/promotion/4/518F/logo/s/313261822_173405062009210_2000719548649962272_n_81299113.avif,https://www.mubawab-media.com/promotion/4/518F/pictures/h/2_81322059.avif; https://www.mubawab-media.com/promotion/4/518F/pictures/h/1_81322058.avif; https://www.mubawab-media.com/promotion/4/518F/pictures/h/3_81322060.avif; https://www.mubawab-media.com/promotion/4/518F/pictures/h/4_81322061.avif; https://www.mubawab-media.com/promotion/4/518F/pictures/h/5_81322062.avif; https://www.mubawab-media.com/promotion/4/518F/pictures/h/6_81322063.avif; https://www.mubawab-media.com/promotion/4/518F/pictures/h/7_81322064.avif; https://www.mubawab-media.com/promotion/4/518F/pictures/h/8_81322065.avif; https://www.mubawab-media.com/promotion/4/518F/pictures/h/9_81322066.avif; https://www.mubawab-media.com/promotion/4/518F/pictures/h/10_81322067.avif; https://www.mubawab-media.com/promotion/4/518F/pictures/h/11_81322068.avif; https://www.mubawab-media.com/promotion/4/518F/pictures/h/12_81322069.avif; https://www.mubawab-media.com/promotion/4/518F/pictures/h/13_81322070.avif; https://www.mubawab-media.com/promotion/4/518F/pictures/h/14_81322071.avif; https://www.mubawab-media.com/promotion/4/518F/pictures/h/15_81322072.avif; https://www.mubawab-media.com/promotion/4/518F/pictures/h/16_81322073.avif; https://www.mubawab-media.com/promotion/4/518F/pictures/h/17_81322074.avif,,,,False,,https://www.mubawab-media.com/promotion/4/518F/logo/s/313261822_173405062009210_2000719548649962272_n_81299113.avif,,{},{},{},{},{},"{""formulaire_contact"": ""Disponible""}",2026-02-01T17:57:03.054224,search,True
4207,4207,"Résidence ""Ella 2"" - El Ghazella",https://www.mubawab.tn/fr/p/4207/details,Raoued,,Cité el Ghaze,Cité el Ghazela à Raoued,Résidence,Haut standing,En cours de construction,,235000.0,"À partir de 
							235 000 TND",À partir de,0,0,,0,0,0,"Résidence ""Ella 2"" - El Ghazella",Écoles Hôpitaux,,,Climatisation; Parking; Isolation; Jardin; Ascenseur; Chauffage; Spa; Double vitrage; Sécurité,https://www.mubawab-media.com/promotion/4/207F/logo/s/WhatsApp%20Image%202025-02-11%20at%2010.36.55_79766008.avif,https://www.mubawab-media.com/promotion/4/207F/pictures/h/00%20%281%29_79130896.avif; https://www.mubawab-media.com/promotion/4/207F/pictures/h/01%20%286%29_79130573.avif; https://www.mubawab-media.com/promotion/4/207F/pictures/h/02%20%285%29_79130897.avif; https://www.mubawab-media.com/promotion/4/207F/pictures/h/04%20%281%29_79130898.avif; https://www.mubawab-media.com/promotion/4/207F/pictures/h/s%2B3.origRGB.0000_80712639.avif; https://www.mubawab-media.com/promotion/4/207F/pictures/h/s%2B3.origRGB.0001_80712640.avif; https://www.mubawab-media.com/promotion/4/207F/pictures/h/s%2B3.origRGB.0002_80712641.avif; https://www.mubawab-media.com/promotion/4/207F/pictures/h/s%2B3.origRGB.0003_80712642.avif; https://www.mubawab-media.com/promotion/4/207F/pictures/h/s%2B3.origRGB.0004_80712643.avif; https://www.mubawab-media.com/promotion/4/207F/pictures/h/s%2B3.origRGB.0005_80712644.avif; https://www.mubawab-media.com/promotion/4/207F/pictures/h/s%2B3.origRGB.0008_80712645.avif; https://www.mubawab-media.com/promotion/4/207F/pictures/h/s%2B3.origRGB.0009_80712646.avif; https://www.mubawab-media.com/promotion/4/207F/pictures/h/s%2B3.origRGB.0010_80712647.avif; https://www.mubawab-media.com/promotion/4/207F/pictures/h/s%2B3.origRGB.0011_80712648.avif; https://www.mubawab-media.com/promotion/4/207F/pictures/h/s%2B3.origRGB.0012_80712649.avif; https://www.mubawab-media.com/promotion/4/207F/pictures/h/s%2B3.origRGB.0013_80712650.avif; https://www.mubawab-media.com/promotion/4/207F/pictures/h/s%2B3.origRGB.0014_80712651.avif; https://www.mubawab-media.com/promotion/4/207F/pictures/h/s%2B3.origRGB.0015_80712652.avif,,,,False,,https://www.mubawab-media.com/promotion/4/207F/logo/s/WhatsApp%20Image%202025-02-11%20at%2010.36.55_79766008.avif,,{},{},{},{},{},"{""formulaire_contact"": ""Disponible""}",2026-02-01T17:57:03.061169,search,True
4083,4083,JINENE SOUKRA 1: Luxe et Confort à C...,https://www.mubawab.tn/fr/p/4083/details,,,Chotrana 3,Chotrana 3 à La Soukra,Résidence,Haut standing,Finalisé,,390000.0,"À partir de 
							390 000 TND",À partir de,0,0,,0,0,0,JINENE SOUKRA 1: Luxe et Confort à C...,Écoles Hôpitaux,,,Spa; Jardin,https://www.mubawab-media.com/promotion/4/083F/logo/s/252494653_6273843539354289_7977346562480780847_n_77084867.avif,https://www.mubawab-media.com/promotion/4/083F/pictures/h/Facade%20Commerce%20%2B%20Habitation_77084857.avif; https://www.mubawab-media.com/promotion/4/083F/pictures/h/Facade%20entr%C3%A9e%20R%C3%A9sidence_77084854.avif; https://www.mubawab-media.com/promotion/4/083F/pictures/h/Patio%20Int%C3%A9rieur%201_77084855.avif; https://www.mubawab-media.com/promotion/4/083F/pictures/h/Patio%20Int%C3%A9rieur%202_77084856.avif; https://www.mubawab-media.com/promotion/4/083F/pictures/h/Patio%20Int%C3%A9rieur%204_77084858.avif; https://www.mubawab-media.com/promotion/4/083F/pictures/h/Facade%20commerce_77084859.avif; https://www.mubawab-media.com/promotion/4/083F/pictures/h/1_81352719.avif; https://www.mubawab-media.com/promotion/4/083F/pictures/h/2_81352720.avif; https://www.mubawab-media.com/promotion/4/083F/pictures/h/5_81352721.avif; https://www.mubawab-media.com/promotion/4/083F/pictures/h/6_81352722.avif; https://www.mubawab-media.com/promotion/4/083F/pictures/h/7_81352723.avif; https://www.mubawab-media.com/promotion/4/083F/pictures/h/13_81352724.avif; https://www.mubawab-media.com/promotion/4/083F/pictures/h/14_81352725.avif; https://www.mubawab-media.com/promotion/4/083F/pictures/h/15_81352726.avif; https://www.mubawab-media.com/promotion/4/083F/pictures/h/16_81352727.avif; https://www.mubawab-media.com/promotion/4/083F/pictures/h/18_81352728.avif; https://www.mubawab-media.com/promotion/4/083F/pictures/h/19_81352729.avif; https://www.mubawab-media.com/promotion/4/083F/pictures/h/20_81352730.avif; https://www.mubawab-media.com/promotion/4/083F/pictures/h/22_81352731.avif; https://www.mubawab-media.com/promotion/4/083F/pictures/h/23_81352732.avif,,,,False,,https://www.mubawab-media.com/promotion/4/083F/logo/s/252494653_6273843539354289_7977346562480780847_n_77084867.avif,,{},{},{},{},{},"{""formulaire_contact"": ""Disponible""}",2026-02-01T17:57:03.068358,search,True
3432,3432,Résidenec Opera Garden II à Bhar Laz...,https://www.mubawab.tn/fr/p/3432/details,La Marsa,,Bhar Lazreg,Bhar Lazreg à La Marsa,Résidence,Haut standing,En cours de construction,,283000.0,"À partir de 
							283 000 TND",À partir de,0,0,,0,0,0,Résidenec Opera Garden II à Bhar Laz...,Écoles Hôpitaux,,,Concierge; Isolation; Parking; Salle de bain; Ascenseur; Chauffage; Spa; Double vitrage,https://www.mubawab-media.com/promotion/3/432F/logo/s/t%C3%A9l%C3%A9chargement%20%2812%29_20761187.avif; https://www.mubawab-media.com/promotion/3/432F/pictures/h/WhatsApp%20Image%202024-07-04%20%C3%A0%2010.50.39_911a771a_77952234.avif,https://www.mubawab-media.com/promotion/3/432F/pictures/h/WhatsApp%20Image%202024-07-04%20%C3%A0%2010.50.39_911a771a_77952234.avif; https://www.mubawab-media.com/promotion/3/432F/pictures/h/WhatsApp%20Image%202024-07-04%20%C3%A0%2010.49.57_06df1993_77952232.avif; https://www.mubawab-media.com/promotion/3/432F/pictures/h/WhatsApp%20Image%202024-07-03%20%C3%A0%2018.53.41_ae15f1a4_77940913.avif; https://www.mubawab-media.com/promotion/3/432F/pictures/h/WhatsApp%20Image%202024-07-03%20%C3%A0%2018.55.43_5d7ce8fd_77940910.avif; https://www.mubawab-media.com/promotion/3/432F/pictures/h/WhatsApp%20Image%202024-07-03%20%C3%A0%2018.55.57_1965f443_77940904.avif; https://www.mubawab-media.com/promotion/3/432F/pictures/h/WhatsApp%20Image%202024-07-03%20%C3%A0%2018.55.43_785bcd2c_77940909.avif; https://www.mubawab-media.com/promotion/3/432F/pictures/h/IMG-20240703-WA0050_77952958.avif; https://www.mubawab-media.com/promotion/3/432F/pictures/h/WhatsApp%20Image%202024-07-03%20%C3%A0%2018.55.57_ba562891_77940903.avif; https://www.mubawab-media.com/promotion/3/432F/pictures/h/WhatsApp%20Image%202024-07-03%20%C3%A0%2018.55.44_717ab57f_77940906.avif; https://www.mubawab-media.com/promotion/3/432F/pictures/h/WhatsApp%20Image%202024-07-03%20%C3%A0%2018.55.43_8325fd58_77940907.avif; https://www.mubawab-media.com/promotion/3/432F/pictures/h/WhatsApp%20Image%202024-07-03%20%C3%A0%2018.55.44_f9b763ae_77940908.avif; https://www.mubawab-media.com/promotion/3/432F/pictures/h/WhatsApp%20Image%202024-07-03%20%C3%A0%2018.54.12_b6b59c34_77940914.avif; https://www.mubawab-media.com/promotion/3/432F/pictures/h/WhatsApp%20Image%202024-07-03%20%C3%A0%2018.53.41_2b4a7bb1_77940915.avif; https://www.mubawab-media.com/promotion/3/432F/pictures/h/WhatsApp%20Image%202024-07-03%20%C3%A0%2018.54.13_3448c5c8_77940916.avif; https://www.mubawab-media.com/promotion/3/432F/pictures/h/WhatsApp%20Image%202024-07-03%20%C3%A0%2018.54.09_b8163c98_77940917.avif; https://www.mubawab-media.com/promotion/3/432F/pictures/h/WhatsApp%20Image%202024-07-03%20%C3%A0%2018.54.13_619dcf91_77940918.avif; https://www.mubawab-media.com/promotion/3/432F/pictures/h/WhatsApp%20Image%202024-07-03%20%C3%A0%2018.55.59_2e3f4733_77940921.avif; https://www.mubawab-media.com/promotion/3/432F/pictures/h/IMG-20240703-WA0037_77952960.avif; https://www.mubawab-media.com/promotion/3/432F/pictures/h/IMG-20240703-WA0039_77952961.avif; https://www.mubawab-media.com/promotion/3/432F/pictures/h/IMG-20240703-WA0040_77952962.avif,,,https://www.youtube.com/embed/QZZD_9hgeGk?wmode=opaque&rel=0; https://www.youtube.com/watch?v=QZZD_9hgeGk,False,,https://www.mubawab-media.com/promotion/3/432F/logo/s/t%C3%A9l%C3%A9chargement%20%2812%29_20761187.avif,,{},{},{},{},{},"{""formulaire_contact"": ""Disponible""}",2026-02-01T17:57:03.081725,search,True
4171,4171,"Résidence NOUR AL MEDINA, La Nouvell...",https://www.mubawab.tn/fr/p/4171/details,,,,Nouvelle Medina,Résidence,Haut standing,En cours de construction,,146400.0,"À partir de 
							146 400 TND",À partir de,0,0,,0,0,0,"Résidence NOUR AL MEDINA, La Nouvell...",Écoles Hôpitaux,,,Parking; Spa,https://www.mubawab-media.com/promotion/4/171F/logo/s/Dark%20Blue%20and%20Gold%20Luxury%20Modern%20Real%20Estate%20Property%20Logo_81787490.avif; https://www.mubawab-media.com/promotion/4/171F/pictures/h/WhatsApp%20Image%202024-09-20%20%C3%A0%2009.06.49_18f42b73_78865328.avif,https://www.mubawab-media.com/promotion/4/171F/pictures/h/WhatsApp%20Image%202024-09-20%20%C3%A0%2009.06.49_18f42b73_78865328.avif; https://www.mubawab-media.com/promotion/4/171F/pictures/h/A2.4_78883042.avif; https://www.mubawab-media.com/promotion/4/171F/pictures/h/A2.3_78883041.avif; https://www.mubawab-media.com/promotion/4/171F/pictures/h/A2.2_78883040.avif; https://www.mubawab-media.com/promotion/4/171F/pictures/h/A2.1_78883039.avif; https://www.mubawab-media.com/promotion/4/171F/pictures/h/A2.5_78883043.avif; https://www.mubawab-media.com/promotion/4/171F/pictures/h/A2.6_78883044.avif; https://www.mubawab-media.com/promotion/4/171F/pictures/h/A2.7_78883045.avif; https://www.mubawab-media.com/promotion/4/171F/pictures/h/B1.1_78883046.avif; https://www.mubawab-media.com/promotion/4/171F/pictures/h/B1.2_78883047.avif; https://www.mubawab-media.com/promotion/4/171F/pictures/h/B1.3_78883048.avif; https://www.mubawab-media.com/promotion/4/171F/pictures/h/B1.4_78883049.avif; https://www.mubawab-media.com/promotion/4/171F/pictures/h/B1.5_78883050.avif; https://www.mubawab-media.com/promotion/4/171F/pictures/h/B1.6_78883051.avif; https://www.mubawab-media.com/promotion/4/171F/pictures/h/B2.1_78883052.avif; https://www.mubawab-media.com/promotion/4/171F/pictures/h/B2.2_78883053.avif; https://www.mubawab-media.com/promotion/4/171F/pictures/h/A3.1_78883054.avif; https://www.mubawab-media.com/promotion/4/171F/pictures/h/A3.2_78883055.avif; https://www.mubawab-media.com/promotion/4/171F/pictures/h/A3.3_78883056.avif; https://www.mubawab-media.com/promotion/4/171F/pictures/h/A3.4_78883057.avif,,,https://www.youtube.com/embed/B0uDusBlY_4?wmode=opaque&rel=0; https://www.youtube.com/watch?v=B0uDusBlY_4,False,,https://www.mubawab-media.com/promotion/4/171F/logo/s/Dark%20Blue%20and%20Gold%20Luxury%20Modern%20Real%20Estate%20Property%20Logo_81787490.avif,,{},{},{},{},{},"{""formulaire_contact"": ""Disponible""}",2026-02-01T17:57:03.110564,search,True
4068,4068,Résidence Des Parcs aux jardins de C...,https://www.mubawab.tn/fr/p/4068/details,Carthage,,Jardins de Carthage,Les Jardins de Carthage à Le Kram,Résidence,Haut standing,Finalisé,,350000.0,"À partir de 
							350 000 TND",À partir de,0,0,,0,0,0,Résidence Des Parcs aux jardins de C...,Écoles Hôpitaux,Jardin,,Terrasse; Parking; Spa; Jardin,https://www.mubawab-media.com/promotion/4/068F/logo/s/236937077_3849793101791960_4525761390857377405_n_76293332.avif,https://www.mubawab-media.com/promotion/4/068F/pictures/h/dd144ee8-7147-48d0-a586-fa77699495fc_76293315.avif; https://www.mubawab-media.com/promotion/4/068F/pictures/h/dde1d54f-4671-442a-924b-a8cd945e9075_76293314.avif; https://www.mubawab-media.com/promotion/4/068F/pictures/h/lac-immo-de-l-avenue_76293316.avif; https://www.mubawab-media.com/promotion/4/068F/pictures/h/WhatsApp%20Image%202024-05-30%20at%2016.25.51%20%281%29_76293317.avif; https://www.mubawab-media.com/promotion/4/068F/pictures/h/WhatsApp%20Image%202024-05-30%20at%2016.25.51%20%282%29_76293318.avif; https://www.mubawab-media.com/promotion/4/068F/pictures/h/WhatsApp%20Image%202024-05-30%20at%2016.25.51%20%283%29_76293319.avif; https://www.mubawab-media.com/promotion/4/068F/pictures/h/WhatsApp%20Image%202024-05-30%20at%2016.25.51%20%284%29_76293320.avif; https://www.mubawab-media.com/promotion/4/068F/pictures/h/WhatsApp%20Image%202024-05-30%20at%2016.25.51_76293321.avif; https://www.mubawab-media.com/promotion/4/068F/pictures/h/WhatsApp%20Image%202024-05-30%20at%2016.25.52%20%281%29_76293322.avif; https://www.mubawab-media.com/promotion/4/068F/pictures/h/WhatsApp%20Image%202024-05-30%20at%2016.25.52%20%282%29_76293323.avif; https://www.mubawab-media.com/promotion/4/068F/pictures/h/WhatsApp%20Image%202024-05-30%20at%2016.25.52%20%283%29_76293324.avif; https://www.mubawab-media.com/promotion/4/068F/pictures/h/WhatsApp%20Image%202024-05-30%20at%2016.25.52_76293325.avif; https://www.mubawab-media.com/promotion/4/068F/pictures/h/WhatsApp%20Image%202024-05-30%20at%2016.25.53%20%281%29_76293326.avif; https://www.mubawab-media.com/promotion/4/068F/pictures/h/WhatsApp%20Image%202024-05-30%20at%2016.25.53%20%282%29_76293327.avif; https://www.mubawab-media.com/promotion/4/068F/pictures/h/WhatsApp%20Image%202024-05-30%20at%2016.25.53%20%283%29_76293328.avif; https://www.mubawab-media.com/promotion/4/068F/pictures/h/WhatsApp%20Image%202024-05-30%20at%2016.25.53%20%284%29_76293329.avif; https://www.mubawab-media.com/promotion/4/068F/pictures/h/WhatsApp%20Image%202024-05-30%20at%2016.25.53_76293330.avif; https://www.mubawab-media.com/promotion/4/068F/pictures/h/WhatsApp%20Image%202024-05-30%20at%2016.25.54_76293331.avif,,,,False,,https://www.mubawab-media.com/promotion/4/068F/logo/s/236937077_3849793101791960_4525761390857377405_n_76293332.avif,,{},{},{},{},{},"{""formulaire_contact"": ""Disponible""}",2026-02-01T17:57:03.115678,search,True
4535,4535,"Compound Palm House  Monastir, zone...",https://www.mubawab.tn/fr/p/4535/details,Monastir,,Zone Touristique,Zone Touristique à Monastir Ville,Villa,Haut standing,En cours de construction,,690000.0,"À partir de 
							690 000 TND",À partir de,0,0,,0,0,0,"Compound Palm House  Monastir, zone...",Écoles Hôpitaux,,,Concierge; Jardin; Piscine; Spa; Sécurité,https://www.mubawab-media.com/promotion/4/535F/logo/s/334128258_870388854042951_5375542705712357789_n_81495474.avif,https://www.mubawab-media.com/promotion/4/535F/pictures/h/WhatsApp%20Image%202025-11-18%20at%2019.53.01%20%281%29_81495446.avif; https://www.mubawab-media.com/promotion/4/535F/pictures/h/WhatsApp%20Image%202025-11-18%20at%2019.53.03_81495447.avif; https://www.mubawab-media.com/promotion/4/535F/pictures/h/aa58cd0e-ac69-423c-8857-7141a2a2dc30_81495448.avif; https://www.mubawab-media.com/promotion/4/535F/pictures/h/WhatsApp%20Image%202025-11-18%20at%2019.53.04_81495449.avif; https://www.mubawab-media.com/promotion/4/535F/pictures/h/WhatsApp%20Image%202025-11-18%20at%2019.53.03%20%282%29_81495450.avif; https://www.mubawab-media.com/promotion/4/535F/pictures/h/WhatsApp%20Image%202025-11-18%20at%2019.53.05%20%281%29_81495451.avif; https://www.mubawab-media.com/promotion/4/535F/pictures/h/WhatsApp%20Image%202025-11-18%20at%2019.53.05_81495452.avif; https://www.mubawab-media.com/promotion/4/535F/pictures/h/2466b1f6-33fc-40b0-aa94-4458bced3528_81495453.avif; https://www.mubawab-media.com/promotion/4/535F/pictures/h/WhatsApp%20Image%202025-11-18%20at%2019.53.10_81495454.avif; https://www.mubawab-media.com/promotion/4/535F/pictures/h/WhatsApp%20Image%202025-11-18%20at%2019.53.08_81495455.avif; https://www.mubawab-media.com/promotion/4/535F/pictures/h/WhatsApp%20Image%202025-11-18%20at%2019.53.12_81495456.avif; https://www.mubawab-media.com/promotion/4/535F/pictures/h/WhatsApp%20Image%202025-11-18%20at%2019.53.26_81495457.avif; https://www.mubawab-media.com/promotion/4/535F/pictures/h/WhatsApp%20Image%202025-11-18%20at%2019.53.24_81495458.avif; https://www.mubawab-media.com/promotion/4/535F/pictures/h/WhatsApp%20Image%202025-11-18%20at%2019.53.21_81495459.avif; https://www.mubawab-media.com/promotion/4/535F/pictures/h/WhatsApp%20Image%202025-11-18%20at%2019.53.17_81495460.avif; https://www.mubawab-media.com/promotion/4/535F/pictures/h/WhatsApp%20Image%202025-11-18%20at%2019.53.14_81495461.avif; https://www.mubawab-media.com/promotion/4/535F/pictures/h/WhatsApp%20Image%202025-11-18%20at%2019.53.04%20%281%29_81495462.avif; https://www.mubawab-media.com/promotion/4/535F/pictures/h/WhatsApp%20Image%202025-11-18%20at%2019.53.03%20%281%29_81495463.avif; https://www.mubawab-media.com/promotion/4/535F/pictures/h/WhatsApp%20Image%202025-11-18%20at%2019.53.06_81495464.avif; https://www.mubawab-media.com/promotion/4/535F/pictures/h/d67f1503-312a-4c56-a547-20bc9b67ca58_81495465.avif,,,,False,,https://www.mubawab-media.com/promotion/4/535F/logo/s/334128258_870388854042951_5375542705712357789_n_81495474.avif,,{},{},{},{},{},"{""formulaire_contact"": ""Disponible""}",2026-02-01T17:57:40.038930,search,True
4339,4339,Résidence Le Majestic,https://www.mubawab.tn/fr/p/4339/details,Hammamet,,,Hammamet,Résidence,Standard,En cours de construction,,0,Prix à consulter,À consulter,0,0,,0,0,0,"Le Majestic est un projet immobilier exceptionnel situé à Mrezga, Hammamet. Conçu pour répondre aux attentes les plus élevées, Le Majestic o...",Écoles Hôpitaux,Hammam,,Parking; Hammam; Piscine; Spa; Salle de sport,https://www.mubawab-media.com/promotion/4/339F/logo/s/Facebook%20LOGO_79960217.avif; https://www.mubawab-media.com/promotion/4/339F/pictures/h/01_79960211.avif,https://www.mubawab-media.com/promotion/4/339F/pictures/h/01_79960211.avif; https://www.mubawab-media.com/promotion/4/339F/pictures/h/02_79960212.avif; https://www.mubawab-media.com/promotion/4/339F/pictures/h/03_79960213.avif; https://www.mubawab-media.com/promotion/4/339F/pictures/h/04_79960214.avif; https://www.mubawab-media.com/promotion/4/339F/pictures/h/05_79960215.avif; https://www.mubawab-media.com/promotion/4/339F/pictures/h/06_79960216.avif,,,https://www.youtube.com/embed/QXoz3QVNnMA?wmode=opaque&rel=0; https://www.youtube.com/watch?v=QXoz3QVNnMA,False,,https://www.mubawab-media.com/promotion/4/339F/logo/s/Facebook%20LOGO_79960217.avif,,"{""nombre_etages"": ""6""}",{},{},{},{},"{""formulaire_contact"": ""Disponible""}",2026-02-01T17:57:40.038930,search,True
4167,4167,"Résidence EMNA 2, Cité El Ghazela",https://www.mubawab.tn/fr/p/4167/details,Raoued,,Cité el Ghaze,Cité el Ghazela à Raoued,Résidence,Haut standing,En cours de construction,,235000.0,"À partir de 
							235 000 TND",À partir de,0,0,,0,0,0,"Résidence EMNA 2, Cité El Ghazela",Écoles Hôpitaux,,,Parking; Spa,https://www.mubawab-media.com/promotion/4/167F/logo/s/images_79485918.avif; https://www.mubawab-media.com/promotion/4/167F/pictures/h/RENDU03_78846473.avif,https://www.mubawab-media.com/promotion/4/167F/pictures/h/RENDU03_78846473.avif; https://www.mubawab-media.com/promotion/4/167F/pictures/h/RENDU01_78846474.avif; https://www.mubawab-media.com/promotion/4/167F/pictures/h/RENDU02_78846475.avif; https://www.mubawab-media.com/promotion/4/167F/pictures/h/RENDU04_78846476.avif; https://www.mubawab-media.com/promotion/4/167F/pictures/h/RENDU05_78846477.avif; https://www.mubawab-media.com/promotion/4/167F/pictures/h/RENDU06_78846478.avif; https://www.mubawab-media.com/promotion/4/167F/pictures/h/RENDU07_78846479.avif; https://www.mubawab-media.com/promotion/4/167F/pictures/h/RENDU08_78846480.avif; https://www.mubawab-media.com/promotion/4/167F/pictures/h/RENDU09_78846481.avif; https://www.mubawab-media.com/promotion/4/167F/pictures/h/RENDU10_78846482.avif; https://www.mubawab-media.com/promotion/4/167F/pictures/h/RENDU11_78846483.avif; https://www.mubawab-media.com/promotion/4/167F/pictures/h/RENDU12_78846484.avif; https://www.mubawab-media.com/promotion/4/167F/pictures/h/RENDU13_78846485.avif; https://www.mubawab-media.com/promotion/4/167F/pictures/h/RENDU03%20nuit_78846486.avif; https://www.mubawab-media.com/promotion/4/167F/pictures/h/RENDU01nuit_78846487.avif,,,https://www.youtube.com/embed/ACqe8kiGy68?wmode=opaque&rel=0; https://www.youtube.com/watch?v=ACqe8kiGy68,False,,https://www.mubawab-media.com/promotion/4/167F/logo/s/images_79485918.avif,,{},{},{},{},{},"{""formulaire_contact"": ""Disponible""}",2026-02-01T17:57:40.065275,search,True
4102,4102,SKYLINE Jardins de Carthage : Le Lux...,https://www.mubawab.tn/fr/p/4102/details,Carthage,,Jardins de Carthage,Les Jardins de Carthage à Le Kram,Résidence,Haut standing,En cours de construction,,397000.0,"À partir de 
							397 000 TND",À partir de,0,0,,0,0,0,SKYLINE Jardins de Carthage : Le Lux...,Écoles Hôpitaux,Jardin,,Terrasse; Spa; Jardin,https://www.mubawab-media.com/business/10/037F/s/411243593_663974315906437_4637364478165232268_n_76692319.avif,https://www.mubawab-media.com/promotion/4/102F/pictures/h/WhatsApp%20Image%202024-06-26%20at%2013.24.03_77482130.avif; https://www.mubawab-media.com/promotion/4/102F/pictures/h/WhatsApp%20Image%202024-06-26%20at%2013.24.02%20%284%29_77482131.avif; https://www.mubawab-media.com/promotion/4/102F/pictures/h/WhatsApp%20Image%202024-06-26%20at%2013.24.02%20%283%29_77482132.avif; https://www.mubawab-media.com/promotion/4/102F/pictures/h/WhatsApp%20Image%202024-06-26%20at%2013.24.02%20%281%29_77482133.avif; https://www.mubawab-media.com/promotion/4/102F/pictures/h/WhatsApp%20Image%202024-06-26%20at%2013.24.02_77482134.avif; https://www.mubawab-media.com/promotion/4/102F/pictures/h/WhatsApp%20Image%202024-06-26%20at%2013.24.01%20%283%29_77482135.avif; https://www.mubawab-media.com/promotion/4/102F/pictures/h/WhatsApp%20Image%202024-06-26%20at%2013.24.01%20%282%29_77482136.avif; https://www.mubawab-media.com/promotion/4/102F/pictures/h/WhatsApp%20Image%202024-06-26%20at%2013.23.58%20%282%29_77482137.avif; https://www.mubawab-media.com/promotion/4/102F/pictures/h/WhatsApp%20Image%202024-06-26%20at%2013.24.00_77482138.avif; https://www.mubawab-media.com/promotion/4/102F/pictures/h/WhatsApp%20Image%202024-06-26%20at%2013.24.00%20%282%29_77482139.avif; https://www.mubawab-media.com/promotion/4/102F/pictures/h/WhatsApp%20Image%202024-06-26%20at%2013.24.00%20%281%29_77482140.avif; https://www.mubawab-media.com/promotion/4/102F/pictures/h/WhatsApp%20Image%202024-06-26%20at%2013.23.58%20%283%29_77482141.avif; https://www.mubawab-media.com/promotion/4/102F/pictures/h/WhatsApp%20Image%202024-06-26%20at%2013.23.57%20%281%29_77482142.avif; https://www.mubawab-media.com/promotion/4/102F/pictures/h/WhatsApp%20Image%202024-06-26%20at%2013.23.58%20%281%29_77482143.avif; https://www.mubawab-media.com/promotion/4/102F/pictures/h/WhatsApp%20Image%202024-06-26%20at%2013.23.57%20%283%29_77482144.avif; https://www.mubawab-media.com/promotion/4/102F/pictures/h/WhatsApp%20Image%202024-06-26%20at%2013.23.57_77482145.avif; https://www.mubawab-media.com/promotion/4/102F/pictures/h/WhatsApp%20Image%202024-06-26%20at%2013.23.50_77482146.avif; https://www.mubawab-media.com/promotion/4/102F/pictures/h/WhatsApp%20Image%202024-06-26%20at%2013.23.51%20%281%29_77482147.avif; https://www.mubawab-media.com/promotion/4/102F/pictures/h/WhatsApp%20Image%202024-06-26%20at%2013.23.51%20%282%29_77482148.avif; https://www.mubawab-media.com/promotion/4/102F/pictures/h/WhatsApp%20Image%202024-06-26%20at%2013.23.54_77482149.avif,,,,False,,,,{},{},{},{},{},"{""formulaire_contact"": ""Disponible""}",2026-02-01T17:57:40.077158,search,True
3766,3766,Résidence Les Jardins de Monastir,https://www.mubawab.tn/fr/p/3766/details,Monastir,,Cité El Agba,Cité El Agba à Monastir Ville,Résidence,Haut standing,En cours de construction,,0,Prix à consulter,À consulter,0,0,,0,0,0,Résidence Les Jardins de Monastir,Écoles Hôpitaux,Jardin,,Parking; Spa; Jardin; Sécurité,https://www.mubawab-media.com/promotion/3/766F/logo/s/Facebook%20LOGO_79968723.avif; https://www.mubawab-media.com/promotion/3/766F/pictures/h/01_79968717.avif,https://www.mubawab-media.com/promotion/3/766F/pictures/h/01_79968717.avif; https://www.mubawab-media.com/promotion/3/766F/pictures/h/03_79968719.avif; https://www.mubawab-media.com/promotion/3/766F/pictures/h/05_79968721.avif; https://www.mubawab-media.com/promotion/3/766F/pictures/h/02_79968718.avif; https://www.mubawab-media.com/promotion/3/766F/pictures/h/04_79968720.avif; https://www.mubawab-media.com/promotion/3/766F/pictures/h/06_79968722.avif,,,https://www.youtube.com/embed/h9hrfdDjjP4?wmode=opaque&rel=0; https://www.youtube.com/watch?v=h9hrfdDjjP4,False,,https://www.mubawab-media.com/promotion/3/766F/logo/s/Facebook%20LOGO_79968723.avif,,{},{},{},{},{},"{""formulaire_contact"": ""Disponible""}",2026-02-01T17:57:40.086241,search,True
2435,2435,"Zahrat El Medina II , Ezzahra",https://www.mubawab.tn/fr/p/2435/details,Ezzahra,,,Ezzahra,Résidence,Haut standing,Finalisé,,287000.0,"À partir de 
							287 000 TND",À partir de,0,0,,0,0,0,"Découvrez Zahrat El Medina II, votre nouvelle résidence de haut standing à Ezzahra Ville.",Écoles Hôpitaux,,,Climatisation; Parking; Salle de bain; Chauffage; Spa,https://www.mubawab-media.com/promotion/2/435F/logo/s/logo%20l%20immobili%C3%A8re%20de%20l%20avenue%20Groupe%20STB_8034051.avif,https://www.mubawab-media.com/promotion/2/435F/pictures/h/WhatsApp%20Image%202024-06-03%20at%2012.06.29%20%282%29_76256780.avif; https://www.mubawab-media.com/promotion/2/435F/pictures/h/WhatsApp%20Image%202024-06-03%20at%2012.06.29_76256782.avif; https://www.mubawab-media.com/promotion/2/435F/pictures/h/WhatsApp%20Image%202024-06-03%20at%2012.06.29%20%281%29_76256783.avif; https://www.mubawab-media.com/promotion/2/435F/pictures/h/DSC_6854-HDR_21207751.avif; https://www.mubawab-media.com/promotion/2/435F/pictures/h/DSC_6722-HDR_21207770.avif; https://www.mubawab-media.com/promotion/2/435F/pictures/h/DSC_6728-HDR_21207771.avif; https://www.mubawab-media.com/promotion/2/435F/pictures/h/DSC_6740-HDR_21207772.avif; https://www.mubawab-media.com/promotion/2/435F/pictures/h/DSC_6746-HDR_21207773.avif; https://www.mubawab-media.com/promotion/2/435F/pictures/h/DSC_6765-HDR_21207775.avif; https://www.mubawab-media.com/promotion/2/435F/pictures/h/DSC_6768-HDR_21207776.avif; https://www.mubawab-media.com/promotion/2/435F/pictures/h/DSC_6805-HDR_21207777.avif; https://www.mubawab-media.com/promotion/2/435F/pictures/h/DSC_6823-HDR_21207778.avif; https://www.mubawab-media.com/promotion/2/435F/pictures/h/DSC_6827-HDR_21207779.avif; https://www.mubawab-media.com/promotion/2/435F/pictures/h/DSC_6830-HDR_21207780.avif; https://www.mubawab-media.com/promotion/2/435F/pictures/h/DSC_6833-HDR_21207781.avif; https://www.mubawab-media.com/promotion/2/435F/pictures/h/DSC_6836-HDR_21207782.avif; https://www.mubawab-media.com/promotion/2/435F/pictures/h/DSC_6839-HDR_21207783.avif; https://www.mubawab-media.com/promotion/2/435F/pictures/h/DSC_6842-Panorama%20HDR_21207784.avif; https://www.mubawab-media.com/promotion/2/435F/pictures/h/DSC_6857-HDR_21207785.avif,,,,False,,https://www.mubawab-media.com/promotion/2/435F/logo/s/logo%20l%20immobili%C3%A8re%20de%20l%20avenue%20Groupe%20STB_8034051.avif,,{},{},{},{},{},"{""formulaire_contact"": ""Disponible""}",2026-02-01T17:57:40.092823,search,True
4227,4227,Résidence Jinene Zeitouna - Sidi Has...,https://www.mubawab.tn/fr/p/4227/details,Sidi Hassine,,,Sidi Hassine,Résidence,Économique,Finalisé,,106585.0,"À partir de 
							106 585 TND",À partir de,0,0,,0,0,0,Résidence Jinene Zeitouna - Sidi Has...,Écoles Hôpitaux,,,Spa,https://www.mubawab-media.com/promotion/4/227F/logo/s/Logo%20Beb%20El%20Hara_page-0001_79204492.avif; https://www.mubawab-media.com/promotion/4/227F/pictures/h/0A9A8263_79204484.avif,https://www.mubawab-media.com/promotion/4/227F/pictures/h/0A9A8263_79204484.avif; https://www.mubawab-media.com/promotion/4/227F/pictures/h/0A9A8265_79204485.avif; https://www.mubawab-media.com/promotion/4/227F/pictures/h/0A9A8269_79204486.avif; https://www.mubawab-media.com/promotion/4/227F/pictures/h/0A9A8273_79204487.avif; https://www.mubawab-media.com/promotion/4/227F/pictures/h/0A9A8276_79204488.avif; https://www.mubawab-media.com/promotion/4/227F/pictures/h/0A9A8279_79204489.avif; https://www.mubawab-media.com/promotion/4/227F/pictures/h/vue_001_79204490.avif; https://www.mubawab-media.com/promotion/4/227F/pictures/h/vue_002_79204491.avif; https://www.mubawab-media.com/promotion/4/227F/pictures/h/s%2B3%20masse_79204744.avif; https://www.mubawab-media.com/promotion/4/227F/pictures/h/S%2B2%20masse_79204746.avif; https://www.mubawab-media.com/promotion/4/227F/pictures/h/s%2B1%20masse_79204747.avif,,,https://www.youtube.com/embed/qTOg8CvieFU?wmode=opaque&rel=0; https://www.youtube.com/watch?v=qTOg8CvieFU,False,,https://www.mubawab-media.com/promotion/4/227F/logo/s/Logo%20Beb%20El%20Hara_page-0001_79204492.avif,,"{""nombre_appartements"": ""243""}",{},{},{},{},"{""formulaire_contact"": ""Disponible""}",2026-02-01T17:57:40.108806,search,True
4486,4486,Résidence Obelisque à Riadh Landalo...,https://www.mubawab.tn/fr/p/4486/details,Ariana,,Riadh al Andalous,Riadh al Andalous à Ariana Ville,Résidence,Standard,En cours de construction,,406000.0,"À partir de 
							406 000 TND",À partir de,0,0,,0,0,0,Résidence Obelisque à Riadh Landalo...,Écoles Hôpitaux,,,Spa; Sécurité,https://www.mubawab-media.com/assets/common/agency-nologo.jpg,https://www.mubawab-media.com/promotion/4/486F/pictures/h/F1_81114969.avif; https://www.mubawab-media.com/promotion/4/486F/pictures/h/F3_81114970.avif; https://www.mubawab-media.com/promotion/4/486F/pictures/h/F2_81114971.avif; https://www.mubawab-media.com/promotion/4/486F/pictures/h/9_81083611.avif; https://www.mubawab-media.com/promotion/4/486F/pictures/h/15_81083615.avif; https://www.mubawab-media.com/promotion/4/486F/pictures/h/11_81083613.avif; https://www.mubawab-media.com/promotion/4/486F/pictures/h/12_81083614.avif; https://www.mubawab-media.com/promotion/4/486F/pictures/h/10_81083612.avif; https://www.mubawab-media.com/promotion/4/486F/pictures/h/19%20copy_81083617.avif; https://www.mubawab-media.com/promotion/4/486F/pictures/h/20%20copy_81083618.avif; https://www.mubawab-media.com/promotion/4/486F/pictures/h/21%20copy_81083619.avif; https://www.mubawab-media.com/promotion/4/486F/pictures/h/22%20copy_81083620.avif; https://www.mubawab-media.com/promotion/4/486F/pictures/h/23%20copy_81083621.avif; https://www.mubawab-media.com/promotion/4/486F/pictures/h/24%20copy_81083622.avif; https://www.mubawab-media.com/promotion/4/486F/pictures/h/D6-1_81114972.avif; https://www.mubawab-media.com/promotion/4/486F/pictures/h/D6-2_81114973.avif; https://www.mubawab-media.com/promotion/4/486F/pictures/h/D6-3_81114974.avif; https://www.mubawab-media.com/promotion/4/486F/pictures/h/D6-4_81114975.avif; https://www.mubawab-media.com/promotion/4/486F/pictures/h/D6-5_81114976.avif; https://www.mubawab-media.com/promotion/4/486F/pictures/h/D6-7_81114977.avif,,,,False,,https://www.mubawab-media.com/assets/common/agency-nologo.jpg,,"{""nombre_appartements"": ""4""}",{},{},{},{},"{""formulaire_contact"": ""Disponible""}",2026-02-01T17:57:40.112805,search,True
4528,4528,"MY HOUSE 2,LExcellence Immobilière",https://www.mubawab.tn/fr/p/4528/details,,,Chotrana 1,Chotrana 1 à La Soukra,Résidence,Haut standing,En cours de construction,,214950.0,"À partir de 
							214 950 TND",À partir de,0,0,,1,0,0,"MY HOUSE 2,LExcellence Immobilière",Écoles Hôpitaux,,,Isolation; Jardin; Piscine; Chauffage; Spa; Double vitrage; Sécurité,https://www.mubawab-media.com/promotion/4/528F/logo/s/logo%20%20choura_81423428.avif,https://www.mubawab-media.com/promotion/4/528F/pictures/h/WhatsApp%20Image%202025-11-13%20%C3%A0%2011.33.43_41e372a0_81423413.avif; https://www.mubawab-media.com/promotion/4/528F/pictures/h/WhatsApp%20Image%202025-11-13%20%C3%A0%2011.33.43_e154bac4_81423415.avif; https://www.mubawab-media.com/promotion/4/528F/pictures/h/WhatsApp%20Image%202025-11-13%20%C3%A0%2011.33.43_cd29713e_81423414.avif; https://www.mubawab-media.com/promotion/4/528F/pictures/h/WhatsApp%20Image%202025-11-13%20%C3%A0%2011.33.43_1faa8bf4_81423412.avif; https://www.mubawab-media.com/promotion/4/528F/pictures/h/WhatsApp%20Image%202025-11-13%20%C3%A0%2011.35.22_4d6a6bd4_81423416.avif; https://www.mubawab-media.com/promotion/4/528F/pictures/h/WhatsApp%20Image%202025-11-13%20%C3%A0%2011.35.22_ef851dac_81423417.avif; https://www.mubawab-media.com/promotion/4/528F/pictures/h/WhatsApp%20Image%202025-11-13%20%C3%A0%2011.35.22_f5562ff5_81423418.avif; https://www.mubawab-media.com/promotion/4/528F/pictures/h/WhatsApp%20Image%202025-11-13%20%C3%A0%2011.35.23_30d4ac15_81423419.avif; https://www.mubawab-media.com/promotion/4/528F/pictures/h/WhatsApp%20Image%202025-11-13%20%C3%A0%2011.35.23_ac293e6b_81423420.avif; https://www.mubawab-media.com/promotion/4/528F/pictures/h/WhatsApp%20Image%202025-11-13%20%C3%A0%2011.35.23_da35ac86_81423421.avif; https://www.mubawab-media.com/promotion/4/528F/pictures/h/WhatsApp%20Image%202025-11-13%20%C3%A0%2011.35.23_e5bc951b_81423422.avif; https://www.mubawab-media.com/promotion/4/528F/pictures/h/WhatsApp%20Image%202025-11-13%20%C3%A0%2011.35.24_7742b560_81423423.avif; https://www.mubawab-media.com/promotion/4/528F/pictures/h/WhatsApp%20Image%202025-11-13%20%C3%A0%2011.35.24_bfcc0e74_81423424.avif; https://www.mubawab-media.com/promotion/4/528F/pictures/h/WhatsApp%20Image%202025-11-13%20%C3%A0%2011.45.47_17db760c_81423425.avif; https://www.mubawab-media.com/promotion/4/528F/pictures/h/WhatsApp%20Image%202025-11-13%20%C3%A0%2013.32.44_a627aeaa_81423426.avif; https://www.mubawab-media.com/promotion/4/528F/pictures/h/WhatsApp%20Image%202025-11-13%20%C3%A0%2013.32.45_cb95ae2a_81423427.avif,,,,False,,https://www.mubawab-media.com/promotion/4/528F/logo/s/logo%20%20choura_81423428.avif,,{},{},{},{},{},"{""formulaire_contact"": ""Disponible""}",2026-02-01T17:57:40.116805,search,True
3753,3753,Résidence MY HOUSE,https://www.mubawab.tn/fr/p/3753/details,,,Chotrana 1,Chotrana 1 à La Soukra,Résidence,Haut standing,Finalisé,,0,Prix à consulter,À consulter,0,0,,0,0,0,"Immobilière CHOURA met à votre disposition la résidence > située à Chotrana 1La Soukra à proximité de toutes commodités Carrefour Market, Ph...",Écoles Hôpitaux,,,Isolation; Parking; Cuisine équipée; Jardin; Chauffage; Spa; Double vitrage; Sécurité,https://www.mubawab-media.com/promotion/3/753F/logo/s/logo%20%20choura_81409946.avif; https://www.mubawab-media.com/promotion/3/753F/pictures/h/WhatsApp%20Image%202022-11-17%20at%2009.36.04_36353949.avif,https://www.mubawab-media.com/promotion/3/753F/pictures/h/WhatsApp%20Image%202022-11-17%20at%2009.36.04_36353949.avif; https://www.mubawab-media.com/promotion/3/753F/pictures/h/BANQUE%20%281%29_44943652.avif; https://www.mubawab-media.com/promotion/3/753F/pictures/h/WhatsApp%20Image%202022-11-17%20at%2009.36.03_36353950.avif; https://www.mubawab-media.com/promotion/3/753F/pictures/h/WhatsApp%20Image%202022-11-17%20at%2009.38.59%284%29_36353951.avif; https://www.mubawab-media.com/promotion/3/753F/pictures/h/IMG_5657_44752389.avif; https://www.mubawab-media.com/promotion/3/753F/pictures/h/IMG_5656_44752388.avif; https://www.mubawab-media.com/promotion/3/753F/pictures/h/IMG_5668_44752391.avif; https://www.mubawab-media.com/promotion/3/753F/pictures/h/IMG_5708_44752392.avif; https://www.mubawab-media.com/promotion/3/753F/pictures/h/IMG_5710_44752393.avif; https://www.mubawab-media.com/promotion/3/753F/pictures/h/IMG_5711_44752394.avif; https://www.mubawab-media.com/promotion/3/753F/pictures/h/IMG_5590_44752396.avif; https://www.mubawab-media.com/promotion/3/753F/pictures/h/IMG_5592_44752397.avif; https://www.mubawab-media.com/promotion/3/753F/pictures/h/IMG_5599_44752398.avif; https://www.mubawab-media.com/promotion/3/753F/pictures/h/IMG_5635_44752399.avif; https://www.mubawab-media.com/promotion/3/753F/pictures/h/IMG_5636_44752400.avif; https://www.mubawab-media.com/promotion/3/753F/pictures/h/IMG_5640_44752401.avif; https://www.mubawab-media.com/promotion/3/753F/pictures/h/IMG_5641_44752402.avif; https://www.mubawab-media.com/promotion/3/753F/pictures/h/IMG_5643_44752403.avif; https://www.mubawab-media.com/promotion/3/753F/pictures/h/IMG_5630_44752404.avif; https://www.mubawab-media.com/promotion/3/753F/pictures/h/IMG_5644_44752405.avif,,,https://www.youtube.com/embed/ySgo5OoHNOQ?wmode=opaque&rel=0; https://www.youtube.com/watch?v=ySgo5OoHNOQ,False,,https://www.mubawab-media.com/promotion/3/753F/logo/s/logo%20%20choura_81409946.avif,,"{""nombre_appartements"": ""16""}",{},{},{},{},"{""formulaire_contact"": ""Disponible""}",2026-02-01T17:57:40.120190,search,True
4368,4368,Résidence Hbaiba - Riadh El Andalous,https://www.mubawab.tn/fr/p/4368/details,Ariana,,Riadh al Andalous,Riadh al Andalous à Ariana Ville,Résidence,Haut standing,En cours de construction,,190000.0,"À partir de 
							190 000 TND",À partir de,0,0,,0,0,0,Résidence Hbaiba - Riadh El Andalous,Écoles Hôpitaux,,,Parking; Ascenseur; Spa,https://www.mubawab-media.com/promotion/4/368F/logo/s/400959046_122098075868119214_8840866918656639029_n_80093819.avif,https://www.mubawab-media.com/promotion/4/368F/pictures/h/IMAGE%201_page-0001_80093817.avif; https://www.mubawab-media.com/promotion/4/368F/pictures/h/IMAGE%202_page-0001_80093818.avif; https://www.mubawab-media.com/promotion/4/368F/pictures/h/IMAGE%203_page-0001_80093887.avif; https://www.mubawab-media.com/promotion/4/368F/pictures/h/IMG_1463_80093888.avif; https://www.mubawab-media.com/promotion/4/368F/pictures/h/IMG_1462_80093889.avif; https://www.mubawab-media.com/promotion/4/368F/pictures/h/IMG_1458_80093890.avif; https://www.mubawab-media.com/promotion/4/368F/pictures/h/IMG_1460_80093891.avif; https://www.mubawab-media.com/promotion/4/368F/pictures/h/IMG_1470_80093892.avif; https://www.mubawab-media.com/promotion/4/368F/pictures/h/IMG_1352_80093893.avif; https://www.mubawab-media.com/promotion/4/368F/pictures/h/IMG_1349_80093894.avif; https://www.mubawab-media.com/promotion/4/368F/pictures/h/IMG_1410_80093895.avif; https://www.mubawab-media.com/promotion/4/368F/pictures/h/IMG_1350_80093896.avif; https://www.mubawab-media.com/promotion/4/368F/pictures/h/IMG_1430_80093897.avif; https://www.mubawab-media.com/promotion/4/368F/pictures/h/IMG_1439_80093898.avif; https://www.mubawab-media.com/promotion/4/368F/pictures/h/IMG_1429_80093899.avif; https://www.mubawab-media.com/promotion/4/368F/pictures/h/IMG_1377_80093900.avif; https://www.mubawab-media.com/promotion/4/368F/pictures/h/IMG_1347_80093901.avif; https://www.mubawab-media.com/promotion/4/368F/pictures/h/IMG_1384_80093902.avif; https://www.mubawab-media.com/promotion/4/368F/pictures/h/IMG_1416_80093903.avif; https://www.mubawab-media.com/promotion/4/368F/pictures/h/IMG_1346_80093904.avif,,,,False,,https://www.mubawab-media.com/promotion/4/368F/logo/s/400959046_122098075868119214_8840866918656639029_n_80093819.avif,,{},{},{},{},{},"{""formulaire_contact"": ""Disponible""}",2026-02-01T17:57:40.124371,search,True
4562,4562,"Résidence AL JOUD , Sahloul 4",https://www.mubawab.tn/fr/p/4562/details,,,,Sahloul,Résidence,Haut standing,Finalisé,,423000.0,"À partir de 
							423 000 TND",À partir de,0,0,,0,0,0,"Al Joud Immobilière vous propose une résidence haut de gamme au cur de Sahloul 4  Sousse, alliant architecture contemporaine, confort abso...",Écoles Hôpitaux,,,Terrasse; Parking; Isolation; Ascenseur; Spa,https://www.mubawab-media.com/promotion/4/562F/logo/s/465149612_122204991014020140_4290919344966359222_n_81765301.avif,https://www.mubawab-media.com/promotion/4/562F/pictures/h/Copie%20de%201_Artboard%204_81765287.avif; https://www.mubawab-media.com/promotion/4/562F/pictures/h/Copie%20de%20T%C3%A9moin2_Artboard%204_Artboard%204_Artboard%204_81765288.avif; https://www.mubawab-media.com/promotion/4/562F/pictures/h/Copie%20de%209_Artboard%204_81765289.avif; https://www.mubawab-media.com/promotion/4/562F/pictures/h/Copie%20de%2012_Artboard%204_81765290.avif; https://www.mubawab-media.com/promotion/4/562F/pictures/h/Copie%20de%2010_Artboard%204_81765291.avif; https://www.mubawab-media.com/promotion/4/562F/pictures/h/Copie%20de%2011_Artboard%204_81765292.avif; https://www.mubawab-media.com/promotion/4/562F/pictures/h/Copie%20de%2014_Artboard%204_Artboard%204_81765293.avif; https://www.mubawab-media.com/promotion/4/562F/pictures/h/Copie%20de%2013_Artboard%204_81765294.avif; https://www.mubawab-media.com/promotion/4/562F/pictures/h/Copie%20de%202_Artboard%204_81765295.avif; https://www.mubawab-media.com/promotion/4/562F/pictures/h/Copie%20de%2015_Artboard%204_81765296.avif; https://www.mubawab-media.com/promotion/4/562F/pictures/h/Copie%20de%2016_Artboard%204_81765297.avif; https://www.mubawab-media.com/promotion/4/562F/pictures/h/Copie%20de%2017_Artboard%204_81765298.avif; https://www.mubawab-media.com/promotion/4/562F/pictures/h/Copie%20de%2018_Artboard%204_81765299.avif,,,,False,,https://www.mubawab-media.com/promotion/4/562F/logo/s/465149612_122204991014020140_4290919344966359222_n_81765301.avif,,{},{},{},{},{},"{""formulaire_contact"": ""Disponible""}",2026-02-01T17:57:40.128370,search,True
3584,3584,L'Apogée - Route de La Marsa,https://www.mubawab.tn/fr/p/3584/details,Carthage,,Jardins de Carthage,Les Jardins de Carthage à Le Kram,Appartement,Haut standing,Finalisé,,415000.0,"À partir de 
							415 000 TND",À partir de,0,0,,0,0,0,Les Jardins de Carthage à Le Kram,Écoles Hôpitaux,Jardin,,Isolation; Parking; Spa; Jardin,https://www.mubawab-media.com/promotion/3/584F/logo/s/Screenshot_2_19179759.avif; https://www.mubawab-media.com/promotion/3/584F/pictures/h/GENERALE_19136915.avif,https://www.mubawab-media.com/promotion/3/584F/pictures/h/GENERALE_19136915.avif; https://www.mubawab-media.com/promotion/3/584F/pictures/h/Entr%C3%A9e_19136917.avif; https://www.mubawab-media.com/promotion/3/584F/pictures/h/RENDER%20023%20rectif_19136918.avif; https://www.mubawab-media.com/promotion/3/584F/pictures/h/1.%20Salon%201_80961930.avif; https://www.mubawab-media.com/promotion/3/584F/pictures/h/2.%20Salon%202%20-%20Copie_80961931.avif; https://www.mubawab-media.com/promotion/3/584F/pictures/h/2.%20Salon%202_80961932.avif; https://www.mubawab-media.com/promotion/3/584F/pictures/h/3.%20Salon%203_80961933.avif; https://www.mubawab-media.com/promotion/3/584F/pictures/h/4.%20Salon%204_80961934.avif; https://www.mubawab-media.com/promotion/3/584F/pictures/h/5.%20Salon%205_80961935.avif; https://www.mubawab-media.com/promotion/3/584F/pictures/h/6.%20Cuisine%201_80961936.avif; https://www.mubawab-media.com/promotion/3/584F/pictures/h/9.%20Cuisine%204_80961937.avif; https://www.mubawab-media.com/promotion/3/584F/pictures/h/10.%20Cuisine%205_80961938.avif; https://www.mubawab-media.com/promotion/3/584F/pictures/h/11.%20Suite%20Parent%201_80961939.avif; https://www.mubawab-media.com/promotion/3/584F/pictures/h/12.%20Suite%20Parent%202_80961940.avif; https://www.mubawab-media.com/promotion/3/584F/pictures/h/16.%20SDB%20Parent%203_80961941.avif; https://www.mubawab-media.com/promotion/3/584F/pictures/h/17.%20Chambre%20Enf%201_80961942.avif; https://www.mubawab-media.com/promotion/3/584F/pictures/h/18.%20Chambre%20Enf%202_80961943.avif; https://www.mubawab-media.com/promotion/3/584F/pictures/h/19.%20Chambre%20Enf%203_80961944.avif; https://www.mubawab-media.com/promotion/3/584F/pictures/h/20.%20SDB%20Enf%201_80961945.avif; https://www.mubawab-media.com/promotion/3/584F/pictures/h/21.%20SDB%20Enf%202_80961946.avif,,,https://www.youtube.com/embed/share?wmode=opaque&rel=0; https://www.youtube.com/watch?v=share,False,https://www.mubawab-media.com/business/8/525F/s/logo%20bpi%20avec%20slogan%20b_Plan%20de%20travail%201%20copie%203_19442001.avif,https://www.mubawab-media.com/promotion/3/584F/logo/s/Screenshot_2_19179759.avif,,"{""nombre_appartements"": ""60""}",{},{},{},{},"{""formulaire_contact"": ""Disponible""}",2026-02-01T17:57:40.132370,search,True
3885,3885,Luxe et Confort à Villa Verde- Jardi...,https://www.mubawab.tn/fr/p/3885/details,Carthage,,Jardins de Carthage,Les Jardins de Carthage à Le Kram,Résidence,Haut standing,En cours de construction,,0,Prix à consulter,À consulter,0,0,,0,0,0,Luxe et Confort à Villa Verde- Jardi...,Écoles Hôpitaux,Jardin,,Terrasse; Parking; Spa; Jardin,https://www.mubawab-media.com/promotion/3/885F/logo/s/logo_49222504.avif; https://www.mubawab-media.com/promotion/3/885F/pictures/h/1000014198_80970682.avif,https://www.mubawab-media.com/promotion/3/885F/pictures/h/1000014198_80970682.avif; https://www.mubawab-media.com/promotion/3/885F/pictures/h/1000014200_80970683.avif; https://www.mubawab-media.com/promotion/3/885F/pictures/h/1000014199_80970684.avif; https://www.mubawab-media.com/promotion/3/885F/pictures/h/11-1m%20%286%29_77838020.avif; https://www.mubawab-media.com/promotion/3/885F/pictures/h/WhatsApp%20Image%202025-08-07%20at%2010.11.35%20%281%29_80825883.avif; https://www.mubawab-media.com/promotion/3/885F/pictures/h/WhatsApp%20Image%202025-08-07%20at%2010.11.35%20%282%29_80825884.avif; https://www.mubawab-media.com/promotion/3/885F/pictures/h/WhatsApp%20Image%202025-08-07%20at%2010.11.35_80825885.avif; https://www.mubawab-media.com/promotion/3/885F/pictures/h/WhatsApp%20Image%202025-08-07%20at%2010.11.36_80825886.avif; https://www.mubawab-media.com/promotion/3/885F/pictures/h/WhatsApp%20Image%202025-08-07%20at%2010.11.37%20%281%29_80825887.avif; https://www.mubawab-media.com/promotion/3/885F/pictures/h/WhatsApp%20Image%202025-08-07%20at%2010.11.37_80825888.avif; https://www.mubawab-media.com/promotion/3/885F/pictures/h/WhatsApp%20Image%202025-08-07%20at%2010.11.38%20%281%29_80825889.avif; https://www.mubawab-media.com/promotion/3/885F/pictures/h/WhatsApp%20Image%202025-08-07%20at%2010.11.38%20%282%29_80825890.avif; https://www.mubawab-media.com/promotion/3/885F/pictures/h/WhatsApp%20Image%202025-08-07%20at%2010.11.38%20%283%29_80825891.avif; https://www.mubawab-media.com/promotion/3/885F/pictures/h/WhatsApp%20Image%202025-08-07%20at%2010.11.38_80825892.avif; https://www.mubawab-media.com/promotion/3/885F/pictures/h/WhatsApp%20Image%202025-08-07%20at%2010.11.39%20%281%29_80825893.avif; https://www.mubawab-media.com/promotion/3/885F/pictures/h/WhatsApp%20Image%202025-08-07%20at%2010.11.39%20%282%29_80825894.avif; https://www.mubawab-media.com/promotion/3/885F/pictures/h/WhatsApp%20Image%202025-08-07%20at%2010.11.39_80825895.avif,,,https://www.youtube.com/embed/5DVaPCdAAWg?wmode=opaque&rel=0; https://www.youtube.com/watch?v=5DVaPCdAAWg,False,,https://www.mubawab-media.com/promotion/3/885F/logo/s/logo_49222504.avif,,"{""nombre_etages"": ""3"", ""nombre_appartements"": ""16""}",{},{},{},{},"{""formulaire_contact"": ""Disponible""}",2026-02-01T17:57:40.136380,search,True
4174,4174,Résidence Alézia à La Marsa,https://www.mubawab.tn/fr/p/4174/details,La Marsa,,,La Marsa,Résidence,Haut standing,En cours de construction,,890000.0,"À partir de 
							890 000 TND",À partir de,0,0,,0,0,0,"Haut standing, En cours de construction",Écoles Hôpitaux,,,Climatisation; Isolation; Domotique; Piscine; Spa; Double vitrage; Sécurité,https://www.mubawab-media.com/promotion/4/174F/logo/s/418830861_122107898324248380_8844613834657400149_n_78929365.avif; https://www.mubawab-media.com/promotion/4/174F/pictures/h/WhatsApp%20Image%202024-09-16%20%C3%A0%2021.12.56_5783f9e2_78929349.avif,https://www.mubawab-media.com/promotion/4/174F/pictures/h/WhatsApp%20Image%202024-09-16%20%C3%A0%2021.12.56_5783f9e2_78929349.avif; https://www.mubawab-media.com/promotion/4/174F/pictures/h/WhatsApp%20Image%202024-09-16%20%C3%A0%2021.13.11_a08a4fa5_78929363.avif; https://www.mubawab-media.com/promotion/4/174F/pictures/h/WhatsApp%20Image%202024-09-16%20%C3%A0%2021.13.10_402ab0a0_78929356.avif; https://www.mubawab-media.com/promotion/4/174F/pictures/h/WhatsApp%20Image%202024-09-16%20%C3%A0%2021.12.20_007691ed_78929350.avif; https://www.mubawab-media.com/promotion/4/174F/pictures/h/WhatsApp%20Image%202024-09-16%20%C3%A0%2021.13.11_d0cbe7b6_78929364.avif; https://www.mubawab-media.com/promotion/4/174F/pictures/h/WhatsApp%20Image%202024-09-16%20%C3%A0%2021.12.55_725d304a_78929351.avif; https://www.mubawab-media.com/promotion/4/174F/pictures/h/WhatsApp%20Image%202024-09-16%20%C3%A0%2021.13.09_a165ed2f_78929352.avif; https://www.mubawab-media.com/promotion/4/174F/pictures/h/WhatsApp%20Image%202024-09-16%20%C3%A0%2021.13.09_fe6d8eed_78929354.avif; https://www.mubawab-media.com/promotion/4/174F/pictures/h/WhatsApp%20Image%202024-09-16%20%C3%A0%2021.13.10_8c8644f6_78929355.avif; https://www.mubawab-media.com/promotion/4/174F/pictures/h/WhatsApp%20Image%202024-09-16%20%C3%A0%2021.13.11_50f9436b_78929360.avif; https://www.mubawab-media.com/promotion/4/174F/pictures/h/WhatsApp%20Image%202024-09-16%20%C3%A0%2021.13.12_28830943_78929362.avif; https://www.mubawab-media.com/promotion/4/174F/pictures/h/9_78949530.avif; https://www.mubawab-media.com/promotion/4/174F/pictures/h/6_78949531.avif; https://www.mubawab-media.com/promotion/4/174F/pictures/h/5_78949532.avif; https://www.mubawab-media.com/promotion/4/174F/pictures/h/4_78949533.avif; https://www.mubawab-media.com/promotion/4/174F/pictures/h/1%20%282%29_78949534.avif; https://www.mubawab-media.com/promotion/4/174F/pictures/h/pers-Sc%C3%A8ne%207_78949588.avif; https://www.mubawab-media.com/promotion/4/174F/pictures/h/pers-Sc%C3%A8ne%2010_78949589.avif; https://www.mubawab-media.com/promotion/4/174F/pictures/h/pers-Sc%C3%A8ne%205_78949591.avif; https://www.mubawab-media.com/promotion/4/174F/pictures/h/pers-Sc%C3%A8ne%202%20%282%29_78949593.avif,,,https://www.youtube.com/embed/V4i-JXAnxDw?wmode=opaque&rel=0; https://www.youtube.com/watch?v=V4i-JXAnxDw,False,,https://www.mubawab-media.com/promotion/4/174F/logo/s/418830861_122107898324248380_8844613834657400149_n_78929365.avif,,"{""nombre_appartements"": ""11""}",{},{},"{""facilites_paiement"": ""Disponibles""}",{},"{""formulaire_contact"": ""Disponible""}",2026-02-01T17:57:40.136380,search,True
4482,4482,Immeuble en open space haut standing...,https://www.mubawab.tn/fr/p/4482/details,Le Kram,,,Le Kram,Terrain,Haut standing,Finalisé,environ 3000,12000.0,"À partir de 
							12 000 TND",À partir de,4.0,3000.0,3000 m²,0,0,0,Immeuble en open space haut standing...,Écoles Hôpitaux,Spa,,Climatisation; Parking; Ascenseur; Spa,https://www.mubawab-media.com/promotion/4/482F/logo/s/LOGO_81041455.avif; https://www.mubawab-media.com/promotion/4/482F/pictures/h/269559573_768014791267185_1346434061284775594_n_81041438.avif,https://www.mubawab-media.com/promotion/4/482F/pictures/h/269559573_768014791267185_1346434061284775594_n_81041438.avif; https://www.mubawab-media.com/promotion/4/482F/pictures/h/270069239_347024166954485_2113878475360135594_n_81041439.avif; https://www.mubawab-media.com/promotion/4/482F/pictures/h/269011170_228369386152832_492825752021565072_n_81041440.avif; https://www.mubawab-media.com/promotion/4/482F/pictures/h/268780758_1656041074741827_6852324199616891246_n_81041441.avif; https://www.mubawab-media.com/promotion/4/482F/pictures/h/268783195_4170727889694507_6907862406199584793_n_81041442.avif; https://www.mubawab-media.com/promotion/4/482F/pictures/h/269062888_3007952939470023_5861080759060893196_n_81041443.avif; https://www.mubawab-media.com/promotion/4/482F/pictures/h/269748234_953843791916477_5299683464440928519_n_81041444.avif; https://www.mubawab-media.com/promotion/4/482F/pictures/h/270207017_385779779985343_6567417859440349006_n_81041445.avif; https://www.mubawab-media.com/promotion/4/482F/pictures/h/270240163_967330864184399_3876463913861949589_n_81041446.avif; https://www.mubawab-media.com/promotion/4/482F/pictures/h/270240164_2721545638148317_9046072623243076169_n_81041447.avif; https://www.mubawab-media.com/promotion/4/482F/pictures/h/270243714_3150962088467928_7610814474423467728_n_81041448.avif; https://www.mubawab-media.com/promotion/4/482F/pictures/h/270309723_1294288121038866_4664699107598023555_n_81041449.avif; https://www.mubawab-media.com/promotion/4/482F/pictures/h/270744948_489154192799037_6637202348923802160_n_81041450.avif; https://www.mubawab-media.com/promotion/4/482F/pictures/h/271184614_257721976467521_1028284791413709146_n_81041451.avif; https://www.mubawab-media.com/promotion/4/482F/pictures/h/271252620_4056428691126973_7684140538577563445_n_81041452.avif; https://www.mubawab-media.com/promotion/4/482F/pictures/h/271340827_469777257828299_773303524526394501_n_81041453.avif; https://www.mubawab-media.com/promotion/4/482F/pictures/h/271580312_434307448345236_6484310702738274492_n_81041454.avif,,,https://www.youtube.com/embed/ueMsqc_uGts?wmode=opaque&rel=0; https://www.youtube.com/watch?v=ueMsqc_uGts,False,,https://www.mubawab-media.com/promotion/4/482F/logo/s/LOGO_81041455.avif,,{},{},{},{},{},"{""formulaire_contact"": ""Disponible""}",2026-02-01T17:57:40.136380,search,True
4529,4529,"Résidence MAYA  Cité El Manar, Kai...",https://www.mubawab.tn/fr/p/4529/details,Kairouan,,,Kairouan Ville,Résidence,Moyen standing,En cours de construction,,132000.0,"À partir de 
							132 000 TND",À partir de,0,0,,0,0,0,"Résidence MAYA  Cité El Manar, Kai...",Écoles Hôpitaux,,,Parking; Spa; Fibre optique,https://www.mubawab-media.com/promotion/4/529F/logo/s/LOGO%20PROPORTION%20D%27OR_81563669.avif,https://www.mubawab-media.com/promotion/4/529F/pictures/h/1000028419_81456150.avif; https://www.mubawab-media.com/promotion/4/529F/pictures/h/1000028420_81456151.avif; https://www.mubawab-media.com/promotion/4/529F/pictures/h/WhatsApp%20Image%202025-11-20%20%C3%A0%2011.11.25_0c84cc48_81442562.avif; https://www.mubawab-media.com/promotion/4/529F/pictures/h/WhatsApp%20Image%202025-11-20%20%C3%A0%2011.11.24_72a13d7d_81442565.avif; https://www.mubawab-media.com/promotion/4/529F/pictures/h/WhatsApp%20Image%202025-11-25%20%C3%A0%2014.20.12_f37c9e29_81474571.avif; https://www.mubawab-media.com/promotion/4/529F/pictures/h/WhatsApp%20Image%202025-11-25%20%C3%A0%2014.20.11_91af0717_81474572.avif; https://www.mubawab-media.com/promotion/4/529F/pictures/h/WhatsApp%20Image%202025-11-25%20%C3%A0%2014.20.12_a323d8cf_81474573.avif; https://www.mubawab-media.com/promotion/4/529F/pictures/h/WhatsApp%20Image%202025-11-25%20%C3%A0%2014.20.09_7c780ffb_81474574.avif; https://www.mubawab-media.com/promotion/4/529F/pictures/h/WhatsApp%20Image%202025-11-25%20%C3%A0%2014.20.09_5861e623_81474575.avif; https://www.mubawab-media.com/promotion/4/529F/pictures/h/WhatsApp%20Image%202025-11-25%20%C3%A0%2014.20.09_bfb3df10_81474576.avif; https://www.mubawab-media.com/promotion/4/529F/pictures/h/WhatsApp%20Image%202025-11-25%20%C3%A0%2014.20.10_8da30bc2_81474577.avif; https://www.mubawab-media.com/promotion/4/529F/pictures/h/WhatsApp%20Image%202025-11-25%20%C3%A0%2014.20.10_44f3e922_81474578.avif; https://www.mubawab-media.com/promotion/4/529F/pictures/h/WhatsApp%20Image%202025-11-25%20%C3%A0%2014.20.10_abf3e803_81474579.avif; https://www.mubawab-media.com/promotion/4/529F/pictures/h/WhatsApp%20Image%202025-11-25%20%C3%A0%2014.20.10_d2204cea_81474580.avif; https://www.mubawab-media.com/promotion/4/529F/pictures/h/WhatsApp%20Image%202025-11-25%20%C3%A0%2014.20.11_95a6a5eb_81474581.avif; https://www.mubawab-media.com/promotion/4/529F/pictures/h/WhatsApp%20Image%202025-11-25%20%C3%A0%2014.20.11_260b006a_81474582.avif; https://www.mubawab-media.com/promotion/4/529F/pictures/h/WhatsApp%20Image%202025-11-25%20%C3%A0%2014.20.11_aec5cef7_81474583.avif; https://www.mubawab-media.com/promotion/4/529F/pictures/h/WhatsApp%20Image%202025-11-25%20%C3%A0%2014.20.11_f9be8f2c_81474584.avif; https://www.mubawab-media.com/promotion/4/529F/pictures/h/WhatsApp%20Image%202025-11-25%20%C3%A0%2014.20.12_a6e309e1_81474585.avif; https://www.mubawab-media.com/promotion/4/529F/pictures/h/WhatsApp%20Image%202025-11-25%20%C3%A0%2014.20.10_9b6af894_81474586.avif,,,,False,,https://www.mubawab-media.com/promotion/4/529F/logo/s/LOGO%20PROPORTION%20D%27OR_81563669.avif,,{},{},{},{},{},"{""formulaire_contact"": ""Disponible""}",2026-02-01T17:58:47.064076,search,True
4473,4473,"DAR DHIAFA, Résidence Haut Standing...",https://www.mubawab.tn/fr/p/4473/details,,,,Sahloul,Résidence,Haut standing,En cours de construction,,295000.0,"À partir de 
							295 000 TND",À partir de,0,0,,0,0,0,"DAR DHIAFA, Résidence Haut Standing...",Écoles Hôpitaux,,,Climatisation; Parking; Isolation; Domotique; Cuisine équipée; Jardin; Fibre optique; Piscine; Ascenseur; Chauffage; Spa; Double vitrage,https://www.mubawab-media.com/business/11/803F/s/WhatsApp%20Image%202025-08-21%20%C3%A0%2015.35.44_3b5eb3d2_80891946.avif; https://www.mubawab-media.com/promotion/4/473F/pictures/h/VUE%20FACADE%202_page-0001_80883604.avif,https://www.mubawab-media.com/promotion/4/473F/pictures/h/VUE%20FACADE%202_page-0001_80883604.avif; https://www.mubawab-media.com/promotion/4/473F/pictures/h/RECEPTION%2001%20%281%29_80883605.avif; https://www.mubawab-media.com/promotion/4/473F/pictures/h/RECEPTION%2001%20%282%29_80883606.avif; https://www.mubawab-media.com/promotion/4/473F/pictures/h/RECEPTION%2001%20%283%29_80883607.avif; https://www.mubawab-media.com/promotion/4/473F/pictures/h/RECEPTION%2001%20%284%29_80883608.avif; https://www.mubawab-media.com/promotion/4/473F/pictures/h/RECEPTION%2001%20%285%29_80883609.avif; https://www.mubawab-media.com/promotion/4/473F/pictures/h/RECEPTION%2001%20%286%29_80883610.avif; https://www.mubawab-media.com/promotion/4/473F/pictures/h/RECEPTION%2001%20%287%29_80883611.avif; https://www.mubawab-media.com/promotion/4/473F/pictures/h/RECEPTION%2001%20%288%29_80883612.avif,,,https://www.youtube.com/embed/tlv61lFmRKw?wmode=opaque&rel=0; https://www.youtube.com/watch?v=tlv61lFmRKw,False,,,,"{""nombre_appartements"": ""30""}",{},{},{},{},"{""formulaire_contact"": ""Disponible""}",2026-02-01T17:58:47.064076,search,True
4202,4202,Résidence LUXORIA Jardins de Carthag...,https://www.mubawab.tn/fr/p/4202/details,Carthage,,Jardins de Carthage,Les Jardins de Carthage à Le Kram,Résidence,Haut standing,En cours de construction,,0,Prix à consulter,À consulter,0,0,,0,0,0,Résidence LUXORIA Jardins de Carthag...,Écoles Hôpitaux,Jardin,,Ascenseur; Spa; Jardin,https://www.mubawab-media.com/business/10/974F/s/327222937_1136309933735615_2918953262434782525_n_79154716.avif,https://www.mubawab-media.com/promotion/4/202F/pictures/h/WhatsApp-Image-2023-05-02-at-11.12.27_79114624.avif; https://www.mubawab-media.com/promotion/4/202F/pictures/h/finale-7-min_79114625.avif; https://www.mubawab-media.com/promotion/4/202F/pictures/h/finale-8-min_79114626.avif; https://www.mubawab-media.com/promotion/4/202F/pictures/h/finale-9-min_79114627.avif; https://www.mubawab-media.com/promotion/4/202F/pictures/h/IMG_6028_79154974.avif; https://www.mubawab-media.com/promotion/4/202F/pictures/h/IMG_6009_79154975.avif; https://www.mubawab-media.com/promotion/4/202F/pictures/h/IMG_6034_79154976.avif; https://www.mubawab-media.com/promotion/4/202F/pictures/h/IMG_6013_79154977.avif; https://www.mubawab-media.com/promotion/4/202F/pictures/h/IMG_6012_79154978.avif; https://www.mubawab-media.com/promotion/4/202F/pictures/h/IMG_6022_79154979.avif; https://www.mubawab-media.com/promotion/4/202F/pictures/h/IMG_6025_79154980.avif; https://www.mubawab-media.com/promotion/4/202F/pictures/h/IMG_6006_79154981.avif; https://www.mubawab-media.com/promotion/4/202F/pictures/h/IMG_6046_79154982.avif; https://www.mubawab-media.com/promotion/4/202F/pictures/h/IMG_6040_79154983.avif; https://www.mubawab-media.com/promotion/4/202F/pictures/h/IMG_5999_79154984.avif; https://www.mubawab-media.com/promotion/4/202F/pictures/h/IMG_6033_79154985.avif; https://www.mubawab-media.com/promotion/4/202F/pictures/h/IMG_6058_79154986.avif; https://www.mubawab-media.com/promotion/4/202F/pictures/h/IMG_6098_79154987.avif; https://www.mubawab-media.com/promotion/4/202F/pictures/h/IMG_6056_79154988.avif; https://www.mubawab-media.com/promotion/4/202F/pictures/h/IMG_6052_79154989.avif,,,,False,,,,{},{},{},{},{},"{""formulaire_contact"": ""Disponible""}",2026-02-01T17:58:47.085744,search,True
3924,3924,Résidence Les Tulipes à El Mourouj 6,https://www.mubawab.tn/fr/p/3924/details,,,El Mourouj 6,El Mourouj 6 à El Mourouj,Résidence,Haut standing,Finalisé,,280000.0,"À partir de 
							280 000 TND",À partir de,0,0,,0,0,0,Résidence Les Tulipes à El Mourouj 6,Écoles Hôpitaux,,,Terrasse; Parking; Salle de bain; Ascenseur; Chauffage; Spa; Sécurité,https://www.mubawab-media.com/promotion/3/924F/logo/s/logo_57568766.avif; https://www.mubawab-media.com/promotion/3/924F/pictures/h/04_57568750.avif,https://www.mubawab-media.com/promotion/3/924F/pictures/h/04_57568750.avif; https://www.mubawab-media.com/promotion/3/924F/pictures/h/06N_57568761.avif; https://www.mubawab-media.com/promotion/3/924F/pictures/h/05_57568749.avif; https://www.mubawab-media.com/promotion/3/924F/pictures/h/01_57568751.avif; https://www.mubawab-media.com/promotion/3/924F/pictures/h/02_57568752.avif; https://www.mubawab-media.com/promotion/3/924F/pictures/h/02N_57568753.avif; https://www.mubawab-media.com/promotion/3/924F/pictures/h/03_57568755.avif; https://www.mubawab-media.com/promotion/3/924F/pictures/h/03N_57568756.avif; https://www.mubawab-media.com/promotion/3/924F/pictures/h/04N_57568757.avif; https://www.mubawab-media.com/promotion/3/924F/pictures/h/05N_57568759.avif; https://www.mubawab-media.com/promotion/3/924F/pictures/h/06_57568760.avif; https://www.mubawab-media.com/promotion/3/924F/pictures/h/07_57568762.avif; https://www.mubawab-media.com/promotion/3/924F/pictures/h/07N_57568763.avif; https://www.mubawab-media.com/promotion/3/924F/pictures/h/011N_57568764.avif; https://www.mubawab-media.com/promotion/3/924F/pictures/h/A.3.4_page-0001_81423223.avif; https://www.mubawab-media.com/promotion/3/924F/pictures/h/A.6.5_page-0001_81423224.avif; https://www.mubawab-media.com/promotion/3/924F/pictures/h/B.1.4_page-0001_81423225.avif; https://www.mubawab-media.com/promotion/3/924F/pictures/h/B.3.4_page-0001_81423226.avif; https://www.mubawab-media.com/promotion/3/924F/pictures/h/B.5.5_page-0001_81423227.avif,,,https://www.youtube.com/embed/5yaSxzDnJxc?wmode=opaque&rel=0; https://www.youtube.com/watch?v=5yaSxzDnJxc,False,,https://www.mubawab-media.com/promotion/3/924F/logo/s/logo_57568766.avif,,"{""nombre_etages"": ""6"", ""nombre_appartements"": ""94""}",{},{},{},{},"{""formulaire_contact"": ""Disponible""}",2026-02-01T17:58:47.094857,search,True
4554,4554,Résidence Ines Haut standing au cur...,https://www.mubawab.tn/fr/p/4554/details,Manouba,,,La Manouba,Résidence,Haut standing,Finalisé,,0,Prix à consulter,À consulter,0,0,,0,0,0,Résidence Ines Haut standing au cur...,Écoles Hôpitaux,,,Isolation; Parking; Ascenseur; Chauffage; Spa,https://www.mubawab-media.com/promotion/4/554F/logo/s/logo%202%20Hestia%20%20_81678821.avif,https://www.mubawab-media.com/promotion/4/554F/pictures/h/IMAGE-1_81678817.avif; https://www.mubawab-media.com/promotion/4/554F/pictures/h/Emplacement-Projet_1_81678818.avif; https://www.mubawab-media.com/promotion/4/554F/pictures/h/IMAGE-3_81678819.avif; https://www.mubawab-media.com/promotion/4/554F/pictures/h/IMAGE-2_81678820.avif,,,,False,,https://www.mubawab-media.com/promotion/4/554F/logo/s/logo%202%20Hestia%20%20_81678821.avif,,{},{},{},{},{},"{""formulaire_contact"": ""Disponible""}",2026-02-01T17:58:47.103733,search,True
4555,4555,À Vendre Fonds et murs  Ennasr 2,https://www.mubawab.tn/fr/p/4555/details,Ariana,,Cité Ennasr 2,Cité Ennasr 2 à Ariana Ville,Local commercial,Standard,Finalisé,,0,Prix à consulter,À consulter,0,0,,0,0,0,À Vendre Fonds et murs  Ennasr 2,Écoles Hôpitaux,,,Spa,https://www.mubawab-media.com/business/14/384F/s/logo%202%20Hestia%20%20_81694219.avif,https://www.mubawab-media.com/promotion/4/555F/pictures/h/st%201080_81805130.avif; https://www.mubawab-media.com/promotion/4/555F/pictures/h/situation%20New%20Feeling3_81678938.avif; https://www.mubawab-media.com/promotion/4/555F/pictures/h/20200809_174323_81678937.avif; https://www.mubawab-media.com/promotion/4/555F/pictures/h/20200809_175231_81678939.avif; https://www.mubawab-media.com/promotion/4/555F/pictures/h/20200809_175307_81678940.avif; https://www.mubawab-media.com/promotion/4/555F/pictures/h/20200809_174533_81678941.avif; https://www.mubawab-media.com/promotion/4/555F/pictures/h/20200809_174501_81678942.avif; https://www.mubawab-media.com/promotion/4/555F/pictures/h/20200809_174513_81678943.avif; https://www.mubawab-media.com/promotion/4/555F/pictures/h/20200809_174655_81678944.avif; https://www.mubawab-media.com/promotion/4/555F/pictures/h/20200809_174835_81678945.avif; https://www.mubawab-media.com/promotion/4/555F/pictures/h/20200809_174855_81678946.avif; https://www.mubawab-media.com/promotion/4/555F/pictures/h/20200809_175253_81678947.avif; https://www.mubawab-media.com/promotion/4/555F/pictures/h/20200809_175321_81678948.avif,,,,False,,https://www.mubawab-media.com/business/14/384F/s/logo%202%20Hestia%20%20_81694219.avif,,{},{},{},{},{},"{""formulaire_contact"": ""Disponible""}",2026-02-01T17:58:47.104735,search,True
4477,4477,Bureaux & Open Space à louer ou à ve...,https://www.mubawab.tn/fr/p/4477/details,Ariana,,Ariana Essoghra,Ariana Essoghra à Raoued,Bureau,Haut standing,Finalisé,,0,Prix à consulter,À consulter,0,0,,0,0,0,Bureaux & Open Space à louer ou à ve...,Écoles Hôpitaux,Spa,,Spa,https://www.mubawab-media.com/business/13/241F/s/LOGO%20SPI%20%20EL%20%20MAHRAJENE_80930343.avif,https://www.mubawab-media.com/promotion/4/477F/pictures/h/WhatsApp%20Image%202025-08-28%20%C3%A0%2018.05.29_679b0257_80930487.avif; https://www.mubawab-media.com/promotion/4/477F/pictures/h/WhatsApp%20Image%202025-08-28%20%C3%A0%2018.05.29_58e468e4_80930493.avif; https://www.mubawab-media.com/promotion/4/477F/pictures/h/WhatsApp%20Image%202025-08-28%20%C3%A0%2018.03.38_77b828c3_80930492.avif; https://www.mubawab-media.com/promotion/4/477F/pictures/h/WhatsApp%20Image%202025-08-28%20%C3%A0%2018.07.01_117d008e_80930496.avif,,,,False,,https://www.mubawab-media.com/business/13/241F/s/LOGO%20SPI%20%20EL%20%20MAHRAJENE_80930343.avif,,"{""nombre_etages"": ""3""}",{},{},{},{},"{""formulaire_contact"": ""Disponible""}",2026-02-01T17:58:47.104735,search,True
4472,4472,Résidence Lella El-Beya,https://www.mubawab.tn/fr/p/4472/details,Manouba,,,La Manouba,Appartement,Haut standing,Finalisé,,230000.0,"À partir de 
							230 000 TND",À partir de,0,0,,0,0,0,Votre appartement au cur de La Manouba  Résidence Lella El-Beya,Écoles Hôpitaux,,,Parking; Spa,https://www.mubawab-media.com/business/13/185F/s/logo%20el%20mahrajene_80871766.avif,https://www.mubawab-media.com/promotion/4/472F/pictures/h/IMG_9473_80872967.avif; https://www.mubawab-media.com/promotion/4/472F/pictures/h/IMG_9434_80872972.avif; https://www.mubawab-media.com/promotion/4/472F/pictures/h/IMG_9460_80872983.avif; https://www.mubawab-media.com/promotion/4/472F/pictures/h/IMG_9439_80872976.avif; https://www.mubawab-media.com/promotion/4/472F/pictures/h/IMG_9468_80872966.avif; https://www.mubawab-media.com/promotion/4/472F/pictures/h/IMG_9471_80872968.avif; https://www.mubawab-media.com/promotion/4/472F/pictures/h/IMG_9472_80872969.avif; https://www.mubawab-media.com/promotion/4/472F/pictures/h/IMG_9474_80872970.avif; https://www.mubawab-media.com/promotion/4/472F/pictures/h/IMG_9433_80872971.avif; https://www.mubawab-media.com/promotion/4/472F/pictures/h/IMG_9435_80872973.avif; https://www.mubawab-media.com/promotion/4/472F/pictures/h/IMG_9436_80872974.avif; https://www.mubawab-media.com/promotion/4/472F/pictures/h/IMG_9437_80872975.avif; https://www.mubawab-media.com/promotion/4/472F/pictures/h/IMG_9440_80872977.avif; https://www.mubawab-media.com/promotion/4/472F/pictures/h/IMG_9451_80872978.avif; https://www.mubawab-media.com/promotion/4/472F/pictures/h/IMG_9453_80872979.avif; https://www.mubawab-media.com/promotion/4/472F/pictures/h/IMG_9454_80872980.avif; https://www.mubawab-media.com/promotion/4/472F/pictures/h/IMG_9458_80872981.avif; https://www.mubawab-media.com/promotion/4/472F/pictures/h/IMG_9459_80872982.avif,,,,False,,https://www.mubawab-media.com/business/13/185F/s/logo%20el%20mahrajene_80871766.avif,,"{""nombre_appartements"": ""42""}",{},{},{},{},"{""formulaire_contact"": ""Disponible""}",2026-02-01T17:58:47.111593,search,True
4511,4511,Résidence Ben Hammouda à Sahloul 4,https://www.mubawab.tn/fr/p/4511/details,,,,Sahloul,Résidence,Haut standing,Finalisé,,0,Prix à consulter,À consulter,0,0,,0,0,0,Résidence Ben Hammouda à Sahloul 4,Écoles Hôpitaux,,,Climatisation; Ascenseur; Spa; Fibre optique,https://www.mubawab-media.com/promotion/4/511F/logo/s/Capture_81227907.avif; https://www.mubawab-media.com/promotion/4/511F/pictures/h/WhatsApp%20Image%202025-10-14%20%C3%A0%2012.13.12_743329a2_81227891.avif,https://www.mubawab-media.com/promotion/4/511F/pictures/h/WhatsApp%20Image%202025-10-14%20%C3%A0%2012.13.12_743329a2_81227891.avif; https://www.mubawab-media.com/promotion/4/511F/pictures/h/WhatsApp%20Image%202025-10-14%20%C3%A0%2012.48.11_fe21114f_81227892.avif; https://www.mubawab-media.com/promotion/4/511F/pictures/h/484899977_1166649588248658_719385622096755442_n_81227893.avif; https://www.mubawab-media.com/promotion/4/511F/pictures/h/WhatsApp%20Image%202025-10-14%20%C3%A0%2012.13.12_3d820f18_81227894.avif; https://www.mubawab-media.com/promotion/4/511F/pictures/h/WhatsApp%20Image%202025-10-14%20%C3%A0%2012.52.14_2931fba1_81227895.avif; https://www.mubawab-media.com/promotion/4/511F/pictures/h/WhatsApp%20Image%202025-10-14%20%C3%A0%2012.52.15_917181c4_81227896.avif; https://www.mubawab-media.com/promotion/4/511F/pictures/h/484899414_1166649598248657_156678169942594503_n_81227897.avif; https://www.mubawab-media.com/promotion/4/511F/pictures/h/WhatsApp%20Image%202025-10-14%20%C3%A0%2012.13.10_3d011ff7_81227898.avif; https://www.mubawab-media.com/promotion/4/511F/pictures/h/WhatsApp%20Image%202025-10-14%20%C3%A0%2012.13.12_abf7af47_81227899.avif; https://www.mubawab-media.com/promotion/4/511F/pictures/h/WhatsApp%20Image%202025-10-14%20%C3%A0%2012.13.13_1e1cfbec_81227900.avif; https://www.mubawab-media.com/promotion/4/511F/pictures/h/WhatsApp%20Image%202025-10-14%20%C3%A0%2012.52.14_2742b7b7_81227901.avif; https://www.mubawab-media.com/promotion/4/511F/pictures/h/WhatsApp%20Image%202025-10-14%20%C3%A0%2012.52.14_c0eab2c0_81227902.avif; https://www.mubawab-media.com/promotion/4/511F/pictures/h/WhatsApp%20Image%202025-10-14%20%C3%A0%2012.52.15_5d2c1a2a_81227903.avif; https://www.mubawab-media.com/promotion/4/511F/pictures/h/WhatsApp%20Image%202025-10-14%20%C3%A0%2012.13.11_a9689810_81227904.avif; https://www.mubawab-media.com/promotion/4/511F/pictures/h/489853534_1182255043354779_1268053126589427454_n_81227905.avif; https://www.mubawab-media.com/promotion/4/511F/pictures/h/484088802_1167358998177717_8728226234136637961_n_81227906.avif,,,https://www.youtube.com/embed/9kEUvMTqvfc?wmode=opaque&rel=0; https://www.youtube.com/watch?v=9kEUvMTqvfc,False,,https://www.mubawab-media.com/promotion/4/511F/logo/s/Capture_81227907.avif,,{},{},{},{},{},"{""formulaire_contact"": ""Disponible""}",2026-02-01T17:58:47.116468,search,True
4534,4534,Locaux & Bureau à louer à la Marsa,https://www.mubawab.tn/fr/p/4534/details,La Marsa,,,La Marsa,Résidence,Haut standing,Finalisé,,7800.0,"À partir de 
							7 800 TND",À partir de,0,0,,0,0,0,Locaux & Bureau à louer à la Marsa,Écoles Hôpitaux,,,Spa,https://www.mubawab-media.com/assets/common/agency-nologo.jpg,https://www.mubawab-media.com/promotion/4/534F/pictures/h/IMG_6769-Edit_81481871.avif; https://www.mubawab-media.com/promotion/4/534F/pictures/h/IMG_6778_81481869.avif; https://www.mubawab-media.com/promotion/4/534F/pictures/h/IMG_6766_81481870.avif; https://www.mubawab-media.com/promotion/4/534F/pictures/h/IMG_6770_81481872.avif; https://www.mubawab-media.com/promotion/4/534F/pictures/h/IMG_6771_81481873.avif; https://www.mubawab-media.com/promotion/4/534F/pictures/h/IMG_6773_81481874.avif; https://www.mubawab-media.com/promotion/4/534F/pictures/h/IMG_6776_81481875.avif; https://www.mubawab-media.com/promotion/4/534F/pictures/h/IMG_6711_81481964.avif; https://www.mubawab-media.com/promotion/4/534F/pictures/h/IMG_6715_81481965.avif; https://www.mubawab-media.com/promotion/4/534F/pictures/h/IMG_6716_81481966.avif; https://www.mubawab-media.com/promotion/4/534F/pictures/h/IMG_6717_81481967.avif; https://www.mubawab-media.com/promotion/4/534F/pictures/h/IMG_6719_81481968.avif; https://www.mubawab-media.com/promotion/4/534F/pictures/h/IMG_6720_81481969.avif; https://www.mubawab-media.com/promotion/4/534F/pictures/h/IMG_6721-Edit_81481970.avif; https://www.mubawab-media.com/promotion/4/534F/pictures/h/IMG_6722-Edit_81481971.avif; https://www.mubawab-media.com/promotion/4/534F/pictures/h/IMG_6723_81481972.avif; https://www.mubawab-media.com/promotion/4/534F/pictures/h/IMG_6726_81481973.avif; https://www.mubawab-media.com/promotion/4/534F/pictures/h/IMG_6738_81481974.avif; https://www.mubawab-media.com/promotion/4/534F/pictures/h/IMG_6742_81481975.avif,,,,False,,https://www.mubawab-media.com/assets/common/agency-nologo.jpg,,{},{},{},{},{},"{""formulaire_contact"": ""Disponible""}",2026-02-01T17:58:47.116468,search,True
4229,4229,"Résidence les Oliviers, Cité El Ghaz...",https://www.mubawab.tn/fr/p/4229/details,Raoued,,Cité el Ghaze,Cité el Ghazela à Raoued,Résidence,Haut standing,En cours de construction,,247000.0,"À partir de 
							247 000 TND",À partir de,0,0,,0,0,0,"Résidence les Oliviers, Cité El Ghaz...",Écoles Hôpitaux,,,Spa,https://www.mubawab-media.com/promotion/4/229F/logo/s/images_79217800.avif,https://www.mubawab-media.com/promotion/4/229F/pictures/h/IMG_0138_81435638.avif; https://www.mubawab-media.com/promotion/4/229F/pictures/h/IMG_0136_81435640.avif; https://www.mubawab-media.com/promotion/4/229F/pictures/h/Facade_79242690.avif; https://www.mubawab-media.com/promotion/4/229F/pictures/h/3_79217797.avif; https://www.mubawab-media.com/promotion/4/229F/pictures/h/1_79217798.avif; https://www.mubawab-media.com/promotion/4/229F/pictures/h/IMG_0133_81435639.avif; https://www.mubawab-media.com/promotion/4/229F/pictures/h/IMG_0140_81435641.avif; https://www.mubawab-media.com/promotion/4/229F/pictures/h/IMG_0141_81435642.avif; https://www.mubawab-media.com/promotion/4/229F/pictures/h/IMG_0147_81435643.avif; https://www.mubawab-media.com/promotion/4/229F/pictures/h/IMG_0150_81435644.avif; https://www.mubawab-media.com/promotion/4/229F/pictures/h/IMG_0152_81435645.avif; https://www.mubawab-media.com/promotion/4/229F/pictures/h/IMG_0156_81435646.avif; https://www.mubawab-media.com/promotion/4/229F/pictures/h/IMG_0157_81435647.avif; https://www.mubawab-media.com/promotion/4/229F/pictures/h/IMG_0161_81435648.avif; https://www.mubawab-media.com/promotion/4/229F/pictures/h/IMG_0170_81435649.avif,,,,False,,https://www.mubawab-media.com/promotion/4/229F/logo/s/images_79217800.avif,,{},{},{},{},{},"{""formulaire_contact"": ""Disponible""}",2026-02-01T17:58:47.116468,search,True
3742,3742,Résidence Les Cascades_ en plein cu...,https://www.mubawab.tn/fr/p/3742/details,Bizerte,,,Bizerte,Résidence,Haut standing,En cours de construction,,244000.0,"À partir de 
							244 000 TND",À partir de,0,0,,0,0,0,Résidence Les Cascades_ en plein cu...,Écoles Hôpitaux,,,Terrasse; Parking; Jardin; Piscine; Spa,https://www.mubawab-media.com/assets/common/agency-nologo.jpg,https://www.mubawab-media.com/promotion/3/742F/pictures/h/facade2_35283540.avif; https://www.mubawab-media.com/promotion/3/742F/pictures/h/facade1_35283537.avif; https://www.mubawab-media.com/promotion/3/742F/pictures/h/IMG-20221121-WA0001_36263530.avif; https://www.mubawab-media.com/promotion/3/742F/pictures/h/facade3_35283538.avif; https://www.mubawab-media.com/promotion/3/742F/pictures/h/facade4_35283539.avif; https://www.mubawab-media.com/promotion/3/742F/pictures/h/IMG_8912_36175256.avif; https://www.mubawab-media.com/promotion/3/742F/pictures/h/IMG_8932_36175258.avif; https://www.mubawab-media.com/promotion/3/742F/pictures/h/IMG_8910_36175255.avif; https://www.mubawab-media.com/promotion/3/742F/pictures/h/IMG_8902_36175253.avif; https://www.mubawab-media.com/promotion/3/742F/pictures/h/IMG_8900_36175251.avif; https://www.mubawab-media.com/promotion/3/742F/pictures/h/IMG_8903_36175254.avif; https://www.mubawab-media.com/promotion/3/742F/pictures/h/IMG_8929_36175257.avif; https://www.mubawab-media.com/promotion/3/742F/pictures/h/IMG-20221121-WA0000_36263539.avif; https://www.mubawab-media.com/promotion/3/742F/pictures/h/Dossier%20Commercial%20CASCADES_page-0002_35283542.avif; https://www.mubawab-media.com/promotion/3/742F/pictures/h/Dossier%20Commercial%20CASCADES_page-0003_35283543.avif; https://www.mubawab-media.com/promotion/3/742F/pictures/h/Dossier%20Commercial%20CASCADES_page-0004_35283544.avif; https://www.mubawab-media.com/promotion/3/742F/pictures/h/Dossier%20Commercial%20CASCADES_page-0005_35283545.avif; https://www.mubawab-media.com/promotion/3/742F/pictures/h/Dossier%20Commercial%20CASCADES_page-0006_35283546.avif; https://www.mubawab-media.com/promotion/3/742F/pictures/h/Dossier%20Commercial%20CASCADES_page-0007_35283547.avif; https://www.mubawab-media.com/promotion/3/742F/pictures/h/Dossier%20Commercial%20CASCADES_page-0008_35283548.avif,,,,False,,https://www.mubawab-media.com/assets/common/agency-nologo.jpg,,{},{},{},{},{},"{""formulaire_contact"": ""Disponible""}",2026-02-01T17:58:47.129257,search,True
4152,4152,LOTISSEMENTCHAAR RADES (97 LOTS),https://www.mubawab.tn/fr/p/4152/details,Radès,,Radès,Radès à Rades,Terrain,Économique,Finalisé,,0,Prix à consulter,À consulter,0,0,,0,0,0,LOTISSEMENTCHAAR RADES (97 LOTS),Écoles Hôpitaux,,,Spa,https://www.mubawab-media.com/promotion/4/152F/logo/s/Immobili%C3%A8re-Khairi_78671913.avif,https://www.mubawab-media.com/promotion/4/152F/pictures/h/IMMOBILIERE%20KHAIRI%20LOT%20RADES_78671912.avif,,,,False,,https://www.mubawab-media.com/promotion/4/152F/logo/s/Immobili%C3%A8re-Khairi_78671913.avif,,{},{},{},{},{},"{""formulaire_contact"": ""Disponible""}",2026-02-01T17:58:47.130249,search,True
3925,3925,Lotissement  EL BARAKA  à Fouchan...,https://www.mubawab.tn/fr/p/3925/details,,,,Fouchana,Terrain,Haut standing,Finalisé,,0,Prix à consulter,À consulter,0,0,,0,0,0,Lotissement  EL BARAKA  à Fouchan...,Écoles Hôpitaux,,,Spa,https://www.mubawab-media.com/promotion/3/925F/logo/s/logo_57698188.avif,https://www.mubawab-media.com/promotion/3/925F/pictures/h/detail_62569532.avif; https://www.mubawab-media.com/promotion/3/925F/pictures/h/terrain-a-vendre-2_62569533.avif,,,,False,,https://www.mubawab-media.com/promotion/3/925F/logo/s/logo_57698188.avif,,{},{},{},{},{},"{""formulaire_contact"": ""Disponible""}",2026-02-01T17:58:47.130249,search,True
3491,3491,Locaux Commerciaux à La Marsa,https://www.mubawab.tn/fr/p/3491/details,La Marsa,,,La Marsa,Résidence,Haut standing,Finalisé,,0,Prix à consulter,À consulter,0,0,,0,0,0,"La promotion Carlton immobilière vous présente une résidence de très haut standing située en plein cur de la Marsa, à cinq minutes de la pl...",Écoles Hôpitaux,,,Spa,https://www.mubawab-media.com/assets/common/agency-nologo.jpg,https://www.mubawab-media.com/promotion/3/491F/pictures/h/WhatsApp%20Image%202022-06-03%20at%2010.26.57%20%285%29_24895890.avif; https://www.mubawab-media.com/promotion/3/491F/pictures/h/WhatsApp%20Image%202022-06-03%20at%2010.26.57%20%284%29_24895891.avif; https://www.mubawab-media.com/promotion/3/491F/pictures/h/WhatsApp%20Image%202022-06-03%20at%2010.26.57%20%282%29_24895893.avif; https://www.mubawab-media.com/promotion/3/491F/pictures/h/WhatsApp%20Image%202022-06-03%20at%2010.26.59%20-%20Copie_24895879.avif; https://www.mubawab-media.com/promotion/3/491F/pictures/h/WhatsApp%20Image%202022-06-03%20at%2010.26.55%20%286%29_24895907.avif; https://www.mubawab-media.com/promotion/3/491F/pictures/h/WhatsApp%20Image%202022-06-03%20at%2010.26.59_24895881.avif; https://www.mubawab-media.com/promotion/3/491F/pictures/h/WhatsApp%20Image%202022-06-03%20at%2010.26.55%20%287%29_24895906.avif; https://www.mubawab-media.com/promotion/3/491F/pictures/h/WhatsApp%20Image%202022-06-03%20at%2010.26.58%20%284%29_24895883.avif; https://www.mubawab-media.com/promotion/3/491F/pictures/h/WhatsApp%20Image%202022-06-03%20at%2010.26.58%20%282%29_24895886.avif; https://www.mubawab-media.com/promotion/3/491F/pictures/h/WhatsApp%20Image%202022-06-03%20at%2010.26.58%20%283%29_24895885.avif; https://www.mubawab-media.com/promotion/3/491F/pictures/h/WhatsApp%20Image%202022-06-03%20at%2010.26.55%20%288%29_24895905.avif; https://www.mubawab-media.com/promotion/3/491F/pictures/h/WhatsApp%20Image%202022-06-03%20at%2010.26.56%20%281%29_24895902.avif; https://www.mubawab-media.com/promotion/3/491F/pictures/h/WhatsApp%20Image%202022-06-03%20at%2010.26.56%20%287%29_24895896.avif; https://www.mubawab-media.com/promotion/3/491F/pictures/h/WhatsApp%20Image%202022-06-03%20at%2010.26.56%20%284%29_24895899.avif; https://www.mubawab-media.com/promotion/3/491F/pictures/h/WhatsApp%20Image%202022-06-03%20at%2010.26.56%20%283%29_24895900.avif; https://www.mubawab-media.com/promotion/3/491F/pictures/h/WhatsApp%20Image%202022-06-03%20at%2010.26.55%20%285%29_24895908.avif; https://www.mubawab-media.com/promotion/3/491F/pictures/h/WhatsApp%20Image%202022-06-03%20at%2010.26.56%20%282%29_24895901.avif; https://www.mubawab-media.com/promotion/3/491F/pictures/h/WhatsApp%20Image%202022-06-03%20at%2010.26.56_24895903.avif; https://www.mubawab-media.com/promotion/3/491F/pictures/h/WhatsApp%20Image%202022-06-03%20at%2010.26.57%20%281%29_24895894.avif; https://www.mubawab-media.com/promotion/3/491F/pictures/h/WhatsApp%20Image%202022-06-03%20at%2010.26.57%20%283%29_24895892.avif,,,,False,,https://www.mubawab-media.com/assets/common/agency-nologo.jpg,,{},{},{},{},{},"{""formulaire_contact"": ""Disponible""}",2026-02-01T17:58:47.130249,search,True
3892,3892,Lotissement JABOUZA à la Soukra,https://www.mubawab.tn/fr/p/3892/details,,,,La Soukra,Terrain,Haut standing,Finalisé,,0,Prix à consulter,À consulter,0,0,,0,0,0,Lotissement JABOUZA à la Soukra,Écoles Hôpitaux,,,Spa,https://www.mubawab-media.com/assets/common/agency-nologo.jpg,https://www.mubawab-media.com/promotion/3/892F/pictures/h/affiche%20jabbouza_page-0001_75938648.avif,,,,False,,https://www.mubawab-media.com/assets/common/agency-nologo.jpg,,{},{},{},{},{},"{""formulaire_contact"": ""Disponible""}",2026-02-01T17:58:47.130249,search,True
